token,layer,device,route_d2h_host_wait_ms,native_call_wall_ms,source_wait_ms,fill_wait_ms,h2d_ms,decode_ms,expert_compute_ms,native_output_sync_wait_ms,shared_expert_ms,combine_ms,orchestration_ms,handoff_ms,provenance
0,0,0,0.050979,1620.932744,,1024.360960,,3.051653,192.495818,40.768036,,31.306577,,,route_d2h_host_wait_ms=HOST_WALL;native_call_wall_ms=HOST_WALL;source_wait_ms=UNKNOWN;fill_wait_ms=HOST_WALL;h2d_ms=UNKNOWN;decode_ms=HOST_WALL;expert_compute_ms=HOST_WALL;native_output_sync_wait_ms=HOST_WALL;shared_expert_ms=UNKNOWN;combine_ms=HOST_WALL;orchestration_ms=UNKNOWN;handoff_ms=UNKNOWN
0,1,0,0.056814,2323.166181,,2127.405711,,0.365402,1.864164,55.731172,,0.222401,,,route_d2h_host_wait_ms=HOST_WALL;native_call_wall_ms=HOST_WALL;source_wait_ms=UNKNOWN;fill_wait_ms=HOST_WALL;h2d_ms=UNKNOWN;decode_ms=HOST_WALL;expert_compute_ms=HOST_WALL;native_output_sync_wait_ms=HOST_WALL;shared_expert_ms=UNKNOWN;combine_ms=HOST_WALL;orchestration_ms=UNKNOWN;handoff_ms=UNKNOWN
0,2,0,0.033437,1904.644992,,1749.388463,,0.355742,2.156224,48.629688,,0.187719,,,route_d2h_host_wait_ms=HOST_WALL;native_call_wall_ms=HOST_WALL;source_wait_ms=UNKNOWN;fill_wait_ms=HOST_WALL;h2d_ms=UNKNOWN;decode_ms=HOST_WALL;expert_compute_ms=HOST_WALL;native_output_sync_wait_ms=HOST_WALL;shared_expert_ms=UNKNOWN;combine_ms=HOST_WALL;orchestration_ms=UNKNOWN;handoff_ms=UNKNOWN
0,3,0,0.056915,1496.246212,,1371.597040,,0.309014,1.936360,38.849856,,0.225283,,,route_d2h_host_wait_ms=HOST_WALL;native_call_wall_ms=HOST_WALL;source_wait_ms=UNKNOWN;fill_wait_ms=HOST_WALL;h2d_ms=UNKNOWN;decode_ms=HOST_WALL;expert_compute_ms=HOST_WALL;native_output_sync_wait_ms=HOST_WALL;shared_expert_ms=UNKNOWN;combine_ms=HOST_WALL;orchestration_ms=UNKNOWN;handoff_ms=UNKNOWN
0,4,0,0.027642,1216.292372,,1108.286623,,0.257546,1.504679,34.263104,,0.190884,,,route_d2h_host_wait_ms=HOST_WALL;native_call_wall_ms=HOST_WALL;source_wait_ms=UNKNOWN;fill_wait_ms=HOST_WALL;h2d_ms=UNKNOWN;decode_ms=HOST_WALL;expert_compute_ms=HOST_WALL;native_output_sync_wait_ms=HOST_WALL;shared_expert_ms=UNKNOWN;combine_ms=HOST_WALL;orchestration_ms=UNKNOWN;handoff_ms=UNKNOWN
0,5,0,0.027540,1440.176231,,1319.564118,,0.235259,1.446506,38.970733,,0.225908,,,route_d2h_host_wait_ms=HOST_WALL;native_call_wall_ms=HOST_WALL;source_wait_ms=UNKNOWN;fill_wait_ms=HOST_WALL;h2d_ms=UNKNOWN;decode_ms=HOST_WALL;expert_compute_ms=HOST_WALL;native_output_sync_wait_ms=HOST_WALL;shared_expert_ms=UNKNOWN;combine_ms=HOST_WALL;orchestration_ms=UNKNOWN;handoff_ms=UNKNOWN
0,6,0,0.025594,1531.138807,,1415.496633,,0.259201,1.373797,37.158296,,0.212150,,,route_d2h_host_wait_ms=HOST_WALL;native_call_wall_ms=HOST_WALL;source_wait_ms=UNKNOWN;fill_wait_ms=HOST_WALL;h2d_ms=UNKNOWN;decode_ms=HOST_WALL;expert_compute_ms=HOST_WALL;native_output_sync_wait_ms=HOST_WALL;shared_expert_ms=UNKNOWN;combine_ms=HOST_WALL;orchestration_ms=UNKNOWN;handoff_ms=UNKNOWN
0,7,0,0.027270,1764.088501,,1630.500106,,0.308683,1.626807,42.454035,,0.237294,,,route_d2h_host_wait_ms=HOST_WALL;native_call_wall_ms=HOST_WALL;source_wait_ms=UNKNOWN;fill_wait_ms=HOST_WALL;h2d_ms=UNKNOWN;decode_ms=HOST_WALL;expert_compute_ms=HOST_WALL;native_output_sync_wait_ms=HOST_WALL;shared_expert_ms=UNKNOWN;combine_ms=HOST_WALL;orchestration_ms=UNKNOWN;handoff_ms=UNKNOWN
0,8,0,0.031391,1486.270021,,1366.870219,,0.297945,1.638815,36.702990,,0.220143,,,route_d2h_host_wait_ms=HOST_WALL;native_call_wall_ms=HOST_WALL;source_wait_ms=UNKNOWN;fill_wait_ms=HOST_WALL;h2d_ms=UNKNOWN;decode_ms=HOST_WALL;expert_compute_ms=HOST_WALL;native_output_sync_wait_ms=HOST_WALL;shared_expert_ms=UNKNOWN;combine_ms=HOST_WALL;orchestration_ms=UNKNOWN;handoff_ms=UNKNOWN
0,9,0,0.033946,1667.374343,,1533.842277,,0.307487,1.656470,40.593124,,0.214735,,,route_d2h_host_wait_ms=HOST_WALL;native_call_wall_ms=HOST_WALL;source_wait_ms=UNKNOWN;fill_wait_ms=HOST_WALL;h2d_ms=UNKNOWN;decode_ms=HOST_WALL;expert_compute_ms=HOST_WALL;native_output_sync_wait_ms=HOST_WALL;shared_expert_ms=UNKNOWN;combine_ms=HOST_WALL;orchestration_ms=UNKNOWN;handoff_ms=UNKNOWN
0,10,0,0.028575,1426.240596,,1316.620425,,0.214691,1.282480,34.515411,,0.298015,,,route_d2h_host_wait_ms=HOST_WALL;native_call_wall_ms=HOST_WALL;source_wait_ms=UNKNOWN;fill_wait_ms=HOST_WALL;h2d_ms=UNKNOWN;decode_ms=HOST_WALL;expert_compute_ms=HOST_WALL;native_output_sync_wait_ms=HOST_WALL;shared_expert_ms=UNKNOWN;combine_ms=HOST_WALL;orchestration_ms=UNKNOWN;handoff_ms=UNKNOWN
0,11,0,0.025844,1490.928398,,1368.771884,,0.261539,1.548851,38.369785,,0.200070,,,route_d2h_host_wait_ms=HOST_WALL;native_call_wall_ms=HOST_WALL;source_wait_ms=UNKNOWN;fill_wait_ms=HOST_WALL;h2d_ms=UNKNOWN;decode_ms=HOST_WALL;expert_compute_ms=HOST_WALL;native_output_sync_wait_ms=HOST_WALL;shared_expert_ms=UNKNOWN;combine_ms=HOST_WALL;orchestration_ms=UNKNOWN;handoff_ms=UNKNOWN
0,12,0,0.027634,1509.216369,,1381.353426,,0.267333,1.513067,39.657622,,0.229174,,,route_d2h_host_wait_ms=HOST_WALL;native_call_wall_ms=HOST_WALL;source_wait_ms=UNKNOWN;fill_wait_ms=HOST_WALL;h2d_ms=UNKNOWN;decode_ms=HOST_WALL;expert_compute_ms=HOST_WALL;native_output_sync_wait_ms=HOST_WALL;shared_expert_ms=UNKNOWN;combine_ms=HOST_WALL;orchestration_ms=UNKNOWN;handoff_ms=UNKNOWN
0,13,0,0.023851,1475.696847,,1361.844115,,0.226905,1.422345,35.857131,,0.194187,,,route_d2h_host_wait_ms=HOST_WALL;native_call_wall_ms=HOST_WALL;source_wait_ms=UNKNOWN;fill_wait_ms=HOST_WALL;h2d_ms=UNKNOWN;decode_ms=HOST_WALL;expert_compute_ms=HOST_WALL;native_output_sync_wait_ms=HOST_WALL;shared_expert_ms=UNKNOWN;combine_ms=HOST_WALL;orchestration_ms=UNKNOWN;handoff_ms=UNKNOWN
0,14,0,0.026813,1370.383735,,1262.510985,,0.305355,2.014423,31.874684,,0.211934,,,route_d2h_host_wait_ms=HOST_WALL;native_call_wall_ms=HOST_WALL;source_wait_ms=UNKNOWN;fill_wait_ms=HOST_WALL;h2d_ms=UNKNOWN;decode_ms=HOST_WALL;expert_compute_ms=HOST_WALL;native_output_sync_wait_ms=HOST_WALL;shared_expert_ms=UNKNOWN;combine_ms=HOST_WALL;orchestration_ms=UNKNOWN;handoff_ms=UNKNOWN
0,15,0,0.025471,1709.410645,,1580.451075,,0.264632,1.719290,40.935971,,0.200259,,,route_d2h_host_wait_ms=HOST_WALL;native_call_wall_ms=HOST_WALL;source_wait_ms=UNKNOWN;fill_wait_ms=HOST_WALL;h2d_ms=UNKNOWN;decode_ms=HOST_WALL;expert_compute_ms=HOST_WALL;native_output_sync_wait_ms=HOST_WALL;shared_expert_ms=UNKNOWN;combine_ms=HOST_WALL;orchestration_ms=UNKNOWN;handoff_ms=UNKNOWN
0,16,0,0.025318,1382.507321,,1269.699862,,0.222958,1.529782,35.862799,,0.208147,,,route_d2h_host_wait_ms=HOST_WALL;native_call_wall_ms=HOST_WALL;source_wait_ms=UNKNOWN;fill_wait_ms=HOST_WALL;h2d_ms=UNKNOWN;decode_ms=HOST_WALL;expert_compute_ms=HOST_WALL;native_output_sync_wait_ms=HOST_WALL;shared_expert_ms=UNKNOWN;combine_ms=HOST_WALL;orchestration_ms=UNKNOWN;handoff_ms=UNKNOWN
0,17,0,0.029078,1255.042431,,1158.483315,,0.196078,1.453510,30.322628,,0.237751,,,route_d2h_host_wait_ms=HOST_WALL;native_call_wall_ms=HOST_WALL;source_wait_ms=UNKNOWN;fill_wait_ms=HOST_WALL;h2d_ms=UNKNOWN;decode_ms=HOST_WALL;expert_compute_ms=HOST_WALL;native_output_sync_wait_ms=HOST_WALL;shared_expert_ms=UNKNOWN;combine_ms=HOST_WALL;orchestration_ms=UNKNOWN;handoff_ms=UNKNOWN
0,18,0,0.025979,1424.389089,,1316.203177,,0.241381,1.586075,34.219820,,0.236979,,,route_d2h_host_wait_ms=HOST_WALL;native_call_wall_ms=HOST_WALL;source_wait_ms=UNKNOWN;fill_wait_ms=HOST_WALL;h2d_ms=UNKNOWN;decode_ms=HOST_WALL;expert_compute_ms=HOST_WALL;native_output_sync_wait_ms=HOST_WALL;shared_expert_ms=UNKNOWN;combine_ms=HOST_WALL;orchestration_ms=UNKNOWN;handoff_ms=UNKNOWN
0,19,0,0.026422,1732.500445,,1584.045360,,0.280059,1.761317,43.604789,,0.258445,,,route_d2h_host_wait_ms=HOST_WALL;native_call_wall_ms=HOST_WALL;source_wait_ms=UNKNOWN;fill_wait_ms=HOST_WALL;h2d_ms=UNKNOWN;decode_ms=HOST_WALL;expert_compute_ms=HOST_WALL;native_output_sync_wait_ms=HOST_WALL;shared_expert_ms=UNKNOWN;combine_ms=HOST_WALL;orchestration_ms=UNKNOWN;handoff_ms=UNKNOWN
0,20,0,0.027034,1493.514612,,1379.710011,,0.241961,1.586807,34.257290,,0.193751,,,route_d2h_host_wait_ms=HOST_WALL;native_call_wall_ms=HOST_WALL;source_wait_ms=UNKNOWN;fill_wait_ms=HOST_WALL;h2d_ms=UNKNOWN;decode_ms=HOST_WALL;expert_compute_ms=HOST_WALL;native_output_sync_wait_ms=HOST_WALL;shared_expert_ms=UNKNOWN;combine_ms=HOST_WALL;orchestration_ms=UNKNOWN;handoff_ms=UNKNOWN
0,21,0,0.029741,1549.686541,,1433.482967,,0.247878,1.719558,36.557933,,0.203344,,,route_d2h_host_wait_ms=HOST_WALL;native_call_wall_ms=HOST_WALL;source_wait_ms=UNKNOWN;fill_wait_ms=HOST_WALL;h2d_ms=UNKNOWN;decode_ms=HOST_WALL;expert_compute_ms=HOST_WALL;native_output_sync_wait_ms=HOST_WALL;shared_expert_ms=UNKNOWN;combine_ms=HOST_WALL;orchestration_ms=UNKNOWN;handoff_ms=UNKNOWN
0,22,1,0.031443,1675.862236,,1373.508950,,1.509986,10.056446,33.009975,,1.691991,,,route_d2h_host_wait_ms=HOST_WALL;native_call_wall_ms=HOST_WALL;source_wait_ms=UNKNOWN;fill_wait_ms=HOST_WALL;h2d_ms=UNKNOWN;decode_ms=HOST_WALL;expert_compute_ms=HOST_WALL;native_output_sync_wait_ms=HOST_WALL;shared_expert_ms=UNKNOWN;combine_ms=HOST_WALL;orchestration_ms=UNKNOWN;handoff_ms=UNKNOWN
0,23,1,0.028576,1616.864379,,1483.631176,,0.274263,1.861969,38.043018,,0.196288,,,route_d2h_host_wait_ms=HOST_WALL;native_call_wall_ms=HOST_WALL;source_wait_ms=UNKNOWN;fill_wait_ms=HOST_WALL;h2d_ms=UNKNOWN;decode_ms=HOST_WALL;expert_compute_ms=HOST_WALL;native_output_sync_wait_ms=HOST_WALL;shared_expert_ms=UNKNOWN;combine_ms=HOST_WALL;orchestration_ms=UNKNOWN;handoff_ms=UNKNOWN
0,24,1,0.031274,1493.105190,,1381.390116,,0.239351,1.528378,35.500864,,0.201235,,,route_d2h_host_wait_ms=HOST_WALL;native_call_wall_ms=HOST_WALL;source_wait_ms=UNKNOWN;fill_wait_ms=HOST_WALL;h2d_ms=UNKNOWN;decode_ms=HOST_WALL;expert_compute_ms=HOST_WALL;native_output_sync_wait_ms=HOST_WALL;shared_expert_ms=UNKNOWN;combine_ms=HOST_WALL;orchestration_ms=UNKNOWN;handoff_ms=UNKNOWN
0,25,1,0.029901,1379.116331,,1276.041998,,0.235604,1.500959,32.989170,,0.195589,,,route_d2h_host_wait_ms=HOST_WALL;native_call_wall_ms=HOST_WALL;source_wait_ms=UNKNOWN;fill_wait_ms=HOST_WALL;h2d_ms=UNKNOWN;decode_ms=HOST_WALL;expert_compute_ms=HOST_WALL;native_output_sync_wait_ms=HOST_WALL;shared_expert_ms=UNKNOWN;combine_ms=HOST_WALL;orchestration_ms=UNKNOWN;handoff_ms=UNKNOWN
0,26,1,0.029579,1666.758339,,1533.262357,,0.363988,2.337002,38.585319,,0.209855,,,route_d2h_host_wait_ms=HOST_WALL;native_call_wall_ms=HOST_WALL;source_wait_ms=UNKNOWN;fill_wait_ms=HOST_WALL;h2d_ms=UNKNOWN;decode_ms=HOST_WALL;expert_compute_ms=HOST_WALL;native_output_sync_wait_ms=HOST_WALL;shared_expert_ms=UNKNOWN;combine_ms=HOST_WALL;orchestration_ms=UNKNOWN;handoff_ms=UNKNOWN
0,27,1,0.028894,1675.572534,,1539.860838,,0.301941,1.818614,40.626202,,0.230318,,,route_d2h_host_wait_ms=HOST_WALL;native_call_wall_ms=HOST_WALL;source_wait_ms=UNKNOWN;fill_wait_ms=HOST_WALL;h2d_ms=UNKNOWN;decode_ms=HOST_WALL;expert_compute_ms=HOST_WALL;native_output_sync_wait_ms=HOST_WALL;shared_expert_ms=UNKNOWN;combine_ms=HOST_WALL;orchestration_ms=UNKNOWN;handoff_ms=UNKNOWN
0,28,1,0.029092,1785.287275,,1645.362135,,0.335769,2.107511,41.600729,,0.214674,,,route_d2h_host_wait_ms=HOST_WALL;native_call_wall_ms=HOST_WALL;source_wait_ms=UNKNOWN;fill_wait_ms=HOST_WALL;h2d_ms=UNKNOWN;decode_ms=HOST_WALL;expert_compute_ms=HOST_WALL;native_output_sync_wait_ms=HOST_WALL;shared_expert_ms=UNKNOWN;combine_ms=HOST_WALL;orchestration_ms=UNKNOWN;handoff_ms=UNKNOWN
0,29,1,0.032089,1912.415487,,1757.051780,,0.338128,2.082379,44.420714,,0.197544,,,route_d2h_host_wait_ms=HOST_WALL;native_call_wall_ms=HOST_WALL;source_wait_ms=UNKNOWN;fill_wait_ms=HOST_WALL;h2d_ms=UNKNOWN;decode_ms=HOST_WALL;expert_compute_ms=HOST_WALL;native_output_sync_wait_ms=HOST_WALL;shared_expert_ms=UNKNOWN;combine_ms=HOST_WALL;orchestration_ms=UNKNOWN;handoff_ms=UNKNOWN
0,30,1,0.027552,1542.595262,,1426.951979,,0.260128,1.688214,36.534230,,0.357671,,,route_d2h_host_wait_ms=HOST_WALL;native_call_wall_ms=HOST_WALL;source_wait_ms=UNKNOWN;fill_wait_ms=HOST_WALL;h2d_ms=UNKNOWN;decode_ms=HOST_WALL;expert_compute_ms=HOST_WALL;native_output_sync_wait_ms=HOST_WALL;shared_expert_ms=UNKNOWN;combine_ms=HOST_WALL;orchestration_ms=UNKNOWN;handoff_ms=UNKNOWN
0,31,1,0.028979,1612.643487,,1489.350079,,0.280683,1.765449,37.999163,,0.229783,,,route_d2h_host_wait_ms=HOST_WALL;native_call_wall_ms=HOST_WALL;source_wait_ms=UNKNOWN;fill_wait_ms=HOST_WALL;h2d_ms=UNKNOWN;decode_ms=HOST_WALL;expert_compute_ms=HOST_WALL;native_output_sync_wait_ms=HOST_WALL;shared_expert_ms=UNKNOWN;combine_ms=HOST_WALL;orchestration_ms=UNKNOWN;handoff_ms=UNKNOWN
0,32,1,0.028185,1373.614413,,1269.387152,,0.221442,1.455420,32.930839,,0.237458,,,route_d2h_host_wait_ms=HOST_WALL;native_call_wall_ms=HOST_WALL;source_wait_ms=UNKNOWN;fill_wait_ms=HOST_WALL;h2d_ms=UNKNOWN;decode_ms=HOST_WALL;expert_compute_ms=HOST_WALL;native_output_sync_wait_ms=HOST_WALL;shared_expert_ms=UNKNOWN;combine_ms=HOST_WALL;orchestration_ms=UNKNOWN;handoff_ms=UNKNOWN
0,33,1,0.029296,1597.932521,,1476.436978,,0.315591,2.380346,37.146764,,0.203872,,,route_d2h_host_wait_ms=HOST_WALL;native_call_wall_ms=HOST_WALL;source_wait_ms=UNKNOWN;fill_wait_ms=HOST_WALL;h2d_ms=UNKNOWN;decode_ms=HOST_WALL;expert_compute_ms=HOST_WALL;native_output_sync_wait_ms=HOST_WALL;shared_expert_ms=UNKNOWN;combine_ms=HOST_WALL;orchestration_ms=UNKNOWN;handoff_ms=UNKNOWN
0,34,1,0.029379,1598.417195,,1476.431007,,0.302902,1.675267,38.120521,,0.221055,,,route_d2h_host_wait_ms=HOST_WALL;native_call_wall_ms=HOST_WALL;source_wait_ms=UNKNOWN;fill_wait_ms=HOST_WALL;h2d_ms=UNKNOWN;decode_ms=HOST_WALL;expert_compute_ms=HOST_WALL;native_output_sync_wait_ms=HOST_WALL;shared_expert_ms=UNKNOWN;combine_ms=HOST_WALL;orchestration_ms=UNKNOWN;handoff_ms=UNKNOWN
0,35,1,0.028640,1891.321747,,1747.575158,,0.359333,2.152559,44.322361,,0.248778,,,route_d2h_host_wait_ms=HOST_WALL;native_call_wall_ms=HOST_WALL;source_wait_ms=UNKNOWN;fill_wait_ms=HOST_WALL;h2d_ms=UNKNOWN;decode_ms=HOST_WALL;expert_compute_ms=HOST_WALL;native_output_sync_wait_ms=HOST_WALL;shared_expert_ms=UNKNOWN;combine_ms=HOST_WALL;orchestration_ms=UNKNOWN;handoff_ms=UNKNOWN
0,36,1,0.032125,1308.978022,,1208.670460,,0.244906,1.514139,30.814215,,0.206130,,,route_d2h_host_wait_ms=HOST_WALL;native_call_wall_ms=HOST_WALL;source_wait_ms=UNKNOWN;fill_wait_ms=HOST_WALL;h2d_ms=UNKNOWN;decode_ms=HOST_WALL;expert_compute_ms=HOST_WALL;native_output_sync_wait_ms=HOST_WALL;shared_expert_ms=UNKNOWN;combine_ms=HOST_WALL;orchestration_ms=UNKNOWN;handoff_ms=UNKNOWN
0,37,1,0.029845,1543.044106,,1425.584851,,0.290085,1.780048,36.409973,,0.203887,,,route_d2h_host_wait_ms=HOST_WALL;native_call_wall_ms=HOST_WALL;source_wait_ms=UNKNOWN;fill_wait_ms=HOST_WALL;h2d_ms=UNKNOWN;decode_ms=HOST_WALL;expert_compute_ms=HOST_WALL;native_output_sync_wait_ms=HOST_WALL;shared_expert_ms=UNKNOWN;combine_ms=HOST_WALL;orchestration_ms=UNKNOWN;handoff_ms=UNKNOWN
0,38,1,0.030181,1554.069223,,1416.286593,,0.284137,1.782465,43.552123,,0.198190,,,route_d2h_host_wait_ms=HOST_WALL;native_call_wall_ms=HOST_WALL;source_wait_ms=UNKNOWN;fill_wait_ms=HOST_WALL;h2d_ms=UNKNOWN;decode_ms=HOST_WALL;expert_compute_ms=HOST_WALL;native_output_sync_wait_ms=HOST_WALL;shared_expert_ms=UNKNOWN;combine_ms=HOST_WALL;orchestration_ms=UNKNOWN;handoff_ms=UNKNOWN
0,39,1,0.026277,1767.734880,,1635.246471,,0.323130,1.931153,41.907526,,0.241837,,,route_d2h_host_wait_ms=HOST_WALL;native_call_wall_ms=HOST_WALL;source_wait_ms=UNKNOWN;fill_wait_ms=HOST_WALL;h2d_ms=UNKNOWN;decode_ms=HOST_WALL;expert_compute_ms=HOST_WALL;native_output_sync_wait_ms=HOST_WALL;shared_expert_ms=UNKNOWN;combine_ms=HOST_WALL;orchestration_ms=UNKNOWN;handoff_ms=UNKNOWN
0,40,1,0.027413,1535.898046,,1418.014447,,0.279066,1.834974,36.604493,,0.224240,,,route_d2h_host_wait_ms=HOST_WALL;native_call_wall_ms=HOST_WALL;source_wait_ms=UNKNOWN;fill_wait_ms=HOST_WALL;h2d_ms=UNKNOWN;decode_ms=HOST_WALL;expert_compute_ms=HOST_WALL;native_output_sync_wait_ms=HOST_WALL;shared_expert_ms=UNKNOWN;combine_ms=HOST_WALL;orchestration_ms=UNKNOWN;handoff_ms=UNKNOWN
0,41,1,0.029747,1674.531465,,1544.457830,,0.297964,1.942648,40.529633,,0.202496,,,route_d2h_host_wait_ms=HOST_WALL;native_call_wall_ms=HOST_WALL;source_wait_ms=UNKNOWN;fill_wait_ms=HOST_WALL;h2d_ms=UNKNOWN;decode_ms=HOST_WALL;expert_compute_ms=HOST_WALL;native_output_sync_wait_ms=HOST_WALL;shared_expert_ms=UNKNOWN;combine_ms=HOST_WALL;orchestration_ms=UNKNOWN;handoff_ms=UNKNOWN
0,42,1,0.039795,1786.091725,,1650.533197,,0.312095,1.884451,39.449264,,0.215460,,,route_d2h_host_wait_ms=HOST_WALL;native_call_wall_ms=HOST_WALL;source_wait_ms=UNKNOWN;fill_wait_ms=HOST_WALL;h2d_ms=UNKNOWN;decode_ms=HOST_WALL;expert_compute_ms=HOST_WALL;native_output_sync_wait_ms=HOST_WALL;shared_expert_ms=UNKNOWN;combine_ms=HOST_WALL;orchestration_ms=UNKNOWN;handoff_ms=UNKNOWN
7,0,0,0.035270,262.093266,,237.676039,,0.060677,0.373132,8.055933,,0.189080,,,route_d2h_host_wait_ms=HOST_WALL;native_call_wall_ms=HOST_WALL;source_wait_ms=UNKNOWN;fill_wait_ms=HOST_WALL;h2d_ms=UNKNOWN;decode_ms=HOST_WALL;expert_compute_ms=HOST_WALL;native_output_sync_wait_ms=HOST_WALL;shared_expert_ms=UNKNOWN;combine_ms=HOST_WALL;orchestration_ms=UNKNOWN;handoff_ms=UNKNOWN
7,1,0,0.028441,329.393360,,303.017210,,0.063800,0.364361,8.042814,,0.204102,,,route_d2h_host_wait_ms=HOST_WALL;native_call_wall_ms=HOST_WALL;source_wait_ms=UNKNOWN;fill_wait_ms=HOST_WALL;h2d_ms=UNKNOWN;decode_ms=HOST_WALL;expert_compute_ms=HOST_WALL;native_output_sync_wait_ms=HOST_WALL;shared_expert_ms=UNKNOWN;combine_ms=HOST_WALL;orchestration_ms=UNKNOWN;handoff_ms=UNKNOWN
7,2,0,0.030531,323.029015,,296.402214,,0.063140,0.415987,7.992012,,0.189363,,,route_d2h_host_wait_ms=HOST_WALL;native_call_wall_ms=HOST_WALL;source_wait_ms=UNKNOWN;fill_wait_ms=HOST_WALL;h2d_ms=UNKNOWN;decode_ms=HOST_WALL;expert_compute_ms=HOST_WALL;native_output_sync_wait_ms=HOST_WALL;shared_expert_ms=UNKNOWN;combine_ms=HOST_WALL;orchestration_ms=UNKNOWN;handoff_ms=UNKNOWN
7,3,0,0.026974,165.577315,,141.285811,,0.077313,0.442290,7.859266,,0.412083,,,route_d2h_host_wait_ms=HOST_WALL;native_call_wall_ms=HOST_WALL;source_wait_ms=UNKNOWN;fill_wait_ms=HOST_WALL;h2d_ms=UNKNOWN;decode_ms=HOST_WALL;expert_compute_ms=HOST_WALL;native_output_sync_wait_ms=HOST_WALL;shared_expert_ms=UNKNOWN;combine_ms=HOST_WALL;orchestration_ms=UNKNOWN;handoff_ms=UNKNOWN
7,4,0,0.034243,195.648976,,171.644026,,0.066119,0.384542,8.021297,,0.201935,,,route_d2h_host_wait_ms=HOST_WALL;native_call_wall_ms=HOST_WALL;source_wait_ms=UNKNOWN;fill_wait_ms=HOST_WALL;h2d_ms=UNKNOWN;decode_ms=HOST_WALL;expert_compute_ms=HOST_WALL;native_output_sync_wait_ms=HOST_WALL;shared_expert_ms=UNKNOWN;combine_ms=HOST_WALL;orchestration_ms=UNKNOWN;handoff_ms=UNKNOWN
7,5,0,0.027920,239.745348,,215.688932,,0.060309,0.368570,8.057006,,0.199324,,,route_d2h_host_wait_ms=HOST_WALL;native_call_wall_ms=HOST_WALL;source_wait_ms=UNKNOWN;fill_wait_ms=HOST_WALL;h2d_ms=UNKNOWN;decode_ms=HOST_WALL;expert_compute_ms=HOST_WALL;native_output_sync_wait_ms=HOST_WALL;shared_expert_ms=UNKNOWN;combine_ms=HOST_WALL;orchestration_ms=UNKNOWN;handoff_ms=UNKNOWN
7,6,0,0.026828,22.416345,,0.040264,,0.056192,0.351028,8.045207,,0.177420,,,route_d2h_host_wait_ms=HOST_WALL;native_call_wall_ms=HOST_WALL;source_wait_ms=UNKNOWN;fill_wait_ms=HOST_WALL;h2d_ms=UNKNOWN;decode_ms=HOST_WALL;expert_compute_ms=HOST_WALL;native_output_sync_wait_ms=HOST_WALL;shared_expert_ms=UNKNOWN;combine_ms=HOST_WALL;orchestration_ms=UNKNOWN;handoff_ms=UNKNOWN
7,7,0,0.027724,130.865212,,110.248782,,0.062584,0.359904,8.033373,,0.209799,,,route_d2h_host_wait_ms=HOST_WALL;native_call_wall_ms=HOST_WALL;source_wait_ms=UNKNOWN;fill_wait_ms=HOST_WALL;h2d_ms=UNKNOWN;decode_ms=HOST_WALL;expert_compute_ms=HOST_WALL;native_output_sync_wait_ms=HOST_WALL;shared_expert_ms=UNKNOWN;combine_ms=HOST_WALL;orchestration_ms=UNKNOWN;handoff_ms=UNKNOWN
7,8,0,0.028273,104.911558,,83.503727,,0.060680,0.387134,7.998037,,0.240711,,,route_d2h_host_wait_ms=HOST_WALL;native_call_wall_ms=HOST_WALL;source_wait_ms=UNKNOWN;fill_wait_ms=HOST_WALL;h2d_ms=UNKNOWN;decode_ms=HOST_WALL;expert_compute_ms=HOST_WALL;native_output_sync_wait_ms=HOST_WALL;shared_expert_ms=UNKNOWN;combine_ms=HOST_WALL;orchestration_ms=UNKNOWN;handoff_ms=UNKNOWN
7,9,0,0.028822,260.738208,,234.304324,,0.062245,0.387338,8.017029,,0.195892,,,route_d2h_host_wait_ms=HOST_WALL;native_call_wall_ms=HOST_WALL;source_wait_ms=UNKNOWN;fill_wait_ms=HOST_WALL;h2d_ms=UNKNOWN;decode_ms=HOST_WALL;expert_compute_ms=HOST_WALL;native_output_sync_wait_ms=HOST_WALL;shared_expert_ms=UNKNOWN;combine_ms=HOST_WALL;orchestration_ms=UNKNOWN;handoff_ms=UNKNOWN
7,10,0,0.030530,94.891151,,73.877598,,0.059946,0.384956,8.036908,,0.205898,,,route_d2h_host_wait_ms=HOST_WALL;native_call_wall_ms=HOST_WALL;source_wait_ms=UNKNOWN;fill_wait_ms=HOST_WALL;h2d_ms=UNKNOWN;decode_ms=HOST_WALL;expert_compute_ms=HOST_WALL;native_output_sync_wait_ms=HOST_WALL;shared_expert_ms=UNKNOWN;combine_ms=HOST_WALL;orchestration_ms=UNKNOWN;handoff_ms=UNKNOWN
7,11,0,0.029480,148.004565,,123.947403,,0.066026,0.412786,7.966740,,0.214211,,,route_d2h_host_wait_ms=HOST_WALL;native_call_wall_ms=HOST_WALL;source_wait_ms=UNKNOWN;fill_wait_ms=HOST_WALL;h2d_ms=UNKNOWN;decode_ms=HOST_WALL;expert_compute_ms=HOST_WALL;native_output_sync_wait_ms=HOST_WALL;shared_expert_ms=UNKNOWN;combine_ms=HOST_WALL;orchestration_ms=UNKNOWN;handoff_ms=UNKNOWN
7,12,0,0.030016,65.517856,,41.435145,,0.065391,0.414013,7.987793,,0.203440,,,route_d2h_host_wait_ms=HOST_WALL;native_call_wall_ms=HOST_WALL;source_wait_ms=UNKNOWN;fill_wait_ms=HOST_WALL;h2d_ms=UNKNOWN;decode_ms=HOST_WALL;expert_compute_ms=HOST_WALL;native_output_sync_wait_ms=HOST_WALL;shared_expert_ms=UNKNOWN;combine_ms=HOST_WALL;orchestration_ms=UNKNOWN;handoff_ms=UNKNOWN
7,13,0,0.030950,64.223604,,43.132075,,0.081279,0.379942,7.984578,,0.182723,,,route_d2h_host_wait_ms=HOST_WALL;native_call_wall_ms=HOST_WALL;source_wait_ms=UNKNOWN;fill_wait_ms=HOST_WALL;h2d_ms=UNKNOWN;decode_ms=HOST_WALL;expert_compute_ms=HOST_WALL;native_output_sync_wait_ms=HOST_WALL;shared_expert_ms=UNKNOWN;combine_ms=HOST_WALL;orchestration_ms=UNKNOWN;handoff_ms=UNKNOWN
7,14,0,0.031550,84.767057,,64.358807,,0.059152,0.345025,8.086059,,0.218638,,,route_d2h_host_wait_ms=HOST_WALL;native_call_wall_ms=HOST_WALL;source_wait_ms=UNKNOWN;fill_wait_ms=HOST_WALL;h2d_ms=UNKNOWN;decode_ms=HOST_WALL;expert_compute_ms=HOST_WALL;native_output_sync_wait_ms=HOST_WALL;shared_expert_ms=UNKNOWN;combine_ms=HOST_WALL;orchestration_ms=UNKNOWN;handoff_ms=UNKNOWN
7,15,0,0.025808,142.735155,,119.203718,,0.060506,0.366426,8.042367,,0.189204,,,route_d2h_host_wait_ms=HOST_WALL;native_call_wall_ms=HOST_WALL;source_wait_ms=UNKNOWN;fill_wait_ms=HOST_WALL;h2d_ms=UNKNOWN;decode_ms=HOST_WALL;expert_compute_ms=HOST_WALL;native_output_sync_wait_ms=HOST_WALL;shared_expert_ms=UNKNOWN;combine_ms=HOST_WALL;orchestration_ms=UNKNOWN;handoff_ms=UNKNOWN
7,16,0,0.031257,137.479468,,113.376617,,0.066580,0.379937,7.944463,,0.192608,,,route_d2h_host_wait_ms=HOST_WALL;native_call_wall_ms=HOST_WALL;source_wait_ms=UNKNOWN;fill_wait_ms=HOST_WALL;h2d_ms=UNKNOWN;decode_ms=HOST_WALL;expert_compute_ms=HOST_WALL;native_output_sync_wait_ms=HOST_WALL;shared_expert_ms=UNKNOWN;combine_ms=HOST_WALL;orchestration_ms=UNKNOWN;handoff_ms=UNKNOWN
7,17,0,0.054313,92.274936,,67.425174,,0.064194,0.440016,7.963586,,0.188440,,,route_d2h_host_wait_ms=HOST_WALL;native_call_wall_ms=HOST_WALL;source_wait_ms=UNKNOWN;fill_wait_ms=HOST_WALL;h2d_ms=UNKNOWN;decode_ms=HOST_WALL;expert_compute_ms=HOST_WALL;native_output_sync_wait_ms=HOST_WALL;shared_expert_ms=UNKNOWN;combine_ms=HOST_WALL;orchestration_ms=UNKNOWN;handoff_ms=UNKNOWN
7,18,0,0.045077,94.531610,,70.273772,,0.065306,0.415408,7.976969,,0.195115,,,route_d2h_host_wait_ms=HOST_WALL;native_call_wall_ms=HOST_WALL;source_wait_ms=UNKNOWN;fill_wait_ms=HOST_WALL;h2d_ms=UNKNOWN;decode_ms=HOST_WALL;expert_compute_ms=HOST_WALL;native_output_sync_wait_ms=HOST_WALL;shared_expert_ms=UNKNOWN;combine_ms=HOST_WALL;orchestration_ms=UNKNOWN;handoff_ms=UNKNOWN
7,19,0,0.029677,206.205401,,179.745238,,0.059605,0.351940,8.056043,,0.197284,,,route_d2h_host_wait_ms=HOST_WALL;native_call_wall_ms=HOST_WALL;source_wait_ms=UNKNOWN;fill_wait_ms=HOST_WALL;h2d_ms=UNKNOWN;decode_ms=HOST_WALL;expert_compute_ms=HOST_WALL;native_output_sync_wait_ms=HOST_WALL;shared_expert_ms=UNKNOWN;combine_ms=HOST_WALL;orchestration_ms=UNKNOWN;handoff_ms=UNKNOWN
7,20,0,0.030077,204.822915,,180.987344,,0.063809,0.371178,8.102431,,0.216187,,,route_d2h_host_wait_ms=HOST_WALL;native_call_wall_ms=HOST_WALL;source_wait_ms=UNKNOWN;fill_wait_ms=HOST_WALL;h2d_ms=UNKNOWN;decode_ms=HOST_WALL;expert_compute_ms=HOST_WALL;native_output_sync_wait_ms=HOST_WALL;shared_expert_ms=UNKNOWN;combine_ms=HOST_WALL;orchestration_ms=UNKNOWN;handoff_ms=UNKNOWN
7,21,0,0.024860,109.913502,,92.099784,,0.065581,0.384500,7.982541,,0.196545,,,route_d2h_host_wait_ms=HOST_WALL;native_call_wall_ms=HOST_WALL;source_wait_ms=UNKNOWN;fill_wait_ms=HOST_WALL;h2d_ms=UNKNOWN;decode_ms=HOST_WALL;expert_compute_ms=HOST_WALL;native_output_sync_wait_ms=HOST_WALL;shared_expert_ms=UNKNOWN;combine_ms=HOST_WALL;orchestration_ms=UNKNOWN;handoff_ms=UNKNOWN
7,22,1,0.025255,102.910863,,75.485388,,0.074429,0.362157,8.010161,,0.209106,,,route_d2h_host_wait_ms=HOST_WALL;native_call_wall_ms=HOST_WALL;source_wait_ms=UNKNOWN;fill_wait_ms=HOST_WALL;h2d_ms=UNKNOWN;decode_ms=HOST_WALL;expert_compute_ms=HOST_WALL;native_output_sync_wait_ms=HOST_WALL;shared_expert_ms=UNKNOWN;combine_ms=HOST_WALL;orchestration_ms=UNKNOWN;handoff_ms=UNKNOWN
7,23,1,0.026584,99.640516,,78.470730,,0.115308,0.375547,8.025429,,0.201609,,,route_d2h_host_wait_ms=HOST_WALL;native_call_wall_ms=HOST_WALL;source_wait_ms=UNKNOWN;fill_wait_ms=HOST_WALL;h2d_ms=UNKNOWN;decode_ms=HOST_WALL;expert_compute_ms=HOST_WALL;native_output_sync_wait_ms=HOST_WALL;shared_expert_ms=UNKNOWN;combine_ms=HOST_WALL;orchestration_ms=UNKNOWN;handoff_ms=UNKNOWN
7,24,1,0.029800,66.296169,,41.831660,,0.066199,0.422913,7.952497,,0.197239,,,route_d2h_host_wait_ms=HOST_WALL;native_call_wall_ms=HOST_WALL;source_wait_ms=UNKNOWN;fill_wait_ms=HOST_WALL;h2d_ms=UNKNOWN;decode_ms=HOST_WALL;expert_compute_ms=HOST_WALL;native_output_sync_wait_ms=HOST_WALL;shared_expert_ms=UNKNOWN;combine_ms=HOST_WALL;orchestration_ms=UNKNOWN;handoff_ms=UNKNOWN
7,25,1,0.027749,64.406681,,40.478599,,0.082534,0.373075,7.904285,,0.197093,,,route_d2h_host_wait_ms=HOST_WALL;native_call_wall_ms=HOST_WALL;source_wait_ms=UNKNOWN;fill_wait_ms=HOST_WALL;h2d_ms=UNKNOWN;decode_ms=HOST_WALL;expert_compute_ms=HOST_WALL;native_output_sync_wait_ms=HOST_WALL;shared_expert_ms=UNKNOWN;combine_ms=HOST_WALL;orchestration_ms=UNKNOWN;handoff_ms=UNKNOWN
7,26,1,0.028422,17.584773,,0.040396,,0.067688,0.341863,8.043437,,0.170673,,,route_d2h_host_wait_ms=HOST_WALL;native_call_wall_ms=HOST_WALL;source_wait_ms=UNKNOWN;fill_wait_ms=HOST_WALL;h2d_ms=UNKNOWN;decode_ms=HOST_WALL;expert_compute_ms=HOST_WALL;native_output_sync_wait_ms=HOST_WALL;shared_expert_ms=UNKNOWN;combine_ms=HOST_WALL;orchestration_ms=UNKNOWN;handoff_ms=UNKNOWN
7,27,1,0.039986,57.435818,,39.855185,,0.063452,0.405142,8.008089,,0.205034,,,route_d2h_host_wait_ms=HOST_WALL;native_call_wall_ms=HOST_WALL;source_wait_ms=UNKNOWN;fill_wait_ms=HOST_WALL;h2d_ms=UNKNOWN;decode_ms=HOST_WALL;expert_compute_ms=HOST_WALL;native_output_sync_wait_ms=HOST_WALL;shared_expert_ms=UNKNOWN;combine_ms=HOST_WALL;orchestration_ms=UNKNOWN;handoff_ms=UNKNOWN
7,28,1,0.048700,64.254000,,40.914879,,0.064293,0.398033,7.976223,,0.204085,,,route_d2h_host_wait_ms=HOST_WALL;native_call_wall_ms=HOST_WALL;source_wait_ms=UNKNOWN;fill_wait_ms=HOST_WALL;h2d_ms=UNKNOWN;decode_ms=HOST_WALL;expert_compute_ms=HOST_WALL;native_output_sync_wait_ms=HOST_WALL;shared_expert_ms=UNKNOWN;combine_ms=HOST_WALL;orchestration_ms=UNKNOWN;handoff_ms=UNKNOWN
7,29,1,0.029731,17.685136,,0.038826,,0.059727,0.324775,8.113374,,0.207058,,,route_d2h_host_wait_ms=HOST_WALL;native_call_wall_ms=HOST_WALL;source_wait_ms=UNKNOWN;fill_wait_ms=HOST_WALL;h2d_ms=UNKNOWN;decode_ms=HOST_WALL;expert_compute_ms=HOST_WALL;native_output_sync_wait_ms=HOST_WALL;shared_expert_ms=UNKNOWN;combine_ms=HOST_WALL;orchestration_ms=UNKNOWN;handoff_ms=UNKNOWN
7,30,1,0.026946,105.352535,,84.793061,,0.063073,0.367305,8.042049,,0.196942,,,route_d2h_host_wait_ms=HOST_WALL;native_call_wall_ms=HOST_WALL;source_wait_ms=UNKNOWN;fill_wait_ms=HOST_WALL;h2d_ms=UNKNOWN;decode_ms=HOST_WALL;expert_compute_ms=HOST_WALL;native_output_sync_wait_ms=HOST_WALL;shared_expert_ms=UNKNOWN;combine_ms=HOST_WALL;orchestration_ms=UNKNOWN;handoff_ms=UNKNOWN
7,31,1,0.032277,133.583878,,107.325628,,0.076325,0.361268,8.047590,,0.193783,,,route_d2h_host_wait_ms=HOST_WALL;native_call_wall_ms=HOST_WALL;source_wait_ms=UNKNOWN;fill_wait_ms=HOST_WALL;h2d_ms=UNKNOWN;decode_ms=HOST_WALL;expert_compute_ms=HOST_WALL;native_output_sync_wait_ms=HOST_WALL;shared_expert_ms=UNKNOWN;combine_ms=HOST_WALL;orchestration_ms=UNKNOWN;handoff_ms=UNKNOWN
7,32,1,0.027844,61.300789,,40.400275,,0.065808,0.364259,7.989974,,0.199701,,,route_d2h_host_wait_ms=HOST_WALL;native_call_wall_ms=HOST_WALL;source_wait_ms=UNKNOWN;fill_wait_ms=HOST_WALL;h2d_ms=UNKNOWN;decode_ms=HOST_WALL;expert_compute_ms=HOST_WALL;native_output_sync_wait_ms=HOST_WALL;shared_expert_ms=UNKNOWN;combine_ms=HOST_WALL;orchestration_ms=UNKNOWN;handoff_ms=UNKNOWN
7,33,1,0.030026,62.096366,,41.485566,,0.067909,0.385761,7.987793,,0.186872,,,route_d2h_host_wait_ms=HOST_WALL;native_call_wall_ms=HOST_WALL;source_wait_ms=UNKNOWN;fill_wait_ms=HOST_WALL;h2d_ms=UNKNOWN;decode_ms=HOST_WALL;expert_compute_ms=HOST_WALL;native_output_sync_wait_ms=HOST_WALL;shared_expert_ms=UNKNOWN;combine_ms=HOST_WALL;orchestration_ms=UNKNOWN;handoff_ms=UNKNOWN
7,34,1,0.027382,57.078858,,39.688040,,0.091819,0.405810,7.981436,,0.179415,,,route_d2h_host_wait_ms=HOST_WALL;native_call_wall_ms=HOST_WALL;source_wait_ms=UNKNOWN;fill_wait_ms=HOST_WALL;h2d_ms=UNKNOWN;decode_ms=HOST_WALL;expert_compute_ms=HOST_WALL;native_output_sync_wait_ms=HOST_WALL;shared_expert_ms=UNKNOWN;combine_ms=HOST_WALL;orchestration_ms=UNKNOWN;handoff_ms=UNKNOWN
7,35,1,0.030038,219.593608,,196.464974,,0.067469,0.386343,8.017536,,0.195752,,,route_d2h_host_wait_ms=HOST_WALL;native_call_wall_ms=HOST_WALL;source_wait_ms=UNKNOWN;fill_wait_ms=HOST_WALL;h2d_ms=UNKNOWN;decode_ms=HOST_WALL;expert_compute_ms=HOST_WALL;native_output_sync_wait_ms=HOST_WALL;shared_expert_ms=UNKNOWN;combine_ms=HOST_WALL;orchestration_ms=UNKNOWN;handoff_ms=UNKNOWN
7,36,1,0.048555,53.395784,,39.072799,,0.060964,0.353408,8.118383,,0.175903,,,route_d2h_host_wait_ms=HOST_WALL;native_call_wall_ms=HOST_WALL;source_wait_ms=UNKNOWN;fill_wait_ms=HOST_WALL;h2d_ms=UNKNOWN;decode_ms=HOST_WALL;expert_compute_ms=HOST_WALL;native_output_sync_wait_ms=HOST_WALL;shared_expert_ms=UNKNOWN;combine_ms=HOST_WALL;orchestration_ms=UNKNOWN;handoff_ms=UNKNOWN
7,37,1,0.027398,182.831747,,159.517662,,0.067134,0.447390,7.981631,,0.226442,,,route_d2h_host_wait_ms=HOST_WALL;native_call_wall_ms=HOST_WALL;source_wait_ms=UNKNOWN;fill_wait_ms=HOST_WALL;h2d_ms=UNKNOWN;decode_ms=HOST_WALL;expert_compute_ms=HOST_WALL;native_output_sync_wait_ms=HOST_WALL;shared_expert_ms=UNKNOWN;combine_ms=HOST_WALL;orchestration_ms=UNKNOWN;handoff_ms=UNKNOWN
7,38,1,0.028079,11.614290,,0.042430,,0.062017,0.350695,8.073937,,0.160625,,,route_d2h_host_wait_ms=HOST_WALL;native_call_wall_ms=HOST_WALL;source_wait_ms=UNKNOWN;fill_wait_ms=HOST_WALL;h2d_ms=UNKNOWN;decode_ms=HOST_WALL;expert_compute_ms=HOST_WALL;native_output_sync_wait_ms=HOST_WALL;shared_expert_ms=UNKNOWN;combine_ms=HOST_WALL;orchestration_ms=UNKNOWN;handoff_ms=UNKNOWN
7,39,1,0.025776,103.790477,,77.898601,,0.065776,0.379658,8.026636,,0.202487,,,route_d2h_host_wait_ms=HOST_WALL;native_call_wall_ms=HOST_WALL;source_wait_ms=UNKNOWN;fill_wait_ms=HOST_WALL;h2d_ms=UNKNOWN;decode_ms=HOST_WALL;expert_compute_ms=HOST_WALL;native_output_sync_wait_ms=HOST_WALL;shared_expert_ms=UNKNOWN;combine_ms=HOST_WALL;orchestration_ms=UNKNOWN;handoff_ms=UNKNOWN
7,40,1,0.027007,222.053366,,198.541770,,0.068413,0.417597,7.980646,,0.195585,,,route_d2h_host_wait_ms=HOST_WALL;native_call_wall_ms=HOST_WALL;source_wait_ms=UNKNOWN;fill_wait_ms=HOST_WALL;h2d_ms=UNKNOWN;decode_ms=HOST_WALL;expert_compute_ms=HOST_WALL;native_output_sync_wait_ms=HOST_WALL;shared_expert_ms=UNKNOWN;combine_ms=HOST_WALL;orchestration_ms=UNKNOWN;handoff_ms=UNKNOWN
7,41,1,0.026933,20.080763,,0.037537,,0.069656,0.394975,8.036467,,0.179538,,,route_d2h_host_wait_ms=HOST_WALL;native_call_wall_ms=HOST_WALL;source_wait_ms=UNKNOWN;fill_wait_ms=HOST_WALL;h2d_ms=UNKNOWN;decode_ms=HOST_WALL;expert_compute_ms=HOST_WALL;native_output_sync_wait_ms=HOST_WALL;shared_expert_ms=UNKNOWN;combine_ms=HOST_WALL;orchestration_ms=UNKNOWN;handoff_ms=UNKNOWN
7,42,1,0.050085,59.203419,,44.486441,,0.068223,0.403942,7.980862,,0.224665,,,route_d2h_host_wait_ms=HOST_WALL;native_call_wall_ms=HOST_WALL;source_wait_ms=UNKNOWN;fill_wait_ms=HOST_WALL;h2d_ms=UNKNOWN;decode_ms=HOST_WALL;expert_compute_ms=HOST_WALL;native_output_sync_wait_ms=HOST_WALL;shared_expert_ms=UNKNOWN;combine_ms=HOST_WALL;orchestration_ms=UNKNOWN;handoff_ms=UNKNOWN
8,0,0,0.020642,156.002115,,132.432708,,0.065241,0.449235,7.938092,,0.220295,,,route_d2h_host_wait_ms=HOST_WALL;native_call_wall_ms=HOST_WALL;source_wait_ms=UNKNOWN;fill_wait_ms=HOST_WALL;h2d_ms=UNKNOWN;decode_ms=HOST_WALL;expert_compute_ms=HOST_WALL;native_output_sync_wait_ms=HOST_WALL;shared_expert_ms=UNKNOWN;combine_ms=HOST_WALL;orchestration_ms=UNKNOWN;handoff_ms=UNKNOWN
8,1,0,0.025855,209.004610,,185.700063,,0.073382,0.373977,8.039642,,0.202023,,,route_d2h_host_wait_ms=HOST_WALL;native_call_wall_ms=HOST_WALL;source_wait_ms=UNKNOWN;fill_wait_ms=HOST_WALL;h2d_ms=UNKNOWN;decode_ms=HOST_WALL;expert_compute_ms=HOST_WALL;native_output_sync_wait_ms=HOST_WALL;shared_expert_ms=UNKNOWN;combine_ms=HOST_WALL;orchestration_ms=UNKNOWN;handoff_ms=UNKNOWN
8,2,0,0.019094,290.160650,,263.597169,,0.064988,0.411035,8.003792,,0.215682,,,route_d2h_host_wait_ms=HOST_WALL;native_call_wall_ms=HOST_WALL;source_wait_ms=UNKNOWN;fill_wait_ms=HOST_WALL;h2d_ms=UNKNOWN;decode_ms=HOST_WALL;expert_compute_ms=HOST_WALL;native_output_sync_wait_ms=HOST_WALL;shared_expert_ms=UNKNOWN;combine_ms=HOST_WALL;orchestration_ms=UNKNOWN;handoff_ms=UNKNOWN
8,3,0,0.022285,154.217808,,129.886870,,0.062802,0.359403,8.059448,,0.208862,,,route_d2h_host_wait_ms=HOST_WALL;native_call_wall_ms=HOST_WALL;source_wait_ms=UNKNOWN;fill_wait_ms=HOST_WALL;h2d_ms=UNKNOWN;decode_ms=HOST_WALL;expert_compute_ms=HOST_WALL;native_output_sync_wait_ms=HOST_WALL;shared_expert_ms=UNKNOWN;combine_ms=HOST_WALL;orchestration_ms=UNKNOWN;handoff_ms=UNKNOWN
8,4,0,0.024675,86.334034,,62.413275,,0.058896,0.363898,8.065782,,0.196408,,,route_d2h_host_wait_ms=HOST_WALL;native_call_wall_ms=HOST_WALL;source_wait_ms=UNKNOWN;fill_wait_ms=HOST_WALL;h2d_ms=UNKNOWN;decode_ms=HOST_WALL;expert_compute_ms=HOST_WALL;native_output_sync_wait_ms=HOST_WALL;shared_expert_ms=UNKNOWN;combine_ms=HOST_WALL;orchestration_ms=UNKNOWN;handoff_ms=UNKNOWN
8,5,0,0.020436,49.876950,,29.892307,,0.065369,0.378321,8.001634,,0.201334,,,route_d2h_host_wait_ms=HOST_WALL;native_call_wall_ms=HOST_WALL;source_wait_ms=UNKNOWN;fill_wait_ms=HOST_WALL;h2d_ms=UNKNOWN;decode_ms=HOST_WALL;expert_compute_ms=HOST_WALL;native_output_sync_wait_ms=HOST_WALL;shared_expert_ms=UNKNOWN;combine_ms=HOST_WALL;orchestration_ms=UNKNOWN;handoff_ms=UNKNOWN
8,6,0,0.020972,17.296329,,0.041059,,0.057061,0.363349,8.036323,,0.188901,,,route_d2h_host_wait_ms=HOST_WALL;native_call_wall_ms=HOST_WALL;source_wait_ms=UNKNOWN;fill_wait_ms=HOST_WALL;h2d_ms=UNKNOWN;decode_ms=HOST_WALL;expert_compute_ms=HOST_WALL;native_output_sync_wait_ms=HOST_WALL;shared_expert_ms=UNKNOWN;combine_ms=HOST_WALL;orchestration_ms=UNKNOWN;handoff_ms=UNKNOWN
8,7,0,0.020266,76.525856,,55.130886,,0.067206,0.411538,7.997012,,0.201788,,,route_d2h_host_wait_ms=HOST_WALL;native_call_wall_ms=HOST_WALL;source_wait_ms=UNKNOWN;fill_wait_ms=HOST_WALL;h2d_ms=UNKNOWN;decode_ms=HOST_WALL;expert_compute_ms=HOST_WALL;native_output_sync_wait_ms=HOST_WALL;shared_expert_ms=UNKNOWN;combine_ms=HOST_WALL;orchestration_ms=UNKNOWN;handoff_ms=UNKNOWN
8,8,0,0.022190,20.488328,,0.039782,,0.053341,0.309265,8.111717,,0.167530,,,route_d2h_host_wait_ms=HOST_WALL;native_call_wall_ms=HOST_WALL;source_wait_ms=UNKNOWN;fill_wait_ms=HOST_WALL;h2d_ms=UNKNOWN;decode_ms=HOST_WALL;expert_compute_ms=HOST_WALL;native_output_sync_wait_ms=HOST_WALL;shared_expert_ms=UNKNOWN;combine_ms=HOST_WALL;orchestration_ms=UNKNOWN;handoff_ms=UNKNOWN
8,9,0,0.019412,20.757157,,0.040273,,0.054403,0.326363,8.107753,,0.159486,,,route_d2h_host_wait_ms=HOST_WALL;native_call_wall_ms=HOST_WALL;source_wait_ms=UNKNOWN;fill_wait_ms=HOST_WALL;h2d_ms=UNKNOWN;decode_ms=HOST_WALL;expert_compute_ms=HOST_WALL;native_output_sync_wait_ms=HOST_WALL;shared_expert_ms=UNKNOWN;combine_ms=HOST_WALL;orchestration_ms=UNKNOWN;handoff_ms=UNKNOWN
8,10,0,0.019667,58.424597,,34.764212,,0.065865,0.403580,7.278873,,0.211452,,,route_d2h_host_wait_ms=HOST_WALL;native_call_wall_ms=HOST_WALL;source_wait_ms=UNKNOWN;fill_wait_ms=HOST_WALL;h2d_ms=UNKNOWN;decode_ms=HOST_WALL;expert_compute_ms=HOST_WALL;native_output_sync_wait_ms=HOST_WALL;shared_expert_ms=UNKNOWN;combine_ms=HOST_WALL;orchestration_ms=UNKNOWN;handoff_ms=UNKNOWN
8,11,0,0.019364,16.612334,,0.038695,,0.060472,0.404172,7.316629,,0.193471,,,route_d2h_host_wait_ms=HOST_WALL;native_call_wall_ms=HOST_WALL;source_wait_ms=UNKNOWN;fill_wait_ms=HOST_WALL;h2d_ms=UNKNOWN;decode_ms=HOST_WALL;expert_compute_ms=HOST_WALL;native_output_sync_wait_ms=HOST_WALL;shared_expert_ms=UNKNOWN;combine_ms=HOST_WALL;orchestration_ms=UNKNOWN;handoff_ms=UNKNOWN
8,12,0,0.020005,17.000743,,0.038516,,0.069788,0.350601,7.350455,,0.159494,,,route_d2h_host_wait_ms=HOST_WALL;native_call_wall_ms=HOST_WALL;source_wait_ms=UNKNOWN;fill_wait_ms=HOST_WALL;h2d_ms=UNKNOWN;decode_ms=HOST_WALL;expert_compute_ms=HOST_WALL;native_output_sync_wait_ms=HOST_WALL;shared_expert_ms=UNKNOWN;combine_ms=HOST_WALL;orchestration_ms=UNKNOWN;handoff_ms=UNKNOWN
8,13,0,0.019666,50.675868,,30.920698,,0.062446,0.381576,7.314619,,0.183451,,,route_d2h_host_wait_ms=HOST_WALL;native_call_wall_ms=HOST_WALL;source_wait_ms=UNKNOWN;fill_wait_ms=HOST_WALL;h2d_ms=UNKNOWN;decode_ms=HOST_WALL;expert_compute_ms=HOST_WALL;native_output_sync_wait_ms=HOST_WALL;shared_expert_ms=UNKNOWN;combine_ms=HOST_WALL;orchestration_ms=UNKNOWN;handoff_ms=UNKNOWN
8,14,0,0.023750,19.510505,,0.041569,,0.054642,0.315032,7.412044,,0.198760,,,route_d2h_host_wait_ms=HOST_WALL;native_call_wall_ms=HOST_WALL;source_wait_ms=UNKNOWN;fill_wait_ms=HOST_WALL;h2d_ms=UNKNOWN;decode_ms=HOST_WALL;expert_compute_ms=HOST_WALL;native_output_sync_wait_ms=HOST_WALL;shared_expert_ms=UNKNOWN;combine_ms=HOST_WALL;orchestration_ms=UNKNOWN;handoff_ms=UNKNOWN
8,15,0,0.019220,53.583721,,31.731667,,0.057717,0.346161,6.790639,,0.192396,,,route_d2h_host_wait_ms=HOST_WALL;native_call_wall_ms=HOST_WALL;source_wait_ms=UNKNOWN;fill_wait_ms=HOST_WALL;h2d_ms=UNKNOWN;decode_ms=HOST_WALL;expert_compute_ms=HOST_WALL;native_output_sync_wait_ms=HOST_WALL;shared_expert_ms=UNKNOWN;combine_ms=HOST_WALL;orchestration_ms=UNKNOWN;handoff_ms=UNKNOWN
8,16,0,0.022470,118.998480,,96.685437,,0.060511,0.357027,6.848471,,0.203140,,,route_d2h_host_wait_ms=HOST_WALL;native_call_wall_ms=HOST_WALL;source_wait_ms=UNKNOWN;fill_wait_ms=HOST_WALL;h2d_ms=UNKNOWN;decode_ms=HOST_WALL;expert_compute_ms=HOST_WALL;native_output_sync_wait_ms=HOST_WALL;shared_expert_ms=UNKNOWN;combine_ms=HOST_WALL;orchestration_ms=UNKNOWN;handoff_ms=UNKNOWN
8,17,0,0.023284,55.745131,,31.119267,,0.059505,0.364230,6.888123,,0.249900,,,route_d2h_host_wait_ms=HOST_WALL;native_call_wall_ms=HOST_WALL;source_wait_ms=UNKNOWN;fill_wait_ms=HOST_WALL;h2d_ms=UNKNOWN;decode_ms=HOST_WALL;expert_compute_ms=HOST_WALL;native_output_sync_wait_ms=HOST_WALL;shared_expert_ms=UNKNOWN;combine_ms=HOST_WALL;orchestration_ms=UNKNOWN;handoff_ms=UNKNOWN
8,18,0,0.023353,49.768925,,33.636400,,0.060274,0.369475,6.828029,,0.219443,,,route_d2h_host_wait_ms=HOST_WALL;native_call_wall_ms=HOST_WALL;source_wait_ms=UNKNOWN;fill_wait_ms=HOST_WALL;h2d_ms=UNKNOWN;decode_ms=HOST_WALL;expert_compute_ms=HOST_WALL;native_output_sync_wait_ms=HOST_WALL;shared_expert_ms=UNKNOWN;combine_ms=HOST_WALL;orchestration_ms=UNKNOWN;handoff_ms=UNKNOWN
8,19,0,0.022302,10.449459,,0.040671,,0.057589,0.338533,6.887353,,0.164609,,,route_d2h_host_wait_ms=HOST_WALL;native_call_wall_ms=HOST_WALL;source_wait_ms=UNKNOWN;fill_wait_ms=HOST_WALL;h2d_ms=UNKNOWN;decode_ms=HOST_WALL;expert_compute_ms=HOST_WALL;native_output_sync_wait_ms=HOST_WALL;shared_expert_ms=UNKNOWN;combine_ms=HOST_WALL;orchestration_ms=UNKNOWN;handoff_ms=UNKNOWN
8,20,0,0.018871,243.130820,,218.017296,,0.064053,0.384505,6.805611,,0.195498,,,route_d2h_host_wait_ms=HOST_WALL;native_call_wall_ms=HOST_WALL;source_wait_ms=UNKNOWN;fill_wait_ms=HOST_WALL;h2d_ms=UNKNOWN;decode_ms=HOST_WALL;expert_compute_ms=HOST_WALL;native_output_sync_wait_ms=HOST_WALL;shared_expert_ms=UNKNOWN;combine_ms=HOST_WALL;orchestration_ms=UNKNOWN;handoff_ms=UNKNOWN
8,21,0,0.021489,76.660405,,60.001417,,0.061650,0.391895,6.838478,,0.210608,,,route_d2h_host_wait_ms=HOST_WALL;native_call_wall_ms=HOST_WALL;source_wait_ms=UNKNOWN;fill_wait_ms=HOST_WALL;h2d_ms=UNKNOWN;decode_ms=HOST_WALL;expert_compute_ms=HOST_WALL;native_output_sync_wait_ms=HOST_WALL;shared_expert_ms=UNKNOWN;combine_ms=HOST_WALL;orchestration_ms=UNKNOWN;handoff_ms=UNKNOWN
8,22,1,0.021527,104.867995,,80.670983,,0.061930,0.355660,8.062624,,0.216893,,,route_d2h_host_wait_ms=HOST_WALL;native_call_wall_ms=HOST_WALL;source_wait_ms=UNKNOWN;fill_wait_ms=HOST_WALL;h2d_ms=UNKNOWN;decode_ms=HOST_WALL;expert_compute_ms=HOST_WALL;native_output_sync_wait_ms=HOST_WALL;shared_expert_ms=UNKNOWN;combine_ms=HOST_WALL;orchestration_ms=UNKNOWN;handoff_ms=UNKNOWN
8,23,1,0.020924,133.404467,,110.395442,,0.143785,0.589689,7.622431,,0.291092,,,route_d2h_host_wait_ms=HOST_WALL;native_call_wall_ms=HOST_WALL;source_wait_ms=UNKNOWN;fill_wait_ms=HOST_WALL;h2d_ms=UNKNOWN;decode_ms=HOST_WALL;expert_compute_ms=HOST_WALL;native_output_sync_wait_ms=HOST_WALL;shared_expert_ms=UNKNOWN;combine_ms=HOST_WALL;orchestration_ms=UNKNOWN;handoff_ms=UNKNOWN
8,24,1,0.020074,101.746441,,74.964989,,0.069945,0.429396,7.954487,,0.197863,,,route_d2h_host_wait_ms=HOST_WALL;native_call_wall_ms=HOST_WALL;source_wait_ms=UNKNOWN;fill_wait_ms=HOST_WALL;h2d_ms=UNKNOWN;decode_ms=HOST_WALL;expert_compute_ms=HOST_WALL;native_output_sync_wait_ms=HOST_WALL;shared_expert_ms=UNKNOWN;combine_ms=HOST_WALL;orchestration_ms=UNKNOWN;handoff_ms=UNKNOWN
8,25,1,0.033838,60.074452,,40.281106,,0.065823,0.388382,8.002418,,0.209767,,,route_d2h_host_wait_ms=HOST_WALL;native_call_wall_ms=HOST_WALL;source_wait_ms=UNKNOWN;fill_wait_ms=HOST_WALL;h2d_ms=UNKNOWN;decode_ms=HOST_WALL;expert_compute_ms=HOST_WALL;native_output_sync_wait_ms=HOST_WALL;shared_expert_ms=UNKNOWN;combine_ms=HOST_WALL;orchestration_ms=UNKNOWN;handoff_ms=UNKNOWN
8,26,1,0.019940,204.172598,,177.847694,,0.068544,0.454358,7.938424,,0.241561,,,route_d2h_host_wait_ms=HOST_WALL;native_call_wall_ms=HOST_WALL;source_wait_ms=UNKNOWN;fill_wait_ms=HOST_WALL;h2d_ms=UNKNOWN;decode_ms=HOST_WALL;expert_compute_ms=HOST_WALL;native_output_sync_wait_ms=HOST_WALL;shared_expert_ms=UNKNOWN;combine_ms=HOST_WALL;orchestration_ms=UNKNOWN;handoff_ms=UNKNOWN
8,27,1,0.021843,56.965186,,42.390560,,0.079343,0.388546,7.992250,,0.199124,,,route_d2h_host_wait_ms=HOST_WALL;native_call_wall_ms=HOST_WALL;source_wait_ms=UNKNOWN;fill_wait_ms=HOST_WALL;h2d_ms=UNKNOWN;decode_ms=HOST_WALL;expert_compute_ms=HOST_WALL;native_output_sync_wait_ms=HOST_WALL;shared_expert_ms=UNKNOWN;combine_ms=HOST_WALL;orchestration_ms=UNKNOWN;handoff_ms=UNKNOWN
8,28,1,0.021471,65.954315,,40.083661,,0.069497,0.420286,7.967844,,0.284152,,,route_d2h_host_wait_ms=HOST_WALL;native_call_wall_ms=HOST_WALL;source_wait_ms=UNKNOWN;fill_wait_ms=HOST_WALL;h2d_ms=UNKNOWN;decode_ms=HOST_WALL;expert_compute_ms=HOST_WALL;native_output_sync_wait_ms=HOST_WALL;shared_expert_ms=UNKNOWN;combine_ms=HOST_WALL;orchestration_ms=UNKNOWN;handoff_ms=UNKNOWN
8,29,1,0.020166,64.216951,,44.195587,,0.062597,0.351737,8.048710,,0.235012,,,route_d2h_host_wait_ms=HOST_WALL;native_call_wall_ms=HOST_WALL;source_wait_ms=UNKNOWN;fill_wait_ms=HOST_WALL;h2d_ms=UNKNOWN;decode_ms=HOST_WALL;expert_compute_ms=HOST_WALL;native_output_sync_wait_ms=HOST_WALL;shared_expert_ms=UNKNOWN;combine_ms=HOST_WALL;orchestration_ms=UNKNOWN;handoff_ms=UNKNOWN
8,30,1,0.022446,91.543134,,68.177312,,0.064256,0.386105,8.003488,,0.221654,,,route_d2h_host_wait_ms=HOST_WALL;native_call_wall_ms=HOST_WALL;source_wait_ms=UNKNOWN;fill_wait_ms=HOST_WALL;h2d_ms=UNKNOWN;decode_ms=HOST_WALL;expert_compute_ms=HOST_WALL;native_output_sync_wait_ms=HOST_WALL;shared_expert_ms=UNKNOWN;combine_ms=HOST_WALL;orchestration_ms=UNKNOWN;handoff_ms=UNKNOWN
8,31,1,0.020813,132.450749,,107.970227,,0.073154,0.388981,7.991556,,0.204492,,,route_d2h_host_wait_ms=HOST_WALL;native_call_wall_ms=HOST_WALL;source_wait_ms=UNKNOWN;fill_wait_ms=HOST_WALL;h2d_ms=UNKNOWN;decode_ms=HOST_WALL;expert_compute_ms=HOST_WALL;native_output_sync_wait_ms=HOST_WALL;shared_expert_ms=UNKNOWN;combine_ms=HOST_WALL;orchestration_ms=UNKNOWN;handoff_ms=UNKNOWN
8,32,1,0.023906,20.486698,,0.044994,,0.074858,0.349283,8.044044,,0.190661,,,route_d2h_host_wait_ms=HOST_WALL;native_call_wall_ms=HOST_WALL;source_wait_ms=UNKNOWN;fill_wait_ms=HOST_WALL;h2d_ms=UNKNOWN;decode_ms=HOST_WALL;expert_compute_ms=HOST_WALL;native_output_sync_wait_ms=HOST_WALL;shared_expert_ms=UNKNOWN;combine_ms=HOST_WALL;orchestration_ms=UNKNOWN;handoff_ms=UNKNOWN
8,33,1,0.021703,65.042386,,44.522150,,0.067586,0.449803,7.957061,,0.201913,,,route_d2h_host_wait_ms=HOST_WALL;native_call_wall_ms=HOST_WALL;source_wait_ms=UNKNOWN;fill_wait_ms=HOST_WALL;h2d_ms=UNKNOWN;decode_ms=HOST_WALL;expert_compute_ms=HOST_WALL;native_output_sync_wait_ms=HOST_WALL;shared_expert_ms=UNKNOWN;combine_ms=HOST_WALL;orchestration_ms=UNKNOWN;handoff_ms=UNKNOWN
8,34,1,0.020446,20.324670,,0.054911,,0.061382,0.361925,8.048742,,0.181550,,,route_d2h_host_wait_ms=HOST_WALL;native_call_wall_ms=HOST_WALL;source_wait_ms=UNKNOWN;fill_wait_ms=HOST_WALL;h2d_ms=UNKNOWN;decode_ms=HOST_WALL;expert_compute_ms=HOST_WALL;native_output_sync_wait_ms=HOST_WALL;shared_expert_ms=UNKNOWN;combine_ms=HOST_WALL;orchestration_ms=UNKNOWN;handoff_ms=UNKNOWN
8,35,1,0.020108,184.750857,,160.842796,,0.086300,0.374935,8.005878,,0.218591,,,route_d2h_host_wait_ms=HOST_WALL;native_call_wall_ms=HOST_WALL;source_wait_ms=UNKNOWN;fill_wait_ms=HOST_WALL;h2d_ms=UNKNOWN;decode_ms=HOST_WALL;expert_compute_ms=HOST_WALL;native_output_sync_wait_ms=HOST_WALL;shared_expert_ms=UNKNOWN;combine_ms=HOST_WALL;orchestration_ms=UNKNOWN;handoff_ms=UNKNOWN
8,36,1,0.021700,22.284545,,0.042242,,0.065217,0.405484,7.991127,,0.183588,,,route_d2h_host_wait_ms=HOST_WALL;native_call_wall_ms=HOST_WALL;source_wait_ms=UNKNOWN;fill_wait_ms=HOST_WALL;h2d_ms=UNKNOWN;decode_ms=HOST_WALL;expert_compute_ms=HOST_WALL;native_output_sync_wait_ms=HOST_WALL;shared_expert_ms=UNKNOWN;combine_ms=HOST_WALL;orchestration_ms=UNKNOWN;handoff_ms=UNKNOWN
8,37,1,0.032957,20.438864,,0.041194,,0.070979,0.426376,7.954756,,0.237910,,,route_d2h_host_wait_ms=HOST_WALL;native_call_wall_ms=HOST_WALL;source_wait_ms=UNKNOWN;fill_wait_ms=HOST_WALL;h2d_ms=UNKNOWN;decode_ms=HOST_WALL;expert_compute_ms=HOST_WALL;native_output_sync_wait_ms=HOST_WALL;shared_expert_ms=UNKNOWN;combine_ms=HOST_WALL;orchestration_ms=UNKNOWN;handoff_ms=UNKNOWN
8,38,1,0.022450,42.487395,,16.275372,,0.069386,0.397143,7.974590,,0.194935,,,route_d2h_host_wait_ms=HOST_WALL;native_call_wall_ms=HOST_WALL;source_wait_ms=UNKNOWN;fill_wait_ms=HOST_WALL;h2d_ms=UNKNOWN;decode_ms=HOST_WALL;expert_compute_ms=HOST_WALL;native_output_sync_wait_ms=HOST_WALL;shared_expert_ms=UNKNOWN;combine_ms=HOST_WALL;orchestration_ms=UNKNOWN;handoff_ms=UNKNOWN
8,39,1,0.020950,131.102530,,110.601293,,0.067830,0.357372,7.665587,,0.237611,,,route_d2h_host_wait_ms=HOST_WALL;native_call_wall_ms=HOST_WALL;source_wait_ms=UNKNOWN;fill_wait_ms=HOST_WALL;h2d_ms=UNKNOWN;decode_ms=HOST_WALL;expert_compute_ms=HOST_WALL;native_output_sync_wait_ms=HOST_WALL;shared_expert_ms=UNKNOWN;combine_ms=HOST_WALL;orchestration_ms=UNKNOWN;handoff_ms=UNKNOWN
8,40,1,0.022633,14.241025,,0.042029,,0.061638,0.389985,7.639854,,0.175777,,,route_d2h_host_wait_ms=HOST_WALL;native_call_wall_ms=HOST_WALL;source_wait_ms=UNKNOWN;fill_wait_ms=HOST_WALL;h2d_ms=UNKNOWN;decode_ms=HOST_WALL;expert_compute_ms=HOST_WALL;native_output_sync_wait_ms=HOST_WALL;shared_expert_ms=UNKNOWN;combine_ms=HOST_WALL;orchestration_ms=UNKNOWN;handoff_ms=UNKNOWN
8,41,1,0.020890,57.274946,,40.432732,,0.079986,0.377191,7.651980,,0.220826,,,route_d2h_host_wait_ms=HOST_WALL;native_call_wall_ms=HOST_WALL;source_wait_ms=UNKNOWN;fill_wait_ms=HOST_WALL;h2d_ms=UNKNOWN;decode_ms=HOST_WALL;expert_compute_ms=HOST_WALL;native_output_sync_wait_ms=HOST_WALL;shared_expert_ms=UNKNOWN;combine_ms=HOST_WALL;orchestration_ms=UNKNOWN;handoff_ms=UNKNOWN
8,42,1,0.035156,86.594470,,66.633161,,0.083576,0.417972,7.622827,,0.254963,,,route_d2h_host_wait_ms=HOST_WALL;native_call_wall_ms=HOST_WALL;source_wait_ms=UNKNOWN;fill_wait_ms=HOST_WALL;h2d_ms=UNKNOWN;decode_ms=HOST_WALL;expert_compute_ms=HOST_WALL;native_output_sync_wait_ms=HOST_WALL;shared_expert_ms=UNKNOWN;combine_ms=HOST_WALL;orchestration_ms=UNKNOWN;handoff_ms=UNKNOWN
9,0,0,0.021149,53.037009,,38.473042,,0.069053,0.389770,7.973479,,0.196940,,,route_d2h_host_wait_ms=HOST_WALL;native_call_wall_ms=HOST_WALL;source_wait_ms=UNKNOWN;fill_wait_ms=HOST_WALL;h2d_ms=UNKNOWN;decode_ms=HOST_WALL;expert_compute_ms=HOST_WALL;native_output_sync_wait_ms=HOST_WALL;shared_expert_ms=UNKNOWN;combine_ms=HOST_WALL;orchestration_ms=UNKNOWN;handoff_ms=UNKNOWN
9,1,0,0.019042,55.009651,,32.927211,,0.061022,0.375523,8.041078,,0.187552,,,route_d2h_host_wait_ms=HOST_WALL;native_call_wall_ms=HOST_WALL;source_wait_ms=UNKNOWN;fill_wait_ms=HOST_WALL;h2d_ms=UNKNOWN;decode_ms=HOST_WALL;expert_compute_ms=HOST_WALL;native_output_sync_wait_ms=HOST_WALL;shared_expert_ms=UNKNOWN;combine_ms=HOST_WALL;orchestration_ms=UNKNOWN;handoff_ms=UNKNOWN
9,2,0,0.053394,19.063999,,0.059309,,0.058708,0.315628,8.080587,,0.187060,,,route_d2h_host_wait_ms=HOST_WALL;native_call_wall_ms=HOST_WALL;source_wait_ms=UNKNOWN;fill_wait_ms=HOST_WALL;h2d_ms=UNKNOWN;decode_ms=HOST_WALL;expert_compute_ms=HOST_WALL;native_output_sync_wait_ms=HOST_WALL;shared_expert_ms=UNKNOWN;combine_ms=HOST_WALL;orchestration_ms=UNKNOWN;handoff_ms=UNKNOWN
9,3,0,0.019485,54.691484,,30.045458,,0.062131,0.365868,8.041105,,0.223103,,,route_d2h_host_wait_ms=HOST_WALL;native_call_wall_ms=HOST_WALL;source_wait_ms=UNKNOWN;fill_wait_ms=HOST_WALL;h2d_ms=UNKNOWN;decode_ms=HOST_WALL;expert_compute_ms=HOST_WALL;native_output_sync_wait_ms=HOST_WALL;shared_expert_ms=UNKNOWN;combine_ms=HOST_WALL;orchestration_ms=UNKNOWN;handoff_ms=UNKNOWN
9,4,0,0.020151,132.909614,,111.521234,,0.063650,0.444689,7.944479,,0.243481,,,route_d2h_host_wait_ms=HOST_WALL;native_call_wall_ms=HOST_WALL;source_wait_ms=UNKNOWN;fill_wait_ms=HOST_WALL;h2d_ms=UNKNOWN;decode_ms=HOST_WALL;expert_compute_ms=HOST_WALL;native_output_sync_wait_ms=HOST_WALL;shared_expert_ms=UNKNOWN;combine_ms=HOST_WALL;orchestration_ms=UNKNOWN;handoff_ms=UNKNOWN
9,5,0,0.027252,18.186362,,0.040691,,0.071246,0.379153,8.013320,,0.206389,,,route_d2h_host_wait_ms=HOST_WALL;native_call_wall_ms=HOST_WALL;source_wait_ms=UNKNOWN;fill_wait_ms=HOST_WALL;h2d_ms=UNKNOWN;decode_ms=HOST_WALL;expert_compute_ms=HOST_WALL;native_output_sync_wait_ms=HOST_WALL;shared_expert_ms=UNKNOWN;combine_ms=HOST_WALL;orchestration_ms=UNKNOWN;handoff_ms=UNKNOWN
9,6,0,0.023626,74.261365,,52.495784,,0.065683,0.389641,8.008626,,0.211118,,,route_d2h_host_wait_ms=HOST_WALL;native_call_wall_ms=HOST_WALL;source_wait_ms=UNKNOWN;fill_wait_ms=HOST_WALL;h2d_ms=UNKNOWN;decode_ms=HOST_WALL;expert_compute_ms=HOST_WALL;native_output_sync_wait_ms=HOST_WALL;shared_expert_ms=UNKNOWN;combine_ms=HOST_WALL;orchestration_ms=UNKNOWN;handoff_ms=UNKNOWN
9,7,0,0.019783,17.875014,,0.041161,,0.072351,0.408332,8.019306,,0.294545,,,route_d2h_host_wait_ms=HOST_WALL;native_call_wall_ms=HOST_WALL;source_wait_ms=UNKNOWN;fill_wait_ms=HOST_WALL;h2d_ms=UNKNOWN;decode_ms=HOST_WALL;expert_compute_ms=HOST_WALL;native_output_sync_wait_ms=HOST_WALL;shared_expert_ms=UNKNOWN;combine_ms=HOST_WALL;orchestration_ms=UNKNOWN;handoff_ms=UNKNOWN
9,8,0,0.021995,58.202466,,33.629547,,0.059955,0.358011,8.058348,,0.209774,,,route_d2h_host_wait_ms=HOST_WALL;native_call_wall_ms=HOST_WALL;source_wait_ms=UNKNOWN;fill_wait_ms=HOST_WALL;h2d_ms=UNKNOWN;decode_ms=HOST_WALL;expert_compute_ms=HOST_WALL;native_output_sync_wait_ms=HOST_WALL;shared_expert_ms=UNKNOWN;combine_ms=HOST_WALL;orchestration_ms=UNKNOWN;handoff_ms=UNKNOWN
9,9,0,0.021189,21.134913,,0.040998,,0.058143,0.345241,8.020372,,0.175985,,,route_d2h_host_wait_ms=HOST_WALL;native_call_wall_ms=HOST_WALL;source_wait_ms=UNKNOWN;fill_wait_ms=HOST_WALL;h2d_ms=UNKNOWN;decode_ms=HOST_WALL;expert_compute_ms=HOST_WALL;native_output_sync_wait_ms=HOST_WALL;shared_expert_ms=UNKNOWN;combine_ms=HOST_WALL;orchestration_ms=UNKNOWN;handoff_ms=UNKNOWN
9,10,0,0.019682,136.709234,,115.699035,,0.061916,0.402234,7.986064,,0.196069,,,route_d2h_host_wait_ms=HOST_WALL;native_call_wall_ms=HOST_WALL;source_wait_ms=UNKNOWN;fill_wait_ms=HOST_WALL;h2d_ms=UNKNOWN;decode_ms=HOST_WALL;expert_compute_ms=HOST_WALL;native_output_sync_wait_ms=HOST_WALL;shared_expert_ms=UNKNOWN;combine_ms=HOST_WALL;orchestration_ms=UNKNOWN;handoff_ms=UNKNOWN
9,11,0,0.022236,54.608616,,30.900252,,0.062841,0.519372,7.860154,,0.208589,,,route_d2h_host_wait_ms=HOST_WALL;native_call_wall_ms=HOST_WALL;source_wait_ms=UNKNOWN;fill_wait_ms=HOST_WALL;h2d_ms=UNKNOWN;decode_ms=HOST_WALL;expert_compute_ms=HOST_WALL;native_output_sync_wait_ms=HOST_WALL;shared_expert_ms=UNKNOWN;combine_ms=HOST_WALL;orchestration_ms=UNKNOWN;handoff_ms=UNKNOWN
9,12,0,0.031860,101.755171,,83.828123,,0.077145,0.360483,8.053366,,0.196980,,,route_d2h_host_wait_ms=HOST_WALL;native_call_wall_ms=HOST_WALL;source_wait_ms=UNKNOWN;fill_wait_ms=HOST_WALL;h2d_ms=UNKNOWN;decode_ms=HOST_WALL;expert_compute_ms=HOST_WALL;native_output_sync_wait_ms=HOST_WALL;shared_expert_ms=UNKNOWN;combine_ms=HOST_WALL;orchestration_ms=UNKNOWN;handoff_ms=UNKNOWN
9,13,0,0.021100,108.397235,,82.175249,,0.059351,0.351087,8.050025,,0.194801,,,route_d2h_host_wait_ms=HOST_WALL;native_call_wall_ms=HOST_WALL;source_wait_ms=UNKNOWN;fill_wait_ms=HOST_WALL;h2d_ms=UNKNOWN;decode_ms=HOST_WALL;expert_compute_ms=HOST_WALL;native_output_sync_wait_ms=HOST_WALL;shared_expert_ms=UNKNOWN;combine_ms=HOST_WALL;orchestration_ms=UNKNOWN;handoff_ms=UNKNOWN
9,14,0,0.020700,143.472717,,119.866976,,0.064809,0.403412,7.982139,,0.245444,,,route_d2h_host_wait_ms=HOST_WALL;native_call_wall_ms=HOST_WALL;source_wait_ms=UNKNOWN;fill_wait_ms=HOST_WALL;h2d_ms=UNKNOWN;decode_ms=HOST_WALL;expert_compute_ms=HOST_WALL;native_output_sync_wait_ms=HOST_WALL;shared_expert_ms=UNKNOWN;combine_ms=HOST_WALL;orchestration_ms=UNKNOWN;handoff_ms=UNKNOWN
9,15,0,0.023732,208.547273,,182.281489,,0.076762,0.374999,8.019916,,0.213528,,,route_d2h_host_wait_ms=HOST_WALL;native_call_wall_ms=HOST_WALL;source_wait_ms=UNKNOWN;fill_wait_ms=HOST_WALL;h2d_ms=UNKNOWN;decode_ms=HOST_WALL;expert_compute_ms=HOST_WALL;native_output_sync_wait_ms=HOST_WALL;shared_expert_ms=UNKNOWN;combine_ms=HOST_WALL;orchestration_ms=UNKNOWN;handoff_ms=UNKNOWN
9,16,0,0.020766,198.871100,,175.493077,,0.060055,0.357399,8.070849,,0.202938,,,route_d2h_host_wait_ms=HOST_WALL;native_call_wall_ms=HOST_WALL;source_wait_ms=UNKNOWN;fill_wait_ms=HOST_WALL;h2d_ms=UNKNOWN;decode_ms=HOST_WALL;expert_compute_ms=HOST_WALL;native_output_sync_wait_ms=HOST_WALL;shared_expert_ms=UNKNOWN;combine_ms=HOST_WALL;orchestration_ms=UNKNOWN;handoff_ms=UNKNOWN
9,17,0,0.020518,207.437359,,186.899027,,0.060829,0.340050,8.062846,,0.193473,,,route_d2h_host_wait_ms=HOST_WALL;native_call_wall_ms=HOST_WALL;source_wait_ms=UNKNOWN;fill_wait_ms=HOST_WALL;h2d_ms=UNKNOWN;decode_ms=HOST_WALL;expert_compute_ms=HOST_WALL;native_output_sync_wait_ms=HOST_WALL;shared_expert_ms=UNKNOWN;combine_ms=HOST_WALL;orchestration_ms=UNKNOWN;handoff_ms=UNKNOWN
9,18,0,0.020798,95.115726,,71.796674,,0.059954,0.366484,8.061529,,0.219867,,,route_d2h_host_wait_ms=HOST_WALL;native_call_wall_ms=HOST_WALL;source_wait_ms=UNKNOWN;fill_wait_ms=HOST_WALL;h2d_ms=UNKNOWN;decode_ms=HOST_WALL;expert_compute_ms=HOST_WALL;native_output_sync_wait_ms=HOST_WALL;shared_expert_ms=UNKNOWN;combine_ms=HOST_WALL;orchestration_ms=UNKNOWN;handoff_ms=UNKNOWN
9,19,0,0.018845,14.477919,,0.037383,,0.053359,0.310398,8.103003,,0.182682,,,route_d2h_host_wait_ms=HOST_WALL;native_call_wall_ms=HOST_WALL;source_wait_ms=UNKNOWN;fill_wait_ms=HOST_WALL;h2d_ms=UNKNOWN;decode_ms=HOST_WALL;expert_compute_ms=HOST_WALL;native_output_sync_wait_ms=HOST_WALL;shared_expert_ms=UNKNOWN;combine_ms=HOST_WALL;orchestration_ms=UNKNOWN;handoff_ms=UNKNOWN
9,20,0,0.019629,50.381620,,30.299083,,0.055880,0.350692,8.088373,,0.177553,,,route_d2h_host_wait_ms=HOST_WALL;native_call_wall_ms=HOST_WALL;source_wait_ms=UNKNOWN;fill_wait_ms=HOST_WALL;h2d_ms=UNKNOWN;decode_ms=HOST_WALL;expert_compute_ms=HOST_WALL;native_output_sync_wait_ms=HOST_WALL;shared_expert_ms=UNKNOWN;combine_ms=HOST_WALL;orchestration_ms=UNKNOWN;handoff_ms=UNKNOWN
9,21,0,0.018708,20.905654,,0.038229,,0.057537,0.321546,8.080423,,0.173206,,,route_d2h_host_wait_ms=HOST_WALL;native_call_wall_ms=HOST_WALL;source_wait_ms=UNKNOWN;fill_wait_ms=HOST_WALL;h2d_ms=UNKNOWN;decode_ms=HOST_WALL;expert_compute_ms=HOST_WALL;native_output_sync_wait_ms=HOST_WALL;shared_expert_ms=UNKNOWN;combine_ms=HOST_WALL;orchestration_ms=UNKNOWN;handoff_ms=UNKNOWN
9,22,1,0.020617,64.322763,,41.150416,,0.076122,0.352332,8.052985,,0.219438,,,route_d2h_host_wait_ms=HOST_WALL;native_call_wall_ms=HOST_WALL;source_wait_ms=UNKNOWN;fill_wait_ms=HOST_WALL;h2d_ms=UNKNOWN;decode_ms=HOST_WALL;expert_compute_ms=HOST_WALL;native_output_sync_wait_ms=HOST_WALL;shared_expert_ms=UNKNOWN;combine_ms=HOST_WALL;orchestration_ms=UNKNOWN;handoff_ms=UNKNOWN
9,23,1,0.020098,93.968205,,72.854715,,0.071160,0.615142,7.773383,,0.203885,,,route_d2h_host_wait_ms=HOST_WALL;native_call_wall_ms=HOST_WALL;source_wait_ms=UNKNOWN;fill_wait_ms=HOST_WALL;h2d_ms=UNKNOWN;decode_ms=HOST_WALL;expert_compute_ms=HOST_WALL;native_output_sync_wait_ms=HOST_WALL;shared_expert_ms=UNKNOWN;combine_ms=HOST_WALL;orchestration_ms=UNKNOWN;handoff_ms=UNKNOWN
9,24,1,0.019818,98.282950,,78.147233,,0.061924,0.358508,8.040027,,0.200996,,,route_d2h_host_wait_ms=HOST_WALL;native_call_wall_ms=HOST_WALL;source_wait_ms=UNKNOWN;fill_wait_ms=HOST_WALL;h2d_ms=UNKNOWN;decode_ms=HOST_WALL;expert_compute_ms=HOST_WALL;native_output_sync_wait_ms=HOST_WALL;shared_expert_ms=UNKNOWN;combine_ms=HOST_WALL;orchestration_ms=UNKNOWN;handoff_ms=UNKNOWN
9,25,1,0.019591,65.007517,,41.365165,,0.078138,0.381403,7.999885,,0.243537,,,route_d2h_host_wait_ms=HOST_WALL;native_call_wall_ms=HOST_WALL;source_wait_ms=UNKNOWN;fill_wait_ms=HOST_WALL;h2d_ms=UNKNOWN;decode_ms=HOST_WALL;expert_compute_ms=HOST_WALL;native_output_sync_wait_ms=HOST_WALL;shared_expert_ms=UNKNOWN;combine_ms=HOST_WALL;orchestration_ms=UNKNOWN;handoff_ms=UNKNOWN
9,26,1,0.021076,59.097710,,39.092956,,0.070367,0.428283,8.021444,,0.198787,,,route_d2h_host_wait_ms=HOST_WALL;native_call_wall_ms=HOST_WALL;source_wait_ms=UNKNOWN;fill_wait_ms=HOST_WALL;h2d_ms=UNKNOWN;decode_ms=HOST_WALL;expert_compute_ms=HOST_WALL;native_output_sync_wait_ms=HOST_WALL;shared_expert_ms=UNKNOWN;combine_ms=HOST_WALL;orchestration_ms=UNKNOWN;handoff_ms=UNKNOWN
9,27,1,0.022024,94.365483,,73.926449,,0.070432,0.409703,7.927175,,0.205330,,,route_d2h_host_wait_ms=HOST_WALL;native_call_wall_ms=HOST_WALL;source_wait_ms=UNKNOWN;fill_wait_ms=HOST_WALL;h2d_ms=UNKNOWN;decode_ms=HOST_WALL;expert_compute_ms=HOST_WALL;native_output_sync_wait_ms=HOST_WALL;shared_expert_ms=UNKNOWN;combine_ms=HOST_WALL;orchestration_ms=UNKNOWN;handoff_ms=UNKNOWN
9,28,1,0.021954,133.696222,,107.621560,,0.065532,0.401124,8.019097,,0.208160,,,route_d2h_host_wait_ms=HOST_WALL;native_call_wall_ms=HOST_WALL;source_wait_ms=UNKNOWN;fill_wait_ms=HOST_WALL;h2d_ms=UNKNOWN;decode_ms=HOST_WALL;expert_compute_ms=HOST_WALL;native_output_sync_wait_ms=HOST_WALL;shared_expert_ms=UNKNOWN;combine_ms=HOST_WALL;orchestration_ms=UNKNOWN;handoff_ms=UNKNOWN
9,29,1,0.018757,66.384590,,43.495904,,0.082086,0.388152,8.021503,,0.213441,,,route_d2h_host_wait_ms=HOST_WALL;native_call_wall_ms=HOST_WALL;source_wait_ms=UNKNOWN;fill_wait_ms=HOST_WALL;h2d_ms=UNKNOWN;decode_ms=HOST_WALL;expert_compute_ms=HOST_WALL;native_output_sync_wait_ms=HOST_WALL;shared_expert_ms=UNKNOWN;combine_ms=HOST_WALL;orchestration_ms=UNKNOWN;handoff_ms=UNKNOWN
9,30,1,0.019428,17.150943,,0.039875,,0.057938,0.336883,8.095868,,0.164932,,,route_d2h_host_wait_ms=HOST_WALL;native_call_wall_ms=HOST_WALL;source_wait_ms=UNKNOWN;fill_wait_ms=HOST_WALL;h2d_ms=UNKNOWN;decode_ms=HOST_WALL;expert_compute_ms=HOST_WALL;native_output_sync_wait_ms=HOST_WALL;shared_expert_ms=UNKNOWN;combine_ms=HOST_WALL;orchestration_ms=UNKNOWN;handoff_ms=UNKNOWN
9,31,1,0.021493,105.525366,,82.392766,,0.068536,0.457564,7.917088,,0.215526,,,route_d2h_host_wait_ms=HOST_WALL;native_call_wall_ms=HOST_WALL;source_wait_ms=UNKNOWN;fill_wait_ms=HOST_WALL;h2d_ms=UNKNOWN;decode_ms=HOST_WALL;expert_compute_ms=HOST_WALL;native_output_sync_wait_ms=HOST_WALL;shared_expert_ms=UNKNOWN;combine_ms=HOST_WALL;orchestration_ms=UNKNOWN;handoff_ms=UNKNOWN
9,32,1,0.021776,99.816640,,76.534510,,0.065455,0.354030,8.026794,,0.197622,,,route_d2h_host_wait_ms=HOST_WALL;native_call_wall_ms=HOST_WALL;source_wait_ms=UNKNOWN;fill_wait_ms=HOST_WALL;h2d_ms=UNKNOWN;decode_ms=HOST_WALL;expert_compute_ms=HOST_WALL;native_output_sync_wait_ms=HOST_WALL;shared_expert_ms=UNKNOWN;combine_ms=HOST_WALL;orchestration_ms=UNKNOWN;handoff_ms=UNKNOWN
9,33,1,0.020149,112.070133,,89.142059,,0.069145,0.395740,8.054728,,0.224506,,,route_d2h_host_wait_ms=HOST_WALL;native_call_wall_ms=HOST_WALL;source_wait_ms=UNKNOWN;fill_wait_ms=HOST_WALL;h2d_ms=UNKNOWN;decode_ms=HOST_WALL;expert_compute_ms=HOST_WALL;native_output_sync_wait_ms=HOST_WALL;shared_expert_ms=UNKNOWN;combine_ms=HOST_WALL;orchestration_ms=UNKNOWN;handoff_ms=UNKNOWN
9,34,1,0.020600,64.831109,,41.295106,,0.070754,0.416015,7.971110,,0.222967,,,route_d2h_host_wait_ms=HOST_WALL;native_call_wall_ms=HOST_WALL;source_wait_ms=UNKNOWN;fill_wait_ms=HOST_WALL;h2d_ms=UNKNOWN;decode_ms=HOST_WALL;expert_compute_ms=HOST_WALL;native_output_sync_wait_ms=HOST_WALL;shared_expert_ms=UNKNOWN;combine_ms=HOST_WALL;orchestration_ms=UNKNOWN;handoff_ms=UNKNOWN
9,35,1,0.025565,198.473782,,175.057235,,0.065557,0.375337,8.041477,,0.223676,,,route_d2h_host_wait_ms=HOST_WALL;native_call_wall_ms=HOST_WALL;source_wait_ms=UNKNOWN;fill_wait_ms=HOST_WALL;h2d_ms=UNKNOWN;decode_ms=HOST_WALL;expert_compute_ms=HOST_WALL;native_output_sync_wait_ms=HOST_WALL;shared_expert_ms=UNKNOWN;combine_ms=HOST_WALL;orchestration_ms=UNKNOWN;handoff_ms=UNKNOWN
9,36,1,0.021834,93.673462,,70.498318,,0.072139,0.420698,7.950980,,0.221512,,,route_d2h_host_wait_ms=HOST_WALL;native_call_wall_ms=HOST_WALL;source_wait_ms=UNKNOWN;fill_wait_ms=HOST_WALL;h2d_ms=UNKNOWN;decode_ms=HOST_WALL;expert_compute_ms=HOST_WALL;native_output_sync_wait_ms=HOST_WALL;shared_expert_ms=UNKNOWN;combine_ms=HOST_WALL;orchestration_ms=UNKNOWN;handoff_ms=UNKNOWN
9,37,1,0.023665,56.630028,,30.783213,,0.067992,0.432458,7.911369,,0.200121,,,route_d2h_host_wait_ms=HOST_WALL;native_call_wall_ms=HOST_WALL;source_wait_ms=UNKNOWN;fill_wait_ms=HOST_WALL;h2d_ms=UNKNOWN;decode_ms=HOST_WALL;expert_compute_ms=HOST_WALL;native_output_sync_wait_ms=HOST_WALL;shared_expert_ms=UNKNOWN;combine_ms=HOST_WALL;orchestration_ms=UNKNOWN;handoff_ms=UNKNOWN
9,38,1,0.021478,46.966921,,29.916281,,0.067085,0.391023,7.971224,,0.193651,,,route_d2h_host_wait_ms=HOST_WALL;native_call_wall_ms=HOST_WALL;source_wait_ms=UNKNOWN;fill_wait_ms=HOST_WALL;h2d_ms=UNKNOWN;decode_ms=HOST_WALL;expert_compute_ms=HOST_WALL;native_output_sync_wait_ms=HOST_WALL;shared_expert_ms=UNKNOWN;combine_ms=HOST_WALL;orchestration_ms=UNKNOWN;handoff_ms=UNKNOWN
9,39,1,0.021933,84.485831,,58.515099,,0.064234,0.405731,8.041630,,0.220780,,,route_d2h_host_wait_ms=HOST_WALL;native_call_wall_ms=HOST_WALL;source_wait_ms=UNKNOWN;fill_wait_ms=HOST_WALL;h2d_ms=UNKNOWN;decode_ms=HOST_WALL;expert_compute_ms=HOST_WALL;native_output_sync_wait_ms=HOST_WALL;shared_expert_ms=UNKNOWN;combine_ms=HOST_WALL;orchestration_ms=UNKNOWN;handoff_ms=UNKNOWN
9,40,1,0.032874,158.959763,,138.849552,,0.068082,0.401025,8.021899,,0.202131,,,route_d2h_host_wait_ms=HOST_WALL;native_call_wall_ms=HOST_WALL;source_wait_ms=UNKNOWN;fill_wait_ms=HOST_WALL;h2d_ms=UNKNOWN;decode_ms=HOST_WALL;expert_compute_ms=HOST_WALL;native_output_sync_wait_ms=HOST_WALL;shared_expert_ms=UNKNOWN;combine_ms=HOST_WALL;orchestration_ms=UNKNOWN;handoff_ms=UNKNOWN
9,41,1,0.020297,129.402176,,105.954913,,0.068920,0.404852,7.979245,,0.258459,,,route_d2h_host_wait_ms=HOST_WALL;native_call_wall_ms=HOST_WALL;source_wait_ms=UNKNOWN;fill_wait_ms=HOST_WALL;h2d_ms=UNKNOWN;decode_ms=HOST_WALL;expert_compute_ms=HOST_WALL;native_output_sync_wait_ms=HOST_WALL;shared_expert_ms=UNKNOWN;combine_ms=HOST_WALL;orchestration_ms=UNKNOWN;handoff_ms=UNKNOWN
9,42,1,0.020254,182.596078,,165.014513,,0.067610,0.399701,7.972194,,0.221926,,,route_d2h_host_wait_ms=HOST_WALL;native_call_wall_ms=HOST_WALL;source_wait_ms=UNKNOWN;fill_wait_ms=HOST_WALL;h2d_ms=UNKNOWN;decode_ms=HOST_WALL;expert_compute_ms=HOST_WALL;native_output_sync_wait_ms=HOST_WALL;shared_expert_ms=UNKNOWN;combine_ms=HOST_WALL;orchestration_ms=UNKNOWN;handoff_ms=UNKNOWN
10,0,0,0.021092,156.641282,,133.137252,,0.062140,0.353970,8.076674,,0.205868,,,route_d2h_host_wait_ms=HOST_WALL;native_call_wall_ms=HOST_WALL;source_wait_ms=UNKNOWN;fill_wait_ms=HOST_WALL;h2d_ms=UNKNOWN;decode_ms=HOST_WALL;expert_compute_ms=HOST_WALL;native_output_sync_wait_ms=HOST_WALL;shared_expert_ms=UNKNOWN;combine_ms=HOST_WALL;orchestration_ms=UNKNOWN;handoff_ms=UNKNOWN
10,1,0,0.019624,259.868956,,239.095045,,0.059925,0.350590,8.053780,,0.218048,,,route_d2h_host_wait_ms=HOST_WALL;native_call_wall_ms=HOST_WALL;source_wait_ms=UNKNOWN;fill_wait_ms=HOST_WALL;h2d_ms=UNKNOWN;decode_ms=HOST_WALL;expert_compute_ms=HOST_WALL;native_output_sync_wait_ms=HOST_WALL;shared_expert_ms=UNKNOWN;combine_ms=HOST_WALL;orchestration_ms=UNKNOWN;handoff_ms=UNKNOWN
10,2,0,0.023025,281.240596,,257.964874,,0.072296,0.344371,8.072581,,0.207135,,,route_d2h_host_wait_ms=HOST_WALL;native_call_wall_ms=HOST_WALL;source_wait_ms=UNKNOWN;fill_wait_ms=HOST_WALL;h2d_ms=UNKNOWN;decode_ms=HOST_WALL;expert_compute_ms=HOST_WALL;native_output_sync_wait_ms=HOST_WALL;shared_expert_ms=UNKNOWN;combine_ms=HOST_WALL;orchestration_ms=UNKNOWN;handoff_ms=UNKNOWN
10,3,0,0.019587,79.830906,,56.202227,,0.087869,0.363056,7.908763,,0.192183,,,route_d2h_host_wait_ms=HOST_WALL;native_call_wall_ms=HOST_WALL;source_wait_ms=UNKNOWN;fill_wait_ms=HOST_WALL;h2d_ms=UNKNOWN;decode_ms=HOST_WALL;expert_compute_ms=HOST_WALL;native_output_sync_wait_ms=HOST_WALL;shared_expert_ms=UNKNOWN;combine_ms=HOST_WALL;orchestration_ms=UNKNOWN;handoff_ms=UNKNOWN
10,4,0,0.037243,134.569942,,114.362521,,0.077265,0.390821,8.017030,,0.199773,,,route_d2h_host_wait_ms=HOST_WALL;native_call_wall_ms=HOST_WALL;source_wait_ms=UNKNOWN;fill_wait_ms=HOST_WALL;h2d_ms=UNKNOWN;decode_ms=HOST_WALL;expert_compute_ms=HOST_WALL;native_output_sync_wait_ms=HOST_WALL;shared_expert_ms=UNKNOWN;combine_ms=HOST_WALL;orchestration_ms=UNKNOWN;handoff_ms=UNKNOWN
10,5,0,0.021052,69.915492,,46.046510,,0.063351,0.352468,8.070101,,0.225582,,,route_d2h_host_wait_ms=HOST_WALL;native_call_wall_ms=HOST_WALL;source_wait_ms=UNKNOWN;fill_wait_ms=HOST_WALL;h2d_ms=UNKNOWN;decode_ms=HOST_WALL;expert_compute_ms=HOST_WALL;native_output_sync_wait_ms=HOST_WALL;shared_expert_ms=UNKNOWN;combine_ms=HOST_WALL;orchestration_ms=UNKNOWN;handoff_ms=UNKNOWN
10,6,0,0.025338,50.633084,,29.991174,,0.064088,0.374403,8.021867,,0.230674,,,route_d2h_host_wait_ms=HOST_WALL;native_call_wall_ms=HOST_WALL;source_wait_ms=UNKNOWN;fill_wait_ms=HOST_WALL;h2d_ms=UNKNOWN;decode_ms=HOST_WALL;expert_compute_ms=HOST_WALL;native_output_sync_wait_ms=HOST_WALL;shared_expert_ms=UNKNOWN;combine_ms=HOST_WALL;orchestration_ms=UNKNOWN;handoff_ms=UNKNOWN
10,7,0,0.024180,56.311489,,29.967064,,0.064671,0.393505,7.993959,,0.201378,,,route_d2h_host_wait_ms=HOST_WALL;native_call_wall_ms=HOST_WALL;source_wait_ms=UNKNOWN;fill_wait_ms=HOST_WALL;h2d_ms=UNKNOWN;decode_ms=HOST_WALL;expert_compute_ms=HOST_WALL;native_output_sync_wait_ms=HOST_WALL;shared_expert_ms=UNKNOWN;combine_ms=HOST_WALL;orchestration_ms=UNKNOWN;handoff_ms=UNKNOWN
10,8,0,0.022060,86.453154,,62.562861,,0.064478,0.371883,8.035116,,0.234372,,,route_d2h_host_wait_ms=HOST_WALL;native_call_wall_ms=HOST_WALL;source_wait_ms=UNKNOWN;fill_wait_ms=HOST_WALL;h2d_ms=UNKNOWN;decode_ms=HOST_WALL;expert_compute_ms=HOST_WALL;native_output_sync_wait_ms=HOST_WALL;shared_expert_ms=UNKNOWN;combine_ms=HOST_WALL;orchestration_ms=UNKNOWN;handoff_ms=UNKNOWN
10,9,0,0.022606,113.801533,,90.308243,,0.066835,0.427529,7.953755,,0.204423,,,route_d2h_host_wait_ms=HOST_WALL;native_call_wall_ms=HOST_WALL;source_wait_ms=UNKNOWN;fill_wait_ms=HOST_WALL;h2d_ms=UNKNOWN;decode_ms=HOST_WALL;expert_compute_ms=HOST_WALL;native_output_sync_wait_ms=HOST_WALL;shared_expert_ms=UNKNOWN;combine_ms=HOST_WALL;orchestration_ms=UNKNOWN;handoff_ms=UNKNOWN
10,10,0,0.021738,51.322618,,31.020681,,0.062968,0.375239,8.039812,,0.223183,,,route_d2h_host_wait_ms=HOST_WALL;native_call_wall_ms=HOST_WALL;source_wait_ms=UNKNOWN;fill_wait_ms=HOST_WALL;h2d_ms=UNKNOWN;decode_ms=HOST_WALL;expert_compute_ms=HOST_WALL;native_output_sync_wait_ms=HOST_WALL;shared_expert_ms=UNKNOWN;combine_ms=HOST_WALL;orchestration_ms=UNKNOWN;handoff_ms=UNKNOWN
10,11,0,0.020381,136.736525,,109.888856,,0.064478,0.368161,8.043271,,0.269887,,,route_d2h_host_wait_ms=HOST_WALL;native_call_wall_ms=HOST_WALL;source_wait_ms=UNKNOWN;fill_wait_ms=HOST_WALL;h2d_ms=UNKNOWN;decode_ms=HOST_WALL;expert_compute_ms=HOST_WALL;native_output_sync_wait_ms=HOST_WALL;shared_expert_ms=UNKNOWN;combine_ms=HOST_WALL;orchestration_ms=UNKNOWN;handoff_ms=UNKNOWN
10,12,0,0.022228,58.354475,,31.049991,,0.061631,0.373893,8.058512,,0.326818,,,route_d2h_host_wait_ms=HOST_WALL;native_call_wall_ms=HOST_WALL;source_wait_ms=UNKNOWN;fill_wait_ms=HOST_WALL;h2d_ms=UNKNOWN;decode_ms=HOST_WALL;expert_compute_ms=HOST_WALL;native_output_sync_wait_ms=HOST_WALL;shared_expert_ms=UNKNOWN;combine_ms=HOST_WALL;orchestration_ms=UNKNOWN;handoff_ms=UNKNOWN
10,13,0,0.020123,87.045654,,60.683182,,0.059563,0.332742,8.093752,,0.214186,,,route_d2h_host_wait_ms=HOST_WALL;native_call_wall_ms=HOST_WALL;source_wait_ms=UNKNOWN;fill_wait_ms=HOST_WALL;h2d_ms=UNKNOWN;decode_ms=HOST_WALL;expert_compute_ms=HOST_WALL;native_output_sync_wait_ms=HOST_WALL;shared_expert_ms=UNKNOWN;combine_ms=HOST_WALL;orchestration_ms=UNKNOWN;handoff_ms=UNKNOWN
10,14,0,0.021097,109.214649,,88.276374,,0.076023,0.428122,7.921170,,0.197352,,,route_d2h_host_wait_ms=HOST_WALL;native_call_wall_ms=HOST_WALL;source_wait_ms=UNKNOWN;fill_wait_ms=HOST_WALL;h2d_ms=UNKNOWN;decode_ms=HOST_WALL;expert_compute_ms=HOST_WALL;native_output_sync_wait_ms=HOST_WALL;shared_expert_ms=UNKNOWN;combine_ms=HOST_WALL;orchestration_ms=UNKNOWN;handoff_ms=UNKNOWN
10,15,0,0.022433,57.271611,,34.257939,,0.064790,0.384020,8.002457,,0.203769,,,route_d2h_host_wait_ms=HOST_WALL;native_call_wall_ms=HOST_WALL;source_wait_ms=UNKNOWN;fill_wait_ms=HOST_WALL;h2d_ms=UNKNOWN;decode_ms=HOST_WALL;expert_compute_ms=HOST_WALL;native_output_sync_wait_ms=HOST_WALL;shared_expert_ms=UNKNOWN;combine_ms=HOST_WALL;orchestration_ms=UNKNOWN;handoff_ms=UNKNOWN
10,16,0,0.019859,90.092341,,66.518215,,0.060495,0.342901,8.072980,,0.201896,,,route_d2h_host_wait_ms=HOST_WALL;native_call_wall_ms=HOST_WALL;source_wait_ms=UNKNOWN;fill_wait_ms=HOST_WALL;h2d_ms=UNKNOWN;decode_ms=HOST_WALL;expert_compute_ms=HOST_WALL;native_output_sync_wait_ms=HOST_WALL;shared_expert_ms=UNKNOWN;combine_ms=HOST_WALL;orchestration_ms=UNKNOWN;handoff_ms=UNKNOWN
10,17,0,0.020098,90.744511,,67.130970,,0.065795,0.422881,7.956699,,0.221939,,,route_d2h_host_wait_ms=HOST_WALL;native_call_wall_ms=HOST_WALL;source_wait_ms=UNKNOWN;fill_wait_ms=HOST_WALL;h2d_ms=UNKNOWN;decode_ms=HOST_WALL;expert_compute_ms=HOST_WALL;native_output_sync_wait_ms=HOST_WALL;shared_expert_ms=UNKNOWN;combine_ms=HOST_WALL;orchestration_ms=UNKNOWN;handoff_ms=UNKNOWN
10,18,0,0.034012,205.352227,,181.765270,,0.061395,0.365999,8.012557,,0.225740,,,route_d2h_host_wait_ms=HOST_WALL;native_call_wall_ms=HOST_WALL;source_wait_ms=UNKNOWN;fill_wait_ms=HOST_WALL;h2d_ms=UNKNOWN;decode_ms=HOST_WALL;expert_compute_ms=HOST_WALL;native_output_sync_wait_ms=HOST_WALL;shared_expert_ms=UNKNOWN;combine_ms=HOST_WALL;orchestration_ms=UNKNOWN;handoff_ms=UNKNOWN
10,19,0,0.020817,203.309924,,180.052587,,0.059281,0.351564,8.083438,,0.200858,,,route_d2h_host_wait_ms=HOST_WALL;native_call_wall_ms=HOST_WALL;source_wait_ms=UNKNOWN;fill_wait_ms=HOST_WALL;h2d_ms=UNKNOWN;decode_ms=HOST_WALL;expert_compute_ms=HOST_WALL;native_output_sync_wait_ms=HOST_WALL;shared_expert_ms=UNKNOWN;combine_ms=HOST_WALL;orchestration_ms=UNKNOWN;handoff_ms=UNKNOWN
10,20,0,0.019295,254.202169,,230.890810,,0.077948,0.375979,8.009967,,0.228798,,,route_d2h_host_wait_ms=HOST_WALL;native_call_wall_ms=HOST_WALL;source_wait_ms=UNKNOWN;fill_wait_ms=HOST_WALL;h2d_ms=UNKNOWN;decode_ms=HOST_WALL;expert_compute_ms=HOST_WALL;native_output_sync_wait_ms=HOST_WALL;shared_expert_ms=UNKNOWN;combine_ms=HOST_WALL;orchestration_ms=UNKNOWN;handoff_ms=UNKNOWN
10,21,0,0.020824,200.937969,,177.298871,,0.060722,0.351799,8.083411,,0.214561,,,route_d2h_host_wait_ms=HOST_WALL;native_call_wall_ms=HOST_WALL;source_wait_ms=UNKNOWN;fill_wait_ms=HOST_WALL;h2d_ms=UNKNOWN;decode_ms=HOST_WALL;expert_compute_ms=HOST_WALL;native_output_sync_wait_ms=HOST_WALL;shared_expert_ms=UNKNOWN;combine_ms=HOST_WALL;orchestration_ms=UNKNOWN;handoff_ms=UNKNOWN
10,22,1,0.021695,246.005920,,225.509811,,0.071698,0.428233,7.952670,,0.209458,,,route_d2h_host_wait_ms=HOST_WALL;native_call_wall_ms=HOST_WALL;source_wait_ms=UNKNOWN;fill_wait_ms=HOST_WALL;h2d_ms=UNKNOWN;decode_ms=HOST_WALL;expert_compute_ms=HOST_WALL;native_output_sync_wait_ms=HOST_WALL;shared_expert_ms=UNKNOWN;combine_ms=HOST_WALL;orchestration_ms=UNKNOWN;handoff_ms=UNKNOWN
10,23,1,0.022892,99.664800,,75.715800,,0.068524,0.373547,7.980889,,0.207066,,,route_d2h_host_wait_ms=HOST_WALL;native_call_wall_ms=HOST_WALL;source_wait_ms=UNKNOWN;fill_wait_ms=HOST_WALL;h2d_ms=UNKNOWN;decode_ms=HOST_WALL;expert_compute_ms=HOST_WALL;native_output_sync_wait_ms=HOST_WALL;shared_expert_ms=UNKNOWN;combine_ms=HOST_WALL;orchestration_ms=UNKNOWN;handoff_ms=UNKNOWN
10,24,1,0.021524,25.951633,,0.042666,,0.072145,0.357999,8.038465,,0.194977,,,route_d2h_host_wait_ms=HOST_WALL;native_call_wall_ms=HOST_WALL;source_wait_ms=UNKNOWN;fill_wait_ms=HOST_WALL;h2d_ms=UNKNOWN;decode_ms=HOST_WALL;expert_compute_ms=HOST_WALL;native_output_sync_wait_ms=HOST_WALL;shared_expert_ms=UNKNOWN;combine_ms=HOST_WALL;orchestration_ms=UNKNOWN;handoff_ms=UNKNOWN
10,25,1,0.021895,20.192618,,0.040068,,0.061339,0.402371,8.011529,,0.193291,,,route_d2h_host_wait_ms=HOST_WALL;native_call_wall_ms=HOST_WALL;source_wait_ms=UNKNOWN;fill_wait_ms=HOST_WALL;h2d_ms=UNKNOWN;decode_ms=HOST_WALL;expert_compute_ms=HOST_WALL;native_output_sync_wait_ms=HOST_WALL;shared_expert_ms=UNKNOWN;combine_ms=HOST_WALL;orchestration_ms=UNKNOWN;handoff_ms=UNKNOWN
10,26,1,0.021833,83.960177,,60.454147,,0.068492,0.427361,7.998629,,0.221171,,,route_d2h_host_wait_ms=HOST_WALL;native_call_wall_ms=HOST_WALL;source_wait_ms=UNKNOWN;fill_wait_ms=HOST_WALL;h2d_ms=UNKNOWN;decode_ms=HOST_WALL;expert_compute_ms=HOST_WALL;native_output_sync_wait_ms=HOST_WALL;shared_expert_ms=UNKNOWN;combine_ms=HOST_WALL;orchestration_ms=UNKNOWN;handoff_ms=UNKNOWN
10,27,1,0.061289,75.637785,,53.892201,,0.092261,0.516019,7.777108,,0.458349,,,route_d2h_host_wait_ms=HOST_WALL;native_call_wall_ms=HOST_WALL;source_wait_ms=UNKNOWN;fill_wait_ms=HOST_WALL;h2d_ms=UNKNOWN;decode_ms=HOST_WALL;expert_compute_ms=HOST_WALL;native_output_sync_wait_ms=HOST_WALL;shared_expert_ms=UNKNOWN;combine_ms=HOST_WALL;orchestration_ms=UNKNOWN;handoff_ms=UNKNOWN
10,28,1,0.023308,48.725331,,31.111979,,0.071149,0.461412,7.934535,,0.209948,,,route_d2h_host_wait_ms=HOST_WALL;native_call_wall_ms=HOST_WALL;source_wait_ms=UNKNOWN;fill_wait_ms=HOST_WALL;h2d_ms=UNKNOWN;decode_ms=HOST_WALL;expert_compute_ms=HOST_WALL;native_output_sync_wait_ms=HOST_WALL;shared_expert_ms=UNKNOWN;combine_ms=HOST_WALL;orchestration_ms=UNKNOWN;handoff_ms=UNKNOWN
10,29,1,0.021096,177.650923,,154.684239,,0.068097,0.407983,7.992769,,0.211505,,,route_d2h_host_wait_ms=HOST_WALL;native_call_wall_ms=HOST_WALL;source_wait_ms=UNKNOWN;fill_wait_ms=HOST_WALL;h2d_ms=UNKNOWN;decode_ms=HOST_WALL;expert_compute_ms=HOST_WALL;native_output_sync_wait_ms=HOST_WALL;shared_expert_ms=UNKNOWN;combine_ms=HOST_WALL;orchestration_ms=UNKNOWN;handoff_ms=UNKNOWN
10,30,1,0.020682,145.341022,,125.348849,,0.070059,0.396218,7.975813,,0.189528,,,route_d2h_host_wait_ms=HOST_WALL;native_call_wall_ms=HOST_WALL;source_wait_ms=UNKNOWN;fill_wait_ms=HOST_WALL;h2d_ms=UNKNOWN;decode_ms=HOST_WALL;expert_compute_ms=HOST_WALL;native_output_sync_wait_ms=HOST_WALL;shared_expert_ms=UNKNOWN;combine_ms=HOST_WALL;orchestration_ms=UNKNOWN;handoff_ms=UNKNOWN
10,31,1,0.022900,157.949295,,134.712023,,0.083301,0.394749,7.970878,,0.228091,,,route_d2h_host_wait_ms=HOST_WALL;native_call_wall_ms=HOST_WALL;source_wait_ms=UNKNOWN;fill_wait_ms=HOST_WALL;h2d_ms=UNKNOWN;decode_ms=HOST_WALL;expert_compute_ms=HOST_WALL;native_output_sync_wait_ms=HOST_WALL;shared_expert_ms=UNKNOWN;combine_ms=HOST_WALL;orchestration_ms=UNKNOWN;handoff_ms=UNKNOWN
10,32,1,0.020822,20.201154,,0.040156,,0.061365,0.357790,8.039039,,0.178175,,,route_d2h_host_wait_ms=HOST_WALL;native_call_wall_ms=HOST_WALL;source_wait_ms=UNKNOWN;fill_wait_ms=HOST_WALL;h2d_ms=UNKNOWN;decode_ms=HOST_WALL;expert_compute_ms=HOST_WALL;native_output_sync_wait_ms=HOST_WALL;shared_expert_ms=UNKNOWN;combine_ms=HOST_WALL;orchestration_ms=UNKNOWN;handoff_ms=UNKNOWN
10,33,1,0.019043,20.037876,,0.038733,,0.060001,0.368131,8.075822,,0.170938,,,route_d2h_host_wait_ms=HOST_WALL;native_call_wall_ms=HOST_WALL;source_wait_ms=UNKNOWN;fill_wait_ms=HOST_WALL;h2d_ms=UNKNOWN;decode_ms=HOST_WALL;expert_compute_ms=HOST_WALL;native_output_sync_wait_ms=HOST_WALL;shared_expert_ms=UNKNOWN;combine_ms=HOST_WALL;orchestration_ms=UNKNOWN;handoff_ms=UNKNOWN
10,34,1,0.021341,137.242805,,114.275843,,0.063857,0.362008,8.046841,,0.203732,,,route_d2h_host_wait_ms=HOST_WALL;native_call_wall_ms=HOST_WALL;source_wait_ms=UNKNOWN;fill_wait_ms=HOST_WALL;h2d_ms=UNKNOWN;decode_ms=HOST_WALL;expert_compute_ms=HOST_WALL;native_output_sync_wait_ms=HOST_WALL;shared_expert_ms=UNKNOWN;combine_ms=HOST_WALL;orchestration_ms=UNKNOWN;handoff_ms=UNKNOWN
10,35,1,0.020161,101.177587,,77.845307,,0.086394,0.469268,7.751662,,0.460702,,,route_d2h_host_wait_ms=HOST_WALL;native_call_wall_ms=HOST_WALL;source_wait_ms=UNKNOWN;fill_wait_ms=HOST_WALL;h2d_ms=UNKNOWN;decode_ms=HOST_WALL;expert_compute_ms=HOST_WALL;native_output_sync_wait_ms=HOST_WALL;shared_expert_ms=UNKNOWN;combine_ms=HOST_WALL;orchestration_ms=UNKNOWN;handoff_ms=UNKNOWN
10,36,1,0.029485,92.746451,,69.391767,,0.069588,0.377249,8.011222,,0.202339,,,route_d2h_host_wait_ms=HOST_WALL;native_call_wall_ms=HOST_WALL;source_wait_ms=UNKNOWN;fill_wait_ms=HOST_WALL;h2d_ms=UNKNOWN;decode_ms=HOST_WALL;expert_compute_ms=HOST_WALL;native_output_sync_wait_ms=HOST_WALL;shared_expert_ms=UNKNOWN;combine_ms=HOST_WALL;orchestration_ms=UNKNOWN;handoff_ms=UNKNOWN
10,37,1,0.022653,154.399170,,128.178146,,0.061167,0.338900,8.098068,,0.215348,,,route_d2h_host_wait_ms=HOST_WALL;native_call_wall_ms=HOST_WALL;source_wait_ms=UNKNOWN;fill_wait_ms=HOST_WALL;h2d_ms=UNKNOWN;decode_ms=HOST_WALL;expert_compute_ms=HOST_WALL;native_output_sync_wait_ms=HOST_WALL;shared_expert_ms=UNKNOWN;combine_ms=HOST_WALL;orchestration_ms=UNKNOWN;handoff_ms=UNKNOWN
10,38,1,0.022177,179.071225,,155.598337,,0.070699,0.442044,7.931017,,0.207130,,,route_d2h_host_wait_ms=HOST_WALL;native_call_wall_ms=HOST_WALL;source_wait_ms=UNKNOWN;fill_wait_ms=HOST_WALL;h2d_ms=UNKNOWN;decode_ms=HOST_WALL;expert_compute_ms=HOST_WALL;native_output_sync_wait_ms=HOST_WALL;shared_expert_ms=UNKNOWN;combine_ms=HOST_WALL;orchestration_ms=UNKNOWN;handoff_ms=UNKNOWN
10,39,1,0.022644,166.749912,,140.353834,,0.069640,0.441355,7.953663,,0.206607,,,route_d2h_host_wait_ms=HOST_WALL;native_call_wall_ms=HOST_WALL;source_wait_ms=UNKNOWN;fill_wait_ms=HOST_WALL;h2d_ms=UNKNOWN;decode_ms=HOST_WALL;expert_compute_ms=HOST_WALL;native_output_sync_wait_ms=HOST_WALL;shared_expert_ms=UNKNOWN;combine_ms=HOST_WALL;orchestration_ms=UNKNOWN;handoff_ms=UNKNOWN
10,40,1,0.022697,188.006569,,164.698450,,0.069423,0.409586,8.028675,,0.225996,,,route_d2h_host_wait_ms=HOST_WALL;native_call_wall_ms=HOST_WALL;source_wait_ms=UNKNOWN;fill_wait_ms=HOST_WALL;h2d_ms=UNKNOWN;decode_ms=HOST_WALL;expert_compute_ms=HOST_WALL;native_output_sync_wait_ms=HOST_WALL;shared_expert_ms=UNKNOWN;combine_ms=HOST_WALL;orchestration_ms=UNKNOWN;handoff_ms=UNKNOWN
10,41,1,0.022160,95.927777,,72.567461,,0.068108,0.497725,7.873357,,0.233076,,,route_d2h_host_wait_ms=HOST_WALL;native_call_wall_ms=HOST_WALL;source_wait_ms=UNKNOWN;fill_wait_ms=HOST_WALL;h2d_ms=UNKNOWN;decode_ms=HOST_WALL;expert_compute_ms=HOST_WALL;native_output_sync_wait_ms=HOST_WALL;shared_expert_ms=UNKNOWN;combine_ms=HOST_WALL;orchestration_ms=UNKNOWN;handoff_ms=UNKNOWN
10,42,1,0.028361,207.651100,,184.193644,,0.062300,0.383295,8.044427,,0.203550,,,route_d2h_host_wait_ms=HOST_WALL;native_call_wall_ms=HOST_WALL;source_wait_ms=UNKNOWN;fill_wait_ms=HOST_WALL;h2d_ms=UNKNOWN;decode_ms=HOST_WALL;expert_compute_ms=HOST_WALL;native_output_sync_wait_ms=HOST_WALL;shared_expert_ms=UNKNOWN;combine_ms=HOST_WALL;orchestration_ms=UNKNOWN;handoff_ms=UNKNOWN
11,0,0,0.023234,219.946107,,193.817636,,0.064244,0.422715,7.979671,,0.206697,,,route_d2h_host_wait_ms=HOST_WALL;native_call_wall_ms=HOST_WALL;source_wait_ms=UNKNOWN;fill_wait_ms=HOST_WALL;h2d_ms=UNKNOWN;decode_ms=HOST_WALL;expert_compute_ms=HOST_WALL;native_output_sync_wait_ms=HOST_WALL;shared_expert_ms=UNKNOWN;combine_ms=HOST_WALL;orchestration_ms=UNKNOWN;handoff_ms=UNKNOWN
11,1,0,0.020631,259.004154,,233.094596,,0.061544,0.373805,8.049210,,0.214852,,,route_d2h_host_wait_ms=HOST_WALL;native_call_wall_ms=HOST_WALL;source_wait_ms=UNKNOWN;fill_wait_ms=HOST_WALL;h2d_ms=UNKNOWN;decode_ms=HOST_WALL;expert_compute_ms=HOST_WALL;native_output_sync_wait_ms=HOST_WALL;shared_expert_ms=UNKNOWN;combine_ms=HOST_WALL;orchestration_ms=UNKNOWN;handoff_ms=UNKNOWN
11,2,0,0.021049,305.381775,,282.038850,,0.066420,0.379389,8.006542,,0.418419,,,route_d2h_host_wait_ms=HOST_WALL;native_call_wall_ms=HOST_WALL;source_wait_ms=UNKNOWN;fill_wait_ms=HOST_WALL;h2d_ms=UNKNOWN;decode_ms=HOST_WALL;expert_compute_ms=HOST_WALL;native_output_sync_wait_ms=HOST_WALL;shared_expert_ms=UNKNOWN;combine_ms=HOST_WALL;orchestration_ms=UNKNOWN;handoff_ms=UNKNOWN
11,3,0,0.019276,152.089444,,125.637956,,0.060289,0.345989,8.073386,,0.198303,,,route_d2h_host_wait_ms=HOST_WALL;native_call_wall_ms=HOST_WALL;source_wait_ms=UNKNOWN;fill_wait_ms=HOST_WALL;h2d_ms=UNKNOWN;decode_ms=HOST_WALL;expert_compute_ms=HOST_WALL;native_output_sync_wait_ms=HOST_WALL;shared_expert_ms=UNKNOWN;combine_ms=HOST_WALL;orchestration_ms=UNKNOWN;handoff_ms=UNKNOWN
11,4,0,0.053852,197.340589,,174.392136,,0.064540,0.371220,8.018808,,0.219050,,,route_d2h_host_wait_ms=HOST_WALL;native_call_wall_ms=HOST_WALL;source_wait_ms=UNKNOWN;fill_wait_ms=HOST_WALL;h2d_ms=UNKNOWN;decode_ms=HOST_WALL;expert_compute_ms=HOST_WALL;native_output_sync_wait_ms=HOST_WALL;shared_expert_ms=UNKNOWN;combine_ms=HOST_WALL;orchestration_ms=UNKNOWN;handoff_ms=UNKNOWN
11,5,0,0.022787,97.696262,,74.429966,,0.081455,0.425949,8.009611,,0.256316,,,route_d2h_host_wait_ms=HOST_WALL;native_call_wall_ms=HOST_WALL;source_wait_ms=UNKNOWN;fill_wait_ms=HOST_WALL;h2d_ms=UNKNOWN;decode_ms=HOST_WALL;expert_compute_ms=HOST_WALL;native_output_sync_wait_ms=HOST_WALL;shared_expert_ms=UNKNOWN;combine_ms=HOST_WALL;orchestration_ms=UNKNOWN;handoff_ms=UNKNOWN
11,6,0,0.075749,224.127129,,197.907087,,0.060800,0.383302,8.009313,,0.251375,,,route_d2h_host_wait_ms=HOST_WALL;native_call_wall_ms=HOST_WALL;source_wait_ms=UNKNOWN;fill_wait_ms=HOST_WALL;h2d_ms=UNKNOWN;decode_ms=HOST_WALL;expert_compute_ms=HOST_WALL;native_output_sync_wait_ms=HOST_WALL;shared_expert_ms=UNKNOWN;combine_ms=HOST_WALL;orchestration_ms=UNKNOWN;handoff_ms=UNKNOWN
11,7,0,0.020665,57.046957,,29.817159,,0.062739,0.363153,8.049284,,0.239283,,,route_d2h_host_wait_ms=HOST_WALL;native_call_wall_ms=HOST_WALL;source_wait_ms=UNKNOWN;fill_wait_ms=HOST_WALL;h2d_ms=UNKNOWN;decode_ms=HOST_WALL;expert_compute_ms=HOST_WALL;native_output_sync_wait_ms=HOST_WALL;shared_expert_ms=UNKNOWN;combine_ms=HOST_WALL;orchestration_ms=UNKNOWN;handoff_ms=UNKNOWN
11,8,0,0.023021,81.030675,,57.513352,,0.079525,0.422971,7.943037,,0.205441,,,route_d2h_host_wait_ms=HOST_WALL;native_call_wall_ms=HOST_WALL;source_wait_ms=UNKNOWN;fill_wait_ms=HOST_WALL;h2d_ms=UNKNOWN;decode_ms=HOST_WALL;expert_compute_ms=HOST_WALL;native_output_sync_wait_ms=HOST_WALL;shared_expert_ms=UNKNOWN;combine_ms=HOST_WALL;orchestration_ms=UNKNOWN;handoff_ms=UNKNOWN
11,9,0,0.021967,119.611433,,92.613829,,0.063663,0.374874,8.032643,,0.216369,,,route_d2h_host_wait_ms=HOST_WALL;native_call_wall_ms=HOST_WALL;source_wait_ms=UNKNOWN;fill_wait_ms=HOST_WALL;h2d_ms=UNKNOWN;decode_ms=HOST_WALL;expert_compute_ms=HOST_WALL;native_output_sync_wait_ms=HOST_WALL;shared_expert_ms=UNKNOWN;combine_ms=HOST_WALL;orchestration_ms=UNKNOWN;handoff_ms=UNKNOWN
11,10,0,0.020848,141.357273,,117.653442,,0.068765,0.421548,7.977201,,0.198901,,,route_d2h_host_wait_ms=HOST_WALL;native_call_wall_ms=HOST_WALL;source_wait_ms=UNKNOWN;fill_wait_ms=HOST_WALL;h2d_ms=UNKNOWN;decode_ms=HOST_WALL;expert_compute_ms=HOST_WALL;native_output_sync_wait_ms=HOST_WALL;shared_expert_ms=UNKNOWN;combine_ms=HOST_WALL;orchestration_ms=UNKNOWN;handoff_ms=UNKNOWN
11,11,0,0.025950,20.505056,,0.052062,,0.054941,0.335765,8.097239,,0.168566,,,route_d2h_host_wait_ms=HOST_WALL;native_call_wall_ms=HOST_WALL;source_wait_ms=UNKNOWN;fill_wait_ms=HOST_WALL;h2d_ms=UNKNOWN;decode_ms=HOST_WALL;expert_compute_ms=HOST_WALL;native_output_sync_wait_ms=HOST_WALL;shared_expert_ms=UNKNOWN;combine_ms=HOST_WALL;orchestration_ms=UNKNOWN;handoff_ms=UNKNOWN
11,12,0,0.019071,110.217869,,86.869948,,0.065871,0.406613,7.957290,,0.212886,,,route_d2h_host_wait_ms=HOST_WALL;native_call_wall_ms=HOST_WALL;source_wait_ms=UNKNOWN;fill_wait_ms=HOST_WALL;h2d_ms=UNKNOWN;decode_ms=HOST_WALL;expert_compute_ms=HOST_WALL;native_output_sync_wait_ms=HOST_WALL;shared_expert_ms=UNKNOWN;combine_ms=HOST_WALL;orchestration_ms=UNKNOWN;handoff_ms=UNKNOWN
11,13,0,0.021528,206.537861,,182.964199,,0.061076,0.348643,8.068597,,0.207094,,,route_d2h_host_wait_ms=HOST_WALL;native_call_wall_ms=HOST_WALL;source_wait_ms=UNKNOWN;fill_wait_ms=HOST_WALL;h2d_ms=UNKNOWN;decode_ms=HOST_WALL;expert_compute_ms=HOST_WALL;native_output_sync_wait_ms=HOST_WALL;shared_expert_ms=UNKNOWN;combine_ms=HOST_WALL;orchestration_ms=UNKNOWN;handoff_ms=UNKNOWN
11,14,0,0.019343,148.367380,,122.306598,,0.059795,0.391018,8.029778,,0.214485,,,route_d2h_host_wait_ms=HOST_WALL;native_call_wall_ms=HOST_WALL;source_wait_ms=UNKNOWN;fill_wait_ms=HOST_WALL;h2d_ms=UNKNOWN;decode_ms=HOST_WALL;expert_compute_ms=HOST_WALL;native_output_sync_wait_ms=HOST_WALL;shared_expert_ms=UNKNOWN;combine_ms=HOST_WALL;orchestration_ms=UNKNOWN;handoff_ms=UNKNOWN
11,15,0,0.021123,198.775409,,175.483135,,0.071740,0.346186,8.068030,,0.208691,,,route_d2h_host_wait_ms=HOST_WALL;native_call_wall_ms=HOST_WALL;source_wait_ms=UNKNOWN;fill_wait_ms=HOST_WALL;h2d_ms=UNKNOWN;decode_ms=HOST_WALL;expert_compute_ms=HOST_WALL;native_output_sync_wait_ms=HOST_WALL;shared_expert_ms=UNKNOWN;combine_ms=HOST_WALL;orchestration_ms=UNKNOWN;handoff_ms=UNKNOWN
11,16,0,0.044645,88.466327,,65.302202,,0.071010,0.372924,8.040012,,0.227639,,,route_d2h_host_wait_ms=HOST_WALL;native_call_wall_ms=HOST_WALL;source_wait_ms=UNKNOWN;fill_wait_ms=HOST_WALL;h2d_ms=UNKNOWN;decode_ms=HOST_WALL;expert_compute_ms=HOST_WALL;native_output_sync_wait_ms=HOST_WALL;shared_expert_ms=UNKNOWN;combine_ms=HOST_WALL;orchestration_ms=UNKNOWN;handoff_ms=UNKNOWN
11,17,0,0.019864,98.234119,,76.931361,,0.069344,0.403441,7.963867,,0.244597,,,route_d2h_host_wait_ms=HOST_WALL;native_call_wall_ms=HOST_WALL;source_wait_ms=UNKNOWN;fill_wait_ms=HOST_WALL;h2d_ms=UNKNOWN;decode_ms=HOST_WALL;expert_compute_ms=HOST_WALL;native_output_sync_wait_ms=HOST_WALL;shared_expert_ms=UNKNOWN;combine_ms=HOST_WALL;orchestration_ms=UNKNOWN;handoff_ms=UNKNOWN
11,18,0,0.021067,262.320376,,235.475124,,0.062642,0.403777,7.998899,,0.230285,,,route_d2h_host_wait_ms=HOST_WALL;native_call_wall_ms=HOST_WALL;source_wait_ms=UNKNOWN;fill_wait_ms=HOST_WALL;h2d_ms=UNKNOWN;decode_ms=HOST_WALL;expert_compute_ms=HOST_WALL;native_output_sync_wait_ms=HOST_WALL;shared_expert_ms=UNKNOWN;combine_ms=HOST_WALL;orchestration_ms=UNKNOWN;handoff_ms=UNKNOWN
11,19,0,0.023290,141.865651,,121.495869,,0.080983,0.416519,7.958217,,0.216204,,,route_d2h_host_wait_ms=HOST_WALL;native_call_wall_ms=HOST_WALL;source_wait_ms=UNKNOWN;fill_wait_ms=HOST_WALL;h2d_ms=UNKNOWN;decode_ms=HOST_WALL;expert_compute_ms=HOST_WALL;native_output_sync_wait_ms=HOST_WALL;shared_expert_ms=UNKNOWN;combine_ms=HOST_WALL;orchestration_ms=UNKNOWN;handoff_ms=UNKNOWN
11,20,0,0.021098,264.457037,,238.403100,,0.068753,0.365106,8.037296,,0.194608,,,route_d2h_host_wait_ms=HOST_WALL;native_call_wall_ms=HOST_WALL;source_wait_ms=UNKNOWN;fill_wait_ms=HOST_WALL;h2d_ms=UNKNOWN;decode_ms=HOST_WALL;expert_compute_ms=HOST_WALL;native_output_sync_wait_ms=HOST_WALL;shared_expert_ms=UNKNOWN;combine_ms=HOST_WALL;orchestration_ms=UNKNOWN;handoff_ms=UNKNOWN
11,21,0,0.021170,93.192768,,69.050384,,0.103701,0.387792,7.985556,,0.213454,,,route_d2h_host_wait_ms=HOST_WALL;native_call_wall_ms=HOST_WALL;source_wait_ms=UNKNOWN;fill_wait_ms=HOST_WALL;h2d_ms=UNKNOWN;decode_ms=HOST_WALL;expert_compute_ms=HOST_WALL;native_output_sync_wait_ms=HOST_WALL;shared_expert_ms=UNKNOWN;combine_ms=HOST_WALL;orchestration_ms=UNKNOWN;handoff_ms=UNKNOWN
11,22,1,0.021472,149.990533,,123.220106,,0.081462,0.404350,7.972655,,0.220682,,,route_d2h_host_wait_ms=HOST_WALL;native_call_wall_ms=HOST_WALL;source_wait_ms=UNKNOWN;fill_wait_ms=HOST_WALL;h2d_ms=UNKNOWN;decode_ms=HOST_WALL;expert_compute_ms=HOST_WALL;native_output_sync_wait_ms=HOST_WALL;shared_expert_ms=UNKNOWN;combine_ms=HOST_WALL;orchestration_ms=UNKNOWN;handoff_ms=UNKNOWN
11,23,1,0.019913,53.462973,,30.248167,,0.063695,0.382382,7.993289,,0.189595,,,route_d2h_host_wait_ms=HOST_WALL;native_call_wall_ms=HOST_WALL;source_wait_ms=UNKNOWN;fill_wait_ms=HOST_WALL;h2d_ms=UNKNOWN;decode_ms=HOST_WALL;expert_compute_ms=HOST_WALL;native_output_sync_wait_ms=HOST_WALL;shared_expert_ms=UNKNOWN;combine_ms=HOST_WALL;orchestration_ms=UNKNOWN;handoff_ms=UNKNOWN
11,24,1,0.020907,78.610170,,58.352105,,0.067492,0.353979,8.038971,,0.193667,,,route_d2h_host_wait_ms=HOST_WALL;native_call_wall_ms=HOST_WALL;source_wait_ms=UNKNOWN;fill_wait_ms=HOST_WALL;h2d_ms=UNKNOWN;decode_ms=HOST_WALL;expert_compute_ms=HOST_WALL;native_output_sync_wait_ms=HOST_WALL;shared_expert_ms=UNKNOWN;combine_ms=HOST_WALL;orchestration_ms=UNKNOWN;handoff_ms=UNKNOWN
11,25,1,0.022524,53.524110,,33.057343,,0.064088,0.362244,8.075241,,0.196098,,,route_d2h_host_wait_ms=HOST_WALL;native_call_wall_ms=HOST_WALL;source_wait_ms=UNKNOWN;fill_wait_ms=HOST_WALL;h2d_ms=UNKNOWN;decode_ms=HOST_WALL;expert_compute_ms=HOST_WALL;native_output_sync_wait_ms=HOST_WALL;shared_expert_ms=UNKNOWN;combine_ms=HOST_WALL;orchestration_ms=UNKNOWN;handoff_ms=UNKNOWN
11,26,1,0.019656,143.885664,,123.141427,,0.082864,0.399610,8.000193,,0.219530,,,route_d2h_host_wait_ms=HOST_WALL;native_call_wall_ms=HOST_WALL;source_wait_ms=UNKNOWN;fill_wait_ms=HOST_WALL;h2d_ms=UNKNOWN;decode_ms=HOST_WALL;expert_compute_ms=HOST_WALL;native_output_sync_wait_ms=HOST_WALL;shared_expert_ms=UNKNOWN;combine_ms=HOST_WALL;orchestration_ms=UNKNOWN;handoff_ms=UNKNOWN
11,27,1,0.023039,201.306909,,177.959389,,0.063641,0.363171,8.032519,,0.226957,,,route_d2h_host_wait_ms=HOST_WALL;native_call_wall_ms=HOST_WALL;source_wait_ms=UNKNOWN;fill_wait_ms=HOST_WALL;h2d_ms=UNKNOWN;decode_ms=HOST_WALL;expert_compute_ms=HOST_WALL;native_output_sync_wait_ms=HOST_WALL;shared_expert_ms=UNKNOWN;combine_ms=HOST_WALL;orchestration_ms=UNKNOWN;handoff_ms=UNKNOWN
11,28,1,0.019237,148.040276,,121.264153,,0.069626,0.421064,7.965732,,0.215228,,,route_d2h_host_wait_ms=HOST_WALL;native_call_wall_ms=HOST_WALL;source_wait_ms=UNKNOWN;fill_wait_ms=HOST_WALL;h2d_ms=UNKNOWN;decode_ms=HOST_WALL;expert_compute_ms=HOST_WALL;native_output_sync_wait_ms=HOST_WALL;shared_expert_ms=UNKNOWN;combine_ms=HOST_WALL;orchestration_ms=UNKNOWN;handoff_ms=UNKNOWN
11,29,1,0.023056,54.489316,,33.792353,,0.064909,0.384268,8.027599,,0.203929,,,route_d2h_host_wait_ms=HOST_WALL;native_call_wall_ms=HOST_WALL;source_wait_ms=UNKNOWN;fill_wait_ms=HOST_WALL;h2d_ms=UNKNOWN;decode_ms=HOST_WALL;expert_compute_ms=HOST_WALL;native_output_sync_wait_ms=HOST_WALL;shared_expert_ms=UNKNOWN;combine_ms=HOST_WALL;orchestration_ms=UNKNOWN;handoff_ms=UNKNOWN
11,30,1,0.021189,134.422523,,110.663237,,0.069801,0.395775,7.992675,,0.220602,,,route_d2h_host_wait_ms=HOST_WALL;native_call_wall_ms=HOST_WALL;source_wait_ms=UNKNOWN;fill_wait_ms=HOST_WALL;h2d_ms=UNKNOWN;decode_ms=HOST_WALL;expert_compute_ms=HOST_WALL;native_output_sync_wait_ms=HOST_WALL;shared_expert_ms=UNKNOWN;combine_ms=HOST_WALL;orchestration_ms=UNKNOWN;handoff_ms=UNKNOWN
11,31,1,0.039396,53.906473,,30.804055,,0.062059,0.361259,8.011502,,0.187781,,,route_d2h_host_wait_ms=HOST_WALL;native_call_wall_ms=HOST_WALL;source_wait_ms=UNKNOWN;fill_wait_ms=HOST_WALL;h2d_ms=UNKNOWN;decode_ms=HOST_WALL;expert_compute_ms=HOST_WALL;native_output_sync_wait_ms=HOST_WALL;shared_expert_ms=UNKNOWN;combine_ms=HOST_WALL;orchestration_ms=UNKNOWN;handoff_ms=UNKNOWN
11,32,1,0.021358,55.173641,,31.678213,,0.073609,0.423927,8.019130,,0.208782,,,route_d2h_host_wait_ms=HOST_WALL;native_call_wall_ms=HOST_WALL;source_wait_ms=UNKNOWN;fill_wait_ms=HOST_WALL;h2d_ms=UNKNOWN;decode_ms=HOST_WALL;expert_compute_ms=HOST_WALL;native_output_sync_wait_ms=HOST_WALL;shared_expert_ms=UNKNOWN;combine_ms=HOST_WALL;orchestration_ms=UNKNOWN;handoff_ms=UNKNOWN
11,33,1,0.032140,71.901682,,48.821312,,0.067712,0.380304,7.998928,,0.248562,,,route_d2h_host_wait_ms=HOST_WALL;native_call_wall_ms=HOST_WALL;source_wait_ms=UNKNOWN;fill_wait_ms=HOST_WALL;h2d_ms=UNKNOWN;decode_ms=HOST_WALL;expert_compute_ms=HOST_WALL;native_output_sync_wait_ms=HOST_WALL;shared_expert_ms=UNKNOWN;combine_ms=HOST_WALL;orchestration_ms=UNKNOWN;handoff_ms=UNKNOWN
11,34,1,0.022568,94.750583,,71.616731,,0.064199,0.361283,8.025231,,0.231234,,,route_d2h_host_wait_ms=HOST_WALL;native_call_wall_ms=HOST_WALL;source_wait_ms=UNKNOWN;fill_wait_ms=HOST_WALL;h2d_ms=UNKNOWN;decode_ms=HOST_WALL;expert_compute_ms=HOST_WALL;native_output_sync_wait_ms=HOST_WALL;shared_expert_ms=UNKNOWN;combine_ms=HOST_WALL;orchestration_ms=UNKNOWN;handoff_ms=UNKNOWN
11,35,1,0.020607,98.485768,,74.866551,,0.068804,0.408829,7.991807,,0.220950,,,route_d2h_host_wait_ms=HOST_WALL;native_call_wall_ms=HOST_WALL;source_wait_ms=UNKNOWN;fill_wait_ms=HOST_WALL;h2d_ms=UNKNOWN;decode_ms=HOST_WALL;expert_compute_ms=HOST_WALL;native_output_sync_wait_ms=HOST_WALL;shared_expert_ms=UNKNOWN;combine_ms=HOST_WALL;orchestration_ms=UNKNOWN;handoff_ms=UNKNOWN
11,36,1,0.022132,156.636251,,136.231054,,0.068289,0.447037,7.924155,,0.220811,,,route_d2h_host_wait_ms=HOST_WALL;native_call_wall_ms=HOST_WALL;source_wait_ms=UNKNOWN;fill_wait_ms=HOST_WALL;h2d_ms=UNKNOWN;decode_ms=HOST_WALL;expert_compute_ms=HOST_WALL;native_output_sync_wait_ms=HOST_WALL;shared_expert_ms=UNKNOWN;combine_ms=HOST_WALL;orchestration_ms=UNKNOWN;handoff_ms=UNKNOWN
11,37,1,0.022461,57.902100,,34.973221,,0.066880,0.415209,7.943898,,0.209683,,,route_d2h_host_wait_ms=HOST_WALL;native_call_wall_ms=HOST_WALL;source_wait_ms=UNKNOWN;fill_wait_ms=HOST_WALL;h2d_ms=UNKNOWN;decode_ms=HOST_WALL;expert_compute_ms=HOST_WALL;native_output_sync_wait_ms=HOST_WALL;shared_expert_ms=UNKNOWN;combine_ms=HOST_WALL;orchestration_ms=UNKNOWN;handoff_ms=UNKNOWN
11,38,1,0.021529,40.770826,,17.600632,,0.064360,0.410779,7.981618,,0.235037,,,route_d2h_host_wait_ms=HOST_WALL;native_call_wall_ms=HOST_WALL;source_wait_ms=UNKNOWN;fill_wait_ms=HOST_WALL;h2d_ms=UNKNOWN;decode_ms=HOST_WALL;expert_compute_ms=HOST_WALL;native_output_sync_wait_ms=HOST_WALL;shared_expert_ms=UNKNOWN;combine_ms=HOST_WALL;orchestration_ms=UNKNOWN;handoff_ms=UNKNOWN
11,39,1,0.021143,113.473266,,87.910308,,0.068762,0.363318,8.032130,,0.232578,,,route_d2h_host_wait_ms=HOST_WALL;native_call_wall_ms=HOST_WALL;source_wait_ms=UNKNOWN;fill_wait_ms=HOST_WALL;h2d_ms=UNKNOWN;decode_ms=HOST_WALL;expert_compute_ms=HOST_WALL;native_output_sync_wait_ms=HOST_WALL;shared_expert_ms=UNKNOWN;combine_ms=HOST_WALL;orchestration_ms=UNKNOWN;handoff_ms=UNKNOWN
11,40,1,0.022701,191.165239,,167.606386,,0.066107,0.423536,8.012313,,0.219560,,,route_d2h_host_wait_ms=HOST_WALL;native_call_wall_ms=HOST_WALL;source_wait_ms=UNKNOWN;fill_wait_ms=HOST_WALL;h2d_ms=UNKNOWN;decode_ms=HOST_WALL;expert_compute_ms=HOST_WALL;native_output_sync_wait_ms=HOST_WALL;shared_expert_ms=UNKNOWN;combine_ms=HOST_WALL;orchestration_ms=UNKNOWN;handoff_ms=UNKNOWN
11,41,1,0.020142,317.358000,,291.255749,,0.064958,0.396465,8.004121,,0.197449,,,route_d2h_host_wait_ms=HOST_WALL;native_call_wall_ms=HOST_WALL;source_wait_ms=UNKNOWN;fill_wait_ms=HOST_WALL;h2d_ms=UNKNOWN;decode_ms=HOST_WALL;expert_compute_ms=HOST_WALL;native_output_sync_wait_ms=HOST_WALL;shared_expert_ms=UNKNOWN;combine_ms=HOST_WALL;orchestration_ms=UNKNOWN;handoff_ms=UNKNOWN
11,42,1,0.020578,310.849757,,284.924671,,0.070037,0.411279,7.964184,,0.203812,,,route_d2h_host_wait_ms=HOST_WALL;native_call_wall_ms=HOST_WALL;source_wait_ms=UNKNOWN;fill_wait_ms=HOST_WALL;h2d_ms=UNKNOWN;decode_ms=HOST_WALL;expert_compute_ms=HOST_WALL;native_output_sync_wait_ms=HOST_WALL;shared_expert_ms=UNKNOWN;combine_ms=HOST_WALL;orchestration_ms=UNKNOWN;handoff_ms=UNKNOWN
12,0,0,0.023975,275.110181,,248.712884,,0.060270,0.338378,8.089871,,0.222618,,,route_d2h_host_wait_ms=HOST_WALL;native_call_wall_ms=HOST_WALL;source_wait_ms=UNKNOWN;fill_wait_ms=HOST_WALL;h2d_ms=UNKNOWN;decode_ms=HOST_WALL;expert_compute_ms=HOST_WALL;native_output_sync_wait_ms=HOST_WALL;shared_expert_ms=UNKNOWN;combine_ms=HOST_WALL;orchestration_ms=UNKNOWN;handoff_ms=UNKNOWN
12,1,0,0.020035,315.181007,,288.674709,,0.061418,0.361156,8.054397,,0.197383,,,route_d2h_host_wait_ms=HOST_WALL;native_call_wall_ms=HOST_WALL;source_wait_ms=UNKNOWN;fill_wait_ms=HOST_WALL;h2d_ms=UNKNOWN;decode_ms=HOST_WALL;expert_compute_ms=HOST_WALL;native_output_sync_wait_ms=HOST_WALL;shared_expert_ms=UNKNOWN;combine_ms=HOST_WALL;orchestration_ms=UNKNOWN;handoff_ms=UNKNOWN
12,2,0,0.021316,250.085444,,224.081684,,0.077412,0.383741,7.984810,,0.222225,,,route_d2h_host_wait_ms=HOST_WALL;native_call_wall_ms=HOST_WALL;source_wait_ms=UNKNOWN;fill_wait_ms=HOST_WALL;h2d_ms=UNKNOWN;decode_ms=HOST_WALL;expert_compute_ms=HOST_WALL;native_output_sync_wait_ms=HOST_WALL;shared_expert_ms=UNKNOWN;combine_ms=HOST_WALL;orchestration_ms=UNKNOWN;handoff_ms=UNKNOWN
12,3,0,0.021026,146.709092,,125.775395,,0.071914,0.427763,7.962873,,0.196498,,,route_d2h_host_wait_ms=HOST_WALL;native_call_wall_ms=HOST_WALL;source_wait_ms=UNKNOWN;fill_wait_ms=HOST_WALL;h2d_ms=UNKNOWN;decode_ms=HOST_WALL;expert_compute_ms=HOST_WALL;native_output_sync_wait_ms=HOST_WALL;shared_expert_ms=UNKNOWN;combine_ms=HOST_WALL;orchestration_ms=UNKNOWN;handoff_ms=UNKNOWN
12,4,0,0.020369,53.983321,,32.496146,,0.063916,0.360511,8.047322,,0.362977,,,route_d2h_host_wait_ms=HOST_WALL;native_call_wall_ms=HOST_WALL;source_wait_ms=UNKNOWN;fill_wait_ms=HOST_WALL;h2d_ms=UNKNOWN;decode_ms=HOST_WALL;expert_compute_ms=HOST_WALL;native_output_sync_wait_ms=HOST_WALL;shared_expert_ms=UNKNOWN;combine_ms=HOST_WALL;orchestration_ms=UNKNOWN;handoff_ms=UNKNOWN
12,5,0,0.032957,195.651494,,175.332100,,0.063306,0.492317,7.915022,,0.198944,,,route_d2h_host_wait_ms=HOST_WALL;native_call_wall_ms=HOST_WALL;source_wait_ms=UNKNOWN;fill_wait_ms=HOST_WALL;h2d_ms=UNKNOWN;decode_ms=HOST_WALL;expert_compute_ms=HOST_WALL;native_output_sync_wait_ms=HOST_WALL;shared_expert_ms=UNKNOWN;combine_ms=HOST_WALL;orchestration_ms=UNKNOWN;handoff_ms=UNKNOWN
12,6,0,0.039676,55.970952,,33.355326,,0.062399,0.362771,8.057008,,0.207467,,,route_d2h_host_wait_ms=HOST_WALL;native_call_wall_ms=HOST_WALL;source_wait_ms=UNKNOWN;fill_wait_ms=HOST_WALL;h2d_ms=UNKNOWN;decode_ms=HOST_WALL;expert_compute_ms=HOST_WALL;native_output_sync_wait_ms=HOST_WALL;shared_expert_ms=UNKNOWN;combine_ms=HOST_WALL;orchestration_ms=UNKNOWN;handoff_ms=UNKNOWN
12,7,0,0.022689,51.572323,,31.151462,,0.059884,0.352567,8.071414,,0.185843,,,route_d2h_host_wait_ms=HOST_WALL;native_call_wall_ms=HOST_WALL;source_wait_ms=UNKNOWN;fill_wait_ms=HOST_WALL;h2d_ms=UNKNOWN;decode_ms=HOST_WALL;expert_compute_ms=HOST_WALL;native_output_sync_wait_ms=HOST_WALL;shared_expert_ms=UNKNOWN;combine_ms=HOST_WALL;orchestration_ms=UNKNOWN;handoff_ms=UNKNOWN
12,8,0,0.021788,84.576221,,60.843684,,0.059934,0.381026,8.032114,,0.226278,,,route_d2h_host_wait_ms=HOST_WALL;native_call_wall_ms=HOST_WALL;source_wait_ms=UNKNOWN;fill_wait_ms=HOST_WALL;h2d_ms=UNKNOWN;decode_ms=HOST_WALL;expert_compute_ms=HOST_WALL;native_output_sync_wait_ms=HOST_WALL;shared_expert_ms=UNKNOWN;combine_ms=HOST_WALL;orchestration_ms=UNKNOWN;handoff_ms=UNKNOWN
12,9,0,0.021757,169.760065,,145.908977,,0.064294,0.455927,7.929403,,0.196375,,,route_d2h_host_wait_ms=HOST_WALL;native_call_wall_ms=HOST_WALL;source_wait_ms=UNKNOWN;fill_wait_ms=HOST_WALL;h2d_ms=UNKNOWN;decode_ms=HOST_WALL;expert_compute_ms=HOST_WALL;native_output_sync_wait_ms=HOST_WALL;shared_expert_ms=UNKNOWN;combine_ms=HOST_WALL;orchestration_ms=UNKNOWN;handoff_ms=UNKNOWN
12,10,0,0.019871,72.768854,,52.551991,,0.062072,0.385650,8.024526,,0.223631,,,route_d2h_host_wait_ms=HOST_WALL;native_call_wall_ms=HOST_WALL;source_wait_ms=UNKNOWN;fill_wait_ms=HOST_WALL;h2d_ms=UNKNOWN;decode_ms=HOST_WALL;expert_compute_ms=HOST_WALL;native_output_sync_wait_ms=HOST_WALL;shared_expert_ms=UNKNOWN;combine_ms=HOST_WALL;orchestration_ms=UNKNOWN;handoff_ms=UNKNOWN
12,11,0,0.019374,127.510894,,104.205825,,0.073227,0.382242,8.007875,,0.236178,,,route_d2h_host_wait_ms=HOST_WALL;native_call_wall_ms=HOST_WALL;source_wait_ms=UNKNOWN;fill_wait_ms=HOST_WALL;h2d_ms=UNKNOWN;decode_ms=HOST_WALL;expert_compute_ms=HOST_WALL;native_output_sync_wait_ms=HOST_WALL;shared_expert_ms=UNKNOWN;combine_ms=HOST_WALL;orchestration_ms=UNKNOWN;handoff_ms=UNKNOWN
12,12,0,0.022210,161.584162,,134.474720,,0.063228,0.380773,8.037620,,0.234820,,,route_d2h_host_wait_ms=HOST_WALL;native_call_wall_ms=HOST_WALL;source_wait_ms=UNKNOWN;fill_wait_ms=HOST_WALL;h2d_ms=UNKNOWN;decode_ms=HOST_WALL;expert_compute_ms=HOST_WALL;native_output_sync_wait_ms=HOST_WALL;shared_expert_ms=UNKNOWN;combine_ms=HOST_WALL;orchestration_ms=UNKNOWN;handoff_ms=UNKNOWN
12,13,0,0.019381,138.032926,,110.990597,,0.063234,0.369455,8.047714,,0.242616,,,route_d2h_host_wait_ms=HOST_WALL;native_call_wall_ms=HOST_WALL;source_wait_ms=UNKNOWN;fill_wait_ms=HOST_WALL;h2d_ms=UNKNOWN;decode_ms=HOST_WALL;expert_compute_ms=HOST_WALL;native_output_sync_wait_ms=HOST_WALL;shared_expert_ms=UNKNOWN;combine_ms=HOST_WALL;orchestration_ms=UNKNOWN;handoff_ms=UNKNOWN
12,14,0,0.023912,57.361869,,36.348978,,0.064756,0.407913,7.988037,,0.210899,,,route_d2h_host_wait_ms=HOST_WALL;native_call_wall_ms=HOST_WALL;source_wait_ms=UNKNOWN;fill_wait_ms=HOST_WALL;h2d_ms=UNKNOWN;decode_ms=HOST_WALL;expert_compute_ms=HOST_WALL;native_output_sync_wait_ms=HOST_WALL;shared_expert_ms=UNKNOWN;combine_ms=HOST_WALL;orchestration_ms=UNKNOWN;handoff_ms=UNKNOWN
12,15,0,0.024301,53.287921,,32.229688,,0.064236,0.468459,7.934998,,0.240468,,,route_d2h_host_wait_ms=HOST_WALL;native_call_wall_ms=HOST_WALL;source_wait_ms=UNKNOWN;fill_wait_ms=HOST_WALL;h2d_ms=UNKNOWN;decode_ms=HOST_WALL;expert_compute_ms=HOST_WALL;native_output_sync_wait_ms=HOST_WALL;shared_expert_ms=UNKNOWN;combine_ms=HOST_WALL;orchestration_ms=UNKNOWN;handoff_ms=UNKNOWN
12,16,0,0.024689,57.391847,,37.007040,,0.061888,0.416737,7.997106,,0.208892,,,route_d2h_host_wait_ms=HOST_WALL;native_call_wall_ms=HOST_WALL;source_wait_ms=UNKNOWN;fill_wait_ms=HOST_WALL;h2d_ms=UNKNOWN;decode_ms=HOST_WALL;expert_compute_ms=HOST_WALL;native_output_sync_wait_ms=HOST_WALL;shared_expert_ms=UNKNOWN;combine_ms=HOST_WALL;orchestration_ms=UNKNOWN;handoff_ms=UNKNOWN
12,17,0,0.020044,55.416429,,31.461543,,0.075907,0.579598,7.763790,,0.212310,,,route_d2h_host_wait_ms=HOST_WALL;native_call_wall_ms=HOST_WALL;source_wait_ms=UNKNOWN;fill_wait_ms=HOST_WALL;h2d_ms=UNKNOWN;decode_ms=HOST_WALL;expert_compute_ms=HOST_WALL;native_output_sync_wait_ms=HOST_WALL;shared_expert_ms=UNKNOWN;combine_ms=HOST_WALL;orchestration_ms=UNKNOWN;handoff_ms=UNKNOWN
12,18,0,0.022953,54.084887,,30.462887,,0.060808,0.363946,8.032431,,0.216438,,,route_d2h_host_wait_ms=HOST_WALL;native_call_wall_ms=HOST_WALL;source_wait_ms=UNKNOWN;fill_wait_ms=HOST_WALL;h2d_ms=UNKNOWN;decode_ms=HOST_WALL;expert_compute_ms=HOST_WALL;native_output_sync_wait_ms=HOST_WALL;shared_expert_ms=UNKNOWN;combine_ms=HOST_WALL;orchestration_ms=UNKNOWN;handoff_ms=UNKNOWN
12,19,0,0.020135,162.136097,,135.772397,,0.060891,0.406215,8.021962,,0.201860,,,route_d2h_host_wait_ms=HOST_WALL;native_call_wall_ms=HOST_WALL;source_wait_ms=UNKNOWN;fill_wait_ms=HOST_WALL;h2d_ms=UNKNOWN;decode_ms=HOST_WALL;expert_compute_ms=HOST_WALL;native_output_sync_wait_ms=HOST_WALL;shared_expert_ms=UNKNOWN;combine_ms=HOST_WALL;orchestration_ms=UNKNOWN;handoff_ms=UNKNOWN
12,20,0,0.023774,55.851583,,32.603990,,0.069746,0.392718,8.010895,,0.197333,,,route_d2h_host_wait_ms=HOST_WALL;native_call_wall_ms=HOST_WALL;source_wait_ms=UNKNOWN;fill_wait_ms=HOST_WALL;h2d_ms=UNKNOWN;decode_ms=HOST_WALL;expert_compute_ms=HOST_WALL;native_output_sync_wait_ms=HOST_WALL;shared_expert_ms=UNKNOWN;combine_ms=HOST_WALL;orchestration_ms=UNKNOWN;handoff_ms=UNKNOWN
12,21,0,0.033767,130.911926,,107.300452,,0.061587,0.374157,8.048515,,0.217201,,,route_d2h_host_wait_ms=HOST_WALL;native_call_wall_ms=HOST_WALL;source_wait_ms=UNKNOWN;fill_wait_ms=HOST_WALL;h2d_ms=UNKNOWN;decode_ms=HOST_WALL;expert_compute_ms=HOST_WALL;native_output_sync_wait_ms=HOST_WALL;shared_expert_ms=UNKNOWN;combine_ms=HOST_WALL;orchestration_ms=UNKNOWN;handoff_ms=UNKNOWN
12,22,1,0.020083,95.458692,,71.919017,,0.064517,0.337487,8.055545,,0.207574,,,route_d2h_host_wait_ms=HOST_WALL;native_call_wall_ms=HOST_WALL;source_wait_ms=UNKNOWN;fill_wait_ms=HOST_WALL;h2d_ms=UNKNOWN;decode_ms=HOST_WALL;expert_compute_ms=HOST_WALL;native_output_sync_wait_ms=HOST_WALL;shared_expert_ms=UNKNOWN;combine_ms=HOST_WALL;orchestration_ms=UNKNOWN;handoff_ms=UNKNOWN
12,23,1,0.028826,147.891223,,124.700332,,0.066251,0.407985,7.964058,,0.227526,,,route_d2h_host_wait_ms=HOST_WALL;native_call_wall_ms=HOST_WALL;source_wait_ms=UNKNOWN;fill_wait_ms=HOST_WALL;h2d_ms=UNKNOWN;decode_ms=HOST_WALL;expert_compute_ms=HOST_WALL;native_output_sync_wait_ms=HOST_WALL;shared_expert_ms=UNKNOWN;combine_ms=HOST_WALL;orchestration_ms=UNKNOWN;handoff_ms=UNKNOWN
12,24,1,0.021175,101.910230,,75.492885,,0.084122,0.368973,8.021565,,0.217111,,,route_d2h_host_wait_ms=HOST_WALL;native_call_wall_ms=HOST_WALL;source_wait_ms=UNKNOWN;fill_wait_ms=HOST_WALL;h2d_ms=UNKNOWN;decode_ms=HOST_WALL;expert_compute_ms=HOST_WALL;native_output_sync_wait_ms=HOST_WALL;shared_expert_ms=UNKNOWN;combine_ms=HOST_WALL;orchestration_ms=UNKNOWN;handoff_ms=UNKNOWN
12,25,1,0.023119,253.850114,,230.445459,,0.063832,0.404248,8.002633,,0.221962,,,route_d2h_host_wait_ms=HOST_WALL;native_call_wall_ms=HOST_WALL;source_wait_ms=UNKNOWN;fill_wait_ms=HOST_WALL;h2d_ms=UNKNOWN;decode_ms=HOST_WALL;expert_compute_ms=HOST_WALL;native_output_sync_wait_ms=HOST_WALL;shared_expert_ms=UNKNOWN;combine_ms=HOST_WALL;orchestration_ms=UNKNOWN;handoff_ms=UNKNOWN
12,26,1,0.023793,51.388006,,30.861509,,0.090457,0.387797,8.004264,,0.239904,,,route_d2h_host_wait_ms=HOST_WALL;native_call_wall_ms=HOST_WALL;source_wait_ms=UNKNOWN;fill_wait_ms=HOST_WALL;h2d_ms=UNKNOWN;decode_ms=HOST_WALL;expert_compute_ms=HOST_WALL;native_output_sync_wait_ms=HOST_WALL;shared_expert_ms=UNKNOWN;combine_ms=HOST_WALL;orchestration_ms=UNKNOWN;handoff_ms=UNKNOWN
12,27,1,0.022551,143.713697,,120.150466,,0.067468,0.405970,7.985245,,0.200216,,,route_d2h_host_wait_ms=HOST_WALL;native_call_wall_ms=HOST_WALL;source_wait_ms=UNKNOWN;fill_wait_ms=HOST_WALL;h2d_ms=UNKNOWN;decode_ms=HOST_WALL;expert_compute_ms=HOST_WALL;native_output_sync_wait_ms=HOST_WALL;shared_expert_ms=UNKNOWN;combine_ms=HOST_WALL;orchestration_ms=UNKNOWN;handoff_ms=UNKNOWN
12,28,1,0.049130,200.136904,,179.516584,,0.070195,0.420498,7.966965,,0.241964,,,route_d2h_host_wait_ms=HOST_WALL;native_call_wall_ms=HOST_WALL;source_wait_ms=UNKNOWN;fill_wait_ms=HOST_WALL;h2d_ms=UNKNOWN;decode_ms=HOST_WALL;expert_compute_ms=HOST_WALL;native_output_sync_wait_ms=HOST_WALL;shared_expert_ms=UNKNOWN;combine_ms=HOST_WALL;orchestration_ms=UNKNOWN;handoff_ms=UNKNOWN
12,29,1,0.020974,210.507621,,187.110846,,0.084175,0.410416,7.936324,,0.204945,,,route_d2h_host_wait_ms=HOST_WALL;native_call_wall_ms=HOST_WALL;source_wait_ms=UNKNOWN;fill_wait_ms=HOST_WALL;h2d_ms=UNKNOWN;decode_ms=HOST_WALL;expert_compute_ms=HOST_WALL;native_output_sync_wait_ms=HOST_WALL;shared_expert_ms=UNKNOWN;combine_ms=HOST_WALL;orchestration_ms=UNKNOWN;handoff_ms=UNKNOWN
12,30,1,0.022390,206.345863,,180.148984,,0.068211,0.383206,7.972799,,0.206688,,,route_d2h_host_wait_ms=HOST_WALL;native_call_wall_ms=HOST_WALL;source_wait_ms=UNKNOWN;fill_wait_ms=HOST_WALL;h2d_ms=UNKNOWN;decode_ms=HOST_WALL;expert_compute_ms=HOST_WALL;native_output_sync_wait_ms=HOST_WALL;shared_expert_ms=UNKNOWN;combine_ms=HOST_WALL;orchestration_ms=UNKNOWN;handoff_ms=UNKNOWN
12,31,1,0.020502,203.443836,,180.036834,,0.067966,0.400115,8.008692,,0.237678,,,route_d2h_host_wait_ms=HOST_WALL;native_call_wall_ms=HOST_WALL;source_wait_ms=UNKNOWN;fill_wait_ms=HOST_WALL;h2d_ms=UNKNOWN;decode_ms=HOST_WALL;expert_compute_ms=HOST_WALL;native_output_sync_wait_ms=HOST_WALL;shared_expert_ms=UNKNOWN;combine_ms=HOST_WALL;orchestration_ms=UNKNOWN;handoff_ms=UNKNOWN
12,32,1,0.020998,95.495657,,69.381074,,0.063022,0.385185,8.023239,,0.332398,,,route_d2h_host_wait_ms=HOST_WALL;native_call_wall_ms=HOST_WALL;source_wait_ms=UNKNOWN;fill_wait_ms=HOST_WALL;h2d_ms=UNKNOWN;decode_ms=HOST_WALL;expert_compute_ms=HOST_WALL;native_output_sync_wait_ms=HOST_WALL;shared_expert_ms=UNKNOWN;combine_ms=HOST_WALL;orchestration_ms=UNKNOWN;handoff_ms=UNKNOWN
12,33,1,0.020851,55.361364,,32.251130,,0.062297,0.353358,8.066083,,0.217817,,,route_d2h_host_wait_ms=HOST_WALL;native_call_wall_ms=HOST_WALL;source_wait_ms=UNKNOWN;fill_wait_ms=HOST_WALL;h2d_ms=UNKNOWN;decode_ms=HOST_WALL;expert_compute_ms=HOST_WALL;native_output_sync_wait_ms=HOST_WALL;shared_expert_ms=UNKNOWN;combine_ms=HOST_WALL;orchestration_ms=UNKNOWN;handoff_ms=UNKNOWN
12,34,1,0.021481,190.919697,,165.148449,,0.066136,0.377564,8.018149,,0.201639,,,route_d2h_host_wait_ms=HOST_WALL;native_call_wall_ms=HOST_WALL;source_wait_ms=UNKNOWN;fill_wait_ms=HOST_WALL;h2d_ms=UNKNOWN;decode_ms=HOST_WALL;expert_compute_ms=HOST_WALL;native_output_sync_wait_ms=HOST_WALL;shared_expert_ms=UNKNOWN;combine_ms=HOST_WALL;orchestration_ms=UNKNOWN;handoff_ms=UNKNOWN
12,35,1,0.021273,58.556333,,32.995961,,0.095436,0.409678,7.963752,,0.198637,,,route_d2h_host_wait_ms=HOST_WALL;native_call_wall_ms=HOST_WALL;source_wait_ms=UNKNOWN;fill_wait_ms=HOST_WALL;h2d_ms=UNKNOWN;decode_ms=HOST_WALL;expert_compute_ms=HOST_WALL;native_output_sync_wait_ms=HOST_WALL;shared_expert_ms=UNKNOWN;combine_ms=HOST_WALL;orchestration_ms=UNKNOWN;handoff_ms=UNKNOWN
12,36,1,0.024710,186.399141,,160.534983,,0.079091,0.432874,7.949154,,0.221133,,,route_d2h_host_wait_ms=HOST_WALL;native_call_wall_ms=HOST_WALL;source_wait_ms=UNKNOWN;fill_wait_ms=HOST_WALL;h2d_ms=UNKNOWN;decode_ms=HOST_WALL;expert_compute_ms=HOST_WALL;native_output_sync_wait_ms=HOST_WALL;shared_expert_ms=UNKNOWN;combine_ms=HOST_WALL;orchestration_ms=UNKNOWN;handoff_ms=UNKNOWN
12,37,1,0.031152,147.676541,,124.584767,,0.066208,0.421709,7.990163,,0.206220,,,route_d2h_host_wait_ms=HOST_WALL;native_call_wall_ms=HOST_WALL;source_wait_ms=UNKNOWN;fill_wait_ms=HOST_WALL;h2d_ms=UNKNOWN;decode_ms=HOST_WALL;expert_compute_ms=HOST_WALL;native_output_sync_wait_ms=HOST_WALL;shared_expert_ms=UNKNOWN;combine_ms=HOST_WALL;orchestration_ms=UNKNOWN;handoff_ms=UNKNOWN
12,38,1,0.023282,95.224664,,72.051180,,0.065540,0.410546,7.856150,,0.214350,,,route_d2h_host_wait_ms=HOST_WALL;native_call_wall_ms=HOST_WALL;source_wait_ms=UNKNOWN;fill_wait_ms=HOST_WALL;h2d_ms=UNKNOWN;decode_ms=HOST_WALL;expert_compute_ms=HOST_WALL;native_output_sync_wait_ms=HOST_WALL;shared_expert_ms=UNKNOWN;combine_ms=HOST_WALL;orchestration_ms=UNKNOWN;handoff_ms=UNKNOWN
12,39,1,0.024350,208.295049,,182.375897,,0.069209,0.421880,7.980811,,0.220369,,,route_d2h_host_wait_ms=HOST_WALL;native_call_wall_ms=HOST_WALL;source_wait_ms=UNKNOWN;fill_wait_ms=HOST_WALL;h2d_ms=UNKNOWN;decode_ms=HOST_WALL;expert_compute_ms=HOST_WALL;native_output_sync_wait_ms=HOST_WALL;shared_expert_ms=UNKNOWN;combine_ms=HOST_WALL;orchestration_ms=UNKNOWN;handoff_ms=UNKNOWN
12,40,1,0.031575,22.917785,,0.041288,,0.060308,0.378646,8.046680,,0.170030,,,route_d2h_host_wait_ms=HOST_WALL;native_call_wall_ms=HOST_WALL;source_wait_ms=UNKNOWN;fill_wait_ms=HOST_WALL;h2d_ms=UNKNOWN;decode_ms=HOST_WALL;expert_compute_ms=HOST_WALL;native_output_sync_wait_ms=HOST_WALL;shared_expert_ms=UNKNOWN;combine_ms=HOST_WALL;orchestration_ms=UNKNOWN;handoff_ms=UNKNOWN
12,41,1,0.019077,112.820437,,86.501071,,0.117243,0.711543,7.478742,,0.231289,,,route_d2h_host_wait_ms=HOST_WALL;native_call_wall_ms=HOST_WALL;source_wait_ms=UNKNOWN;fill_wait_ms=HOST_WALL;h2d_ms=UNKNOWN;decode_ms=HOST_WALL;expert_compute_ms=HOST_WALL;native_output_sync_wait_ms=HOST_WALL;shared_expert_ms=UNKNOWN;combine_ms=HOST_WALL;orchestration_ms=UNKNOWN;handoff_ms=UNKNOWN
12,42,1,0.020107,96.434309,,73.341903,,0.065189,0.362002,8.020246,,0.196614,,,route_d2h_host_wait_ms=HOST_WALL;native_call_wall_ms=HOST_WALL;source_wait_ms=UNKNOWN;fill_wait_ms=HOST_WALL;h2d_ms=UNKNOWN;decode_ms=HOST_WALL;expert_compute_ms=HOST_WALL;native_output_sync_wait_ms=HOST_WALL;shared_expert_ms=UNKNOWN;combine_ms=HOST_WALL;orchestration_ms=UNKNOWN;handoff_ms=UNKNOWN
13,0,0,0.019206,219.354495,,196.070448,,0.060316,0.350632,8.055361,,0.228793,,,route_d2h_host_wait_ms=HOST_WALL;native_call_wall_ms=HOST_WALL;source_wait_ms=UNKNOWN;fill_wait_ms=HOST_WALL;h2d_ms=UNKNOWN;decode_ms=HOST_WALL;expert_compute_ms=HOST_WALL;native_output_sync_wait_ms=HOST_WALL;shared_expert_ms=UNKNOWN;combine_ms=HOST_WALL;orchestration_ms=UNKNOWN;handoff_ms=UNKNOWN
13,1,0,0.019898,255.636413,,231.765016,,0.064561,0.361243,7.998786,,0.219561,,,route_d2h_host_wait_ms=HOST_WALL;native_call_wall_ms=HOST_WALL;source_wait_ms=UNKNOWN;fill_wait_ms=HOST_WALL;h2d_ms=UNKNOWN;decode_ms=HOST_WALL;expert_compute_ms=HOST_WALL;native_output_sync_wait_ms=HOST_WALL;shared_expert_ms=UNKNOWN;combine_ms=HOST_WALL;orchestration_ms=UNKNOWN;handoff_ms=UNKNOWN
13,2,0,0.020278,207.824149,,180.801601,,0.066457,0.402998,8.049206,,0.220504,,,route_d2h_host_wait_ms=HOST_WALL;native_call_wall_ms=HOST_WALL;source_wait_ms=UNKNOWN;fill_wait_ms=HOST_WALL;h2d_ms=UNKNOWN;decode_ms=HOST_WALL;expert_compute_ms=HOST_WALL;native_output_sync_wait_ms=HOST_WALL;shared_expert_ms=UNKNOWN;combine_ms=HOST_WALL;orchestration_ms=UNKNOWN;handoff_ms=UNKNOWN
13,3,0,0.020630,90.715862,,67.421330,,0.059784,0.382975,8.036610,,0.194938,,,route_d2h_host_wait_ms=HOST_WALL;native_call_wall_ms=HOST_WALL;source_wait_ms=UNKNOWN;fill_wait_ms=HOST_WALL;h2d_ms=UNKNOWN;decode_ms=HOST_WALL;expert_compute_ms=HOST_WALL;native_output_sync_wait_ms=HOST_WALL;shared_expert_ms=UNKNOWN;combine_ms=HOST_WALL;orchestration_ms=UNKNOWN;handoff_ms=UNKNOWN
13,4,0,0.019042,56.722668,,33.043149,,0.059095,0.358048,8.048491,,0.366580,,,route_d2h_host_wait_ms=HOST_WALL;native_call_wall_ms=HOST_WALL;source_wait_ms=UNKNOWN;fill_wait_ms=HOST_WALL;h2d_ms=UNKNOWN;decode_ms=HOST_WALL;expert_compute_ms=HOST_WALL;native_output_sync_wait_ms=HOST_WALL;shared_expert_ms=UNKNOWN;combine_ms=HOST_WALL;orchestration_ms=UNKNOWN;handoff_ms=UNKNOWN
13,5,0,0.019507,62.160368,,36.277222,,0.089162,0.353957,8.045046,,0.233456,,,route_d2h_host_wait_ms=HOST_WALL;native_call_wall_ms=HOST_WALL;source_wait_ms=UNKNOWN;fill_wait_ms=HOST_WALL;h2d_ms=UNKNOWN;decode_ms=HOST_WALL;expert_compute_ms=HOST_WALL;native_output_sync_wait_ms=HOST_WALL;shared_expert_ms=UNKNOWN;combine_ms=HOST_WALL;orchestration_ms=UNKNOWN;handoff_ms=UNKNOWN
13,6,0,0.020202,75.537614,,52.266903,,0.062391,0.394437,7.992389,,0.194681,,,route_d2h_host_wait_ms=HOST_WALL;native_call_wall_ms=HOST_WALL;source_wait_ms=UNKNOWN;fill_wait_ms=HOST_WALL;h2d_ms=UNKNOWN;decode_ms=HOST_WALL;expert_compute_ms=HOST_WALL;native_output_sync_wait_ms=HOST_WALL;shared_expert_ms=UNKNOWN;combine_ms=HOST_WALL;orchestration_ms=UNKNOWN;handoff_ms=UNKNOWN
13,7,0,0.021317,81.672136,,55.650741,,0.061268,0.370554,8.037222,,0.206640,,,route_d2h_host_wait_ms=HOST_WALL;native_call_wall_ms=HOST_WALL;source_wait_ms=UNKNOWN;fill_wait_ms=HOST_WALL;h2d_ms=UNKNOWN;decode_ms=HOST_WALL;expert_compute_ms=HOST_WALL;native_output_sync_wait_ms=HOST_WALL;shared_expert_ms=UNKNOWN;combine_ms=HOST_WALL;orchestration_ms=UNKNOWN;handoff_ms=UNKNOWN
13,8,0,0.020828,96.931297,,70.521131,,0.065224,0.407850,7.992211,,0.219192,,,route_d2h_host_wait_ms=HOST_WALL;native_call_wall_ms=HOST_WALL;source_wait_ms=UNKNOWN;fill_wait_ms=HOST_WALL;h2d_ms=UNKNOWN;decode_ms=HOST_WALL;expert_compute_ms=HOST_WALL;native_output_sync_wait_ms=HOST_WALL;shared_expert_ms=UNKNOWN;combine_ms=HOST_WALL;orchestration_ms=UNKNOWN;handoff_ms=UNKNOWN
13,9,0,0.019573,132.101654,,111.663299,,0.067718,0.407909,7.979971,,0.275172,,,route_d2h_host_wait_ms=HOST_WALL;native_call_wall_ms=HOST_WALL;source_wait_ms=UNKNOWN;fill_wait_ms=HOST_WALL;h2d_ms=UNKNOWN;decode_ms=HOST_WALL;expert_compute_ms=HOST_WALL;native_output_sync_wait_ms=HOST_WALL;shared_expert_ms=UNKNOWN;combine_ms=HOST_WALL;orchestration_ms=UNKNOWN;handoff_ms=UNKNOWN
13,10,0,0.020002,196.049857,,172.617255,,0.065997,0.393430,7.997426,,0.205188,,,route_d2h_host_wait_ms=HOST_WALL;native_call_wall_ms=HOST_WALL;source_wait_ms=UNKNOWN;fill_wait_ms=HOST_WALL;h2d_ms=UNKNOWN;decode_ms=HOST_WALL;expert_compute_ms=HOST_WALL;native_output_sync_wait_ms=HOST_WALL;shared_expert_ms=UNKNOWN;combine_ms=HOST_WALL;orchestration_ms=UNKNOWN;handoff_ms=UNKNOWN
13,11,0,0.020058,136.150200,,113.061495,,0.063078,0.355697,8.042853,,0.224210,,,route_d2h_host_wait_ms=HOST_WALL;native_call_wall_ms=HOST_WALL;source_wait_ms=UNKNOWN;fill_wait_ms=HOST_WALL;h2d_ms=UNKNOWN;decode_ms=HOST_WALL;expert_compute_ms=HOST_WALL;native_output_sync_wait_ms=HOST_WALL;shared_expert_ms=UNKNOWN;combine_ms=HOST_WALL;orchestration_ms=UNKNOWN;handoff_ms=UNKNOWN
13,12,0,0.020203,56.821682,,30.206467,,0.065704,0.441597,7.942775,,0.201819,,,route_d2h_host_wait_ms=HOST_WALL;native_call_wall_ms=HOST_WALL;source_wait_ms=UNKNOWN;fill_wait_ms=HOST_WALL;h2d_ms=UNKNOWN;decode_ms=HOST_WALL;expert_compute_ms=HOST_WALL;native_output_sync_wait_ms=HOST_WALL;shared_expert_ms=UNKNOWN;combine_ms=HOST_WALL;orchestration_ms=UNKNOWN;handoff_ms=UNKNOWN
13,13,0,0.022561,55.491852,,32.196063,,0.127570,0.626532,7.566695,,0.191335,,,route_d2h_host_wait_ms=HOST_WALL;native_call_wall_ms=HOST_WALL;source_wait_ms=UNKNOWN;fill_wait_ms=HOST_WALL;h2d_ms=UNKNOWN;decode_ms=HOST_WALL;expert_compute_ms=HOST_WALL;native_output_sync_wait_ms=HOST_WALL;shared_expert_ms=UNKNOWN;combine_ms=HOST_WALL;orchestration_ms=UNKNOWN;handoff_ms=UNKNOWN
13,14,0,0.021838,53.508887,,30.556457,,0.060346,0.353605,8.052823,,0.197672,,,route_d2h_host_wait_ms=HOST_WALL;native_call_wall_ms=HOST_WALL;source_wait_ms=UNKNOWN;fill_wait_ms=HOST_WALL;h2d_ms=UNKNOWN;decode_ms=HOST_WALL;expert_compute_ms=HOST_WALL;native_output_sync_wait_ms=HOST_WALL;shared_expert_ms=UNKNOWN;combine_ms=HOST_WALL;orchestration_ms=UNKNOWN;handoff_ms=UNKNOWN
13,15,0,0.019910,49.511123,,29.238619,,0.066786,0.345409,8.051566,,0.180120,,,route_d2h_host_wait_ms=HOST_WALL;native_call_wall_ms=HOST_WALL;source_wait_ms=UNKNOWN;fill_wait_ms=HOST_WALL;h2d_ms=UNKNOWN;decode_ms=HOST_WALL;expert_compute_ms=HOST_WALL;native_output_sync_wait_ms=HOST_WALL;shared_expert_ms=UNKNOWN;combine_ms=HOST_WALL;orchestration_ms=UNKNOWN;handoff_ms=UNKNOWN
13,16,0,0.024123,23.483667,,0.039803,,0.059108,0.354798,8.064427,,0.180607,,,route_d2h_host_wait_ms=HOST_WALL;native_call_wall_ms=HOST_WALL;source_wait_ms=UNKNOWN;fill_wait_ms=HOST_WALL;h2d_ms=UNKNOWN;decode_ms=HOST_WALL;expert_compute_ms=HOST_WALL;native_output_sync_wait_ms=HOST_WALL;shared_expert_ms=UNKNOWN;combine_ms=HOST_WALL;orchestration_ms=UNKNOWN;handoff_ms=UNKNOWN
13,17,0,0.019792,54.024311,,30.856957,,0.066181,0.407936,7.959234,,0.217944,,,route_d2h_host_wait_ms=HOST_WALL;native_call_wall_ms=HOST_WALL;source_wait_ms=UNKNOWN;fill_wait_ms=HOST_WALL;h2d_ms=UNKNOWN;decode_ms=HOST_WALL;expert_compute_ms=HOST_WALL;native_output_sync_wait_ms=HOST_WALL;shared_expert_ms=UNKNOWN;combine_ms=HOST_WALL;orchestration_ms=UNKNOWN;handoff_ms=UNKNOWN
13,18,0,0.022023,79.160684,,52.703975,,0.059979,0.341406,8.086900,,0.192774,,,route_d2h_host_wait_ms=HOST_WALL;native_call_wall_ms=HOST_WALL;source_wait_ms=UNKNOWN;fill_wait_ms=HOST_WALL;h2d_ms=UNKNOWN;decode_ms=HOST_WALL;expert_compute_ms=HOST_WALL;native_output_sync_wait_ms=HOST_WALL;shared_expert_ms=UNKNOWN;combine_ms=HOST_WALL;orchestration_ms=UNKNOWN;handoff_ms=UNKNOWN
13,19,0,0.020736,55.048480,,32.050319,,0.059344,0.341514,8.051184,,0.206182,,,route_d2h_host_wait_ms=HOST_WALL;native_call_wall_ms=HOST_WALL;source_wait_ms=UNKNOWN;fill_wait_ms=HOST_WALL;h2d_ms=UNKNOWN;decode_ms=HOST_WALL;expert_compute_ms=HOST_WALL;native_output_sync_wait_ms=HOST_WALL;shared_expert_ms=UNKNOWN;combine_ms=HOST_WALL;orchestration_ms=UNKNOWN;handoff_ms=UNKNOWN
13,20,0,0.020408,56.473136,,33.264906,,0.058245,0.374822,8.039537,,0.215556,,,route_d2h_host_wait_ms=HOST_WALL;native_call_wall_ms=HOST_WALL;source_wait_ms=UNKNOWN;fill_wait_ms=HOST_WALL;h2d_ms=UNKNOWN;decode_ms=HOST_WALL;expert_compute_ms=HOST_WALL;native_output_sync_wait_ms=HOST_WALL;shared_expert_ms=UNKNOWN;combine_ms=HOST_WALL;orchestration_ms=UNKNOWN;handoff_ms=UNKNOWN
13,21,0,0.021350,23.021881,,0.041823,,0.063366,0.376478,8.011938,,0.199324,,,route_d2h_host_wait_ms=HOST_WALL;native_call_wall_ms=HOST_WALL;source_wait_ms=UNKNOWN;fill_wait_ms=HOST_WALL;h2d_ms=UNKNOWN;decode_ms=HOST_WALL;expert_compute_ms=HOST_WALL;native_output_sync_wait_ms=HOST_WALL;shared_expert_ms=UNKNOWN;combine_ms=HOST_WALL;orchestration_ms=UNKNOWN;handoff_ms=UNKNOWN
13,22,1,0.022686,65.037395,,38.658844,,0.067735,0.422078,7.999194,,0.245975,,,route_d2h_host_wait_ms=HOST_WALL;native_call_wall_ms=HOST_WALL;source_wait_ms=UNKNOWN;fill_wait_ms=HOST_WALL;h2d_ms=UNKNOWN;decode_ms=HOST_WALL;expert_compute_ms=HOST_WALL;native_output_sync_wait_ms=HOST_WALL;shared_expert_ms=UNKNOWN;combine_ms=HOST_WALL;orchestration_ms=UNKNOWN;handoff_ms=UNKNOWN
13,23,1,0.021783,74.430188,,50.278479,,0.068392,0.400080,7.968556,,0.219317,,,route_d2h_host_wait_ms=HOST_WALL;native_call_wall_ms=HOST_WALL;source_wait_ms=UNKNOWN;fill_wait_ms=HOST_WALL;h2d_ms=UNKNOWN;decode_ms=HOST_WALL;expert_compute_ms=HOST_WALL;native_output_sync_wait_ms=HOST_WALL;shared_expert_ms=UNKNOWN;combine_ms=HOST_WALL;orchestration_ms=UNKNOWN;handoff_ms=UNKNOWN
13,24,1,0.023115,23.002704,,0.044281,,0.062086,0.375397,8.032141,,0.336625,,,route_d2h_host_wait_ms=HOST_WALL;native_call_wall_ms=HOST_WALL;source_wait_ms=UNKNOWN;fill_wait_ms=HOST_WALL;h2d_ms=UNKNOWN;decode_ms=HOST_WALL;expert_compute_ms=HOST_WALL;native_output_sync_wait_ms=HOST_WALL;shared_expert_ms=UNKNOWN;combine_ms=HOST_WALL;orchestration_ms=UNKNOWN;handoff_ms=UNKNOWN
13,25,1,0.033637,105.111543,,81.437287,,0.082919,0.393274,7.989156,,0.275979,,,route_d2h_host_wait_ms=HOST_WALL;native_call_wall_ms=HOST_WALL;source_wait_ms=UNKNOWN;fill_wait_ms=HOST_WALL;h2d_ms=UNKNOWN;decode_ms=HOST_WALL;expert_compute_ms=HOST_WALL;native_output_sync_wait_ms=HOST_WALL;shared_expert_ms=UNKNOWN;combine_ms=HOST_WALL;orchestration_ms=UNKNOWN;handoff_ms=UNKNOWN
13,26,1,0.022658,100.520403,,74.164339,,0.068165,0.383848,8.000616,,0.240747,,,route_d2h_host_wait_ms=HOST_WALL;native_call_wall_ms=HOST_WALL;source_wait_ms=UNKNOWN;fill_wait_ms=HOST_WALL;h2d_ms=UNKNOWN;decode_ms=HOST_WALL;expert_compute_ms=HOST_WALL;native_output_sync_wait_ms=HOST_WALL;shared_expert_ms=UNKNOWN;combine_ms=HOST_WALL;orchestration_ms=UNKNOWN;handoff_ms=UNKNOWN
13,27,1,0.024435,92.093165,,68.900182,,0.062681,0.360857,8.034367,,0.234809,,,route_d2h_host_wait_ms=HOST_WALL;native_call_wall_ms=HOST_WALL;source_wait_ms=UNKNOWN;fill_wait_ms=HOST_WALL;h2d_ms=UNKNOWN;decode_ms=HOST_WALL;expert_compute_ms=HOST_WALL;native_output_sync_wait_ms=HOST_WALL;shared_expert_ms=UNKNOWN;combine_ms=HOST_WALL;orchestration_ms=UNKNOWN;handoff_ms=UNKNOWN
13,28,1,0.019111,209.414042,,182.504542,,0.067921,0.386699,8.005418,,0.207045,,,route_d2h_host_wait_ms=HOST_WALL;native_call_wall_ms=HOST_WALL;source_wait_ms=UNKNOWN;fill_wait_ms=HOST_WALL;h2d_ms=UNKNOWN;decode_ms=HOST_WALL;expert_compute_ms=HOST_WALL;native_output_sync_wait_ms=HOST_WALL;shared_expert_ms=UNKNOWN;combine_ms=HOST_WALL;orchestration_ms=UNKNOWN;handoff_ms=UNKNOWN
13,29,1,0.022405,92.081448,,68.362517,,0.074124,0.400716,7.917387,,0.201629,,,route_d2h_host_wait_ms=HOST_WALL;native_call_wall_ms=HOST_WALL;source_wait_ms=UNKNOWN;fill_wait_ms=HOST_WALL;h2d_ms=UNKNOWN;decode_ms=HOST_WALL;expert_compute_ms=HOST_WALL;native_output_sync_wait_ms=HOST_WALL;shared_expert_ms=UNKNOWN;combine_ms=HOST_WALL;orchestration_ms=UNKNOWN;handoff_ms=UNKNOWN
13,30,1,0.020312,56.865125,,33.444123,,0.061696,0.366457,8.044796,,0.218327,,,route_d2h_host_wait_ms=HOST_WALL;native_call_wall_ms=HOST_WALL;source_wait_ms=UNKNOWN;fill_wait_ms=HOST_WALL;h2d_ms=UNKNOWN;decode_ms=HOST_WALL;expert_compute_ms=HOST_WALL;native_output_sync_wait_ms=HOST_WALL;shared_expert_ms=UNKNOWN;combine_ms=HOST_WALL;orchestration_ms=UNKNOWN;handoff_ms=UNKNOWN
13,31,1,0.021882,93.953368,,70.708635,,0.063726,0.408857,8.036060,,0.222138,,,route_d2h_host_wait_ms=HOST_WALL;native_call_wall_ms=HOST_WALL;source_wait_ms=UNKNOWN;fill_wait_ms=HOST_WALL;h2d_ms=UNKNOWN;decode_ms=HOST_WALL;expert_compute_ms=HOST_WALL;native_output_sync_wait_ms=HOST_WALL;shared_expert_ms=UNKNOWN;combine_ms=HOST_WALL;orchestration_ms=UNKNOWN;handoff_ms=UNKNOWN
13,32,1,0.020772,197.137564,,171.210001,,0.083854,0.399368,7.976033,,0.263807,,,route_d2h_host_wait_ms=HOST_WALL;native_call_wall_ms=HOST_WALL;source_wait_ms=UNKNOWN;fill_wait_ms=HOST_WALL;h2d_ms=UNKNOWN;decode_ms=HOST_WALL;expert_compute_ms=HOST_WALL;native_output_sync_wait_ms=HOST_WALL;shared_expert_ms=UNKNOWN;combine_ms=HOST_WALL;orchestration_ms=UNKNOWN;handoff_ms=UNKNOWN
13,33,1,0.041414,169.278714,,142.895673,,0.064723,0.364295,8.005660,,0.223495,,,route_d2h_host_wait_ms=HOST_WALL;native_call_wall_ms=HOST_WALL;source_wait_ms=UNKNOWN;fill_wait_ms=HOST_WALL;h2d_ms=UNKNOWN;decode_ms=HOST_WALL;expert_compute_ms=HOST_WALL;native_output_sync_wait_ms=HOST_WALL;shared_expert_ms=UNKNOWN;combine_ms=HOST_WALL;orchestration_ms=UNKNOWN;handoff_ms=UNKNOWN
13,34,1,0.021379,122.104955,,98.400090,,0.066230,0.380938,8.008275,,0.230990,,,route_d2h_host_wait_ms=HOST_WALL;native_call_wall_ms=HOST_WALL;source_wait_ms=UNKNOWN;fill_wait_ms=HOST_WALL;h2d_ms=UNKNOWN;decode_ms=HOST_WALL;expert_compute_ms=HOST_WALL;native_output_sync_wait_ms=HOST_WALL;shared_expert_ms=UNKNOWN;combine_ms=HOST_WALL;orchestration_ms=UNKNOWN;handoff_ms=UNKNOWN
13,35,1,0.020786,153.220910,,130.056087,,0.066323,0.381477,8.023970,,0.213302,,,route_d2h_host_wait_ms=HOST_WALL;native_call_wall_ms=HOST_WALL;source_wait_ms=UNKNOWN;fill_wait_ms=HOST_WALL;h2d_ms=UNKNOWN;decode_ms=HOST_WALL;expert_compute_ms=HOST_WALL;native_output_sync_wait_ms=HOST_WALL;shared_expert_ms=UNKNOWN;combine_ms=HOST_WALL;orchestration_ms=UNKNOWN;handoff_ms=UNKNOWN
13,36,1,0.021765,258.560421,,232.007400,,0.080745,0.409195,7.936348,,0.239080,,,route_d2h_host_wait_ms=HOST_WALL;native_call_wall_ms=HOST_WALL;source_wait_ms=UNKNOWN;fill_wait_ms=HOST_WALL;h2d_ms=UNKNOWN;decode_ms=HOST_WALL;expert_compute_ms=HOST_WALL;native_output_sync_wait_ms=HOST_WALL;shared_expert_ms=UNKNOWN;combine_ms=HOST_WALL;orchestration_ms=UNKNOWN;handoff_ms=UNKNOWN
13,37,1,0.022370,97.172043,,71.152390,,0.067813,0.396165,7.988810,,0.205144,,,route_d2h_host_wait_ms=HOST_WALL;native_call_wall_ms=HOST_WALL;source_wait_ms=UNKNOWN;fill_wait_ms=HOST_WALL;h2d_ms=UNKNOWN;decode_ms=HOST_WALL;expert_compute_ms=HOST_WALL;native_output_sync_wait_ms=HOST_WALL;shared_expert_ms=UNKNOWN;combine_ms=HOST_WALL;orchestration_ms=UNKNOWN;handoff_ms=UNKNOWN
13,38,1,0.021138,212.047682,,186.078294,,0.063344,0.360798,8.050499,,0.269670,,,route_d2h_host_wait_ms=HOST_WALL;native_call_wall_ms=HOST_WALL;source_wait_ms=UNKNOWN;fill_wait_ms=HOST_WALL;h2d_ms=UNKNOWN;decode_ms=HOST_WALL;expert_compute_ms=HOST_WALL;native_output_sync_wait_ms=HOST_WALL;shared_expert_ms=UNKNOWN;combine_ms=HOST_WALL;orchestration_ms=UNKNOWN;handoff_ms=UNKNOWN
13,39,1,0.020215,100.479742,,72.339991,,0.072428,0.398205,7.969136,,0.210442,,,route_d2h_host_wait_ms=HOST_WALL;native_call_wall_ms=HOST_WALL;source_wait_ms=UNKNOWN;fill_wait_ms=HOST_WALL;h2d_ms=UNKNOWN;decode_ms=HOST_WALL;expert_compute_ms=HOST_WALL;native_output_sync_wait_ms=HOST_WALL;shared_expert_ms=UNKNOWN;combine_ms=HOST_WALL;orchestration_ms=UNKNOWN;handoff_ms=UNKNOWN
13,40,1,0.022621,54.956658,,31.806851,,0.079453,0.388242,8.006018,,0.198661,,,route_d2h_host_wait_ms=HOST_WALL;native_call_wall_ms=HOST_WALL;source_wait_ms=UNKNOWN;fill_wait_ms=HOST_WALL;h2d_ms=UNKNOWN;decode_ms=HOST_WALL;expert_compute_ms=HOST_WALL;native_output_sync_wait_ms=HOST_WALL;shared_expert_ms=UNKNOWN;combine_ms=HOST_WALL;orchestration_ms=UNKNOWN;handoff_ms=UNKNOWN
13,41,1,0.021437,186.436676,,160.427126,,0.069718,0.388240,8.004026,,0.197057,,,route_d2h_host_wait_ms=HOST_WALL;native_call_wall_ms=HOST_WALL;source_wait_ms=UNKNOWN;fill_wait_ms=HOST_WALL;h2d_ms=UNKNOWN;decode_ms=HOST_WALL;expert_compute_ms=HOST_WALL;native_output_sync_wait_ms=HOST_WALL;shared_expert_ms=UNKNOWN;combine_ms=HOST_WALL;orchestration_ms=UNKNOWN;handoff_ms=UNKNOWN
13,42,1,0.019568,205.886571,,179.007519,,0.068088,0.436165,7.943965,,0.201296,,,route_d2h_host_wait_ms=HOST_WALL;native_call_wall_ms=HOST_WALL;source_wait_ms=UNKNOWN;fill_wait_ms=HOST_WALL;h2d_ms=UNKNOWN;decode_ms=HOST_WALL;expert_compute_ms=HOST_WALL;native_output_sync_wait_ms=HOST_WALL;shared_expert_ms=UNKNOWN;combine_ms=HOST_WALL;orchestration_ms=UNKNOWN;handoff_ms=UNKNOWN
14,0,0,0.021910,213.990975,,190.707951,,0.066126,0.403285,8.006815,,0.201307,,,route_d2h_host_wait_ms=HOST_WALL;native_call_wall_ms=HOST_WALL;source_wait_ms=UNKNOWN;fill_wait_ms=HOST_WALL;h2d_ms=UNKNOWN;decode_ms=HOST_WALL;expert_compute_ms=HOST_WALL;native_output_sync_wait_ms=HOST_WALL;shared_expert_ms=UNKNOWN;combine_ms=HOST_WALL;orchestration_ms=UNKNOWN;handoff_ms=UNKNOWN
14,1,0,0.022521,260.858911,,240.137929,,0.059341,0.359448,8.078209,,0.289442,,,route_d2h_host_wait_ms=HOST_WALL;native_call_wall_ms=HOST_WALL;source_wait_ms=UNKNOWN;fill_wait_ms=HOST_WALL;h2d_ms=UNKNOWN;decode_ms=HOST_WALL;expert_compute_ms=HOST_WALL;native_output_sync_wait_ms=HOST_WALL;shared_expert_ms=UNKNOWN;combine_ms=HOST_WALL;orchestration_ms=UNKNOWN;handoff_ms=UNKNOWN
14,2,0,0.022526,258.309832,,234.941760,,0.065990,0.386520,8.037337,,0.204142,,,route_d2h_host_wait_ms=HOST_WALL;native_call_wall_ms=HOST_WALL;source_wait_ms=UNKNOWN;fill_wait_ms=HOST_WALL;h2d_ms=UNKNOWN;decode_ms=HOST_WALL;expert_compute_ms=HOST_WALL;native_output_sync_wait_ms=HOST_WALL;shared_expert_ms=UNKNOWN;combine_ms=HOST_WALL;orchestration_ms=UNKNOWN;handoff_ms=UNKNOWN
14,3,0,0.019836,100.613470,,74.006134,,0.064763,0.421005,7.983410,,0.206417,,,route_d2h_host_wait_ms=HOST_WALL;native_call_wall_ms=HOST_WALL;source_wait_ms=UNKNOWN;fill_wait_ms=HOST_WALL;h2d_ms=UNKNOWN;decode_ms=HOST_WALL;expert_compute_ms=HOST_WALL;native_output_sync_wait_ms=HOST_WALL;shared_expert_ms=UNKNOWN;combine_ms=HOST_WALL;orchestration_ms=UNKNOWN;handoff_ms=UNKNOWN
14,4,0,0.019709,151.560902,,125.050685,,0.064588,0.357595,8.018724,,0.214328,,,route_d2h_host_wait_ms=HOST_WALL;native_call_wall_ms=HOST_WALL;source_wait_ms=UNKNOWN;fill_wait_ms=HOST_WALL;h2d_ms=UNKNOWN;decode_ms=HOST_WALL;expert_compute_ms=HOST_WALL;native_output_sync_wait_ms=HOST_WALL;shared_expert_ms=UNKNOWN;combine_ms=HOST_WALL;orchestration_ms=UNKNOWN;handoff_ms=UNKNOWN
14,5,0,0.022391,20.325069,,0.042807,,0.069151,0.371235,8.024612,,0.202876,,,route_d2h_host_wait_ms=HOST_WALL;native_call_wall_ms=HOST_WALL;source_wait_ms=UNKNOWN;fill_wait_ms=HOST_WALL;h2d_ms=UNKNOWN;decode_ms=HOST_WALL;expert_compute_ms=HOST_WALL;native_output_sync_wait_ms=HOST_WALL;shared_expert_ms=UNKNOWN;combine_ms=HOST_WALL;orchestration_ms=UNKNOWN;handoff_ms=UNKNOWN
14,6,0,0.022399,114.557873,,88.135964,,0.070977,0.385225,8.001560,,0.232585,,,route_d2h_host_wait_ms=HOST_WALL;native_call_wall_ms=HOST_WALL;source_wait_ms=UNKNOWN;fill_wait_ms=HOST_WALL;h2d_ms=UNKNOWN;decode_ms=HOST_WALL;expert_compute_ms=HOST_WALL;native_output_sync_wait_ms=HOST_WALL;shared_expert_ms=UNKNOWN;combine_ms=HOST_WALL;orchestration_ms=UNKNOWN;handoff_ms=UNKNOWN
14,7,0,0.021597,58.731927,,32.402443,,0.062965,0.361667,8.067821,,0.208549,,,route_d2h_host_wait_ms=HOST_WALL;native_call_wall_ms=HOST_WALL;source_wait_ms=UNKNOWN;fill_wait_ms=HOST_WALL;h2d_ms=UNKNOWN;decode_ms=HOST_WALL;expert_compute_ms=HOST_WALL;native_output_sync_wait_ms=HOST_WALL;shared_expert_ms=UNKNOWN;combine_ms=HOST_WALL;orchestration_ms=UNKNOWN;handoff_ms=UNKNOWN
14,8,0,0.022470,23.134802,,0.052094,,0.064293,0.378657,7.997420,,0.165910,,,route_d2h_host_wait_ms=HOST_WALL;native_call_wall_ms=HOST_WALL;source_wait_ms=UNKNOWN;fill_wait_ms=HOST_WALL;h2d_ms=UNKNOWN;decode_ms=HOST_WALL;expert_compute_ms=HOST_WALL;native_output_sync_wait_ms=HOST_WALL;shared_expert_ms=UNKNOWN;combine_ms=HOST_WALL;orchestration_ms=UNKNOWN;handoff_ms=UNKNOWN
14,9,0,0.022410,162.381374,,139.397812,,0.065375,0.416415,7.981170,,0.203206,,,route_d2h_host_wait_ms=HOST_WALL;native_call_wall_ms=HOST_WALL;source_wait_ms=UNKNOWN;fill_wait_ms=HOST_WALL;h2d_ms=UNKNOWN;decode_ms=HOST_WALL;expert_compute_ms=HOST_WALL;native_output_sync_wait_ms=HOST_WALL;shared_expert_ms=UNKNOWN;combine_ms=HOST_WALL;orchestration_ms=UNKNOWN;handoff_ms=UNKNOWN
14,10,0,0.021530,56.754938,,30.251496,,0.064144,0.435904,7.983477,,0.265578,,,route_d2h_host_wait_ms=HOST_WALL;native_call_wall_ms=HOST_WALL;source_wait_ms=UNKNOWN;fill_wait_ms=HOST_WALL;h2d_ms=UNKNOWN;decode_ms=HOST_WALL;expert_compute_ms=HOST_WALL;native_output_sync_wait_ms=HOST_WALL;shared_expert_ms=UNKNOWN;combine_ms=HOST_WALL;orchestration_ms=UNKNOWN;handoff_ms=UNKNOWN
14,11,0,0.019808,184.247041,,161.379790,,0.058729,0.346005,8.060004,,0.202791,,,route_d2h_host_wait_ms=HOST_WALL;native_call_wall_ms=HOST_WALL;source_wait_ms=UNKNOWN;fill_wait_ms=HOST_WALL;h2d_ms=UNKNOWN;decode_ms=HOST_WALL;expert_compute_ms=HOST_WALL;native_output_sync_wait_ms=HOST_WALL;shared_expert_ms=UNKNOWN;combine_ms=HOST_WALL;orchestration_ms=UNKNOWN;handoff_ms=UNKNOWN
14,12,0,0.022314,149.218166,,125.712961,,0.062310,0.387513,8.029139,,0.219545,,,route_d2h_host_wait_ms=HOST_WALL;native_call_wall_ms=HOST_WALL;source_wait_ms=UNKNOWN;fill_wait_ms=HOST_WALL;h2d_ms=UNKNOWN;decode_ms=HOST_WALL;expert_compute_ms=HOST_WALL;native_output_sync_wait_ms=HOST_WALL;shared_expert_ms=UNKNOWN;combine_ms=HOST_WALL;orchestration_ms=UNKNOWN;handoff_ms=UNKNOWN
14,13,0,0.019631,134.822470,,111.116450,,0.064374,0.410285,7.983231,,0.224946,,,route_d2h_host_wait_ms=HOST_WALL;native_call_wall_ms=HOST_WALL;source_wait_ms=UNKNOWN;fill_wait_ms=HOST_WALL;h2d_ms=UNKNOWN;decode_ms=HOST_WALL;expert_compute_ms=HOST_WALL;native_output_sync_wait_ms=HOST_WALL;shared_expert_ms=UNKNOWN;combine_ms=HOST_WALL;orchestration_ms=UNKNOWN;handoff_ms=UNKNOWN
14,14,0,0.024205,83.591839,,60.063930,,0.063760,0.390983,8.022738,,0.198913,,,route_d2h_host_wait_ms=HOST_WALL;native_call_wall_ms=HOST_WALL;source_wait_ms=UNKNOWN;fill_wait_ms=HOST_WALL;h2d_ms=UNKNOWN;decode_ms=HOST_WALL;expert_compute_ms=HOST_WALL;native_output_sync_wait_ms=HOST_WALL;shared_expert_ms=UNKNOWN;combine_ms=HOST_WALL;orchestration_ms=UNKNOWN;handoff_ms=UNKNOWN
14,15,0,0.020013,182.587766,,156.550358,,0.059930,0.358910,8.059548,,0.259214,,,route_d2h_host_wait_ms=HOST_WALL;native_call_wall_ms=HOST_WALL;source_wait_ms=UNKNOWN;fill_wait_ms=HOST_WALL;h2d_ms=UNKNOWN;decode_ms=HOST_WALL;expert_compute_ms=HOST_WALL;native_output_sync_wait_ms=HOST_WALL;shared_expert_ms=UNKNOWN;combine_ms=HOST_WALL;orchestration_ms=UNKNOWN;handoff_ms=UNKNOWN
14,16,0,0.020749,90.993791,,66.987860,,0.062957,0.364824,8.045526,,0.370716,,,route_d2h_host_wait_ms=HOST_WALL;native_call_wall_ms=HOST_WALL;source_wait_ms=UNKNOWN;fill_wait_ms=HOST_WALL;h2d_ms=UNKNOWN;decode_ms=HOST_WALL;expert_compute_ms=HOST_WALL;native_output_sync_wait_ms=HOST_WALL;shared_expert_ms=UNKNOWN;combine_ms=HOST_WALL;orchestration_ms=UNKNOWN;handoff_ms=UNKNOWN
14,17,0,0.022076,149.596535,,126.335442,,0.062114,0.407902,8.021073,,0.205563,,,route_d2h_host_wait_ms=HOST_WALL;native_call_wall_ms=HOST_WALL;source_wait_ms=UNKNOWN;fill_wait_ms=HOST_WALL;h2d_ms=UNKNOWN;decode_ms=HOST_WALL;expert_compute_ms=HOST_WALL;native_output_sync_wait_ms=HOST_WALL;shared_expert_ms=UNKNOWN;combine_ms=HOST_WALL;orchestration_ms=UNKNOWN;handoff_ms=UNKNOWN
14,18,0,0.018528,96.397992,,73.248686,,0.065542,0.368761,7.989244,,0.205717,,,route_d2h_host_wait_ms=HOST_WALL;native_call_wall_ms=HOST_WALL;source_wait_ms=UNKNOWN;fill_wait_ms=HOST_WALL;h2d_ms=UNKNOWN;decode_ms=HOST_WALL;expert_compute_ms=HOST_WALL;native_output_sync_wait_ms=HOST_WALL;shared_expert_ms=UNKNOWN;combine_ms=HOST_WALL;orchestration_ms=UNKNOWN;handoff_ms=UNKNOWN
14,19,0,0.018937,100.530306,,74.644321,,0.066168,0.376617,8.019945,,0.194276,,,route_d2h_host_wait_ms=HOST_WALL;native_call_wall_ms=HOST_WALL;source_wait_ms=UNKNOWN;fill_wait_ms=HOST_WALL;h2d_ms=UNKNOWN;decode_ms=HOST_WALL;expert_compute_ms=HOST_WALL;native_output_sync_wait_ms=HOST_WALL;shared_expert_ms=UNKNOWN;combine_ms=HOST_WALL;orchestration_ms=UNKNOWN;handoff_ms=UNKNOWN
14,20,0,0.020630,151.149461,,125.185291,,0.065319,0.442073,7.949588,,0.202714,,,route_d2h_host_wait_ms=HOST_WALL;native_call_wall_ms=HOST_WALL;source_wait_ms=UNKNOWN;fill_wait_ms=HOST_WALL;h2d_ms=UNKNOWN;decode_ms=HOST_WALL;expert_compute_ms=HOST_WALL;native_output_sync_wait_ms=HOST_WALL;shared_expert_ms=UNKNOWN;combine_ms=HOST_WALL;orchestration_ms=UNKNOWN;handoff_ms=UNKNOWN
14,21,0,0.022088,57.883279,,31.795417,,0.077791,0.392038,8.002200,,0.226817,,,route_d2h_host_wait_ms=HOST_WALL;native_call_wall_ms=HOST_WALL;source_wait_ms=UNKNOWN;fill_wait_ms=HOST_WALL;h2d_ms=UNKNOWN;decode_ms=HOST_WALL;expert_compute_ms=HOST_WALL;native_output_sync_wait_ms=HOST_WALL;shared_expert_ms=UNKNOWN;combine_ms=HOST_WALL;orchestration_ms=UNKNOWN;handoff_ms=UNKNOWN
14,22,1,0.020000,132.885724,,106.153348,,0.064777,0.380217,8.033343,,0.206059,,,route_d2h_host_wait_ms=HOST_WALL;native_call_wall_ms=HOST_WALL;source_wait_ms=UNKNOWN;fill_wait_ms=HOST_WALL;h2d_ms=UNKNOWN;decode_ms=HOST_WALL;expert_compute_ms=HOST_WALL;native_output_sync_wait_ms=HOST_WALL;shared_expert_ms=UNKNOWN;combine_ms=HOST_WALL;orchestration_ms=UNKNOWN;handoff_ms=UNKNOWN
14,23,1,0.020447,26.637652,,0.044595,,0.064085,0.364995,8.042827,,0.183251,,,route_d2h_host_wait_ms=HOST_WALL;native_call_wall_ms=HOST_WALL;source_wait_ms=UNKNOWN;fill_wait_ms=HOST_WALL;h2d_ms=UNKNOWN;decode_ms=HOST_WALL;expert_compute_ms=HOST_WALL;native_output_sync_wait_ms=HOST_WALL;shared_expert_ms=UNKNOWN;combine_ms=HOST_WALL;orchestration_ms=UNKNOWN;handoff_ms=UNKNOWN
14,24,1,0.029337,71.794925,,48.038748,,0.065327,0.383479,8.021266,,0.215153,,,route_d2h_host_wait_ms=HOST_WALL;native_call_wall_ms=HOST_WALL;source_wait_ms=UNKNOWN;fill_wait_ms=HOST_WALL;h2d_ms=UNKNOWN;decode_ms=HOST_WALL;expert_compute_ms=HOST_WALL;native_output_sync_wait_ms=HOST_WALL;shared_expert_ms=UNKNOWN;combine_ms=HOST_WALL;orchestration_ms=UNKNOWN;handoff_ms=UNKNOWN
14,25,1,0.020673,51.584631,,28.336296,,0.063263,0.422595,8.047894,,0.235137,,,route_d2h_host_wait_ms=HOST_WALL;native_call_wall_ms=HOST_WALL;source_wait_ms=UNKNOWN;fill_wait_ms=HOST_WALL;h2d_ms=UNKNOWN;decode_ms=HOST_WALL;expert_compute_ms=HOST_WALL;native_output_sync_wait_ms=HOST_WALL;shared_expert_ms=UNKNOWN;combine_ms=HOST_WALL;orchestration_ms=UNKNOWN;handoff_ms=UNKNOWN
14,26,1,0.019592,56.967797,,33.655223,,0.064981,0.359168,8.040223,,0.267067,,,route_d2h_host_wait_ms=HOST_WALL;native_call_wall_ms=HOST_WALL;source_wait_ms=UNKNOWN;fill_wait_ms=HOST_WALL;h2d_ms=UNKNOWN;decode_ms=HOST_WALL;expert_compute_ms=HOST_WALL;native_output_sync_wait_ms=HOST_WALL;shared_expert_ms=UNKNOWN;combine_ms=HOST_WALL;orchestration_ms=UNKNOWN;handoff_ms=UNKNOWN
14,27,1,0.029938,115.996687,,92.317515,,0.067991,0.406797,7.981024,,0.224472,,,route_d2h_host_wait_ms=HOST_WALL;native_call_wall_ms=HOST_WALL;source_wait_ms=UNKNOWN;fill_wait_ms=HOST_WALL;h2d_ms=UNKNOWN;decode_ms=HOST_WALL;expert_compute_ms=HOST_WALL;native_output_sync_wait_ms=HOST_WALL;shared_expert_ms=UNKNOWN;combine_ms=HOST_WALL;orchestration_ms=UNKNOWN;handoff_ms=UNKNOWN
14,28,1,0.031686,50.007053,,30.009843,,0.066950,0.421310,7.963480,,0.221512,,,route_d2h_host_wait_ms=HOST_WALL;native_call_wall_ms=HOST_WALL;source_wait_ms=UNKNOWN;fill_wait_ms=HOST_WALL;h2d_ms=UNKNOWN;decode_ms=HOST_WALL;expert_compute_ms=HOST_WALL;native_output_sync_wait_ms=HOST_WALL;shared_expert_ms=UNKNOWN;combine_ms=HOST_WALL;orchestration_ms=UNKNOWN;handoff_ms=UNKNOWN
14,29,1,0.022588,22.912593,,0.041086,,0.063890,0.326849,8.111632,,0.173121,,,route_d2h_host_wait_ms=HOST_WALL;native_call_wall_ms=HOST_WALL;source_wait_ms=UNKNOWN;fill_wait_ms=HOST_WALL;h2d_ms=UNKNOWN;decode_ms=HOST_WALL;expert_compute_ms=HOST_WALL;native_output_sync_wait_ms=HOST_WALL;shared_expert_ms=UNKNOWN;combine_ms=HOST_WALL;orchestration_ms=UNKNOWN;handoff_ms=UNKNOWN
14,30,1,0.021095,54.658359,,31.715848,,0.061878,0.334746,8.080049,,0.212853,,,route_d2h_host_wait_ms=HOST_WALL;native_call_wall_ms=HOST_WALL;source_wait_ms=UNKNOWN;fill_wait_ms=HOST_WALL;h2d_ms=UNKNOWN;decode_ms=HOST_WALL;expert_compute_ms=HOST_WALL;native_output_sync_wait_ms=HOST_WALL;shared_expert_ms=UNKNOWN;combine_ms=HOST_WALL;orchestration_ms=UNKNOWN;handoff_ms=UNKNOWN
14,31,1,0.022674,81.735464,,59.007118,,0.069745,0.470594,7.282870,,0.214932,,,route_d2h_host_wait_ms=HOST_WALL;native_call_wall_ms=HOST_WALL;source_wait_ms=UNKNOWN;fill_wait_ms=HOST_WALL;h2d_ms=UNKNOWN;decode_ms=HOST_WALL;expert_compute_ms=HOST_WALL;native_output_sync_wait_ms=HOST_WALL;shared_expert_ms=UNKNOWN;combine_ms=HOST_WALL;orchestration_ms=UNKNOWN;handoff_ms=UNKNOWN
14,32,1,0.020156,22.271348,,0.039543,,0.082066,0.379362,7.359886,,0.182378,,,route_d2h_host_wait_ms=HOST_WALL;native_call_wall_ms=HOST_WALL;source_wait_ms=UNKNOWN;fill_wait_ms=HOST_WALL;h2d_ms=UNKNOWN;decode_ms=HOST_WALL;expert_compute_ms=HOST_WALL;native_output_sync_wait_ms=HOST_WALL;shared_expert_ms=UNKNOWN;combine_ms=HOST_WALL;orchestration_ms=UNKNOWN;handoff_ms=UNKNOWN
14,33,1,0.020149,56.045326,,33.579524,,0.081876,0.394393,7.319969,,0.221472,,,route_d2h_host_wait_ms=HOST_WALL;native_call_wall_ms=HOST_WALL;source_wait_ms=UNKNOWN;fill_wait_ms=HOST_WALL;h2d_ms=UNKNOWN;decode_ms=HOST_WALL;expert_compute_ms=HOST_WALL;native_output_sync_wait_ms=HOST_WALL;shared_expert_ms=UNKNOWN;combine_ms=HOST_WALL;orchestration_ms=UNKNOWN;handoff_ms=UNKNOWN
14,34,1,0.026074,22.706201,,0.044077,,0.061114,0.470900,7.286091,,0.226247,,,route_d2h_host_wait_ms=HOST_WALL;native_call_wall_ms=HOST_WALL;source_wait_ms=UNKNOWN;fill_wait_ms=HOST_WALL;h2d_ms=UNKNOWN;decode_ms=HOST_WALL;expert_compute_ms=HOST_WALL;native_output_sync_wait_ms=HOST_WALL;shared_expert_ms=UNKNOWN;combine_ms=HOST_WALL;orchestration_ms=UNKNOWN;handoff_ms=UNKNOWN
14,35,1,0.020517,22.184759,,0.052891,,0.063091,0.388335,7.334020,,0.179797,,,route_d2h_host_wait_ms=HOST_WALL;native_call_wall_ms=HOST_WALL;source_wait_ms=UNKNOWN;fill_wait_ms=HOST_WALL;h2d_ms=UNKNOWN;decode_ms=HOST_WALL;expert_compute_ms=HOST_WALL;native_output_sync_wait_ms=HOST_WALL;shared_expert_ms=UNKNOWN;combine_ms=HOST_WALL;orchestration_ms=UNKNOWN;handoff_ms=UNKNOWN
14,36,1,0.019040,56.256664,,33.790727,,0.071536,0.432182,7.265320,,0.238639,,,route_d2h_host_wait_ms=HOST_WALL;native_call_wall_ms=HOST_WALL;source_wait_ms=UNKNOWN;fill_wait_ms=HOST_WALL;h2d_ms=UNKNOWN;decode_ms=HOST_WALL;expert_compute_ms=HOST_WALL;native_output_sync_wait_ms=HOST_WALL;shared_expert_ms=UNKNOWN;combine_ms=HOST_WALL;orchestration_ms=UNKNOWN;handoff_ms=UNKNOWN
14,37,1,0.023744,64.693864,,38.986858,,0.064087,0.380585,7.321518,,0.237156,,,route_d2h_host_wait_ms=HOST_WALL;native_call_wall_ms=HOST_WALL;source_wait_ms=UNKNOWN;fill_wait_ms=HOST_WALL;h2d_ms=UNKNOWN;decode_ms=HOST_WALL;expert_compute_ms=HOST_WALL;native_output_sync_wait_ms=HOST_WALL;shared_expert_ms=UNKNOWN;combine_ms=HOST_WALL;orchestration_ms=UNKNOWN;handoff_ms=UNKNOWN
14,38,1,0.030452,22.576693,,0.044247,,0.089037,0.391159,7.340652,,0.181492,,,route_d2h_host_wait_ms=HOST_WALL;native_call_wall_ms=HOST_WALL;source_wait_ms=UNKNOWN;fill_wait_ms=HOST_WALL;h2d_ms=UNKNOWN;decode_ms=HOST_WALL;expert_compute_ms=HOST_WALL;native_output_sync_wait_ms=HOST_WALL;shared_expert_ms=UNKNOWN;combine_ms=HOST_WALL;orchestration_ms=UNKNOWN;handoff_ms=UNKNOWN
14,39,1,0.020344,22.286891,,0.042228,,0.058335,0.356356,7.371784,,0.170664,,,route_d2h_host_wait_ms=HOST_WALL;native_call_wall_ms=HOST_WALL;source_wait_ms=UNKNOWN;fill_wait_ms=HOST_WALL;h2d_ms=UNKNOWN;decode_ms=HOST_WALL;expert_compute_ms=HOST_WALL;native_output_sync_wait_ms=HOST_WALL;shared_expert_ms=UNKNOWN;combine_ms=HOST_WALL;orchestration_ms=UNKNOWN;handoff_ms=UNKNOWN
14,40,1,0.020773,25.194625,,0.040728,,0.061255,0.370471,7.379610,,0.210698,,,route_d2h_host_wait_ms=HOST_WALL;native_call_wall_ms=HOST_WALL;source_wait_ms=UNKNOWN;fill_wait_ms=HOST_WALL;h2d_ms=UNKNOWN;decode_ms=HOST_WALL;expert_compute_ms=HOST_WALL;native_output_sync_wait_ms=HOST_WALL;shared_expert_ms=UNKNOWN;combine_ms=HOST_WALL;orchestration_ms=UNKNOWN;handoff_ms=UNKNOWN
14,41,1,0.024683,105.036188,,79.680263,,0.070130,0.430228,7.250523,,0.221215,,,route_d2h_host_wait_ms=HOST_WALL;native_call_wall_ms=HOST_WALL;source_wait_ms=UNKNOWN;fill_wait_ms=HOST_WALL;h2d_ms=UNKNOWN;decode_ms=HOST_WALL;expert_compute_ms=HOST_WALL;native_output_sync_wait_ms=HOST_WALL;shared_expert_ms=UNKNOWN;combine_ms=HOST_WALL;orchestration_ms=UNKNOWN;handoff_ms=UNKNOWN
14,42,1,0.030551,151.493461,,126.165229,,0.063214,0.357972,7.378955,,0.214211,,,route_d2h_host_wait_ms=HOST_WALL;native_call_wall_ms=HOST_WALL;source_wait_ms=UNKNOWN;fill_wait_ms=HOST_WALL;h2d_ms=UNKNOWN;decode_ms=HOST_WALL;expert_compute_ms=HOST_WALL;native_output_sync_wait_ms=HOST_WALL;shared_expert_ms=UNKNOWN;combine_ms=HOST_WALL;orchestration_ms=UNKNOWN;handoff_ms=UNKNOWN
15,0,0,0.020488,109.304826,,83.164975,,0.066768,0.395898,8.000013,,0.209530,,,route_d2h_host_wait_ms=HOST_WALL;native_call_wall_ms=HOST_WALL;source_wait_ms=UNKNOWN;fill_wait_ms=HOST_WALL;h2d_ms=UNKNOWN;decode_ms=HOST_WALL;expert_compute_ms=HOST_WALL;native_output_sync_wait_ms=HOST_WALL;shared_expert_ms=UNKNOWN;combine_ms=HOST_WALL;orchestration_ms=UNKNOWN;handoff_ms=UNKNOWN
15,1,0,0.020508,259.897816,,233.482700,,0.061940,0.352725,7.988453,,0.212291,,,route_d2h_host_wait_ms=HOST_WALL;native_call_wall_ms=HOST_WALL;source_wait_ms=UNKNOWN;fill_wait_ms=HOST_WALL;h2d_ms=UNKNOWN;decode_ms=HOST_WALL;expert_compute_ms=HOST_WALL;native_output_sync_wait_ms=HOST_WALL;shared_expert_ms=UNKNOWN;combine_ms=HOST_WALL;orchestration_ms=UNKNOWN;handoff_ms=UNKNOWN
15,2,0,0.021644,205.056175,,178.229689,,0.066902,0.392546,7.984221,,0.221463,,,route_d2h_host_wait_ms=HOST_WALL;native_call_wall_ms=HOST_WALL;source_wait_ms=UNKNOWN;fill_wait_ms=HOST_WALL;h2d_ms=UNKNOWN;decode_ms=HOST_WALL;expert_compute_ms=HOST_WALL;native_output_sync_wait_ms=HOST_WALL;shared_expert_ms=UNKNOWN;combine_ms=HOST_WALL;orchestration_ms=UNKNOWN;handoff_ms=UNKNOWN
15,3,0,0.025038,50.728106,,30.500092,,0.059162,0.344554,8.084424,,0.204268,,,route_d2h_host_wait_ms=HOST_WALL;native_call_wall_ms=HOST_WALL;source_wait_ms=UNKNOWN;fill_wait_ms=HOST_WALL;h2d_ms=UNKNOWN;decode_ms=HOST_WALL;expert_compute_ms=HOST_WALL;native_output_sync_wait_ms=HOST_WALL;shared_expert_ms=UNKNOWN;combine_ms=HOST_WALL;orchestration_ms=UNKNOWN;handoff_ms=UNKNOWN
15,4,0,0.020732,56.249681,,32.605272,,0.060428,0.350189,8.081617,,0.216506,,,route_d2h_host_wait_ms=HOST_WALL;native_call_wall_ms=HOST_WALL;source_wait_ms=UNKNOWN;fill_wait_ms=HOST_WALL;h2d_ms=UNKNOWN;decode_ms=HOST_WALL;expert_compute_ms=HOST_WALL;native_output_sync_wait_ms=HOST_WALL;shared_expert_ms=UNKNOWN;combine_ms=HOST_WALL;orchestration_ms=UNKNOWN;handoff_ms=UNKNOWN
15,5,0,0.027924,91.759975,,65.558723,,0.065625,0.391459,7.987101,,0.234620,,,route_d2h_host_wait_ms=HOST_WALL;native_call_wall_ms=HOST_WALL;source_wait_ms=UNKNOWN;fill_wait_ms=HOST_WALL;h2d_ms=UNKNOWN;decode_ms=HOST_WALL;expert_compute_ms=HOST_WALL;native_output_sync_wait_ms=HOST_WALL;shared_expert_ms=UNKNOWN;combine_ms=HOST_WALL;orchestration_ms=UNKNOWN;handoff_ms=UNKNOWN
15,6,0,0.019171,85.620719,,59.217282,,0.060024,0.351287,8.084491,,0.195204,,,route_d2h_host_wait_ms=HOST_WALL;native_call_wall_ms=HOST_WALL;source_wait_ms=UNKNOWN;fill_wait_ms=HOST_WALL;h2d_ms=UNKNOWN;decode_ms=HOST_WALL;expert_compute_ms=HOST_WALL;native_output_sync_wait_ms=HOST_WALL;shared_expert_ms=UNKNOWN;combine_ms=HOST_WALL;orchestration_ms=UNKNOWN;handoff_ms=UNKNOWN
15,7,0,0.020205,80.591836,,54.228021,,0.062361,0.373164,8.051684,,0.226255,,,route_d2h_host_wait_ms=HOST_WALL;native_call_wall_ms=HOST_WALL;source_wait_ms=UNKNOWN;fill_wait_ms=HOST_WALL;h2d_ms=UNKNOWN;decode_ms=HOST_WALL;expert_compute_ms=HOST_WALL;native_output_sync_wait_ms=HOST_WALL;shared_expert_ms=UNKNOWN;combine_ms=HOST_WALL;orchestration_ms=UNKNOWN;handoff_ms=UNKNOWN
15,8,0,0.031577,54.595012,,30.830553,,0.072007,0.342922,8.024628,,0.211712,,,route_d2h_host_wait_ms=HOST_WALL;native_call_wall_ms=HOST_WALL;source_wait_ms=UNKNOWN;fill_wait_ms=HOST_WALL;h2d_ms=UNKNOWN;decode_ms=HOST_WALL;expert_compute_ms=HOST_WALL;native_output_sync_wait_ms=HOST_WALL;shared_expert_ms=UNKNOWN;combine_ms=HOST_WALL;orchestration_ms=UNKNOWN;handoff_ms=UNKNOWN
15,9,0,0.024462,53.816910,,30.275341,,0.059115,0.370189,8.064008,,0.189870,,,route_d2h_host_wait_ms=HOST_WALL;native_call_wall_ms=HOST_WALL;source_wait_ms=UNKNOWN;fill_wait_ms=HOST_WALL;h2d_ms=UNKNOWN;decode_ms=HOST_WALL;expert_compute_ms=HOST_WALL;native_output_sync_wait_ms=HOST_WALL;shared_expert_ms=UNKNOWN;combine_ms=HOST_WALL;orchestration_ms=UNKNOWN;handoff_ms=UNKNOWN
15,10,0,0.022907,79.245479,,52.233253,,0.064115,0.524403,7.870580,,0.221746,,,route_d2h_host_wait_ms=HOST_WALL;native_call_wall_ms=HOST_WALL;source_wait_ms=UNKNOWN;fill_wait_ms=HOST_WALL;h2d_ms=UNKNOWN;decode_ms=HOST_WALL;expert_compute_ms=HOST_WALL;native_output_sync_wait_ms=HOST_WALL;shared_expert_ms=UNKNOWN;combine_ms=HOST_WALL;orchestration_ms=UNKNOWN;handoff_ms=UNKNOWN
15,11,0,0.019712,79.350287,,55.484731,,0.075151,0.338755,8.059602,,0.198673,,,route_d2h_host_wait_ms=HOST_WALL;native_call_wall_ms=HOST_WALL;source_wait_ms=UNKNOWN;fill_wait_ms=HOST_WALL;h2d_ms=UNKNOWN;decode_ms=HOST_WALL;expert_compute_ms=HOST_WALL;native_output_sync_wait_ms=HOST_WALL;shared_expert_ms=UNKNOWN;combine_ms=HOST_WALL;orchestration_ms=UNKNOWN;handoff_ms=UNKNOWN
15,12,0,0.020984,91.654667,,64.891400,,0.059771,0.490983,7.976638,,0.232574,,,route_d2h_host_wait_ms=HOST_WALL;native_call_wall_ms=HOST_WALL;source_wait_ms=UNKNOWN;fill_wait_ms=HOST_WALL;h2d_ms=UNKNOWN;decode_ms=HOST_WALL;expert_compute_ms=HOST_WALL;native_output_sync_wait_ms=HOST_WALL;shared_expert_ms=UNKNOWN;combine_ms=HOST_WALL;orchestration_ms=UNKNOWN;handoff_ms=UNKNOWN
15,13,0,0.020007,101.452944,,77.699415,,0.060514,0.369933,8.062604,,0.244645,,,route_d2h_host_wait_ms=HOST_WALL;native_call_wall_ms=HOST_WALL;source_wait_ms=UNKNOWN;fill_wait_ms=HOST_WALL;h2d_ms=UNKNOWN;decode_ms=HOST_WALL;expert_compute_ms=HOST_WALL;native_output_sync_wait_ms=HOST_WALL;shared_expert_ms=UNKNOWN;combine_ms=HOST_WALL;orchestration_ms=UNKNOWN;handoff_ms=UNKNOWN
15,14,0,0.019597,25.735974,,0.040535,,0.057412,0.345586,8.073723,,0.178342,,,route_d2h_host_wait_ms=HOST_WALL;native_call_wall_ms=HOST_WALL;source_wait_ms=UNKNOWN;fill_wait_ms=HOST_WALL;h2d_ms=UNKNOWN;decode_ms=HOST_WALL;expert_compute_ms=HOST_WALL;native_output_sync_wait_ms=HOST_WALL;shared_expert_ms=UNKNOWN;combine_ms=HOST_WALL;orchestration_ms=UNKNOWN;handoff_ms=UNKNOWN
15,15,0,0.023094,70.349886,,46.211526,,0.068769,0.383053,7.953220,,0.231580,,,route_d2h_host_wait_ms=HOST_WALL;native_call_wall_ms=HOST_WALL;source_wait_ms=UNKNOWN;fill_wait_ms=HOST_WALL;h2d_ms=UNKNOWN;decode_ms=HOST_WALL;expert_compute_ms=HOST_WALL;native_output_sync_wait_ms=HOST_WALL;shared_expert_ms=UNKNOWN;combine_ms=HOST_WALL;orchestration_ms=UNKNOWN;handoff_ms=UNKNOWN
15,16,0,0.021910,54.868253,,31.543919,,0.062686,0.379635,8.034442,,0.202324,,,route_d2h_host_wait_ms=HOST_WALL;native_call_wall_ms=HOST_WALL;source_wait_ms=UNKNOWN;fill_wait_ms=HOST_WALL;h2d_ms=UNKNOWN;decode_ms=HOST_WALL;expert_compute_ms=HOST_WALL;native_output_sync_wait_ms=HOST_WALL;shared_expert_ms=UNKNOWN;combine_ms=HOST_WALL;orchestration_ms=UNKNOWN;handoff_ms=UNKNOWN
15,17,0,0.038363,59.203736,,33.011089,,0.061513,0.349730,8.064810,,0.216539,,,route_d2h_host_wait_ms=HOST_WALL;native_call_wall_ms=HOST_WALL;source_wait_ms=UNKNOWN;fill_wait_ms=HOST_WALL;h2d_ms=UNKNOWN;decode_ms=HOST_WALL;expert_compute_ms=HOST_WALL;native_output_sync_wait_ms=HOST_WALL;shared_expert_ms=UNKNOWN;combine_ms=HOST_WALL;orchestration_ms=UNKNOWN;handoff_ms=UNKNOWN
15,18,0,0.021788,56.710733,,30.773339,,0.070908,0.374850,8.013123,,0.197638,,,route_d2h_host_wait_ms=HOST_WALL;native_call_wall_ms=HOST_WALL;source_wait_ms=UNKNOWN;fill_wait_ms=HOST_WALL;h2d_ms=UNKNOWN;decode_ms=HOST_WALL;expert_compute_ms=HOST_WALL;native_output_sync_wait_ms=HOST_WALL;shared_expert_ms=UNKNOWN;combine_ms=HOST_WALL;orchestration_ms=UNKNOWN;handoff_ms=UNKNOWN
15,19,0,0.021800,168.820686,,145.137052,,0.067445,0.392880,7.985006,,0.214628,,,route_d2h_host_wait_ms=HOST_WALL;native_call_wall_ms=HOST_WALL;source_wait_ms=UNKNOWN;fill_wait_ms=HOST_WALL;h2d_ms=UNKNOWN;decode_ms=HOST_WALL;expert_compute_ms=HOST_WALL;native_output_sync_wait_ms=HOST_WALL;shared_expert_ms=UNKNOWN;combine_ms=HOST_WALL;orchestration_ms=UNKNOWN;handoff_ms=UNKNOWN
15,20,0,0.021081,58.610947,,35.224883,,0.075474,0.379907,8.010690,,0.207388,,,route_d2h_host_wait_ms=HOST_WALL;native_call_wall_ms=HOST_WALL;source_wait_ms=UNKNOWN;fill_wait_ms=HOST_WALL;h2d_ms=UNKNOWN;decode_ms=HOST_WALL;expert_compute_ms=HOST_WALL;native_output_sync_wait_ms=HOST_WALL;shared_expert_ms=UNKNOWN;combine_ms=HOST_WALL;orchestration_ms=UNKNOWN;handoff_ms=UNKNOWN
15,21,0,0.020232,26.309647,,0.043088,,0.074343,0.363022,8.049891,,0.204049,,,route_d2h_host_wait_ms=HOST_WALL;native_call_wall_ms=HOST_WALL;source_wait_ms=UNKNOWN;fill_wait_ms=HOST_WALL;h2d_ms=UNKNOWN;decode_ms=HOST_WALL;expert_compute_ms=HOST_WALL;native_output_sync_wait_ms=HOST_WALL;shared_expert_ms=UNKNOWN;combine_ms=HOST_WALL;orchestration_ms=UNKNOWN;handoff_ms=UNKNOWN
15,22,1,0.021309,20.404602,,0.043457,,0.115094,0.662330,7.485470,,0.187215,,,route_d2h_host_wait_ms=HOST_WALL;native_call_wall_ms=HOST_WALL;source_wait_ms=UNKNOWN;fill_wait_ms=HOST_WALL;h2d_ms=UNKNOWN;decode_ms=HOST_WALL;expert_compute_ms=HOST_WALL;native_output_sync_wait_ms=HOST_WALL;shared_expert_ms=UNKNOWN;combine_ms=HOST_WALL;orchestration_ms=UNKNOWN;handoff_ms=UNKNOWN
15,23,1,0.022006,23.471906,,0.045242,,0.084091,0.393921,7.982464,,0.206247,,,route_d2h_host_wait_ms=HOST_WALL;native_call_wall_ms=HOST_WALL;source_wait_ms=UNKNOWN;fill_wait_ms=HOST_WALL;h2d_ms=UNKNOWN;decode_ms=HOST_WALL;expert_compute_ms=HOST_WALL;native_output_sync_wait_ms=HOST_WALL;shared_expert_ms=UNKNOWN;combine_ms=HOST_WALL;orchestration_ms=UNKNOWN;handoff_ms=UNKNOWN
15,24,1,0.022616,119.244594,,95.733333,,0.068267,0.414553,7.975085,,0.212841,,,route_d2h_host_wait_ms=HOST_WALL;native_call_wall_ms=HOST_WALL;source_wait_ms=UNKNOWN;fill_wait_ms=HOST_WALL;h2d_ms=UNKNOWN;decode_ms=HOST_WALL;expert_compute_ms=HOST_WALL;native_output_sync_wait_ms=HOST_WALL;shared_expert_ms=UNKNOWN;combine_ms=HOST_WALL;orchestration_ms=UNKNOWN;handoff_ms=UNKNOWN
15,25,1,0.056994,22.917092,,0.044444,,0.063866,0.377314,8.017091,,0.195429,,,route_d2h_host_wait_ms=HOST_WALL;native_call_wall_ms=HOST_WALL;source_wait_ms=UNKNOWN;fill_wait_ms=HOST_WALL;h2d_ms=UNKNOWN;decode_ms=HOST_WALL;expert_compute_ms=HOST_WALL;native_output_sync_wait_ms=HOST_WALL;shared_expert_ms=UNKNOWN;combine_ms=HOST_WALL;orchestration_ms=UNKNOWN;handoff_ms=UNKNOWN
15,26,1,0.022462,22.880596,,0.045833,,0.068222,0.386775,7.985300,,0.205598,,,route_d2h_host_wait_ms=HOST_WALL;native_call_wall_ms=HOST_WALL;source_wait_ms=UNKNOWN;fill_wait_ms=HOST_WALL;h2d_ms=UNKNOWN;decode_ms=HOST_WALL;expert_compute_ms=HOST_WALL;native_output_sync_wait_ms=HOST_WALL;shared_expert_ms=UNKNOWN;combine_ms=HOST_WALL;orchestration_ms=UNKNOWN;handoff_ms=UNKNOWN
15,27,1,0.022192,52.191138,,29.069270,,0.067289,0.392112,7.986770,,0.203760,,,route_d2h_host_wait_ms=HOST_WALL;native_call_wall_ms=HOST_WALL;source_wait_ms=UNKNOWN;fill_wait_ms=HOST_WALL;h2d_ms=UNKNOWN;decode_ms=HOST_WALL;expert_compute_ms=HOST_WALL;native_output_sync_wait_ms=HOST_WALL;shared_expert_ms=UNKNOWN;combine_ms=HOST_WALL;orchestration_ms=UNKNOWN;handoff_ms=UNKNOWN
15,28,1,0.022369,61.840163,,35.917973,,0.063633,0.367407,7.997108,,0.214762,,,route_d2h_host_wait_ms=HOST_WALL;native_call_wall_ms=HOST_WALL;source_wait_ms=UNKNOWN;fill_wait_ms=HOST_WALL;h2d_ms=UNKNOWN;decode_ms=HOST_WALL;expert_compute_ms=HOST_WALL;native_output_sync_wait_ms=HOST_WALL;shared_expert_ms=UNKNOWN;combine_ms=HOST_WALL;orchestration_ms=UNKNOWN;handoff_ms=UNKNOWN
15,29,1,0.020836,63.265520,,39.916152,,0.065843,0.372580,8.058823,,0.228019,,,route_d2h_host_wait_ms=HOST_WALL;native_call_wall_ms=HOST_WALL;source_wait_ms=UNKNOWN;fill_wait_ms=HOST_WALL;h2d_ms=UNKNOWN;decode_ms=HOST_WALL;expert_compute_ms=HOST_WALL;native_output_sync_wait_ms=HOST_WALL;shared_expert_ms=UNKNOWN;combine_ms=HOST_WALL;orchestration_ms=UNKNOWN;handoff_ms=UNKNOWN
15,30,1,0.024751,25.672275,,0.044625,,0.064180,0.387462,8.023356,,0.198613,,,route_d2h_host_wait_ms=HOST_WALL;native_call_wall_ms=HOST_WALL;source_wait_ms=UNKNOWN;fill_wait_ms=HOST_WALL;h2d_ms=UNKNOWN;decode_ms=HOST_WALL;expert_compute_ms=HOST_WALL;native_output_sync_wait_ms=HOST_WALL;shared_expert_ms=UNKNOWN;combine_ms=HOST_WALL;orchestration_ms=UNKNOWN;handoff_ms=UNKNOWN
15,31,1,0.021789,100.189571,,75.789558,,0.071764,0.404416,7.965165,,0.231280,,,route_d2h_host_wait_ms=HOST_WALL;native_call_wall_ms=HOST_WALL;source_wait_ms=UNKNOWN;fill_wait_ms=HOST_WALL;h2d_ms=UNKNOWN;decode_ms=HOST_WALL;expert_compute_ms=HOST_WALL;native_output_sync_wait_ms=HOST_WALL;shared_expert_ms=UNKNOWN;combine_ms=HOST_WALL;orchestration_ms=UNKNOWN;handoff_ms=UNKNOWN
15,32,1,0.021555,60.020923,,34.018087,,0.063855,0.374553,8.033021,,0.190648,,,route_d2h_host_wait_ms=HOST_WALL;native_call_wall_ms=HOST_WALL;source_wait_ms=UNKNOWN;fill_wait_ms=HOST_WALL;h2d_ms=UNKNOWN;decode_ms=HOST_WALL;expert_compute_ms=HOST_WALL;native_output_sync_wait_ms=HOST_WALL;shared_expert_ms=UNKNOWN;combine_ms=HOST_WALL;orchestration_ms=UNKNOWN;handoff_ms=UNKNOWN
15,33,1,0.023637,57.376896,,34.466759,,0.065399,0.389964,8.015383,,0.236250,,,route_d2h_host_wait_ms=HOST_WALL;native_call_wall_ms=HOST_WALL;source_wait_ms=UNKNOWN;fill_wait_ms=HOST_WALL;h2d_ms=UNKNOWN;decode_ms=HOST_WALL;expert_compute_ms=HOST_WALL;native_output_sync_wait_ms=HOST_WALL;shared_expert_ms=UNKNOWN;combine_ms=HOST_WALL;orchestration_ms=UNKNOWN;handoff_ms=UNKNOWN
15,34,1,0.022703,22.713575,,0.043212,,0.058793,0.342638,8.056910,,0.166204,,,route_d2h_host_wait_ms=HOST_WALL;native_call_wall_ms=HOST_WALL;source_wait_ms=UNKNOWN;fill_wait_ms=HOST_WALL;h2d_ms=UNKNOWN;decode_ms=HOST_WALL;expert_compute_ms=HOST_WALL;native_output_sync_wait_ms=HOST_WALL;shared_expert_ms=UNKNOWN;combine_ms=HOST_WALL;orchestration_ms=UNKNOWN;handoff_ms=UNKNOWN
15,35,1,0.022025,22.868991,,0.052738,,0.064267,0.395218,7.970997,,0.177054,,,route_d2h_host_wait_ms=HOST_WALL;native_call_wall_ms=HOST_WALL;source_wait_ms=UNKNOWN;fill_wait_ms=HOST_WALL;h2d_ms=UNKNOWN;decode_ms=HOST_WALL;expert_compute_ms=HOST_WALL;native_output_sync_wait_ms=HOST_WALL;shared_expert_ms=UNKNOWN;combine_ms=HOST_WALL;orchestration_ms=UNKNOWN;handoff_ms=UNKNOWN
15,36,1,0.019688,54.240667,,33.807747,,0.117099,0.458966,7.518085,,0.194098,,,route_d2h_host_wait_ms=HOST_WALL;native_call_wall_ms=HOST_WALL;source_wait_ms=UNKNOWN;fill_wait_ms=HOST_WALL;h2d_ms=UNKNOWN;decode_ms=HOST_WALL;expert_compute_ms=HOST_WALL;native_output_sync_wait_ms=HOST_WALL;shared_expert_ms=UNKNOWN;combine_ms=HOST_WALL;orchestration_ms=UNKNOWN;handoff_ms=UNKNOWN
15,37,1,0.023461,23.463405,,0.058101,,0.063048,0.357438,7.670945,,0.173723,,,route_d2h_host_wait_ms=HOST_WALL;native_call_wall_ms=HOST_WALL;source_wait_ms=UNKNOWN;fill_wait_ms=HOST_WALL;h2d_ms=UNKNOWN;decode_ms=HOST_WALL;expert_compute_ms=HOST_WALL;native_output_sync_wait_ms=HOST_WALL;shared_expert_ms=UNKNOWN;combine_ms=HOST_WALL;orchestration_ms=UNKNOWN;handoff_ms=UNKNOWN
15,38,1,0.021555,22.800924,,0.042959,,0.067558,0.370511,7.646689,,0.192444,,,route_d2h_host_wait_ms=HOST_WALL;native_call_wall_ms=HOST_WALL;source_wait_ms=UNKNOWN;fill_wait_ms=HOST_WALL;h2d_ms=UNKNOWN;decode_ms=HOST_WALL;expert_compute_ms=HOST_WALL;native_output_sync_wait_ms=HOST_WALL;shared_expert_ms=UNKNOWN;combine_ms=HOST_WALL;orchestration_ms=UNKNOWN;handoff_ms=UNKNOWN
15,39,1,0.022521,54.998099,,32.378186,,0.066252,0.386689,7.677468,,0.202300,,,route_d2h_host_wait_ms=HOST_WALL;native_call_wall_ms=HOST_WALL;source_wait_ms=UNKNOWN;fill_wait_ms=HOST_WALL;h2d_ms=UNKNOWN;decode_ms=HOST_WALL;expert_compute_ms=HOST_WALL;native_output_sync_wait_ms=HOST_WALL;shared_expert_ms=UNKNOWN;combine_ms=HOST_WALL;orchestration_ms=UNKNOWN;handoff_ms=UNKNOWN
15,40,1,0.019995,78.256903,,55.984366,,0.069536,0.413234,7.006712,,0.203632,,,route_d2h_host_wait_ms=HOST_WALL;native_call_wall_ms=HOST_WALL;source_wait_ms=UNKNOWN;fill_wait_ms=HOST_WALL;h2d_ms=UNKNOWN;decode_ms=HOST_WALL;expert_compute_ms=HOST_WALL;native_output_sync_wait_ms=HOST_WALL;shared_expert_ms=UNKNOWN;combine_ms=HOST_WALL;orchestration_ms=UNKNOWN;handoff_ms=UNKNOWN
15,41,1,0.021868,57.014771,,32.056901,,0.064551,0.381939,7.051570,,0.206327,,,route_d2h_host_wait_ms=HOST_WALL;native_call_wall_ms=HOST_WALL;source_wait_ms=UNKNOWN;fill_wait_ms=HOST_WALL;h2d_ms=UNKNOWN;decode_ms=HOST_WALL;expert_compute_ms=HOST_WALL;native_output_sync_wait_ms=HOST_WALL;shared_expert_ms=UNKNOWN;combine_ms=HOST_WALL;orchestration_ms=UNKNOWN;handoff_ms=UNKNOWN
15,42,1,0.028378,84.821072,,65.200334,,0.068008,0.460344,7.023220,,0.200468,,,route_d2h_host_wait_ms=HOST_WALL;native_call_wall_ms=HOST_WALL;source_wait_ms=UNKNOWN;fill_wait_ms=HOST_WALL;h2d_ms=UNKNOWN;decode_ms=HOST_WALL;expert_compute_ms=HOST_WALL;native_output_sync_wait_ms=HOST_WALL;shared_expert_ms=UNKNOWN;combine_ms=HOST_WALL;orchestration_ms=UNKNOWN;handoff_ms=UNKNOWN
16,0,0,0.021050,162.522611,,141.754785,,0.066430,0.408798,7.967044,,0.205522,,,route_d2h_host_wait_ms=HOST_WALL;native_call_wall_ms=HOST_WALL;source_wait_ms=UNKNOWN;fill_wait_ms=HOST_WALL;h2d_ms=UNKNOWN;decode_ms=HOST_WALL;expert_compute_ms=HOST_WALL;native_output_sync_wait_ms=HOST_WALL;shared_expert_ms=UNKNOWN;combine_ms=HOST_WALL;orchestration_ms=UNKNOWN;handoff_ms=UNKNOWN
16,1,0,0.021501,135.312914,,114.818779,,0.058949,0.354911,8.040686,,0.206723,,,route_d2h_host_wait_ms=HOST_WALL;native_call_wall_ms=HOST_WALL;source_wait_ms=UNKNOWN;fill_wait_ms=HOST_WALL;h2d_ms=UNKNOWN;decode_ms=HOST_WALL;expert_compute_ms=HOST_WALL;native_output_sync_wait_ms=HOST_WALL;shared_expert_ms=UNKNOWN;combine_ms=HOST_WALL;orchestration_ms=UNKNOWN;handoff_ms=UNKNOWN
16,2,0,0.023378,259.096005,,232.632350,,0.064283,0.382443,8.030189,,0.237048,,,route_d2h_host_wait_ms=HOST_WALL;native_call_wall_ms=HOST_WALL;source_wait_ms=UNKNOWN;fill_wait_ms=HOST_WALL;h2d_ms=UNKNOWN;decode_ms=HOST_WALL;expert_compute_ms=HOST_WALL;native_output_sync_wait_ms=HOST_WALL;shared_expert_ms=UNKNOWN;combine_ms=HOST_WALL;orchestration_ms=UNKNOWN;handoff_ms=UNKNOWN
16,3,0,0.023082,161.162580,,140.578989,,0.064672,0.349512,8.011160,,0.223283,,,route_d2h_host_wait_ms=HOST_WALL;native_call_wall_ms=HOST_WALL;source_wait_ms=UNKNOWN;fill_wait_ms=HOST_WALL;h2d_ms=UNKNOWN;decode_ms=HOST_WALL;expert_compute_ms=HOST_WALL;native_output_sync_wait_ms=HOST_WALL;shared_expert_ms=UNKNOWN;combine_ms=HOST_WALL;orchestration_ms=UNKNOWN;handoff_ms=UNKNOWN
16,4,0,0.022357,132.576421,,108.601052,,0.073003,0.364215,8.025471,,0.218031,,,route_d2h_host_wait_ms=HOST_WALL;native_call_wall_ms=HOST_WALL;source_wait_ms=UNKNOWN;fill_wait_ms=HOST_WALL;h2d_ms=UNKNOWN;decode_ms=HOST_WALL;expert_compute_ms=HOST_WALL;native_output_sync_wait_ms=HOST_WALL;shared_expert_ms=UNKNOWN;combine_ms=HOST_WALL;orchestration_ms=UNKNOWN;handoff_ms=UNKNOWN
16,5,0,0.021097,60.796375,,34.364539,,0.061938,0.407102,8.004588,,0.220491,,,route_d2h_host_wait_ms=HOST_WALL;native_call_wall_ms=HOST_WALL;source_wait_ms=UNKNOWN;fill_wait_ms=HOST_WALL;h2d_ms=UNKNOWN;decode_ms=HOST_WALL;expert_compute_ms=HOST_WALL;native_output_sync_wait_ms=HOST_WALL;shared_expert_ms=UNKNOWN;combine_ms=HOST_WALL;orchestration_ms=UNKNOWN;handoff_ms=UNKNOWN
16,6,0,0.022659,49.903247,,28.886659,,0.077533,0.371032,8.049062,,0.245953,,,route_d2h_host_wait_ms=HOST_WALL;native_call_wall_ms=HOST_WALL;source_wait_ms=UNKNOWN;fill_wait_ms=HOST_WALL;h2d_ms=UNKNOWN;decode_ms=HOST_WALL;expert_compute_ms=HOST_WALL;native_output_sync_wait_ms=HOST_WALL;shared_expert_ms=UNKNOWN;combine_ms=HOST_WALL;orchestration_ms=UNKNOWN;handoff_ms=UNKNOWN
16,7,0,0.020295,57.756616,,32.538701,,0.124660,0.753213,7.414104,,0.431718,,,route_d2h_host_wait_ms=HOST_WALL;native_call_wall_ms=HOST_WALL;source_wait_ms=UNKNOWN;fill_wait_ms=HOST_WALL;h2d_ms=UNKNOWN;decode_ms=HOST_WALL;expert_compute_ms=HOST_WALL;native_output_sync_wait_ms=HOST_WALL;shared_expert_ms=UNKNOWN;combine_ms=HOST_WALL;orchestration_ms=UNKNOWN;handoff_ms=UNKNOWN
16,8,0,0.022784,62.783137,,34.280216,,0.061234,0.356115,8.070537,,0.215055,,,route_d2h_host_wait_ms=HOST_WALL;native_call_wall_ms=HOST_WALL;source_wait_ms=UNKNOWN;fill_wait_ms=HOST_WALL;h2d_ms=UNKNOWN;decode_ms=HOST_WALL;expert_compute_ms=HOST_WALL;native_output_sync_wait_ms=HOST_WALL;shared_expert_ms=UNKNOWN;combine_ms=HOST_WALL;orchestration_ms=UNKNOWN;handoff_ms=UNKNOWN
16,9,0,0.023287,55.544713,,32.530951,,0.075839,0.355817,8.013923,,0.225479,,,route_d2h_host_wait_ms=HOST_WALL;native_call_wall_ms=HOST_WALL;source_wait_ms=UNKNOWN;fill_wait_ms=HOST_WALL;h2d_ms=UNKNOWN;decode_ms=HOST_WALL;expert_compute_ms=HOST_WALL;native_output_sync_wait_ms=HOST_WALL;shared_expert_ms=UNKNOWN;combine_ms=HOST_WALL;orchestration_ms=UNKNOWN;handoff_ms=UNKNOWN
16,10,0,0.019446,73.939169,,46.477350,,0.064080,0.385137,8.035127,,0.219252,,,route_d2h_host_wait_ms=HOST_WALL;native_call_wall_ms=HOST_WALL;source_wait_ms=UNKNOWN;fill_wait_ms=HOST_WALL;h2d_ms=UNKNOWN;decode_ms=HOST_WALL;expert_compute_ms=HOST_WALL;native_output_sync_wait_ms=HOST_WALL;shared_expert_ms=UNKNOWN;combine_ms=HOST_WALL;orchestration_ms=UNKNOWN;handoff_ms=UNKNOWN
16,11,0,0.022427,54.878415,,33.246224,,0.061412,0.370904,8.028406,,0.197791,,,route_d2h_host_wait_ms=HOST_WALL;native_call_wall_ms=HOST_WALL;source_wait_ms=UNKNOWN;fill_wait_ms=HOST_WALL;h2d_ms=UNKNOWN;decode_ms=HOST_WALL;expert_compute_ms=HOST_WALL;native_output_sync_wait_ms=HOST_WALL;shared_expert_ms=UNKNOWN;combine_ms=HOST_WALL;orchestration_ms=UNKNOWN;handoff_ms=UNKNOWN
16,12,0,0.022867,56.626292,,32.072577,,0.077184,0.368193,8.042006,,0.203001,,,route_d2h_host_wait_ms=HOST_WALL;native_call_wall_ms=HOST_WALL;source_wait_ms=UNKNOWN;fill_wait_ms=HOST_WALL;h2d_ms=UNKNOWN;decode_ms=HOST_WALL;expert_compute_ms=HOST_WALL;native_output_sync_wait_ms=HOST_WALL;shared_expert_ms=UNKNOWN;combine_ms=HOST_WALL;orchestration_ms=UNKNOWN;handoff_ms=UNKNOWN
16,13,0,0.022134,86.601045,,61.821990,,0.061075,0.342137,8.063756,,0.197557,,,route_d2h_host_wait_ms=HOST_WALL;native_call_wall_ms=HOST_WALL;source_wait_ms=UNKNOWN;fill_wait_ms=HOST_WALL;h2d_ms=UNKNOWN;decode_ms=HOST_WALL;expert_compute_ms=HOST_WALL;native_output_sync_wait_ms=HOST_WALL;shared_expert_ms=UNKNOWN;combine_ms=HOST_WALL;orchestration_ms=UNKNOWN;handoff_ms=UNKNOWN
16,14,0,0.028879,24.638121,,0.043248,,0.060275,0.345788,8.101140,,0.201060,,,route_d2h_host_wait_ms=HOST_WALL;native_call_wall_ms=HOST_WALL;source_wait_ms=UNKNOWN;fill_wait_ms=HOST_WALL;h2d_ms=UNKNOWN;decode_ms=HOST_WALL;expert_compute_ms=HOST_WALL;native_output_sync_wait_ms=HOST_WALL;shared_expert_ms=UNKNOWN;combine_ms=HOST_WALL;orchestration_ms=UNKNOWN;handoff_ms=UNKNOWN
16,15,0,0.021146,58.255147,,33.739886,,0.057792,0.344333,8.101460,,0.191532,,,route_d2h_host_wait_ms=HOST_WALL;native_call_wall_ms=HOST_WALL;source_wait_ms=UNKNOWN;fill_wait_ms=HOST_WALL;h2d_ms=UNKNOWN;decode_ms=HOST_WALL;expert_compute_ms=HOST_WALL;native_output_sync_wait_ms=HOST_WALL;shared_expert_ms=UNKNOWN;combine_ms=HOST_WALL;orchestration_ms=UNKNOWN;handoff_ms=UNKNOWN
16,16,0,0.020072,25.295756,,0.040960,,0.065605,0.333342,8.084774,,0.205298,,,route_d2h_host_wait_ms=HOST_WALL;native_call_wall_ms=HOST_WALL;source_wait_ms=UNKNOWN;fill_wait_ms=HOST_WALL;h2d_ms=UNKNOWN;decode_ms=HOST_WALL;expert_compute_ms=HOST_WALL;native_output_sync_wait_ms=HOST_WALL;shared_expert_ms=UNKNOWN;combine_ms=HOST_WALL;orchestration_ms=UNKNOWN;handoff_ms=UNKNOWN
16,17,0,0.022228,24.380147,,0.052497,,0.057408,0.375074,7.337120,,0.180636,,,route_d2h_host_wait_ms=HOST_WALL;native_call_wall_ms=HOST_WALL;source_wait_ms=UNKNOWN;fill_wait_ms=HOST_WALL;h2d_ms=UNKNOWN;decode_ms=HOST_WALL;expert_compute_ms=HOST_WALL;native_output_sync_wait_ms=HOST_WALL;shared_expert_ms=UNKNOWN;combine_ms=HOST_WALL;orchestration_ms=UNKNOWN;handoff_ms=UNKNOWN
16,18,0,0.020946,24.696059,,0.041428,,0.064034,0.398995,7.304502,,0.205599,,,route_d2h_host_wait_ms=HOST_WALL;native_call_wall_ms=HOST_WALL;source_wait_ms=UNKNOWN;fill_wait_ms=HOST_WALL;h2d_ms=UNKNOWN;decode_ms=HOST_WALL;expert_compute_ms=HOST_WALL;native_output_sync_wait_ms=HOST_WALL;shared_expert_ms=UNKNOWN;combine_ms=HOST_WALL;orchestration_ms=UNKNOWN;handoff_ms=UNKNOWN
16,19,0,0.020055,50.622020,,30.375891,,0.103620,0.394232,7.287484,,0.192101,,,route_d2h_host_wait_ms=HOST_WALL;native_call_wall_ms=HOST_WALL;source_wait_ms=UNKNOWN;fill_wait_ms=HOST_WALL;h2d_ms=UNKNOWN;decode_ms=HOST_WALL;expert_compute_ms=HOST_WALL;native_output_sync_wait_ms=HOST_WALL;shared_expert_ms=UNKNOWN;combine_ms=HOST_WALL;orchestration_ms=UNKNOWN;handoff_ms=UNKNOWN
16,20,0,0.022350,21.692392,,0.042851,,0.056734,0.351716,7.367830,,0.225353,,,route_d2h_host_wait_ms=HOST_WALL;native_call_wall_ms=HOST_WALL;source_wait_ms=UNKNOWN;fill_wait_ms=HOST_WALL;h2d_ms=UNKNOWN;decode_ms=HOST_WALL;expert_compute_ms=HOST_WALL;native_output_sync_wait_ms=HOST_WALL;shared_expert_ms=UNKNOWN;combine_ms=HOST_WALL;orchestration_ms=UNKNOWN;handoff_ms=UNKNOWN
16,21,0,0.019713,112.900749,,88.933108,,0.060465,0.362216,7.080448,,0.197372,,,route_d2h_host_wait_ms=HOST_WALL;native_call_wall_ms=HOST_WALL;source_wait_ms=UNKNOWN;fill_wait_ms=HOST_WALL;h2d_ms=UNKNOWN;decode_ms=HOST_WALL;expert_compute_ms=HOST_WALL;native_output_sync_wait_ms=HOST_WALL;shared_expert_ms=UNKNOWN;combine_ms=HOST_WALL;orchestration_ms=UNKNOWN;handoff_ms=UNKNOWN
16,22,1,0.022986,87.400032,,62.342715,,0.080634,0.525080,7.867209,,0.205300,,,route_d2h_host_wait_ms=HOST_WALL;native_call_wall_ms=HOST_WALL;source_wait_ms=UNKNOWN;fill_wait_ms=HOST_WALL;h2d_ms=UNKNOWN;decode_ms=HOST_WALL;expert_compute_ms=HOST_WALL;native_output_sync_wait_ms=HOST_WALL;shared_expert_ms=UNKNOWN;combine_ms=HOST_WALL;orchestration_ms=UNKNOWN;handoff_ms=UNKNOWN
16,23,1,0.022074,61.991776,,33.606200,,0.065865,0.401649,7.985938,,0.205900,,,route_d2h_host_wait_ms=HOST_WALL;native_call_wall_ms=HOST_WALL;source_wait_ms=UNKNOWN;fill_wait_ms=HOST_WALL;h2d_ms=UNKNOWN;decode_ms=HOST_WALL;expert_compute_ms=HOST_WALL;native_output_sync_wait_ms=HOST_WALL;shared_expert_ms=UNKNOWN;combine_ms=HOST_WALL;orchestration_ms=UNKNOWN;handoff_ms=UNKNOWN
16,24,1,0.020427,58.726547,,32.333619,,0.075068,0.412732,7.960884,,0.205627,,,route_d2h_host_wait_ms=HOST_WALL;native_call_wall_ms=HOST_WALL;source_wait_ms=UNKNOWN;fill_wait_ms=HOST_WALL;h2d_ms=UNKNOWN;decode_ms=HOST_WALL;expert_compute_ms=HOST_WALL;native_output_sync_wait_ms=HOST_WALL;shared_expert_ms=UNKNOWN;combine_ms=HOST_WALL;orchestration_ms=UNKNOWN;handoff_ms=UNKNOWN
16,25,1,0.027738,94.579078,,69.734398,,0.067335,0.462013,7.940134,,0.364839,,,route_d2h_host_wait_ms=HOST_WALL;native_call_wall_ms=HOST_WALL;source_wait_ms=UNKNOWN;fill_wait_ms=HOST_WALL;h2d_ms=UNKNOWN;decode_ms=HOST_WALL;expert_compute_ms=HOST_WALL;native_output_sync_wait_ms=HOST_WALL;shared_expert_ms=UNKNOWN;combine_ms=HOST_WALL;orchestration_ms=UNKNOWN;handoff_ms=UNKNOWN
16,26,1,0.024252,24.722726,,0.042390,,0.061855,0.364875,8.036795,,0.200316,,,route_d2h_host_wait_ms=HOST_WALL;native_call_wall_ms=HOST_WALL;source_wait_ms=UNKNOWN;fill_wait_ms=HOST_WALL;h2d_ms=UNKNOWN;decode_ms=HOST_WALL;expert_compute_ms=HOST_WALL;native_output_sync_wait_ms=HOST_WALL;shared_expert_ms=UNKNOWN;combine_ms=HOST_WALL;orchestration_ms=UNKNOWN;handoff_ms=UNKNOWN
16,27,1,0.020199,58.562683,,33.253267,,0.062663,0.368912,8.041533,,0.202889,,,route_d2h_host_wait_ms=HOST_WALL;native_call_wall_ms=HOST_WALL;source_wait_ms=UNKNOWN;fill_wait_ms=HOST_WALL;h2d_ms=UNKNOWN;decode_ms=HOST_WALL;expert_compute_ms=HOST_WALL;native_output_sync_wait_ms=HOST_WALL;shared_expert_ms=UNKNOWN;combine_ms=HOST_WALL;orchestration_ms=UNKNOWN;handoff_ms=UNKNOWN
16,28,1,0.024534,25.732286,,0.043030,,0.066527,0.383172,8.044745,,0.190026,,,route_d2h_host_wait_ms=HOST_WALL;native_call_wall_ms=HOST_WALL;source_wait_ms=UNKNOWN;fill_wait_ms=HOST_WALL;h2d_ms=UNKNOWN;decode_ms=HOST_WALL;expert_compute_ms=HOST_WALL;native_output_sync_wait_ms=HOST_WALL;shared_expert_ms=UNKNOWN;combine_ms=HOST_WALL;orchestration_ms=UNKNOWN;handoff_ms=UNKNOWN
16,29,1,0.024108,56.482484,,34.339496,,0.065269,0.375746,8.032812,,0.222748,,,route_d2h_host_wait_ms=HOST_WALL;native_call_wall_ms=HOST_WALL;source_wait_ms=UNKNOWN;fill_wait_ms=HOST_WALL;h2d_ms=UNKNOWN;decode_ms=HOST_WALL;expert_compute_ms=HOST_WALL;native_output_sync_wait_ms=HOST_WALL;shared_expert_ms=UNKNOWN;combine_ms=HOST_WALL;orchestration_ms=UNKNOWN;handoff_ms=UNKNOWN
16,30,1,0.021351,60.523258,,31.886619,,0.065127,0.493126,7.924308,,0.199777,,,route_d2h_host_wait_ms=HOST_WALL;native_call_wall_ms=HOST_WALL;source_wait_ms=UNKNOWN;fill_wait_ms=HOST_WALL;h2d_ms=UNKNOWN;decode_ms=HOST_WALL;expert_compute_ms=HOST_WALL;native_output_sync_wait_ms=HOST_WALL;shared_expert_ms=UNKNOWN;combine_ms=HOST_WALL;orchestration_ms=UNKNOWN;handoff_ms=UNKNOWN
16,31,1,0.021818,105.407743,,79.910760,,0.070524,0.464673,7.896649,,0.194250,,,route_d2h_host_wait_ms=HOST_WALL;native_call_wall_ms=HOST_WALL;source_wait_ms=UNKNOWN;fill_wait_ms=HOST_WALL;h2d_ms=UNKNOWN;decode_ms=HOST_WALL;expert_compute_ms=HOST_WALL;native_output_sync_wait_ms=HOST_WALL;shared_expert_ms=UNKNOWN;combine_ms=HOST_WALL;orchestration_ms=UNKNOWN;handoff_ms=UNKNOWN
16,32,1,0.019432,55.398539,,32.308997,,0.063363,0.388855,7.984175,,0.192858,,,route_d2h_host_wait_ms=HOST_WALL;native_call_wall_ms=HOST_WALL;source_wait_ms=UNKNOWN;fill_wait_ms=HOST_WALL;h2d_ms=UNKNOWN;decode_ms=HOST_WALL;expert_compute_ms=HOST_WALL;native_output_sync_wait_ms=HOST_WALL;shared_expert_ms=UNKNOWN;combine_ms=HOST_WALL;orchestration_ms=UNKNOWN;handoff_ms=UNKNOWN
16,33,1,0.020648,141.713343,,114.942118,,0.063528,0.343019,8.034171,,0.207537,,,route_d2h_host_wait_ms=HOST_WALL;native_call_wall_ms=HOST_WALL;source_wait_ms=UNKNOWN;fill_wait_ms=HOST_WALL;h2d_ms=UNKNOWN;decode_ms=HOST_WALL;expert_compute_ms=HOST_WALL;native_output_sync_wait_ms=HOST_WALL;shared_expert_ms=UNKNOWN;combine_ms=HOST_WALL;orchestration_ms=UNKNOWN;handoff_ms=UNKNOWN
16,34,1,0.020975,55.532811,,33.163831,,0.069774,0.431979,7.981537,,0.195479,,,route_d2h_host_wait_ms=HOST_WALL;native_call_wall_ms=HOST_WALL;source_wait_ms=UNKNOWN;fill_wait_ms=HOST_WALL;h2d_ms=UNKNOWN;decode_ms=HOST_WALL;expert_compute_ms=HOST_WALL;native_output_sync_wait_ms=HOST_WALL;shared_expert_ms=UNKNOWN;combine_ms=HOST_WALL;orchestration_ms=UNKNOWN;handoff_ms=UNKNOWN
16,35,1,0.022123,111.759477,,83.628221,,0.114269,0.399961,7.953312,,0.240233,,,route_d2h_host_wait_ms=HOST_WALL;native_call_wall_ms=HOST_WALL;source_wait_ms=UNKNOWN;fill_wait_ms=HOST_WALL;h2d_ms=UNKNOWN;decode_ms=HOST_WALL;expert_compute_ms=HOST_WALL;native_output_sync_wait_ms=HOST_WALL;shared_expert_ms=UNKNOWN;combine_ms=HOST_WALL;orchestration_ms=UNKNOWN;handoff_ms=UNKNOWN
16,36,1,0.019554,87.973514,,60.402642,,0.063815,0.391369,8.014258,,0.213514,,,route_d2h_host_wait_ms=HOST_WALL;native_call_wall_ms=HOST_WALL;source_wait_ms=UNKNOWN;fill_wait_ms=HOST_WALL;h2d_ms=UNKNOWN;decode_ms=HOST_WALL;expert_compute_ms=HOST_WALL;native_output_sync_wait_ms=HOST_WALL;shared_expert_ms=UNKNOWN;combine_ms=HOST_WALL;orchestration_ms=UNKNOWN;handoff_ms=UNKNOWN
16,37,1,0.020898,96.998208,,69.473272,,0.064139,0.371624,8.053196,,0.197947,,,route_d2h_host_wait_ms=HOST_WALL;native_call_wall_ms=HOST_WALL;source_wait_ms=UNKNOWN;fill_wait_ms=HOST_WALL;h2d_ms=UNKNOWN;decode_ms=HOST_WALL;expert_compute_ms=HOST_WALL;native_output_sync_wait_ms=HOST_WALL;shared_expert_ms=UNKNOWN;combine_ms=HOST_WALL;orchestration_ms=UNKNOWN;handoff_ms=UNKNOWN
16,38,1,0.022609,93.576538,,68.800495,,0.065764,0.372652,8.027092,,0.194263,,,route_d2h_host_wait_ms=HOST_WALL;native_call_wall_ms=HOST_WALL;source_wait_ms=UNKNOWN;fill_wait_ms=HOST_WALL;h2d_ms=UNKNOWN;decode_ms=HOST_WALL;expert_compute_ms=HOST_WALL;native_output_sync_wait_ms=HOST_WALL;shared_expert_ms=UNKNOWN;combine_ms=HOST_WALL;orchestration_ms=UNKNOWN;handoff_ms=UNKNOWN
16,39,1,0.021224,102.674733,,74.449570,,0.068658,0.431277,7.928596,,0.231970,,,route_d2h_host_wait_ms=HOST_WALL;native_call_wall_ms=HOST_WALL;source_wait_ms=UNKNOWN;fill_wait_ms=HOST_WALL;h2d_ms=UNKNOWN;decode_ms=HOST_WALL;expert_compute_ms=HOST_WALL;native_output_sync_wait_ms=HOST_WALL;shared_expert_ms=UNKNOWN;combine_ms=HOST_WALL;orchestration_ms=UNKNOWN;handoff_ms=UNKNOWN
16,40,1,0.020447,57.857246,,33.238830,,0.063298,0.377867,8.065995,,0.222968,,,route_d2h_host_wait_ms=HOST_WALL;native_call_wall_ms=HOST_WALL;source_wait_ms=UNKNOWN;fill_wait_ms=HOST_WALL;h2d_ms=UNKNOWN;decode_ms=HOST_WALL;expert_compute_ms=HOST_WALL;native_output_sync_wait_ms=HOST_WALL;shared_expert_ms=UNKNOWN;combine_ms=HOST_WALL;orchestration_ms=UNKNOWN;handoff_ms=UNKNOWN
16,41,1,0.021032,51.672683,,31.588083,,0.064111,0.398384,8.037461,,0.191562,,,route_d2h_host_wait_ms=HOST_WALL;native_call_wall_ms=HOST_WALL;source_wait_ms=UNKNOWN;fill_wait_ms=HOST_WALL;h2d_ms=UNKNOWN;decode_ms=HOST_WALL;expert_compute_ms=HOST_WALL;native_output_sync_wait_ms=HOST_WALL;shared_expert_ms=UNKNOWN;combine_ms=HOST_WALL;orchestration_ms=UNKNOWN;handoff_ms=UNKNOWN
16,42,1,0.023909,54.781081,,29.837536,,0.064941,0.384477,7.976298,,0.199449,,,route_d2h_host_wait_ms=HOST_WALL;native_call_wall_ms=HOST_WALL;source_wait_ms=UNKNOWN;fill_wait_ms=HOST_WALL;h2d_ms=UNKNOWN;decode_ms=HOST_WALL;expert_compute_ms=HOST_WALL;native_output_sync_wait_ms=HOST_WALL;shared_expert_ms=UNKNOWN;combine_ms=HOST_WALL;orchestration_ms=UNKNOWN;handoff_ms=UNKNOWN
17,0,0,0.023132,215.028997,,186.471730,,0.064997,0.370288,8.036885,,0.199305,,,route_d2h_host_wait_ms=HOST_WALL;native_call_wall_ms=HOST_WALL;source_wait_ms=UNKNOWN;fill_wait_ms=HOST_WALL;h2d_ms=UNKNOWN;decode_ms=HOST_WALL;expert_compute_ms=HOST_WALL;native_output_sync_wait_ms=HOST_WALL;shared_expert_ms=UNKNOWN;combine_ms=HOST_WALL;orchestration_ms=UNKNOWN;handoff_ms=UNKNOWN
17,1,0,0.022078,259.302660,,233.721313,,0.060631,0.357544,8.063762,,0.204780,,,route_d2h_host_wait_ms=HOST_WALL;native_call_wall_ms=HOST_WALL;source_wait_ms=UNKNOWN;fill_wait_ms=HOST_WALL;h2d_ms=UNKNOWN;decode_ms=HOST_WALL;expert_compute_ms=HOST_WALL;native_output_sync_wait_ms=HOST_WALL;shared_expert_ms=UNKNOWN;combine_ms=HOST_WALL;orchestration_ms=UNKNOWN;handoff_ms=UNKNOWN
17,2,0,0.020527,312.240105,,284.056005,,0.067018,0.377108,8.029093,,0.218253,,,route_d2h_host_wait_ms=HOST_WALL;native_call_wall_ms=HOST_WALL;source_wait_ms=UNKNOWN;fill_wait_ms=HOST_WALL;h2d_ms=UNKNOWN;decode_ms=HOST_WALL;expert_compute_ms=HOST_WALL;native_output_sync_wait_ms=HOST_WALL;shared_expert_ms=UNKNOWN;combine_ms=HOST_WALL;orchestration_ms=UNKNOWN;handoff_ms=UNKNOWN
17,3,0,0.019630,56.607478,,31.534807,,0.066412,0.391658,7.990736,,0.216774,,,route_d2h_host_wait_ms=HOST_WALL;native_call_wall_ms=HOST_WALL;source_wait_ms=UNKNOWN;fill_wait_ms=HOST_WALL;h2d_ms=UNKNOWN;decode_ms=HOST_WALL;expert_compute_ms=HOST_WALL;native_output_sync_wait_ms=HOST_WALL;shared_expert_ms=UNKNOWN;combine_ms=HOST_WALL;orchestration_ms=UNKNOWN;handoff_ms=UNKNOWN
17,4,0,0.020367,55.430666,,30.354503,,0.066785,0.398897,7.985076,,0.224209,,,route_d2h_host_wait_ms=HOST_WALL;native_call_wall_ms=HOST_WALL;source_wait_ms=UNKNOWN;fill_wait_ms=HOST_WALL;h2d_ms=UNKNOWN;decode_ms=HOST_WALL;expert_compute_ms=HOST_WALL;native_output_sync_wait_ms=HOST_WALL;shared_expert_ms=UNKNOWN;combine_ms=HOST_WALL;orchestration_ms=UNKNOWN;handoff_ms=UNKNOWN
17,5,0,0.022884,54.867721,,30.001960,,0.059779,0.341429,8.082268,,0.191720,,,route_d2h_host_wait_ms=HOST_WALL;native_call_wall_ms=HOST_WALL;source_wait_ms=UNKNOWN;fill_wait_ms=HOST_WALL;h2d_ms=UNKNOWN;decode_ms=HOST_WALL;expert_compute_ms=HOST_WALL;native_output_sync_wait_ms=HOST_WALL;shared_expert_ms=UNKNOWN;combine_ms=HOST_WALL;orchestration_ms=UNKNOWN;handoff_ms=UNKNOWN
17,6,0,0.022358,60.780485,,34.837543,,0.088436,0.348995,8.032590,,0.203772,,,route_d2h_host_wait_ms=HOST_WALL;native_call_wall_ms=HOST_WALL;source_wait_ms=UNKNOWN;fill_wait_ms=HOST_WALL;h2d_ms=UNKNOWN;decode_ms=HOST_WALL;expert_compute_ms=HOST_WALL;native_output_sync_wait_ms=HOST_WALL;shared_expert_ms=UNKNOWN;combine_ms=HOST_WALL;orchestration_ms=UNKNOWN;handoff_ms=UNKNOWN
17,7,0,0.019856,55.045970,,30.432169,,0.066845,0.385712,7.998201,,0.204962,,,route_d2h_host_wait_ms=HOST_WALL;native_call_wall_ms=HOST_WALL;source_wait_ms=UNKNOWN;fill_wait_ms=HOST_WALL;h2d_ms=UNKNOWN;decode_ms=HOST_WALL;expert_compute_ms=HOST_WALL;native_output_sync_wait_ms=HOST_WALL;shared_expert_ms=UNKNOWN;combine_ms=HOST_WALL;orchestration_ms=UNKNOWN;handoff_ms=UNKNOWN
17,8,0,0.021546,53.645880,,31.286177,,0.061615,0.367308,8.048319,,0.198097,,,route_d2h_host_wait_ms=HOST_WALL;native_call_wall_ms=HOST_WALL;source_wait_ms=UNKNOWN;fill_wait_ms=HOST_WALL;h2d_ms=UNKNOWN;decode_ms=HOST_WALL;expert_compute_ms=HOST_WALL;native_output_sync_wait_ms=HOST_WALL;shared_expert_ms=UNKNOWN;combine_ms=HOST_WALL;orchestration_ms=UNKNOWN;handoff_ms=UNKNOWN
17,9,0,0.022470,78.076331,,49.618836,,0.083913,0.389001,7.993437,,0.220756,,,route_d2h_host_wait_ms=HOST_WALL;native_call_wall_ms=HOST_WALL;source_wait_ms=UNKNOWN;fill_wait_ms=HOST_WALL;h2d_ms=UNKNOWN;decode_ms=HOST_WALL;expert_compute_ms=HOST_WALL;native_output_sync_wait_ms=HOST_WALL;shared_expert_ms=UNKNOWN;combine_ms=HOST_WALL;orchestration_ms=UNKNOWN;handoff_ms=UNKNOWN
17,10,0,0.023043,181.831553,,155.443650,,0.070961,0.453873,7.971370,,0.199939,,,route_d2h_host_wait_ms=HOST_WALL;native_call_wall_ms=HOST_WALL;source_wait_ms=UNKNOWN;fill_wait_ms=HOST_WALL;h2d_ms=UNKNOWN;decode_ms=HOST_WALL;expert_compute_ms=HOST_WALL;native_output_sync_wait_ms=HOST_WALL;shared_expert_ms=UNKNOWN;combine_ms=HOST_WALL;orchestration_ms=UNKNOWN;handoff_ms=UNKNOWN
17,11,0,0.022145,56.239268,,30.024753,,0.058778,0.345744,8.076398,,0.215825,,,route_d2h_host_wait_ms=HOST_WALL;native_call_wall_ms=HOST_WALL;source_wait_ms=UNKNOWN;fill_wait_ms=HOST_WALL;h2d_ms=UNKNOWN;decode_ms=HOST_WALL;expert_compute_ms=HOST_WALL;native_output_sync_wait_ms=HOST_WALL;shared_expert_ms=UNKNOWN;combine_ms=HOST_WALL;orchestration_ms=UNKNOWN;handoff_ms=UNKNOWN
17,12,0,0.022839,69.393211,,40.122018,,0.143683,0.691609,7.573710,,0.505966,,,route_d2h_host_wait_ms=HOST_WALL;native_call_wall_ms=HOST_WALL;source_wait_ms=UNKNOWN;fill_wait_ms=HOST_WALL;h2d_ms=UNKNOWN;decode_ms=HOST_WALL;expert_compute_ms=HOST_WALL;native_output_sync_wait_ms=HOST_WALL;shared_expert_ms=UNKNOWN;combine_ms=HOST_WALL;orchestration_ms=UNKNOWN;handoff_ms=UNKNOWN
17,13,0,0.021024,76.693049,,53.017052,,0.060507,0.359023,8.033357,,0.197933,,,route_d2h_host_wait_ms=HOST_WALL;native_call_wall_ms=HOST_WALL;source_wait_ms=UNKNOWN;fill_wait_ms=HOST_WALL;h2d_ms=UNKNOWN;decode_ms=HOST_WALL;expert_compute_ms=HOST_WALL;native_output_sync_wait_ms=HOST_WALL;shared_expert_ms=UNKNOWN;combine_ms=HOST_WALL;orchestration_ms=UNKNOWN;handoff_ms=UNKNOWN
17,14,0,0.038041,56.210269,,32.891362,,0.057763,0.397602,8.011411,,0.207965,,,route_d2h_host_wait_ms=HOST_WALL;native_call_wall_ms=HOST_WALL;source_wait_ms=UNKNOWN;fill_wait_ms=HOST_WALL;h2d_ms=UNKNOWN;decode_ms=HOST_WALL;expert_compute_ms=HOST_WALL;native_output_sync_wait_ms=HOST_WALL;shared_expert_ms=UNKNOWN;combine_ms=HOST_WALL;orchestration_ms=UNKNOWN;handoff_ms=UNKNOWN
17,15,0,0.020500,79.911254,,56.460496,,0.062055,0.404413,8.005961,,0.195122,,,route_d2h_host_wait_ms=HOST_WALL;native_call_wall_ms=HOST_WALL;source_wait_ms=UNKNOWN;fill_wait_ms=HOST_WALL;h2d_ms=UNKNOWN;decode_ms=HOST_WALL;expert_compute_ms=HOST_WALL;native_output_sync_wait_ms=HOST_WALL;shared_expert_ms=UNKNOWN;combine_ms=HOST_WALL;orchestration_ms=UNKNOWN;handoff_ms=UNKNOWN
17,16,0,0.020568,61.345868,,34.684637,,0.066206,0.407301,8.064449,,0.210053,,,route_d2h_host_wait_ms=HOST_WALL;native_call_wall_ms=HOST_WALL;source_wait_ms=UNKNOWN;fill_wait_ms=HOST_WALL;h2d_ms=UNKNOWN;decode_ms=HOST_WALL;expert_compute_ms=HOST_WALL;native_output_sync_wait_ms=HOST_WALL;shared_expert_ms=UNKNOWN;combine_ms=HOST_WALL;orchestration_ms=UNKNOWN;handoff_ms=UNKNOWN
17,17,0,0.021383,54.482031,,30.724759,,0.060870,0.363101,8.039532,,0.198827,,,route_d2h_host_wait_ms=HOST_WALL;native_call_wall_ms=HOST_WALL;source_wait_ms=UNKNOWN;fill_wait_ms=HOST_WALL;h2d_ms=UNKNOWN;decode_ms=HOST_WALL;expert_compute_ms=HOST_WALL;native_output_sync_wait_ms=HOST_WALL;shared_expert_ms=UNKNOWN;combine_ms=HOST_WALL;orchestration_ms=UNKNOWN;handoff_ms=UNKNOWN
17,18,0,0.024409,53.686118,,29.942780,,0.059551,0.364216,8.039326,,0.198704,,,route_d2h_host_wait_ms=HOST_WALL;native_call_wall_ms=HOST_WALL;source_wait_ms=UNKNOWN;fill_wait_ms=HOST_WALL;h2d_ms=UNKNOWN;decode_ms=HOST_WALL;expert_compute_ms=HOST_WALL;native_output_sync_wait_ms=HOST_WALL;shared_expert_ms=UNKNOWN;combine_ms=HOST_WALL;orchestration_ms=UNKNOWN;handoff_ms=UNKNOWN
17,19,0,0.022661,158.469940,,135.377759,,0.073162,0.372319,8.018717,,0.221169,,,route_d2h_host_wait_ms=HOST_WALL;native_call_wall_ms=HOST_WALL;source_wait_ms=UNKNOWN;fill_wait_ms=HOST_WALL;h2d_ms=UNKNOWN;decode_ms=HOST_WALL;expert_compute_ms=HOST_WALL;native_output_sync_wait_ms=HOST_WALL;shared_expert_ms=UNKNOWN;combine_ms=HOST_WALL;orchestration_ms=UNKNOWN;handoff_ms=UNKNOWN
17,20,0,0.023069,97.452646,,73.929965,,0.070703,0.420111,7.968488,,0.219796,,,route_d2h_host_wait_ms=HOST_WALL;native_call_wall_ms=HOST_WALL;source_wait_ms=UNKNOWN;fill_wait_ms=HOST_WALL;h2d_ms=UNKNOWN;decode_ms=HOST_WALL;expert_compute_ms=HOST_WALL;native_output_sync_wait_ms=HOST_WALL;shared_expert_ms=UNKNOWN;combine_ms=HOST_WALL;orchestration_ms=UNKNOWN;handoff_ms=UNKNOWN
17,21,0,0.024205,151.355392,,128.019453,,0.061396,0.343704,8.078083,,0.213229,,,route_d2h_host_wait_ms=HOST_WALL;native_call_wall_ms=HOST_WALL;source_wait_ms=UNKNOWN;fill_wait_ms=HOST_WALL;h2d_ms=UNKNOWN;decode_ms=HOST_WALL;expert_compute_ms=HOST_WALL;native_output_sync_wait_ms=HOST_WALL;shared_expert_ms=UNKNOWN;combine_ms=HOST_WALL;orchestration_ms=UNKNOWN;handoff_ms=UNKNOWN
17,22,1,0.022345,52.096062,,31.758832,,0.066860,0.402071,7.969395,,0.213806,,,route_d2h_host_wait_ms=HOST_WALL;native_call_wall_ms=HOST_WALL;source_wait_ms=UNKNOWN;fill_wait_ms=HOST_WALL;h2d_ms=UNKNOWN;decode_ms=HOST_WALL;expert_compute_ms=HOST_WALL;native_output_sync_wait_ms=HOST_WALL;shared_expert_ms=UNKNOWN;combine_ms=HOST_WALL;orchestration_ms=UNKNOWN;handoff_ms=UNKNOWN
17,23,1,0.022033,84.562940,,58.443879,,0.063942,0.417310,7.991725,,0.190432,,,route_d2h_host_wait_ms=HOST_WALL;native_call_wall_ms=HOST_WALL;source_wait_ms=UNKNOWN;fill_wait_ms=HOST_WALL;h2d_ms=UNKNOWN;decode_ms=HOST_WALL;expert_compute_ms=HOST_WALL;native_output_sync_wait_ms=HOST_WALL;shared_expert_ms=UNKNOWN;combine_ms=HOST_WALL;orchestration_ms=UNKNOWN;handoff_ms=UNKNOWN
17,24,1,0.021001,61.251381,,33.227054,,0.080046,0.469795,7.873504,,0.222987,,,route_d2h_host_wait_ms=HOST_WALL;native_call_wall_ms=HOST_WALL;source_wait_ms=UNKNOWN;fill_wait_ms=HOST_WALL;h2d_ms=UNKNOWN;decode_ms=HOST_WALL;expert_compute_ms=HOST_WALL;native_output_sync_wait_ms=HOST_WALL;shared_expert_ms=UNKNOWN;combine_ms=HOST_WALL;orchestration_ms=UNKNOWN;handoff_ms=UNKNOWN
17,25,1,0.021900,22.817484,,0.042270,,0.062052,0.379789,7.999087,,0.209688,,,route_d2h_host_wait_ms=HOST_WALL;native_call_wall_ms=HOST_WALL;source_wait_ms=UNKNOWN;fill_wait_ms=HOST_WALL;h2d_ms=UNKNOWN;decode_ms=HOST_WALL;expert_compute_ms=HOST_WALL;native_output_sync_wait_ms=HOST_WALL;shared_expert_ms=UNKNOWN;combine_ms=HOST_WALL;orchestration_ms=UNKNOWN;handoff_ms=UNKNOWN
17,26,1,0.029590,57.567191,,34.762838,,0.071895,0.384379,7.864570,,0.235090,,,route_d2h_host_wait_ms=HOST_WALL;native_call_wall_ms=HOST_WALL;source_wait_ms=UNKNOWN;fill_wait_ms=HOST_WALL;h2d_ms=UNKNOWN;decode_ms=HOST_WALL;expert_compute_ms=HOST_WALL;native_output_sync_wait_ms=HOST_WALL;shared_expert_ms=UNKNOWN;combine_ms=HOST_WALL;orchestration_ms=UNKNOWN;handoff_ms=UNKNOWN
17,27,1,0.032044,49.508476,,29.219709,,0.068437,0.387024,8.044451,,0.209694,,,route_d2h_host_wait_ms=HOST_WALL;native_call_wall_ms=HOST_WALL;source_wait_ms=UNKNOWN;fill_wait_ms=HOST_WALL;h2d_ms=UNKNOWN;decode_ms=HOST_WALL;expert_compute_ms=HOST_WALL;native_output_sync_wait_ms=HOST_WALL;shared_expert_ms=UNKNOWN;combine_ms=HOST_WALL;orchestration_ms=UNKNOWN;handoff_ms=UNKNOWN
17,28,1,0.033811,20.289473,,0.051733,,0.060067,0.331504,8.067551,,0.293702,,,route_d2h_host_wait_ms=HOST_WALL;native_call_wall_ms=HOST_WALL;source_wait_ms=UNKNOWN;fill_wait_ms=HOST_WALL;h2d_ms=UNKNOWN;decode_ms=HOST_WALL;expert_compute_ms=HOST_WALL;native_output_sync_wait_ms=HOST_WALL;shared_expert_ms=UNKNOWN;combine_ms=HOST_WALL;orchestration_ms=UNKNOWN;handoff_ms=UNKNOWN
17,29,1,0.023605,53.711408,,31.216255,,0.062113,0.364121,7.375431,,0.213548,,,route_d2h_host_wait_ms=HOST_WALL;native_call_wall_ms=HOST_WALL;source_wait_ms=UNKNOWN;fill_wait_ms=HOST_WALL;h2d_ms=UNKNOWN;decode_ms=HOST_WALL;expert_compute_ms=HOST_WALL;native_output_sync_wait_ms=HOST_WALL;shared_expert_ms=UNKNOWN;combine_ms=HOST_WALL;orchestration_ms=UNKNOWN;handoff_ms=UNKNOWN
17,30,1,0.019135,102.659323,,80.072817,,0.063474,0.373433,7.347826,,0.202255,,,route_d2h_host_wait_ms=HOST_WALL;native_call_wall_ms=HOST_WALL;source_wait_ms=UNKNOWN;fill_wait_ms=HOST_WALL;h2d_ms=UNKNOWN;decode_ms=HOST_WALL;expert_compute_ms=HOST_WALL;native_output_sync_wait_ms=HOST_WALL;shared_expert_ms=UNKNOWN;combine_ms=HOST_WALL;orchestration_ms=UNKNOWN;handoff_ms=UNKNOWN
17,31,1,0.022191,151.843659,,129.281073,,0.063066,0.382212,7.309145,,0.193018,,,route_d2h_host_wait_ms=HOST_WALL;native_call_wall_ms=HOST_WALL;source_wait_ms=UNKNOWN;fill_wait_ms=HOST_WALL;h2d_ms=UNKNOWN;decode_ms=HOST_WALL;expert_compute_ms=HOST_WALL;native_output_sync_wait_ms=HOST_WALL;shared_expert_ms=UNKNOWN;combine_ms=HOST_WALL;orchestration_ms=UNKNOWN;handoff_ms=UNKNOWN
17,32,1,0.018485,57.833521,,33.475639,,0.061411,0.380773,7.328125,,0.209313,,,route_d2h_host_wait_ms=HOST_WALL;native_call_wall_ms=HOST_WALL;source_wait_ms=UNKNOWN;fill_wait_ms=HOST_WALL;h2d_ms=UNKNOWN;decode_ms=HOST_WALL;expert_compute_ms=HOST_WALL;native_output_sync_wait_ms=HOST_WALL;shared_expert_ms=UNKNOWN;combine_ms=HOST_WALL;orchestration_ms=UNKNOWN;handoff_ms=UNKNOWN
17,33,1,0.019394,22.104667,,0.041442,,0.065419,0.385029,7.342920,,0.205536,,,route_d2h_host_wait_ms=HOST_WALL;native_call_wall_ms=HOST_WALL;source_wait_ms=UNKNOWN;fill_wait_ms=HOST_WALL;h2d_ms=UNKNOWN;decode_ms=HOST_WALL;expert_compute_ms=HOST_WALL;native_output_sync_wait_ms=HOST_WALL;shared_expert_ms=UNKNOWN;combine_ms=HOST_WALL;orchestration_ms=UNKNOWN;handoff_ms=UNKNOWN
17,34,1,0.024199,56.042068,,33.577535,,0.068911,0.424589,7.292913,,0.214957,,,route_d2h_host_wait_ms=HOST_WALL;native_call_wall_ms=HOST_WALL;source_wait_ms=UNKNOWN;fill_wait_ms=HOST_WALL;h2d_ms=UNKNOWN;decode_ms=HOST_WALL;expert_compute_ms=HOST_WALL;native_output_sync_wait_ms=HOST_WALL;shared_expert_ms=UNKNOWN;combine_ms=HOST_WALL;orchestration_ms=UNKNOWN;handoff_ms=UNKNOWN
17,35,1,0.022644,163.229483,,137.071340,,0.069069,0.388501,7.320797,,0.197725,,,route_d2h_host_wait_ms=HOST_WALL;native_call_wall_ms=HOST_WALL;source_wait_ms=UNKNOWN;fill_wait_ms=HOST_WALL;h2d_ms=UNKNOWN;decode_ms=HOST_WALL;expert_compute_ms=HOST_WALL;native_output_sync_wait_ms=HOST_WALL;shared_expert_ms=UNKNOWN;combine_ms=HOST_WALL;orchestration_ms=UNKNOWN;handoff_ms=UNKNOWN
17,36,1,0.020460,55.250453,,32.782589,,0.063170,0.402846,7.342550,,0.195556,,,route_d2h_host_wait_ms=HOST_WALL;native_call_wall_ms=HOST_WALL;source_wait_ms=UNKNOWN;fill_wait_ms=HOST_WALL;h2d_ms=UNKNOWN;decode_ms=HOST_WALL;expert_compute_ms=HOST_WALL;native_output_sync_wait_ms=HOST_WALL;shared_expert_ms=UNKNOWN;combine_ms=HOST_WALL;orchestration_ms=UNKNOWN;handoff_ms=UNKNOWN
17,37,1,0.020011,138.000963,,112.666773,,0.066158,0.413403,7.279106,,0.194419,,,route_d2h_host_wait_ms=HOST_WALL;native_call_wall_ms=HOST_WALL;source_wait_ms=UNKNOWN;fill_wait_ms=HOST_WALL;h2d_ms=UNKNOWN;decode_ms=HOST_WALL;expert_compute_ms=HOST_WALL;native_output_sync_wait_ms=HOST_WALL;shared_expert_ms=UNKNOWN;combine_ms=HOST_WALL;orchestration_ms=UNKNOWN;handoff_ms=UNKNOWN
17,38,1,0.041964,57.984706,,38.467591,,0.063503,0.380775,7.318247,,0.207519,,,route_d2h_host_wait_ms=HOST_WALL;native_call_wall_ms=HOST_WALL;source_wait_ms=UNKNOWN;fill_wait_ms=HOST_WALL;h2d_ms=UNKNOWN;decode_ms=HOST_WALL;expert_compute_ms=HOST_WALL;native_output_sync_wait_ms=HOST_WALL;shared_expert_ms=UNKNOWN;combine_ms=HOST_WALL;orchestration_ms=UNKNOWN;handoff_ms=UNKNOWN
17,39,1,0.036783,134.513554,,111.642441,,0.064766,0.383300,7.369035,,0.236831,,,route_d2h_host_wait_ms=HOST_WALL;native_call_wall_ms=HOST_WALL;source_wait_ms=UNKNOWN;fill_wait_ms=HOST_WALL;h2d_ms=UNKNOWN;decode_ms=HOST_WALL;expert_compute_ms=HOST_WALL;native_output_sync_wait_ms=HOST_WALL;shared_expert_ms=UNKNOWN;combine_ms=HOST_WALL;orchestration_ms=UNKNOWN;handoff_ms=UNKNOWN
17,40,1,0.020228,98.284904,,72.351148,,0.064248,0.384022,7.343829,,0.220349,,,route_d2h_host_wait_ms=HOST_WALL;native_call_wall_ms=HOST_WALL;source_wait_ms=UNKNOWN;fill_wait_ms=HOST_WALL;h2d_ms=UNKNOWN;decode_ms=HOST_WALL;expert_compute_ms=HOST_WALL;native_output_sync_wait_ms=HOST_WALL;shared_expert_ms=UNKNOWN;combine_ms=HOST_WALL;orchestration_ms=UNKNOWN;handoff_ms=UNKNOWN
17,41,1,0.020751,93.863881,,71.303894,,0.060772,0.347558,7.396999,,0.212545,,,route_d2h_host_wait_ms=HOST_WALL;native_call_wall_ms=HOST_WALL;source_wait_ms=UNKNOWN;fill_wait_ms=HOST_WALL;h2d_ms=UNKNOWN;decode_ms=HOST_WALL;expert_compute_ms=HOST_WALL;native_output_sync_wait_ms=HOST_WALL;shared_expert_ms=UNKNOWN;combine_ms=HOST_WALL;orchestration_ms=UNKNOWN;handoff_ms=UNKNOWN
17,42,1,0.019665,47.863738,,30.978420,,0.067680,0.390755,7.346150,,0.190440,,,route_d2h_host_wait_ms=HOST_WALL;native_call_wall_ms=HOST_WALL;source_wait_ms=UNKNOWN;fill_wait_ms=HOST_WALL;h2d_ms=UNKNOWN;decode_ms=HOST_WALL;expert_compute_ms=HOST_WALL;native_output_sync_wait_ms=HOST_WALL;shared_expert_ms=UNKNOWN;combine_ms=HOST_WALL;orchestration_ms=UNKNOWN;handoff_ms=UNKNOWN
18,0,0,0.024134,278.240971,,254.155116,,0.067009,0.437228,7.969731,,0.233399,,,route_d2h_host_wait_ms=HOST_WALL;native_call_wall_ms=HOST_WALL;source_wait_ms=UNKNOWN;fill_wait_ms=HOST_WALL;h2d_ms=UNKNOWN;decode_ms=HOST_WALL;expert_compute_ms=HOST_WALL;native_output_sync_wait_ms=HOST_WALL;shared_expert_ms=UNKNOWN;combine_ms=HOST_WALL;orchestration_ms=UNKNOWN;handoff_ms=UNKNOWN
18,1,0,0.022152,320.017776,,293.224502,,0.060862,0.390784,8.018760,,0.208870,,,route_d2h_host_wait_ms=HOST_WALL;native_call_wall_ms=HOST_WALL;source_wait_ms=UNKNOWN;fill_wait_ms=HOST_WALL;h2d_ms=UNKNOWN;decode_ms=HOST_WALL;expert_compute_ms=HOST_WALL;native_output_sync_wait_ms=HOST_WALL;shared_expert_ms=UNKNOWN;combine_ms=HOST_WALL;orchestration_ms=UNKNOWN;handoff_ms=UNKNOWN
18,2,0,0.021540,66.349401,,45.595095,,0.075336,0.375347,8.013479,,0.206745,,,route_d2h_host_wait_ms=HOST_WALL;native_call_wall_ms=HOST_WALL;source_wait_ms=UNKNOWN;fill_wait_ms=HOST_WALL;h2d_ms=UNKNOWN;decode_ms=HOST_WALL;expert_compute_ms=HOST_WALL;native_output_sync_wait_ms=HOST_WALL;shared_expert_ms=UNKNOWN;combine_ms=HOST_WALL;orchestration_ms=UNKNOWN;handoff_ms=UNKNOWN
18,3,0,0.021366,28.742153,,5.342397,,0.059979,0.350188,8.070453,,0.215125,,,route_d2h_host_wait_ms=HOST_WALL;native_call_wall_ms=HOST_WALL;source_wait_ms=UNKNOWN;fill_wait_ms=HOST_WALL;h2d_ms=UNKNOWN;decode_ms=HOST_WALL;expert_compute_ms=HOST_WALL;native_output_sync_wait_ms=HOST_WALL;shared_expert_ms=UNKNOWN;combine_ms=HOST_WALL;orchestration_ms=UNKNOWN;handoff_ms=UNKNOWN
18,4,0,0.022112,29.810233,,3.763424,,0.063781,0.729731,7.676074,,0.196797,,,route_d2h_host_wait_ms=HOST_WALL;native_call_wall_ms=HOST_WALL;source_wait_ms=UNKNOWN;fill_wait_ms=HOST_WALL;h2d_ms=UNKNOWN;decode_ms=HOST_WALL;expert_compute_ms=HOST_WALL;native_output_sync_wait_ms=HOST_WALL;shared_expert_ms=UNKNOWN;combine_ms=HOST_WALL;orchestration_ms=UNKNOWN;handoff_ms=UNKNOWN
18,5,0,0.039887,27.523476,,4.105168,,0.070031,0.375459,8.008361,,0.246002,,,route_d2h_host_wait_ms=HOST_WALL;native_call_wall_ms=HOST_WALL;source_wait_ms=UNKNOWN;fill_wait_ms=HOST_WALL;h2d_ms=UNKNOWN;decode_ms=HOST_WALL;expert_compute_ms=HOST_WALL;native_output_sync_wait_ms=HOST_WALL;shared_expert_ms=UNKNOWN;combine_ms=HOST_WALL;orchestration_ms=UNKNOWN;handoff_ms=UNKNOWN
18,6,0,0.020422,31.821867,,5.442119,,0.060464,0.381081,8.013022,,0.215302,,,route_d2h_host_wait_ms=HOST_WALL;native_call_wall_ms=HOST_WALL;source_wait_ms=UNKNOWN;fill_wait_ms=HOST_WALL;h2d_ms=UNKNOWN;decode_ms=HOST_WALL;expert_compute_ms=HOST_WALL;native_output_sync_wait_ms=HOST_WALL;shared_expert_ms=UNKNOWN;combine_ms=HOST_WALL;orchestration_ms=UNKNOWN;handoff_ms=UNKNOWN
18,7,0,0.022551,26.316290,,3.330531,,0.065672,0.411408,7.991058,,0.202614,,,route_d2h_host_wait_ms=HOST_WALL;native_call_wall_ms=HOST_WALL;source_wait_ms=UNKNOWN;fill_wait_ms=HOST_WALL;h2d_ms=UNKNOWN;decode_ms=HOST_WALL;expert_compute_ms=HOST_WALL;native_output_sync_wait_ms=HOST_WALL;shared_expert_ms=UNKNOWN;combine_ms=HOST_WALL;orchestration_ms=UNKNOWN;handoff_ms=UNKNOWN
18,8,0,0.020272,26.688273,,3.338033,,0.060993,0.405008,8.022999,,0.205002,,,route_d2h_host_wait_ms=HOST_WALL;native_call_wall_ms=HOST_WALL;source_wait_ms=UNKNOWN;fill_wait_ms=HOST_WALL;h2d_ms=UNKNOWN;decode_ms=HOST_WALL;expert_compute_ms=HOST_WALL;native_output_sync_wait_ms=HOST_WALL;shared_expert_ms=UNKNOWN;combine_ms=HOST_WALL;orchestration_ms=UNKNOWN;handoff_ms=UNKNOWN
18,9,0,0.023620,30.896018,,5.799348,,0.074313,0.468017,6.424746,,0.207695,,,route_d2h_host_wait_ms=HOST_WALL;native_call_wall_ms=HOST_WALL;source_wait_ms=UNKNOWN;fill_wait_ms=HOST_WALL;h2d_ms=UNKNOWN;decode_ms=HOST_WALL;expert_compute_ms=HOST_WALL;native_output_sync_wait_ms=HOST_WALL;shared_expert_ms=UNKNOWN;combine_ms=HOST_WALL;orchestration_ms=UNKNOWN;handoff_ms=UNKNOWN
18,10,0,0.036710,26.641184,,5.133669,,0.058657,0.337122,6.677098,,0.207789,,,route_d2h_host_wait_ms=HOST_WALL;native_call_wall_ms=HOST_WALL;source_wait_ms=UNKNOWN;fill_wait_ms=HOST_WALL;h2d_ms=UNKNOWN;decode_ms=HOST_WALL;expert_compute_ms=HOST_WALL;native_output_sync_wait_ms=HOST_WALL;shared_expert_ms=UNKNOWN;combine_ms=HOST_WALL;orchestration_ms=UNKNOWN;handoff_ms=UNKNOWN
18,11,0,0.022346,22.083082,,0.043521,,0.074877,0.378856,6.543111,,0.193770,,,route_d2h_host_wait_ms=HOST_WALL;native_call_wall_ms=HOST_WALL;source_wait_ms=UNKNOWN;fill_wait_ms=HOST_WALL;h2d_ms=UNKNOWN;decode_ms=HOST_WALL;expert_compute_ms=HOST_WALL;native_output_sync_wait_ms=HOST_WALL;shared_expert_ms=UNKNOWN;combine_ms=HOST_WALL;orchestration_ms=UNKNOWN;handoff_ms=UNKNOWN
18,12,0,0.020415,21.722928,,3.052162,,0.063083,0.388401,6.535755,,0.218156,,,route_d2h_host_wait_ms=HOST_WALL;native_call_wall_ms=HOST_WALL;source_wait_ms=UNKNOWN;fill_wait_ms=HOST_WALL;h2d_ms=UNKNOWN;decode_ms=HOST_WALL;expert_compute_ms=HOST_WALL;native_output_sync_wait_ms=HOST_WALL;shared_expert_ms=UNKNOWN;combine_ms=HOST_WALL;orchestration_ms=UNKNOWN;handoff_ms=UNKNOWN
18,13,0,0.020749,27.246065,,5.422270,,0.061010,0.380024,6.550811,,0.203485,,,route_d2h_host_wait_ms=HOST_WALL;native_call_wall_ms=HOST_WALL;source_wait_ms=UNKNOWN;fill_wait_ms=HOST_WALL;h2d_ms=UNKNOWN;decode_ms=HOST_WALL;expert_compute_ms=HOST_WALL;native_output_sync_wait_ms=HOST_WALL;shared_expert_ms=UNKNOWN;combine_ms=HOST_WALL;orchestration_ms=UNKNOWN;handoff_ms=UNKNOWN
18,14,0,0.041223,20.800593,,0.042863,,0.057571,0.390837,5.766621,,0.183324,,,route_d2h_host_wait_ms=HOST_WALL;native_call_wall_ms=HOST_WALL;source_wait_ms=UNKNOWN;fill_wait_ms=HOST_WALL;h2d_ms=UNKNOWN;decode_ms=HOST_WALL;expert_compute_ms=HOST_WALL;native_output_sync_wait_ms=HOST_WALL;shared_expert_ms=UNKNOWN;combine_ms=HOST_WALL;orchestration_ms=UNKNOWN;handoff_ms=UNKNOWN
18,15,0,0.023369,52.952773,,32.008993,,0.067635,0.405579,5.360556,,0.230113,,,route_d2h_host_wait_ms=HOST_WALL;native_call_wall_ms=HOST_WALL;source_wait_ms=UNKNOWN;fill_wait_ms=HOST_WALL;h2d_ms=UNKNOWN;decode_ms=HOST_WALL;expert_compute_ms=HOST_WALL;native_output_sync_wait_ms=HOST_WALL;shared_expert_ms=UNKNOWN;combine_ms=HOST_WALL;orchestration_ms=UNKNOWN;handoff_ms=UNKNOWN
18,16,0,0.020076,21.022589,,0.041347,,0.058824,0.350242,5.435416,,0.196649,,,route_d2h_host_wait_ms=HOST_WALL;native_call_wall_ms=HOST_WALL;source_wait_ms=UNKNOWN;fill_wait_ms=HOST_WALL;h2d_ms=UNKNOWN;decode_ms=HOST_WALL;expert_compute_ms=HOST_WALL;native_output_sync_wait_ms=HOST_WALL;shared_expert_ms=UNKNOWN;combine_ms=HOST_WALL;orchestration_ms=UNKNOWN;handoff_ms=UNKNOWN
18,17,0,0.020101,53.205350,,32.210453,,0.073390,0.431307,5.312493,,0.227918,,,route_d2h_host_wait_ms=HOST_WALL;native_call_wall_ms=HOST_WALL;source_wait_ms=UNKNOWN;fill_wait_ms=HOST_WALL;h2d_ms=UNKNOWN;decode_ms=HOST_WALL;expert_compute_ms=HOST_WALL;native_output_sync_wait_ms=HOST_WALL;shared_expert_ms=UNKNOWN;combine_ms=HOST_WALL;orchestration_ms=UNKNOWN;handoff_ms=UNKNOWN
18,18,0,0.020897,79.654528,,58.325568,,0.068174,0.382365,5.373188,,0.216630,,,route_d2h_host_wait_ms=HOST_WALL;native_call_wall_ms=HOST_WALL;source_wait_ms=UNKNOWN;fill_wait_ms=HOST_WALL;h2d_ms=UNKNOWN;decode_ms=HOST_WALL;expert_compute_ms=HOST_WALL;native_output_sync_wait_ms=HOST_WALL;shared_expert_ms=UNKNOWN;combine_ms=HOST_WALL;orchestration_ms=UNKNOWN;handoff_ms=UNKNOWN
18,19,0,0.020549,94.077482,,69.992399,,0.071059,0.369294,5.424750,,0.225512,,,route_d2h_host_wait_ms=HOST_WALL;native_call_wall_ms=HOST_WALL;source_wait_ms=UNKNOWN;fill_wait_ms=HOST_WALL;h2d_ms=UNKNOWN;decode_ms=HOST_WALL;expert_compute_ms=HOST_WALL;native_output_sync_wait_ms=HOST_WALL;shared_expert_ms=UNKNOWN;combine_ms=HOST_WALL;orchestration_ms=UNKNOWN;handoff_ms=UNKNOWN
18,20,0,0.018293,52.647285,,32.028907,,0.064734,0.386588,5.363464,,0.303033,,,route_d2h_host_wait_ms=HOST_WALL;native_call_wall_ms=HOST_WALL;source_wait_ms=UNKNOWN;fill_wait_ms=HOST_WALL;h2d_ms=UNKNOWN;decode_ms=HOST_WALL;expert_compute_ms=HOST_WALL;native_output_sync_wait_ms=HOST_WALL;shared_expert_ms=UNKNOWN;combine_ms=HOST_WALL;orchestration_ms=UNKNOWN;handoff_ms=UNKNOWN
18,21,0,0.020840,174.251692,,150.481874,,0.122834,0.619042,4.949997,,0.199436,,,route_d2h_host_wait_ms=HOST_WALL;native_call_wall_ms=HOST_WALL;source_wait_ms=UNKNOWN;fill_wait_ms=HOST_WALL;h2d_ms=UNKNOWN;decode_ms=HOST_WALL;expert_compute_ms=HOST_WALL;native_output_sync_wait_ms=HOST_WALL;shared_expert_ms=UNKNOWN;combine_ms=HOST_WALL;orchestration_ms=UNKNOWN;handoff_ms=UNKNOWN
18,22,1,0.021737,56.823074,,33.328754,,0.065318,0.412314,7.989831,,0.202214,,,route_d2h_host_wait_ms=HOST_WALL;native_call_wall_ms=HOST_WALL;source_wait_ms=UNKNOWN;fill_wait_ms=HOST_WALL;h2d_ms=UNKNOWN;decode_ms=HOST_WALL;expert_compute_ms=HOST_WALL;native_output_sync_wait_ms=HOST_WALL;shared_expert_ms=UNKNOWN;combine_ms=HOST_WALL;orchestration_ms=UNKNOWN;handoff_ms=UNKNOWN
18,23,1,0.019622,81.320278,,55.115343,,0.067697,0.424642,7.961952,,0.204410,,,route_d2h_host_wait_ms=HOST_WALL;native_call_wall_ms=HOST_WALL;source_wait_ms=UNKNOWN;fill_wait_ms=HOST_WALL;h2d_ms=UNKNOWN;decode_ms=HOST_WALL;expert_compute_ms=HOST_WALL;native_output_sync_wait_ms=HOST_WALL;shared_expert_ms=UNKNOWN;combine_ms=HOST_WALL;orchestration_ms=UNKNOWN;handoff_ms=UNKNOWN
18,24,1,0.020556,22.874739,,0.043958,,0.063148,0.413343,7.993064,,0.209223,,,route_d2h_host_wait_ms=HOST_WALL;native_call_wall_ms=HOST_WALL;source_wait_ms=UNKNOWN;fill_wait_ms=HOST_WALL;h2d_ms=UNKNOWN;decode_ms=HOST_WALL;expert_compute_ms=HOST_WALL;native_output_sync_wait_ms=HOST_WALL;shared_expert_ms=UNKNOWN;combine_ms=HOST_WALL;orchestration_ms=UNKNOWN;handoff_ms=UNKNOWN
18,25,1,0.022901,22.883966,,0.060020,,0.060713,0.356861,8.074634,,0.185254,,,route_d2h_host_wait_ms=HOST_WALL;native_call_wall_ms=HOST_WALL;source_wait_ms=UNKNOWN;fill_wait_ms=HOST_WALL;h2d_ms=UNKNOWN;decode_ms=HOST_WALL;expert_compute_ms=HOST_WALL;native_output_sync_wait_ms=HOST_WALL;shared_expert_ms=UNKNOWN;combine_ms=HOST_WALL;orchestration_ms=UNKNOWN;handoff_ms=UNKNOWN
18,26,1,0.021311,22.833417,,0.042424,,0.065062,0.401726,7.999891,,0.190385,,,route_d2h_host_wait_ms=HOST_WALL;native_call_wall_ms=HOST_WALL;source_wait_ms=UNKNOWN;fill_wait_ms=HOST_WALL;h2d_ms=UNKNOWN;decode_ms=HOST_WALL;expert_compute_ms=HOST_WALL;native_output_sync_wait_ms=HOST_WALL;shared_expert_ms=UNKNOWN;combine_ms=HOST_WALL;orchestration_ms=UNKNOWN;handoff_ms=UNKNOWN
18,27,1,0.022951,55.246204,,32.633847,,0.063273,0.615511,7.780727,,0.187881,,,route_d2h_host_wait_ms=HOST_WALL;native_call_wall_ms=HOST_WALL;source_wait_ms=UNKNOWN;fill_wait_ms=HOST_WALL;h2d_ms=UNKNOWN;decode_ms=HOST_WALL;expert_compute_ms=HOST_WALL;native_output_sync_wait_ms=HOST_WALL;shared_expert_ms=UNKNOWN;combine_ms=HOST_WALL;orchestration_ms=UNKNOWN;handoff_ms=UNKNOWN
18,28,1,0.046285,21.619461,,0.039463,,0.060935,0.379439,6.806521,,0.207562,,,route_d2h_host_wait_ms=HOST_WALL;native_call_wall_ms=HOST_WALL;source_wait_ms=UNKNOWN;fill_wait_ms=HOST_WALL;h2d_ms=UNKNOWN;decode_ms=HOST_WALL;expert_compute_ms=HOST_WALL;native_output_sync_wait_ms=HOST_WALL;shared_expert_ms=UNKNOWN;combine_ms=HOST_WALL;orchestration_ms=UNKNOWN;handoff_ms=UNKNOWN
18,29,1,0.033750,71.758590,,50.176047,,0.062569,0.416474,6.601101,,0.210540,,,route_d2h_host_wait_ms=HOST_WALL;native_call_wall_ms=HOST_WALL;source_wait_ms=UNKNOWN;fill_wait_ms=HOST_WALL;h2d_ms=UNKNOWN;decode_ms=HOST_WALL;expert_compute_ms=HOST_WALL;native_output_sync_wait_ms=HOST_WALL;shared_expert_ms=UNKNOWN;combine_ms=HOST_WALL;orchestration_ms=UNKNOWN;handoff_ms=UNKNOWN
18,30,1,0.018994,49.193661,,30.343389,,0.069429,0.408018,6.596440,,0.198477,,,route_d2h_host_wait_ms=HOST_WALL;native_call_wall_ms=HOST_WALL;source_wait_ms=UNKNOWN;fill_wait_ms=HOST_WALL;h2d_ms=UNKNOWN;decode_ms=HOST_WALL;expert_compute_ms=HOST_WALL;native_output_sync_wait_ms=HOST_WALL;shared_expert_ms=UNKNOWN;combine_ms=HOST_WALL;orchestration_ms=UNKNOWN;handoff_ms=UNKNOWN
18,31,1,0.023188,80.310084,,58.255560,,0.063318,0.355109,6.633186,,0.190948,,,route_d2h_host_wait_ms=HOST_WALL;native_call_wall_ms=HOST_WALL;source_wait_ms=UNKNOWN;fill_wait_ms=HOST_WALL;h2d_ms=UNKNOWN;decode_ms=HOST_WALL;expert_compute_ms=HOST_WALL;native_output_sync_wait_ms=HOST_WALL;shared_expert_ms=UNKNOWN;combine_ms=HOST_WALL;orchestration_ms=UNKNOWN;handoff_ms=UNKNOWN
18,32,1,0.020008,24.419427,,0.038983,,0.064170,0.376103,6.683845,,0.484398,,,route_d2h_host_wait_ms=HOST_WALL;native_call_wall_ms=HOST_WALL;source_wait_ms=UNKNOWN;fill_wait_ms=HOST_WALL;h2d_ms=UNKNOWN;decode_ms=HOST_WALL;expert_compute_ms=HOST_WALL;native_output_sync_wait_ms=HOST_WALL;shared_expert_ms=UNKNOWN;combine_ms=HOST_WALL;orchestration_ms=UNKNOWN;handoff_ms=UNKNOWN
18,33,1,0.049484,24.032994,,0.050921,,0.072198,0.461237,6.514638,,0.294891,,,route_d2h_host_wait_ms=HOST_WALL;native_call_wall_ms=HOST_WALL;source_wait_ms=UNKNOWN;fill_wait_ms=HOST_WALL;h2d_ms=UNKNOWN;decode_ms=HOST_WALL;expert_compute_ms=HOST_WALL;native_output_sync_wait_ms=HOST_WALL;shared_expert_ms=UNKNOWN;combine_ms=HOST_WALL;orchestration_ms=UNKNOWN;handoff_ms=UNKNOWN
18,34,1,0.023090,21.843320,,0.042059,,0.072104,0.391341,6.629397,,0.217642,,,route_d2h_host_wait_ms=HOST_WALL;native_call_wall_ms=HOST_WALL;source_wait_ms=UNKNOWN;fill_wait_ms=HOST_WALL;h2d_ms=UNKNOWN;decode_ms=HOST_WALL;expert_compute_ms=HOST_WALL;native_output_sync_wait_ms=HOST_WALL;shared_expert_ms=UNKNOWN;combine_ms=HOST_WALL;orchestration_ms=UNKNOWN;handoff_ms=UNKNOWN
18,35,1,0.020968,105.151804,,80.026738,,0.069002,0.400230,6.347813,,0.199719,,,route_d2h_host_wait_ms=HOST_WALL;native_call_wall_ms=HOST_WALL;source_wait_ms=UNKNOWN;fill_wait_ms=HOST_WALL;h2d_ms=UNKNOWN;decode_ms=HOST_WALL;expert_compute_ms=HOST_WALL;native_output_sync_wait_ms=HOST_WALL;shared_expert_ms=UNKNOWN;combine_ms=HOST_WALL;orchestration_ms=UNKNOWN;handoff_ms=UNKNOWN
18,36,1,0.022380,22.104856,,0.043229,,0.099084,0.682274,5.891721,,0.328135,,,route_d2h_host_wait_ms=HOST_WALL;native_call_wall_ms=HOST_WALL;source_wait_ms=UNKNOWN;fill_wait_ms=HOST_WALL;h2d_ms=UNKNOWN;decode_ms=HOST_WALL;expert_compute_ms=HOST_WALL;native_output_sync_wait_ms=HOST_WALL;shared_expert_ms=UNKNOWN;combine_ms=HOST_WALL;orchestration_ms=UNKNOWN;handoff_ms=UNKNOWN
18,37,1,0.028458,59.649194,,36.325373,,0.115036,0.694405,5.767285,,0.388442,,,route_d2h_host_wait_ms=HOST_WALL;native_call_wall_ms=HOST_WALL;source_wait_ms=UNKNOWN;fill_wait_ms=HOST_WALL;h2d_ms=UNKNOWN;decode_ms=HOST_WALL;expert_compute_ms=HOST_WALL;native_output_sync_wait_ms=HOST_WALL;shared_expert_ms=UNKNOWN;combine_ms=HOST_WALL;orchestration_ms=UNKNOWN;handoff_ms=UNKNOWN
18,38,1,0.020464,55.853450,,30.944452,,0.066729,0.392034,6.416785,,0.223394,,,route_d2h_host_wait_ms=HOST_WALL;native_call_wall_ms=HOST_WALL;source_wait_ms=UNKNOWN;fill_wait_ms=HOST_WALL;h2d_ms=UNKNOWN;decode_ms=HOST_WALL;expert_compute_ms=HOST_WALL;native_output_sync_wait_ms=HOST_WALL;shared_expert_ms=UNKNOWN;combine_ms=HOST_WALL;orchestration_ms=UNKNOWN;handoff_ms=UNKNOWN
18,39,1,0.020454,18.760068,,0.061389,,0.112773,0.592653,5.976560,,0.166500,,,route_d2h_host_wait_ms=HOST_WALL;native_call_wall_ms=HOST_WALL;source_wait_ms=UNKNOWN;fill_wait_ms=HOST_WALL;h2d_ms=UNKNOWN;decode_ms=HOST_WALL;expert_compute_ms=HOST_WALL;native_output_sync_wait_ms=HOST_WALL;shared_expert_ms=UNKNOWN;combine_ms=HOST_WALL;orchestration_ms=UNKNOWN;handoff_ms=UNKNOWN
18,40,1,0.020380,78.095058,,53.343638,,0.066100,0.364985,6.392816,,0.222959,,,route_d2h_host_wait_ms=HOST_WALL;native_call_wall_ms=HOST_WALL;source_wait_ms=UNKNOWN;fill_wait_ms=HOST_WALL;h2d_ms=UNKNOWN;decode_ms=HOST_WALL;expert_compute_ms=HOST_WALL;native_output_sync_wait_ms=HOST_WALL;shared_expert_ms=UNKNOWN;combine_ms=HOST_WALL;orchestration_ms=UNKNOWN;handoff_ms=UNKNOWN
18,41,1,0.023253,71.981363,,50.302088,,0.062382,0.361867,6.444962,,0.214335,,,route_d2h_host_wait_ms=HOST_WALL;native_call_wall_ms=HOST_WALL;source_wait_ms=UNKNOWN;fill_wait_ms=HOST_WALL;h2d_ms=UNKNOWN;decode_ms=HOST_WALL;expert_compute_ms=HOST_WALL;native_output_sync_wait_ms=HOST_WALL;shared_expert_ms=UNKNOWN;combine_ms=HOST_WALL;orchestration_ms=UNKNOWN;handoff_ms=UNKNOWN
18,42,1,0.021506,55.672399,,30.493637,,0.070014,0.405065,6.329750,,0.218287,,,route_d2h_host_wait_ms=HOST_WALL;native_call_wall_ms=HOST_WALL;source_wait_ms=UNKNOWN;fill_wait_ms=HOST_WALL;h2d_ms=UNKNOWN;decode_ms=HOST_WALL;expert_compute_ms=HOST_WALL;native_output_sync_wait_ms=HOST_WALL;shared_expert_ms=UNKNOWN;combine_ms=HOST_WALL;orchestration_ms=UNKNOWN;handoff_ms=UNKNOWN
19,0,0,0.021827,31.518871,,5.897572,,0.063313,0.387795,7.996349,,0.209726,,,route_d2h_host_wait_ms=HOST_WALL;native_call_wall_ms=HOST_WALL;source_wait_ms=UNKNOWN;fill_wait_ms=HOST_WALL;h2d_ms=UNKNOWN;decode_ms=HOST_WALL;expert_compute_ms=HOST_WALL;native_output_sync_wait_ms=HOST_WALL;shared_expert_ms=UNKNOWN;combine_ms=HOST_WALL;orchestration_ms=UNKNOWN;handoff_ms=UNKNOWN
19,1,0,0.021090,34.183838,,7.980771,,0.062534,0.377418,8.004738,,0.202238,,,route_d2h_host_wait_ms=HOST_WALL;native_call_wall_ms=HOST_WALL;source_wait_ms=UNKNOWN;fill_wait_ms=HOST_WALL;h2d_ms=UNKNOWN;decode_ms=HOST_WALL;expert_compute_ms=HOST_WALL;native_output_sync_wait_ms=HOST_WALL;shared_expert_ms=UNKNOWN;combine_ms=HOST_WALL;orchestration_ms=UNKNOWN;handoff_ms=UNKNOWN
19,2,0,0.023434,39.680390,,13.204391,,0.067059,0.410819,7.972984,,0.229465,,,route_d2h_host_wait_ms=HOST_WALL;native_call_wall_ms=HOST_WALL;source_wait_ms=UNKNOWN;fill_wait_ms=HOST_WALL;h2d_ms=UNKNOWN;decode_ms=HOST_WALL;expert_compute_ms=HOST_WALL;native_output_sync_wait_ms=HOST_WALL;shared_expert_ms=UNKNOWN;combine_ms=HOST_WALL;orchestration_ms=UNKNOWN;handoff_ms=UNKNOWN
19,3,0,0.024944,29.955830,,6.673673,,0.061941,0.384570,8.007126,,0.223899,,,route_d2h_host_wait_ms=HOST_WALL;native_call_wall_ms=HOST_WALL;source_wait_ms=UNKNOWN;fill_wait_ms=HOST_WALL;h2d_ms=UNKNOWN;decode_ms=HOST_WALL;expert_compute_ms=HOST_WALL;native_output_sync_wait_ms=HOST_WALL;shared_expert_ms=UNKNOWN;combine_ms=HOST_WALL;orchestration_ms=UNKNOWN;handoff_ms=UNKNOWN
19,4,0,0.019135,32.105762,,7.153363,,0.058509,0.345859,7.084259,,0.206499,,,route_d2h_host_wait_ms=HOST_WALL;native_call_wall_ms=HOST_WALL;source_wait_ms=UNKNOWN;fill_wait_ms=HOST_WALL;h2d_ms=UNKNOWN;decode_ms=HOST_WALL;expert_compute_ms=HOST_WALL;native_output_sync_wait_ms=HOST_WALL;shared_expert_ms=UNKNOWN;combine_ms=HOST_WALL;orchestration_ms=UNKNOWN;handoff_ms=UNKNOWN
19,5,0,0.022182,24.395879,,5.256841,,0.057193,0.344313,7.090670,,0.187670,,,route_d2h_host_wait_ms=HOST_WALL;native_call_wall_ms=HOST_WALL;source_wait_ms=UNKNOWN;fill_wait_ms=HOST_WALL;h2d_ms=UNKNOWN;decode_ms=HOST_WALL;expert_compute_ms=HOST_WALL;native_output_sync_wait_ms=HOST_WALL;shared_expert_ms=UNKNOWN;combine_ms=HOST_WALL;orchestration_ms=UNKNOWN;handoff_ms=UNKNOWN
19,6,0,0.019975,30.055910,,5.270324,,0.060159,0.362665,7.070413,,0.217127,,,route_d2h_host_wait_ms=HOST_WALL;native_call_wall_ms=HOST_WALL;source_wait_ms=UNKNOWN;fill_wait_ms=HOST_WALL;h2d_ms=UNKNOWN;decode_ms=HOST_WALL;expert_compute_ms=HOST_WALL;native_output_sync_wait_ms=HOST_WALL;shared_expert_ms=UNKNOWN;combine_ms=HOST_WALL;orchestration_ms=UNKNOWN;handoff_ms=UNKNOWN
19,7,0,0.019386,25.695793,,3.597003,,0.061948,0.371229,7.060705,,0.195719,,,route_d2h_host_wait_ms=HOST_WALL;native_call_wall_ms=HOST_WALL;source_wait_ms=UNKNOWN;fill_wait_ms=HOST_WALL;h2d_ms=UNKNOWN;decode_ms=HOST_WALL;expert_compute_ms=HOST_WALL;native_output_sync_wait_ms=HOST_WALL;shared_expert_ms=UNKNOWN;combine_ms=HOST_WALL;orchestration_ms=UNKNOWN;handoff_ms=UNKNOWN
19,8,0,0.019311,25.899169,,3.586318,,0.063846,0.398149,7.034760,,0.218431,,,route_d2h_host_wait_ms=HOST_WALL;native_call_wall_ms=HOST_WALL;source_wait_ms=UNKNOWN;fill_wait_ms=HOST_WALL;h2d_ms=UNKNOWN;decode_ms=HOST_WALL;expert_compute_ms=HOST_WALL;native_output_sync_wait_ms=HOST_WALL;shared_expert_ms=UNKNOWN;combine_ms=HOST_WALL;orchestration_ms=UNKNOWN;handoff_ms=UNKNOWN
19,9,0,0.021028,28.656734,,4.997618,,0.063278,0.403041,5.944230,,0.215201,,,route_d2h_host_wait_ms=HOST_WALL;native_call_wall_ms=HOST_WALL;source_wait_ms=UNKNOWN;fill_wait_ms=HOST_WALL;h2d_ms=UNKNOWN;decode_ms=HOST_WALL;expert_compute_ms=HOST_WALL;native_output_sync_wait_ms=HOST_WALL;shared_expert_ms=UNKNOWN;combine_ms=HOST_WALL;orchestration_ms=UNKNOWN;handoff_ms=UNKNOWN
19,10,0,0.019246,25.814163,,5.110875,,0.075846,0.354389,6.001379,,0.198040,,,route_d2h_host_wait_ms=HOST_WALL;native_call_wall_ms=HOST_WALL;source_wait_ms=UNKNOWN;fill_wait_ms=HOST_WALL;h2d_ms=UNKNOWN;decode_ms=HOST_WALL;expert_compute_ms=HOST_WALL;native_output_sync_wait_ms=HOST_WALL;shared_expert_ms=UNKNOWN;combine_ms=HOST_WALL;orchestration_ms=UNKNOWN;handoff_ms=UNKNOWN
19,11,0,0.018852,21.494765,,3.573867,,0.078420,0.350213,5.983175,,0.209651,,,route_d2h_host_wait_ms=HOST_WALL;native_call_wall_ms=HOST_WALL;source_wait_ms=UNKNOWN;fill_wait_ms=HOST_WALL;h2d_ms=UNKNOWN;decode_ms=HOST_WALL;expert_compute_ms=HOST_WALL;native_output_sync_wait_ms=HOST_WALL;shared_expert_ms=UNKNOWN;combine_ms=HOST_WALL;orchestration_ms=UNKNOWN;handoff_ms=UNKNOWN
19,12,0,0.156084,26.524199,,5.741406,,0.062675,0.365769,5.925240,,0.260100,,,route_d2h_host_wait_ms=HOST_WALL;native_call_wall_ms=HOST_WALL;source_wait_ms=UNKNOWN;fill_wait_ms=HOST_WALL;h2d_ms=UNKNOWN;decode_ms=HOST_WALL;expert_compute_ms=HOST_WALL;native_output_sync_wait_ms=HOST_WALL;shared_expert_ms=UNKNOWN;combine_ms=HOST_WALL;orchestration_ms=UNKNOWN;handoff_ms=UNKNOWN
19,13,0,0.020309,27.059507,,3.249683,,0.062303,0.390419,5.922453,,0.216728,,,route_d2h_host_wait_ms=HOST_WALL;native_call_wall_ms=HOST_WALL;source_wait_ms=UNKNOWN;fill_wait_ms=HOST_WALL;h2d_ms=UNKNOWN;decode_ms=HOST_WALL;expert_compute_ms=HOST_WALL;native_output_sync_wait_ms=HOST_WALL;shared_expert_ms=UNKNOWN;combine_ms=HOST_WALL;orchestration_ms=UNKNOWN;handoff_ms=UNKNOWN
19,14,0,0.019019,25.530198,,4.886234,,0.060910,0.378979,5.741060,,0.212274,,,route_d2h_host_wait_ms=HOST_WALL;native_call_wall_ms=HOST_WALL;source_wait_ms=UNKNOWN;fill_wait_ms=HOST_WALL;h2d_ms=UNKNOWN;decode_ms=HOST_WALL;expert_compute_ms=HOST_WALL;native_output_sync_wait_ms=HOST_WALL;shared_expert_ms=UNKNOWN;combine_ms=HOST_WALL;orchestration_ms=UNKNOWN;handoff_ms=UNKNOWN
19,15,0,0.020560,23.874197,,3.973295,,0.061732,0.377506,5.123726,,0.217019,,,route_d2h_host_wait_ms=HOST_WALL;native_call_wall_ms=HOST_WALL;source_wait_ms=UNKNOWN;fill_wait_ms=HOST_WALL;h2d_ms=UNKNOWN;decode_ms=HOST_WALL;expert_compute_ms=HOST_WALL;native_output_sync_wait_ms=HOST_WALL;shared_expert_ms=UNKNOWN;combine_ms=HOST_WALL;orchestration_ms=UNKNOWN;handoff_ms=UNKNOWN
19,16,0,0.019814,23.327414,,3.395214,,0.064517,0.350272,5.113591,,0.203923,,,route_d2h_host_wait_ms=HOST_WALL;native_call_wall_ms=HOST_WALL;source_wait_ms=UNKNOWN;fill_wait_ms=HOST_WALL;h2d_ms=UNKNOWN;decode_ms=HOST_WALL;expert_compute_ms=HOST_WALL;native_output_sync_wait_ms=HOST_WALL;shared_expert_ms=UNKNOWN;combine_ms=HOST_WALL;orchestration_ms=UNKNOWN;handoff_ms=UNKNOWN
19,17,0,0.020682,70.845425,,50.509600,,0.062601,0.351900,5.145289,,0.198131,,,route_d2h_host_wait_ms=HOST_WALL;native_call_wall_ms=HOST_WALL;source_wait_ms=UNKNOWN;fill_wait_ms=HOST_WALL;h2d_ms=UNKNOWN;decode_ms=HOST_WALL;expert_compute_ms=HOST_WALL;native_output_sync_wait_ms=HOST_WALL;shared_expert_ms=UNKNOWN;combine_ms=HOST_WALL;orchestration_ms=UNKNOWN;handoff_ms=UNKNOWN
19,18,0,0.019603,54.093103,,30.802898,,0.061674,0.336693,5.179123,,0.212872,,,route_d2h_host_wait_ms=HOST_WALL;native_call_wall_ms=HOST_WALL;source_wait_ms=UNKNOWN;fill_wait_ms=HOST_WALL;h2d_ms=UNKNOWN;decode_ms=HOST_WALL;expert_compute_ms=HOST_WALL;native_output_sync_wait_ms=HOST_WALL;shared_expert_ms=UNKNOWN;combine_ms=HOST_WALL;orchestration_ms=UNKNOWN;handoff_ms=UNKNOWN
19,19,0,0.021314,115.831064,,95.538919,,0.061303,0.359722,5.138738,,0.204521,,,route_d2h_host_wait_ms=HOST_WALL;native_call_wall_ms=HOST_WALL;source_wait_ms=UNKNOWN;fill_wait_ms=HOST_WALL;h2d_ms=UNKNOWN;decode_ms=HOST_WALL;expert_compute_ms=HOST_WALL;native_output_sync_wait_ms=HOST_WALL;shared_expert_ms=UNKNOWN;combine_ms=HOST_WALL;orchestration_ms=UNKNOWN;handoff_ms=UNKNOWN
19,20,0,0.018985,96.193072,,74.587132,,0.062188,0.394545,5.092679,,0.215777,,,route_d2h_host_wait_ms=HOST_WALL;native_call_wall_ms=HOST_WALL;source_wait_ms=UNKNOWN;fill_wait_ms=HOST_WALL;h2d_ms=UNKNOWN;decode_ms=HOST_WALL;expert_compute_ms=HOST_WALL;native_output_sync_wait_ms=HOST_WALL;shared_expert_ms=UNKNOWN;combine_ms=HOST_WALL;orchestration_ms=UNKNOWN;handoff_ms=UNKNOWN
19,21,0,0.031908,149.961937,,129.684911,,0.063884,0.382190,5.095008,,0.217389,,,route_d2h_host_wait_ms=HOST_WALL;native_call_wall_ms=HOST_WALL;source_wait_ms=UNKNOWN;fill_wait_ms=HOST_WALL;h2d_ms=UNKNOWN;decode_ms=HOST_WALL;expert_compute_ms=HOST_WALL;native_output_sync_wait_ms=HOST_WALL;shared_expert_ms=UNKNOWN;combine_ms=HOST_WALL;orchestration_ms=UNKNOWN;handoff_ms=UNKNOWN
19,22,1,0.033915,23.014003,,0.042099,,0.060521,0.361042,8.023539,,0.206175,,,route_d2h_host_wait_ms=HOST_WALL;native_call_wall_ms=HOST_WALL;source_wait_ms=UNKNOWN;fill_wait_ms=HOST_WALL;h2d_ms=UNKNOWN;decode_ms=HOST_WALL;expert_compute_ms=HOST_WALL;native_output_sync_wait_ms=HOST_WALL;shared_expert_ms=UNKNOWN;combine_ms=HOST_WALL;orchestration_ms=UNKNOWN;handoff_ms=UNKNOWN
19,23,1,0.019863,54.849120,,31.668166,,0.086715,0.855814,7.484257,,0.273691,,,route_d2h_host_wait_ms=HOST_WALL;native_call_wall_ms=HOST_WALL;source_wait_ms=UNKNOWN;fill_wait_ms=HOST_WALL;h2d_ms=UNKNOWN;decode_ms=HOST_WALL;expert_compute_ms=HOST_WALL;native_output_sync_wait_ms=HOST_WALL;shared_expert_ms=UNKNOWN;combine_ms=HOST_WALL;orchestration_ms=UNKNOWN;handoff_ms=UNKNOWN
19,24,1,0.022457,20.207928,,0.043272,,0.066537,0.361410,8.087017,,0.191221,,,route_d2h_host_wait_ms=HOST_WALL;native_call_wall_ms=HOST_WALL;source_wait_ms=UNKNOWN;fill_wait_ms=HOST_WALL;h2d_ms=UNKNOWN;decode_ms=HOST_WALL;expert_compute_ms=HOST_WALL;native_output_sync_wait_ms=HOST_WALL;shared_expert_ms=UNKNOWN;combine_ms=HOST_WALL;orchestration_ms=UNKNOWN;handoff_ms=UNKNOWN
19,25,1,0.022988,56.018974,,32.995922,,0.065654,0.365500,7.793000,,0.199461,,,route_d2h_host_wait_ms=HOST_WALL;native_call_wall_ms=HOST_WALL;source_wait_ms=UNKNOWN;fill_wait_ms=HOST_WALL;h2d_ms=UNKNOWN;decode_ms=HOST_WALL;expert_compute_ms=HOST_WALL;native_output_sync_wait_ms=HOST_WALL;shared_expert_ms=UNKNOWN;combine_ms=HOST_WALL;orchestration_ms=UNKNOWN;handoff_ms=UNKNOWN
19,26,1,0.022317,22.631352,,0.043662,,0.061783,0.329832,7.963078,,0.195162,,,route_d2h_host_wait_ms=HOST_WALL;native_call_wall_ms=HOST_WALL;source_wait_ms=UNKNOWN;fill_wait_ms=HOST_WALL;h2d_ms=UNKNOWN;decode_ms=HOST_WALL;expert_compute_ms=HOST_WALL;native_output_sync_wait_ms=HOST_WALL;shared_expert_ms=UNKNOWN;combine_ms=HOST_WALL;orchestration_ms=UNKNOWN;handoff_ms=UNKNOWN
19,27,1,0.020337,22.615363,,0.039644,,0.059753,0.394482,7.886305,,0.195710,,,route_d2h_host_wait_ms=HOST_WALL;native_call_wall_ms=HOST_WALL;source_wait_ms=UNKNOWN;fill_wait_ms=HOST_WALL;h2d_ms=UNKNOWN;decode_ms=HOST_WALL;expert_compute_ms=HOST_WALL;native_output_sync_wait_ms=HOST_WALL;shared_expert_ms=UNKNOWN;combine_ms=HOST_WALL;orchestration_ms=UNKNOWN;handoff_ms=UNKNOWN
19,28,1,0.021083,57.932317,,31.899181,,0.069273,0.415691,7.843803,,0.241877,,,route_d2h_host_wait_ms=HOST_WALL;native_call_wall_ms=HOST_WALL;source_wait_ms=UNKNOWN;fill_wait_ms=HOST_WALL;h2d_ms=UNKNOWN;decode_ms=HOST_WALL;expert_compute_ms=HOST_WALL;native_output_sync_wait_ms=HOST_WALL;shared_expert_ms=UNKNOWN;combine_ms=HOST_WALL;orchestration_ms=UNKNOWN;handoff_ms=UNKNOWN
19,29,1,0.020619,55.264027,,32.799060,,0.065853,0.394383,7.392247,,0.227931,,,route_d2h_host_wait_ms=HOST_WALL;native_call_wall_ms=HOST_WALL;source_wait_ms=UNKNOWN;fill_wait_ms=HOST_WALL;h2d_ms=UNKNOWN;decode_ms=HOST_WALL;expert_compute_ms=HOST_WALL;native_output_sync_wait_ms=HOST_WALL;shared_expert_ms=UNKNOWN;combine_ms=HOST_WALL;orchestration_ms=UNKNOWN;handoff_ms=UNKNOWN
19,30,1,0.054506,22.399317,,0.051464,,0.060981,0.371381,7.471414,,0.177000,,,route_d2h_host_wait_ms=HOST_WALL;native_call_wall_ms=HOST_WALL;source_wait_ms=UNKNOWN;fill_wait_ms=HOST_WALL;h2d_ms=UNKNOWN;decode_ms=HOST_WALL;expert_compute_ms=HOST_WALL;native_output_sync_wait_ms=HOST_WALL;shared_expert_ms=UNKNOWN;combine_ms=HOST_WALL;orchestration_ms=UNKNOWN;handoff_ms=UNKNOWN
19,31,1,0.020055,22.323020,,0.039914,,0.072015,0.377256,7.397148,,0.174111,,,route_d2h_host_wait_ms=HOST_WALL;native_call_wall_ms=HOST_WALL;source_wait_ms=UNKNOWN;fill_wait_ms=HOST_WALL;h2d_ms=UNKNOWN;decode_ms=HOST_WALL;expert_compute_ms=HOST_WALL;native_output_sync_wait_ms=HOST_WALL;shared_expert_ms=UNKNOWN;combine_ms=HOST_WALL;orchestration_ms=UNKNOWN;handoff_ms=UNKNOWN
19,32,1,0.020187,22.261810,,0.040566,,0.058930,0.354150,7.490814,,0.176676,,,route_d2h_host_wait_ms=HOST_WALL;native_call_wall_ms=HOST_WALL;source_wait_ms=UNKNOWN;fill_wait_ms=HOST_WALL;h2d_ms=UNKNOWN;decode_ms=HOST_WALL;expert_compute_ms=HOST_WALL;native_output_sync_wait_ms=HOST_WALL;shared_expert_ms=UNKNOWN;combine_ms=HOST_WALL;orchestration_ms=UNKNOWN;handoff_ms=UNKNOWN
19,33,1,0.021886,54.310022,,32.481850,,0.064850,0.392527,6.527592,,0.223992,,,route_d2h_host_wait_ms=HOST_WALL;native_call_wall_ms=HOST_WALL;source_wait_ms=UNKNOWN;fill_wait_ms=HOST_WALL;h2d_ms=UNKNOWN;decode_ms=HOST_WALL;expert_compute_ms=HOST_WALL;native_output_sync_wait_ms=HOST_WALL;shared_expert_ms=UNKNOWN;combine_ms=HOST_WALL;orchestration_ms=UNKNOWN;handoff_ms=UNKNOWN
19,34,1,0.021113,54.081814,,32.336191,,0.065355,0.366468,6.525444,,0.226471,,,route_d2h_host_wait_ms=HOST_WALL;native_call_wall_ms=HOST_WALL;source_wait_ms=UNKNOWN;fill_wait_ms=HOST_WALL;h2d_ms=UNKNOWN;decode_ms=HOST_WALL;expert_compute_ms=HOST_WALL;native_output_sync_wait_ms=HOST_WALL;shared_expert_ms=UNKNOWN;combine_ms=HOST_WALL;orchestration_ms=UNKNOWN;handoff_ms=UNKNOWN
19,35,1,0.020177,24.535080,,0.045091,,0.062101,0.348757,6.516291,,0.235573,,,route_d2h_host_wait_ms=HOST_WALL;native_call_wall_ms=HOST_WALL;source_wait_ms=UNKNOWN;fill_wait_ms=HOST_WALL;h2d_ms=UNKNOWN;decode_ms=HOST_WALL;expert_compute_ms=HOST_WALL;native_output_sync_wait_ms=HOST_WALL;shared_expert_ms=UNKNOWN;combine_ms=HOST_WALL;orchestration_ms=UNKNOWN;handoff_ms=UNKNOWN
19,36,1,0.020131,21.563306,,0.041122,,0.061996,0.355506,6.570366,,0.179537,,,route_d2h_host_wait_ms=HOST_WALL;native_call_wall_ms=HOST_WALL;source_wait_ms=UNKNOWN;fill_wait_ms=HOST_WALL;h2d_ms=UNKNOWN;decode_ms=HOST_WALL;expert_compute_ms=HOST_WALL;native_output_sync_wait_ms=HOST_WALL;shared_expert_ms=UNKNOWN;combine_ms=HOST_WALL;orchestration_ms=UNKNOWN;handoff_ms=UNKNOWN
19,37,1,0.019760,21.255979,,0.043222,,0.060568,0.371360,6.294001,,0.176111,,,route_d2h_host_wait_ms=HOST_WALL;native_call_wall_ms=HOST_WALL;source_wait_ms=UNKNOWN;fill_wait_ms=HOST_WALL;h2d_ms=UNKNOWN;decode_ms=HOST_WALL;expert_compute_ms=HOST_WALL;native_output_sync_wait_ms=HOST_WALL;shared_expert_ms=UNKNOWN;combine_ms=HOST_WALL;orchestration_ms=UNKNOWN;handoff_ms=UNKNOWN
19,38,1,0.022080,54.263781,,32.838463,,0.067039,0.406211,6.208315,,0.187597,,,route_d2h_host_wait_ms=HOST_WALL;native_call_wall_ms=HOST_WALL;source_wait_ms=UNKNOWN;fill_wait_ms=HOST_WALL;h2d_ms=UNKNOWN;decode_ms=HOST_WALL;expert_compute_ms=HOST_WALL;native_output_sync_wait_ms=HOST_WALL;shared_expert_ms=UNKNOWN;combine_ms=HOST_WALL;orchestration_ms=UNKNOWN;handoff_ms=UNKNOWN
19,39,1,0.018421,91.544473,,67.130990,,0.062453,0.364605,6.287378,,0.199813,,,route_d2h_host_wait_ms=HOST_WALL;native_call_wall_ms=HOST_WALL;source_wait_ms=UNKNOWN;fill_wait_ms=HOST_WALL;h2d_ms=UNKNOWN;decode_ms=HOST_WALL;expert_compute_ms=HOST_WALL;native_output_sync_wait_ms=HOST_WALL;shared_expert_ms=UNKNOWN;combine_ms=HOST_WALL;orchestration_ms=UNKNOWN;handoff_ms=UNKNOWN
19,40,1,0.020513,54.348632,,32.654016,,0.064584,0.400821,6.240423,,0.187341,,,route_d2h_host_wait_ms=HOST_WALL;native_call_wall_ms=HOST_WALL;source_wait_ms=UNKNOWN;fill_wait_ms=HOST_WALL;h2d_ms=UNKNOWN;decode_ms=HOST_WALL;expert_compute_ms=HOST_WALL;native_output_sync_wait_ms=HOST_WALL;shared_expert_ms=UNKNOWN;combine_ms=HOST_WALL;orchestration_ms=UNKNOWN;handoff_ms=UNKNOWN
19,41,1,0.024987,52.848726,,31.753741,,0.065087,0.376876,6.262325,,0.223289,,,route_d2h_host_wait_ms=HOST_WALL;native_call_wall_ms=HOST_WALL;source_wait_ms=UNKNOWN;fill_wait_ms=HOST_WALL;h2d_ms=UNKNOWN;decode_ms=HOST_WALL;expert_compute_ms=HOST_WALL;native_output_sync_wait_ms=HOST_WALL;shared_expert_ms=UNKNOWN;combine_ms=HOST_WALL;orchestration_ms=UNKNOWN;handoff_ms=UNKNOWN
19,42,1,0.023005,79.108495,,54.740567,,0.066008,0.416299,6.261631,,0.192671,,,route_d2h_host_wait_ms=HOST_WALL;native_call_wall_ms=HOST_WALL;source_wait_ms=UNKNOWN;fill_wait_ms=HOST_WALL;h2d_ms=UNKNOWN;decode_ms=HOST_WALL;expert_compute_ms=HOST_WALL;native_output_sync_wait_ms=HOST_WALL;shared_expert_ms=UNKNOWN;combine_ms=HOST_WALL;orchestration_ms=UNKNOWN;handoff_ms=UNKNOWN
20,0,0,0.021617,35.325123,,11.204829,,0.184233,0.511878,7.750257,,0.216577,,,route_d2h_host_wait_ms=HOST_WALL;native_call_wall_ms=HOST_WALL;source_wait_ms=UNKNOWN;fill_wait_ms=HOST_WALL;h2d_ms=UNKNOWN;decode_ms=HOST_WALL;expert_compute_ms=HOST_WALL;native_output_sync_wait_ms=HOST_WALL;shared_expert_ms=UNKNOWN;combine_ms=HOST_WALL;orchestration_ms=UNKNOWN;handoff_ms=UNKNOWN
20,1,0,0.022965,31.949014,,5.826365,,0.061783,0.372717,7.922552,,0.210895,,,route_d2h_host_wait_ms=HOST_WALL;native_call_wall_ms=HOST_WALL;source_wait_ms=UNKNOWN;fill_wait_ms=HOST_WALL;h2d_ms=UNKNOWN;decode_ms=HOST_WALL;expert_compute_ms=HOST_WALL;native_output_sync_wait_ms=HOST_WALL;shared_expert_ms=UNKNOWN;combine_ms=HOST_WALL;orchestration_ms=UNKNOWN;handoff_ms=UNKNOWN
20,2,0,0.023370,36.882963,,10.290945,,0.062469,0.422147,7.939935,,0.205728,,,route_d2h_host_wait_ms=HOST_WALL;native_call_wall_ms=HOST_WALL;source_wait_ms=UNKNOWN;fill_wait_ms=HOST_WALL;h2d_ms=UNKNOWN;decode_ms=HOST_WALL;expert_compute_ms=HOST_WALL;native_output_sync_wait_ms=HOST_WALL;shared_expert_ms=UNKNOWN;combine_ms=HOST_WALL;orchestration_ms=UNKNOWN;handoff_ms=UNKNOWN
20,3,0,0.021918,33.582511,,7.364195,,0.101335,0.753660,7.472066,,0.196443,,,route_d2h_host_wait_ms=HOST_WALL;native_call_wall_ms=HOST_WALL;source_wait_ms=UNKNOWN;fill_wait_ms=HOST_WALL;h2d_ms=UNKNOWN;decode_ms=HOST_WALL;expert_compute_ms=HOST_WALL;native_output_sync_wait_ms=HOST_WALL;shared_expert_ms=UNKNOWN;combine_ms=HOST_WALL;orchestration_ms=UNKNOWN;handoff_ms=UNKNOWN
20,4,0,0.021246,31.891530,,5.794919,,0.060105,0.375071,8.045922,,0.369674,,,route_d2h_host_wait_ms=HOST_WALL;native_call_wall_ms=HOST_WALL;source_wait_ms=UNKNOWN;fill_wait_ms=HOST_WALL;h2d_ms=UNKNOWN;decode_ms=HOST_WALL;expert_compute_ms=HOST_WALL;native_output_sync_wait_ms=HOST_WALL;shared_expert_ms=UNKNOWN;combine_ms=HOST_WALL;orchestration_ms=UNKNOWN;handoff_ms=UNKNOWN
20,5,0,0.018999,33.089778,,7.129248,,0.065669,0.419662,7.978014,,0.199722,,,route_d2h_host_wait_ms=HOST_WALL;native_call_wall_ms=HOST_WALL;source_wait_ms=UNKNOWN;fill_wait_ms=HOST_WALL;h2d_ms=UNKNOWN;decode_ms=HOST_WALL;expert_compute_ms=HOST_WALL;native_output_sync_wait_ms=HOST_WALL;shared_expert_ms=UNKNOWN;combine_ms=HOST_WALL;orchestration_ms=UNKNOWN;handoff_ms=UNKNOWN
20,6,0,0.041363,28.369740,,5.451256,,0.063057,0.414264,7.994153,,0.195851,,,route_d2h_host_wait_ms=HOST_WALL;native_call_wall_ms=HOST_WALL;source_wait_ms=UNKNOWN;fill_wait_ms=HOST_WALL;h2d_ms=UNKNOWN;decode_ms=HOST_WALL;expert_compute_ms=HOST_WALL;native_output_sync_wait_ms=HOST_WALL;shared_expert_ms=UNKNOWN;combine_ms=HOST_WALL;orchestration_ms=UNKNOWN;handoff_ms=UNKNOWN
20,7,0,0.022424,26.113911,,3.633624,,0.061442,0.357808,7.458632,,0.209585,,,route_d2h_host_wait_ms=HOST_WALL;native_call_wall_ms=HOST_WALL;source_wait_ms=UNKNOWN;fill_wait_ms=HOST_WALL;h2d_ms=UNKNOWN;decode_ms=HOST_WALL;expert_compute_ms=HOST_WALL;native_output_sync_wait_ms=HOST_WALL;shared_expert_ms=UNKNOWN;combine_ms=HOST_WALL;orchestration_ms=UNKNOWN;handoff_ms=UNKNOWN
20,8,0,0.025836,26.894282,,4.941091,,0.064818,0.429240,6.753995,,0.238364,,,route_d2h_host_wait_ms=HOST_WALL;native_call_wall_ms=HOST_WALL;source_wait_ms=UNKNOWN;fill_wait_ms=HOST_WALL;h2d_ms=UNKNOWN;decode_ms=HOST_WALL;expert_compute_ms=HOST_WALL;native_output_sync_wait_ms=HOST_WALL;shared_expert_ms=UNKNOWN;combine_ms=HOST_WALL;orchestration_ms=UNKNOWN;handoff_ms=UNKNOWN
20,9,0,0.019447,22.534656,,3.839710,,0.058587,0.369719,6.854083,,0.183055,,,route_d2h_host_wait_ms=HOST_WALL;native_call_wall_ms=HOST_WALL;source_wait_ms=UNKNOWN;fill_wait_ms=HOST_WALL;h2d_ms=UNKNOWN;decode_ms=HOST_WALL;expert_compute_ms=HOST_WALL;native_output_sync_wait_ms=HOST_WALL;shared_expert_ms=UNKNOWN;combine_ms=HOST_WALL;orchestration_ms=UNKNOWN;handoff_ms=UNKNOWN
20,10,0,0.021153,26.852163,,5.546924,,0.074395,0.332616,6.894835,,0.231796,,,route_d2h_host_wait_ms=HOST_WALL;native_call_wall_ms=HOST_WALL;source_wait_ms=UNKNOWN;fill_wait_ms=HOST_WALL;h2d_ms=UNKNOWN;decode_ms=HOST_WALL;expert_compute_ms=HOST_WALL;native_output_sync_wait_ms=HOST_WALL;shared_expert_ms=UNKNOWN;combine_ms=HOST_WALL;orchestration_ms=UNKNOWN;handoff_ms=UNKNOWN
20,11,0,0.021934,28.489306,,7.132522,,0.071929,0.363746,6.852230,,0.219905,,,route_d2h_host_wait_ms=HOST_WALL;native_call_wall_ms=HOST_WALL;source_wait_ms=UNKNOWN;fill_wait_ms=HOST_WALL;h2d_ms=UNKNOWN;decode_ms=HOST_WALL;expert_compute_ms=HOST_WALL;native_output_sync_wait_ms=HOST_WALL;shared_expert_ms=UNKNOWN;combine_ms=HOST_WALL;orchestration_ms=UNKNOWN;handoff_ms=UNKNOWN
20,12,0,0.020610,27.211515,,5.586874,,0.058676,0.345501,6.881750,,0.189011,,,route_d2h_host_wait_ms=HOST_WALL;native_call_wall_ms=HOST_WALL;source_wait_ms=UNKNOWN;fill_wait_ms=HOST_WALL;h2d_ms=UNKNOWN;decode_ms=HOST_WALL;expert_compute_ms=HOST_WALL;native_output_sync_wait_ms=HOST_WALL;shared_expert_ms=UNKNOWN;combine_ms=HOST_WALL;orchestration_ms=UNKNOWN;handoff_ms=UNKNOWN
20,13,0,0.019937,24.831708,,3.873338,,0.062552,0.405542,5.714078,,0.196989,,,route_d2h_host_wait_ms=HOST_WALL;native_call_wall_ms=HOST_WALL;source_wait_ms=UNKNOWN;fill_wait_ms=HOST_WALL;h2d_ms=UNKNOWN;decode_ms=HOST_WALL;expert_compute_ms=HOST_WALL;native_output_sync_wait_ms=HOST_WALL;shared_expert_ms=UNKNOWN;combine_ms=HOST_WALL;orchestration_ms=UNKNOWN;handoff_ms=UNKNOWN
20,14,0,0.020536,28.469761,,5.288753,,0.062169,0.417577,5.657525,,0.318012,,,route_d2h_host_wait_ms=HOST_WALL;native_call_wall_ms=HOST_WALL;source_wait_ms=UNKNOWN;fill_wait_ms=HOST_WALL;h2d_ms=UNKNOWN;decode_ms=HOST_WALL;expert_compute_ms=HOST_WALL;native_output_sync_wait_ms=HOST_WALL;shared_expert_ms=UNKNOWN;combine_ms=HOST_WALL;orchestration_ms=UNKNOWN;handoff_ms=UNKNOWN
20,15,0,0.032842,25.541542,,5.504538,,0.071679,0.397552,5.602928,,0.230998,,,route_d2h_host_wait_ms=HOST_WALL;native_call_wall_ms=HOST_WALL;source_wait_ms=UNKNOWN;fill_wait_ms=HOST_WALL;h2d_ms=UNKNOWN;decode_ms=HOST_WALL;expert_compute_ms=HOST_WALL;native_output_sync_wait_ms=HOST_WALL;shared_expert_ms=UNKNOWN;combine_ms=HOST_WALL;orchestration_ms=UNKNOWN;handoff_ms=UNKNOWN
20,16,0,0.021910,24.280132,,3.955661,,0.058579,0.350146,5.667793,,0.198802,,,route_d2h_host_wait_ms=HOST_WALL;native_call_wall_ms=HOST_WALL;source_wait_ms=UNKNOWN;fill_wait_ms=HOST_WALL;h2d_ms=UNKNOWN;decode_ms=HOST_WALL;expert_compute_ms=HOST_WALL;native_output_sync_wait_ms=HOST_WALL;shared_expert_ms=UNKNOWN;combine_ms=HOST_WALL;orchestration_ms=UNKNOWN;handoff_ms=UNKNOWN
20,17,0,0.019492,24.579496,,3.932188,,0.065854,0.333666,5.668335,,0.195109,,,route_d2h_host_wait_ms=HOST_WALL;native_call_wall_ms=HOST_WALL;source_wait_ms=UNKNOWN;fill_wait_ms=HOST_WALL;h2d_ms=UNKNOWN;decode_ms=HOST_WALL;expert_compute_ms=HOST_WALL;native_output_sync_wait_ms=HOST_WALL;shared_expert_ms=UNKNOWN;combine_ms=HOST_WALL;orchestration_ms=UNKNOWN;handoff_ms=UNKNOWN
20,18,0,0.019784,27.415391,,5.395242,,0.059765,0.380571,4.775854,,0.237495,,,route_d2h_host_wait_ms=HOST_WALL;native_call_wall_ms=HOST_WALL;source_wait_ms=UNKNOWN;fill_wait_ms=HOST_WALL;h2d_ms=UNKNOWN;decode_ms=HOST_WALL;expert_compute_ms=HOST_WALL;native_output_sync_wait_ms=HOST_WALL;shared_expert_ms=UNKNOWN;combine_ms=HOST_WALL;orchestration_ms=UNKNOWN;handoff_ms=UNKNOWN
20,19,0,0.021864,26.361039,,6.889696,,0.061168,0.384118,4.759639,,0.191891,,,route_d2h_host_wait_ms=HOST_WALL;native_call_wall_ms=HOST_WALL;source_wait_ms=UNKNOWN;fill_wait_ms=HOST_WALL;h2d_ms=UNKNOWN;decode_ms=HOST_WALL;expert_compute_ms=HOST_WALL;native_output_sync_wait_ms=HOST_WALL;shared_expert_ms=UNKNOWN;combine_ms=HOST_WALL;orchestration_ms=UNKNOWN;handoff_ms=UNKNOWN
20,20,0,0.022979,106.393067,,89.174227,,0.078429,0.341462,4.778998,,0.196989,,,route_d2h_host_wait_ms=HOST_WALL;native_call_wall_ms=HOST_WALL;source_wait_ms=UNKNOWN;fill_wait_ms=HOST_WALL;h2d_ms=UNKNOWN;decode_ms=HOST_WALL;expert_compute_ms=HOST_WALL;native_output_sync_wait_ms=HOST_WALL;shared_expert_ms=UNKNOWN;combine_ms=HOST_WALL;orchestration_ms=UNKNOWN;handoff_ms=UNKNOWN
20,21,0,0.019790,96.967805,,79.470623,,0.065938,1.784236,3.368486,,0.225035,,,route_d2h_host_wait_ms=HOST_WALL;native_call_wall_ms=HOST_WALL;source_wait_ms=UNKNOWN;fill_wait_ms=HOST_WALL;h2d_ms=UNKNOWN;decode_ms=HOST_WALL;expert_compute_ms=HOST_WALL;native_output_sync_wait_ms=HOST_WALL;shared_expert_ms=UNKNOWN;combine_ms=HOST_WALL;orchestration_ms=UNKNOWN;handoff_ms=UNKNOWN
20,22,1,0.020598,54.680463,,32.872595,,0.061785,0.358599,6.318529,,0.204432,,,route_d2h_host_wait_ms=HOST_WALL;native_call_wall_ms=HOST_WALL;source_wait_ms=UNKNOWN;fill_wait_ms=HOST_WALL;h2d_ms=UNKNOWN;decode_ms=HOST_WALL;expert_compute_ms=HOST_WALL;native_output_sync_wait_ms=HOST_WALL;shared_expert_ms=UNKNOWN;combine_ms=HOST_WALL;orchestration_ms=UNKNOWN;handoff_ms=UNKNOWN
20,23,1,0.021670,138.227081,,119.061559,,0.061871,0.383341,6.267046,,0.225300,,,route_d2h_host_wait_ms=HOST_WALL;native_call_wall_ms=HOST_WALL;source_wait_ms=UNKNOWN;fill_wait_ms=HOST_WALL;h2d_ms=UNKNOWN;decode_ms=HOST_WALL;expert_compute_ms=HOST_WALL;native_output_sync_wait_ms=HOST_WALL;shared_expert_ms=UNKNOWN;combine_ms=HOST_WALL;orchestration_ms=UNKNOWN;handoff_ms=UNKNOWN
20,24,1,0.020380,21.443546,,0.044087,,0.066441,0.362954,6.291638,,0.191932,,,route_d2h_host_wait_ms=HOST_WALL;native_call_wall_ms=HOST_WALL;source_wait_ms=UNKNOWN;fill_wait_ms=HOST_WALL;h2d_ms=UNKNOWN;decode_ms=HOST_WALL;expert_compute_ms=HOST_WALL;native_output_sync_wait_ms=HOST_WALL;shared_expert_ms=UNKNOWN;combine_ms=HOST_WALL;orchestration_ms=UNKNOWN;handoff_ms=UNKNOWN
20,25,1,0.028828,121.985717,,99.087514,,0.062958,0.352095,8.078431,,0.218224,,,route_d2h_host_wait_ms=HOST_WALL;native_call_wall_ms=HOST_WALL;source_wait_ms=UNKNOWN;fill_wait_ms=HOST_WALL;h2d_ms=UNKNOWN;decode_ms=HOST_WALL;expert_compute_ms=HOST_WALL;native_output_sync_wait_ms=HOST_WALL;shared_expert_ms=UNKNOWN;combine_ms=HOST_WALL;orchestration_ms=UNKNOWN;handoff_ms=UNKNOWN
20,26,1,0.019403,102.645383,,74.481178,,0.069853,0.453780,7.881292,,0.209821,,,route_d2h_host_wait_ms=HOST_WALL;native_call_wall_ms=HOST_WALL;source_wait_ms=UNKNOWN;fill_wait_ms=HOST_WALL;h2d_ms=UNKNOWN;decode_ms=HOST_WALL;expert_compute_ms=HOST_WALL;native_output_sync_wait_ms=HOST_WALL;shared_expert_ms=UNKNOWN;combine_ms=HOST_WALL;orchestration_ms=UNKNOWN;handoff_ms=UNKNOWN
20,27,1,0.020770,90.740723,,69.335351,,0.065848,0.375542,8.013417,,0.217717,,,route_d2h_host_wait_ms=HOST_WALL;native_call_wall_ms=HOST_WALL;source_wait_ms=UNKNOWN;fill_wait_ms=HOST_WALL;h2d_ms=UNKNOWN;decode_ms=HOST_WALL;expert_compute_ms=HOST_WALL;native_output_sync_wait_ms=HOST_WALL;shared_expert_ms=UNKNOWN;combine_ms=HOST_WALL;orchestration_ms=UNKNOWN;handoff_ms=UNKNOWN
20,28,1,0.023030,148.591247,,128.217750,,0.110147,0.392240,8.012183,,0.202526,,,route_d2h_host_wait_ms=HOST_WALL;native_call_wall_ms=HOST_WALL;source_wait_ms=UNKNOWN;fill_wait_ms=HOST_WALL;h2d_ms=UNKNOWN;decode_ms=HOST_WALL;expert_compute_ms=HOST_WALL;native_output_sync_wait_ms=HOST_WALL;shared_expert_ms=UNKNOWN;combine_ms=HOST_WALL;orchestration_ms=UNKNOWN;handoff_ms=UNKNOWN
20,29,1,0.034223,214.144600,,187.588327,,0.075039,0.393553,8.024312,,0.199613,,,route_d2h_host_wait_ms=HOST_WALL;native_call_wall_ms=HOST_WALL;source_wait_ms=UNKNOWN;fill_wait_ms=HOST_WALL;h2d_ms=UNKNOWN;decode_ms=HOST_WALL;expert_compute_ms=HOST_WALL;native_output_sync_wait_ms=HOST_WALL;shared_expert_ms=UNKNOWN;combine_ms=HOST_WALL;orchestration_ms=UNKNOWN;handoff_ms=UNKNOWN
20,30,1,0.022249,56.603112,,30.577508,,0.111411,0.632227,7.552048,,0.194031,,,route_d2h_host_wait_ms=HOST_WALL;native_call_wall_ms=HOST_WALL;source_wait_ms=UNKNOWN;fill_wait_ms=HOST_WALL;h2d_ms=UNKNOWN;decode_ms=HOST_WALL;expert_compute_ms=HOST_WALL;native_output_sync_wait_ms=HOST_WALL;shared_expert_ms=UNKNOWN;combine_ms=HOST_WALL;orchestration_ms=UNKNOWN;handoff_ms=UNKNOWN
20,31,1,0.021118,82.899601,,59.743233,,0.077872,0.413510,7.899223,,0.210077,,,route_d2h_host_wait_ms=HOST_WALL;native_call_wall_ms=HOST_WALL;source_wait_ms=UNKNOWN;fill_wait_ms=HOST_WALL;h2d_ms=UNKNOWN;decode_ms=HOST_WALL;expert_compute_ms=HOST_WALL;native_output_sync_wait_ms=HOST_WALL;shared_expert_ms=UNKNOWN;combine_ms=HOST_WALL;orchestration_ms=UNKNOWN;handoff_ms=UNKNOWN
20,32,1,0.022444,20.633802,,0.040551,,0.069679,0.414917,7.956057,,0.183466,,,route_d2h_host_wait_ms=HOST_WALL;native_call_wall_ms=HOST_WALL;source_wait_ms=UNKNOWN;fill_wait_ms=HOST_WALL;h2d_ms=UNKNOWN;decode_ms=HOST_WALL;expert_compute_ms=HOST_WALL;native_output_sync_wait_ms=HOST_WALL;shared_expert_ms=UNKNOWN;combine_ms=HOST_WALL;orchestration_ms=UNKNOWN;handoff_ms=UNKNOWN
20,33,1,0.019442,22.989566,,0.039631,,0.077103,0.371210,8.023085,,0.168395,,,route_d2h_host_wait_ms=HOST_WALL;native_call_wall_ms=HOST_WALL;source_wait_ms=UNKNOWN;fill_wait_ms=HOST_WALL;h2d_ms=UNKNOWN;decode_ms=HOST_WALL;expert_compute_ms=HOST_WALL;native_output_sync_wait_ms=HOST_WALL;shared_expert_ms=UNKNOWN;combine_ms=HOST_WALL;orchestration_ms=UNKNOWN;handoff_ms=UNKNOWN
20,34,1,0.022254,22.929241,,0.041940,,0.063917,0.418962,7.942605,,0.169723,,,route_d2h_host_wait_ms=HOST_WALL;native_call_wall_ms=HOST_WALL;source_wait_ms=UNKNOWN;fill_wait_ms=HOST_WALL;h2d_ms=UNKNOWN;decode_ms=HOST_WALL;expert_compute_ms=HOST_WALL;native_output_sync_wait_ms=HOST_WALL;shared_expert_ms=UNKNOWN;combine_ms=HOST_WALL;orchestration_ms=UNKNOWN;handoff_ms=UNKNOWN
20,35,1,0.021398,118.048134,,95.397773,,0.065546,0.399643,7.260792,,0.241631,,,route_d2h_host_wait_ms=HOST_WALL;native_call_wall_ms=HOST_WALL;source_wait_ms=UNKNOWN;fill_wait_ms=HOST_WALL;h2d_ms=UNKNOWN;decode_ms=HOST_WALL;expert_compute_ms=HOST_WALL;native_output_sync_wait_ms=HOST_WALL;shared_expert_ms=UNKNOWN;combine_ms=HOST_WALL;orchestration_ms=UNKNOWN;handoff_ms=UNKNOWN
20,36,1,0.022563,22.384055,,0.042585,,0.069674,0.368247,7.272657,,0.179785,,,route_d2h_host_wait_ms=HOST_WALL;native_call_wall_ms=HOST_WALL;source_wait_ms=UNKNOWN;fill_wait_ms=HOST_WALL;h2d_ms=UNKNOWN;decode_ms=HOST_WALL;expert_compute_ms=HOST_WALL;native_output_sync_wait_ms=HOST_WALL;shared_expert_ms=UNKNOWN;combine_ms=HOST_WALL;orchestration_ms=UNKNOWN;handoff_ms=UNKNOWN
20,37,1,0.020379,60.389638,,37.638032,,0.067598,0.390895,7.239378,,0.213794,,,route_d2h_host_wait_ms=HOST_WALL;native_call_wall_ms=HOST_WALL;source_wait_ms=UNKNOWN;fill_wait_ms=HOST_WALL;h2d_ms=UNKNOWN;decode_ms=HOST_WALL;expert_compute_ms=HOST_WALL;native_output_sync_wait_ms=HOST_WALL;shared_expert_ms=UNKNOWN;combine_ms=HOST_WALL;orchestration_ms=UNKNOWN;handoff_ms=UNKNOWN
20,38,1,0.021994,54.739142,,32.317941,,0.069782,0.376234,7.271208,,0.191711,,,route_d2h_host_wait_ms=HOST_WALL;native_call_wall_ms=HOST_WALL;source_wait_ms=UNKNOWN;fill_wait_ms=HOST_WALL;h2d_ms=UNKNOWN;decode_ms=HOST_WALL;expert_compute_ms=HOST_WALL;native_output_sync_wait_ms=HOST_WALL;shared_expert_ms=UNKNOWN;combine_ms=HOST_WALL;orchestration_ms=UNKNOWN;handoff_ms=UNKNOWN
20,39,1,0.021475,55.002680,,29.912671,,0.062061,0.372185,7.256192,,0.215807,,,route_d2h_host_wait_ms=HOST_WALL;native_call_wall_ms=HOST_WALL;source_wait_ms=UNKNOWN;fill_wait_ms=HOST_WALL;h2d_ms=UNKNOWN;decode_ms=HOST_WALL;expert_compute_ms=HOST_WALL;native_output_sync_wait_ms=HOST_WALL;shared_expert_ms=UNKNOWN;combine_ms=HOST_WALL;orchestration_ms=UNKNOWN;handoff_ms=UNKNOWN
20,40,1,0.052788,74.203253,,51.721753,,0.064878,0.396352,7.198756,,0.247106,,,route_d2h_host_wait_ms=HOST_WALL;native_call_wall_ms=HOST_WALL;source_wait_ms=UNKNOWN;fill_wait_ms=HOST_WALL;h2d_ms=UNKNOWN;decode_ms=HOST_WALL;expert_compute_ms=HOST_WALL;native_output_sync_wait_ms=HOST_WALL;shared_expert_ms=UNKNOWN;combine_ms=HOST_WALL;orchestration_ms=UNKNOWN;handoff_ms=UNKNOWN
20,41,1,0.020727,54.579383,,28.722899,,0.063759,0.378069,7.261769,,0.215598,,,route_d2h_host_wait_ms=HOST_WALL;native_call_wall_ms=HOST_WALL;source_wait_ms=UNKNOWN;fill_wait_ms=HOST_WALL;h2d_ms=UNKNOWN;decode_ms=HOST_WALL;expert_compute_ms=HOST_WALL;native_output_sync_wait_ms=HOST_WALL;shared_expert_ms=UNKNOWN;combine_ms=HOST_WALL;orchestration_ms=UNKNOWN;handoff_ms=UNKNOWN
20,42,1,0.023939,57.979217,,32.434264,,0.077325,0.431905,7.162577,,0.229318,,,route_d2h_host_wait_ms=HOST_WALL;native_call_wall_ms=HOST_WALL;source_wait_ms=UNKNOWN;fill_wait_ms=HOST_WALL;h2d_ms=UNKNOWN;decode_ms=HOST_WALL;expert_compute_ms=HOST_WALL;native_output_sync_wait_ms=HOST_WALL;shared_expert_ms=UNKNOWN;combine_ms=HOST_WALL;orchestration_ms=UNKNOWN;handoff_ms=UNKNOWN
21,0,0,0.020012,28.995711,,8.823483,,0.057196,0.375481,8.071203,,0.184612,,,route_d2h_host_wait_ms=HOST_WALL;native_call_wall_ms=HOST_WALL;source_wait_ms=UNKNOWN;fill_wait_ms=HOST_WALL;h2d_ms=UNKNOWN;decode_ms=HOST_WALL;expert_compute_ms=HOST_WALL;native_output_sync_wait_ms=HOST_WALL;shared_expert_ms=UNKNOWN;combine_ms=HOST_WALL;orchestration_ms=UNKNOWN;handoff_ms=UNKNOWN
21,1,0,0.021507,34.814549,,8.775518,,0.061818,0.382413,8.007811,,0.223272,,,route_d2h_host_wait_ms=HOST_WALL;native_call_wall_ms=HOST_WALL;source_wait_ms=UNKNOWN;fill_wait_ms=HOST_WALL;h2d_ms=UNKNOWN;decode_ms=HOST_WALL;expert_compute_ms=HOST_WALL;native_output_sync_wait_ms=HOST_WALL;shared_expert_ms=UNKNOWN;combine_ms=HOST_WALL;orchestration_ms=UNKNOWN;handoff_ms=UNKNOWN
21,2,0,0.019026,28.471121,,8.180647,,0.058134,0.371345,8.052334,,0.223212,,,route_d2h_host_wait_ms=HOST_WALL;native_call_wall_ms=HOST_WALL;source_wait_ms=UNKNOWN;fill_wait_ms=HOST_WALL;h2d_ms=UNKNOWN;decode_ms=HOST_WALL;expert_compute_ms=HOST_WALL;native_output_sync_wait_ms=HOST_WALL;shared_expert_ms=UNKNOWN;combine_ms=HOST_WALL;orchestration_ms=UNKNOWN;handoff_ms=UNKNOWN
21,3,0,0.020374,29.798922,,4.010458,,0.057966,0.360418,8.074849,,0.203919,,,route_d2h_host_wait_ms=HOST_WALL;native_call_wall_ms=HOST_WALL;source_wait_ms=UNKNOWN;fill_wait_ms=HOST_WALL;h2d_ms=UNKNOWN;decode_ms=HOST_WALL;expert_compute_ms=HOST_WALL;native_output_sync_wait_ms=HOST_WALL;shared_expert_ms=UNKNOWN;combine_ms=HOST_WALL;orchestration_ms=UNKNOWN;handoff_ms=UNKNOWN
21,4,0,0.020167,25.550365,,6.515377,,0.062010,0.430423,7.118392,,0.262394,,,route_d2h_host_wait_ms=HOST_WALL;native_call_wall_ms=HOST_WALL;source_wait_ms=UNKNOWN;fill_wait_ms=HOST_WALL;h2d_ms=UNKNOWN;decode_ms=HOST_WALL;expert_compute_ms=HOST_WALL;native_output_sync_wait_ms=HOST_WALL;shared_expert_ms=UNKNOWN;combine_ms=HOST_WALL;orchestration_ms=UNKNOWN;handoff_ms=UNKNOWN
21,5,0,0.020061,30.325230,,5.091743,,0.059742,0.366808,6.848713,,0.199350,,,route_d2h_host_wait_ms=HOST_WALL;native_call_wall_ms=HOST_WALL;source_wait_ms=UNKNOWN;fill_wait_ms=HOST_WALL;h2d_ms=UNKNOWN;decode_ms=HOST_WALL;expert_compute_ms=HOST_WALL;native_output_sync_wait_ms=HOST_WALL;shared_expert_ms=UNKNOWN;combine_ms=HOST_WALL;orchestration_ms=UNKNOWN;handoff_ms=UNKNOWN
21,6,0,0.021326,19.200827,,0.041506,,0.057944,0.322732,6.870919,,0.367437,,,route_d2h_host_wait_ms=HOST_WALL;native_call_wall_ms=HOST_WALL;source_wait_ms=UNKNOWN;fill_wait_ms=HOST_WALL;h2d_ms=UNKNOWN;decode_ms=HOST_WALL;expert_compute_ms=HOST_WALL;native_output_sync_wait_ms=HOST_WALL;shared_expert_ms=UNKNOWN;combine_ms=HOST_WALL;orchestration_ms=UNKNOWN;handoff_ms=UNKNOWN
21,7,0,0.019933,28.315155,,3.926044,,0.060252,0.345757,6.843836,,0.208744,,,route_d2h_host_wait_ms=HOST_WALL;native_call_wall_ms=HOST_WALL;source_wait_ms=UNKNOWN;fill_wait_ms=HOST_WALL;h2d_ms=UNKNOWN;decode_ms=HOST_WALL;expert_compute_ms=HOST_WALL;native_output_sync_wait_ms=HOST_WALL;shared_expert_ms=UNKNOWN;combine_ms=HOST_WALL;orchestration_ms=UNKNOWN;handoff_ms=UNKNOWN
21,8,0,0.021438,28.347415,,3.911262,,0.060563,0.399523,6.789759,,0.203398,,,route_d2h_host_wait_ms=HOST_WALL;native_call_wall_ms=HOST_WALL;source_wait_ms=UNKNOWN;fill_wait_ms=HOST_WALL;h2d_ms=UNKNOWN;decode_ms=HOST_WALL;expert_compute_ms=HOST_WALL;native_output_sync_wait_ms=HOST_WALL;shared_expert_ms=UNKNOWN;combine_ms=HOST_WALL;orchestration_ms=UNKNOWN;handoff_ms=UNKNOWN
21,9,0,0.019079,29.846153,,5.403815,,0.065280,0.386907,6.160501,,0.194395,,,route_d2h_host_wait_ms=HOST_WALL;native_call_wall_ms=HOST_WALL;source_wait_ms=UNKNOWN;fill_wait_ms=HOST_WALL;h2d_ms=UNKNOWN;decode_ms=HOST_WALL;expert_compute_ms=HOST_WALL;native_output_sync_wait_ms=HOST_WALL;shared_expert_ms=UNKNOWN;combine_ms=HOST_WALL;orchestration_ms=UNKNOWN;handoff_ms=UNKNOWN
21,10,0,0.022950,25.623980,,5.305996,,0.059444,0.371003,5.729076,,0.192689,,,route_d2h_host_wait_ms=HOST_WALL;native_call_wall_ms=HOST_WALL;source_wait_ms=UNKNOWN;fill_wait_ms=HOST_WALL;h2d_ms=UNKNOWN;decode_ms=HOST_WALL;expert_compute_ms=HOST_WALL;native_output_sync_wait_ms=HOST_WALL;shared_expert_ms=UNKNOWN;combine_ms=HOST_WALL;orchestration_ms=UNKNOWN;handoff_ms=UNKNOWN
21,11,0,0.019396,26.171000,,5.403603,,0.061522,0.377239,5.684232,,0.216439,,,route_d2h_host_wait_ms=HOST_WALL;native_call_wall_ms=HOST_WALL;source_wait_ms=UNKNOWN;fill_wait_ms=HOST_WALL;h2d_ms=UNKNOWN;decode_ms=HOST_WALL;expert_compute_ms=HOST_WALL;native_output_sync_wait_ms=HOST_WALL;shared_expert_ms=UNKNOWN;combine_ms=HOST_WALL;orchestration_ms=UNKNOWN;handoff_ms=UNKNOWN
21,12,0,0.022716,25.207448,,3.886339,,0.066567,0.388839,5.609905,,0.209090,,,route_d2h_host_wait_ms=HOST_WALL;native_call_wall_ms=HOST_WALL;source_wait_ms=UNKNOWN;fill_wait_ms=HOST_WALL;h2d_ms=UNKNOWN;decode_ms=HOST_WALL;expert_compute_ms=HOST_WALL;native_output_sync_wait_ms=HOST_WALL;shared_expert_ms=UNKNOWN;combine_ms=HOST_WALL;orchestration_ms=UNKNOWN;handoff_ms=UNKNOWN
21,13,0,0.019694,24.344173,,3.991597,,0.063212,0.394923,5.607287,,0.214325,,,route_d2h_host_wait_ms=HOST_WALL;native_call_wall_ms=HOST_WALL;source_wait_ms=UNKNOWN;fill_wait_ms=HOST_WALL;h2d_ms=UNKNOWN;decode_ms=HOST_WALL;expert_compute_ms=HOST_WALL;native_output_sync_wait_ms=HOST_WALL;shared_expert_ms=UNKNOWN;combine_ms=HOST_WALL;orchestration_ms=UNKNOWN;handoff_ms=UNKNOWN
21,14,0,0.022126,20.637545,,0.043746,,0.057031,0.344241,5.719124,,0.174376,,,route_d2h_host_wait_ms=HOST_WALL;native_call_wall_ms=HOST_WALL;source_wait_ms=UNKNOWN;fill_wait_ms=HOST_WALL;h2d_ms=UNKNOWN;decode_ms=HOST_WALL;expert_compute_ms=HOST_WALL;native_output_sync_wait_ms=HOST_WALL;shared_expert_ms=UNKNOWN;combine_ms=HOST_WALL;orchestration_ms=UNKNOWN;handoff_ms=UNKNOWN
21,15,0,0.021246,26.830532,,4.109016,,0.094852,0.769704,4.185324,,0.232424,,,route_d2h_host_wait_ms=HOST_WALL;native_call_wall_ms=HOST_WALL;source_wait_ms=UNKNOWN;fill_wait_ms=HOST_WALL;h2d_ms=UNKNOWN;decode_ms=HOST_WALL;expert_compute_ms=HOST_WALL;native_output_sync_wait_ms=HOST_WALL;shared_expert_ms=UNKNOWN;combine_ms=HOST_WALL;orchestration_ms=UNKNOWN;handoff_ms=UNKNOWN
21,16,0,0.019387,24.097350,,3.684272,,0.063365,0.368871,4.691642,,0.197294,,,route_d2h_host_wait_ms=HOST_WALL;native_call_wall_ms=HOST_WALL;source_wait_ms=UNKNOWN;fill_wait_ms=HOST_WALL;h2d_ms=UNKNOWN;decode_ms=HOST_WALL;expert_compute_ms=HOST_WALL;native_output_sync_wait_ms=HOST_WALL;shared_expert_ms=UNKNOWN;combine_ms=HOST_WALL;orchestration_ms=UNKNOWN;handoff_ms=UNKNOWN
21,17,0,0.020628,23.686637,,3.818754,,0.056548,0.357502,4.756126,,0.214369,,,route_d2h_host_wait_ms=HOST_WALL;native_call_wall_ms=HOST_WALL;source_wait_ms=UNKNOWN;fill_wait_ms=HOST_WALL;h2d_ms=UNKNOWN;decode_ms=HOST_WALL;expert_compute_ms=HOST_WALL;native_output_sync_wait_ms=HOST_WALL;shared_expert_ms=UNKNOWN;combine_ms=HOST_WALL;orchestration_ms=UNKNOWN;handoff_ms=UNKNOWN
21,18,0,0.019363,19.707655,,0.040737,,0.058576,0.360035,4.741396,,0.165760,,,route_d2h_host_wait_ms=HOST_WALL;native_call_wall_ms=HOST_WALL;source_wait_ms=UNKNOWN;fill_wait_ms=HOST_WALL;h2d_ms=UNKNOWN;decode_ms=HOST_WALL;expert_compute_ms=HOST_WALL;native_output_sync_wait_ms=HOST_WALL;shared_expert_ms=UNKNOWN;combine_ms=HOST_WALL;orchestration_ms=UNKNOWN;handoff_ms=UNKNOWN
21,19,0,0.020211,24.611989,,5.042558,,0.059176,0.343371,4.779627,,0.234762,,,route_d2h_host_wait_ms=HOST_WALL;native_call_wall_ms=HOST_WALL;source_wait_ms=UNKNOWN;fill_wait_ms=HOST_WALL;h2d_ms=UNKNOWN;decode_ms=HOST_WALL;expert_compute_ms=HOST_WALL;native_output_sync_wait_ms=HOST_WALL;shared_expert_ms=UNKNOWN;combine_ms=HOST_WALL;orchestration_ms=UNKNOWN;handoff_ms=UNKNOWN
21,20,0,0.044312,25.881140,,3.625457,,0.059631,0.398022,4.656997,,0.200213,,,route_d2h_host_wait_ms=HOST_WALL;native_call_wall_ms=HOST_WALL;source_wait_ms=UNKNOWN;fill_wait_ms=HOST_WALL;h2d_ms=UNKNOWN;decode_ms=HOST_WALL;expert_compute_ms=HOST_WALL;native_output_sync_wait_ms=HOST_WALL;shared_expert_ms=UNKNOWN;combine_ms=HOST_WALL;orchestration_ms=UNKNOWN;handoff_ms=UNKNOWN
21,21,0,0.020431,55.403481,,31.838765,,0.061740,0.383446,4.357095,,0.198836,,,route_d2h_host_wait_ms=HOST_WALL;native_call_wall_ms=HOST_WALL;source_wait_ms=UNKNOWN;fill_wait_ms=HOST_WALL;h2d_ms=UNKNOWN;decode_ms=HOST_WALL;expert_compute_ms=HOST_WALL;native_output_sync_wait_ms=HOST_WALL;shared_expert_ms=UNKNOWN;combine_ms=HOST_WALL;orchestration_ms=UNKNOWN;handoff_ms=UNKNOWN
21,22,1,0.023438,86.944377,,62.148938,,0.076811,0.414745,6.855859,,0.205956,,,route_d2h_host_wait_ms=HOST_WALL;native_call_wall_ms=HOST_WALL;source_wait_ms=UNKNOWN;fill_wait_ms=HOST_WALL;h2d_ms=UNKNOWN;decode_ms=HOST_WALL;expert_compute_ms=HOST_WALL;native_output_sync_wait_ms=HOST_WALL;shared_expert_ms=UNKNOWN;combine_ms=HOST_WALL;orchestration_ms=UNKNOWN;handoff_ms=UNKNOWN
21,23,1,0.035072,55.507291,,30.127025,,0.093471,0.368939,6.972368,,0.226104,,,route_d2h_host_wait_ms=HOST_WALL;native_call_wall_ms=HOST_WALL;source_wait_ms=UNKNOWN;fill_wait_ms=HOST_WALL;h2d_ms=UNKNOWN;decode_ms=HOST_WALL;expert_compute_ms=HOST_WALL;native_output_sync_wait_ms=HOST_WALL;shared_expert_ms=UNKNOWN;combine_ms=HOST_WALL;orchestration_ms=UNKNOWN;handoff_ms=UNKNOWN
21,24,1,0.020071,55.285898,,33.335907,,0.061402,0.386379,6.988488,,0.217706,,,route_d2h_host_wait_ms=HOST_WALL;native_call_wall_ms=HOST_WALL;source_wait_ms=UNKNOWN;fill_wait_ms=HOST_WALL;h2d_ms=UNKNOWN;decode_ms=HOST_WALL;expert_compute_ms=HOST_WALL;native_output_sync_wait_ms=HOST_WALL;shared_expert_ms=UNKNOWN;combine_ms=HOST_WALL;orchestration_ms=UNKNOWN;handoff_ms=UNKNOWN
21,25,1,0.033233,22.511156,,0.045436,,0.067464,0.441740,6.853562,,0.224668,,,route_d2h_host_wait_ms=HOST_WALL;native_call_wall_ms=HOST_WALL;source_wait_ms=UNKNOWN;fill_wait_ms=HOST_WALL;h2d_ms=UNKNOWN;decode_ms=HOST_WALL;expert_compute_ms=HOST_WALL;native_output_sync_wait_ms=HOST_WALL;shared_expert_ms=UNKNOWN;combine_ms=HOST_WALL;orchestration_ms=UNKNOWN;handoff_ms=UNKNOWN
21,26,1,0.022520,73.655200,,51.414385,,0.085090,0.540877,6.800094,,0.203612,,,route_d2h_host_wait_ms=HOST_WALL;native_call_wall_ms=HOST_WALL;source_wait_ms=UNKNOWN;fill_wait_ms=HOST_WALL;h2d_ms=UNKNOWN;decode_ms=HOST_WALL;expert_compute_ms=HOST_WALL;native_output_sync_wait_ms=HOST_WALL;shared_expert_ms=UNKNOWN;combine_ms=HOST_WALL;orchestration_ms=UNKNOWN;handoff_ms=UNKNOWN
21,27,1,0.020650,87.509390,,64.975217,,0.065256,0.395830,6.990086,,0.209570,,,route_d2h_host_wait_ms=HOST_WALL;native_call_wall_ms=HOST_WALL;source_wait_ms=UNKNOWN;fill_wait_ms=HOST_WALL;h2d_ms=UNKNOWN;decode_ms=HOST_WALL;expert_compute_ms=HOST_WALL;native_output_sync_wait_ms=HOST_WALL;shared_expert_ms=UNKNOWN;combine_ms=HOST_WALL;orchestration_ms=UNKNOWN;handoff_ms=UNKNOWN
21,28,1,0.021846,55.450929,,30.220215,,0.093131,0.408120,6.917620,,0.205016,,,route_d2h_host_wait_ms=HOST_WALL;native_call_wall_ms=HOST_WALL;source_wait_ms=UNKNOWN;fill_wait_ms=HOST_WALL;h2d_ms=UNKNOWN;decode_ms=HOST_WALL;expert_compute_ms=HOST_WALL;native_output_sync_wait_ms=HOST_WALL;shared_expert_ms=UNKNOWN;combine_ms=HOST_WALL;orchestration_ms=UNKNOWN;handoff_ms=UNKNOWN
21,29,1,0.021778,52.167132,,32.959159,,0.094495,0.379379,6.918252,,0.202565,,,route_d2h_host_wait_ms=HOST_WALL;native_call_wall_ms=HOST_WALL;source_wait_ms=UNKNOWN;fill_wait_ms=HOST_WALL;h2d_ms=UNKNOWN;decode_ms=HOST_WALL;expert_compute_ms=HOST_WALL;native_output_sync_wait_ms=HOST_WALL;shared_expert_ms=UNKNOWN;combine_ms=HOST_WALL;orchestration_ms=UNKNOWN;handoff_ms=UNKNOWN
21,30,1,0.043673,19.588082,,0.056115,,0.124584,0.730025,6.395627,,0.269134,,,route_d2h_host_wait_ms=HOST_WALL;native_call_wall_ms=HOST_WALL;source_wait_ms=UNKNOWN;fill_wait_ms=HOST_WALL;h2d_ms=UNKNOWN;decode_ms=HOST_WALL;expert_compute_ms=HOST_WALL;native_output_sync_wait_ms=HOST_WALL;shared_expert_ms=UNKNOWN;combine_ms=HOST_WALL;orchestration_ms=UNKNOWN;handoff_ms=UNKNOWN
21,31,1,0.020614,57.480597,,35.402537,,0.067802,0.418951,6.894184,,0.219566,,,route_d2h_host_wait_ms=HOST_WALL;native_call_wall_ms=HOST_WALL;source_wait_ms=UNKNOWN;fill_wait_ms=HOST_WALL;h2d_ms=UNKNOWN;decode_ms=HOST_WALL;expert_compute_ms=HOST_WALL;native_output_sync_wait_ms=HOST_WALL;shared_expert_ms=UNKNOWN;combine_ms=HOST_WALL;orchestration_ms=UNKNOWN;handoff_ms=UNKNOWN
21,32,1,0.021892,24.460468,,0.042570,,0.064886,0.398422,6.687025,,0.357668,,,route_d2h_host_wait_ms=HOST_WALL;native_call_wall_ms=HOST_WALL;source_wait_ms=UNKNOWN;fill_wait_ms=HOST_WALL;h2d_ms=UNKNOWN;decode_ms=HOST_WALL;expert_compute_ms=HOST_WALL;native_output_sync_wait_ms=HOST_WALL;shared_expert_ms=UNKNOWN;combine_ms=HOST_WALL;orchestration_ms=UNKNOWN;handoff_ms=UNKNOWN
21,33,1,0.021552,21.669928,,0.041739,,0.070215,0.442688,6.712530,,0.186469,,,route_d2h_host_wait_ms=HOST_WALL;native_call_wall_ms=HOST_WALL;source_wait_ms=UNKNOWN;fill_wait_ms=HOST_WALL;h2d_ms=UNKNOWN;decode_ms=HOST_WALL;expert_compute_ms=HOST_WALL;native_output_sync_wait_ms=HOST_WALL;shared_expert_ms=UNKNOWN;combine_ms=HOST_WALL;orchestration_ms=UNKNOWN;handoff_ms=UNKNOWN
21,34,1,0.022575,58.267530,,36.260668,,0.070824,0.421687,6.707022,,0.230808,,,route_d2h_host_wait_ms=HOST_WALL;native_call_wall_ms=HOST_WALL;source_wait_ms=UNKNOWN;fill_wait_ms=HOST_WALL;h2d_ms=UNKNOWN;decode_ms=HOST_WALL;expert_compute_ms=HOST_WALL;native_output_sync_wait_ms=HOST_WALL;shared_expert_ms=UNKNOWN;combine_ms=HOST_WALL;orchestration_ms=UNKNOWN;handoff_ms=UNKNOWN
21,35,1,0.022307,24.703762,,0.042268,,0.068525,0.420241,6.724827,,0.220441,,,route_d2h_host_wait_ms=HOST_WALL;native_call_wall_ms=HOST_WALL;source_wait_ms=UNKNOWN;fill_wait_ms=HOST_WALL;h2d_ms=UNKNOWN;decode_ms=HOST_WALL;expert_compute_ms=HOST_WALL;native_output_sync_wait_ms=HOST_WALL;shared_expert_ms=UNKNOWN;combine_ms=HOST_WALL;orchestration_ms=UNKNOWN;handoff_ms=UNKNOWN
21,36,1,0.022902,21.489453,,0.041694,,0.066103,0.402576,6.735136,,0.223791,,,route_d2h_host_wait_ms=HOST_WALL;native_call_wall_ms=HOST_WALL;source_wait_ms=UNKNOWN;fill_wait_ms=HOST_WALL;h2d_ms=UNKNOWN;decode_ms=HOST_WALL;expert_compute_ms=HOST_WALL;native_output_sync_wait_ms=HOST_WALL;shared_expert_ms=UNKNOWN;combine_ms=HOST_WALL;orchestration_ms=UNKNOWN;handoff_ms=UNKNOWN
21,37,1,0.022521,20.606471,,0.043006,,0.082599,0.388390,5.761885,,0.196938,,,route_d2h_host_wait_ms=HOST_WALL;native_call_wall_ms=HOST_WALL;source_wait_ms=UNKNOWN;fill_wait_ms=HOST_WALL;h2d_ms=UNKNOWN;decode_ms=HOST_WALL;expert_compute_ms=HOST_WALL;native_output_sync_wait_ms=HOST_WALL;shared_expert_ms=UNKNOWN;combine_ms=HOST_WALL;orchestration_ms=UNKNOWN;handoff_ms=UNKNOWN
21,38,1,0.020718,20.693340,,0.044005,,0.067266,0.389088,5.742888,,0.192826,,,route_d2h_host_wait_ms=HOST_WALL;native_call_wall_ms=HOST_WALL;source_wait_ms=UNKNOWN;fill_wait_ms=HOST_WALL;h2d_ms=UNKNOWN;decode_ms=HOST_WALL;expert_compute_ms=HOST_WALL;native_output_sync_wait_ms=HOST_WALL;shared_expert_ms=UNKNOWN;combine_ms=HOST_WALL;orchestration_ms=UNKNOWN;handoff_ms=UNKNOWN
21,39,1,0.023319,56.456718,,32.362960,,0.069637,0.415397,5.746961,,0.240307,,,route_d2h_host_wait_ms=HOST_WALL;native_call_wall_ms=HOST_WALL;source_wait_ms=UNKNOWN;fill_wait_ms=HOST_WALL;h2d_ms=UNKNOWN;decode_ms=HOST_WALL;expert_compute_ms=HOST_WALL;native_output_sync_wait_ms=HOST_WALL;shared_expert_ms=UNKNOWN;combine_ms=HOST_WALL;orchestration_ms=UNKNOWN;handoff_ms=UNKNOWN
21,40,1,0.023323,20.833011,,0.046358,,0.068554,0.409096,5.699864,,0.203507,,,route_d2h_host_wait_ms=HOST_WALL;native_call_wall_ms=HOST_WALL;source_wait_ms=UNKNOWN;fill_wait_ms=HOST_WALL;h2d_ms=UNKNOWN;decode_ms=HOST_WALL;expert_compute_ms=HOST_WALL;native_output_sync_wait_ms=HOST_WALL;shared_expert_ms=UNKNOWN;combine_ms=HOST_WALL;orchestration_ms=UNKNOWN;handoff_ms=UNKNOWN
21,41,1,0.037611,77.774895,,56.724688,,0.069179,0.593148,5.402459,,0.210141,,,route_d2h_host_wait_ms=HOST_WALL;native_call_wall_ms=HOST_WALL;source_wait_ms=UNKNOWN;fill_wait_ms=HOST_WALL;h2d_ms=UNKNOWN;decode_ms=HOST_WALL;expert_compute_ms=HOST_WALL;native_output_sync_wait_ms=HOST_WALL;shared_expert_ms=UNKNOWN;combine_ms=HOST_WALL;orchestration_ms=UNKNOWN;handoff_ms=UNKNOWN
21,42,1,0.022251,17.823957,,0.046782,,0.066194,0.420700,5.590231,,0.183605,,,route_d2h_host_wait_ms=HOST_WALL;native_call_wall_ms=HOST_WALL;source_wait_ms=UNKNOWN;fill_wait_ms=HOST_WALL;h2d_ms=UNKNOWN;decode_ms=HOST_WALL;expert_compute_ms=HOST_WALL;native_output_sync_wait_ms=HOST_WALL;shared_expert_ms=UNKNOWN;combine_ms=HOST_WALL;orchestration_ms=UNKNOWN;handoff_ms=UNKNOWN
