[{"stream_name":"stdout","time":1.300986207,"data":"[03:25:23] GPU_ALLOC n=2: GPU 0: Tesla T4 (UUID: GPU-e81f2938-0d97-94d9-3b38-302f10ce33e1) | GPU 1: Tesla T4 (UUID: GPU-186fb357-469b-0da9-54e6-af1cc28f31b6)\n"}
,{"stream_name":"stdout","time":1.620261609,"data":"[03:25:24] GPU compute caps [7.5, 7.5] OK for preinstalled torch\n"}
,{"stream_name":"stdout","time":1.832682629,"data":"[03:25:24] RESOURCES[startup] {\"/\": {\"total_gb\": 8062.4, \"free_gb\": 1026.8}, \"/tmp\": {\"total_gb\": 8062.4, \"free_gb\": 1026.8}, \"/kaggle/working\": {\"total_gb\": 19.5, \"free_gb\": 19.5}, \"ram_gb\": {\"MemTotal\": 31.3, \"MemAvailable\": 30.3}}\n"}
,{"stream_name":"stdout","time":2.050617122,"data":"[03:25:24] === clone + checkout ===\n"}
,{"stream_name":"stdout","time":2.2845987660000002,"data":"[03:25:24] + git clone --branch freebuff/deepseek-v4-flash-0731-t4 --single-branch https://github.com/so-nerdyy/dee.git /tmp/dsv4-native-src\n"}
,{"stream_name":"stderr","time":2.542536337,"data":"Cloning into '/tmp/dsv4-native-src'...\n"}
,{"stream_name":"stdout","time":18.168119947,"data":"[03:25:40] pinned commit e19c7e2d523c7bd8a65b31c51741f5395c3c3b49\n"}
,{"stream_name":"stdout","time":18.386790762,"data":"[03:25:40] [config] run_config.json: run_id=p2.3-fp4-repair-v46 cache_dtype=fp4 n_tokens=16 expert_store=safetensors dee4_validate_samples=12 profile_stages=False\n"}
,{"stream_name":"stdout","time":18.645487865,"data":"[03:25:41] [mem:prebuild] {'MemTotal': 31.3, 'MemAvailable': 30.2}\n"}
,{"stream_name":"stdout","time":18.866070122,"data":"[03:25:41] === build dee_core + FP4 regression tests (sm_60;sm_75, -j2) ===\n"}
,{"stream_name":"stdout","time":19.371253735,"data":"[03:25:41] + cmake -S /tmp/dsv4-native-src/dee.cpp -B /tmp/dsv4-native-src/dee.cpp/build-kaggle -DCMAKE_CUDA_ARCHITECTURES=60;75 -DDEE_CUDA=ON -DDEE_BUILD_TESTS=ON -DCMAKE_BUILD_TYPE=Release\n"}
,{"stream_name":"stdout","time":20.498283364,"data":"-- The CXX compiler identification is GNU 11.4.0\n"}
,{"stream_name":"stdout","time":20.527468754,"data":"-- Detecting CXX compiler ABI info\n"}
,{"stream_name":"stdout","time":20.660700164,"data":"-- Detecting CXX compiler ABI info - done\n"}
,{"stream_name":"stdout","time":20.683966297,"data":"-- Check for working CXX compiler: /usr/bin/c++ - skipped\n"}
,{"stream_name":"stdout","time":20.685446733,"data":"-- Detecting CXX compile features\n"}
,{"stream_name":"stdout","time":20.686817998,"data":"-- Detecting CXX compile features - done\n"}
,{"stream_name":"stdout","time":23.234122574,"data":"-- The CUDA compiler identification is NVIDIA 12.8.93 with host compiler GNU 11.4.0\n"}
,{"stream_name":"stdout","time":23.253795031,"data":"-- Detecting CUDA compiler ABI info\n"}
,{"stream_name":"stdout","time":24.929564344,"data":"-- Detecting CUDA compiler ABI info - done\n"}
,{"stream_name":"stdout","time":25.00430195,"data":"-- Check for working CUDA compiler: /usr/local/cuda/bin/nvcc - skipped\n"}
,{"stream_name":"stdout","time":25.380032582,"data":"-- Detecting CUDA compile features\n"}
,{"stream_name":"stdout","time":25.38077158,"data":"-- Detecting CUDA compile features - done\n"}
,{"stream_name":"stdout","time":25.402015571,"data":"-- Found CUDAToolkit: /usr/local/cuda/targets/x86_64-linux/include (found version \"12.8.93\")\n"}
,{"stream_name":"stdout","time":25.407250998,"data":"-- Performing Test CMAKE_HAVE_LIBC_PTHREAD\n"}
,{"stream_name":"stdout","time":25.53158331,"data":"-- Performing Test CMAKE_HAVE_LIBC_PTHREAD - Success\n"}
,{"stream_name":"stdout","time":25.533176416,"data":"-- Found Threads: TRUE\n"}
,{"stream_name":"stdout","time":25.651441974,"data":"-- Found ZLIB: /usr/lib/x86_64-linux-gnu/libz.so (found version \"1.2.11\")\n"}
,{"stream_name":"stdout","time":26.445916078,"data":"-- Found Python3: /usr/local/bin/python (found version \"3.12.13\") found components: Interpreter\n"}
,{"stream_name":"stdout","time":26.449522427,"data":"-- Configuring done (6.4s)\n"}
,{"stream_name":"stdout","time":26.543108645,"data":"-- Generating done (0.1s)\n"}
,{"stream_name":"stdout","time":26.543877383,"data":"-- Build files have been written to: /tmp/dsv4-native-src/dee.cpp/build-kaggle\n"}
,{"stream_name":"stdout","time":26.555169942,"data":"[03:25:49] + cmake --build /tmp/dsv4-native-src/dee.cpp/build-kaggle --target dee_core -j 2\n"}
,{"stream_name":"stdout","time":26.999442464,"data":"[  5%] Building CXX object CMakeFiles/dee_core.dir/src/dee.cpp.o\n"}
,{"stream_name":"stdout","time":26.999874206,"data":"[ 11%] Building CXX object CMakeFiles/dee_core.dir/src/json_min.cpp.o\n"}
,{"stream_name":"stdout","time":27.021402216,"data":"[ 17%] Building CXX object CMakeFiles/dee_core.dir/src/profiling.cpp.o\n"}
,{"stream_name":"stdout","time":28.016232791,"data":"[ 23%] Building CXX object CMakeFiles/dee_core.dir/src/weight_mmap.cpp.o\n"}
,{"stream_name":"stdout","time":29.040639062,"data":"[ 29%] Building CXX object CMakeFiles/dee_core.dir/src/expert_store.cpp.o\n"}
,{"stream_name":"stdout","time":30.744682979,"data":"[ 35%] Building CXX object CMakeFiles/dee_core.dir/src/vram_cache.cpp.o\n"}
,{"stream_name":"stdout","time":30.87721526,"data":"[ 41%] Building CXX object CMakeFiles/dee_core.dir/src/async_prefetcher.cpp.o\n"}
,{"stream_name":"stdout","time":33.019581107,"data":"[ 47%] Building CXX object CMakeFiles/dee_core.dir/src/host_pack_cache.cpp.o\n"}
,{"stream_name":"stdout","time":33.077937948,"data":"[ 52%] Building CXX object CMakeFiles/dee_core.dir/src/pt_loader.cpp.o\n"}
,{"stream_name":"stdout","time":33.520157585,"data":"[ 58%] Building CXX object CMakeFiles/dee_core.dir/src/oracle.cpp.o\n"}
,{"stream_name":"stderr","time":33.635423464,"data":"/tmp/dsv4-native-src/dee.cpp/src/pt_loader.cpp: In function ‘std::vector\u003clong int\u003e dee::oracle_tensor_shape(const string\u0026, int, int, int)’:\n"}
,{"stream_name":"stderr","time":33.635460683,"data":"/tmp/dsv4-native-src/dee.cpp/src/pt_loader.cpp:25:10: warning: unused variable ‘is_last’ [-Wunused-variable]\n"}
,{"stream_name":"stderr","time":33.635465971,"data":"   25 |     bool is_last  = local.find(\"net.4.\") != std::string::npos;\n"}
,{"stream_name":"stderr","time":33.635470281,"data":"      |          ^~~~~~~\n"}
,{"stream_name":"stderr","time":33.635474187,"data":"/tmp/dsv4-native-src/dee.cpp/src/pt_loader.cpp:21:86: warning: unused parameter ‘E’ [-Wunused-parameter]\n"}
,{"stream_name":"stderr","time":33.635478429,"data":"   21 | std::vector\u003cint64_t\u003e oracle_tensor_shape(const std::string\u0026 local, int D, int H, int E) {\n"}
,{"stream_name":"stderr","time":33.635482686,"data":"      |                                                                                  ~~~~^\n"}
,{"stream_name":"stdout","time":34.672853593,"data":"[ 64%] Building CXX object CMakeFiles/dee_core.dir/src/engine.cpp.o\n"}
,{"stream_name":"stdout","time":36.520611944,"data":"[ 70%] Building CXX object CMakeFiles/dee_core.dir/src/trace_alloc.cpp.o\n"}
,{"stream_name":"stdout","time":37.845858216,"data":"[ 76%] Building CUDA object CMakeFiles/dee_core.dir/src/cuda_convert.cu.o\n"}
,{"stream_name":"stderr","time":37.849849528,"data":"nvcc warning : Support for offline compilation for architectures prior to '\u003ccompute/sm/lto\u003e_75' will be removed in a future release (Use -Wno-deprecated-gpu-targets to suppress warning).\n"}
,{"stream_name":"stderr","time":42.275150597,"data":"/tmp/tmpxft_0000011f_00000000-6_cuda_convert.compute_75.cudafe1.cpp:1:3: warning: style of line directive is a GCC extension\n"}
,{"stream_name":"stderr","time":42.275222703,"data":"    1 | # 1 \"/tmp/dsv4-native-src/dee.cpp/src/cuda_convert.cu\"\n"}
,{"stream_name":"stderr","time":42.275229178000004,"data":"      |   ^\n"}
,{"stream_name":"stderr","time":42.275233196,"data":"/tmp/dsv4-native-src/dee.cpp/src/cuda_convert.cu:2:3: warning: style of line directive is a GCC extension\n"}
,{"stream_name":"stderr","time":42.275243758,"data":"    2 | \n"}
,{"stream_name":"stderr","time":42.275247146,"data":"      |   ^\n"}
,{"stream_name":"stderr","time":42.275249747,"data":"/tmp/dsv4-native-src/dee.cpp/src/cuda_convert.cu:2:3: warning: style of line directive is a GCC extension\n"}
,{"stream_name":"stderr","time":42.275252421,"data":"    2 | \n"}
,{"stream_name":"stderr","time":42.275254879,"data":"      |   ^\n"}
,{"stream_name":"stderr","time":42.275257436,"data":"/tmp/dsv4-native-src/dee.cpp/src/cuda_convert.cu:2:3: warning: style of line directive is a GCC extension\n"}
,{"stream_name":"stderr","time":42.27526013,"data":"    2 | \n"}
,{"stream_name":"stderr","time":42.27526259,"data":"      |   ^\n"}
,{"stream_name":"stderr","time":42.275265189,"data":"/tmp/dsv4-native-src/dee.cpp/src/cuda_convert.cu:2:3: warning: style of line directive is a GCC extension\n"}
,{"stream_name":"stderr","time":42.27528445,"data":"    2 | \n"}
,{"stream_name":"stderr","time":42.275289299,"data":"      |   ^\n"}
,{"stream_name":"stderr","time":42.275293938,"data":"/tmp/dsv4-native-src/dee.cpp/src/cuda_convert.cu:2:3: warning: style of line directive is a GCC extension\n"}
,{"stream_name":"stderr","time":42.275298223,"data":"    2 | \n"}
,{"stream_name":"stderr","time":42.275302776,"data":"      |   ^\n"}
,{"stream_name":"stderr","time":42.275307018,"data":"/tmp/dsv4-native-src/dee.cpp/src/cuda_convert.cu:2:3: warning: style of line directive is a GCC extension\n"}
,{"stream_name":"stderr","time":42.27531152,"data":"    2 | \n"}
,{"stream_name":"stderr","time":42.275315156,"data":"      |   ^\n"}
,{"stream_name":"stderr","time":42.275319046,"data":"/tmp/dsv4-native-src/dee.cpp/src/cuda_convert.cu:3:3: warning: style of line directive is a GCC extension\n"}
,{"stream_name":"stderr","time":42.275323007,"data":"    3 | #include \"dee/cuda_check.h\"\n"}
,{"stream_name":"stderr","time":42.275326897,"data":"      |   ^\n"}
,{"stream_name":"stderr","time":42.275342889,"data":"/tmp/dsv4-native-src/dee.cpp/src/cuda_convert.cu:7:3: warning: style of line directive is a GCC extension\n"}
,{"stream_name":"stderr","time":42.275347222,"data":"    7 | #include \u003climits\u003e\n"}
,{"stream_name":"stderr","time":42.275351522,"data":"      |   ^\n"}
,{"stream_name":"stderr","time":42.275357036,"data":"/tmp/dsv4-native-src/dee.cpp/src/cuda_convert.cu:1:3: warning: style of line directive is a GCC extension\n"}
,{"stream_name":"stderr","time":42.275364461,"data":"    1 | #include \"dee/cuda_convert.h\"\n"}
,{"stream_name":"stderr","time":42.275367144,"data":"      |   ^~\n"}
,{"stream_name":"stderr","time":42.345772842,"data":"/tmp/dsv4-native-src/dee.cpp/include/dee/profiling.h:13:3: warning: style of line directive is a GCC extension\n"}
,{"stream_name":"stderr","time":42.345810824,"data":"   13 | \n"}
,{"stream_name":"stderr","time":42.345815917,"data":"      |   ^ \n"}
,{"stream_name":"stderr","time":42.345819731,"data":"/tmp/dsv4-native-src/dee.cpp/include/dee/profiling.h:15:3: warning: style of line directive is a GCC extension\n"}
,{"stream_name":"stderr","time":42.345823823,"data":"   15 |     Oracle,\n"}
,{"stream_name":"stderr","time":42.345827847,"data":"      |   ^ \n"}
,{"stream_name":"stderr","time":42.345831735,"data":"/tmp/dsv4-native-src/dee.cpp/include/dee/profiling.h:16:3: warning: style of line directive is a GCC extension\n"}
,{"stream_name":"stderr","time":42.345853299,"data":"   16 |     TensorResolution,\n"}
,{"stream_name":"stderr","time":42.345857816,"data":"      |   ^ \n"}
,{"stream_name":"stderr","time":42.345861181,"data":"/tmp/dsv4-native-src/dee.cpp/include/dee/profiling.h:17:3: warning: style of line directive is a GCC extension\n"}
,{"stream_name":"stderr","time":42.345865049,"data":"   17 |     CacheLookup,\n"}
,{"stream_name":"stderr","time":42.345868674,"data":"      |   ^ \n"}
,{"stream_name":"stderr","time":42.345872349,"data":"/tmp/dsv4-native-src/dee.cpp/include/dee/profiling.h:18:3: warning: style of line directive is a GCC extension\n"}
,{"stream_name":"stderr","time":42.345876688,"data":"   18 |     CacheHitPinning,\n"}
,{"stream_name":"stderr","time":42.345880714,"data":"      |   ^ \n"}
,{"stream_name":"stderr","time":42.345884636,"data":"/tmp/dsv4-native-src/dee.cpp/include/dee/profiling.h:19:3: warning: style of line directive is a GCC extension\n"}
,{"stream_name":"stderr","time":42.345889449,"data":"   19 |     EvictionSelection,\n"}
,{"stream_name":"stderr","time":42.345893142,"data":"      |   ^ \n"}
,{"stream_name":"stderr","time":42.345897758,"data":"/tmp/dsv4-native-src/dee.cpp/include/dee/profiling.h:20:3: warning: style of line directive is a GCC extension\n"}
,{"stream_name":"stderr","time":42.345902333,"data":"   20 |     Pinning,\n"}
,{"stream_name":"stderr","time":42.345906215,"data":"      |   ^ \n"}
,{"stream_name":"stderr","time":42.345909767,"data":"/tmp/dsv4-native-src/dee.cpp/include/dee/profiling.h:21:3: warning: style of line directive is a GCC extension\n"}
,{"stream_name":"stderr","time":42.345913846,"data":"   21 |     HostTensorPreparation,\n"}
,{"stream_name":"stderr","time":42.345917541,"data":"      |   ^ \n"}
,{"stream_name":"stderr","time":42.345921383,"data":"/tmp/dsv4-native-src/dee.cpp/include/dee/profiling.h:22:3: warning: style of line directive is a GCC extension\n"}
,{"stream_name":"stderr","time":42.345926227,"data":"   22 |     MmapToPinned,\n"}
,{"stream_name":"stderr","time":42.345936684,"data":"      |   ^ \n"}
,{"stream_name":"stderr","time":42.345940301,"data":"/tmp/dsv4-native-src/dee.cpp/include/dee/profiling.h:23:3: warning: style of line directive is a GCC extension\n"}
,{"stream_name":"stderr","time":42.345944705,"data":"   23 |     TransferSubmission,\n"}
,{"stream_name":"stderr","time":42.345948431,"data":"      |   ^ \n"}
,{"stream_name":"stderr","time":42.345951998,"data":"/tmp/dsv4-native-src/dee.cpp/include/dee/profiling.h:24:3: warning: style of line directive is a GCC extension\n"}
,{"stream_name":"stderr","time":42.345955876,"data":"   24 |     BatchConstruction,\n"}
,{"stream_name":"stderr","time":42.345959896,"data":"      |   ^ \n"}
,{"stream_name":"stderr","time":42.345963506,"data":"/tmp/dsv4-native-src/dee.cpp/include/dee/profiling.h:25:3: warning: style of line directive is a GCC extension\n"}
,{"stream_name":"stderr","time":42.345967602,"data":"   25 |     HostWaiting,\n"}
,{"stream_name":"stderr","time":42.345971172,"data":"      |   ^ \n"}
,{"stream_name":"stderr","time":42.345975088,"data":"/tmp/dsv4-native-src/dee.cpp/include/dee/profiling.h:26:3: warning: style of line directive is a GCC extension\n"}
,{"stream_name":"stderr","time":42.345979113,"data":"   26 |     Synchronization,\n"}
,{"stream_name":"stderr","time":42.345982782,"data":"      |   ^ \n"}
,{"stream_name":"stderr","time":42.345988253,"data":"/tmp/dsv4-native-src/dee.cpp/include/dee/profiling.h:27:3: warning: style of line directive is a GCC extension\n"}
,{"stream_name":"stderr","time":42.345996278,"data":"   27 |     MiscEngine,\n"}
,{"stream_name":"stderr","time":42.346000088,"data":"      |   ^ \n"}
,{"stream_name":"stderr","time":42.346003677,"data":"/tmp/dsv4-native-src/dee.cpp/include/dee/profiling.h:28:3: warning: style of line directive is a GCC extension\n"}
,{"stream_name":"stderr","time":42.346007961,"data":"   28 |     Count\n"}
,{"stream_name":"stderr","time":42.346011476,"data":"      |   ^ \n"}
,{"stream_name":"stderr","time":42.346015081,"data":"/tmp/dsv4-native-src/dee.cpp/include/dee/profiling.h:29:3: warning: style of line directive is a GCC extension\n"}
,{"stream_name":"stderr","time":42.346018953,"data":"   29 | };\n"}
,{"stream_name":"stderr","time":42.346022818,"data":"      |   ^ \n"}
,{"stream_name":"stderr","time":42.346026955,"data":"/tmp/dsv4-native-src/dee.cpp/include/dee/profiling.h:30:3: warning: style of line directive is a GCC extension\n"}
,{"stream_name":"stderr","time":42.346041763,"data":"   30 | \n"}
,{"stream_name":"stderr","time":42.346046085,"data":"      |   ^ \n"}
,{"stream_name":"stderr","time":42.346050187,"data":"/tmp/dsv4-native-src/dee.cpp/include/dee/profiling.h:32:3: warning: style of line directive is a GCC extension\n"}
,{"stream_name":"stderr","time":42.346054106,"data":"   32 |     H2D,\n"}
,{"stream_name":"stderr","time":42.346057649,"data":"      |   ^ \n"}
,{"stream_name":"stderr","time":42.346061195,"data":"/tmp/dsv4-native-src/dee.cpp/include/dee/profiling.h:33:3: warning: style of line directive is a GCC extension\n"}
,{"stream_name":"stderr","time":42.346065139,"data":"   33 |     WeightConversion,\n"}
,{"stream_name":"stderr","time":42.346068792,"data":"      |   ^ \n"}
,{"stream_name":"stderr","time":42.346072608,"data":"/tmp/dsv4-native-src/dee.cpp/include/dee/profiling.h:34:3: warning: style of line directive is a GCC extension\n"}
,{"stream_name":"stderr","time":42.346077179,"data":"   34 |     GateProjection,\n"}
,{"stream_name":"stderr","time":42.346081221,"data":"      |   ^ \n"}
,{"stream_name":"stderr","time":42.346091505,"data":"/tmp/dsv4-native-src/dee.cpp/include/dee/profiling.h:35:3: warning: style of line directive is a GCC extension\n"}
,{"stream_name":"stderr","time":42.346099149,"data":"   35 |     UpProjection,\n"}
,{"stream_name":"stderr","time":42.3461034,"data":"      |   ^ \n"}
,{"stream_name":"stderr","time":42.346107389,"data":"/tmp/dsv4-native-src/dee.cpp/include/dee/profiling.h:36:3: warning: style of line directive is a GCC extension\n"}
,{"stream_name":"stderr","time":42.346110935,"data":"   36 |     SiluMultiply,\n"}
,{"stream_name":"stderr","time":42.346114453,"data":"      |   ^ \n"}
,{"stream_name":"stderr","time":42.346118093,"data":"/tmp/dsv4-native-src/dee.cpp/include/dee/profiling.h:37:3: warning: style of line directive is a GCC extension\n"}
,{"stream_name":"stderr","time":42.346121965,"data":"   37 |     DownProjection,\n"}
,{"stream_name":"stderr","time":42.346125886,"data":"      |   ^ \n"}
,{"stream_name":"stderr","time":42.346130218,"data":"/tmp/dsv4-native-src/dee.cpp/include/dee/profiling.h:38:3: warning: style of line directive is a GCC extension\n"}
,{"stream_name":"stderr","time":42.346134155,"data":"   38 |     Combine,\n"}
,{"stream_name":"stderr","time":42.346137843,"data":"      |   ^ \n"}
,{"stream_name":"stderr","time":42.34614154,"data":"/tmp/dsv4-native-src/dee.cpp/include/dee/profiling.h:39:3: warning: style of line directive is a GCC extension\n"}
,{"stream_name":"stderr","time":42.346145613,"data":"   39 |     StreamWait,\n"}
,{"stream_name":"stderr","time":42.346149563,"data":"      |   ^ \n"}
,{"stream_name":"stderr","time":42.346157549,"data":"/tmp/dsv4-native-src/dee.cpp/include/dee/profiling.h:40:3: warning: style of line directive is a GCC extension\n"}
,{"stream_name":"stderr","time":42.346161659,"data":"   40 |     ActivationH2D,\n"}
,{"stream_name":"stderr","time":42.346165808,"data":"      |   ^ \n"}
,{"stream_name":"stderr","time":42.346170761,"data":"/tmp/dsv4-native-src/dee.cpp/include/dee/profiling.h:41:3: warning: style of line directive is a GCC extension\n"}
,{"stream_name":"stderr","time":42.346174784,"data":"   41 |     ActivationConversion,\n"}
,{"stream_name":"stderr","time":42.346178477,"data":"      |   ^ \n"}
,{"stream_name":"stderr","time":42.346183839,"data":"/tmp/dsv4-native-src/dee.cpp/include/dee/profiling.h:42:3: warning: style of line directive is a GCC extension\n"}
,{"stream_name":"stderr","time":42.346188101,"data":"   42 |     D2H,\n"}
,{"stream_name":"stderr","time":42.346191644,"data":"      |   ^ \n"}
,{"stream_name":"stderr","time":42.346195735,"data":"/tmp/dsv4-native-src/dee.cpp/include/dee/profiling.h:43:3: warning: style of line directive is a GCC extension\n"}
,{"stream_name":"stderr","time":42.346199752,"data":"   43 |     D2DGather,\n"}
,{"stream_name":"stderr","time":42.346203349,"data":"      |   ^ \n"}
,{"stream_name":"stderr","time":42.346208178,"data":"/tmp/dsv4-native-src/dee.cpp/include/dee/profiling.h:44:3: warning: style of line directive is a GCC extension\n"}
,{"stream_name":"stderr","time":42.346212535,"data":"   44 |     D2DScatter,\n"}
,{"stream_name":"stderr","time":42.346216127,"data":"      |   ^ \n"}
,{"stream_name":"stderr","time":42.346219919,"data":"/tmp/dsv4-native-src/dee.cpp/include/dee/profiling.h:45:3: warning: style of line directive is a GCC extension\n"}
,{"stream_name":"stderr","time":42.346223813,"data":"   45 |     Count\n"}
,{"stream_name":"stderr","time":42.346227423,"data":"      |   ^ \n"}
,{"stream_name":"stderr","time":42.346232675,"data":"/tmp/dsv4-native-src/dee.cpp/include/dee/profiling.h:46:3: warning: style of line directive is a GCC extension\n"}
,{"stream_name":"stderr","time":42.346237587,"data":"   46 | };\n"}
,{"stream_name":"stderr","time":42.346241223,"data":"      |   ^ \n"}
,{"stream_name":"stderr","time":42.346245573,"data":"/tmp/dsv4-native-src/dee.cpp/include/dee/profiling.h:47:3: warning: style of line directive is a GCC extension\n"}
,{"stream_name":"stderr","time":42.346250071,"data":"   47 | \n"}
,{"stream_name":"stderr","time":42.346254017,"data":"      |   ^ \n"}
,{"stream_name":"stderr","time":42.346279285,"data":"/tmp/dsv4-native-src/dee.cpp/include/dee/profiling.h:49:3: warning: style of line directive is a GCC extension\n"}
,{"stream_name":"stderr","time":42.346298849,"data":"   49 | \n"}
,{"stream_name":"stderr","time":42.346303239,"data":"      |   ^ \n"}
,{"stream_name":"stderr","time":42.346335923,"data":"/tmp/dsv4-native-src/dee.cpp/include/dee/profiling.h:51:3: warning: style of line directive is a GCC extension\n"}
,{"stream_name":"stderr","time":42.346344071,"data":"   51 |     CacheReadiness,\n"}
,{"stream_name":"stderr","time":42.346348142,"data":"      |   ^ \n"}
,{"stream_name":"stderr","time":42.346352173,"data":"/tmp/dsv4-native-src/dee.cpp/include/dee/profiling.h:52:3: warning: style of line directive is a GCC extension\n"}
,{"stream_name":"stderr","time":42.346356663,"data":"   52 |     StagingSlot,\n"}
,{"stream_name":"stderr","time":42.346360936,"data":"      |   ^ \n"}
,{"stream_name":"stderr","time":42.346371964,"data":"/tmp/dsv4-native-src/dee.cpp/include/dee/profiling.h:53:3: warning: style of line directive is a GCC extension\n"}
,{"stream_name":"stderr","time":42.346394936,"data":"   53 |     ComputeBatch,\n"}
,{"stream_name":"stderr","time":42.346399019,"data":"      |   ^ \n"}
,{"stream_name":"stderr","time":42.346436949,"data":"/tmp/dsv4-native-src/dee.cpp/include/dee/profiling.h:54:3: warning: style of line directive is a GCC extension\n"}
,{"stream_name":"stderr","time":42.346441333,"data":"   54 |     LayerOutput,\n"}
,{"stream_name":"stderr","time":42.346444899,"data":"      |   ^ \n"}
,{"stream_name":"stderr","time":42.346448287,"data":"/tmp/dsv4-native-src/dee.cpp/include/dee/profiling.h:55:3: warning: style of line directive is a GCC extension\n"}
,{"stream_name":"stderr","time":42.346452051,"data":"   55 |     PrefetchDrain,\n"}
,{"stream_name":"stderr","time":42.34645541,"data":"      |   ^ \n"}
,{"stream_name":"stderr","time":42.346462429,"data":"/tmp/dsv4-native-src/dee.cpp/include/dee/profiling.h:56:3: warning: style of line directive is a GCC extension\n"}
,{"stream_name":"stderr","time":42.346466745,"data":"   56 |     EngineTeardown,\n"}
,{"stream_name":"stderr","time":42.346470431,"data":"      |   ^ \n"}
,{"stream_name":"stderr","time":42.3464947,"data":"/tmp/dsv4-native-src/dee.cpp/include/dee/profiling.h:57:3: warning: style of line directive is a GCC extension\n"}
,{"stream_name":"stderr","time":42.346502517,"data":"   57 |     Count\n"}
,{"stream_name":"stderr","time":42.34650735,"data":"      |   ^ \n"}
,{"stream_name":"stderr","time":42.346550925,"data":"/tmp/dsv4-native-src/dee.cpp/include/dee/profiling.h:58:3: warning: style of line directive is a GCC extension\n"}
,{"stream_name":"stderr","time":42.346556629,"data":"   58 | };\n"}
,{"stream_name":"stderr","time":42.346560409,"data":"      |   ^ \n"}
,{"stream_name":"stderr","time":42.346668315,"data":"/tmp/dsv4-native-src/dee.cpp/include/dee/profiling.h:59:3: warning: style of line directive is a GCC extension\n"}
,{"stream_name":"stderr","time":42.346674757,"data":"   59 | \n"}
,{"stream_name":"stderr","time":42.346678869,"data":"      |   ^ \n"}
,{"stream_name":"stderr","time":42.346682751,"data":"/tmp/dsv4-native-src/dee.cpp/include/dee/profiling.h:61:3: warning: style of line directive is a GCC extension\n"}
,{"stream_name":"stderr","time":42.346687005,"data":"   61 |     HostScheduling,\n"}
,{"stream_name":"stderr","time":42.346690607,"data":"      |   ^ \n"}
,{"stream_name":"stderr","time":42.346694123,"data":"/tmp/dsv4-native-src/dee.cpp/include/dee/profiling.h:62:3: warning: style of line directive is a GCC extension\n"}
,{"stream_name":"stderr","time":42.346698326,"data":"   62 |     OracleOutput,\n"}
,{"stream_name":"stderr","time":42.346702492,"data":"      |   ^ \n"}
,{"stream_name":"stderr","time":42.346733445,"data":"/tmp/dsv4-native-src/dee.cpp/include/dee/profiling.h:63:3: warning: style of line directive is a GCC extension\n"}
,{"stream_name":"stderr","time":42.346751928,"data":"   63 |     TensorResolution,\n"}
,{"stream_name":"stderr","time":42.346756163,"data":"      |   ^ \n"}
,{"stream_name":"stderr","time":42.346766797,"data":"/tmp/dsv4-native-src/dee.cpp/include/dee/profiling.h:64:3: warning: style of line directive is a GCC extension\n"}
,{"stream_name":"stderr","time":42.346771216,"data":"   64 |     CacheLookup,\n"}
,{"stream_name":"stderr","time":42.346775064,"data":"      |   ^ \n"}
,{"stream_name":"stderr","time":42.346778601,"data":"/tmp/dsv4-native-src/dee.cpp/include/dee/profiling.h:65:3: warning: style of line directive is a GCC extension\n"}
,{"stream_name":"stderr","time":42.346782974999996,"data":"   65 |     EvictionEligibility,\n"}
,{"stream_name":"stderr","time":42.346787067,"data":"      |   ^ \n"}
,{"stream_name":"stderr","time":42.34680809,"data":"/tmp/dsv4-native-src/dee.cpp/include/dee/profiling.h:66:3: warning: style of line directive is a GCC extension\n"}
,{"stream_name":"stderr","time":42.346814179,"data":"   66 |     FirstTouchQuantization,\n"}
,{"stream_name":"stderr","time":42.34681792,"data":"      |   ^ \n"}
,{"stream_name":"stderr","time":42.346821790999996,"data":"/tmp/dsv4-native-src/dee.cpp/include/dee/profiling.h:67:3: warning: style of line directive is a GCC extension\n"}
,{"stream_name":"stderr","time":42.346825915,"data":"   67 |     TransferSubmit,\n"}
,{"stream_name":"stderr","time":42.346829568,"data":"      |   ^ \n"}
,{"stream_name":"stderr","time":42.346833496,"data":"/tmp/dsv4-native-src/dee.cpp/include/dee/profiling.h:68:3: warning: style of line directive is a GCC extension\n"}
,{"stream_name":"stderr","time":42.346838035,"data":"   68 |     CublasDispatch,\n"}
,{"stream_name":"stderr","time":42.346841752,"data":"      |   ^ \n"}
,{"stream_name":"stderr","time":42.346853104,"data":"/tmp/dsv4-native-src/dee.cpp/include/dee/profiling.h:69:3: warning: style of line directive is a GCC extension\n"}
,{"stream_name":"stderr","time":42.346857697,"data":"   69 |     ConsumerWait,\n"}
,{"stream_name":"stderr","time":42.346862242,"data":"      |   ^ \n"}
,{"stream_name":"stderr","time":42.346866221,"data":"/tmp/dsv4-native-src/dee.cpp/include/dee/profiling.h:70:3: warning: style of line directive is a GCC extension\n"}
,{"stream_name":"stderr","time":42.346870313,"data":"   70 |     StagingSlotWait,\n"}
,{"stream_name":"stderr","time":42.346873968,"data":"      |   ^ \n"}
,{"stream_name":"stderr","time":42.346886123,"data":"/tmp/dsv4-native-src/dee.cpp/include/dee/profiling.h:71:3: warning: style of line directive is a GCC extension\n"}
,{"stream_name":"stderr","time":42.346890599,"data":"   71 |     ComputeBatchWait,\n"}
,{"stream_name":"stderr","time":42.346894339,"data":"      |   ^ \n"}
,{"stream_name":"stderr","time":42.346905373,"data":"/tmp/dsv4-native-src/dee.cpp/include/dee/profiling.h:72:3: warning: style of line directive is a GCC extension\n"}
,{"stream_name":"stderr","time":42.346910351,"data":"   72 |     LayerOutputWait,\n"}
,{"stream_name":"stderr","time":42.346914365,"data":"      |   ^ \n"}
,{"stream_name":"stderr","time":42.346925823,"data":"/tmp/dsv4-native-src/dee.cpp/include/dee/profiling.h:73:3: warning: style of line directive is a GCC extension\n"}
,{"stream_name":"stderr","time":42.346934812,"data":"   73 |     PrefetchDrain,\n"}
,{"stream_name":"stderr","time":42.346938751,"data":"      |   ^ \n"}
,{"stream_name":"stderr","time":42.346949577,"data":"/tmp/dsv4-native-src/dee.cpp/include/dee/profiling.h:74:3: warning: style of line directive is a GCC extension\n"}
,{"stream_name":"stderr","time":42.346954154,"data":"   74 |     IntentionalNoWork\n"}
,{"stream_name":"stderr","time":42.34695843,"data":"      |   ^ \n"}
,{"stream_name":"stderr","time":42.347006877,"data":"/tmp/dsv4-native-src/dee.cpp/include/dee/profiling.h:75:3: warning: style of line directive is a GCC extension\n"}
,{"stream_name":"stderr","time":42.347012971,"data":"   75 | };\n"}
,{"stream_name":"stderr","time":42.347016696,"data":"      |   ^ \n"}
,{"stream_name":"stderr","time":42.347020581,"data":"/tmp/dsv4-native-src/dee.cpp/include/dee/profiling.h:76:3: warning: style of line directive is a GCC extension\n"}
,{"stream_name":"stderr","time":42.347025673,"data":"   76 | \n"}
,{"stream_name":"stderr","time":42.347037791,"data":"      |   ^ \n"}
,{"stream_name":"stderr","time":42.347050394,"data":"/tmp/dsv4-native-src/dee.cpp/include/dee/profiling.h:78:3: warning: style of line directive is a GCC extension\n"}
,{"stream_name":"stderr","time":42.347060137,"data":"   78 |     WaitingOracleOutput,\n"}
,{"stream_name":"stderr","time":42.347064795,"data":"      |   ^ \n"}
,{"stream_name":"stderr","time":42.347152307,"data":"/tmp/dsv4-native-src/dee.cpp/include/dee/profiling.h:79:3: warning: style of line directive is a GCC extension\n"}
,{"stream_name":"stderr","time":42.347160865,"data":"   79 |     WaitingHostScheduling,\n"}
,{"stream_name":"stderr","time":42.347165501,"data":"      |   ^ \n"}
,{"stream_name":"stderr","time":42.34720846,"data":"/tmp/dsv4-native-src/dee.cpp/include/dee/profiling.h:80:3: warning: style of line directive is a GCC extension\n"}
,{"stream_name":"stderr","time":42.347213713,"data":"   80 |     WaitingFirstTouchQuantization,\n"}
,{"stream_name":"stderr","time":42.347217713,"data":"      |   ^ \n"}
,{"stream_name":"stderr","time":42.347221666,"data":"/tmp/dsv4-native-src/dee.cpp/include/dee/profiling.h:81:3: warning: style of line directive is a GCC extension\n"}
,{"stream_name":"stderr","time":42.34722605,"data":"   81 |     WaitingCacheLookup,\n"}
,{"stream_name":"stderr","time":42.347229862,"data":"      |   ^ \n"}
,{"stream_name":"stderr","time":42.347236327,"data":"/tmp/dsv4-native-src/dee.cpp/include/dee/profiling.h:82:3: warning: style of line directive is a GCC extension\n"}
,{"stream_name":"stderr","time":42.34724043,"data":"   82 |     WaitingEvictionEligibility,\n"}
,{"stream_name":"stderr","time":42.347244465,"data":"      |   ^ \n"}
,{"stream_name":"stderr","time":42.347296162,"data":"/tmp/dsv4-native-src/dee.cpp/include/dee/profiling.h:83:3: warning: style of line directive is a GCC extension\n"}
,{"stream_name":"stderr","time":42.347309363,"data":"   83 |     WaitingCacheEntryReadiness,\n"}
,{"stream_name":"stderr","time":42.347313532,"data":"      |   ^ \n"}
,{"stream_name":"stderr","time":42.347317193,"data":"/tmp/dsv4-native-src/dee.cpp/include/dee/profiling.h:84:3: warning: style of line directive is a GCC extension\n"}
,{"stream_name":"stderr","time":42.347321266,"data":"   84 |     WaitingLayerDependency,\n"}
,{"stream_name":"stderr","time":42.347325375,"data":"      |   ^ \n"}
,{"stream_name":"stderr","time":42.347329037,"data":"/tmp/dsv4-native-src/dee.cpp/include/dee/profiling.h:85:3: warning: style of line directive is a GCC extension\n"}
,{"stream_name":"stderr","time":42.347333235,"data":"   85 |     WaitingTransferSubmission,\n"}
,{"stream_name":"stderr","time":42.347337105,"data":"      |   ^ \n"}
,{"stream_name":"stderr","time":42.347409618,"data":"/tmp/dsv4-native-src/dee.cpp/include/dee/profiling.h:86:3: warning: style of line directive is a GCC extension\n"}
,{"stream_name":"stderr","time":42.347416224,"data":"   86 |     WaitingCublasDispatch,\n"}
,{"stream_name":"stderr","time":42.347420099,"data":"      |   ^ \n"}
,{"stream_name":"stderr","time":42.347452428,"data":"/tmp/dsv4-native-src/dee.cpp/include/dee/profiling.h:87:3: warning: style of line directive is a GCC extension\n"}
,{"stream_name":"stderr","time":42.347456885,"data":"   87 |     WaitingStreamEventSynchronization,\n"}
,{"stream_name":"stderr","time":42.347460718,"data":"      |   ^ \n"}
,{"stream_name":"stderr","time":42.347464611,"data":"/tmp/dsv4-native-src/dee.cpp/include/dee/profiling.h:88:3: warning: style of line directive is a GCC extension\n"}
,{"stream_name":"stderr","time":42.34746874,"data":"   88 |     IntentionalNoWork,\n"}
,{"stream_name":"stderr","time":42.347472458,"data":"      |   ^ \n"}
,{"stream_name":"stderr","time":42.347476142,"data":"/tmp/dsv4-native-src/dee.cpp/include/dee/profiling.h:89:3: warning: style of line directive is a GCC extension\n"}
,{"stream_name":"stderr","time":42.347507701,"data":"   89 |     Unknown,\n"}
,{"stream_name":"stderr","time":42.347511814,"data":"      |   ^ \n"}
,{"stream_name":"stderr","time":42.347515427,"data":"/tmp/dsv4-native-src/dee.cpp/include/dee/profiling.h:90:3: warning: style of line directive is a GCC extension\n"}
,{"stream_name":"stderr","time":42.347519369,"data":"   90 |     Count\n"}
,{"stream_name":"stderr","time":42.347523536,"data":"      |   ^ \n"}
,{"stream_name":"stderr","time":42.347527165,"data":"/tmp/dsv4-native-src/dee.cpp/include/dee/profiling.h:91:3: warning: style of line directive is a GCC extension\n"}
,{"stream_name":"stderr","time":42.347531205,"data":"   91 | };\n"}
,{"stream_name":"stderr","time":42.347534916,"data":"      |   ^ \n"}
,{"stream_name":"stderr","time":42.347539677,"data":"/tmp/dsv4-native-src/dee.cpp/include/dee/profiling.h:92:3: warning: style of line directive is a GCC extension\n"}
,{"stream_name":"stderr","time":42.347543716,"data":"   92 | \n"}
,{"stream_name":"stderr","time":42.347554777,"data":"      |   ^ \n"}
,{"stream_name":"stderr","time":42.347558491,"data":"/tmp/dsv4-native-src/dee.cpp/include/dee/profiling.h:94:3: warning: style of line directive is a GCC extension\n"}
,{"stream_name":"stderr","time":42.347562555,"data":"   94 |     CopyNotSubmitted,\n"}
,{"stream_name":"stderr","time":42.347566189,"data":"      |   ^ \n"}
,{"stream_name":"stderr","time":42.347569757,"data":"/tmp/dsv4-native-src/dee.cpp/include/dee/profiling.h:95:3: warning: style of line directive is a GCC extension\n"}
,{"stream_name":"stderr","time":42.347573229,"data":"   95 |     CopyInFlight,\n"}
,{"stream_name":"stderr","time":42.347576724,"data":"      |   ^ \n"}
,{"stream_name":"stderr","time":42.347581363,"data":"/tmp/dsv4-native-src/dee.cpp/include/dee/profiling.h:96:3: warning: style of line directive is a GCC extension\n"}
,{"stream_name":"stderr","time":42.347588079,"data":"   96 |     DequantizationInFlight,\n"}
,{"stream_name":"stderr","time":42.347591833,"data":"      |   ^ \n"}
,{"stream_name":"stderr","time":42.347595901,"data":"/tmp/dsv4-native-src/dee.cpp/include/dee/profiling.h:97:3: warning: style of line directive is a GCC extension\n"}
,{"stream_name":"stderr","time":42.347599959,"data":"   97 |     CachePinConflict,\n"}
,{"stream_name":"stderr","time":42.347603618,"data":"      |   ^ \n"}
,{"stream_name":"stderr","time":42.34762525,"data":"/tmp/dsv4-native-src/dee.cpp/include/dee/profiling.h:98:3: warning: style of line directive is a GCC extension\n"}
,{"stream_name":"stderr","time":42.347635648,"data":"   98 |     EvictionDependency,\n"}
,{"stream_name":"stderr","time":42.347639952,"data":"      |   ^ \n"}
,{"stream_name":"stderr","time":42.347680044,"data":"/tmp/dsv4-native-src/dee.cpp/include/dee/profiling.h:99:3: warning: style of line directive is a GCC extension\n"}
,{"stream_name":"stderr","time":42.347685608,"data":"   99 |     ConsumerReachedEntryTooEarly,\n"}
,{"stream_name":"stderr","time":42.347689507,"data":"      |   ^ \n"}
,{"stream_name":"stderr","time":42.347693169,"data":"/tmp/dsv4-native-src/dee.cpp/include/dee/profiling.h:100:3: warning: style of line directive is a GCC extension\n"}
,{"stream_name":"stderr","time":42.347697266,"data":"  100 |     Count\n"}
,{"stream_name":"stderr","time":42.347700883,"data":"      |   ^ ~\n"}
,{"stream_name":"stderr","time":42.347704534,"data":"/tmp/dsv4-native-src/dee.cpp/include/dee/profiling.h:101:3: warning: style of line directive is a GCC extension\n"}
,{"stream_name":"stderr","time":42.347708601,"data":"  101 | };\n"}
,{"stream_name":"stderr","time":42.347712513,"data":"      |   ^  \n"}
,{"stream_name":"stderr","time":42.347729014,"data":"/tmp/dsv4-native-src/dee.cpp/include/dee/profiling.h:102:3: warning: style of line directive is a GCC extension\n"}
,{"stream_name":"stderr","time":42.347733403,"data":"  102 | \n"}
,{"stream_name":"stderr","time":42.347736965,"data":"      |   ^  \n"}
,{"stream_name":"stderr","time":42.347752986,"data":"/tmp/dsv4-native-src/dee.cpp/include/dee/profiling.h:104:3: warning: style of line directive is a GCC extension\n"}
,{"stream_name":"stderr","time":42.347767505,"data":"  104 |     ModelLookup,\n"}
,{"stream_name":"stderr","time":42.347771543,"data":"      |   ^ ~\n"}
,{"stream_name":"stderr","time":42.347783177,"data":"/tmp/dsv4-native-src/dee.cpp/include/dee/profiling.h:105:3: warning: style of line directive is a GCC extension\n"}
,{"stream_name":"stderr","time":42.347787079,"data":"  105 |     InputFeatures,\n"}
,{"stream_name":"stderr","time":42.347790741,"data":"      |   ^ ~\n"}
,{"stream_name":"stderr","time":42.347856119,"data":"/tmp/dsv4-native-src/dee.cpp/include/dee/profiling.h:106:3: warning: style of line directive is a GCC extension\n"}
,{"stream_name":"stderr","time":42.347862064,"data":"  106 |     Linear0,\n"}
,{"stream_name":"stderr","time":42.347865903,"data":"      |   ^ ~\n"}
,{"stream_name":"stderr","time":42.347876965,"data":"/tmp/dsv4-native-src/dee.cpp/include/dee/profiling.h:107:3: warning: style of line directive is a GCC extension\n"}
,{"stream_name":"stderr","time":42.347881213,"data":"  107 |     Relu0,\n"}
,{"stream_name":"stderr","time":42.347884865,"data":"      |   ^ ~\n"}
,{"stream_name":"stderr","time":42.347939549,"data":"/tmp/dsv4-native-src/dee.cpp/include/dee/profiling.h:108:3: warning: style of line directive is a GCC extension\n"}
,{"stream_name":"stderr","time":42.347944487,"data":"  108 |     Linear1,\n"}
,{"stream_name":"stderr","time":42.347947773,"data":"      |   ^ ~\n"}
,{"stream_name":"stderr","time":42.347951115,"data":"/tmp/dsv4-native-src/dee.cpp/include/dee/profiling.h:109:3: warning: style of line directive is a GCC extension\n"}
,{"stream_name":"stderr","time":42.347955165,"data":"  109 |     Relu1,\n"}
,{"stream_name":"stderr","time":42.347958907,"data":"      |   ^ ~\n"}
,{"stream_name":"stderr","time":42.347981915,"data":"/tmp/dsv4-native-src/dee.cpp/include/dee/profiling.h:110:3: warning: style of line directive is a GCC extension\n"}
,{"stream_name":"stderr","time":42.347995953,"data":"  110 |     Linear2,\n"}
,{"stream_name":"stderr","time":42.347999712000004,"data":"      |   ^ ~\n"}
,{"stream_name":"stderr","time":42.348003312,"data":"/tmp/dsv4-native-src/dee.cpp/include/dee/profiling.h:111:3: warning: style of line directive is a GCC extension\n"}
,{"stream_name":"stderr","time":42.348007516,"data":"  111 |     TopKSort,\n"}
,{"stream_name":"stderr","time":42.348011182,"data":"      |   ^ ~\n"}
,{"stream_name":"stderr","time":42.348057727,"data":"/tmp/dsv4-native-src/dee.cpp/include/dee/profiling.h:112:3: warning: style of line directive is a GCC extension\n"}
,{"stream_name":"stderr","time":42.348063701,"data":"  112 |     TopKOutput,\n"}
,{"stream_name":"stderr","time":42.348067479,"data":"      |   ^ ~\n"}
,{"stream_name":"stderr","time":42.3480714,"data":"/tmp/dsv4-native-src/dee.cpp/include/dee/profiling.h:113:3: warning: style of line directive is a GCC extension\n"}
,{"stream_name":"stderr","time":42.348075653,"data":"  113 |     Allocation,\n"}
,{"stream_name":"stderr","time":42.348079413,"data":"      |   ^ ~\n"}
,{"stream_name":"stderr","time":42.348090306,"data":"/tmp/dsv4-native-src/dee.cpp/include/dee/profiling.h:114:3: warning: style of line directive is a GCC extension\n"}
,{"stream_name":"stderr","time":42.348111638,"data":"  114 |     TensorConversion,\n"}
,{"stream_name":"stderr","time":42.348115815,"data":"      |   ^ ~\n"}
,{"stream_name":"stderr","time":42.348170583,"data":"/tmp/dsv4-native-src/dee.cpp/include/dee/profiling.h:115:3: warning: style of line directive is a GCC extension\n"}
,{"stream_name":"stderr","time":42.348194683,"data":"  115 |     Synchronization,\n"}
,{"stream_name":"stderr","time":42.34819971,"data":"      |   ^ ~\n"}
,{"stream_name":"stderr","time":42.348204905,"data":"/tmp/dsv4-native-src/dee.cpp/include/dee/profiling.h:116:3: warning: style of line directive is a GCC extension\n"}
,{"stream_name":"stderr","time":42.348209067,"data":"  116 |     InvocationOverhead,\n"}
,{"stream_name":"stderr","time":42.348212721,"data":"      |   ^ ~\n"}
,{"stream_name":"stderr","time":42.348285499,"data":"/tmp/dsv4-native-src/dee.cpp/include/dee/profiling.h:117:3: warning: style of line directive is a GCC extension\n"}
,{"stream_name":"stderr","time":42.348291889,"data":"  117 |     Count\n"}
,{"stream_name":"stderr","time":42.348296064,"data":"      |   ^ ~\n"}
,{"stream_name":"stderr","time":42.348299883,"data":"/tmp/dsv4-native-src/dee.cpp/include/dee/profiling.h:118:3: warning: style of line directive is a GCC extension\n"}
,{"stream_name":"stderr","time":42.348304424,"data":"  118 | };\n"}
,{"stream_name":"stderr","time":42.348318287,"data":"      |   ^  \n"}
,{"stream_name":"stderr","time":42.348330754,"data":"/tmp/dsv4-native-src/dee.cpp/include/dee/profiling.h:119:3: warning: style of line directive is a GCC extension\n"}
,{"stream_name":"stderr","time":42.34833506,"data":"  119 | \n"}
,{"stream_name":"stderr","time":42.348338675,"data":"      |   ^  \n"}
,{"stream_name":"stderr","time":42.348434462,"data":"/tmp/dsv4-native-src/dee.cpp/include/dee/profiling.h:121:3: warning: style of line directive is a GCC extension\n"}
,{"stream_name":"stderr","time":42.348443007,"data":"  121 |     uint64_t index = 0;\n"}
,{"stream_name":"stderr","time":42.348447041,"data":"      |   ^ ~\n"}
,{"stream_name":"stderr","time":42.348450784,"data":"/tmp/dsv4-native-src/dee.cpp/include/dee/profiling.h:122:3: warning: style of line directive is a GCC extension\n"}
,{"stream_name":"stderr","time":42.348454783,"data":"  122 |     double request_time_ms = 0.0;\n"}
,{"stream_name":"stderr","time":42.348458734,"data":"      |   ^ ~\n"}
,{"stream_name":"stderr","time":42.348463747,"data":"/tmp/dsv4-native-src/dee.cpp/include/dee/profiling.h:123:3: warning: style of line directive is a GCC extension\n"}
,{"stream_name":"stderr","time":42.348467969,"data":"  123 |     int token = -1;\n"}
,{"stream_name":"stderr","time":42.348471862,"data":"      |   ^ ~\n"}
,{"stream_name":"stderr","time":42.348526667,"data":"/tmp/dsv4-native-src/dee.cpp/include/dee/profiling.h:124:3: warning: style of line directive is a GCC extension\n"}
,{"stream_name":"stderr","time":42.348535692,"data":"  124 |     int logical_layer = -1;\n"}
,{"stream_name":"stderr","time":42.348539648,"data":"      |   ^ ~\n"}
,{"stream_name":"stderr","time":42.348642389,"data":"/tmp/dsv4-native-src/dee.cpp/include/dee/profiling.h:125:3: warning: style of line directive is a GCC extension\n"}
,{"stream_name":"stderr","time":42.348650387,"data":"  125 |     int resolved_layer = -1;\n"}
,{"stream_name":"stderr","time":42.348654575,"data":"      |   ^ ~\n"}
,{"stream_name":"stderr","time":42.348658587,"data":"/tmp/dsv4-native-src/dee.cpp/include/dee/profiling.h:126:3: warning: style of line directive is a GCC extension\n"}
,{"stream_name":"stderr","time":42.348662975,"data":"  126 |     int expert = -1;\n"}
,{"stream_name":"stderr","time":42.348674133,"data":"      |   ^ ~\n"}
,{"stream_name":"stderr","time":42.348681075,"data":"/tmp/dsv4-native-src/dee.cpp/include/dee/profiling.h:127:3: warning: style of line directive is a GCC extension\n"}
,{"stream_name":"stderr","time":42.348685222,"data":"  127 |     RequestKind kind = RequestKind::ColdLoad;\n"}
,{"stream_name":"stderr","time":42.348689272,"data":"      |   ^ ~\n"}
,{"stream_name":"stderr","time":42.348794007,"data":"/tmp/dsv4-native-src/dee.cpp/include/dee/profiling.h:128:3: warning: style of line directive is a GCC extension\n"}
,{"stream_name":"stderr","time":42.348806385,"data":"  128 |     size_t cache_bytes_before = 0;\n"}
,{"stream_name":"stderr","time":42.348810469,"data":"      |   ^ ~\n"}
,{"stream_name":"stderr","time":42.348814213,"data":"/tmp/dsv4-native-src/dee.cpp/include/dee/profiling.h:129:3: warning: style of line directive is a GCC extension\n"}
,{"stream_name":"stderr","time":42.348818435,"data":"  129 |     size_t cache_entries_before = 0;\n"}
,{"stream_name":"stderr","time":42.348821909,"data":"      |   ^ ~\n"}
,{"stream_name":"stderr","time":42.348834556,"data":"/tmp/dsv4-native-src/dee.cpp/include/dee/profiling.h:130:3: warning: style of line directive is a GCC extension\n"}
,{"stream_name":"stderr","time":42.348838846,"data":"  130 |     size_t cache_bytes_after = 0;\n"}
,{"stream_name":"stderr","time":42.348842579,"data":"      |   ^ ~\n"}
,{"stream_name":"stderr","time":42.348888891,"data":"/tmp/dsv4-native-src/dee.cpp/include/dee/profiling.h:131:3: warning: style of line directive is a GCC extension\n"}
,{"stream_name":"stderr","time":42.348894718,"data":"  131 |     size_t cache_entries_after = 0;\n"}
,{"stream_name":"stderr","time":42.348898886,"data":"      |   ^ ~\n"}
,{"stream_name":"stderr","time":42.348909479,"data":"/tmp/dsv4-native-src/dee.cpp/include/dee/profiling.h:132:3: warning: style of line directive is a GCC extension\n"}
,{"stream_name":"stderr","time":42.348913945,"data":"  132 |     int evicted_layer = -1;\n"}
,{"stream_name":"stderr","time":42.348917798,"data":"      |   ^ ~\n"}
,{"stream_name":"stderr","time":42.34897478,"data":"/tmp/dsv4-native-src/dee.cpp/include/dee/profiling.h:133:3: warning: style of line directive is a GCC extension\n"}
,{"stream_name":"stderr","time":42.348979993,"data":"  133 |     int evicted_expert = -1;\n"}
,{"stream_name":"stderr","time":42.348983944,"data":"      |   ^ ~\n"}
,{"stream_name":"stderr","time":42.348987913,"data":"/tmp/dsv4-native-src/dee.cpp/include/dee/profiling.h:134:3: warning: style of line directive is a GCC extension\n"}
,{"stream_name":"stderr","time":42.348994702,"data":"  134 |     uint64_t evicted_generation = 0;\n"}
,{"stream_name":"stderr","time":42.348998555,"data":"      |   ^ ~\n"}
,{"stream_name":"stderr","time":42.349060949,"data":"/tmp/dsv4-native-src/dee.cpp/include/dee/profiling.h:135:3: warning: style of line directive is a GCC extension\n"}
,{"stream_name":"stderr","time":42.349066996,"data":"  135 |     uint64_t generation = 0;\n"}
,{"stream_name":"stderr","time":42.349070755,"data":"      |   ^ ~\n"}
,{"stream_name":"stderr","time":42.349074357,"data":"/tmp/dsv4-native-src/dee.cpp/include/dee/profiling.h:136:3: warning: style of line directive is a GCC extension\n"}
,{"stream_name":"stderr","time":42.349078269,"data":"  136 |     uint32_t pin_count = 0;\n"}
,{"stream_name":"stderr","time":42.349082188,"data":"      |   ^ ~\n"}
,{"stream_name":"stderr","time":42.34912633,"data":"/tmp/dsv4-native-src/dee.cpp/include/dee/profiling.h:137:3: warning: style of line directive is a GCC extension\n"}
,{"stream_name":"stderr","time":42.349131706,"data":"  137 |     int64_t reuse_distance = -1;\n"}
,{"stream_name":"stderr","time":42.349141822,"data":"      |   ^ ~\n"}
,{"stream_name":"stderr","time":42.349145551,"data":"/tmp/dsv4-native-src/dee.cpp/include/dee/profiling.h:138:3: warning: style of line directive is a GCC extension\n"}
,{"stream_name":"stderr","time":42.349149476,"data":"  138 |     int64_t distinct_reuse_distance = -1;\n"}
,{"stream_name":"stderr","time":42.349153388,"data":"      |   ^ ~\n"}
,{"stream_name":"stderr","time":42.349164487,"data":"/tmp/dsv4-native-src/dee.cpp/include/dee/profiling.h:139:3: warning: style of line directive is a GCC extension\n"}
,{"stream_name":"stderr","time":42.349168758,"data":"  139 |     size_t theoretical_min_cache_bytes = 0;\n"}
,{"stream_name":"stderr","time":42.34917259,"data":"      |   ^ ~\n"}
,{"stream_name":"stderr","time":42.349231539,"data":"/tmp/dsv4-native-src/dee.cpp/include/dee/profiling.h:140:3: warning: style of line directive is a GCC extension\n"}
,{"stream_name":"stderr","time":42.349236946,"data":"  140 |     int priority = 0;\n"}
,{"stream_name":"stderr","time":42.349240795,"data":"      |   ^ ~\n"}
,{"stream_name":"stderr","time":42.349252226,"data":"/tmp/dsv4-native-src/dee.cpp/include/dee/profiling.h:141:3: warning: style of line directive is a GCC extension\n"}
,{"stream_name":"stderr","time":42.349256571,"data":"  141 |     size_t source_bytes = 0;\n"}
,{"stream_name":"stderr","time":42.349260055,"data":"      |   ^ ~\n"}
,{"stream_name":"stderr","time":42.349318683,"data":"/tmp/dsv4-native-src/dee.cpp/include/dee/profiling.h:142:3: warning: style of line directive is a GCC extension\n"}
,{"stream_name":"stderr","time":42.349324111,"data":"  142 |     size_t destination_bytes = 0;\n"}
,{"stream_name":"stderr","time":42.349327915,"data":"      |   ^ ~\n"}
,{"stream_name":"stderr","time":42.349338939,"data":"/tmp/dsv4-native-src/dee.cpp/include/dee/profiling.h:143:3: warning: style of line directive is a GCC extension\n"}
,{"stream_name":"stderr","time":42.349343361,"data":"  143 |     uint64_t transfer_id = 0;\n"}
,{"stream_name":"stderr","time":42.349347034,"data":"      |   ^ ~\n"}
,{"stream_name":"stderr","time":42.349409601,"data":"/tmp/dsv4-native-src/dee.cpp/include/dee/profiling.h:144:3: warning: style of line directive is a GCC extension\n"}
,{"stream_name":"stderr","time":42.349415007,"data":"  144 |     bool source_pinned = false;\n"}
,{"stream_name":"stderr","time":42.349418805,"data":"      |   ^ ~\n"}
,{"stream_name":"stderr","time":42.349422664,"data":"/tmp/dsv4-native-src/dee.cpp/include/dee/profiling.h:145:3: warning: style of line directive is a GCC extension\n"}
,{"stream_name":"stderr","time":42.349426916,"data":"  145 |     bool transfer_launched = false;\n"}
,{"stream_name":"stderr","time":42.349430666,"data":"      |   ^ ~\n"}
,{"stream_name":"stderr","time":42.349494387,"data":"/tmp/dsv4-native-src/dee.cpp/include/dee/profiling.h:146:3: warning: style of line directive is a GCC extension\n"}
,{"stream_name":"stderr","time":42.349499629,"data":"  146 |     bool consumed = false;\n"}
,{"stream_name":"stderr","time":42.349503427,"data":"      |   ^ ~\n"}
,{"stream_name":"stderr","time":42.349507068,"data":"/tmp/dsv4-native-src/dee.cpp/include/dee/profiling.h:147:3: warning: style of line directive is a GCC extension\n"}
,{"stream_name":"stderr","time":42.349511315,"data":"  147 |     bool evicted_before_use = false;\n"}
,{"stream_name":"stderr","time":42.349515104,"data":"      |   ^ ~\n"}
,{"stream_name":"stderr","time":42.349526118,"data":"/tmp/dsv4-native-src/dee.cpp/include/dee/profiling.h:148:3: warning: style of line directive is a GCC extension\n"}
,{"stream_name":"stderr","time":42.349535907,"data":"  148 | };\n"}
,{"stream_name":"stderr","time":42.349559577,"data":"      |   ^  \n"}
,{"stream_name":"stderr","time":42.349583728,"data":"/tmp/dsv4-native-src/dee.cpp/include/dee/profiling.h:149:3: warning: style of line directive is a GCC extension\n"}
,{"stream_name":"stderr","time":42.349588077,"data":"  149 | \n"}
,{"stream_name":"stderr","time":42.349591789,"data":"      |   ^  \n"}
,{"stream_name":"stderr","time":42.349642466,"data":"/tmp/dsv4-native-src/dee.cpp/include/dee/profiling.h:151:3: warning: style of line directive is a GCC extension\n"}
,{"stream_name":"stderr","time":42.349653142,"data":"  151 |     bool gpu = false;\n"}
,{"stream_name":"stderr","time":42.349657415,"data":"      |   ^ ~\n"}
,{"stream_name":"stderr","time":42.349703714,"data":"/tmp/dsv4-native-src/dee.cpp/include/dee/profiling.h:152:3: warning: style of line directive is a GCC extension\n"}
,{"stream_name":"stderr","time":42.34971501,"data":"  152 |     GpuStage gpu_stage = GpuStage::H2D;\n"}
,{"stream_name":"stderr","time":42.349718943,"data":"      |   ^ ~\n"}
,{"stream_name":"stderr","time":42.349722715,"data":"/tmp/dsv4-native-src/dee.cpp/include/dee/profiling.h:153:3: warning: style of line directive is a GCC extension\n"}
,{"stream_name":"stderr","time":42.349726781,"data":"  153 |     CpuTimelineKind cpu_kind = CpuTimelineKind::TransferSubmit;\n"}
,{"stream_name":"stderr","time":42.349730897,"data":"      |   ^ ~\n"}
,{"stream_name":"stderr","time":42.349749335,"data":"/tmp/dsv4-native-src/dee.cpp/include/dee/profiling.h:154:3: warning: style of line directive is a GCC extension\n"}
,{"stream_name":"stderr","time":42.349758864,"data":"  154 |     double start_ms = 0.0;\n"}
,{"stream_name":"stderr","time":42.349762895,"data":"      |   ^ ~\n"}
,{"stream_name":"stderr","time":42.349809453,"data":"/tmp/dsv4-native-src/dee.cpp/include/dee/profiling.h:155:3: warning: style of line directive is a GCC extension\n"}
,{"stream_name":"stderr","time":42.349817466,"data":"  155 |     double end_ms = 0.0;\n"}
,{"stream_name":"stderr","time":42.349821533,"data":"      |   ^ ~\n"}
,{"stream_name":"stderr","time":42.349877709,"data":"/tmp/dsv4-native-src/dee.cpp/include/dee/profiling.h:156:3: warning: style of line directive is a GCC extension\n"}
,{"stream_name":"stderr","time":42.349883856,"data":"  156 |     int lane = 0;  // 0=host, 1=prefetch stream, 2=compute stream\n"}
,{"stream_name":"stderr","time":42.349887885,"data":"      |   ^ ~\n"}
,{"stream_name":"stderr","time":42.349891579,"data":"/tmp/dsv4-native-src/dee.cpp/include/dee/profiling.h:157:3: warning: style of line directive is a GCC extension\n"}
,{"stream_name":"stderr","time":42.349895674,"data":"  157 |     int token = -1;\n"}
,{"stream_name":"stderr","time":42.349899316,"data":"      |   ^ ~\n"}
,{"stream_name":"stderr","time":42.349909787,"data":"/tmp/dsv4-native-src/dee.cpp/include/dee/profiling.h:158:3: warning: style of line directive is a GCC extension\n"}
,{"stream_name":"stderr","time":42.349913961,"data":"  158 |     int logical_layer = -1;\n"}
,{"stream_name":"stderr","time":42.349917663,"data":"      |   ^ ~\n"}
,{"stream_name":"stderr","time":42.349989009,"data":"/tmp/dsv4-native-src/dee.cpp/include/dee/profiling.h:159:3: warning: style of line directive is a GCC extension\n"}
,{"stream_name":"stderr","time":42.349994469,"data":"  159 |     int expert = -1;\n"}
,{"stream_name":"stderr","time":42.349998224,"data":"      |   ^ ~\n"}
,{"stream_name":"stderr","time":42.350001955,"data":"/tmp/dsv4-native-src/dee.cpp/include/dee/profiling.h:160:3: warning: style of line directive is a GCC extension\n"}
,{"stream_name":"stderr","time":42.350019979,"data":"  160 |     size_t bytes = 0;\n"}
,{"stream_name":"stderr","time":42.350023811,"data":"      |   ^ ~\n"}
,{"stream_name":"stderr","time":42.350082832,"data":"/tmp/dsv4-native-src/dee.cpp/include/dee/profiling.h:161:3: warning: style of line directive is a GCC extension\n"}
,{"stream_name":"stderr","time":42.350088027,"data":"  161 |     uint64_t transfer_id = 0;\n"}
,{"stream_name":"stderr","time":42.350091811,"data":"      |   ^ ~\n"}
,{"stream_name":"stderr","time":42.35009567,"data":"/tmp/dsv4-native-src/dee.cpp/include/dee/profiling.h:162:3: warning: style of line directive is a GCC extension\n"}
,{"stream_name":"stderr","time":42.350099737,"data":"  162 |     size_t queue_depth = 0;\n"}
,{"stream_name":"stderr","time":42.350103482,"data":"      |   ^ ~\n"}
,{"stream_name":"stderr","time":42.350155096,"data":"/tmp/dsv4-native-src/dee.cpp/include/dee/profiling.h:163:3: warning: style of line directive is a GCC extension\n"}
,{"stream_name":"stderr","time":42.350160884,"data":"  163 |     size_t staging_slot = 0;\n"}
,{"stream_name":"stderr","time":42.350164544,"data":"      |   ^ ~\n"}
,{"stream_name":"stderr","time":42.350169177,"data":"/tmp/dsv4-native-src/dee.cpp/include/dee/profiling.h:164:3: warning: style of line directive is a GCC extension\n"}
,{"stream_name":"stderr","time":42.35017336,"data":"  164 | };\n"}
,{"stream_name":"stderr","time":42.350177065,"data":"      |   ^  \n"}
,{"stream_name":"stderr","time":42.35024238,"data":"/tmp/dsv4-native-src/dee.cpp/include/dee/profiling.h:165:3: warning: style of line directive is a GCC extension\n"}
,{"stream_name":"stderr","time":42.350247423,"data":"  165 | \n"}
,{"stream_name":"stderr","time":42.350251041,"data":"      |   ^  \n"}
,{"stream_name":"stderr","time":42.350254615,"data":"/tmp/dsv4-native-src/dee.cpp/include/dee/profiling.h:167:3: warning: style of line directive is a GCC extension\n"}
,{"stream_name":"stderr","time":42.350258737,"data":"  167 |     double start_ms = 0.0;\n"}
,{"stream_name":"stderr","time":42.350262497,"data":"      |   ^ ~\n"}
,{"stream_name":"stderr","time":42.3502735,"data":"/tmp/dsv4-native-src/dee.cpp/include/dee/profiling.h:168:3: warning: style of line directive is a GCC extension\n"}
,{"stream_name":"stderr","time":42.350278032,"data":"  168 |     double end_ms = 0.0;\n"}
,{"stream_name":"stderr","time":42.350281761,"data":"      |   ^ ~\n"}
,{"stream_name":"stderr","time":42.350320492,"data":"/tmp/dsv4-native-src/dee.cpp/include/dee/profiling.h:169:3: warning: style of line directive is a GCC extension\n"}
,{"stream_name":"stderr","time":42.350328046,"data":"  169 |     IdleGapCategory category = IdleGapCategory::Unknown;\n"}
,{"stream_name":"stderr","time":42.350332063,"data":"      |   ^ ~\n"}
,{"stream_name":"stderr","time":42.350360373,"data":"/tmp/dsv4-native-src/dee.cpp/include/dee/profiling.h:170:3: warning: style of line directive is a GCC extension\n"}
,{"stream_name":"stderr","time":42.350364929,"data":"  170 |     int token = -1;\n"}
,{"stream_name":"stderr","time":42.350377365,"data":"      |   ^ ~\n"}
,{"stream_name":"stderr","time":42.350455783,"data":"/tmp/dsv4-native-src/dee.cpp/include/dee/profiling.h:171:3: warning: style of line directive is a GCC extension\n"}
,{"stream_name":"stderr","time":42.350461277,"data":"  171 |     int logical_layer = -1;\n"}
,{"stream_name":"stderr","time":42.350465267,"data":"      |   ^ ~\n"}
,{"stream_name":"stderr","time":42.350469033,"data":"/tmp/dsv4-native-src/dee.cpp/include/dee/profiling.h:172:3: warning: style of line directive is a GCC extension\n"}
,{"stream_name":"stderr","time":42.350479534,"data":"  172 |     int expert = -1;\n"}
,{"stream_name":"stderr","time":42.350483238,"data":"      |   ^ ~\n"}
,{"stream_name":"stderr","time":42.35049428,"data":"/tmp/dsv4-native-src/dee.cpp/include/dee/profiling.h:173:3: warning: style of line directive is a GCC extension\n"}
,{"stream_name":"stderr","time":42.350498519,"data":"  173 |     uint64_t transfer_id = 0;\n"}
,{"stream_name":"stderr","time":42.350502373,"data":"      |   ^ ~\n"}
,{"stream_name":"stderr","time":42.350513503,"data":"/tmp/dsv4-native-src/dee.cpp/include/dee/profiling.h:174:3: warning: style of line directive is a GCC extension\n"}
,{"stream_name":"stderr","time":42.350518043,"data":"  174 | };\n"}
,{"stream_name":"stderr","time":42.350521765,"data":"      |   ^  \n"}
,{"stream_name":"stderr","time":42.350576654,"data":"/tmp/dsv4-native-src/dee.cpp/include/dee/profiling.h:175:3: warning: style of line directive is a GCC extension\n"}
,{"stream_name":"stderr","time":42.350582197,"data":"  175 | \n"}
,{"stream_name":"stderr","time":42.350586217,"data":"      |   ^  \n"}
,{"stream_name":"stderr","time":42.35063251,"data":"/tmp/dsv4-native-src/dee.cpp/include/dee/profiling.h:177:3: warning: style of line directive is a GCC extension\n"}
,{"stream_name":"stderr","time":42.350637933,"data":"  177 |     bool enabled = false;\n"}
,{"stream_name":"stderr","time":42.350641747,"data":"      |   ^ ~\n"}
,{"stream_name":"stderr","time":42.350680615,"data":"/tmp/dsv4-native-src/dee.cpp/include/dee/profiling.h:178:3: warning: style of line directive is a GCC extension\n"}
,{"stream_name":"stderr","time":42.350685403,"data":"  178 |     bool trace_enabled = false;\n"}
,{"stream_name":"stderr","time":42.350689309,"data":"      |   ^ ~\n"}
,{"stream_name":"stderr","time":42.350700551,"data":"/tmp/dsv4-native-src/dee.cpp/include/dee/profiling.h:179:3: warning: style of line directive is a GCC extension\n"}
,{"stream_name":"stderr","time":42.350704827,"data":"  179 |     std::array\u003cdouble, static_cast\u003csize_t\u003e(CpuStage::Count)\u003e cpu_ms{};\n"}
,{"stream_name":"stderr","time":42.350709975,"data":"      |   ^ ~\n"}
,{"stream_name":"stderr","time":42.350791753,"data":"/tmp/dsv4-native-src/dee.cpp/include/dee/profiling.h:180:3: warning: style of line directive is a GCC extension\n"}
,{"stream_name":"stderr","time":42.350801919,"data":"  180 |     std::array\u003cdouble, static_cast\u003csize_t\u003e(GpuStage::Count)\u003e gpu_ms{};\n"}
,{"stream_name":"stderr","time":42.350806905,"data":"      |   ^ ~\n"}
,{"stream_name":"stderr","time":42.350836918,"data":"/tmp/dsv4-native-src/dee.cpp/include/dee/profiling.h:181:3: warning: style of line directive is a GCC extension\n"}
,{"stream_name":"stderr","time":42.350841959,"data":"  181 |     std::array\u003cuint64_t, static_cast\u003csize_t\u003e(GpuStage::Count)\u003e gpu_samples{};\n"}
,{"stream_name":"stderr","time":42.350846518,"data":"      |   ^ ~\n"}
,{"stream_name":"stderr","time":42.350929071,"data":"/tmp/dsv4-native-src/dee.cpp/include/dee/profiling.h:182:3: warning: style of line directive is a GCC extension\n"}
,{"stream_name":"stderr","time":42.350935656,"data":"  182 |     std::array\u003cdouble, static_cast\u003csize_t\u003e(OracleStage::Count)\u003e oracle_ms{};\n"}
,{"stream_name":"stderr","time":42.350939982,"data":"      |   ^ ~\n"}
,{"stream_name":"stderr","time":42.350943689,"data":"/tmp/dsv4-native-src/dee.cpp/include/dee/profiling.h:183:3: warning: style of line directive is a GCC extension\n"}
,{"stream_name":"stderr","time":42.350948017,"data":"  183 |     uint64_t oracle_calls = 0;\n"}
,{"stream_name":"stderr","time":42.350951877,"data":"      |   ^ ~\n"}
,{"stream_name":"stderr","time":42.350969505,"data":"/tmp/dsv4-native-src/dee.cpp/include/dee/profiling.h:184:3: warning: style of line directive is a GCC extension\n"}
,{"stream_name":"stderr","time":42.350973543,"data":"  184 |     uint64_t oracle_allocations = 0;\n"}
,{"stream_name":"stderr","time":42.350977604,"data":"      |   ^ ~\n"}
,{"stream_name":"stderr","time":42.351068701,"data":"/tmp/dsv4-native-src/dee.cpp/include/dee/profiling.h:185:3: warning: style of line directive is a GCC extension\n"}
,{"stream_name":"stderr","time":42.351074713,"data":"  185 |     uint64_t oracle_allocation_bytes = 0;\n"}
,{"stream_name":"stderr","time":42.351078993,"data":"      |   ^ ~\n"}
,{"stream_name":"stderr","time":42.351082718,"data":"/tmp/dsv4-native-src/dee.cpp/include/dee/profiling.h:186:3: warning: style of line directive is a GCC extension\n"}
,{"stream_name":"stderr","time":42.351086754,"data":"  186 | \n"}
,{"stream_name":"stderr","time":42.351090636,"data":"      |   ^  \n"}
,{"stream_name":"stderr","time":42.35110157,"data":"/tmp/dsv4-native-src/dee.cpp/include/dee/profiling.h:188:3: warning: style of line directive is a GCC extension\n"}
,{"stream_name":"stderr","time":42.351105759,"data":"  188 |     uint64_t layer_count = 0;\n"}
,{"stream_name":"stderr","time":42.351109551,"data":"      |   ^ ~\n"}
,{"stream_name":"stderr","time":42.351138315,"data":"/tmp/dsv4-native-src/dee.cpp/include/dee/profiling.h:189:3: warning: style of line directive is a GCC extension\n"}
,{"stream_name":"stderr","time":42.351142942,"data":"  189 |     double token_latency_avg_ms = 0.0;\n"}
,{"stream_name":"stderr","time":42.351146748,"data":"      |   ^ ~\n"}
,{"stream_name":"stderr","time":42.351194853,"data":"/tmp/dsv4-native-src/dee.cpp/include/dee/profiling.h:190:3: warning: style of line directive is a GCC extension\n"}
,{"stream_name":"stderr","time":42.351200247,"data":"  190 |     double token_latency_median_ms = 0.0;\n"}
,{"stream_name":"stderr","time":42.351204352,"data":"      |   ^ ~\n"}
,{"stream_name":"stderr","time":42.351285932,"data":"/tmp/dsv4-native-src/dee.cpp/include/dee/profiling.h:191:3: warning: style of line directive is a GCC extension\n"}
,{"stream_name":"stderr","time":42.351291673,"data":"  191 |     double token_latency_p95_ms = 0.0;\n"}
,{"stream_name":"stderr","time":42.351295774,"data":"      |   ^ ~\n"}
,{"stream_name":"stderr","time":42.351299647,"data":"/tmp/dsv4-native-src/dee.cpp/include/dee/profiling.h:192:3: warning: style of line directive is a GCC extension\n"}
,{"stream_name":"stderr","time":42.351303636,"data":"  192 |     double token_latency_max_ms = 0.0;\n"}
,{"stream_name":"stderr","time":42.351307629,"data":"      |   ^ ~\n"}
,{"stream_name":"stderr","time":42.351321305,"data":"/tmp/dsv4-native-src/dee.cpp/include/dee/profiling.h:193:3: warning: style of line directive is a GCC extension\n"}
,{"stream_name":"stderr","time":42.351328495,"data":"  193 | \n"}
,{"stream_name":"stderr","time":42.351332173,"data":"      |   ^  \n"}
,{"stream_name":"stderr","time":42.351429443,"data":"/tmp/dsv4-native-src/dee.cpp/include/dee/profiling.h:195:3: warning: style of line directive is a GCC extension\n"}
,{"stream_name":"stderr","time":42.351435599,"data":"  195 |     uint64_t resident_hits = 0;\n"}
,{"stream_name":"stderr","time":42.351439507,"data":"      |   ^ ~\n"}
,{"stream_name":"stderr","time":42.351443056,"data":"/tmp/dsv4-native-src/dee.cpp/include/dee/profiling.h:196:3: warning: style of line directive is a GCC extension\n"}
,{"stream_name":"stderr","time":42.351447195,"data":"  196 |     uint64_t inflight_hits = 0;\n"}
,{"stream_name":"stderr","time":42.35145097,"data":"      |   ^ ~\n"}
,{"stream_name":"stderr","time":42.351468502,"data":"/tmp/dsv4-native-src/dee.cpp/include/dee/profiling.h:197:3: warning: style of line directive is a GCC extension\n"}
,{"stream_name":"stderr","time":42.351488681,"data":"  197 |     uint64_t cold_loads = 0;\n"}
,{"stream_name":"stderr","time":42.35149302,"data":"      |   ^ ~\n"}
,{"stream_name":"stderr","time":42.351542481,"data":"/tmp/dsv4-native-src/dee.cpp/include/dee/profiling.h:198:3: warning: style of line directive is a GCC extension\n"}
,{"stream_name":"stderr","time":42.351553293,"data":"  198 |     uint64_t duplicate_requests = 0;\n"}
,{"stream_name":"stderr","time":42.351557234,"data":"      |   ^ ~\n"}
,{"stream_name":"stderr","time":42.351561091,"data":"/tmp/dsv4-native-src/dee.cpp/include/dee/profiling.h:199:3: warning: style of line directive is a GCC extension\n"}
,{"stream_name":"stderr","time":42.35156529,"data":"  199 |     uint64_t unique_experts_requested = 0;\n"}
,{"stream_name":"stderr","time":42.351569313,"data":"      |   ^ ~\n"}
,{"stream_name":"stderr","time":42.351643017,"data":"/tmp/dsv4-native-src/dee.cpp/include/dee/profiling.h:200:3: warning: style of line directive is a GCC extension\n"}
,{"stream_name":"stderr","time":42.351648736,"data":"  200 |     uint64_t unique_experts_loaded = 0;\n"}
,{"stream_name":"stderr","time":42.351652179,"data":"      |   ^ ~\n"}
,{"stream_name":"stderr","time":42.351655621,"data":"/tmp/dsv4-native-src/dee.cpp/include/dee/profiling.h:201:3: warning: style of line directive is a GCC extension\n"}
,{"stream_name":"stderr","time":42.351659281,"data":"  201 |     uint64_t evictions = 0;\n"}
,{"stream_name":"stderr","time":42.351662999,"data":"      |   ^ ~\n"}
,{"stream_name":"stderr","time":42.351729493,"data":"/tmp/dsv4-native-src/dee.cpp/include/dee/profiling.h:202:3: warning: style of line directive is a GCC extension\n"}
,{"stream_name":"stderr","time":42.351735198,"data":"  202 |     uint64_t pinned_blocks_skipped = 0;\n"}
,{"stream_name":"stderr","time":42.351756937,"data":"      |   ^ ~\n"}
,{"stream_name":"stderr","time":42.351765434,"data":"/tmp/dsv4-native-src/dee.cpp/include/dee/profiling.h:203:3: warning: style of line directive is a GCC extension\n"}
,{"stream_name":"stderr","time":42.35176968,"data":"  203 | \n"}
,{"stream_name":"stderr","time":42.351773101,"data":"      |   ^  \n"}
,{"stream_name":"stderr","time":42.351808134,"data":"/tmp/dsv4-native-src/dee.cpp/include/dee/profiling.h:205:3: warning: style of line directive is a GCC extension\n"}
,{"stream_name":"stderr","time":42.35181295,"data":"  205 |     uint64_t h2d_bytes = 0;\n"}
,{"stream_name":"stderr","time":42.351816837,"data":"      |   ^ ~\n"}
,{"stream_name":"stderr","time":42.351820441,"data":"/tmp/dsv4-native-src/dee.cpp/include/dee/profiling.h:206:3: warning: style of line directive is a GCC extension\n"}
,{"stream_name":"stderr","time":42.351824424,"data":"  206 |     uint64_t h2d_copies = 0;\n"}
,{"stream_name":"stderr","time":42.351828183,"data":"      |   ^ ~\n"}
,{"stream_name":"stderr","time":42.35191166,"data":"/tmp/dsv4-native-src/dee.cpp/include/dee/profiling.h:207:3: warning: style of line directive is a GCC extension\n"}
,{"stream_name":"stderr","time":42.351917371,"data":"  207 |     uint64_t d2d_gather_bytes = 0;\n"}
,{"stream_name":"stderr","time":42.351921157,"data":"      |   ^ ~\n"}
,{"stream_name":"stderr","time":42.351924774,"data":"/tmp/dsv4-native-src/dee.cpp/include/dee/profiling.h:208:3: warning: style of line directive is a GCC extension\n"}
,{"stream_name":"stderr","time":42.351928848,"data":"  208 |     uint64_t d2d_gather_copies = 0;\n"}
,{"stream_name":"stderr","time":42.351932589,"data":"      |   ^ ~\n"}
,{"stream_name":"stderr","time":42.351949435,"data":"/tmp/dsv4-native-src/dee.cpp/include/dee/profiling.h:209:3: warning: style of line directive is a GCC extension\n"}
,{"stream_name":"stderr","time":42.351954276,"data":"  209 |     uint64_t d2d_scatter_bytes = 0;\n"}
,{"stream_name":"stderr","time":42.351967431,"data":"      |   ^ ~\n"}
,{"stream_name":"stderr","time":42.352017413,"data":"/tmp/dsv4-native-src/dee.cpp/include/dee/profiling.h:210:3: warning: style of line directive is a GCC extension\n"}
,{"stream_name":"stderr","time":42.352022864,"data":"  210 |     uint64_t d2d_scatter_copies = 0;\n"}
,{"stream_name":"stderr","time":42.35202721,"data":"      |   ^ ~\n"}
,{"stream_name":"stderr","time":42.352070333,"data":"/tmp/dsv4-native-src/dee.cpp/include/dee/profiling.h:211:3: warning: style of line directive is a GCC extension\n"}
,{"stream_name":"stderr","time":42.352075997,"data":"  211 |     uint64_t cublas_calls = 0;\n"}
,{"stream_name":"stderr","time":42.352079791,"data":"      |   ^ ~\n"}
,{"stream_name":"stderr","time":42.352132607,"data":"/tmp/dsv4-native-src/dee.cpp/include/dee/profiling.h:212:3: warning: style of line directive is a GCC extension\n"}
,{"stream_name":"stderr","time":42.352137235,"data":"  212 |     uint64_t kernel_launches = 0;\n"}
,{"stream_name":"stderr","time":42.352140546,"data":"      |   ^ ~\n"}
,{"stream_name":"stderr","time":42.352180942,"data":"/tmp/dsv4-native-src/dee.cpp/include/dee/profiling.h:213:3: warning: style of line directive is a GCC extension\n"}
,{"stream_name":"stderr","time":42.352186411,"data":"  213 |     uint64_t stream_waits = 0;\n"}
,{"stream_name":"stderr","time":42.352190308,"data":"      |   ^ ~\n"}
,{"stream_name":"stderr","time":42.352200766,"data":"/tmp/dsv4-native-src/dee.cpp/include/dee/profiling.h:214:3: warning: style of line directive is a GCC extension\n"}
,{"stream_name":"stderr","time":42.352205045,"data":"  214 |     uint64_t host_synchronizations = 0;\n"}
,{"stream_name":"stderr","time":42.352208721,"data":"      |   ^ ~\n"}
,{"stream_name":"stderr","time":42.352272067,"data":"/tmp/dsv4-native-src/dee.cpp/include/dee/profiling.h:215:3: warning: style of line directive is a GCC extension\n"}
,{"stream_name":"stderr","time":42.352276939,"data":"  215 |     uint64_t timing_events_allocated = 0;\n"}
,{"stream_name":"stderr","time":42.35228045,"data":"      |   ^ ~\n"}
,{"stream_name":"stderr","time":42.352366599,"data":"/tmp/dsv4-native-src/dee.cpp/include/dee/profiling.h:216:3: warning: style of line directive is a GCC extension\n"}
,{"stream_name":"stderr","time":42.352372142,"data":"  216 |     uint64_t timing_events_dropped = 0;\n"}
,{"stream_name":"stderr","time":42.35237616,"data":"      |   ^ ~\n"}
,{"stream_name":"stderr","time":42.352380089,"data":"/tmp/dsv4-native-src/dee.cpp/include/dee/profiling.h:217:3: warning: style of line directive is a GCC extension\n"}
,{"stream_name":"stderr","time":42.352384316,"data":"  217 |     std::array\u003cdouble, static_cast\u003csize_t\u003e(HostWaitReason::Count)\u003e host_wait_ms{};\n"}
,{"stream_name":"stderr","time":42.352389103,"data":"      |   ^ ~\n"}
,{"stream_name":"stderr","time":42.35244536,"data":"/tmp/dsv4-native-src/dee.cpp/include/dee/profiling.h:218:3: warning: style of line directive is a GCC extension\n"}
,{"stream_name":"stderr","time":42.352450713,"data":"  218 |     std::array\u003cuint64_t, static_cast\u003csize_t\u003e(HostWaitReason::Count)\u003e host_wait_count{};\n"}
,{"stream_name":"stderr","time":42.352455043,"data":"      |   ^ ~\n"}
,{"stream_name":"stderr","time":42.352465667,"data":"/tmp/dsv4-native-src/dee.cpp/include/dee/profiling.h:219:3: warning: style of line directive is a GCC extension\n"}
,{"stream_name":"stderr","time":42.352475929,"data":"  219 | \n"}
,{"stream_name":"stderr","time":42.352479682,"data":"      |   ^  \n"}
,{"stream_name":"stderr","time":42.352541109,"data":"/tmp/dsv4-native-src/dee.cpp/include/dee/profiling.h:221:3: warning: style of line directive is a GCC extension\n"}
,{"stream_name":"stderr","time":42.352552495,"data":"  221 |     double average_cold_load_us = 0.0;\n"}
,{"stream_name":"stderr","time":42.352556488,"data":"      |   ^ ~\n"}
,{"stream_name":"stderr","time":42.352608900999996,"data":"/tmp/dsv4-native-src/dee.cpp/include/dee/profiling.h:222:3: warning: style of line directive is a GCC extension\n"}
,{"stream_name":"stderr","time":42.352614287,"data":"  222 |     double average_h2d_copy_bytes = 0.0;\n"}
,{"stream_name":"stderr","time":42.352617977,"data":"      |   ^ ~\n"}
,{"stream_name":"stderr","time":42.352630315,"data":"/tmp/dsv4-native-src/dee.cpp/include/dee/profiling.h:223:3: warning: style of line directive is a GCC extension\n"}
,{"stream_name":"stderr","time":42.352634923,"data":"  223 |     double total_gpu_compute_ms = 0.0;\n"}
,{"stream_name":"stderr","time":42.352638713,"data":"      |   ^ ~\n"}
,{"stream_name":"stderr","time":42.352727227,"data":"/tmp/dsv4-native-src/dee.cpp/include/dee/profiling.h:224:3: warning: style of line directive is a GCC extension\n"}
,{"stream_name":"stderr","time":42.352732118,"data":"  224 |     double total_gpu_transfer_ms = 0.0;\n"}
,{"stream_name":"stderr","time":42.352735941,"data":"      |   ^ ~\n"}
,{"stream_name":"stderr","time":42.352755364,"data":"/tmp/dsv4-native-src/dee.cpp/include/dee/profiling.h:225:3: warning: style of line directive is a GCC extension\n"}
,{"stream_name":"stderr","time":42.352760094,"data":"  225 |     double total_gpu_weight_conversion_ms = 0.0;\n"}
,{"stream_name":"stderr","time":42.352763996,"data":"      |   ^ ~\n"}
,{"stream_name":"stderr","time":42.352815089,"data":"/tmp/dsv4-native-src/dee.cpp/include/dee/profiling.h:226:3: warning: style of line directive is a GCC extension\n"}
,{"stream_name":"stderr","time":42.352820111,"data":"  226 |     double average_working_set_per_token = 0.0;\n"}
,{"stream_name":"stderr","time":42.352824147,"data":"      |   ^ ~\n"}
,{"stream_name":"stderr","time":42.352888253,"data":"/tmp/dsv4-native-src/dee.cpp/include/dee/profiling.h:227:3: warning: style of line directive is a GCC extension\n"}
,{"stream_name":"stderr","time":42.352893808,"data":"  227 |     uint64_t max_working_set_per_token = 0;\n"}
,{"stream_name":"stderr","time":42.352897735,"data":"      |   ^ ~\n"}
,{"stream_name":"stderr","time":42.352972154,"data":"/tmp/dsv4-native-src/dee.cpp/include/dee/profiling.h:228:3: warning: style of line directive is a GCC extension\n"}
,{"stream_name":"stderr","time":42.352977245,"data":"  228 |     uint64_t repeated_requests = 0;\n"}
,{"stream_name":"stderr","time":42.352981183,"data":"      |   ^ ~\n"}
,{"stream_name":"stderr","time":42.352984819,"data":"/tmp/dsv4-native-src/dee.cpp/include/dee/profiling.h:229:3: warning: style of line directive is a GCC extension\n"}
,{"stream_name":"stderr","time":42.352988707,"data":"  229 |     double reused_before_eviction_fraction = 0.0;\n"}
,{"stream_name":"stderr","time":42.352992486,"data":"      |   ^ ~\n"}
,{"stream_name":"stderr","time":42.353023345,"data":"/tmp/dsv4-native-src/dee.cpp/include/dee/profiling.h:230:3: warning: style of line directive is a GCC extension\n"}
,{"stream_name":"stderr","time":42.353027755,"data":"  230 |     double oracle_adjacent_topk_overlap = 0.0;\n"}
,{"stream_name":"stderr","time":42.353031961,"data":"      |   ^ ~\n"}
,{"stream_name":"stderr","time":42.353113533,"data":"/tmp/dsv4-native-src/dee.cpp/include/dee/profiling.h:231:3: warning: style of line directive is a GCC extension\n"}
,{"stream_name":"stderr","time":42.353119247,"data":"  231 |     double oracle_random_overlap_expectation = 0.0;\n"}
,{"stream_name":"stderr","time":42.3531231,"data":"      |   ^ ~\n"}
,{"stream_name":"stderr","time":42.353134127,"data":"/tmp/dsv4-native-src/dee.cpp/include/dee/profiling.h:232:3: warning: style of line directive is a GCC extension\n"}
,{"stream_name":"stderr","time":42.353138312,"data":"  232 |     double gpu_timeline_span_ms = 0.0;\n"}
,{"stream_name":"stderr","time":42.353142138,"data":"      |   ^ ~\n"}
,{"stream_name":"stderr","time":42.353229287,"data":"/tmp/dsv4-native-src/dee.cpp/include/dee/profiling.h:233:3: warning: style of line directive is a GCC extension\n"}
,{"stream_name":"stderr","time":42.353234725,"data":"  233 |     double copy_engine_active_ms = 0.0;\n"}
,{"stream_name":"stderr","time":42.35323856,"data":"      |   ^ ~\n"}
,{"stream_name":"stderr","time":42.353249971,"data":"/tmp/dsv4-native-src/dee.cpp/include/dee/profiling.h:234:3: warning: style of line directive is a GCC extension\n"}
,{"stream_name":"stderr","time":42.35325418,"data":"  234 |     double compute_engine_active_ms = 0.0;\n"}
,{"stream_name":"stderr","time":42.353257955,"data":"      |   ^ ~\n"}
,{"stream_name":"stderr","time":42.353314347,"data":"/tmp/dsv4-native-src/dee.cpp/include/dee/profiling.h:235:3: warning: style of line directive is a GCC extension\n"}
,{"stream_name":"stderr","time":42.353319769,"data":"  235 |     double copy_compute_overlap_ms = 0.0;\n"}
,{"stream_name":"stderr","time":42.353323665,"data":"      |   ^ ~\n"}
,{"stream_name":"stderr","time":42.353353912,"data":"/tmp/dsv4-native-src/dee.cpp/include/dee/profiling.h:236:3: warning: style of line directive is a GCC extension\n"}
,{"stream_name":"stderr","time":42.353358719,"data":"  236 |     double gpu_neither_active_ms = 0.0;\n"}
,{"stream_name":"stderr","time":42.353371541,"data":"      |   ^ ~\n"}
,{"stream_name":"stderr","time":42.353429811,"data":"/tmp/dsv4-native-src/dee.cpp/include/dee/profiling.h:237:3: warning: style of line directive is a GCC extension\n"}
,{"stream_name":"stderr","time":42.353435506,"data":"  237 |     double copy_engine_utilization = 0.0;\n"}
,{"stream_name":"stderr","time":42.353439389,"data":"      |   ^ ~\n"}
,{"stream_name":"stderr","time":42.353469193,"data":"/tmp/dsv4-native-src/dee.cpp/include/dee/profiling.h:238:3: warning: style of line directive is a GCC extension\n"}
,{"stream_name":"stderr","time":42.353474302,"data":"  238 |     double compute_engine_utilization = 0.0;\n"}
,{"stream_name":"stderr","time":42.353477803,"data":"      |   ^ ~\n"}
,{"stream_name":"stderr","time":42.353559972,"data":"/tmp/dsv4-native-src/dee.cpp/include/dee/profiling.h:239:3: warning: style of line directive is a GCC extension\n"}
,{"stream_name":"stderr","time":42.353565545,"data":"  239 |     double copy_compute_overlap_fraction = 0.0;\n"}
,{"stream_name":"stderr","time":42.353569848,"data":"      |   ^ ~\n"}
,{"stream_name":"stderr","time":42.353605013,"data":"/tmp/dsv4-native-src/dee.cpp/include/dee/profiling.h:240:3: warning: style of line directive is a GCC extension\n"}
,{"stream_name":"stderr","time":42.353610088,"data":"  240 |     double average_transfer_queue_depth = 0.0;\n"}
,{"stream_name":"stderr","time":42.353614227,"data":"      |   ^ ~\n"}
,{"stream_name":"stderr","time":42.353664263,"data":"/tmp/dsv4-native-src/dee.cpp/include/dee/profiling.h:241:3: warning: style of line directive is a GCC extension\n"}
,{"stream_name":"stderr","time":42.353669229,"data":"  241 |     uint64_t max_transfer_queue_depth = 0;\n"}
,{"stream_name":"stderr","time":42.353678805,"data":"      |   ^ ~\n"}
,{"stream_name":"stderr","time":42.353722081,"data":"/tmp/dsv4-native-src/dee.cpp/include/dee/profiling.h:242:3: warning: style of line directive is a GCC extension\n"}
,{"stream_name":"stderr","time":42.353726973,"data":"  242 |     std::array\u003cuint64_t, 4\u003e h2d_bucket_copies{};\n"}
,{"stream_name":"stderr","time":42.353731443,"data":"      |   ^ ~\n"}
,{"stream_name":"stderr","time":42.353807784,"data":"/tmp/dsv4-native-src/dee.cpp/include/dee/profiling.h:243:3: warning: style of line directive is a GCC extension\n"}
,{"stream_name":"stderr","time":42.353818141,"data":"  243 |     std::array\u003cuint64_t, 4\u003e h2d_bucket_bytes{};\n"}
,{"stream_name":"stderr","time":42.353822179,"data":"      |   ^ ~\n"}
,{"stream_name":"stderr","time":42.35385315,"data":"/tmp/dsv4-native-src/dee.cpp/include/dee/profiling.h:244:3: warning: style of line directive is a GCC extension\n"}
,{"stream_name":"stderr","time":42.353858039,"data":"  244 |     std::array\u003cdouble, 4\u003e h2d_bucket_ms{};\n"}
,{"stream_name":"stderr","time":42.353861944,"data":"      |   ^ ~\n"}
,{"stream_name":"stderr","time":42.353928363,"data":"/tmp/dsv4-native-src/dee.cpp/include/dee/profiling.h:245:3: warning: style of line directive is a GCC extension\n"}
,{"stream_name":"stderr","time":42.353933651,"data":"  245 |     std::array\u003cdouble, static_cast\u003csize_t\u003e(IdleGapCategory::Count)\u003e idle_gap_ms{};\n"}
,{"stream_name":"stderr","time":42.353937903,"data":"      |   ^ ~\n"}
,{"stream_name":"stderr","time":42.353970926,"data":"/tmp/dsv4-native-src/dee.cpp/include/dee/profiling.h:246:3: warning: style of line directive is a GCC extension\n"}
,{"stream_name":"stderr","time":42.353975421,"data":"  246 |     std::array\u003cuint64_t, static_cast\u003csize_t\u003e(IdleGapCategory::Count)\u003e idle_gap_count{};\n"}
,{"stream_name":"stderr","time":42.353979832,"data":"      |   ^ ~\n"}
,{"stream_name":"stderr","time":42.354053785,"data":"/tmp/dsv4-native-src/dee.cpp/include/dee/profiling.h:247:3: warning: style of line directive is a GCC extension\n"}
,{"stream_name":"stderr","time":42.354058843,"data":"  247 |     std::array\u003cdouble, static_cast\u003csize_t\u003e(IdleGapCategory::Count)\u003e idle_gap_avg_ms{};\n"}
,{"stream_name":"stderr","time":42.354063059,"data":"      |   ^ ~\n"}
,{"stream_name":"stderr","time":42.354097103,"data":"/tmp/dsv4-native-src/dee.cpp/include/dee/profiling.h:248:3: warning: style of line directive is a GCC extension\n"}
,{"stream_name":"stderr","time":42.354101751,"data":"  248 |     std::array\u003cdouble, static_cast\u003csize_t\u003e(IdleGapCategory::Count)\u003e idle_gap_p95_ms{};\n"}
,{"stream_name":"stderr","time":42.354105713,"data":"      |   ^ ~\n"}
,{"stream_name":"stderr","time":42.354172119,"data":"/tmp/dsv4-native-src/dee.cpp/include/dee/profiling.h:249:3: warning: style of line directive is a GCC extension\n"}
,{"stream_name":"stderr","time":42.354177287,"data":"  249 |     std::array\u003cdouble, static_cast\u003csize_t\u003e(IdleGapCategory::Count)\u003e idle_gap_max_ms{};\n"}
,{"stream_name":"stderr","time":42.354181284,"data":"      |   ^ ~\n"}
,{"stream_name":"stderr","time":42.354221802,"data":"/tmp/dsv4-native-src/dee.cpp/include/dee/profiling.h:250:3: warning: style of line directive is a GCC extension\n"}
,{"stream_name":"stderr","time":42.354227203,"data":"  250 |     double idle_attributed_ms = 0.0;\n"}
,{"stream_name":"stderr","time":42.354230792,"data":"      |   ^ ~\n"}
,{"stream_name":"stderr","time":42.354304149,"data":"/tmp/dsv4-native-src/dee.cpp/include/dee/profiling.h:251:3: warning: style of line directive is a GCC extension\n"}
,{"stream_name":"stderr","time":42.35431654,"data":"  251 |     double idle_attributed_fraction = 0.0;\n"}
,{"stream_name":"stderr","time":42.354320187,"data":"      |   ^ ~\n"}
,{"stream_name":"stderr","time":42.354331829,"data":"/tmp/dsv4-native-src/dee.cpp/include/dee/profiling.h:252:3: warning: style of line directive is a GCC extension\n"}
,{"stream_name":"stderr","time":42.354336356,"data":"  252 |     std::array\u003cdouble, static_cast\u003csize_t\u003e(ReadinessWaitCategory::Count)\u003e readiness_wait_ms{};\n"}
,{"stream_name":"stderr","time":42.354340815,"data":"      |   ^ ~\n"}
,{"stream_name":"stderr","time":42.354395033,"data":"/tmp/dsv4-native-src/dee.cpp/include/dee/profiling.h:253:3: warning: style of line directive is a GCC extension\n"}
,{"stream_name":"stderr","time":42.354399907,"data":"  253 |     std::array\u003cuint64_t, static_cast\u003csize_t\u003e(ReadinessWaitCategory::Count)\u003e readiness_wait_count{};\n"}
,{"stream_name":"stderr","time":42.354403823,"data":"      |   ^ ~\n"}
,{"stream_name":"stderr","time":42.354484378,"data":"/tmp/dsv4-native-src/dee.cpp/include/dee/profiling.h:254:3: warning: style of line directive is a GCC extension\n"}
,{"stream_name":"stderr","time":42.354489465,"data":"  254 | \n"}
,{"stream_name":"stderr","time":42.354492831,"data":"      |   ^  \n"}
,{"stream_name":"stderr","time":42.354496697,"data":"/tmp/dsv4-native-src/dee.cpp/include/dee/profiling.h:256:3: warning: style of line directive is a GCC extension\n"}
,{"stream_name":"stderr","time":42.354500849,"data":"  256 |     std::vector\u003cTimelineRecord\u003e timeline;\n"}
,{"stream_name":"stderr","time":42.354504629,"data":"      |   ^ ~\n"}
,{"stream_name":"stderr","time":42.354571576,"data":"/tmp/dsv4-native-src/dee.cpp/include/dee/profiling.h:257:3: warning: style of line directive is a GCC extension\n"}
,{"stream_name":"stderr","time":42.354576476,"data":"  257 |     std::vector\u003cIdleGapRecord\u003e top_idle_gaps;\n"}
,{"stream_name":"stderr","time":42.354580029,"data":"      |   ^ ~\n"}
,{"stream_name":"stderr","time":42.354654966,"data":"/tmp/dsv4-native-src/dee.cpp/include/dee/profiling.h:258:3: warning: style of line directive is a GCC extension\n"}
,{"stream_name":"stderr","time":42.354659766,"data":"  258 | };\n"}
,{"stream_name":"stderr","time":42.354663329,"data":"      |   ^  \n"}
,{"stream_name":"stderr","time":42.354667032,"data":"/tmp/dsv4-native-src/dee.cpp/include/dee/profiling.h:259:3: warning: style of line directive is a GCC extension\n"}
,{"stream_name":"stderr","time":42.354671498,"data":"  259 | \n"}
,{"stream_name":"stderr","time":42.354675002,"data":"      |   ^  \n"}
,{"stream_name":"stderr","time":42.354736727,"data":"/tmp/dsv4-native-src/dee.cpp/include/dee/profiling.h:261:3: warning: style of line directive is a GCC extension\n"}
,{"stream_name":"stderr","time":42.354765981,"data":"  261 | public:\n"}
,{"stream_name":"stderr","time":42.354769634,"data":"      |   ^~~\n"}
,{"stream_name":"stderr","time":42.354813143,"data":"/tmp/dsv4-native-src/dee.cpp/include/dee/profiling.h:263:3: warning: style of line directive is a GCC extension\n"}
,{"stream_name":"stderr","time":42.354818769,"data":"  263 |     using TimePoint = Clock::time_point;\n"}
,{"stream_name":"stderr","time":42.354822762,"data":"      |   ^ ~\n"}
,{"stream_name":"stderr","time":42.354834155,"data":"/tmp/dsv4-native-src/dee.cpp/include/dee/profiling.h:264:3: warning: style of line directive is a GCC extension\n"}
,{"stream_name":"stderr","time":42.354838451,"data":"  264 | \n"}
,{"stream_name":"stderr","time":42.354842081,"data":"      |   ^  \n"}
,{"stream_name":"stderr","time":42.354909347,"data":"/tmp/dsv4-native-src/dee.cpp/include/dee/profiling.h:266:3: warning: style of line directive is a GCC extension\n"}
,{"stream_name":"stderr","time":42.354915622,"data":"  266 |     ~StageProfiler();\n"}
,{"stream_name":"stderr","time":42.354919331,"data":"      |   ^ ~\n"}
,{"stream_name":"stderr","time":42.35498836,"data":"/tmp/dsv4-native-src/dee.cpp/include/dee/profiling.h:267:3: warning: style of line directive is a GCC extension\n"}
,{"stream_name":"stderr","time":42.354993105,"data":"  267 | \n"}
,{"stream_name":"stderr","time":42.354996716,"data":"      |   ^  \n"}
,{"stream_name":"stderr","time":42.355030241,"data":"/tmp/dsv4-native-src/dee.cpp/include/dee/profiling.h:269:3: warning: style of line directive is a GCC extension\n"}
,{"stream_name":"stderr","time":42.355036471,"data":"  269 |     StageProfiler\u0026 operator=(const StageProfiler\u0026) = delete;\n"}
,{"stream_name":"stderr","time":42.355040994,"data":"      |   ^ ~\n"}
,{"stream_name":"stderr","time":42.355107137,"data":"/tmp/dsv4-native-src/dee.cpp/include/dee/profiling.h:270:3: warning: style of line directive is a GCC extension\n"}
,{"stream_name":"stderr","time":42.355112539,"data":"  270 | \n"}
,{"stream_name":"stderr","time":42.355115854,"data":"      |   ^  \n"}
,{"stream_name":"stderr","time":42.355160958,"data":"/tmp/dsv4-native-src/dee.cpp/include/dee/profiling.h:272:3: warning: style of line directive is a GCC extension\n"}
,{"stream_name":"stderr","time":42.355165656,"data":"  272 |                    int oracle_experts, bool timeline_enabled = false);\n"}
,{"stream_name":"stderr","time":42.355169341,"data":"      |   ^  \n"}
,{"stream_name":"stderr","time":42.355234612,"data":"/tmp/dsv4-native-src/dee.cpp/include/dee/profiling.h:274:3: warning: style of line directive is a GCC extension\n"}
,{"stream_name":"stderr","time":42.355239072,"data":"  274 |     bool trace_enabled() const { return trace_enabled_; }\n"}
,{"stream_name":"stderr","time":42.355243176,"data":"      |   ^ ~\n"}
,{"stream_name":"stderr","time":42.355287639,"data":"/tmp/dsv4-native-src/dee.cpp/include/dee/profiling.h:275:3: warning: style of line directive is a GCC extension\n"}
,{"stream_name":"stderr","time":42.355292017,"data":"  275 |     bool timeline_enabled() const { return timeline_enabled_; }\n"}
,{"stream_name":"stderr","time":42.355295484,"data":"      |   ^ ~\n"}
,{"stream_name":"stderr","time":42.355364667,"data":"/tmp/dsv4-native-src/dee.cpp/include/dee/profiling.h:276:3: warning: style of line directive is a GCC extension\n"}
,{"stream_name":"stderr","time":42.355370001,"data":"  276 | \n"}
,{"stream_name":"stderr","time":42.355373246,"data":"      |   ^  \n"}
,{"stream_name":"stderr","time":42.355418105,"data":"/tmp/dsv4-native-src/dee.cpp/include/dee/profiling.h:278:3: warning: style of line directive is a GCC extension\n"}
,{"stream_name":"stderr","time":42.355423802,"data":"  278 |     void add_cpu(CpuStage stage, TimePoint begin);\n"}
,{"stream_name":"stderr","time":42.355427421,"data":"      |   ^ ~\n"}
,{"stream_name":"stderr","time":42.355493724,"data":"/tmp/dsv4-native-src/dee.cpp/include/dee/profiling.h:279:3: warning: style of line directive is a GCC extension\n"}
,{"stream_name":"stderr","time":42.355499181,"data":"  279 |     void add_cpu_ms(CpuStage stage, double milliseconds);\n"}
,{"stream_name":"stderr","time":42.355503162,"data":"      |   ^ ~\n"}
,{"stream_name":"stderr","time":42.355554353,"data":"/tmp/dsv4-native-src/dee.cpp/include/dee/profiling.h:280:3: warning: style of line directive is a GCC extension\n"}
,{"stream_name":"stderr","time":42.355560041,"data":"  280 |     void add_layer_latency(TimePoint begin);\n"}
,{"stream_name":"stderr","time":42.355572763,"data":"      |   ^ ~\n"}
,{"stream_name":"stderr","time":42.355630865,"data":"/tmp/dsv4-native-src/dee.cpp/include/dee/profiling.h:281:3: warning: style of line directive is a GCC extension\n"}
,{"stream_name":"stderr","time":42.355636297,"data":"  281 |     void add_token_latency(TimePoint begin);\n"}
,{"stream_name":"stderr","time":42.355640068,"data":"      |   ^ ~\n"}
,{"stream_name":"stderr","time":42.355682395,"data":"/tmp/dsv4-native-src/dee.cpp/include/dee/profiling.h:282:3: warning: style of line directive is a GCC extension\n"}
,{"stream_name":"stderr","time":42.355687989,"data":"  282 |     void add_oracle(OracleStage stage, TimePoint begin);\n"}
,{"stream_name":"stderr","time":42.355691984,"data":"      |   ^ ~\n"}
,{"stream_name":"stderr","time":42.35578567,"data":"/tmp/dsv4-native-src/dee.cpp/include/dee/profiling.h:283:3: warning: style of line directive is a GCC extension\n"}
,{"stream_name":"stderr","time":42.355796409,"data":"  283 |     void add_oracle_ms(OracleStage stage, double milliseconds);\n"}
,{"stream_name":"stderr","time":42.355800407,"data":"      |   ^ ~\n"}
,{"stream_name":"stderr","time":42.355811779,"data":"/tmp/dsv4-native-src/dee.cpp/include/dee/profiling.h:284:3: warning: style of line directive is a GCC extension\n"}
,{"stream_name":"stderr","time":42.35581596,"data":"  284 |     void note_oracle_call() { if (enabled_) ++oracle_calls_; }\n"}
,{"stream_name":"stderr","time":42.355819869,"data":"      |   ^ ~\n"}
,{"stream_name":"stderr","time":42.355888078,"data":"/tmp/dsv4-native-src/dee.cpp/include/dee/profiling.h:285:3: warning: style of line directive is a GCC extension\n"}
,{"stream_name":"stderr","time":42.355893429,"data":"  285 |     void note_oracle_allocation(size_t bytes) {\n"}
,{"stream_name":"stderr","time":42.355897156,"data":"      |   ^ ~\n"}
,{"stream_name":"stderr","time":42.355945689,"data":"/tmp/dsv4-native-src/dee.cpp/include/dee/profiling.h:286:3: warning: style of line directive is a GCC extension\n"}
,{"stream_name":"stderr","time":42.355950889,"data":"  286 |         if (enabled_) { ++oracle_allocations_; oracle_allocation_bytes_ += bytes; }\n"}
,{"stream_name":"stderr","time":42.355955347,"data":"      |   ^  \n"}
,{"stream_name":"stderr","time":42.356018752,"data":"/tmp/dsv4-native-src/dee.cpp/include/dee/profiling.h:287:3: warning: style of line directive is a GCC extension\n"}
,{"stream_name":"stderr","time":42.35602414,"data":"  287 |     }\n"}
,{"stream_name":"stderr","time":42.356027867,"data":"      |   ^ ~\n"}
,{"stream_name":"stderr","time":42.356073051,"data":"/tmp/dsv4-native-src/dee.cpp/include/dee/profiling.h:288:3: warning: style of line directive is a GCC extension\n"}
,{"stream_name":"stderr","time":42.356078379,"data":"  288 | \n"}
,{"stream_name":"stderr","time":42.356081689,"data":"      |   ^  \n"}
,{"stream_name":"stderr","time":42.356164792,"data":"/tmp/dsv4-native-src/dee.cpp/include/dee/profiling.h:290:3: warning: style of line directive is a GCC extension\n"}
,{"stream_name":"stderr","time":42.3561715,"data":"  290 |                        RequestKind kind, int evicted_layer,\n"}
,{"stream_name":"stderr","time":42.356175165,"data":"      |   ^  \n"}
,{"stream_name":"stderr","time":42.356249345,"data":"/tmp/dsv4-native-src/dee.cpp/include/dee/profiling.h:305:3: warning: style of line directive is a GCC extension\n"}
,{"stream_name":"stderr","time":42.356276321,"data":"  305 |     void note_transfer_consumed(int resolved_layer, int expert, uint64_t generation);\n"}
,{"stream_name":"stderr","time":42.356280546,"data":"      |   ^ ~\n"}
,{"stream_name":"stderr","time":42.35634391,"data":"/tmp/dsv4-native-src/dee.cpp/include/dee/profiling.h:306:3: warning: style of line directive is a GCC extension\n"}
,{"stream_name":"stderr","time":42.356349272,"data":"  306 |     void note_prediction(int token, int logical_layer, int resolved_layer,\n"}
,{"stream_name":"stderr","time":42.356353027,"data":"      |   ^ ~\n"}
,{"stream_name":"stderr","time":42.35637806,"data":"/tmp/dsv4-native-src/dee.cpp/include/dee/profiling.h:307:3: warning: style of line directive is a GCC extension\n"}
,{"stream_name":"stderr","time":42.356382834,"data":"  307 |                          const std::vector\u003cint\u003e\u0026 experts);\n"}
,{"stream_name":"stderr","time":42.356387269,"data":"      |   ^  \n"}
,{"stream_name":"stderr","time":42.356460246,"data":"/tmp/dsv4-native-src/dee.cpp/include/dee/profiling.h:309:3: warning: style of line directive is a GCC extension\n"}
,{"stream_name":"stderr","time":42.35646539,"data":"  309 |     void note_pinned_skip(uint64_t count = 1) { pinned_blocks_skipped_ += count; }\n"}
,{"stream_name":"stderr","time":42.356469122,"data":"      |   ^ ~\n"}
,{"stream_name":"stderr","time":42.356554936,"data":"/tmp/dsv4-native-src/dee.cpp/include/dee/profiling.h:310:3: warning: style of line directive is a GCC extension\n"}
,{"stream_name":"stderr","time":42.356560201,"data":"  310 |     void note_mmap_copy(size_t bytes) { mmap_to_pinned_bytes_ += bytes; }\n"}
,{"stream_name":"stderr","time":42.356564023,"data":"      |   ^ ~\n"}
,{"stream_name":"stderr","time":42.356616874,"data":"/tmp/dsv4-native-src/dee.cpp/include/dee/profiling.h:311:3: warning: style of line directive is a GCC extension\n"}
,{"stream_name":"stderr","time":42.356622865,"data":"  311 |     void note_h2d_copy(size_t bytes) { h2d_bytes_ += bytes; ++h2d_copies_; }\n"}
,{"stream_name":"stderr","time":42.35662719,"data":"      |   ^ ~\n"}
,{"stream_name":"stderr","time":42.356703222,"data":"/tmp/dsv4-native-src/dee.cpp/include/dee/profiling.h:312:3: warning: style of line directive is a GCC extension\n"}
,{"stream_name":"stderr","time":42.356708527,"data":"  312 |     void note_d2d_gather_copy(size_t bytes) {\n"}
,{"stream_name":"stderr","time":42.356713417,"data":"      |   ^ ~\n"}
,{"stream_name":"stderr","time":42.356809935,"data":"/tmp/dsv4-native-src/dee.cpp/include/dee/profiling.h:313:3: warning: style of line directive is a GCC extension\n"}
,{"stream_name":"stderr","time":42.356823002,"data":"  313 |         d2d_gather_bytes_ += bytes;\n"}
,{"stream_name":"stderr","time":42.356827108,"data":"      |   ^  \n"}
,{"stream_name":"stderr","time":42.356903127,"data":"/tmp/dsv4-native-src/dee.cpp/include/dee/profiling.h:314:3: warning: style of line directive is a GCC extension\n"}
,{"stream_name":"stderr","time":42.356909199,"data":"  314 |         ++d2d_gather_copies_;\n"}
,{"stream_name":"stderr","time":42.35691309,"data":"      |   ^  \n"}
,{"stream_name":"stderr","time":42.356916965,"data":"/tmp/dsv4-native-src/dee.cpp/include/dee/profiling.h:315:3: warning: style of line directive is a GCC extension\n"}
,{"stream_name":"stderr","time":42.356921197,"data":"  315 |     }\n"}
,{"stream_name":"stderr","time":42.356925013,"data":"      |   ^ ~\n"}
,{"stream_name":"stderr","time":42.356993393,"data":"/tmp/dsv4-native-src/dee.cpp/include/dee/profiling.h:316:3: warning: style of line directive is a GCC extension\n"}
,{"stream_name":"stderr","time":42.35699875,"data":"  316 |     void note_d2d_scatter_copy(size_t bytes) {\n"}
,{"stream_name":"stderr","time":42.357002867,"data":"      |   ^ ~\n"}
,{"stream_name":"stderr","time":42.357063878,"data":"/tmp/dsv4-native-src/dee.cpp/include/dee/profiling.h:317:3: warning: style of line directive is a GCC extension\n"}
,{"stream_name":"stderr","time":42.357077207,"data":"  317 |         d2d_scatter_bytes_ += bytes;\n"}
,{"stream_name":"stderr","time":42.357084374,"data":"      |   ^  \n"}
,{"stream_name":"stderr","time":42.357155644,"data":"/tmp/dsv4-native-src/dee.cpp/include/dee/profiling.h:318:3: warning: style of line directive is a GCC extension\n"}
,{"stream_name":"stderr","time":42.357161159,"data":"  318 |         ++d2d_scatter_copies_;\n"}
,{"stream_name":"stderr","time":42.357164863,"data":"      |   ^  \n"}
,{"stream_name":"stderr","time":42.357209624,"data":"/tmp/dsv4-native-src/dee.cpp/include/dee/profiling.h:319:3: warning: style of line directive is a GCC extension\n"}
,{"stream_name":"stderr","time":42.357214265,"data":"  319 |     }\n"}
,{"stream_name":"stderr","time":42.357217835,"data":"      |   ^ ~\n"}
,{"stream_name":"stderr","time":42.357355483,"data":"/tmp/dsv4-native-src/dee.cpp/include/dee/profiling.h:320:3: warning: style of line directive is a GCC extension\n"}
,{"stream_name":"stderr","time":42.357363284,"data":"  320 |     void note_cublas_call(uint64_t count = 1) { cublas_calls_ += count; }\n"}
,{"stream_name":"stderr","time":42.357367523,"data":"      |   ^ ~\n"}
,{"stream_name":"stderr","time":42.357370987,"data":"/tmp/dsv4-native-src/dee.cpp/include/dee/profiling.h:321:3: warning: style of line directive is a GCC extension\n"}
,{"stream_name":"stderr","time":42.357374712,"data":"  321 |     void note_kernel_launch(uint64_t count = 1) { kernel_launches_ += count; }\n"}
,{"stream_name":"stderr","time":42.357378658,"data":"      |   ^ ~\n"}
,{"stream_name":"stderr","time":42.35744951,"data":"/tmp/dsv4-native-src/dee.cpp/include/dee/profiling.h:322:3: warning: style of line directive is a GCC extension\n"}
,{"stream_name":"stderr","time":42.357455135,"data":"  322 |     void note_stream_wait(uint64_t count = 1) { stream_waits_ += count; }\n"}
,{"stream_name":"stderr","time":42.357459076,"data":"      |   ^ ~\n"}
,{"stream_name":"stderr","time":42.357529897,"data":"/tmp/dsv4-native-src/dee.cpp/include/dee/profiling.h:323:3: warning: style of line directive is a GCC extension\n"}
,{"stream_name":"stderr","time":42.357534898,"data":"  323 |     void note_host_synchronization(uint64_t count = 1) { host_synchronizations_ += count; }\n"}
,{"stream_name":"stderr","time":42.357539029,"data":"      |   ^ ~\n"}
,{"stream_name":"stderr","time":42.357617826,"data":"/tmp/dsv4-native-src/dee.cpp/include/dee/profiling.h:324:3: warning: style of line directive is a GCC extension\n"}
,{"stream_name":"stderr","time":42.357622683,"data":"  324 |     void note_duplicate_request(uint64_t count = 1) { duplicate_requests_ += count; }\n"}
,{"stream_name":"stderr","time":42.35762652,"data":"      |   ^ ~\n"}
,{"stream_name":"stderr","time":42.357676048,"data":"/tmp/dsv4-native-src/dee.cpp/include/dee/profiling.h:325:3: warning: style of line directive is a GCC extension\n"}
,{"stream_name":"stderr","time":42.35768118,"data":"  325 |     void note_host_wait(HostWaitReason reason, TimePoint begin, TimePoint end,\n"}
,{"stream_name":"stderr","time":42.357685431,"data":"      |   ^ ~\n"}
,{"stream_name":"stderr","time":42.357798737,"data":"/tmp/dsv4-native-src/dee.cpp/include/dee/profiling.h:326:3: warning: style of line directive is a GCC extension\n"}
,{"stream_name":"stderr","time":42.357809483,"data":"  326 |                         int token = -1,\n"}
,{"stream_name":"stderr","time":42.357813309,"data":"      |   ^  \n"}
,{"stream_name":"stderr","time":42.357859455,"data":"/tmp/dsv4-native-src/dee.cpp/include/dee/profiling.h:331:3: warning: style of line directive is a GCC extension\n"}
,{"stream_name":"stderr","time":42.357871696,"data":"  331 |                            int logical_layer = -1, int expert = -1,\n"}
,{"stream_name":"stderr","time":42.357875875,"data":"      |   ^  \n"}
,{"stream_name":"stderr","time":42.357957642,"data":"/tmp/dsv4-native-src/dee.cpp/include/dee/profiling.h:335:3: warning: style of line directive is a GCC extension\n"}
,{"stream_name":"stderr","time":42.35796329,"data":"  335 |                                     int token = -1, int logical_layer = -1,\n"}
,{"stream_name":"stderr","time":42.357967075,"data":"      |   ^  \n"}
,{"stream_name":"stderr","time":42.358025657,"data":"/tmp/dsv4-native-src/dee.cpp/include/dee/profiling.h:343:3: warning: style of line directive is a GCC extension\n"}
,{"stream_name":"stderr","time":42.358030768,"data":"  343 |     void set_cuda_context(int token, int logical_layer, int expert, size_t bytes = 0,\n"}
,{"stream_name":"stderr","time":42.358034612,"data":"      |   ^ ~\n"}
,{"stream_name":"stderr","time":42.358131015,"data":"/tmp/dsv4-native-src/dee.cpp/include/dee/profiling.h:344:3: warning: style of line directive is a GCC extension\n"}
,{"stream_name":"stderr","time":42.358136759,"data":"  344 |                           uint64_t transfer_id = 0, size_t queue_depth = 0,\n"}
,{"stream_name":"stderr","time":42.35814115,"data":"      |   ^  \n"}
,{"stream_name":"stderr","time":42.35818997,"data":"/tmp/dsv4-native-src/dee.cpp/include/dee/profiling.h:347:3: warning: style of line directive is a GCC extension\n"}
,{"stream_name":"stderr","time":42.358194941,"data":"  347 |     bool cuda_end(size_t ticket, void* stream);\n"}
,{"stream_name":"stderr","time":42.35819863,"data":"      |   ^ ~\n"}
,{"stream_name":"stderr","time":42.358285469,"data":"/tmp/dsv4-native-src/dee.cpp/include/dee/profiling.h:348:3: warning: style of line directive is a GCC extension\n"}
,{"stream_name":"stderr","time":42.358290321,"data":"  348 |     bool cuda_collect_ready();\n"}
,{"stream_name":"stderr","time":42.358294261,"data":"      |   ^ ~\n"}
,{"stream_name":"stderr","time":42.358372796,"data":"/tmp/dsv4-native-src/dee.cpp/include/dee/profiling.h:349:3: warning: style of line directive is a GCC extension\n"}
,{"stream_name":"stderr","time":42.358377839,"data":"  349 |     size_t pending_cuda_samples() const { return pending_cuda_.size(); }\n"}
,{"stream_name":"stderr","time":42.35838172,"data":"      |   ^ ~\n"}
,{"stream_name":"stderr","time":42.358470768,"data":"/tmp/dsv4-native-src/dee.cpp/include/dee/profiling.h:350:3: warning: style of line directive is a GCC extension\n"}
,{"stream_name":"stderr","time":42.35847654,"data":"  350 | #endif\n"}
,{"stream_name":"stderr","time":42.358480647,"data":"      |   ^~~\n"}
,{"stream_name":"stderr","time":42.35858862,"data":"/tmp/dsv4-native-src/dee.cpp/include/dee/profiling.h:353:3: warning: style of line directive is a GCC extension\n"}
,{"stream_name":"stderr","time":42.35859449,"data":"  353 |                         uint64_t inflight_hits, uint64_t cold_loads,\n"}
,{"stream_name":"stderr","time":42.35859872,"data":"      |   ^  \n"}
,{"stream_name":"stderr","time":42.358656238,"data":"/tmp/dsv4-native-src/dee.cpp/include/dee/profiling.h:359:3: warning: style of line directive is a GCC extension\n"}
,{"stream_name":"stderr","time":42.358661746,"data":"  359 |     bool trace_enabled_ = false;\n"}
,{"stream_name":"stderr","time":42.358666191,"data":"      |   ^ ~\n"}
,{"stream_name":"stderr","time":42.358732468,"data":"/tmp/dsv4-native-src/dee.cpp/include/dee/profiling.h:360:3: warning: style of line directive is a GCC extension\n"}
,{"stream_name":"stderr","time":42.358737665,"data":"  360 |     bool timeline_enabled_ = false;\n"}
,{"stream_name":"stderr","time":42.358760905,"data":"      |   ^ ~\n"}
,{"stream_name":"stderr","time":42.358885635,"data":"/tmp/dsv4-native-src/dee.cpp/include/dee/profiling.h:361:3: warning: style of line directive is a GCC extension\n"}
,{"stream_name":"stderr","time":42.358979138,"data":"  361 |     size_t expert_blob_bytes_ = 0;\n"}
,{"stream_name":"stderr","time":42.358985928,"data":"      |   ^ ~\n"}
,{"stream_name":"stderr","time":42.358995105,"data":"/tmp/dsv4-native-src/dee.cpp/include/dee/profiling.h:362:3: warning: style of line directive is a GCC extension\n"}
,{"stream_name":"stderr","time":42.358999594,"data":"  362 |     int oracle_experts_ = 0;\n"}
,{"stream_name":"stderr","time":42.359003539,"data":"      |   ^ ~\n"}
,{"stream_name":"stderr","time":42.359007414,"data":"/tmp/dsv4-native-src/dee.cpp/include/dee/profiling.h:363:3: warning: style of line directive is a GCC extension\n"}
,{"stream_name":"stderr","time":42.359011583,"data":"  363 |     std::array\u003cdouble, static_cast\u003csize_t\u003e(CpuStage::Count)\u003e cpu_ms_{};\n"}
,{"stream_name":"stderr","time":42.359016182,"data":"      |   ^ ~\n"}
,{"stream_name":"stderr","time":42.359117994,"data":"/tmp/dsv4-native-src/dee.cpp/include/dee/profiling.h:364:3: warning: style of line directive is a GCC extension\n"}
,{"stream_name":"stderr","time":42.359129251,"data":"  364 |     std::array\u003cdouble, static_cast\u003csize_t\u003e(GpuStage::Count)\u003e gpu_ms_{};\n"}
,{"stream_name":"stderr","time":42.359134285,"data":"      |   ^ ~\n"}
,{"stream_name":"stderr","time":42.359189895,"data":"/tmp/dsv4-native-src/dee.cpp/include/dee/profiling.h:365:3: warning: style of line directive is a GCC extension\n"}
,{"stream_name":"stderr","time":42.359195719,"data":"  365 |     std::array\u003cuint64_t, static_cast\u003csize_t\u003e(GpuStage::Count)\u003e gpu_samples_{};\n"}
,{"stream_name":"stderr","time":42.359200017,"data":"      |   ^ ~\n"}
,{"stream_name":"stderr","time":42.359277858,"data":"/tmp/dsv4-native-src/dee.cpp/include/dee/profiling.h:366:3: warning: style of line directive is a GCC extension\n"}
,{"stream_name":"stderr","time":42.359283373,"data":"  366 |     std::array\u003cdouble, static_cast\u003csize_t\u003e(OracleStage::Count)\u003e oracle_ms_{};\n"}
,{"stream_name":"stderr","time":42.359288143,"data":"      |   ^ ~\n"}
,{"stream_name":"stderr","time":42.359338114,"data":"/tmp/dsv4-native-src/dee.cpp/include/dee/profiling.h:367:3: warning: style of line directive is a GCC extension\n"}
,{"stream_name":"stderr","time":42.359343463,"data":"  367 |     uint64_t oracle_calls_ = 0;\n"}
,{"stream_name":"stderr","time":42.359347325,"data":"      |   ^ ~\n"}
,{"stream_name":"stderr","time":42.359380538,"data":"/tmp/dsv4-native-src/dee.cpp/include/dee/profiling.h:368:3: warning: style of line directive is a GCC extension\n"}
,{"stream_name":"stderr","time":42.359385592,"data":"  368 |     uint64_t oracle_allocations_ = 0;\n"}
,{"stream_name":"stderr","time":42.359389498,"data":"      |   ^ ~\n"}
,{"stream_name":"stderr","time":42.35947663,"data":"/tmp/dsv4-native-src/dee.cpp/include/dee/profiling.h:369:3: warning: style of line directive is a GCC extension\n"}
,{"stream_name":"stderr","time":42.359482199,"data":"  369 |     uint64_t oracle_allocation_bytes_ = 0;\n"}
,{"stream_name":"stderr","time":42.359486017,"data":"      |   ^ ~\n"}
,{"stream_name":"stderr","time":42.359553945,"data":"/tmp/dsv4-native-src/dee.cpp/include/dee/profiling.h:370:3: warning: style of line directive is a GCC extension\n"}
,{"stream_name":"stderr","time":42.359560508,"data":"  370 |     std::vector\u003cdouble\u003e token_latencies_ms_;\n"}
,{"stream_name":"stderr","time":42.359578163,"data":"      |   ^ ~\n"}
,{"stream_name":"stderr","time":42.359644736999996,"data":"/tmp/dsv4-native-src/dee.cpp/include/dee/profiling.h:371:3: warning: style of line directive is a GCC extension\n"}
,{"stream_name":"stderr","time":42.359650679,"data":"  371 |     double layer_wall_ms_ = 0.0;\n"}
,{"stream_name":"stderr","time":42.35965469,"data":"      |   ^ ~\n"}
,{"stream_name":"stderr","time":42.359726293,"data":"/tmp/dsv4-native-src/dee.cpp/include/dee/profiling.h:372:3: warning: style of line directive is a GCC extension\n"}
,{"stream_name":"stderr","time":42.359736424,"data":"  372 |     uint64_t layer_count_ = 0;\n"}
,{"stream_name":"stderr","time":42.359776235,"data":"      |   ^ ~\n"}
,{"stream_name":"stderr","time":42.359846631,"data":"/tmp/dsv4-native-src/dee.cpp/include/dee/profiling.h:373:3: warning: style of line directive is a GCC extension\n"}
,{"stream_name":"stderr","time":42.359852564,"data":"  373 | \n"}
,{"stream_name":"stderr","time":42.359856184,"data":"      |   ^  \n"}
,{"stream_name":"stderr","time":42.359914187,"data":"/tmp/dsv4-native-src/dee.cpp/include/dee/profiling.h:375:3: warning: style of line directive is a GCC extension\n"}
,{"stream_name":"stderr","time":42.359919828,"data":"  375 |     uint64_t pinned_blocks_skipped_ = 0;\n"}
,{"stream_name":"stderr","time":42.359923624,"data":"      |   ^ ~\n"}
,{"stream_name":"stderr","time":42.360002559,"data":"/tmp/dsv4-native-src/dee.cpp/include/dee/profiling.h:376:3: warning: style of line directive is a GCC extension\n"}
,{"stream_name":"stderr","time":42.360008178,"data":"  376 |     uint64_t mmap_to_pinned_bytes_ = 0;\n"}
,{"stream_name":"stderr","time":42.360012102,"data":"      |   ^ ~\n"}
,{"stream_name":"stderr","time":42.360086851,"data":"/tmp/dsv4-native-src/dee.cpp/include/dee/profiling.h:377:3: warning: style of line directive is a GCC extension\n"}
,{"stream_name":"stderr","time":42.360092665,"data":"  377 |     uint64_t h2d_bytes_ = 0;\n"}
,{"stream_name":"stderr","time":42.360096539,"data":"      |   ^ ~\n"}
,{"stream_name":"stderr","time":42.360143401,"data":"/tmp/dsv4-native-src/dee.cpp/include/dee/profiling.h:378:3: warning: style of line directive is a GCC extension\n"}
,{"stream_name":"stderr","time":42.360148172,"data":"  378 |     uint64_t h2d_copies_ = 0;\n"}
,{"stream_name":"stderr","time":42.360151787,"data":"      |   ^ ~\n"}
,{"stream_name":"stderr","time":42.360219411,"data":"/tmp/dsv4-native-src/dee.cpp/include/dee/profiling.h:379:3: warning: style of line directive is a GCC extension\n"}
,{"stream_name":"stderr","time":42.360224496,"data":"  379 |     uint64_t d2d_gather_bytes_ = 0;\n"}
,{"stream_name":"stderr","time":42.360228629,"data":"      |   ^ ~\n"}
,{"stream_name":"stderr","time":42.360308796,"data":"/tmp/dsv4-native-src/dee.cpp/include/dee/profiling.h:380:3: warning: style of line directive is a GCC extension\n"}
,{"stream_name":"stderr","time":42.36031462,"data":"  380 |     uint64_t d2d_gather_copies_ = 0;\n"}
,{"stream_name":"stderr","time":42.360318138,"data":"      |   ^ ~\n"}
,{"stream_name":"stderr","time":42.360363462,"data":"/tmp/dsv4-native-src/dee.cpp/include/dee/profiling.h:381:3: warning: style of line directive is a GCC extension\n"}
,{"stream_name":"stderr","time":42.360368801999996,"data":"  381 |     uint64_t d2d_scatter_bytes_ = 0;\n"}
,{"stream_name":"stderr","time":42.360372264,"data":"      |   ^ ~\n"}
,{"stream_name":"stderr","time":42.360447836,"data":"/tmp/dsv4-native-src/dee.cpp/include/dee/profiling.h:382:3: warning: style of line directive is a GCC extension\n"}
,{"stream_name":"stderr","time":42.360453228,"data":"  382 |     uint64_t d2d_scatter_copies_ = 0;\n"}
,{"stream_name":"stderr","time":42.360464053,"data":"      |   ^ ~\n"}
,{"stream_name":"stderr","time":42.360519556,"data":"/tmp/dsv4-native-src/dee.cpp/include/dee/profiling.h:383:3: warning: style of line directive is a GCC extension\n"}
,{"stream_name":"stderr","time":42.36052452,"data":"  383 |     uint64_t cublas_calls_ = 0;\n"}
,{"stream_name":"stderr","time":42.360528354,"data":"      |   ^ ~\n"}
,{"stream_name":"stderr","time":42.360607269,"data":"/tmp/dsv4-native-src/dee.cpp/include/dee/profiling.h:384:3: warning: style of line directive is a GCC extension\n"}
,{"stream_name":"stderr","time":42.360612107,"data":"  384 |     uint64_t kernel_launches_ = 0;\n"}
,{"stream_name":"stderr","time":42.360615801,"data":"      |   ^ ~\n"}
,{"stream_name":"stderr","time":42.360671954,"data":"/tmp/dsv4-native-src/dee.cpp/include/dee/profiling.h:385:3: warning: style of line directive is a GCC extension\n"}
,{"stream_name":"stderr","time":42.360676905,"data":"  385 |     uint64_t stream_waits_ = 0;\n"}
,{"stream_name":"stderr","time":42.360680641,"data":"      |   ^ ~\n"}
,{"stream_name":"stderr","time":42.360770578,"data":"/tmp/dsv4-native-src/dee.cpp/include/dee/profiling.h:386:3: warning: style of line directive is a GCC extension\n"}
,{"stream_name":"stderr","time":42.360781265,"data":"  386 |     uint64_t host_synchronizations_ = 0;\n"}
,{"stream_name":"stderr","time":42.360785176,"data":"      |   ^ ~\n"}
,{"stream_name":"stderr","time":42.360855259,"data":"/tmp/dsv4-native-src/dee.cpp/include/dee/profiling.h:387:3: warning: style of line directive is a GCC extension\n"}
,{"stream_name":"stderr","time":42.36086088,"data":"  387 |     uint64_t duplicate_requests_ = 0;\n"}
,{"stream_name":"stderr","time":42.360864576,"data":"      |   ^ ~\n"}
,{"stream_name":"stderr","time":42.360912642,"data":"/tmp/dsv4-native-src/dee.cpp/include/dee/profiling.h:388:3: warning: style of line directive is a GCC extension\n"}
,{"stream_name":"stderr","time":42.360917762,"data":"  388 |     uint64_t repeated_hits_ = 0;\n"}
,{"stream_name":"stderr","time":42.360921616,"data":"      |   ^ ~\n"}
,{"stream_name":"stderr","time":42.360986008,"data":"/tmp/dsv4-native-src/dee.cpp/include/dee/profiling.h:389:3: warning: style of line directive is a GCC extension\n"}
,{"stream_name":"stderr","time":42.360991609,"data":"  389 |     std::array\u003cdouble, static_cast\u003csize_t\u003e(HostWaitReason::Count)\u003e host_wait_ms_{};\n"}
,{"stream_name":"stderr","time":42.360996176,"data":"      |   ^ ~\n"}
,{"stream_name":"stderr","time":42.36107904,"data":"/tmp/dsv4-native-src/dee.cpp/include/dee/profiling.h:390:3: warning: style of line directive is a GCC extension\n"}
,{"stream_name":"stderr","time":42.36108482,"data":"  390 |     std::array\u003cuint64_t, static_cast\u003csize_t\u003e(HostWaitReason::Count)\u003e host_wait_count_{};\n"}
,{"stream_name":"stderr","time":42.361089068,"data":"      |   ^ ~\n"}
,{"stream_name":"stderr","time":42.361139694,"data":"/tmp/dsv4-native-src/dee.cpp/include/dee/profiling.h:391:3: warning: style of line directive is a GCC extension\n"}
,{"stream_name":"stderr","time":42.361145466,"data":"  391 |     TimePoint cpu_timeline_origin_{};\n"}
,{"stream_name":"stderr","time":42.361149018,"data":"      |   ^ ~\n"}
,{"stream_name":"stderr","time":42.361230717,"data":"/tmp/dsv4-native-src/dee.cpp/include/dee/profiling.h:392:3: warning: style of line directive is a GCC extension\n"}
,{"stream_name":"stderr","time":42.361235918,"data":"  392 |     std::vector\u003cTimelineRecord\u003e timeline_;\n"}
,{"stream_name":"stderr","time":42.361240264,"data":"      |   ^ ~\n"}
,{"stream_name":"stderr","time":42.361298988,"data":"/tmp/dsv4-native-src/dee.cpp/include/dee/profiling.h:393:3: warning: style of line directive is a GCC extension\n"}
,{"stream_name":"stderr","time":42.36131132,"data":"  393 | \n"}
,{"stream_name":"stderr","time":42.361315047,"data":"      |   ^  \n"}
,{"stream_name":"stderr","time":42.361385982,"data":"/tmp/dsv4-native-src/dee.cpp/include/dee/profiling.h:395:3: warning: style of line directive is a GCC extension\n"}
,{"stream_name":"stderr","time":42.361391118,"data":"  395 |     std::unordered_map\u003cuint64_t, uint64_t\u003e last_request_index_;\n"}
,{"stream_name":"stderr","time":42.361394842,"data":"      |   ^ ~\n"}
,{"stream_name":"stderr","time":42.361467442,"data":"/tmp/dsv4-native-src/dee.cpp/include/dee/profiling.h:396:3: warning: style of line directive is a GCC extension\n"}
,{"stream_name":"stderr","time":42.361472385,"data":"  396 |     std::unordered_set\u003cuint64_t\u003e unique_requested_;\n"}
,{"stream_name":"stderr","time":42.361476297,"data":"      |   ^ ~\n"}
,{"stream_name":"stderr","time":42.36153894,"data":"/tmp/dsv4-native-src/dee.cpp/include/dee/profiling.h:397:3: warning: style of line directive is a GCC extension\n"}
,{"stream_name":"stderr","time":42.361544286,"data":"  397 |     std::unordered_set\u003cuint64_t\u003e unique_loaded_;\n"}
,{"stream_name":"stderr","time":42.361554331,"data":"      |   ^ ~\n"}
,{"stream_name":"stderr","time":42.361628608,"data":"/tmp/dsv4-native-src/dee.cpp/include/dee/profiling.h:398:3: warning: style of line directive is a GCC extension\n"}
,{"stream_name":"stderr","time":42.361633752,"data":"  398 |     std::unordered_map\u003cint, std::unordered_set\u003cuint64_t\u003e\u003e token_working_sets_;\n"}
,{"stream_name":"stderr","time":42.361637929,"data":"      |   ^ ~\n"}
,{"stream_name":"stderr","time":42.36171141,"data":"/tmp/dsv4-native-src/dee.cpp/include/dee/profiling.h:399:3: warning: style of line directive is a GCC extension\n"}
,{"stream_name":"stderr","time":42.36171663,"data":"  399 |     std::vector\u003cRequestTraceRecord\u003e trace_;\n"}
,{"stream_name":"stderr","time":42.361720344,"data":"      |   ^ ~\n"}
,{"stream_name":"stderr","time":42.36182615,"data":"/tmp/dsv4-native-src/dee.cpp/include/dee/profiling.h:400:3: warning: style of line directive is a GCC extension\n"}
,{"stream_name":"stderr","time":42.361836912,"data":"  400 |     std::vector\u003cstd::vector\u003cuint64_t\u003e\u003e predictions_;\n"}
,{"stream_name":"stderr","time":42.361840938,"data":"      |   ^ ~\n"}
,{"stream_name":"stderr","time":42.361885216,"data":"/tmp/dsv4-native-src/dee.cpp/include/dee/profiling.h:401:3: warning: style of line directive is a GCC extension\n"}
,{"stream_name":"stderr","time":42.361889956,"data":"  401 |     uint64_t timing_events_dropped_ = 0;\n"}
,{"stream_name":"stderr","time":42.36189365,"data":"      |   ^ ~\n"}
,{"stream_name":"stderr","time":42.3619794,"data":"/tmp/dsv4-native-src/dee.cpp/include/dee/profiling.h:402:3: warning: style of line directive is a GCC extension\n"}
,{"stream_name":"stderr","time":42.361986293,"data":"  402 | \n"}
,{"stream_name":"stderr","time":42.361989895,"data":"      |   ^  \n"}
,{"stream_name":"stderr","time":42.36205999,"data":"/tmp/dsv4-native-src/dee.cpp/include/dee/profiling.h:405:3: warning: style of line directive is a GCC extension\n"}
,{"stream_name":"stderr","time":42.362067191,"data":"  405 |         GpuStage stage = GpuStage::H2D;\n"}
,{"stream_name":"stderr","time":42.362070874,"data":"      |   ^  \n"}
,{"stream_name":"stderr","time":42.36214759,"data":"/tmp/dsv4-native-src/dee.cpp/include/dee/profiling.h:406:3: warning: style of line directive is a GCC extension\n"}
,{"stream_name":"stderr","time":42.362160968,"data":"  406 |         void* begin = nullptr;\n"}
,{"stream_name":"stderr","time":42.362164728,"data":"      |   ^  \n"}
,{"stream_name":"stderr","time":42.36217712,"data":"/tmp/dsv4-native-src/dee.cpp/include/dee/profiling.h:407:3: warning: style of line directive is a GCC extension\n"}
,{"stream_name":"stderr","time":42.36218117,"data":"  407 |         void* end = nullptr;\n"}
,{"stream_name":"stderr","time":42.362184533,"data":"      |   ^  \n"}
,{"stream_name":"stderr","time":42.362269099,"data":"/tmp/dsv4-native-src/dee.cpp/include/dee/profiling.h:408:3: warning: style of line directive is a GCC extension\n"}
,{"stream_name":"stderr","time":42.362274656,"data":"  408 |         bool ended = false;\n"}
,{"stream_name":"stderr","time":42.362278136,"data":"      |   ^  \n"}
,{"stream_name":"stderr","time":42.362338054,"data":"/tmp/dsv4-native-src/dee.cpp/include/dee/profiling.h:409:3: warning: style of line directive is a GCC extension\n"}
,{"stream_name":"stderr","time":42.362343512,"data":"  409 |         int lane = 0;\n"}
,{"stream_name":"stderr","time":42.362347482,"data":"      |   ^  \n"}
,{"stream_name":"stderr","time":42.362423595,"data":"/tmp/dsv4-native-src/dee.cpp/include/dee/profiling.h:410:3: warning: style of line directive is a GCC extension\n"}
,{"stream_name":"stderr","time":42.362428955,"data":"  410 |         int token = -1;\n"}
,{"stream_name":"stderr","time":42.362432798,"data":"      |   ^  \n"}
,{"stream_name":"stderr","time":42.36251638,"data":"/tmp/dsv4-native-src/dee.cpp/include/dee/profiling.h:411:3: warning: style of line directive is a GCC extension\n"}
,{"stream_name":"stderr","time":42.362522778,"data":"  411 |         int logical_layer = -1;\n"}
,{"stream_name":"stderr","time":42.362526404,"data":"      |   ^  \n"}
,{"stream_name":"stderr","time":42.362593648,"data":"/tmp/dsv4-native-src/dee.cpp/include/dee/profiling.h:412:3: warning: style of line directive is a GCC extension\n"}
,{"stream_name":"stderr","time":42.36259964,"data":"  412 |         int expert = -1;\n"}
,{"stream_name":"stderr","time":42.362603576,"data":"      |   ^  \n"}
,{"stream_name":"stderr","time":42.362669583,"data":"/tmp/dsv4-native-src/dee.cpp/include/dee/profiling.h:413:3: warning: style of line directive is a GCC extension\n"}
,{"stream_name":"stderr","time":42.362675209,"data":"  413 |         size_t bytes = 0;\n"}
,{"stream_name":"stderr","time":42.362678854,"data":"      |   ^  \n"}
,{"stream_name":"stderr","time":42.362771576,"data":"/tmp/dsv4-native-src/dee.cpp/include/dee/profiling.h:414:3: warning: style of line directive is a GCC extension\n"}
,{"stream_name":"stderr","time":42.362781563,"data":"  414 |         uint64_t transfer_id = 0;\n"}
,{"stream_name":"stderr","time":42.362785148,"data":"      |   ^  \n"}
,{"stream_name":"stderr","time":42.362842275,"data":"/tmp/dsv4-native-src/dee.cpp/include/dee/profiling.h:415:3: warning: style of line directive is a GCC extension\n"}
,{"stream_name":"stderr","time":42.36284799,"data":"  415 |         size_t queue_depth = 0;\n"}
,{"stream_name":"stderr","time":42.362851739,"data":"      |   ^  \n"}
,{"stream_name":"stderr","time":42.362933944,"data":"/tmp/dsv4-native-src/dee.cpp/include/dee/profiling.h:416:3: warning: style of line directive is a GCC extension\n"}
,{"stream_name":"stderr","time":42.362939376,"data":"  416 |         size_t staging_slot = 0;\n"}
,{"stream_name":"stderr","time":42.362943052,"data":"      |   ^  \n"}
,{"stream_name":"stderr","time":42.362999498,"data":"/tmp/dsv4-native-src/dee.cpp/include/dee/profiling.h:417:3: warning: style of line directive is a GCC extension\n"}
,{"stream_name":"stderr","time":42.363012503,"data":"  417 |     };\n"}
,{"stream_name":"stderr","time":42.363015972,"data":"      |   ^ ~\n"}
,{"stream_name":"stderr","time":42.36308624,"data":"/tmp/dsv4-native-src/dee.cpp/include/dee/profiling.h:418:3: warning: style of line directive is a GCC extension\n"}
,{"stream_name":"stderr","time":42.36309157,"data":"  418 |     struct CudaContext {\n"}
,{"stream_name":"stderr","time":42.363094994,"data":"      |   ^ ~\n"}
,{"stream_name":"stderr","time":42.363168496,"data":"/tmp/dsv4-native-src/dee.cpp/include/dee/profiling.h:419:3: warning: style of line directive is a GCC extension\n"}
,{"stream_name":"stderr","time":42.363173453,"data":"  419 |         int token = -1;\n"}
,{"stream_name":"stderr","time":42.363176874,"data":"      |   ^  \n"}
,{"stream_name":"stderr","time":42.363252234,"data":"/tmp/dsv4-native-src/dee.cpp/include/dee/profiling.h:420:3: warning: style of line directive is a GCC extension\n"}
,{"stream_name":"stderr","time":42.363257505,"data":"  420 |         int logical_layer = -1;\n"}
,{"stream_name":"stderr","time":42.363261063,"data":"      |   ^  \n"}
,{"stream_name":"stderr","time":42.363319565,"data":"/tmp/dsv4-native-src/dee.cpp/include/dee/profiling.h:421:3: warning: style of line directive is a GCC extension\n"}
,{"stream_name":"stderr","time":42.363325031,"data":"  421 |         int expert = -1;\n"}
,{"stream_name":"stderr","time":42.363328848,"data":"      |   ^  \n"}
,{"stream_name":"stderr","time":42.3634086,"data":"/tmp/dsv4-native-src/dee.cpp/include/dee/profiling.h:422:3: warning: style of line directive is a GCC extension\n"}
,{"stream_name":"stderr","time":42.363414714,"data":"  422 |         size_t bytes = 0;\n"}
,{"stream_name":"stderr","time":42.36341852,"data":"      |   ^  \n"}
,{"stream_name":"stderr","time":42.363496808,"data":"/tmp/dsv4-native-src/dee.cpp/include/dee/profiling.h:423:3: warning: style of line directive is a GCC extension\n"}
,{"stream_name":"stderr","time":42.363502268,"data":"  423 |         uint64_t transfer_id = 0;\n"}
,{"stream_name":"stderr","time":42.363505938,"data":"      |   ^  \n"}
,{"stream_name":"stderr","time":42.363597992,"data":"/tmp/dsv4-native-src/dee.cpp/include/dee/profiling.h:424:3: warning: style of line directive is a GCC extension\n"}
,{"stream_name":"stderr","time":42.36360362,"data":"  424 |         size_t queue_depth = 0;\n"}
,{"stream_name":"stderr","time":42.363607341,"data":"      |   ^  \n"}
,{"stream_name":"stderr","time":42.363634959,"data":"/tmp/dsv4-native-src/dee.cpp/include/dee/profiling.h:425:3: warning: style of line directive is a GCC extension\n"}
,{"stream_name":"stderr","time":42.363639402,"data":"  425 |         size_t staging_slot = 0;\n"}
,{"stream_name":"stderr","time":42.363654062,"data":"      |   ^  \n"}
,{"stream_name":"stderr","time":42.363729677,"data":"/tmp/dsv4-native-src/dee.cpp/include/dee/profiling.h:426:3: warning: style of line directive is a GCC extension\n"}
,{"stream_name":"stderr","time":42.36373511,"data":"  426 |     };\n"}
,{"stream_name":"stderr","time":42.363752486,"data":"      |   ^ ~\n"}
,{"stream_name":"stderr","time":42.36383926,"data":"/tmp/dsv4-native-src/dee.cpp/include/dee/profiling.h:427:3: warning: style of line directive is a GCC extension\n"}
,{"stream_name":"stderr","time":42.363844586,"data":"  427 |     // A 32-expert CUDA batch can have more than 64 concurrent profiled\n"}
,{"stream_name":"stderr","time":42.363848335,"data":"      |   ^ ~\n"}
,{"stream_name":"stderr","time":42.363932061,"data":"/tmp/dsv4-native-src/dee.cpp/include/dee/profiling.h:435:3: warning: style of line directive is a GCC extension\n"}
,{"stream_name":"stderr","time":42.363944433,"data":"  435 |     std::vector\u003cvoid*\u003e all_cuda_events_;\n"}
,{"stream_name":"stderr","time":42.363948463,"data":"      |   ^ ~\n"}
,{"stream_name":"stderr","time":42.36401729,"data":"/tmp/dsv4-native-src/dee.cpp/include/dee/profiling.h:436:3: warning: style of line directive is a GCC extension\n"}
,{"stream_name":"stderr","time":42.364022134,"data":"  436 |     std::vector\u003cvoid*\u003e free_cuda_events_;\n"}
,{"stream_name":"stderr","time":42.364025852,"data":"      |   ^ ~\n"}
,{"stream_name":"stderr","time":42.364078352,"data":"/tmp/dsv4-native-src/dee.cpp/include/dee/profiling.h:437:3: warning: style of line directive is a GCC extension\n"}
,{"stream_name":"stderr","time":42.364084022,"data":"  437 |     std::vector\u003cPendingCudaSample\u003e pending_cuda_;\n"}
,{"stream_name":"stderr","time":42.364087834,"data":"      |   ^ ~\n"}
,{"stream_name":"stderr","time":42.364172652,"data":"/tmp/dsv4-native-src/dee.cpp/include/dee/profiling.h:438:3: warning: style of line directive is a GCC extension\n"}
,{"stream_name":"stderr","time":42.364178164,"data":"  438 |     void* timeline_origin_event_ = nullptr;\n"}
,{"stream_name":"stderr","time":42.364182016,"data":"      |   ^ ~\n"}
,{"stream_name":"stderr","time":42.364257662,"data":"/tmp/dsv4-native-src/dee.cpp/include/dee/profiling.h:439:3: warning: style of line directive is a GCC extension\n"}
,{"stream_name":"stderr","time":42.364263245,"data":"  439 |     void* timeline_compute_stream_ = nullptr;\n"}
,{"stream_name":"stderr","time":42.36426693,"data":"      |   ^ ~\n"}
,{"stream_name":"stderr","time":42.36432082,"data":"/tmp/dsv4-native-src/dee.cpp/include/dee/profiling.h:440:3: warning: style of line directive is a GCC extension\n"}
,{"stream_name":"stderr","time":42.364325652,"data":"  440 |     void* timeline_transfer_stream_ = nullptr;\n"}
,{"stream_name":"stderr","time":42.364329623,"data":"      |   ^ ~\n"}
,{"stream_name":"stderr","time":42.364429829,"data":"/tmp/dsv4-native-src/dee.cpp/include/dee/profiling.h:441:3: warning: style of line directive is a GCC extension\n"}
,{"stream_name":"stderr","time":42.364435668,"data":"  441 |     CudaContext cuda_context_{};\n"}
,{"stream_name":"stderr","time":42.364439667,"data":"      |   ^ ~\n"}
,{"stream_name":"stderr","time":42.364472971,"data":"/tmp/dsv4-native-src/dee.cpp/include/dee/profiling.h:442:3: warning: style of line directive is a GCC extension\n"}
,{"stream_name":"stderr","time":42.364490318,"data":"  442 |     void* acquire_cuda_event();\n"}
,{"stream_name":"stderr","time":42.364493861,"data":"      |   ^ ~\n"}
,{"stream_name":"stderr","time":42.364584369,"data":"/tmp/dsv4-native-src/dee.cpp/include/dee/profiling.h:443:3: warning: style of line directive is a GCC extension\n"}
,{"stream_name":"stderr","time":42.364589731,"data":"  443 |     void release_cuda_event(void* event);\n"}
,{"stream_name":"stderr","time":42.364593397,"data":"      |   ^ ~\n"}
,{"stream_name":"stderr","time":42.364721315,"data":"/tmp/dsv4-native-src/dee.cpp/include/dee/profiling.h:444:3: warning: style of line directive is a GCC extension\n"}
,{"stream_name":"stderr","time":42.364734052,"data":"  444 | #endif\n"}
,{"stream_name":"stderr","time":42.364836186,"data":"      |   ^~~\n"}
,{"stream_name":"stderr","time":42.36484494,"data":"/tmp/dsv4-native-src/dee.cpp/include/dee/profiling.h:446:3: warning: style of line directive is a GCC extension\n"}
,{"stream_name":"stderr","time":42.36484917,"data":"  446 | \n"}
,{"stream_name":"stderr","time":42.364853094,"data":"      |   ^  \n"}
,{"stream_name":"stderr","time":42.364856758,"data":"/tmp/dsv4-native-src/dee.cpp/include/dee/profiling.h:448:3: warning: style of line directive is a GCC extension\n"}
,{"stream_name":"stderr","time":42.364894475,"data":"  448 | const char* gpu_stage_name(GpuStage stage);\n"}
,{"stream_name":"stderr","time":42.364899147,"data":"      |   ^~~\n"}
,{"stream_name":"stderr","time":42.364966978,"data":"/tmp/dsv4-native-src/dee.cpp/include/dee/profiling.h:449:3: warning: style of line directive is a GCC extension\n"}
,{"stream_name":"stderr","time":42.364978042,"data":"  449 | const char* request_kind_name(RequestKind kind);\n"}
,{"stream_name":"stderr","time":42.364982372,"data":"      |   ^~~\n"}
,{"stream_name":"stderr","time":42.365031656,"data":"/tmp/dsv4-native-src/dee.cpp/include/dee/profiling.h:450:3: warning: style of line directive is a GCC extension\n"}
,{"stream_name":"stderr","time":42.365037124,"data":"  450 | const char* oracle_stage_name(OracleStage stage);\n"}
,{"stream_name":"stderr","time":42.365040887,"data":"      |   ^~~\n"}
,{"stream_name":"stderr","time":42.365127913,"data":"/tmp/dsv4-native-src/dee.cpp/include/dee/profiling.h:451:3: warning: style of line directive is a GCC extension\n"}
,{"stream_name":"stderr","time":42.365133466,"data":"  451 | const char* host_wait_reason_name(HostWaitReason reason);\n"}
,{"stream_name":"stderr","time":42.365137381,"data":"      |   ^~~\n"}
,{"stream_name":"stderr","time":42.365205488,"data":"/tmp/dsv4-native-src/dee.cpp/include/dee/profiling.h:452:3: warning: style of line directive is a GCC extension\n"}
,{"stream_name":"stderr","time":42.365211034,"data":"  452 | const char* cpu_timeline_kind_name(CpuTimelineKind kind);\n"}
,{"stream_name":"stderr","time":42.365214759,"data":"      |   ^~~\n"}
,{"stream_name":"stderr","time":42.365306134,"data":"/tmp/dsv4-native-src/dee.cpp/include/dee/profiling.h:453:3: warning: style of line directive is a GCC extension\n"}
,{"stream_name":"stderr","time":42.365313714,"data":"  453 | const char* idle_gap_category_name(IdleGapCategory category);\n"}
,{"stream_name":"stderr","time":42.365317741,"data":"      |   ^~~\n"}
,{"stream_name":"stderr","time":42.365418652,"data":"/tmp/dsv4-native-src/dee.cpp/include/dee/profiling.h:454:3: warning: style of line directive is a GCC extension\n"}
,{"stream_name":"stderr","time":42.365425745,"data":"  454 | const char* readiness_wait_category_name(ReadinessWaitCategory category);\n"}
,{"stream_name":"stderr","time":42.365429641,"data":"      |   ^~~\n"}
,{"stream_name":"stderr","time":42.365462713,"data":"/tmp/dsv4-native-src/dee.cpp/include/dee/profiling.h:455:3: warning: style of line directive is a GCC extension\n"}
,{"stream_name":"stderr","time":42.365468203,"data":"  455 | std::string stage_profile_json(const StageProfile\u0026 profile, bool include_trace);\n"}
,{"stream_name":"stderr","time":42.365472746,"data":"      |   ^~~\n"}
,{"stream_name":"stderr","time":42.365583028,"data":"/tmp/dsv4-native-src/dee.cpp/include/dee/profiling.h:456:3: warning: style of line directive is a GCC extension\n"}
,{"stream_name":"stderr","time":42.365588443,"data":"  456 | std::string cuda_timeline_json(const StageProfile\u0026 profile);\n"}
,{"stream_name":"stderr","time":42.365592379,"data":"      |   ^~~\n"}
,{"stream_name":"stderr","time":42.365648712,"data":"/tmp/dsv4-native-src/dee.cpp/include/dee/profiling.h:457:3: warning: style of line directive is a GCC extension\n"}
,{"stream_name":"stderr","time":42.365653785,"data":"  457 | \n"}
,{"stream_name":"stderr","time":42.36565741,"data":"      |   ^  \n"}
,{"stream_name":"stderr","time":42.365668768,"data":"/tmp/dsv4-native-src/dee.cpp/include/dee/profiling.h:459:3: warning: style of line directive is a GCC extension\n"}
,{"stream_name":"stderr","time":42.365772103,"data":"/tmp/dsv4-native-src/dee.cpp/include/dee/cuda_convert.h:12:3: warning: style of line directive is a GCC extension\n"}
,{"stream_name":"stderr","time":42.365782977,"data":"   12 | \n"}
,{"stream_name":"stderr","time":42.365787092,"data":"      |   ^ \n"}
,{"stream_name":"stderr","time":42.365790806,"data":"/tmp/dsv4-native-src/dee.cpp/include/dee/cuda_convert.h:16:3: warning: style of line directive is a GCC extension\n"}
,{"stream_name":"stderr","time":42.365794865,"data":"   16 |                       cudaStream_t stream, StageProfiler* profiler = nullptr);\n"}
,{"stream_name":"stderr","time":42.365798828,"data":"      |   ^ \n"}
,{"stream_name":"stderr","time":42.365809776,"data":"/tmp/dsv4-native-src/dee.cpp/include/dee/cuda_convert.h:19:3: warning: style of line directive is a GCC extension\n"}
,{"stream_name":"stderr","time":42.365814128,"data":"   19 |                       cudaStream_t stream, StageProfiler* profiler = nullptr);\n"}
,{"stream_name":"stderr","time":42.365818071,"data":"      |   ^ \n"}
,{"stream_name":"stderr","time":42.36582169,"data":"/tmp/dsv4-native-src/dee.cpp/include/dee/cuda_convert.h:22:3: warning: style of line directive is a GCC extension\n"}
,{"stream_name":"stderr","time":42.365825682,"data":"   22 |                      cudaStream_t stream, StageProfiler* profiler = nullptr);\n"}
,{"stream_name":"stderr","time":42.365829391,"data":"      |   ^ \n"}
,{"stream_name":"stderr","time":42.36587201,"data":"/tmp/dsv4-native-src/dee.cpp/include/dee/cuda_convert.h:25:3: warning: style of line directive is a GCC extension\n"}
,{"stream_name":"stderr","time":42.365877402,"data":"   25 |                       size_t projection_elements, const float scales[3],\n"}
,{"stream_name":"stderr","time":42.365881438,"data":"      |   ^ \n"}
,{"stream_name":"stderr","time":42.36590119,"data":"/tmp/dsv4-native-src/dee.cpp/include/dee/cuda_convert.h:29:3: warning: style of line directive is a GCC extension\n"}
,{"stream_name":"stderr","time":42.365905922,"data":"   29 |                       size_t projection_elements, const float scales[3],\n"}
,{"stream_name":"stderr","time":42.36590992,"data":"      |   ^ \n"}
,{"stream_name":"stderr","time":42.365913902,"data":"/tmp/dsv4-native-src/dee.cpp/include/dee/cuda_convert.h:41:3: warning: style of line directive is a GCC extension\n"}
,{"stream_name":"stderr","time":42.365941778,"data":"   41 |                           void* destination, size_t out, size_t in,\n"}
,{"stream_name":"stderr","time":42.365946137,"data":"      |   ^ \n"}
,{"stream_name":"stderr","time":42.365951879,"data":"/tmp/dsv4-native-src/dee.cpp/include/dee/cuda_convert.h:46:3: warning: style of line directive is a GCC extension\n"}
,{"stream_name":"stderr","time":42.365955974,"data":"   46 | \n"}
,{"stream_name":"stderr","time":42.36595971,"data":"      |   ^ \n"}
,{"stream_name":"stderr","time":42.366005819,"data":"/tmp/dsv4-native-src/dee.cpp/include/dee/cuda_convert.h:48:3: warning: style of line directive is a GCC extension\n"}
,{"stream_name":"stderr","time":42.366011242,"data":"   48 | \n"}
,{"stream_name":"stderr","time":42.366014836,"data":"      |   ^ \n"}
,{"stream_name":"stderr","time":42.37806989,"data":"/tmp/dsv4-native-src/dee.cpp/include/dee/cuda_check.h:10:3: warning: style of line directive is a GCC extension\n"}
,{"stream_name":"stderr","time":42.378105583,"data":"   10 | \n"}
,{"stream_name":"stderr","time":42.378109954,"data":"      |   ^ \n"}
,{"stream_name":"stderr","time":42.378113721,"data":"/tmp/dsv4-native-src/dee.cpp/include/dee/cuda_check.h:12:3: warning: style of line directive is a GCC extension\n"}
,{"stream_name":"stderr","time":42.378132363,"data":"   12 |     if (status == cudaSuccess) return true;\n"}
,{"stream_name":"stderr","time":42.378137087,"data":"      |   ^ \n"}
,{"stream_name":"stderr","time":42.378140728,"data":"/tmp/dsv4-native-src/dee.cpp/include/dee/cuda_check.h:13:3: warning: style of line directive is a GCC extension\n"}
,{"stream_name":"stderr","time":42.378144902,"data":"   13 |     std::fprintf(stderr, \"[cuda] %s failed at %s:%d: %s (%s)\\n\", operation, file, line,\n"}
,{"stream_name":"stderr","time":42.378153208,"data":"      |   ^ \n"}
,{"stream_name":"stderr","time":42.378156838,"data":"/tmp/dsv4-native-src/dee.cpp/include/dee/cuda_check.h:14:3: warning: style of line directive is a GCC extension\n"}
,{"stream_name":"stderr","time":42.378160794,"data":"   14 |                  cudaGetErrorName(status), cudaGetErrorString(status));\n"}
,{"stream_name":"stderr","time":42.37816495,"data":"      |   ^ \n"}
,{"stream_name":"stderr","time":42.378168586,"data":"/tmp/dsv4-native-src/dee.cpp/include/dee/cuda_check.h:16:3: warning: style of line directive is a GCC extension\n"}
,{"stream_name":"stderr","time":42.37817269,"data":"   16 | }\n"}
,{"stream_name":"stderr","time":42.378176366,"data":"      |   ^ \n"}
,{"stream_name":"stderr","time":42.37817995,"data":"/tmp/dsv4-native-src/dee.cpp/include/dee/cuda_check.h:17:3: warning: style of line directive is a GCC extension\n"}
,{"stream_name":"stderr","time":42.378184122,"data":"   17 | \n"}
,{"stream_name":"stderr","time":42.378188183,"data":"      |   ^ \n"}
,{"stream_name":"stderr","time":42.378191869,"data":"/tmp/dsv4-native-src/dee.cpp/include/dee/cuda_check.h:19:3: warning: style of line directive is a GCC extension\n"}
,{"stream_name":"stderr","time":42.378195764,"data":"   19 |     return cuda_check(cudaGetLastError(), operation, file, line);\n"}
,{"stream_name":"stderr","time":42.37820007,"data":"      |   ^ \n"}
,{"stream_name":"stderr","time":42.378203765,"data":"/tmp/dsv4-native-src/dee.cpp/include/dee/cuda_check.h:20:3: warning: style of line directive is a GCC extension\n"}
,{"stream_name":"stderr","time":42.378207603999996,"data":"   20 | }\n"}
,{"stream_name":"stderr","time":42.378211432,"data":"      |   ^ \n"}
,{"stream_name":"stderr","time":42.378214604,"data":"/tmp/dsv4-native-src/dee.cpp/include/dee/cuda_check.h:21:3: warning: style of line directive is a GCC extension\n"}
,{"stream_name":"stderr","time":42.378218347,"data":"   21 | \n"}
,{"stream_name":"stderr","time":42.378221464,"data":"      |   ^ \n"}
,{"stream_name":"stderr","time":42.378224713,"data":"/tmp/dsv4-native-src/dee.cpp/include/dee/cuda_check.h:23:3: warning: style of line directive is a GCC extension\n"}
,{"stream_name":"stderr","time":42.378228483,"data":"   23 |     switch (status) {\n"}
,{"stream_name":"stderr","time":42.378232045,"data":"      |   ^ \n"}
,{"stream_name":"stderr","time":42.378248746,"data":"/tmp/dsv4-native-src/dee.cpp/include/dee/cuda_check.h:24:3: warning: style of line directive is a GCC extension\n"}
,{"stream_name":"stderr","time":42.37825287,"data":"   24 |         case CUBLAS_STATUS_SUCCESS: return \"CUBLAS_STATUS_SUCCESS\";\n"}
,{"stream_name":"stderr","time":42.378256296,"data":"      |   ^ \n"}
,{"stream_name":"stderr","time":42.37825956,"data":"/tmp/dsv4-native-src/dee.cpp/include/dee/cuda_check.h:25:3: warning: style of line directive is a GCC extension\n"}
,{"stream_name":"stderr","time":42.37826313,"data":"   25 |         case CUBLAS_STATUS_NOT_INITIALIZED: return \"CUBLAS_STATUS_NOT_INITIALIZED\";\n"}
,{"stream_name":"stderr","time":42.378266836,"data":"      |   ^ \n"}
,{"stream_name":"stderr","time":42.378270268,"data":"/tmp/dsv4-native-src/dee.cpp/include/dee/cuda_check.h:26:3: warning: style of line directive is a GCC extension\n"}
,{"stream_name":"stderr","time":42.378278238,"data":"   26 |         case CUBLAS_STATUS_ALLOC_FAILED: return \"CUBLAS_STATUS_ALLOC_FAILED\";\n"}
,{"stream_name":"stderr","time":42.378281872,"data":"      |   ^ \n"}
,{"stream_name":"stderr","time":42.378285177,"data":"/tmp/dsv4-native-src/dee.cpp/include/dee/cuda_check.h:27:3: warning: style of line directive is a GCC extension\n"}
,{"stream_name":"stderr","time":42.378288578,"data":"   27 |         case CUBLAS_STATUS_INVALID_VALUE: return \"CUBLAS_STATUS_INVALID_VALUE\";\n"}
,{"stream_name":"stderr","time":42.37829226,"data":"      |   ^ \n"}
,{"stream_name":"stderr","time":42.378295309,"data":"/tmp/dsv4-native-src/dee.cpp/include/dee/cuda_check.h:28:3: warning: style of line directive is a GCC extension\n"}
,{"stream_name":"stderr","time":42.378298919,"data":"   28 |         case CUBLAS_STATUS_ARCH_MISMATCH: return \"CUBLAS_STATUS_ARCH_MISMATCH\";\n"}
,{"stream_name":"stderr","time":42.378302712,"data":"      |   ^ \n"}
,{"stream_name":"stderr","time":42.378306206,"data":"/tmp/dsv4-native-src/dee.cpp/include/dee/cuda_check.h:29:3: warning: style of line directive is a GCC extension\n"}
,{"stream_name":"stderr","time":42.378310011,"data":"   29 |         case CUBLAS_STATUS_MAPPING_ERROR: return \"CUBLAS_STATUS_MAPPING_ERROR\";\n"}
,{"stream_name":"stderr","time":42.378313563,"data":"      |   ^ \n"}
,{"stream_name":"stderr","time":42.378317023,"data":"/tmp/dsv4-native-src/dee.cpp/include/dee/cuda_check.h:30:3: warning: style of line directive is a GCC extension\n"}
,{"stream_name":"stderr","time":42.37832067,"data":"   30 |         case CUBLAS_STATUS_EXECUTION_FAILED: return \"CUBLAS_STATUS_EXECUTION_FAILED\";\n"}
,{"stream_name":"stderr","time":42.37832439,"data":"      |   ^ \n"}
,{"stream_name":"stderr","time":42.378327894,"data":"/tmp/dsv4-native-src/dee.cpp/include/dee/cuda_check.h:31:3: warning: style of line directive is a GCC extension\n"}
,{"stream_name":"stderr","time":42.378331408,"data":"   31 |         case CUBLAS_STATUS_INTERNAL_ERROR: return \"CUBLAS_STATUS_INTERNAL_ERROR\";\n"}
,{"stream_name":"stderr","time":42.378334981,"data":"      |   ^ \n"}
,{"stream_name":"stderr","time":42.378371378,"data":"/tmp/dsv4-native-src/dee.cpp/include/dee/cuda_check.h:32:3: warning: style of line directive is a GCC extension\n"}
,{"stream_name":"stderr","time":42.378467005,"data":"   32 |         case CUBLAS_STATUS_NOT_SUPPORTED: return \"CUBLAS_STATUS_NOT_SUPPORTED\";\n"}
,{"stream_name":"stderr","time":42.378471633,"data":"      |   ^ \n"}
,{"stream_name":"stderr","time":42.378475894,"data":"/tmp/dsv4-native-src/dee.cpp/include/dee/cuda_check.h:33:3: warning: style of line directive is a GCC extension\n"}
,{"stream_name":"stderr","time":42.378480141,"data":"   33 |         default: return \"CUBLAS_STATUS_UNKNOWN\";\n"}
,{"stream_name":"stderr","time":42.378485279,"data":"      |   ^ \n"}
,{"stream_name":"stderr","time":42.378489394,"data":"/tmp/dsv4-native-src/dee.cpp/include/dee/cuda_check.h:34:3: warning: style of line directive is a GCC extension\n"}
,{"stream_name":"stderr","time":42.378493414,"data":"   34 |     }\n"}
,{"stream_name":"stderr","time":42.378564154,"data":"      |   ^ \n"}
,{"stream_name":"stderr","time":42.37858823,"data":"/tmp/dsv4-native-src/dee.cpp/include/dee/cuda_check.h:35:3: warning: style of line directive is a GCC extension\n"}
,{"stream_name":"stderr","time":42.378593597,"data":"   35 | }\n"}
,{"stream_name":"stderr","time":42.378645089,"data":"      |   ^ \n"}
,{"stream_name":"stderr","time":42.378685066,"data":"/tmp/dsv4-native-src/dee.cpp/include/dee/cuda_check.h:36:3: warning: style of line directive is a GCC extension\n"}
,{"stream_name":"stderr","time":42.378699957,"data":"   36 | \n"}
,{"stream_name":"stderr","time":42.378800673,"data":"      |   ^ \n"}
,{"stream_name":"stderr","time":42.378805378,"data":"/tmp/dsv4-native-src/dee.cpp/include/dee/cuda_check.h:38:3: warning: style of line directive is a GCC extension\n"}
,{"stream_name":"stderr","time":42.37880942,"data":"   38 |     if (status == CUBLAS_STATUS_SUCCESS) return true;\n"}
,{"stream_name":"stderr","time":42.378813626,"data":"      |   ^ \n"}
,{"stream_name":"stderr","time":42.378817322,"data":"/tmp/dsv4-native-src/dee.cpp/include/dee/cuda_check.h:39:3: warning: style of line directive is a GCC extension\n"}
,{"stream_name":"stderr","time":42.378820956,"data":"   39 |     std::fprintf(stderr, \"[cublas] %s failed at %s:%d: %s (%d)\\n\", operation, file, line,\n"}
,{"stream_name":"stderr","time":42.378825151,"data":"      |   ^ \n"}
,{"stream_name":"stderr","time":42.3788767,"data":"/tmp/dsv4-native-src/dee.cpp/include/dee/cuda_check.h:40:3: warning: style of line directive is a GCC extension\n"}
,{"stream_name":"stderr","time":42.378883467,"data":"   40 |                  cublas_status_name(status), static_cast\u003cint\u003e(status));\n"}
,{"stream_name":"stderr","time":42.378887903,"data":"      |   ^ \n"}
,{"stream_name":"stderr","time":42.378891622,"data":"/tmp/dsv4-native-src/dee.cpp/include/dee/cuda_check.h:42:3: warning: style of line directive is a GCC extension\n"}
,{"stream_name":"stderr","time":42.378927742,"data":"   42 | }\n"}
,{"stream_name":"stderr","time":42.378932959,"data":"      |   ^ \n"}
,{"stream_name":"stderr","time":42.378936677,"data":"/tmp/dsv4-native-src/dee.cpp/include/dee/cuda_check.h:43:3: warning: style of line directive is a GCC extension\n"}
,{"stream_name":"stderr","time":42.378940582,"data":"   43 | \n"}
,{"stream_name":"stderr","time":42.378944409,"data":"      |   ^ \n"}
,{"stream_name":"stderr","time":42.37894863,"data":"/tmp/dsv4-native-src/dee.cpp/include/dee/cuda_check.h:45:3: warning: style of line directive is a GCC extension\n"}
,{"stream_name":"stderr","time":42.378952725,"data":"   45 | \n"}
,{"stream_name":"stderr","time":42.378956449,"data":"      |   ^\n"}
,{"stream_name":"stderr","time":42.378959988,"data":"/tmp/dsv4-native-src/dee.cpp/src/cuda_convert.cu:10:3: warning: style of line directive is a GCC extension\n"}
,{"stream_name":"stderr","time":42.3789644,"data":"   10 | namespace {\n"}
,{"stream_name":"stderr","time":42.378968102,"data":"      |   ^~\n"}
,{"stream_name":"stderr","time":42.378971764,"data":"/tmp/dsv4-native-src/dee.cpp/src/cuda_convert.cu:13:3: warning: style of line directive is a GCC extension\n"}
,{"stream_name":"stderr","time":42.3789759,"data":"   13 | \n"}
,{"stream_name":"stderr","time":42.378979442,"data":"      |   ^ \n"}
,{"stream_name":"stderr","time":42.378983067,"data":"/tmp/dsv4-native-src/dee.cpp/src/cuda_convert.cu:13:3: warning: style of line directive is a GCC extension\n"}
,{"stream_name":"stderr","time":42.378987206,"data":"   13 | \n"}
,{"stream_name":"stderr","time":42.378990762,"data":"      |   ^ \n"}
,{"stream_name":"stderr","time":42.378994386,"data":"/tmp/dsv4-native-src/dee.cpp/src/cuda_convert.cu:15:3: warning: style of line directive is a GCC extension\n"}
,{"stream_name":"stderr","time":42.378998332,"data":"   15 |                                    size_t elements) {\n"}
,{"stream_name":"stderr","time":42.379002512,"data":"      |   ^ \n"}
,{"stream_name":"stderr","time":42.379006218,"data":"/tmp/dsv4-native-src/dee.cpp/src/cuda_convert.cu:28:3: warning: style of line directive is a GCC extension\n"}
,{"stream_name":"stderr","time":42.379016242,"data":"   28 | \n"}
,{"stream_name":"stderr","time":42.379020028,"data":"      |   ^ \n"}
,{"stream_name":"stderr","time":42.379023595,"data":"/tmp/dsv4-native-src/dee.cpp/src/cuda_convert.cu:22:3: warning: style of line directive is a GCC extension\n"}
,{"stream_name":"stderr","time":42.379027424,"data":"   22 |                                    size_t elements) {\n"}
,{"stream_name":"stderr","time":42.379039403,"data":"      |   ^ \n"}
,{"stream_name":"stderr","time":42.379044441,"data":"/tmp/dsv4-native-src/dee.cpp/src/cuda_convert.cu:37:3: warning: style of line directive is a GCC extension\n"}
,{"stream_name":"stderr","time":42.379048652,"data":"   37 |                                    size_t elements, size_t projection_elements,\n"}
,{"stream_name":"stderr","time":42.379052614,"data":"      |   ^ \n"}
,{"stream_name":"stderr","time":42.379056798,"data":"/tmp/dsv4-native-src/dee.cpp/src/cuda_convert.cu:30:3: warning: style of line directive is a GCC extension\n"}
,{"stream_name":"stderr","time":42.379061034,"data":"   30 |                                   size_t elements) {\n"}
,{"stream_name":"stderr","time":42.379064623,"data":"      |   ^ \n"}
,{"stream_name":"stderr","time":42.379068305,"data":"/tmp/dsv4-native-src/dee.cpp/src/cuda_convert.cu:43:3: warning: style of line directive is a GCC extension\n"}
,{"stream_name":"stderr","time":42.379072369,"data":"   43 |         : (index \u003c 2 * projection_elements ? up_scale : down_scale);\n"}
,{"stream_name":"stderr","time":42.379076329,"data":"      |   ^ \n"}
,{"stream_name":"stderr","time":42.379079981,"data":"/tmp/dsv4-native-src/dee.cpp/src/cuda_convert.cu:37:3: warning: style of line directive is a GCC extension\n"}
,{"stream_name":"stderr","time":42.379084338,"data":"   37 |                                    size_t elements, size_t projection_elements,\n"}
,{"stream_name":"stderr","time":42.379089072,"data":"      |   ^ \n"}
,{"stream_name":"stderr","time":42.379092466,"data":"/tmp/dsv4-native-src/dee.cpp/src/cuda_convert.cu:38:3: warning: style of line directive is a GCC extension\n"}
,{"stream_name":"stderr","time":42.37909648,"data":"   38 |                                    float gate_scale, float up_scale,\n"}
,{"stream_name":"stderr","time":42.379100744,"data":"      |   ^ \n"}
,{"stream_name":"stderr","time":42.379104401,"data":"/tmp/dsv4-native-src/dee.cpp/src/cuda_convert.cu:39:3: warning: style of line directive is a GCC extension\n"}
,{"stream_name":"stderr","time":42.379108265,"data":"   39 |                                    float down_scale) {\n"}
,{"stream_name":"stderr","time":42.379112107,"data":"      |   ^ \n"}
,{"stream_name":"stderr","time":42.379116246,"data":"/tmp/dsv4-native-src/dee.cpp/src/cuda_convert.cu:54:3: warning: style of line directive is a GCC extension\n"}
,{"stream_name":"stderr","time":42.379120318,"data":"   54 |     const uint8_t nibble = index \u0026 1 ? packed \u003e\u003e 4 : packed \u0026 0x0f;\n"}
,{"stream_name":"stderr","time":42.37912463,"data":"      |   ^ \n"}
,{"stream_name":"stderr","time":42.379128285,"data":"/tmp/dsv4-native-src/dee.cpp/src/cuda_convert.cu:48:3: warning: style of line directive is a GCC extension\n"}
,{"stream_name":"stderr","time":42.379132182,"data":"   48 |                                    size_t elements, size_t projection_elements,\n"}
,{"stream_name":"stderr","time":42.379136453,"data":"      |   ^ \n"}
,{"stream_name":"stderr","time":42.379237362,"data":"/tmp/dsv4-native-src/dee.cpp/src/cuda_convert.cu:49:3: warning: style of line directive is a GCC extension\n"}
,{"stream_name":"stderr","time":42.379250542,"data":"   49 |                                    float gate_scale, float up_scale,\n"}
,{"stream_name":"stderr","time":42.379264394,"data":"      |   ^ \n"}
,{"stream_name":"stderr","time":42.379268196,"data":"/tmp/dsv4-native-src/dee.cpp/src/cuda_convert.cu:50:3: warning: style of line directive is a GCC extension\n"}
,{"stream_name":"stderr","time":42.379271951,"data":"   50 |                                    float down_scale) {\n"}
,{"stream_name":"stderr","time":42.37927564,"data":"      |   ^ \n"}
,{"stream_name":"stderr","time":42.379279093,"data":"/tmp/dsv4-native-src/dee.cpp/src/cuda_convert.cu:71:3: warning: style of line directive is a GCC extension\n"}
,{"stream_name":"stderr","time":42.37928272,"data":"   71 |     const size_t blocks = (elements + kConversionThreads - 1) / kConversionThreads;\n"}
,{"stream_name":"stderr","time":42.379286464,"data":"      |   ^ \n"}
,{"stream_name":"stderr","time":42.379290138,"data":"/tmp/dsv4-native-src/dee.cpp/src/cuda_convert.cu:62:3: warning: style of line directive is a GCC extension\n"}
,{"stream_name":"stderr","time":42.379293726,"data":"   62 |                       cudaStream_t stream, const char* name) {\n"}
,{"stream_name":"stderr","time":42.3792974,"data":"      |   ^ \n"}
,{"stream_name":"stderr","time":42.379300854,"data":"/tmp/dsv4-native-src/dee.cpp/src/cuda_convert.cu:63:3: warning: style of line directive is a GCC extension\n"}
,{"stream_name":"stderr","time":42.379304528,"data":"   63 |     if (!source || !destination || !stream || elements == 0) {\n"}
,{"stream_name":"stderr","time":42.37930816,"data":"      |   ^ \n"}
,{"stream_name":"stderr","time":42.379311682,"data":"/tmp/dsv4-native-src/dee.cpp/src/cuda_convert.cu:64:3: warning: style of line directive is a GCC extension\n"}
,{"stream_name":"stderr","time":42.379315434,"data":"   64 |         std::fprintf(stderr, \"[cuda] invalid %s arguments (elements=%zu)\\n\", name, elements);\n"}
,{"stream_name":"stderr","time":42.379319562,"data":"      |   ^ \n"}
,{"stream_name":"stderr","time":42.379323312,"data":"/tmp/dsv4-native-src/dee.cpp/src/cuda_convert.cu:65:3: warning: style of line directive is a GCC extension\n"}
,{"stream_name":"stderr","time":42.37932713,"data":"   65 |         return false;\n"}
,{"stream_name":"stderr","time":42.379330882,"data":"      |   ^ \n"}
,{"stream_name":"stderr","time":42.3793343,"data":"/tmp/dsv4-native-src/dee.cpp/src/cuda_convert.cu:66:3: warning: style of line directive is a GCC extension\n"}
,{"stream_name":"stderr","time":42.379338105,"data":"   66 |     }\n"}
,{"stream_name":"stderr","time":42.379341949,"data":"      |   ^ \n"}
,{"stream_name":"stderr","time":42.379345421,"data":"/tmp/dsv4-native-src/dee.cpp/src/cuda_convert.cu:67:3: warning: style of line directive is a GCC extension\n"}
,{"stream_name":"stderr","time":42.379349378,"data":"   67 |     return true;\n"}
,{"stream_name":"stderr","time":42.379352923,"data":"      |   ^ \n"}
,{"stream_name":"stderr","time":42.379356582,"data":"/tmp/dsv4-native-src/dee.cpp/src/cuda_convert.cu:68:3: warning: style of line directive is a GCC extension\n"}
,{"stream_name":"stderr","time":42.379360494,"data":"   68 | }\n"}
,{"stream_name":"stderr","time":42.379364056,"data":"      |   ^ \n"}
,{"stream_name":"stderr","time":42.379380991,"data":"/tmp/dsv4-native-src/dee.cpp/src/cuda_convert.cu:69:3: warning: style of line directive is a GCC extension\n"}
,{"stream_name":"stderr","time":42.379385358,"data":"   69 | \n"}
,{"stream_name":"stderr","time":42.379388836,"data":"      |   ^ \n"}
,{"stream_name":"stderr","time":42.379392238,"data":"/tmp/dsv4-native-src/dee.cpp/src/cuda_convert.cu:71:3: warning: style of line directive is a GCC extension\n"}
,{"stream_name":"stderr","time":42.379400074,"data":"   71 |     const size_t blocks = (elements + kConversionThreads - 1) / kConversionThreads;\n"}
,{"stream_name":"stderr","time":42.379404008,"data":"      |   ^ \n"}
,{"stream_name":"stderr","time":42.379407404,"data":"/tmp/dsv4-native-src/dee.cpp/src/cuda_convert.cu:72:3: warning: style of line directive is a GCC extension\n"}
,{"stream_name":"stderr","time":42.379411089,"data":"   72 |     if (blocks \u003e static_cast\u003csize_t\u003e(std::numeric_limits\u003cunsigned int\u003e::max())) {\n"}
,{"stream_name":"stderr","time":42.379415625,"data":"      |   ^ \n"}
,{"stream_name":"stderr","time":42.379419094,"data":"/tmp/dsv4-native-src/dee.cpp/src/cuda_convert.cu:73:3: warning: style of line directive is a GCC extension\n"}
,{"stream_name":"stderr","time":42.379422682,"data":"   73 |         std::fprintf(stderr, \"[cuda] %s grid is too large: %zu blocks\\n\", name, blocks);\n"}
,{"stream_name":"stderr","time":42.379426455,"data":"      |   ^ \n"}
,{"stream_name":"stderr","time":42.379429799,"data":"/tmp/dsv4-native-src/dee.cpp/src/cuda_convert.cu:74:3: warning: style of line directive is a GCC extension\n"}
,{"stream_name":"stderr","time":42.379433502,"data":"   74 |         return 0;\n"}
,{"stream_name":"stderr","time":42.379436896,"data":"      |   ^ \n"}
,{"stream_name":"stderr","time":42.379440204,"data":"/tmp/dsv4-native-src/dee.cpp/src/cuda_convert.cu:75:3: warning: style of line directive is a GCC extension\n"}
,{"stream_name":"stderr","time":42.379443886,"data":"   75 |     }\n"}
,{"stream_name":"stderr","time":42.37945116,"data":"      |   ^ \n"}
,{"stream_name":"stderr","time":42.37948317,"data":"/tmp/dsv4-native-src/dee.cpp/src/cuda_convert.cu:76:3: warning: style of line directive is a GCC extension\n"}
,{"stream_name":"stderr","time":42.379493188,"data":"   76 |     return static_cast\u003cunsigned int\u003e(blocks);\n"}
,{"stream_name":"stderr","time":42.379497549,"data":"      |   ^ \n"}
,{"stream_name":"stderr","time":42.379501614,"data":"/tmp/dsv4-native-src/dee.cpp/src/cuda_convert.cu:77:3: warning: style of line directive is a GCC extension\n"}
,{"stream_name":"stderr","time":42.379505876,"data":"   77 | }\n"}
,{"stream_name":"stderr","time":42.379509484,"data":"      |   ^ \n"}
,{"stream_name":"stderr","time":42.379562706,"data":"/tmp/dsv4-native-src/dee.cpp/src/cuda_convert.cu:78:3: warning: style of line directive is a GCC extension\n"}
,{"stream_name":"stderr","time":42.379569568,"data":"   78 | \n"}
,{"stream_name":"stderr","time":42.379573215,"data":"      |   ^ \n"}
,{"stream_name":"stderr","time":42.379576624,"data":"/tmp/dsv4-native-src/dee.cpp/src/cuda_convert.cu:80:3: warning: style of line directive is a GCC extension\n"}
,{"stream_name":"stderr","time":42.379580472,"data":"   80 | \n"}
,{"stream_name":"stderr","time":42.379583897,"data":"      |   ^ \n"}
,{"stream_name":"stderr","time":42.379587531,"data":"/tmp/dsv4-native-src/dee.cpp/src/cuda_convert.cu:82:3: warning: style of line directive is a GCC extension\n"}
,{"stream_name":"stderr","time":42.379591354,"data":"   82 |                       cudaStream_t stream, StageProfiler* profiler) {\n"}
,{"stream_name":"stderr","time":42.379595194,"data":"      |   ^ \n"}
,{"stream_name":"stderr","time":42.379598634,"data":"/tmp/dsv4-native-src/dee.cpp/src/cuda_convert.cu:83:3: warning: style of line directive is a GCC extension\n"}
,{"stream_name":"stderr","time":42.379602434,"data":"   83 |     if (!source || !destination || !stream || elements == 0) {\n"}
,{"stream_name":"stderr","time":42.379606502,"data":"      |   ^ \n"}
,{"stream_name":"stderr","time":42.37969529,"data":"/tmp/dsv4-native-src/dee.cpp/src/cuda_convert.cu:84:3: warning: style of line directive is a GCC extension\n"}
,{"stream_name":"stderr","time":42.379730016,"data":"   84 |         std::fprintf(stderr, \"[cuda] invalid BF16 conversion arguments (elements=%zu)\\n\", elements);\n"}
,{"stream_name":"stderr","time":42.379735578,"data":"      |   ^ \n"}
,{"stream_name":"stderr","time":42.379750793,"data":"/tmp/dsv4-native-src/dee.cpp/src/cuda_convert.cu:85:3: warning: style of line directive is a GCC extension\n"}
,{"stream_name":"stderr","time":42.379755004,"data":"   85 |         return false;\n"}
,{"stream_name":"stderr","time":42.379759024,"data":"      |   ^ \n"}
,{"stream_name":"stderr","time":42.379813872,"data":"/tmp/dsv4-native-src/dee.cpp/src/cuda_convert.cu:86:3: warning: style of line directive is a GCC extension\n"}
,{"stream_name":"stderr","time":42.379820285,"data":"   86 |     }\n"}
,{"stream_name":"stderr","time":42.379824118,"data":"      |   ^ \n"}
,{"stream_name":"stderr","time":42.379830951,"data":"/tmp/dsv4-native-src/dee.cpp/src/cuda_convert.cu:87:3: warning: style of line directive is a GCC extension\n"}
,{"stream_name":"stderr","time":42.379834905,"data":"   87 |     const size_t blocks = (elements + kConversionThreads - 1) / kConversionThreads;\n"}
,{"stream_name":"stderr","time":42.379839,"data":"      |   ^ \n"}
,{"stream_name":"stderr","time":42.37984264,"data":"/tmp/dsv4-native-src/dee.cpp/src/cuda_convert.cu:88:3: warning: style of line directive is a GCC extension\n"}
,{"stream_name":"stderr","time":42.379846978,"data":"   88 |     if (blocks \u003e static_cast\u003csize_t\u003e(std::numeric_limits\u003cunsigned int\u003e::max())) {\n"}
,{"stream_name":"stderr","time":42.37985136,"data":"      |   ^ \n"}
,{"stream_name":"stderr","time":42.379854711,"data":"/tmp/dsv4-native-src/dee.cpp/src/cuda_convert.cu:89:3: warning: style of line directive is a GCC extension\n"}
,{"stream_name":"stderr","time":42.379858529,"data":"   89 |         std::fprintf(stderr, \"[cuda] BF16 conversion grid is too large: %zu blocks\\n\", blocks);\n"}
,{"stream_name":"stderr","time":42.379862931,"data":"      |   ^ \n"}
,{"stream_name":"stderr","time":42.379866558,"data":"/tmp/dsv4-native-src/dee.cpp/src/cuda_convert.cu:90:3: warning: style of line directive is a GCC extension\n"}
,{"stream_name":"stderr","time":42.379870529,"data":"   90 |         return false;\n"}
,{"stream_name":"stderr","time":42.37987417,"data":"      |   ^ \n"}
,{"stream_name":"stderr","time":42.379963179,"data":"/tmp/dsv4-native-src/dee.cpp/src/cuda_convert.cu:91:3: warning: style of line directive is a GCC extension\n"}
,{"stream_name":"stderr","time":42.379974951,"data":"   91 |     }\n"}
,{"stream_name":"stderr","time":42.379978711,"data":"      |   ^ \n"}
,{"stream_name":"stderr","time":42.379982337,"data":"/tmp/dsv4-native-src/dee.cpp/src/cuda_convert.cu:92:3: warning: style of line directive is a GCC extension\n"}
,{"stream_name":"stderr","time":42.379986317,"data":"   92 |     const size_t ticket = profiler \u0026\u0026 profiler-\u003eenabled()\n"}
,{"stream_name":"stderr","time":42.379990724,"data":"      |   ^ \n"}
,{"stream_name":"stderr","time":42.379994388,"data":"/tmp/dsv4-native-src/dee.cpp/src/cuda_convert.cu:93:3: warning: style of line directive is a GCC extension\n"}
,{"stream_name":"stderr","time":42.379998371,"data":"   93 |         ? profiler-\u003ecuda_begin(GpuStage::WeightConversion, static_cast\u003cvoid*\u003e(stream))\n"}
,{"stream_name":"stderr","time":42.380033932,"data":"      |   ^ \n"}
,{"stream_name":"stderr","time":42.380038098,"data":"/tmp/dsv4-native-src/dee.cpp/src/cuda_convert.cu:96:3: warning: style of line directive is a GCC extension\n"}
,{"stream_name":"stderr","time":42.380051631,"data":"   96 |         source, destination, elements);\n"}
,{"stream_name":"stderr","time":42.380055831,"data":"      |   ^ \n"}
,{"stream_name":"stderr","time":42.380060559,"data":"/tmp/dsv4-native-src/dee.cpp/src/cuda_convert.cu:98:3: warning: style of line directive is a GCC extension\n"}
,{"stream_name":"stderr","time":42.38006461,"data":"   98 |     if (!DEE_CUDA_CHECK_LAUNCH(\"bf16_to_f32_kernel launch\")) return false;\n"}
,{"stream_name":"stderr","time":42.380068722,"data":"      |   ^ \n"}
,{"stream_name":"stderr","time":42.380072283,"data":"/tmp/dsv4-native-src/dee.cpp/src/cuda_convert.cu:99:3: warning: style of line directive is a GCC extension\n"}
,{"stream_name":"stderr","time":42.380076003,"data":"   99 |     if (profiler \u0026\u0026 profiler-\u003eenabled() \u0026\u0026\n"}
,{"stream_name":"stderr","time":42.38008,"data":"      |   ^ \n"}
,{"stream_name":"stderr","time":42.3800851,"data":"/tmp/dsv4-native-src/dee.cpp/src/cuda_convert.cu:100:3: warning: style of line directive is a GCC extension\n"}
,{"stream_name":"stderr","time":42.380088763,"data":"  100 |         !profiler-\u003ecuda_end(ticket, static_cast\u003cvoid*\u003e(stream))) return false;\n"}
,{"stream_name":"stderr","time":42.38009291,"data":"      |   ^  \n"}
,{"stream_name":"stderr","time":42.380189117,"data":"/tmp/dsv4-native-src/dee.cpp/src/cuda_convert.cu:101:3: warning: style of line directive is a GCC extension\n"}
,{"stream_name":"stderr","time":42.380197538,"data":"  101 | #ifdef DEE_CUDA_VALIDATE\n"}
,{"stream_name":"stderr","time":42.38020215,"data":"      |   ^~~\n"}
,{"stream_name":"stderr","time":42.380205986,"data":"/tmp/dsv4-native-src/dee.cpp/src/cuda_convert.cu:106:3: warning: style of line directive is a GCC extension\n"}
,{"stream_name":"stderr","time":42.380210288,"data":"  106 | #endif\n"}
,{"stream_name":"stderr","time":42.380213986,"data":"      |   ^~~\n"}
,{"stream_name":"stderr","time":42.380217464,"data":"/tmp/dsv4-native-src/dee.cpp/src/cuda_convert.cu:108:3: warning: style of line directive is a GCC extension\n"}
,{"stream_name":"stderr","time":42.380221558,"data":"  108 | \n"}
,{"stream_name":"stderr","time":42.380225232,"data":"      |   ^  \n"}
,{"stream_name":"stderr","time":42.380286332,"data":"/tmp/dsv4-native-src/dee.cpp/src/cuda_convert.cu:110:3: warning: style of line directive is a GCC extension\n"}
,{"stream_name":"stderr","time":42.380295103,"data":"  110 |                       cudaStream_t stream, StageProfiler* profiler) {\n"}
,{"stream_name":"stderr","time":42.380298787,"data":"      |   ^  \n"}
,{"stream_name":"stderr","time":42.380302143,"data":"/tmp/dsv4-native-src/dee.cpp/src/cuda_convert.cu:111:3: warning: style of line directive is a GCC extension\n"}
,{"stream_name":"stderr","time":42.380306031,"data":"  111 |     if (!valid_conversion(source, destination, elements, stream, \"BF16-to-FP16 conversion\")) return false;\n"}
,{"stream_name":"stderr","time":42.380310186,"data":"      |   ^ ~\n"}
,{"stream_name":"stderr","time":42.380313616,"data":"/tmp/dsv4-native-src/dee.cpp/src/cuda_convert.cu:112:3: warning: style of line directive is a GCC extension\n"}
,{"stream_name":"stderr","time":42.380317509,"data":"  112 |     const unsigned int blocks = conversion_blocks(elements, \"BF16-to-FP16 conversion\");\n"}
,{"stream_name":"stderr","time":42.380321507,"data":"      |   ^ ~\n"}
,{"stream_name":"stderr","time":42.380355392,"data":"/tmp/dsv4-native-src/dee.cpp/src/cuda_convert.cu:113:3: warning: style of line directive is a GCC extension\n"}
,{"stream_name":"stderr","time":42.380361326,"data":"  113 |     if (!blocks) return false;\n"}
,{"stream_name":"stderr","time":42.380372988,"data":"      |   ^ ~\n"}
,{"stream_name":"stderr","time":42.380376412,"data":"/tmp/dsv4-native-src/dee.cpp/src/cuda_convert.cu:114:3: warning: style of line directive is a GCC extension\n"}
,{"stream_name":"stderr","time":42.380380102,"data":"  114 |     const size_t ticket = profiler \u0026\u0026 profiler-\u003eenabled()\n"}
,{"stream_name":"stderr","time":42.380384371,"data":"      |   ^ ~\n"}
,{"stream_name":"stderr","time":42.38041598,"data":"/tmp/dsv4-native-src/dee.cpp/src/cuda_convert.cu:115:3: warning: style of line directive is a GCC extension\n"}
,{"stream_name":"stderr","time":42.380421386,"data":"  115 |         ? profiler-\u003ecuda_begin(GpuStage::WeightConversion, static_cast\u003cvoid*\u003e(stream))\n"}
,{"stream_name":"stderr","time":42.380425562,"data":"      |   ^  \n"}
,{"stream_name":"stderr","time":42.380437385,"data":"/tmp/dsv4-native-src/dee.cpp/src/cuda_convert.cu:118:3: warning: style of line directive is a GCC extension\n"}
,{"stream_name":"stderr","time":42.380441798,"data":"  118 |         source, static_cast\u003c__half*\u003e(destination), elements);\n"}
,{"stream_name":"stderr","time":42.380445756,"data":"      |   ^  \n"}
,{"stream_name":"stderr","time":42.38051198,"data":"/tmp/dsv4-native-src/dee.cpp/src/cuda_convert.cu:120:3: warning: style of line directive is a GCC extension\n"}
,{"stream_name":"stderr","time":42.380519159,"data":"  120 |     if (!DEE_CUDA_CHECK_LAUNCH(\"bf16_to_f16_kernel launch\")) return false;\n"}
,{"stream_name":"stderr","time":42.380523433,"data":"      |   ^ ~\n"}
,{"stream_name":"stderr","time":42.380572549,"data":"/tmp/dsv4-native-src/dee.cpp/src/cuda_convert.cu:121:3: warning: style of line directive is a GCC extension\n"}
,{"stream_name":"stderr","time":42.3805793,"data":"  121 |     if (profiler \u0026\u0026 profiler-\u003eenabled() \u0026\u0026\n"}
,{"stream_name":"stderr","time":42.380583558,"data":"      |   ^ ~\n"}
,{"stream_name":"stderr","time":42.380587056,"data":"/tmp/dsv4-native-src/dee.cpp/src/cuda_convert.cu:122:3: warning: style of line directive is a GCC extension\n"}
,{"stream_name":"stderr","time":42.380590981,"data":"  122 |         !profiler-\u003ecuda_end(ticket, static_cast\u003cvoid*\u003e(stream))) return false;\n"}
,{"stream_name":"stderr","time":42.380595167,"data":"      |   ^  \n"}
,{"stream_name":"stderr","time":42.380629796,"data":"/tmp/dsv4-native-src/dee.cpp/src/cuda_convert.cu:123:3: warning: style of line directive is a GCC extension\n"}
,{"stream_name":"stderr","time":42.380635063,"data":"  123 | #ifdef DEE_CUDA_VALIDATE\n"}
,{"stream_name":"stderr","time":42.380638852,"data":"      |   ^~~\n"}
,{"stream_name":"stderr","time":42.380680712,"data":"/tmp/dsv4-native-src/dee.cpp/src/cuda_convert.cu:128:3: warning: style of line directive is a GCC extension\n"}
,{"stream_name":"stderr","time":42.380685572,"data":"  128 | #endif\n"}
,{"stream_name":"stderr","time":42.380689134,"data":"      |   ^~~\n"}
,{"stream_name":"stderr","time":42.380699382,"data":"/tmp/dsv4-native-src/dee.cpp/src/cuda_convert.cu:130:3: warning: style of line directive is a GCC extension\n"}
,{"stream_name":"stderr","time":42.380703416,"data":"  130 | \n"}
,{"stream_name":"stderr","time":42.380706926,"data":"      |   ^  \n"}
,{"stream_name":"stderr","time":42.380780405,"data":"/tmp/dsv4-native-src/dee.cpp/src/cuda_convert.cu:132:3: warning: style of line directive is a GCC extension\n"}
,{"stream_name":"stderr","time":42.38079265,"data":"  132 |                      cudaStream_t stream, StageProfiler* profiler) {\n"}
,{"stream_name":"stderr","time":42.38079643,"data":"      |   ^  \n"}
,{"stream_name":"stderr","time":42.380814688,"data":"/tmp/dsv4-native-src/dee.cpp/src/cuda_convert.cu:133:3: warning: style of line directive is a GCC extension\n"}
,{"stream_name":"stderr","time":42.380818838,"data":"  133 |     if (!valid_conversion(source, destination, elements, stream, \"FP32-to-FP16 conversion\")) return false;\n"}
,{"stream_name":"stderr","time":42.380822733,"data":"      |   ^ ~\n"}
,{"stream_name":"stderr","time":42.380922538,"data":"/tmp/dsv4-native-src/dee.cpp/src/cuda_convert.cu:134:3: warning: style of line directive is a GCC extension\n"}
,{"stream_name":"stderr","time":42.380928036,"data":"  134 |     const unsigned int blocks = conversion_blocks(elements, \"FP32-to-FP16 conversion\");\n"}
,{"stream_name":"stderr","time":42.380931923,"data":"      |   ^ ~\n"}
,{"stream_name":"stderr","time":42.380935355,"data":"/tmp/dsv4-native-src/dee.cpp/src/cuda_convert.cu:135:3: warning: style of line directive is a GCC extension\n"}
,{"stream_name":"stderr","time":42.380938984,"data":"  135 |     if (!blocks) return false;\n"}
,{"stream_name":"stderr","time":42.38094264,"data":"      |   ^ ~\n"}
,{"stream_name":"stderr","time":42.380946075,"data":"/tmp/dsv4-native-src/dee.cpp/src/cuda_convert.cu:136:3: warning: style of line directive is a GCC extension\n"}
,{"stream_name":"stderr","time":42.380949946,"data":"  136 |     f32_to_f16_kernel\u003c\u003c\u003cblocks, kConversionThreads, 0, stream\u003e\u003e\u003e(\n"}
,{"stream_name":"stderr","time":42.380953992,"data":"      |   ^ ~\n"}
,{"stream_name":"stderr","time":42.38098605,"data":"/tmp/dsv4-native-src/dee.cpp/src/cuda_convert.cu:137:3: warning: style of line directive is a GCC extension\n"}
,{"stream_name":"stderr","time":42.380990961,"data":"  137 |         source, static_cast\u003c__half*\u003e(destination), elements);\n"}
,{"stream_name":"stderr","time":42.380994755,"data":"      |   ^  \n"}
,{"stream_name":"stderr","time":42.381105575,"data":"/tmp/dsv4-native-src/dee.cpp/src/cuda_convert.cu:139:3: warning: style of line directive is a GCC extension\n"}
,{"stream_name":"stderr","time":42.381112469,"data":"  139 |     if (!DEE_CUDA_CHECK_LAUNCH(\"f32_to_f16_kernel launch\")) return false;\n"}
,{"stream_name":"stderr","time":42.381116194,"data":"      |   ^ ~\n"}
,{"stream_name":"stderr","time":42.381119674,"data":"/tmp/dsv4-native-src/dee.cpp/src/cuda_convert.cu:140:3: warning: style of line directive is a GCC extension\n"}
,{"stream_name":"stderr","time":42.381123743,"data":"  140 | #ifdef DEE_CUDA_VALIDATE\n"}
,{"stream_name":"stderr","time":42.381127465,"data":"      |   ^~~\n"}
,{"stream_name":"stderr","time":42.381130946,"data":"/tmp/dsv4-native-src/dee.cpp/src/cuda_convert.cu:145:3: warning: style of line directive is a GCC extension\n"}
,{"stream_name":"stderr","time":42.381134784,"data":"  145 | #endif\n"}
,{"stream_name":"stderr","time":42.381138182,"data":"      |   ^~~\n"}
,{"stream_name":"stderr","time":42.381145534,"data":"/tmp/dsv4-native-src/dee.cpp/src/cuda_convert.cu:147:3: warning: style of line directive is a GCC extension\n"}
,{"stream_name":"stderr","time":42.381149205,"data":"  147 | \n"}
,{"stream_name":"stderr","time":42.381152762,"data":"      |   ^  \n"}
,{"stream_name":"stderr","time":42.381206638,"data":"/tmp/dsv4-native-src/dee.cpp/src/cuda_convert.cu:149:3: warning: style of line directive is a GCC extension\n"}
,{"stream_name":"stderr","time":42.381212198,"data":"  149 |                       size_t projection_elements, const float scales[3],\n"}
,{"stream_name":"stderr","time":42.381215904,"data":"      |   ^  \n"}
,{"stream_name":"stderr","time":42.381271173,"data":"/tmp/dsv4-native-src/dee.cpp/src/cuda_convert.cu:150:3: warning: style of line directive is a GCC extension\n"}
,{"stream_name":"stderr","time":42.381283569,"data":"  150 |                       cudaStream_t stream, StageProfiler* profiler) {\n"}
,{"stream_name":"stderr","time":42.381287618,"data":"      |   ^  \n"}
,{"stream_name":"stderr","time":42.381300151,"data":"/tmp/dsv4-native-src/dee.cpp/src/cuda_convert.cu:151:3: warning: style of line directive is a GCC extension\n"}
,{"stream_name":"stderr","time":42.381342313,"data":"  151 |     if (!valid_conversion(source, destination, elements, stream,\n"}
,{"stream_name":"stderr","time":42.381348068,"data":"      |   ^ ~\n"}
,{"stream_name":"stderr","time":42.381408977,"data":"/tmp/dsv4-native-src/dee.cpp/src/cuda_convert.cu:152:3: warning: style of line directive is a GCC extension\n"}
,{"stream_name":"stderr","time":42.381442792,"data":"  152 |                           \"INT8-to-FP16 conversion\") || !scales ||\n"}
,{"stream_name":"stderr","time":42.381490327,"data":"      |   ^  \n"}
,{"stream_name":"stderr","time":42.381500206,"data":"/tmp/dsv4-native-src/dee.cpp/src/cuda_convert.cu:154:3: warning: style of line directive is a GCC extension\n"}
,{"stream_name":"stderr","time":42.381504159,"data":"  154 |         std::fprintf(stderr, \"[cuda] invalid INT8 projection layout (elements=%zu projection=%zu)\\n\",\n"}
,{"stream_name":"stderr","time":42.381508232,"data":"      |   ^  \n"}
,{"stream_name":"stderr","time":42.381514518,"data":"/tmp/dsv4-native-src/dee.cpp/src/cuda_convert.cu:155:3: warning: style of line directive is a GCC extension\n"}
,{"stream_name":"stderr","time":42.381518522,"data":"  155 |                      elements, projection_elements);\n"}
,{"stream_name":"stderr","time":42.381522358,"data":"      |   ^  \n"}
,{"stream_name":"stderr","time":42.381525907,"data":"/tmp/dsv4-native-src/dee.cpp/src/cuda_convert.cu:157:3: warning: style of line directive is a GCC extension\n"}
,{"stream_name":"stderr","time":42.381582417,"data":"  157 |     }\n"}
,{"stream_name":"stderr","time":42.381587424,"data":"      |   ^ ~\n"}
,{"stream_name":"stderr","time":42.381618325,"data":"/tmp/dsv4-native-src/dee.cpp/src/cuda_convert.cu:158:3: warning: style of line directive is a GCC extension\n"}
,{"stream_name":"stderr","time":42.381624078,"data":"  158 |     const unsigned int blocks = conversion_blocks(elements, \"INT8-to-FP16 conversion\");\n"}
,{"stream_name":"stderr","time":42.381628386,"data":"      |   ^ ~\n"}
,{"stream_name":"stderr","time":42.381631982,"data":"/tmp/dsv4-native-src/dee.cpp/src/cuda_convert.cu:159:3: warning: style of line directive is a GCC extension\n"}
,{"stream_name":"stderr","time":42.381635897,"data":"  159 |     if (!blocks) return false;\n"}
,{"stream_name":"stderr","time":42.381683974,"data":"      |   ^ ~\n"}
,{"stream_name":"stderr","time":42.381691239,"data":"/tmp/dsv4-native-src/dee.cpp/src/cuda_convert.cu:160:3: warning: style of line directive is a GCC extension\n"}
,{"stream_name":"stderr","time":42.381695234,"data":"  160 |     const size_t ticket = profiler \u0026\u0026 profiler-\u003eenabled()\n"}
,{"stream_name":"stderr","time":42.381699385,"data":"      |   ^ ~\n"}
,{"stream_name":"stderr","time":42.381702948,"data":"/tmp/dsv4-native-src/dee.cpp/src/cuda_convert.cu:161:3: warning: style of line directive is a GCC extension\n"}
,{"stream_name":"stderr","time":42.381707241,"data":"  161 |         ? profiler-\u003ecuda_begin(GpuStage::WeightConversion, static_cast\u003cvoid*\u003e(stream))\n"}
,{"stream_name":"stderr","time":42.381768644,"data":"      |   ^  \n"}
,{"stream_name":"stderr","time":42.381781086,"data":"/tmp/dsv4-native-src/dee.cpp/src/cuda_convert.cu:164:3: warning: style of line directive is a GCC extension\n"}
,{"stream_name":"stderr","time":42.381825006,"data":"  164 |         source, static_cast\u003c__half*\u003e(destination), elements, projection_elements,\n"}
,{"stream_name":"stderr","time":42.381830249,"data":"      |   ^  \n"}
,{"stream_name":"stderr","time":42.381861648,"data":"/tmp/dsv4-native-src/dee.cpp/src/cuda_convert.cu:167:3: warning: style of line directive is a GCC extension\n"}
,{"stream_name":"stderr","time":42.381866124,"data":"  167 |     if (!DEE_CUDA_CHECK_LAUNCH(\"int8_to_f16_kernel launch\")) return false;\n"}
,{"stream_name":"stderr","time":42.381870057,"data":"      |   ^ ~\n"}
,{"stream_name":"stderr","time":42.381944554,"data":"/tmp/dsv4-native-src/dee.cpp/src/cuda_convert.cu:168:3: warning: style of line directive is a GCC extension\n"}
,{"stream_name":"stderr","time":42.381956124,"data":"  168 |     if (profiler \u0026\u0026 profiler-\u003eenabled() \u0026\u0026\n"}
,{"stream_name":"stderr","time":42.381960866,"data":"      |   ^ ~\n"}
,{"stream_name":"stderr","time":42.381964643,"data":"/tmp/dsv4-native-src/dee.cpp/src/cuda_convert.cu:169:3: warning: style of line directive is a GCC extension\n"}
,{"stream_name":"stderr","time":42.381968631,"data":"  169 |         !profiler-\u003ecuda_end(ticket, static_cast\u003cvoid*\u003e(stream))) return false;\n"}
,{"stream_name":"stderr","time":42.381973076,"data":"      |   ^  \n"}
,{"stream_name":"stderr","time":42.381988142,"data":"/tmp/dsv4-native-src/dee.cpp/src/cuda_convert.cu:170:3: warning: style of line directive is a GCC extension\n"}
,{"stream_name":"stderr","time":42.381992318,"data":"  170 | #ifdef DEE_CUDA_VALIDATE\n"}
,{"stream_name":"stderr","time":42.381996117,"data":"      |   ^~~\n"}
,{"stream_name":"stderr","time":42.382000001,"data":"/tmp/dsv4-native-src/dee.cpp/src/cuda_convert.cu:175:3: warning: style of line directive is a GCC extension\n"}
,{"stream_name":"stderr","time":42.382003862,"data":"  175 | #endif\n"}
,{"stream_name":"stderr","time":42.382007247,"data":"      |   ^~~\n"}
,{"stream_name":"stderr","time":42.38212365,"data":"/tmp/dsv4-native-src/dee.cpp/src/cuda_convert.cu:177:3: warning: style of line directive is a GCC extension\n"}
,{"stream_name":"stderr","time":42.382130442,"data":"  177 | \n"}
,{"stream_name":"stderr","time":42.38213418,"data":"      |   ^  \n"}
,{"stream_name":"stderr","time":42.382137687,"data":"/tmp/dsv4-native-src/dee.cpp/src/cuda_convert.cu:179:3: warning: style of line directive is a GCC extension\n"}
,{"stream_name":"stderr","time":42.382141484,"data":"  179 |                       size_t projection_elements, const float scales[3],\n"}
,{"stream_name":"stderr","time":42.382145462,"data":"      |   ^  \n"}
,{"stream_name":"stderr","time":42.382149497,"data":"/tmp/dsv4-native-src/dee.cpp/src/cuda_convert.cu:180:3: warning: style of line directive is a GCC extension\n"}
,{"stream_name":"stderr","time":42.382153703,"data":"  180 |                       cudaStream_t stream, StageProfiler* profiler) {\n"}
,{"stream_name":"stderr","time":42.382157729,"data":"      |   ^  \n"}
,{"stream_name":"stderr","time":42.382222142,"data":"/tmp/dsv4-native-src/dee.cpp/src/cuda_convert.cu:181:3: warning: style of line directive is a GCC extension\n"}
,{"stream_name":"stderr","time":42.382227926,"data":"  181 |     if (!valid_conversion(source, destination, elements, stream,\n"}
,{"stream_name":"stderr","time":42.382231782,"data":"      |   ^ ~\n"}
,{"stream_name":"stderr","time":42.382235214,"data":"/tmp/dsv4-native-src/dee.cpp/src/cuda_convert.cu:182:3: warning: style of line directive is a GCC extension\n"}
,{"stream_name":"stderr","time":42.382239246,"data":"  182 |                           \"INT4-to-FP16 conversion\") || !scales ||\n"}
,{"stream_name":"stderr","time":42.382257,"data":"      |   ^  \n"}
,{"stream_name":"stderr","time":42.382322832,"data":"/tmp/dsv4-native-src/dee.cpp/src/cuda_convert.cu:184:3: warning: style of line directive is a GCC extension\n"}
,{"stream_name":"stderr","time":42.382328307,"data":"  184 |         std::fprintf(stderr, \"[cuda] invalid INT4 projection layout (elements=%zu projection=%zu)\\n\",\n"}
,{"stream_name":"stderr","time":42.38233306,"data":"      |   ^  \n"}
,{"stream_name":"stderr","time":42.382336538,"data":"/tmp/dsv4-native-src/dee.cpp/src/cuda_convert.cu:185:3: warning: style of line directive is a GCC extension\n"}
,{"stream_name":"stderr","time":42.382341307,"data":"  185 |                      elements, projection_elements);\n"}
,{"stream_name":"stderr","time":42.382345108,"data":"      |   ^  \n"}
,{"stream_name":"stderr","time":42.382420492,"data":"/tmp/dsv4-native-src/dee.cpp/src/cuda_convert.cu:187:3: warning: style of line directive is a GCC extension\n"}
,{"stream_name":"stderr","time":42.382467672,"data":"  187 |     }\n"}
,{"stream_name":"stderr","time":42.382473144,"data":"      |   ^ ~\n"}
,{"stream_name":"stderr","time":42.382477028,"data":"/tmp/dsv4-native-src/dee.cpp/src/cuda_convert.cu:188:3: warning: style of line directive is a GCC extension\n"}
,{"stream_name":"stderr","time":42.382481277,"data":"  188 |     const unsigned int blocks = conversion_blocks(elements, \"INT4-to-FP16 conversion\");\n"}
,{"stream_name":"stderr","time":42.382533483,"data":"      |   ^ ~\n"}
,{"stream_name":"stderr","time":42.382541422,"data":"/tmp/dsv4-native-src/dee.cpp/src/cuda_convert.cu:189:3: warning: style of line directive is a GCC extension\n"}
,{"stream_name":"stderr","time":42.3825459,"data":"  189 |     if (!blocks) return false;\n"}
,{"stream_name":"stderr","time":42.382549687,"data":"      |   ^ ~\n"}
,{"stream_name":"stderr","time":42.38255351,"data":"/tmp/dsv4-native-src/dee.cpp/src/cuda_convert.cu:190:3: warning: style of line directive is a GCC extension\n"}
,{"stream_name":"stderr","time":42.382557438,"data":"  190 |     const size_t ticket = profiler \u0026\u0026 profiler-\u003eenabled()\n"}
,{"stream_name":"stderr","time":42.38256167,"data":"      |   ^ ~\n"}
,{"stream_name":"stderr","time":42.382625254,"data":"/tmp/dsv4-native-src/dee.cpp/src/cuda_convert.cu:191:3: warning: style of line directive is a GCC extension\n"}
,{"stream_name":"stderr","time":42.382633245,"data":"  191 |         ? profiler-\u003ecuda_begin(GpuStage::WeightConversion, static_cast\u003cvoid*\u003e(stream))\n"}
,{"stream_name":"stderr","time":42.382637551,"data":"      |   ^  \n"}
,{"stream_name":"stderr","time":42.38270096,"data":"/tmp/dsv4-native-src/dee.cpp/src/cuda_convert.cu:194:3: warning: style of line directive is a GCC extension\n"}
,{"stream_name":"stderr","time":42.382760172,"data":"  194 |         source, static_cast\u003c__half*\u003e(destination), elements, projection_elements,\n"}
,{"stream_name":"stderr","time":42.382770753,"data":"      |   ^  \n"}
,{"stream_name":"stderr","time":42.382777305,"data":"/tmp/dsv4-native-src/dee.cpp/src/cuda_convert.cu:197:3: warning: style of line directive is a GCC extension\n"}
,{"stream_name":"stderr","time":42.382820892,"data":"  197 |     if (!DEE_CUDA_CHECK_LAUNCH(\"int4_to_f16_kernel launch\")) return false;\n"}
,{"stream_name":"stderr","time":42.382826269,"data":"      |   ^ ~\n"}
,{"stream_name":"stderr","time":42.382831426,"data":"/tmp/dsv4-native-src/dee.cpp/src/cuda_convert.cu:198:3: warning: style of line directive is a GCC extension\n"}
,{"stream_name":"stderr","time":42.382835462,"data":"  198 |     if (profiler \u0026\u0026 profiler-\u003eenabled() \u0026\u0026\n"}
,{"stream_name":"stderr","time":42.382847078,"data":"      |   ^ ~\n"}
,{"stream_name":"stderr","time":42.382911238,"data":"/tmp/dsv4-native-src/dee.cpp/src/cuda_convert.cu:199:3: warning: style of line directive is a GCC extension\n"}
,{"stream_name":"stderr","time":42.382920046,"data":"  199 |         !profiler-\u003ecuda_end(ticket, static_cast\u003cvoid*\u003e(stream))) return false;\n"}
,{"stream_name":"stderr","time":42.382924274,"data":"      |   ^  \n"}
,{"stream_name":"stderr","time":42.382973012,"data":"/tmp/dsv4-native-src/dee.cpp/src/cuda_convert.cu:200:3: warning: style of line directive is a GCC extension\n"}
,{"stream_name":"stderr","time":42.382978714,"data":"  200 | #ifdef DEE_CUDA_VALIDATE\n"}
,{"stream_name":"stderr","time":42.382982822,"data":"      |   ^~~\n"}
,{"stream_name":"stderr","time":42.38298618,"data":"/tmp/dsv4-native-src/dee.cpp/src/cuda_convert.cu:205:3: warning: style of line directive is a GCC extension\n"}
,{"stream_name":"stderr","time":42.382989832,"data":"  205 | #endif\n"}
,{"stream_name":"stderr","time":42.382993526,"data":"      |   ^~~\n"}
,{"stream_name":"stderr","time":42.383069448,"data":"/tmp/dsv4-native-src/dee.cpp/src/cuda_convert.cu:207:3: warning: style of line directive is a GCC extension\n"}
,{"stream_name":"stderr","time":42.383086362,"data":"  207 | \n"}
,{"stream_name":"stderr","time":42.383090306,"data":"      |   ^  \n"}
,{"stream_name":"stderr","time":42.383094276,"data":"/tmp/dsv4-native-src/dee.cpp/src/cuda_convert.cu:213:3: warning: style of line directive is a GCC extension\n"}
,{"stream_name":"stderr","time":42.383137364,"data":"  213 |     0.0f, 0.5f, 1.0f, 1.5f, 2.0f, 3.0f, 4.0f, 6.0f,\n"}
,{"stream_name":"stderr","time":42.383142839,"data":"      |   ^ ~\n"}
,{"stream_name":"stderr","time":42.383148754,"data":"/tmp/dsv4-native-src/dee.cpp/src/cuda_convert.cu:218:3: warning: style of line directive is a GCC extension\n"}
,{"stream_name":"stderr","time":42.383152827,"data":"  218 |     // ue8m0: 2^(bits - 127).  Realistic bytes 0x7d..0x82; clamp extremes.\n"}
,{"stream_name":"stderr","time":42.383156845,"data":"      |   ^ ~\n"}
,{"stream_name":"stderr","time":42.383275689,"data":"/tmp/dsv4-native-src/dee.cpp/src/cuda_convert.cu:238:3: warning: style of line directive is a GCC extension\n"}
,{"stream_name":"stderr","time":42.383285807,"data":"  238 |     if (i \u003e= in) return;\n"}
,{"stream_name":"stderr","time":42.383289987,"data":"      |   ^ ~\n"}
,{"stream_name":"stderr","time":42.38329382,"data":"/tmp/dsv4-native-src/dee.cpp/src/cuda_convert.cu:232:3: warning: style of line directive is a GCC extension\n"}
,{"stream_name":"stderr","time":42.383297814,"data":"  232 |                                        __half* destination, size_t out, size_t in) {\n"}
,{"stream_name":"stderr","time":42.383301813,"data":"      |   ^  \n"}
,{"stream_name":"stderr","time":42.383400614,"data":"/tmp/dsv4-native-src/dee.cpp/src/cuda_convert.cu:263:3: warning: style of line directive is a GCC extension\n"}
,{"stream_name":"stderr","time":42.383406708,"data":"  263 |         // layouts to be whole-byte aligned (real model: 2048/4096).\n"}
,{"stream_name":"stderr","time":42.383410545,"data":"      |   ^  \n"}
,{"stream_name":"stderr","time":42.383459146,"data":"/tmp/dsv4-native-src/dee.cpp/src/cuda_convert.cu:258:3: warning: style of line directive is a GCC extension\n"}
,{"stream_name":"stderr","time":42.383464102,"data":"  258 |                      out, in);\n"}
,{"stream_name":"stderr","time":42.383467658,"data":"      |   ^  \n"}
,{"stream_name":"stderr","time":42.383521894,"data":"/tmp/dsv4-native-src/dee.cpp/src/cuda_convert.cu:253:3: warning: style of line directive is a GCC extension\n"}
,{"stream_name":"stderr","time":42.383535296,"data":"  253 |                           void* destination, size_t out, size_t in,\n"}
,{"stream_name":"stderr","time":42.383539213,"data":"      |   ^  \n"}
,{"stream_name":"stderr","time":42.383592656,"data":"/tmp/dsv4-native-src/dee.cpp/src/cuda_convert.cu:254:3: warning: style of line directive is a GCC extension\n"}
,{"stream_name":"stderr","time":42.383598175,"data":"  254 |                           cudaStream_t stream, StageProfiler* profiler) {\n"}
,{"stream_name":"stderr","time":42.38360186,"data":"      |   ^  \n"}
,{"stream_name":"stderr","time":42.383666531,"data":"/tmp/dsv4-native-src/dee.cpp/src/cuda_convert.cu:255:3: warning: style of line directive is a GCC extension\n"}
,{"stream_name":"stderr","time":42.383672306,"data":"  255 |     const size_t elements = out * in;\n"}
,{"stream_name":"stderr","time":42.383676874,"data":"      |   ^ ~\n"}
,{"stream_name":"stderr","time":42.383789494,"data":"/tmp/dsv4-native-src/dee.cpp/src/cuda_convert.cu:256:3: warning: style of line directive is a GCC extension\n"}
,{"stream_name":"stderr","time":42.383803247,"data":"  256 |     if (!packed || !scale || !destination || !stream || elements == 0) {\n"}
,{"stream_name":"stderr","time":42.383808521,"data":"      |   ^ ~\n"}
,{"stream_name":"stderr","time":42.383859086,"data":"/tmp/dsv4-native-src/dee.cpp/src/cuda_convert.cu:257:3: warning: style of line directive is a GCC extension\n"}
,{"stream_name":"stderr","time":42.383866733,"data":"  257 |         std::fprintf(stderr, \"[cuda] invalid FP4-e2m1 conversion arguments (out=%zu in=%zu)\\n\",\n"}
,{"stream_name":"stderr","time":42.383871442,"data":"      |   ^  \n"}
,{"stream_name":"stderr","time":42.383969649,"data":"/tmp/dsv4-native-src/dee.cpp/src/cuda_convert.cu:258:3: warning: style of line directive is a GCC extension\n"}
,{"stream_name":"stderr","time":42.383976514,"data":"  258 |                      out, in);\n"}
,{"stream_name":"stderr","time":42.383980413,"data":"      |   ^  \n"}
,{"stream_name":"stderr","time":42.384097368,"data":"/tmp/dsv4-native-src/dee.cpp/src/cuda_convert.cu:260:3: warning: style of line directive is a GCC extension\n"}
,{"stream_name":"stderr","time":42.384106176,"data":"  260 |     }\n"}
,{"stream_name":"stderr","time":42.38415349,"data":"      |   ^ ~\n"}
,{"stream_name":"stderr","time":42.38417703,"data":"/tmp/dsv4-native-src/dee.cpp/src/cuda_convert.cu:261:3: warning: style of line directive is a GCC extension\n"}
,{"stream_name":"stderr","time":42.384181784,"data":"  261 |     if ((in % 64) != 0) {\n"}
,{"stream_name":"stderr","time":42.384186252,"data":"      |   ^ ~\n"}
,{"stream_name":"stderr","time":42.384192815,"data":"/tmp/dsv4-native-src/dee.cpp/src/cuda_convert.cu:262:3: warning: style of line directive is a GCC extension\n"}
,{"stream_name":"stderr","time":42.384197536,"data":"  262 |         // in must be a multiple of 64 for the packed (in/2) and block (in/32)\n"}
,{"stream_name":"stderr","time":42.384249183,"data":"      |   ^  \n"}
,{"stream_name":"stderr","time":42.384254932,"data":"/tmp/dsv4-native-src/dee.cpp/src/cuda_convert.cu:265:3: warning: style of line directive is a GCC extension\n"}
,{"stream_name":"stderr","time":42.384259655,"data":"  265 |         return false;\n"}
,{"stream_name":"stderr","time":42.384263761,"data":"      |   ^  \n"}
,{"stream_name":"stderr","time":42.384372349,"data":"/tmp/dsv4-native-src/dee.cpp/src/cuda_convert.cu:266:3: warning: style of line directive is a GCC extension\n"}
,{"stream_name":"stderr","time":42.384384106,"data":"  266 |     }\n"}
,{"stream_name":"stderr","time":42.38439697,"data":"      |   ^ ~\n"}
,{"stream_name":"stderr","time":42.384400986,"data":"/tmp/dsv4-native-src/dee.cpp/src/cuda_convert.cu:267:3: warning: style of line directive is a GCC extension\n"}
,{"stream_name":"stderr","time":42.384405117,"data":"  267 |     // 2D grid: blockIdx.y walks rows (out), blockIdx.x walks column tiles of\n"}
,{"stream_name":"stderr","time":42.384409564,"data":"      |   ^ ~\n"}
,{"stream_name":"stderr","time":42.384486058,"data":"/tmp/dsv4-native-src/dee.cpp/src/cuda_convert.cu:270:3: warning: style of line directive is a GCC extension\n"}
,{"stream_name":"stderr","time":42.384493916,"data":"  270 |     const dim3 grid(static_cast\u003cunsigned int\u003e(\n"}
,{"stream_name":"stderr","time":42.384498704,"data":"      |   ^ ~\n"}
,{"stream_name":"stderr","time":42.384561727,"data":"/tmp/dsv4-native-src/dee.cpp/src/cuda_convert.cu:271:3: warning: style of line directive is a GCC extension\n"}
,{"stream_name":"stderr","time":42.384568594,"data":"  271 |                         (in + kConversionThreads - 1) / kConversionThreads),\n"}
,{"stream_name":"stderr","time":42.384572858,"data":"      |   ^  \n"}
,{"stream_name":"stderr","time":42.384669214,"data":"/tmp/dsv4-native-src/dee.cpp/src/cuda_convert.cu:274:3: warning: style of line directive is a GCC extension\n"}
,{"stream_name":"stderr","time":42.384675821,"data":"  274 |         ? profiler-\u003ecuda_begin(GpuStage::WeightConversion, static_cast\u003cvoid*\u003e(stream))\n"}
,{"stream_name":"stderr","time":42.384680779,"data":"      |   ^  \n"}
,{"stream_name":"stderr","time":42.384708309,"data":"/tmp/dsv4-native-src/dee.cpp/src/cuda_convert.cu:277:3: warning: style of line directive is a GCC extension\n"}
,{"stream_name":"stderr","time":42.384726888,"data":"  277 |         packed, scale, static_cast\u003c__half*\u003e(destination), out, in);\n"}
,{"stream_name":"stderr","time":42.384731566,"data":"      |   ^  \n"}
,{"stream_name":"stderr","time":42.384824004,"data":"/tmp/dsv4-native-src/dee.cpp/src/cuda_convert.cu:279:3: warning: style of line directive is a GCC extension\n"}
,{"stream_name":"stderr","time":42.384836066,"data":"  279 |     if (!DEE_CUDA_CHECK_LAUNCH(\"fp4_e2m1_to_f16_kernel launch\")) return false;\n"}
,{"stream_name":"stderr","time":42.384840727,"data":"      |   ^ ~\n"}
,{"stream_name":"stderr","time":42.384907855,"data":"/tmp/dsv4-native-src/dee.cpp/src/cuda_convert.cu:280:3: warning: style of line directive is a GCC extension\n"}
,{"stream_name":"stderr","time":42.384914681,"data":"  280 |     if (profiler \u0026\u0026 profiler-\u003eenabled() \u0026\u0026\n"}
,{"stream_name":"stderr","time":42.384919377,"data":"      |   ^ ~\n"}
,{"stream_name":"stderr","time":42.385001852,"data":"/tmp/dsv4-native-src/dee.cpp/src/cuda_convert.cu:281:3: warning: style of line directive is a GCC extension\n"}
,{"stream_name":"stderr","time":42.385007857,"data":"  281 |         !profiler-\u003ecuda_end(ticket, static_cast\u003cvoid*\u003e(stream))) return false;\n"}
,{"stream_name":"stderr","time":42.385012539,"data":"      |   ^  \n"}
,{"stream_name":"stderr","time":42.385060332,"data":"/tmp/dsv4-native-src/dee.cpp/src/cuda_convert.cu:282:3: warning: style of line directive is a GCC extension\n"}
,{"stream_name":"stderr","time":42.385066166,"data":"  282 | #ifdef DEE_CUDA_VALIDATE\n"}
,{"stream_name":"stderr","time":42.385070397,"data":"      |   ^~~\n"}
,{"stream_name":"stderr","time":42.385124512,"data":"/tmp/dsv4-native-src/dee.cpp/src/cuda_convert.cu:287:3: warning: style of line directive is a GCC extension\n"}
,{"stream_name":"stderr","time":42.385130538,"data":"  287 | #endif\n"}
,{"stream_name":"stderr","time":42.385142604,"data":"      |   ^~~\n"}
,{"stream_name":"stderr","time":42.385225268,"data":"/tmp/dsv4-native-src/dee.cpp/src/cuda_convert.cu:289:3: warning: style of line directive is a GCC extension\n"}
,{"stream_name":"stderr","time":42.385230946,"data":"  289 | \n"}
,{"stream_name":"stderr","time":42.385234881,"data":"      |   ^  \n"}
,{"stream_name":"stderr","time":42.385315929,"data":"/tmp/dsv4-native-src/dee.cpp/src/cuda_convert.cu:291:3: warning: style of line directive is a GCC extension\n"}
,{"stream_name":"stderr","time":42.385326831,"data":"  291 |     oracle_relu_kernel\u003c\u003c\u003c1, 256, 0, stream\u003e\u003e\u003e(data, n);\n"}
,{"stream_name":"stderr","time":42.385331499,"data":"      |   ^ ~\n"}
,{"stream_name":"stderr","time":42.385403139,"data":"/tmp/dsv4-native-src/dee.cpp/src/cuda_convert.cu:292:3: warning: style of line directive is a GCC extension\n"}
,{"stream_name":"stderr","time":42.385408868,"data":"  292 |     DEE_CUDA_CHECK_LAUNCH(\"oracle_relu_kernel\");\n"}
,{"stream_name":"stderr","time":42.385413025,"data":"      |   ^ ~\n"}
,{"stream_name":"stderr","time":42.385464164,"data":"/tmp/dsv4-native-src/dee.cpp/src/cuda_convert.cu:293:3: warning: style of line directive is a GCC extension\n"}
,{"stream_name":"stderr","time":42.385469409,"data":"  293 | }\n"}
,{"stream_name":"stderr","time":42.385473415,"data":"      |   ^  \n"}
,{"stream_name":"stderr","time":42.385542868,"data":"/tmp/dsv4-native-src/dee.cpp/src/cuda_convert.cu:294:3: warning: style of line directive is a GCC extension\n"}
,{"stream_name":"stderr","time":42.385554201,"data":"  294 | \n"}
,{"stream_name":"stderr","time":42.385558684,"data":"      |   ^  \n"}
,{"stream_name":"stderr","time":42.385562587,"data":"/tmp/dsv4-native-src/dee.cpp/src/cuda_convert.cu:297:3: warning: style of line directive is a GCC extension\n"}
,{"stream_name":"stderr","time":42.385674539,"data":"tmpxft_0000011f_00000000-6_cuda_convert.compute_75.cudafe1.stub.c:4:3: warning: style of line directive is a GCC extension\n"}
,{"stream_name":"stderr","time":42.391203748,"data":"In file included from tmpxft_0000011f_00000000-6_cuda_convert.compute_75.cudafe1.stub.c:1:\n"}
,{"stream_name":"stderr","time":42.391270151,"data":"/tmp/dsv4-native-src/dee.cpp/src/cuda_convert.cu:15:3: warning: style of line directive is a GCC extension\n"}
,{"stream_name":"stderr","time":42.391275942,"data":"   15 |                                    size_t elements) {\n"}
,{"stream_name":"stderr","time":42.391280097,"data":"      |   ^ \n"}
,{"stream_name":"stderr","time":42.39128385,"data":"In file included from tmpxft_0000011f_00000000-6_cuda_convert.compute_75.cudafe1.stub.c:1:\n"}
,{"stream_name":"stderr","time":42.391287968,"data":"/tmp/dsv4-native-src/dee.cpp/src/cuda_convert.cu:20:3: warning: style of line directive is a GCC extension\n"}
,{"stream_name":"stderr","time":42.391291964,"data":"   20 | \n"}
,{"stream_name":"stderr","time":42.391295552,"data":"      |   ^\n"}
,{"stream_name":"stderr","time":42.391299063,"data":"In file included from tmpxft_0000011f_00000000-6_cuda_convert.compute_75.cudafe1.stub.c:1:\n"}
,{"stream_name":"stderr","time":42.391303135,"data":"/tmp/tmpxft_0000011f_00000000-6_cuda_convert.compute_75.cudafe1.stub.c:2:3: warning: style of line directive is a GCC extension\n"}
,{"stream_name":"stderr","time":42.391307492,"data":"    2 | #pragma GCC diagnostic ignored \"-Wunused-function\"\n"}
,{"stream_name":"stderr","time":42.391311696,"data":"      |   ^~\n"}
,{"stream_name":"stderr","time":42.391319436,"data":"In file included from tmpxft_0000011f_00000000-6_cuda_convert.compute_75.cudafe1.stub.c:1:\n"}
,{"stream_name":"stderr","time":42.391323227,"data":"/tmp/dsv4-native-src/dee.cpp/src/cuda_convert.cu:22:3: warning: style of line directive is a GCC extension\n"}
,{"stream_name":"stderr","time":42.391337739,"data":"   22 |                                    size_t elements) {\n"}
,{"stream_name":"stderr","time":42.391364506,"data":"      |   ^ \n"}
,{"stream_name":"stderr","time":42.391368394,"data":"In file included from tmpxft_0000011f_00000000-6_cuda_convert.compute_75.cudafe1.stub.c:1:\n"}
,{"stream_name":"stderr","time":42.39137242,"data":"/tmp/dsv4-native-src/dee.cpp/src/cuda_convert.cu:28:3: warning: style of line directive is a GCC extension\n"}
,{"stream_name":"stderr","time":42.391375804,"data":"   28 | \n"}
,{"stream_name":"stderr","time":42.391379506,"data":"      |   ^\n"}
,{"stream_name":"stderr","time":42.391383612,"data":"In file included from tmpxft_0000011f_00000000-6_cuda_convert.compute_75.cudafe1.stub.c:1:\n"}
,{"stream_name":"stderr","time":42.391387599,"data":"/tmp/tmpxft_0000011f_00000000-6_cuda_convert.compute_75.cudafe1.stub.c:2:3: warning: style of line directive is a GCC extension\n"}
,{"stream_name":"stderr","time":42.391391567,"data":"    2 | #pragma GCC diagnostic ignored \"-Wunused-function\"\n"}
,{"stream_name":"stderr","time":42.391395518,"data":"      |   ^~\n"}
,{"stream_name":"stderr","time":42.391399245,"data":"In file included from tmpxft_0000011f_00000000-6_cuda_convert.compute_75.cudafe1.stub.c:1:\n"}
,{"stream_name":"stderr","time":42.391403246,"data":"/tmp/dsv4-native-src/dee.cpp/src/cuda_convert.cu:30:3: warning: style of line directive is a GCC extension\n"}
,{"stream_name":"stderr","time":42.391407112,"data":"   30 |                                   size_t elements) {\n"}
,{"stream_name":"stderr","time":42.39141084,"data":"      |   ^ \n"}
,{"stream_name":"stderr","time":42.391414482,"data":"In file included from tmpxft_0000011f_00000000-6_cuda_convert.compute_75.cudafe1.stub.c:1:\n"}
,{"stream_name":"stderr","time":42.391418236,"data":"/tmp/dsv4-native-src/dee.cpp/src/cuda_convert.cu:35:3: warning: style of line directive is a GCC extension\n"}
,{"stream_name":"stderr","time":42.391421974,"data":"   35 | \n"}
,{"stream_name":"stderr","time":42.391425597,"data":"      |   ^\n"}
,{"stream_name":"stderr","time":42.391492549,"data":"In file included from tmpxft_0000011f_00000000-6_cuda_convert.compute_75.cudafe1.stub.c:1:\n"}
,{"stream_name":"stderr","time":42.391498239,"data":"/tmp/tmpxft_0000011f_00000000-6_cuda_convert.compute_75.cudafe1.stub.c:2:3: warning: style of line directive is a GCC extension\n"}
,{"stream_name":"stderr","time":42.391502442,"data":"    2 | #pragma GCC diagnostic ignored \"-Wunused-function\"\n"}
,{"stream_name":"stderr","time":42.391505986,"data":"      |   ^~\n"}
,{"stream_name":"stderr","time":42.391517204,"data":"In file included from tmpxft_0000011f_00000000-6_cuda_convert.compute_75.cudafe1.stub.c:1:\n"}
,{"stream_name":"stderr","time":42.391521514,"data":"/tmp/dsv4-native-src/dee.cpp/src/cuda_convert.cu:37:3: warning: style of line directive is a GCC extension\n"}
,{"stream_name":"stderr","time":42.391525992,"data":"   37 |                                    size_t elements, size_t projection_elements,\n"}
,{"stream_name":"stderr","time":42.3915301,"data":"      |   ^ \n"}
,{"stream_name":"stderr","time":42.391540879,"data":"In file included from tmpxft_0000011f_00000000-6_cuda_convert.compute_75.cudafe1.stub.c:1:\n"}
,{"stream_name":"stderr","time":42.391545136,"data":"/tmp/dsv4-native-src/dee.cpp/src/cuda_convert.cu:40:3: warning: style of line directive is a GCC extension\n"}
,{"stream_name":"stderr","time":42.391555278,"data":"   40 |     const size_t index = static_cast\u003csize_t\u003e(blockIdx.x) * blockDim.x + threadIdx.x;\n"}
,{"stream_name":"stderr","time":42.391564952,"data":"      |   ^ \n"}
,{"stream_name":"stderr","time":42.391576376,"data":"In file included from tmpxft_0000011f_00000000-6_cuda_convert.compute_75.cudafe1.stub.c:1:\n"}
,{"stream_name":"stderr","time":42.39158063,"data":"/tmp/dsv4-native-src/dee.cpp/src/cuda_convert.cu:46:3: warning: style of line directive is a GCC extension\n"}
,{"stream_name":"stderr","time":42.391584534,"data":"   46 | \n"}
,{"stream_name":"stderr","time":42.391588284,"data":"      |   ^\n"}
,{"stream_name":"stderr","time":42.391805738,"data":"In file included from tmpxft_0000011f_00000000-6_cuda_convert.compute_75.cudafe1.stub.c:1:\n"}
,{"stream_name":"stderr","time":42.391819784,"data":"/tmp/tmpxft_0000011f_00000000-6_cuda_convert.compute_75.cudafe1.stub.c:2:3: warning: style of line directive is a GCC extension\n"}
,{"stream_name":"stderr","time":42.39182408,"data":"    2 | #pragma GCC diagnostic ignored \"-Wunused-function\"\n"}
,{"stream_name":"stderr","time":42.391827971,"data":"      |   ^~\n"}
,{"stream_name":"stderr","time":42.391831652,"data":"In file included from tmpxft_0000011f_00000000-6_cuda_convert.compute_75.cudafe1.stub.c:1:\n"}
,{"stream_name":"stderr","time":42.391835779,"data":"/tmp/dsv4-native-src/dee.cpp/src/cuda_convert.cu:48:3: warning: style of line directive is a GCC extension\n"}
,{"stream_name":"stderr","time":42.391839844,"data":"   48 |                                    size_t elements, size_t projection_elements,\n"}
,{"stream_name":"stderr","time":42.391858614,"data":"      |   ^ \n"}
,{"stream_name":"stderr","time":42.391862254,"data":"In file included from tmpxft_0000011f_00000000-6_cuda_convert.compute_75.cudafe1.stub.c:1:\n"}
,{"stream_name":"stderr","time":42.391866076,"data":"/tmp/dsv4-native-src/dee.cpp/src/cuda_convert.cu:51:3: warning: style of line directive is a GCC extension\n"}
,{"stream_name":"stderr","time":42.391870038,"data":"   51 |     const size_t index = static_cast\u003csize_t\u003e(blockIdx.x) * blockDim.x + threadIdx.x;\n"}
,{"stream_name":"stderr","time":42.391874236,"data":"      |   ^ \n"}
,{"stream_name":"stderr","time":42.391877797,"data":"In file included from tmpxft_0000011f_00000000-6_cuda_convert.compute_75.cudafe1.stub.c:1:\n"}
,{"stream_name":"stderr","time":42.391881724,"data":"/tmp/dsv4-native-src/dee.cpp/src/cuda_convert.cu:60:3: warning: style of line directive is a GCC extension\n"}
,{"stream_name":"stderr","time":42.391885695,"data":"   60 | \n"}
,{"stream_name":"stderr","time":42.391889287,"data":"      |   ^\n"}
,{"stream_name":"stderr","time":42.391894904,"data":"In file included from tmpxft_0000011f_00000000-6_cuda_convert.compute_75.cudafe1.stub.c:1:\n"}
,{"stream_name":"stderr","time":42.391898846,"data":"/tmp/tmpxft_0000011f_00000000-6_cuda_convert.compute_75.cudafe1.stub.c:2:3: warning: style of line directive is a GCC extension\n"}
,{"stream_name":"stderr","time":42.391902944,"data":"    2 | #pragma GCC diagnostic ignored \"-Wunused-function\"\n"}
,{"stream_name":"stderr","time":42.391906804,"data":"      |   ^~~\n"}
,{"stream_name":"stderr","time":42.391989688,"data":"In file included from tmpxft_0000011f_00000000-6_cuda_convert.compute_75.cudafe1.stub.c:1:\n"}
,{"stream_name":"stderr","time":42.39200507,"data":"/tmp/dsv4-native-src/dee.cpp/src/cuda_convert.cu:232:3: warning: style of line directive is a GCC extension\n"}
,{"stream_name":"stderr","time":42.392009462,"data":"  232 |                                        __half* destination, size_t out, size_t in) {\n"}
,{"stream_name":"stderr","time":42.392013436,"data":"      |   ^  \n"}
,{"stream_name":"stderr","time":42.392068097,"data":"In file included from tmpxft_0000011f_00000000-6_cuda_convert.compute_75.cudafe1.stub.c:1:\n"}
,{"stream_name":"stderr","time":42.392084043,"data":"/tmp/dsv4-native-src/dee.cpp/src/cuda_convert.cu:233:3: warning: style of line directive is a GCC extension\n"}
,{"stream_name":"stderr","time":42.392088279,"data":"  233 |     __shared__ float s_table[16];\n"}
,{"stream_name":"stderr","time":42.392091759,"data":"      |   ^ ~\n"}
,{"stream_name":"stderr","time":42.3920954,"data":"In file included from tmpxft_0000011f_00000000-6_cuda_convert.compute_75.cudafe1.stub.c:1:\n"}
,{"stream_name":"stderr","time":42.392099454,"data":"/tmp/dsv4-native-src/dee.cpp/src/cuda_convert.cu:246:3: warning: style of line directive is a GCC extension\n"}
,{"stream_name":"stderr","time":42.392107388,"data":"  246 | \n"}
,{"stream_name":"stderr","time":42.392110638,"data":"      |   ^\n"}
,{"stream_name":"stderr","time":42.392164527,"data":"In file included from tmpxft_0000011f_00000000-6_cuda_convert.compute_75.cudafe1.stub.c:1:\n"}
,{"stream_name":"stderr","time":42.392173118,"data":"/tmp/tmpxft_0000011f_00000000-6_cuda_convert.compute_75.cudafe1.stub.c:2:3: warning: style of line directive is a GCC extension\n"}
,{"stream_name":"stderr","time":42.392177512,"data":"    2 | #pragma GCC diagnostic ignored \"-Wunused-function\"\n"}
,{"stream_name":"stderr","time":42.392181676,"data":"      |   ^~~\n"}
,{"stream_name":"stderr","time":42.392230746,"data":"In file included from tmpxft_0000011f_00000000-6_cuda_convert.compute_75.cudafe1.stub.c:1:\n"}
,{"stream_name":"stderr","time":42.392237073,"data":"/tmp/dsv4-native-src/dee.cpp/src/cuda_convert.cu:248:3: warning: style of line directive is a GCC extension\n"}
,{"stream_name":"stderr","time":42.392241316,"data":"  248 |     int i = blockIdx.x * blockDim.x + threadIdx.x;\n"}
,{"stream_name":"stderr","time":42.392245208,"data":"      |   ^ ~\n"}
,{"stream_name":"stderr","time":42.392256533,"data":"In file included from tmpxft_0000011f_00000000-6_cuda_convert.compute_75.cudafe1.stub.c:1:\n"}
,{"stream_name":"stderr","time":42.392260951,"data":"/tmp/dsv4-native-src/dee.cpp/src/cuda_convert.cu:251:3: warning: style of line directive is a GCC extension\n"}
,{"stream_name":"stderr","time":42.392265056,"data":"  251 | \n"}
,{"stream_name":"stderr","time":42.39226866,"data":"      |   ^\n"}
,{"stream_name":"stderr","time":42.392573098,"data":"tmpxft_0000011f_00000000-6_cuda_convert.compute_75.cudafe1.stub.c:2:3: warning: style of line directive is a GCC extension\n"}
,{"stream_name":"stdout","time":42.49424114,"data":"[ 82%] Building CUDA object CMakeFiles/dee_core.dir/src/rmsnorm_cuda.cu.o\n"}
,{"stream_name":"stderr","time":42.498636066,"data":"nvcc warning : Support for offline compilation for architectures prior to '\u003ccompute/sm/lto\u003e_75' will be removed in a future release (Use -Wno-deprecated-gpu-targets to suppress warning).\n"}
,{"stream_name":"stdout","time":43.362286738,"data":"[ 88%] Building CUDA object CMakeFiles/dee_core.dir/src/swiglu_cuda.cu.o\n"}
,{"stream_name":"stderr","time":43.366609682,"data":"nvcc warning : Support for offline compilation for architectures prior to '\u003ccompute/sm/lto\u003e_75' will be removed in a future release (Use -Wno-deprecated-gpu-targets to suppress warning).\n"}
,{"stream_name":"stderr","time":45.083554547,"data":"/tmp/tmpxft_0000013e_00000000-6_rmsnorm_cuda.compute_75.cudafe1.cpp:1:3: warning: style of line directive is a GCC extension\n"}
,{"stream_name":"stderr","time":45.083604433,"data":"    1 | # 1 \"/tmp/dsv4-native-src/dee.cpp/src/rmsnorm_cuda.cu\"\n"}
,{"stream_name":"stderr","time":45.083610874,"data":"      |   ^\n"}
,{"stream_name":"stderr","time":45.083615276,"data":"/tmp/dsv4-native-src/dee.cpp/src/rmsnorm_cuda.cu:2:3: warning: style of line directive is a GCC extension\n"}
,{"stream_name":"stderr","time":45.083654148,"data":"    2 | \n"}
,{"stream_name":"stderr","time":45.083658807,"data":"      |   ^\n"}
,{"stream_name":"stderr","time":45.0836636,"data":"/tmp/dsv4-native-src/dee.cpp/src/rmsnorm_cuda.cu:2:3: warning: style of line directive is a GCC extension\n"}
,{"stream_name":"stderr","time":45.08366794,"data":"    2 | \n"}
,{"stream_name":"stderr","time":45.08367178,"data":"      |   ^\n"}
,{"stream_name":"stderr","time":45.083675644,"data":"/tmp/dsv4-native-src/dee.cpp/src/rmsnorm_cuda.cu:2:3: warning: style of line directive is a GCC extension\n"}
,{"stream_name":"stderr","time":45.083679798,"data":"    2 | \n"}
,{"stream_name":"stderr","time":45.083683561,"data":"      |   ^\n"}
,{"stream_name":"stderr","time":45.083687386,"data":"/tmp/dsv4-native-src/dee.cpp/src/rmsnorm_cuda.cu:2:3: warning: style of line directive is a GCC extension\n"}
,{"stream_name":"stderr","time":45.083691667,"data":"    2 | \n"}
,{"stream_name":"stderr","time":45.083695483,"data":"      |   ^\n"}
,{"stream_name":"stderr","time":45.083699405,"data":"/tmp/dsv4-native-src/dee.cpp/src/rmsnorm_cuda.cu:2:3: warning: style of line directive is a GCC extension\n"}
,{"stream_name":"stderr","time":45.083703581,"data":"    2 | \n"}
,{"stream_name":"stderr","time":45.083707401,"data":"      |   ^\n"}
,{"stream_name":"stderr","time":45.083711251,"data":"/tmp/dsv4-native-src/dee.cpp/src/rmsnorm_cuda.cu:2:3: warning: style of line directive is a GCC extension\n"}
,{"stream_name":"stderr","time":45.083715635,"data":"    2 | \n"}
,{"stream_name":"stderr","time":45.08371954,"data":"      |   ^\n"}
,{"stream_name":"stderr","time":45.083726136,"data":"/tmp/dsv4-native-src/dee.cpp/src/rmsnorm_cuda.cu:3:3: warning: style of line directive is a GCC extension\n"}
,{"stream_name":"stderr","time":45.083730444,"data":"    3 | #include \"dee/cuda_check.h\"\n"}
,{"stream_name":"stderr","time":45.083734511,"data":"      |   ^\n"}
,{"stream_name":"stderr","time":45.083752483,"data":"/tmp/dsv4-native-src/dee.cpp/src/rmsnorm_cuda.cu:7:3: warning: style of line directive is a GCC extension\n"}
,{"stream_name":"stderr","time":45.083760494,"data":"    7 | \n"}
,{"stream_name":"stderr","time":45.083764258,"data":"      |   ^\n"}
,{"stream_name":"stderr","time":45.083891566,"data":"/tmp/dsv4-native-src/dee.cpp/src/rmsnorm_cuda.cu:1:3: warning: style of line directive is a GCC extension\n"}
,{"stream_name":"stderr","time":45.083910882,"data":"    1 | #include \"dee/rmsnorm_cuda.h\"\n"}
,{"stream_name":"stderr","time":45.083915857,"data":"      |   ^~\n"}
,{"stream_name":"stderr","time":45.120580287,"data":"/tmp/dsv4-native-src/dee.cpp/include/dee/rmsnorm_cuda.h:11:3: warning: style of line directive is a GCC extension\n"}
,{"stream_name":"stderr","time":45.120635447,"data":"   11 | \n"}
,{"stream_name":"stderr","time":45.120641245,"data":"      |   ^ \n"}
,{"stream_name":"stderr","time":45.120646326,"data":"/tmp/dsv4-native-src/dee.cpp/include/dee/rmsnorm_cuda.h:16:3: warning: style of line directive is a GCC extension\n"}
,{"stream_name":"stderr","time":45.120651439,"data":"   16 |     int row_start = 0;\n"}
,{"stream_name":"stderr","time":45.120656707,"data":"      |   ^ \n"}
,{"stream_name":"stderr","time":45.120660664,"data":"/tmp/dsv4-native-src/dee.cpp/include/dee/rmsnorm_cuda.h:17:3: warning: style of line directive is a GCC extension\n"}
,{"stream_name":"stderr","time":45.12066471,"data":"   17 |     int row_count = 0;\n"}
,{"stream_name":"stderr","time":45.120668578,"data":"      |   ^ \n"}
,{"stream_name":"stderr","time":45.120691146,"data":"/tmp/dsv4-native-src/dee.cpp/include/dee/rmsnorm_cuda.h:18:3: warning: style of line directive is a GCC extension\n"}
,{"stream_name":"stderr","time":45.120697299,"data":"   18 |     int element_start = 0;\n"}
,{"stream_name":"stderr","time":45.120702408,"data":"      |   ^ \n"}
,{"stream_name":"stderr","time":45.120706576,"data":"/tmp/dsv4-native-src/dee.cpp/include/dee/rmsnorm_cuda.h:19:3: warning: style of line directive is a GCC extension\n"}
,{"stream_name":"stderr","time":45.120710834,"data":"   19 |     int element_count = 0;\n"}
,{"stream_name":"stderr","time":45.120714719,"data":"      |   ^ \n"}
,{"stream_name":"stderr","time":45.120718316,"data":"/tmp/dsv4-native-src/dee.cpp/include/dee/rmsnorm_cuda.h:20:3: warning: style of line directive is a GCC extension\n"}
,{"stream_name":"stderr","time":45.120722518,"data":"   20 |     size_t input_snapshot_row_stride_bytes = 0;\n"}
,{"stream_name":"stderr","time":45.120726624,"data":"      |   ^ \n"}
,{"stream_name":"stderr","time":45.120730698,"data":"/tmp/dsv4-native-src/dee.cpp/include/dee/rmsnorm_cuda.h:21:3: warning: style of line directive is a GCC extension\n"}
,{"stream_name":"stderr","time":45.120735523,"data":"   21 |     size_t normalized_row_stride_bytes = 0;\n"}
,{"stream_name":"stderr","time":45.12083914,"data":"      |   ^ \n"}
,{"stream_name":"stderr","time":45.120848539,"data":"/tmp/dsv4-native-src/dee.cpp/include/dee/rmsnorm_cuda.h:22:3: warning: style of line directive is a GCC extension\n"}
,{"stream_name":"stderr","time":45.120853015,"data":"   22 |     size_t output_snapshot_row_stride_bytes = 0;\n"}
,{"stream_name":"stderr","time":45.12085739,"data":"      |   ^ \n"}
,{"stream_name":"stderr","time":45.120861745,"data":"/tmp/dsv4-native-src/dee.cpp/include/dee/rmsnorm_cuda.h:23:3: warning: style of line directive is a GCC extension\n"}
,{"stream_name":"stderr","time":45.120866779,"data":"   23 |     size_t weight_snapshot_row_stride_bytes = 0;\n"}
,{"stream_name":"stderr","time":45.120871031,"data":"      |   ^ \n"}
,{"stream_name":"stderr","time":45.120879084,"data":"/tmp/dsv4-native-src/dee.cpp/include/dee/rmsnorm_cuda.h:24:3: warning: style of line directive is a GCC extension\n"}
,{"stream_name":"stderr","time":45.120884087,"data":"   24 |     size_t scalar_stride_bytes = 0;\n"}
,{"stream_name":"stderr","time":45.120888078,"data":"      |   ^ \n"}
,{"stream_name":"stderr","time":45.120891802,"data":"/tmp/dsv4-native-src/dee.cpp/include/dee/rmsnorm_cuda.h:25:3: warning: style of line directive is a GCC extension\n"}
,{"stream_name":"stderr","time":45.120896142,"data":"   25 |     float* d_input_snapshot_f32 = nullptr;\n"}
,{"stream_name":"stderr","time":45.120900106,"data":"      |   ^ \n"}
,{"stream_name":"stderr","time":45.120903928,"data":"/tmp/dsv4-native-src/dee.cpp/include/dee/rmsnorm_cuda.h:26:3: warning: style of line directive is a GCC extension\n"}
,{"stream_name":"stderr","time":45.120908849,"data":"   26 |     float* d_sum_squares_f32 = nullptr;\n"}
,{"stream_name":"stderr","time":45.120913605,"data":"      |   ^ \n"}
,{"stream_name":"stderr","time":45.120918443,"data":"/tmp/dsv4-native-src/dee.cpp/include/dee/rmsnorm_cuda.h:27:3: warning: style of line directive is a GCC extension\n"}
,{"stream_name":"stderr","time":45.120922982,"data":"   27 |     float* d_denominator_f32 = nullptr;\n"}
,{"stream_name":"stderr","time":45.120927547,"data":"      |   ^ \n"}
,{"stream_name":"stderr","time":45.120932352,"data":"/tmp/dsv4-native-src/dee.cpp/include/dee/rmsnorm_cuda.h:28:3: warning: style of line directive is a GCC extension\n"}
,{"stream_name":"stderr","time":45.120937793,"data":"   28 |     float* d_reciprocal_rms_f32 = nullptr;\n"}
,{"stream_name":"stderr","time":45.120948674,"data":"      |   ^ \n"}
,{"stream_name":"stderr","time":45.120954989,"data":"/tmp/dsv4-native-src/dee.cpp/include/dee/rmsnorm_cuda.h:29:3: warning: style of line directive is a GCC extension\n"}
,{"stream_name":"stderr","time":45.120959854,"data":"   29 |     float* d_weight_snapshot_f32 = nullptr;\n"}
,{"stream_name":"stderr","time":45.120964481,"data":"      |   ^ \n"}
,{"stream_name":"stderr","time":45.120969169,"data":"/tmp/dsv4-native-src/dee.cpp/include/dee/rmsnorm_cuda.h:30:3: warning: style of line directive is a GCC extension\n"}
,{"stream_name":"stderr","time":45.120974062,"data":"   30 |     float* d_normalized_f32 = nullptr;\n"}
,{"stream_name":"stderr","time":45.120979117,"data":"      |   ^ \n"}
,{"stream_name":"stderr","time":45.121061774,"data":"/tmp/dsv4-native-src/dee.cpp/include/dee/rmsnorm_cuda.h:31:3: warning: style of line directive is a GCC extension\n"}
,{"stream_name":"stderr","time":45.121079983,"data":"   31 |     float* d_output_snapshot_f32 = nullptr;\n"}
,{"stream_name":"stderr","time":45.121084964,"data":"      |   ^ \n"}
,{"stream_name":"stderr","time":45.12108906,"data":"/tmp/dsv4-native-src/dee.cpp/include/dee/rmsnorm_cuda.h:32:3: warning: style of line directive is a GCC extension\n"}
,{"stream_name":"stderr","time":45.121145782,"data":"   32 | };\n"}
,{"stream_name":"stderr","time":45.121150039,"data":"      |   ^ \n"}
,{"stream_name":"stderr","time":45.121153862,"data":"/tmp/dsv4-native-src/dee.cpp/include/dee/rmsnorm_cuda.h:33:3: warning: style of line directive is a GCC extension\n"}
,{"stream_name":"stderr","time":45.121158223,"data":"   33 | \n"}
,{"stream_name":"stderr","time":45.121162133,"data":"      |   ^ \n"}
,{"stream_name":"stderr","time":45.121169234,"data":"/tmp/dsv4-native-src/dee.cpp/include/dee/rmsnorm_cuda.h:39:3: warning: style of line directive is a GCC extension\n"}
,{"stream_name":"stderr","time":45.121173713,"data":"   39 |     const void* d_input_f16, const void* d_weight_f16,\n"}
,{"stream_name":"stderr","time":45.121177832,"data":"      |   ^ \n"}
,{"stream_name":"stderr","time":45.121181835,"data":"/tmp/dsv4-native-src/dee.cpp/include/dee/rmsnorm_cuda.h:49:3: warning: style of line directive is a GCC extension\n"}
,{"stream_name":"stderr","time":45.121186185,"data":"   49 |     const void* d_input_f16, const void* d_weight_f16,\n"}
,{"stream_name":"stderr","time":45.121218999,"data":"      |   ^ \n"}
,{"stream_name":"stderr","time":45.12126484,"data":"/tmp/dsv4-native-src/dee.cpp/include/dee/rmsnorm_cuda.h:55:3: warning: style of line directive is a GCC extension\n"}
,{"stream_name":"stderr","time":45.12127473,"data":"   55 |     int rows, int dim, const QwenRmsNormDiagnosticBuffers\u0026 diagnostics);\n"}
,{"stream_name":"stderr","time":45.121279831,"data":"      |   ^ \n"}
,{"stream_name":"stderr","time":45.12128372,"data":"/tmp/dsv4-native-src/dee.cpp/include/dee/rmsnorm_cuda.h:58:3: warning: style of line directive is a GCC extension\n"}
,{"stream_name":"stderr","time":45.121288417,"data":"   58 | \n"}
,{"stream_name":"stderr","time":45.121292408,"data":"      |   ^ \n"}
,{"stream_name":"stderr","time":45.121353514,"data":"/tmp/dsv4-native-src/dee.cpp/include/dee/rmsnorm_cuda.h:64:3: warning: style of line directive is a GCC extension\n"}
,{"stream_name":"stderr","time":45.121359734,"data":"   64 |     const void* d_input_f16, const void* d_weight_f16,\n"}
,{"stream_name":"stderr","time":45.121364039,"data":"      |   ^ \n"}
,{"stream_name":"stderr","time":45.121368091,"data":"/tmp/dsv4-native-src/dee.cpp/include/dee/rmsnorm_cuda.h:75:3: warning: style of line directive is a GCC extension\n"}
,{"stream_name":"stderr","time":45.121379707,"data":"   75 |     const void* d_input_f16, const void* d_weight_f16,\n"}
,{"stream_name":"stderr","time":45.121384209,"data":"      |   ^ \n"}
,{"stream_name":"stderr","time":45.12138823,"data":"/tmp/dsv4-native-src/dee.cpp/include/dee/rmsnorm_cuda.h:80:3: warning: style of line directive is a GCC extension\n"}
,{"stream_name":"stderr","time":45.121392732,"data":"   80 | #endif\n"}
,{"stream_name":"stderr","time":45.121396717,"data":"      |   ^~\n"}
,{"stream_name":"stderr","time":45.138027784,"data":"/tmp/dsv4-native-src/dee.cpp/include/dee/cuda_check.h:10:3: warning: style of line directive is a GCC extension\n"}
,{"stream_name":"stderr","time":45.138067252,"data":"   10 | \n"}
,{"stream_name":"stderr","time":45.138072391,"data":"      |   ^ \n"}
,{"stream_name":"stderr","time":45.138077164,"data":"/tmp/dsv4-native-src/dee.cpp/include/dee/cuda_check.h:12:3: warning: style of line directive is a GCC extension\n"}
,{"stream_name":"stderr","time":45.138082353,"data":"   12 |     if (status == cudaSuccess) return true;\n"}
,{"stream_name":"stderr","time":45.13808691,"data":"      |   ^ \n"}
,{"stream_name":"stderr","time":45.138091842,"data":"/tmp/dsv4-native-src/dee.cpp/include/dee/cuda_check.h:13:3: warning: style of line directive is a GCC extension\n"}
,{"stream_name":"stderr","time":45.138095884,"data":"   13 |     std::fprintf(stderr, \"[cuda] %s failed at %s:%d: %s (%s)\\n\", operation, file, line,\n"}
,{"stream_name":"stderr","time":45.1381002,"data":"      |   ^ \n"}
,{"stream_name":"stderr","time":45.138104474,"data":"/tmp/dsv4-native-src/dee.cpp/include/dee/cuda_check.h:14:3: warning: style of line directive is a GCC extension\n"}
,{"stream_name":"stderr","time":45.138109092,"data":"   14 |                  cudaGetErrorName(status), cudaGetErrorString(status));\n"}
,{"stream_name":"stderr","time":45.138113161,"data":"      |   ^ \n"}
,{"stream_name":"stderr","time":45.138116758,"data":"/tmp/dsv4-native-src/dee.cpp/include/dee/cuda_check.h:16:3: warning: style of line directive is a GCC extension\n"}
,{"stream_name":"stderr","time":45.138120658,"data":"   16 | }\n"}
,{"stream_name":"stderr","time":45.138124527,"data":"      |   ^ \n"}
,{"stream_name":"stderr","time":45.138128419,"data":"/tmp/dsv4-native-src/dee.cpp/include/dee/cuda_check.h:17:3: warning: style of line directive is a GCC extension\n"}
,{"stream_name":"stderr","time":45.138132629,"data":"   17 | \n"}
,{"stream_name":"stderr","time":45.138136834,"data":"      |   ^ \n"}
,{"stream_name":"stderr","time":45.138141097,"data":"/tmp/dsv4-native-src/dee.cpp/include/dee/cuda_check.h:19:3: warning: style of line directive is a GCC extension\n"}
,{"stream_name":"stderr","time":45.138146192,"data":"   19 |     return cuda_check(cudaGetLastError(), operation, file, line);\n"}
,{"stream_name":"stderr","time":45.138150527,"data":"      |   ^ \n"}
,{"stream_name":"stderr","time":45.138155295,"data":"/tmp/dsv4-native-src/dee.cpp/include/dee/cuda_check.h:20:3: warning: style of line directive is a GCC extension\n"}
,{"stream_name":"stderr","time":45.138160394,"data":"   20 | }\n"}
,{"stream_name":"stderr","time":45.138164998,"data":"      |   ^ \n"}
,{"stream_name":"stderr","time":45.138173198,"data":"/tmp/dsv4-native-src/dee.cpp/include/dee/cuda_check.h:21:3: warning: style of line directive is a GCC extension\n"}
,{"stream_name":"stderr","time":45.138177689,"data":"   21 | \n"}
,{"stream_name":"stderr","time":45.138181431,"data":"      |   ^ \n"}
,{"stream_name":"stderr","time":45.138185321,"data":"/tmp/dsv4-native-src/dee.cpp/include/dee/cuda_check.h:23:3: warning: style of line directive is a GCC extension\n"}
,{"stream_name":"stderr","time":45.138202599,"data":"   23 |     switch (status) {\n"}
,{"stream_name":"stderr","time":45.138207277,"data":"      |   ^ \n"}
,{"stream_name":"stderr","time":45.138245027,"data":"/tmp/dsv4-native-src/dee.cpp/include/dee/cuda_check.h:24:3: warning: style of line directive is a GCC extension\n"}
,{"stream_name":"stderr","time":45.13826335,"data":"   24 |         case CUBLAS_STATUS_SUCCESS: return \"CUBLAS_STATUS_SUCCESS\";\n"}
,{"stream_name":"stderr","time":45.138297807,"data":"      |   ^ \n"}
,{"stream_name":"stderr","time":45.138303632,"data":"/tmp/dsv4-native-src/dee.cpp/include/dee/cuda_check.h:25:3: warning: style of line directive is a GCC extension\n"}
,{"stream_name":"stderr","time":45.138308129,"data":"   25 |         case CUBLAS_STATUS_NOT_INITIALIZED: return \"CUBLAS_STATUS_NOT_INITIALIZED\";\n"}
,{"stream_name":"stderr","time":45.138323471,"data":"      |   ^ \n"}
,{"stream_name":"stderr","time":45.138364789,"data":"/tmp/dsv4-native-src/dee.cpp/include/dee/cuda_check.h:26:3: warning: style of line directive is a GCC extension\n"}
,{"stream_name":"stderr","time":45.138374287,"data":"   26 |         case CUBLAS_STATUS_ALLOC_FAILED: return \"CUBLAS_STATUS_ALLOC_FAILED\";\n"}
,{"stream_name":"stderr","time":45.138379029,"data":"      |   ^ \n"}
,{"stream_name":"stderr","time":45.138382919,"data":"/tmp/dsv4-native-src/dee.cpp/include/dee/cuda_check.h:27:3: warning: style of line directive is a GCC extension\n"}
,{"stream_name":"stderr","time":45.138387367,"data":"   27 |         case CUBLAS_STATUS_INVALID_VALUE: return \"CUBLAS_STATUS_INVALID_VALUE\";\n"}
,{"stream_name":"stderr","time":45.138391888,"data":"      |   ^ \n"}
,{"stream_name":"stderr","time":45.138395941,"data":"/tmp/dsv4-native-src/dee.cpp/include/dee/cuda_check.h:28:3: warning: style of line directive is a GCC extension\n"}
,{"stream_name":"stderr","time":45.138400641,"data":"   28 |         case CUBLAS_STATUS_ARCH_MISMATCH: return \"CUBLAS_STATUS_ARCH_MISMATCH\";\n"}
,{"stream_name":"stderr","time":45.138405446,"data":"      |   ^ \n"}
,{"stream_name":"stderr","time":45.138409576,"data":"/tmp/dsv4-native-src/dee.cpp/include/dee/cuda_check.h:29:3: warning: style of line directive is a GCC extension\n"}
,{"stream_name":"stderr","time":45.138413939,"data":"   29 |         case CUBLAS_STATUS_MAPPING_ERROR: return \"CUBLAS_STATUS_MAPPING_ERROR\";\n"}
,{"stream_name":"stderr","time":45.138419422,"data":"      |   ^ \n"}
,{"stream_name":"stderr","time":45.138427182,"data":"/tmp/dsv4-native-src/dee.cpp/include/dee/cuda_check.h:30:3: warning: style of line directive is a GCC extension\n"}
,{"stream_name":"stderr","time":45.138432463,"data":"   30 |         case CUBLAS_STATUS_EXECUTION_FAILED: return \"CUBLAS_STATUS_EXECUTION_FAILED\";\n"}
,{"stream_name":"stderr","time":45.138436267,"data":"      |   ^ \n"}
,{"stream_name":"stderr","time":45.138443601,"data":"/tmp/dsv4-native-src/dee.cpp/include/dee/cuda_check.h:31:3: warning: style of line directive is a GCC extension\n"}
,{"stream_name":"stderr","time":45.138448044,"data":"   31 |         case CUBLAS_STATUS_INTERNAL_ERROR: return \"CUBLAS_STATUS_INTERNAL_ERROR\";\n"}
,{"stream_name":"stderr","time":45.138452357,"data":"      |   ^ \n"}
,{"stream_name":"stderr","time":45.138509434,"data":"/tmp/dsv4-native-src/dee.cpp/include/dee/cuda_check.h:32:3: warning: style of line directive is a GCC extension\n"}
,{"stream_name":"stderr","time":45.138518523,"data":"   32 |         case CUBLAS_STATUS_NOT_SUPPORTED: return \"CUBLAS_STATUS_NOT_SUPPORTED\";\n"}
,{"stream_name":"stderr","time":45.13852327,"data":"      |   ^ \n"}
,{"stream_name":"stderr","time":45.138569185,"data":"/tmp/dsv4-native-src/dee.cpp/include/dee/cuda_check.h:33:3: warning: style of line directive is a GCC extension\n"}
,{"stream_name":"stderr","time":45.138578453,"data":"   33 |         default: return \"CUBLAS_STATUS_UNKNOWN\";\n"}
,{"stream_name":"stderr","time":45.138583594,"data":"      |   ^ \n"}
,{"stream_name":"stderr","time":45.138621552,"data":"/tmp/dsv4-native-src/dee.cpp/include/dee/cuda_check.h:34:3: warning: style of line directive is a GCC extension\n"}
,{"stream_name":"stderr","time":45.138629522,"data":"   34 |     }\n"}
,{"stream_name":"stderr","time":45.138662179,"data":"      |   ^ \n"}
,{"stream_name":"stderr","time":45.138671948,"data":"/tmp/dsv4-native-src/dee.cpp/include/dee/cuda_check.h:35:3: warning: style of line directive is a GCC extension\n"}
,{"stream_name":"stderr","time":45.138676449,"data":"   35 | }\n"}
,{"stream_name":"stderr","time":45.138680622,"data":"      |   ^ \n"}
,{"stream_name":"stderr","time":45.138817825,"data":"/tmp/dsv4-native-src/dee.cpp/include/dee/cuda_check.h:36:3: warning: style of line directive is a GCC extension\n"}
,{"stream_name":"stderr","time":45.138833475,"data":"   36 | \n"}
,{"stream_name":"stderr","time":45.138837875,"data":"      |   ^ \n"}
,{"stream_name":"stderr","time":45.138841999,"data":"/tmp/dsv4-native-src/dee.cpp/include/dee/cuda_check.h:38:3: warning: style of line directive is a GCC extension\n"}
,{"stream_name":"stderr","time":45.138868417,"data":"   38 |     if (status == CUBLAS_STATUS_SUCCESS) return true;\n"}
,{"stream_name":"stderr","time":45.138872517,"data":"      |   ^ \n"}
,{"stream_name":"stderr","time":45.13887662,"data":"/tmp/dsv4-native-src/dee.cpp/include/dee/cuda_check.h:39:3: warning: style of line directive is a GCC extension\n"}
,{"stream_name":"stderr","time":45.138880886,"data":"   39 |     std::fprintf(stderr, \"[cublas] %s failed at %s:%d: %s (%d)\\n\", operation, file, line,\n"}
,{"stream_name":"stderr","time":45.138885797,"data":"      |   ^ \n"}
,{"stream_name":"stderr","time":45.138889481,"data":"/tmp/dsv4-native-src/dee.cpp/include/dee/cuda_check.h:40:3: warning: style of line directive is a GCC extension\n"}
,{"stream_name":"stderr","time":45.138893534,"data":"   40 |                  cublas_status_name(status), static_cast\u003cint\u003e(status));\n"}
,{"stream_name":"stderr","time":45.138898382,"data":"      |   ^ \n"}
,{"stream_name":"stderr","time":45.138916488,"data":"/tmp/dsv4-native-src/dee.cpp/include/dee/cuda_check.h:42:3: warning: style of line directive is a GCC extension\n"}
,{"stream_name":"stderr","time":45.138921319,"data":"   42 | }\n"}
,{"stream_name":"stderr","time":45.138925011,"data":"      |   ^ \n"}
,{"stream_name":"stderr","time":45.138928368,"data":"/tmp/dsv4-native-src/dee.cpp/include/dee/cuda_check.h:43:3: warning: style of line directive is a GCC extension\n"}
,{"stream_name":"stderr","time":45.138932467,"data":"   43 | \n"}
,{"stream_name":"stderr","time":45.138936318,"data":"      |   ^ \n"}
,{"stream_name":"stderr","time":45.138940391,"data":"/tmp/dsv4-native-src/dee.cpp/include/dee/cuda_check.h:45:3: warning: style of line directive is a GCC extension\n"}
,{"stream_name":"stderr","time":45.138944935,"data":"   45 | \n"}
,{"stream_name":"stderr","time":45.138948554,"data":"      |   ^ \n"}
,{"stream_name":"stderr","time":45.138952246,"data":"/tmp/dsv4-native-src/dee.cpp/src/rmsnorm_cuda.cu:14:3: warning: style of line directive is a GCC extension\n"}
,{"stream_name":"stderr","time":45.13895671,"data":"   14 | namespace {\n"}
,{"stream_name":"stderr","time":45.138960368,"data":"      |   ^~\n"}
,{"stream_name":"stderr","time":45.138972345,"data":"/tmp/dsv4-native-src/dee.cpp/src/rmsnorm_cuda.cu:17:3: warning: style of line directive is a GCC extension\n"}
,{"stream_name":"stderr","time":45.138996426,"data":"   17 | constexpr int kMaxDiagnosticRows = 64;\n"}
,{"stream_name":"stderr","time":45.139028953,"data":"      |   ^~\n"}
,{"stream_name":"stderr","time":45.139045583,"data":"/tmp/dsv4-native-src/dee.cpp/src/rmsnorm_cuda.cu:17:3: warning: style of line directive is a GCC extension\n"}
,{"stream_name":"stderr","time":45.139050709,"data":"   17 | constexpr int kMaxDiagnosticRows = 64;\n"}
,{"stream_name":"stderr","time":45.139054744,"data":"      |   ^~\n"}
,{"stream_name":"stderr","time":45.139058521,"data":"/tmp/dsv4-native-src/dee.cpp/src/rmsnorm_cuda.cu:18:3: warning: style of line directive is a GCC extension\n"}
,{"stream_name":"stderr","time":45.139062722,"data":"   18 | constexpr int kMaxDiagnosticElements = 4096;\n"}
,{"stream_name":"stderr","time":45.139066724,"data":"      |   ^~\n"}
,{"stream_name":"stderr","time":45.139082345,"data":"/tmp/dsv4-native-src/dee.cpp/src/rmsnorm_cuda.cu:19:3: warning: style of line directive is a GCC extension\n"}
,{"stream_name":"stderr","time":45.139087303,"data":"   19 | constexpr uint64_t kDiagnosticMaxBytes = 1ULL \u003c\u003c 20;\n"}
,{"stream_name":"stderr","time":45.139091791,"data":"      |   ^~\n"}
,{"stream_name":"stderr","time":45.139095583,"data":"/tmp/dsv4-native-src/dee.cpp/src/rmsnorm_cuda.cu:20:3: warning: style of line directive is a GCC extension\n"}
,{"stream_name":"stderr","time":45.139100014,"data":"   20 | \n"}
,{"stream_name":"stderr","time":45.139104024,"data":"      |   ^ \n"}
,{"stream_name":"stderr","time":45.139159605,"data":"/tmp/dsv4-native-src/dee.cpp/src/rmsnorm_cuda.cu:22:3: warning: style of line directive is a GCC extension\n"}
,{"stream_name":"stderr","time":45.139170821,"data":"   22 |     for (int offset = 16; offset \u003e 0; offset \u003e\u003e= 1) {\n"}
,{"stream_name":"stderr","time":45.139176515,"data":"      |   ^ \n"}
,{"stream_name":"stderr","time":45.13924088,"data":"/tmp/dsv4-native-src/dee.cpp/src/rmsnorm_cuda.cu:78:3: warning: style of line directive is a GCC extension\n"}
,{"stream_name":"stderr","time":45.139248907,"data":"   78 |     }\n"}
,{"stream_name":"stderr","time":45.139252916,"data":"      |   ^ \n"}
,{"stream_name":"stderr","time":45.139294759,"data":"/tmp/dsv4-native-src/dee.cpp/src/rmsnorm_cuda.cu:44:3: warning: style of line directive is a GCC extension\n"}
,{"stream_name":"stderr","time":45.139301203,"data":"   44 | __global__ void qwen_rms_norm_fp16_kernel(\n"}
,{"stream_name":"stderr","time":45.139305455,"data":"      |   ^~\n"}
,{"stream_name":"stderr","time":45.139430324,"data":"/tmp/dsv4-native-src/dee.cpp/src/rmsnorm_cuda.cu:45:3: warning: style of line directive is a GCC extension\n"}
,{"stream_name":"stderr","time":45.139437681,"data":"   45 |         const __half* input, const __half* weight, __half* output,\n"}
,{"stream_name":"stderr","time":45.139442502,"data":"      |   ^ \n"}
,{"stream_name":"stderr","time":45.139446657,"data":"/tmp/dsv4-native-src/dee.cpp/src/rmsnorm_cuda.cu:46:3: warning: style of line directive is a GCC extension\n"}
,{"stream_name":"stderr","time":45.139451487,"data":"   46 |         int dim, float epsilon, QwenRmsNormDiagnosticBuffers diagnostics) {\n"}
,{"stream_name":"stderr","time":45.139456079,"data":"      |   ^ \n"}
,{"stream_name":"stderr","time":45.139642609,"data":"/tmp/dsv4-native-src/dee.cpp/src/rmsnorm_cuda.cu:153:3: warning: style of line directive is a GCC extension\n"}
,{"stream_name":"stderr","time":45.13965389,"data":"  153 |                       diagnostics.input_snapshot_row_stride_bytes,\n"}
,{"stream_name":"stderr","time":45.139667377,"data":"      |   ^ \n"}
,{"stream_name":"stderr","time":45.139672382,"data":"/tmp/dsv4-native-src/dee.cpp/src/rmsnorm_cuda.cu:44:3: warning: style of line directive is a GCC extension\n"}
,{"stream_name":"stderr","time":45.139677415,"data":"   44 | __global__ void qwen_rms_norm_fp16_kernel(\n"}
,{"stream_name":"stderr","time":45.13968191,"data":"      |   ^~\n"}
,{"stream_name":"stderr","time":45.139686181,"data":"/tmp/dsv4-native-src/dee.cpp/src/rmsnorm_cuda.cu:45:3: warning: style of line directive is a GCC extension\n"}
,{"stream_name":"stderr","time":45.139691526,"data":"   45 |         const __half* input, const __half* weight, __half* output,\n"}
,{"stream_name":"stderr","time":45.139696619,"data":"      |   ^ \n"}
,{"stream_name":"stderr","time":45.139731268,"data":"/tmp/dsv4-native-src/dee.cpp/src/rmsnorm_cuda.cu:46:3: warning: style of line directive is a GCC extension\n"}
,{"stream_name":"stderr","time":45.139775991,"data":"   46 |         int dim, float epsilon, QwenRmsNormDiagnosticBuffers diagnostics) {\n"}
,{"stream_name":"stderr","time":45.139788939,"data":"      |   ^ \n"}
,{"stream_name":"stderr","time":45.139928592,"data":"/tmp/dsv4-native-src/dee.cpp/src/rmsnorm_cuda.cu:47:3: warning: style of line directive is a GCC extension\n"}
,{"stream_name":"stderr","time":45.139938136,"data":"   47 |     const int row = blockIdx.x;\n"}
,{"stream_name":"stderr","time":45.139942463,"data":"      |   ^ ~\n"}
,{"stream_name":"stderr","time":45.140024535,"data":"/tmp/dsv4-native-src/dee.cpp/src/rmsnorm_cuda.cu:212:3: warning: style of line directive is a GCC extension\n"}
,{"stream_name":"stderr","time":45.14003194,"data":"  212 |         epsilon,\n"}
,{"stream_name":"stderr","time":45.140036458,"data":"      |   ^  \n"}
,{"stream_name":"stderr","time":45.140924194,"data":"/tmp/dsv4-native-src/dee.cpp/src/rmsnorm_cuda.cu:110:3: warning: style of line directive is a GCC extension\n"}
,{"stream_name":"stderr","time":45.14094417,"data":"  110 |                            const QwenRmsNormDiagnosticBuffers\u0026 diagnostics) {\n"}
,{"stream_name":"stderr","time":45.140949558,"data":"      |   ^  \n"}
,{"stream_name":"stderr","time":45.140953862,"data":"/tmp/dsv4-native-src/dee.cpp/src/rmsnorm_cuda.cu:111:3: warning: style of line directive is a GCC extension\n"}
,{"stream_name":"stderr","time":45.140958585,"data":"  111 |     if (rows \u003c= 0 || dim \u003c= 0 || dim \u003e 4096 ||\n"}
,{"stream_name":"stderr","time":45.140982317,"data":"      |   ^ ~\n"}
,{"stream_name":"stderr","time":45.140986878,"data":"/tmp/dsv4-native-src/dee.cpp/src/rmsnorm_cuda.cu:112:3: warning: style of line directive is a GCC extension\n"}
,{"stream_name":"stderr","time":45.140991276,"data":"  112 |         diagnostics.row_start \u003c 0 || diagnostics.row_count \u003c= 0 ||\n"}
,{"stream_name":"stderr","time":45.140995674,"data":"      |   ^  \n"}
,{"stream_name":"stderr","time":45.141026994,"data":"/tmp/dsv4-native-src/dee.cpp/src/rmsnorm_cuda.cu:118:3: warning: style of line directive is a GCC extension\n"}
,{"stream_name":"stderr","time":45.141031996,"data":"  118 |         return false;\n"}
,{"stream_name":"stderr","time":45.141036147,"data":"      |   ^  \n"}
,{"stream_name":"stderr","time":45.141040114,"data":"/tmp/dsv4-native-src/dee.cpp/src/rmsnorm_cuda.cu:119:3: warning: style of line directive is a GCC extension\n"}
,{"stream_name":"stderr","time":45.141044436,"data":"  119 |     }\n"}
,{"stream_name":"stderr","time":45.141065869,"data":"      |   ^ ~\n"}
,{"stream_name":"stderr","time":45.141070845,"data":"/tmp/dsv4-native-src/dee.cpp/src/rmsnorm_cuda.cu:120:3: warning: style of line directive is a GCC extension\n"}
,{"stream_name":"stderr","time":45.141108074,"data":"  120 |     const size_t row_bytes = static_cast\u003csize_t\u003e(diagnostics.element_count) * sizeof(float);\n"}
,{"stream_name":"stderr","time":45.141113454,"data":"      |   ^ ~\n"}
,{"stream_name":"stderr","time":45.141117742,"data":"/tmp/dsv4-native-src/dee.cpp/src/rmsnorm_cuda.cu:121:3: warning: style of line directive is a GCC extension\n"}
,{"stream_name":"stderr","time":45.141122768,"data":"  121 |     if (diagnostics.input_snapshot_row_stride_bytes \u003c row_bytes ||\n"}
,{"stream_name":"stderr","time":45.141127334,"data":"      |   ^ ~\n"}
,{"stream_name":"stderr","time":45.14113148,"data":"/tmp/dsv4-native-src/dee.cpp/src/rmsnorm_cuda.cu:122:3: warning: style of line directive is a GCC extension\n"}
,{"stream_name":"stderr","time":45.14113563,"data":"  122 |         diagnostics.normalized_row_stride_bytes \u003c row_bytes ||\n"}
,{"stream_name":"stderr","time":45.141140135,"data":"      |   ^  \n"}
,{"stream_name":"stderr","time":45.141144707,"data":"/tmp/dsv4-native-src/dee.cpp/src/rmsnorm_cuda.cu:130:3: warning: style of line directive is a GCC extension\n"}
,{"stream_name":"stderr","time":45.141149717,"data":"  130 |         return false;\n"}
,{"stream_name":"stderr","time":45.14115437,"data":"      |   ^  \n"}
,{"stream_name":"stderr","time":45.141180106,"data":"/tmp/dsv4-native-src/dee.cpp/src/rmsnorm_cuda.cu:131:3: warning: style of line directive is a GCC extension\n"}
,{"stream_name":"stderr","time":45.141184931,"data":"  131 |     }\n"}
,{"stream_name":"stderr","time":45.141188951,"data":"      |   ^ ~\n"}
,{"stream_name":"stderr","time":45.141192974,"data":"/tmp/dsv4-native-src/dee.cpp/src/rmsnorm_cuda.cu:132:3: warning: style of line directive is a GCC extension\n"}
,{"stream_name":"stderr","time":45.141197329,"data":"  132 |     const auto checked_span = [](int count, size_t stride, size_t row_size,\n"}
,{"stream_name":"stderr","time":45.141201548,"data":"      |   ^ ~\n"}
,{"stream_name":"stderr","time":45.141206682,"data":"/tmp/dsv4-native-src/dee.cpp/src/rmsnorm_cuda.cu:133:3: warning: style of line directive is a GCC extension\n"}
,{"stream_name":"stderr","time":45.141211059,"data":"  133 |                                  uint64_t* result) {\n"}
,{"stream_name":"stderr","time":45.141215196,"data":"      |   ^  \n"}
,{"stream_name":"stderr","time":45.141219117,"data":"/tmp/dsv4-native-src/dee.cpp/src/rmsnorm_cuda.cu:134:3: warning: style of line directive is a GCC extension\n"}
,{"stream_name":"stderr","time":45.141223685,"data":"  134 |         if (count \u003c= 0 || stride \u003c row_size) return false;\n"}
,{"stream_name":"stderr","time":45.141228908,"data":"      |   ^  \n"}
,{"stream_name":"stderr","time":45.141233513,"data":"/tmp/dsv4-native-src/dee.cpp/src/rmsnorm_cuda.cu:135:3: warning: style of line directive is a GCC extension\n"}
,{"stream_name":"stderr","time":45.141238778,"data":"  135 |         const uint64_t max_value = std::numeric_limits\u003cuint64_t\u003e::max();\n"}
,{"stream_name":"stderr","time":45.141243962,"data":"      |   ^  \n"}
,{"stream_name":"stderr","time":45.141267957,"data":"/tmp/dsv4-native-src/dee.cpp/src/rmsnorm_cuda.cu:136:3: warning: style of line directive is a GCC extension\n"}
,{"stream_name":"stderr","time":45.141273577,"data":"  136 |         const uint64_t row_count = static_cast\u003cuint64_t\u003e(count);\n"}
,{"stream_name":"stderr","time":45.141278178,"data":"      |   ^  \n"}
,{"stream_name":"stderr","time":45.141282244,"data":"/tmp/dsv4-native-src/dee.cpp/src/rmsnorm_cuda.cu:137:3: warning: style of line directive is a GCC extension\n"}
,{"stream_name":"stderr","time":45.141286811,"data":"  137 |         const uint64_t stride_u64 = static_cast\u003cuint64_t\u003e(stride);\n"}
,{"stream_name":"stderr","time":45.141296795,"data":"      |   ^  \n"}
,{"stream_name":"stderr","time":45.141301022,"data":"/tmp/dsv4-native-src/dee.cpp/src/rmsnorm_cuda.cu:138:3: warning: style of line directive is a GCC extension\n"}
,{"stream_name":"stderr","time":45.141308438,"data":"  138 |         const uint64_t row_size_u64 = static_cast\u003cuint64_t\u003e(row_size);\n"}
,{"stream_name":"stderr","time":45.141312788,"data":"      |   ^  \n"}
,{"stream_name":"stderr","time":45.141316994,"data":"/tmp/dsv4-native-src/dee.cpp/src/rmsnorm_cuda.cu:139:3: warning: style of line directive is a GCC extension\n"}
,{"stream_name":"stderr","time":45.14132176,"data":"  139 |         if (row_count - 1 \u003e max_value / stride_u64) return false;\n"}
,{"stream_name":"stderr","time":45.141326017,"data":"      |   ^  \n"}
,{"stream_name":"stderr","time":45.141329938,"data":"/tmp/dsv4-native-src/dee.cpp/src/rmsnorm_cuda.cu:140:3: warning: style of line directive is a GCC extension\n"}
,{"stream_name":"stderr","time":45.141334305,"data":"  140 |         const uint64_t last_offset = (row_count - 1) * stride_u64;\n"}
,{"stream_name":"stderr","time":45.141338562,"data":"      |   ^  \n"}
,{"stream_name":"stderr","time":45.141342511,"data":"/tmp/dsv4-native-src/dee.cpp/src/rmsnorm_cuda.cu:141:3: warning: style of line directive is a GCC extension\n"}
,{"stream_name":"stderr","time":45.141346827,"data":"  141 |         if (last_offset \u003e max_value - row_size_u64) return false;\n"}
,{"stream_name":"stderr","time":45.141370119,"data":"      |   ^  \n"}
,{"stream_name":"stderr","time":45.141374386,"data":"/tmp/dsv4-native-src/dee.cpp/src/rmsnorm_cuda.cu:142:3: warning: style of line directive is a GCC extension\n"}
,{"stream_name":"stderr","time":45.141379313,"data":"  142 |         *result = last_offset + row_size_u64;\n"}
,{"stream_name":"stderr","time":45.141384079,"data":"      |   ^  \n"}
,{"stream_name":"stderr","time":45.141388136,"data":"/tmp/dsv4-native-src/dee.cpp/src/rmsnorm_cuda.cu:143:3: warning: style of line directive is a GCC extension\n"}
,{"stream_name":"stderr","time":45.141392649,"data":"  143 |         return true;\n"}
,{"stream_name":"stderr","time":45.141396707,"data":"      |   ^  \n"}
,{"stream_name":"stderr","time":45.14140144,"data":"/tmp/dsv4-native-src/dee.cpp/src/rmsnorm_cuda.cu:144:3: warning: style of line directive is a GCC extension\n"}
,{"stream_name":"stderr","time":45.141405749,"data":"  144 |     };\n"}
,{"stream_name":"stderr","time":45.141409679,"data":"      |   ^ ~\n"}
,{"stream_name":"stderr","time":45.141413514,"data":"/tmp/dsv4-native-src/dee.cpp/src/rmsnorm_cuda.cu:145:3: warning: style of line directive is a GCC extension\n"}
,{"stream_name":"stderr","time":45.141418186,"data":"  145 |     uint64_t input_bytes = 0;\n"}
,{"stream_name":"stderr","time":45.141422754,"data":"      |   ^ ~\n"}
,{"stream_name":"stderr","time":45.141426751,"data":"/tmp/dsv4-native-src/dee.cpp/src/rmsnorm_cuda.cu:146:3: warning: style of line directive is a GCC extension\n"}
,{"stream_name":"stderr","time":45.141431164,"data":"  146 |     uint64_t normalized_bytes = 0;\n"}
,{"stream_name":"stderr","time":45.141435331,"data":"      |   ^ ~\n"}
,{"stream_name":"stderr","time":45.14143918,"data":"/tmp/dsv4-native-src/dee.cpp/src/rmsnorm_cuda.cu:147:3: warning: style of line directive is a GCC extension\n"}
,{"stream_name":"stderr","time":45.141443422,"data":"  147 |     uint64_t output_bytes = 0;\n"}
,{"stream_name":"stderr","time":45.141447445,"data":"      |   ^ ~\n"}
,{"stream_name":"stderr","time":45.141455645,"data":"/tmp/dsv4-native-src/dee.cpp/src/rmsnorm_cuda.cu:148:3: warning: style of line directive is a GCC extension\n"}
,{"stream_name":"stderr","time":45.141460238,"data":"  148 |     uint64_t weight_bytes = 0;\n"}
,{"stream_name":"stderr","time":45.141464805,"data":"      |   ^ ~\n"}
,{"stream_name":"stderr","time":45.141468586,"data":"/tmp/dsv4-native-src/dee.cpp/src/rmsnorm_cuda.cu:149:3: warning: style of line directive is a GCC extension\n"}
,{"stream_name":"stderr","time":45.141472983,"data":"  149 |     uint64_t sum_squares_bytes = 0;\n"}
,{"stream_name":"stderr","time":45.141477182,"data":"      |   ^ ~\n"}
,{"stream_name":"stderr","time":45.141481308,"data":"/tmp/dsv4-native-src/dee.cpp/src/rmsnorm_cuda.cu:150:3: warning: style of line directive is a GCC extension\n"}
,{"stream_name":"stderr","time":45.14148571,"data":"  150 |     uint64_t denominator_bytes = 0;\n"}
,{"stream_name":"stderr","time":45.141490243,"data":"      |   ^ ~\n"}
,{"stream_name":"stderr","time":45.141494504,"data":"/tmp/dsv4-native-src/dee.cpp/src/rmsnorm_cuda.cu:151:3: warning: style of line directive is a GCC extension\n"}
,{"stream_name":"stderr","time":45.141499038,"data":"  151 |     uint64_t reciprocal_bytes = 0;\n"}
,{"stream_name":"stderr","time":45.141503437,"data":"      |   ^ ~\n"}
,{"stream_name":"stderr","time":45.141507408,"data":"/tmp/dsv4-native-src/dee.cpp/src/rmsnorm_cuda.cu:152:3: warning: style of line directive is a GCC extension\n"}
,{"stream_name":"stderr","time":45.14151172,"data":"  152 |     if (!checked_span(diagnostics.row_count,\n"}
,{"stream_name":"stderr","time":45.141516337,"data":"      |   ^ ~\n"}
,{"stream_name":"stderr","time":45.141521215,"data":"/tmp/dsv4-native-src/dee.cpp/src/rmsnorm_cuda.cu:153:3: warning: style of line directive is a GCC extension\n"}
,{"stream_name":"stderr","time":45.141525515,"data":"  153 |                       diagnostics.input_snapshot_row_stride_bytes,\n"}
,{"stream_name":"stderr","time":45.141529851,"data":"      |   ^  \n"}
,{"stream_name":"stderr","time":45.141534014,"data":"/tmp/dsv4-native-src/dee.cpp/src/rmsnorm_cuda.cu:170:3: warning: style of line directive is a GCC extension\n"}
,{"stream_name":"stderr","time":45.141538387,"data":"  170 |         return false;\n"}
,{"stream_name":"stderr","time":45.141542325,"data":"      |   ^  \n"}
,{"stream_name":"stderr","time":45.141546325,"data":"/tmp/dsv4-native-src/dee.cpp/src/rmsnorm_cuda.cu:171:3: warning: style of line directive is a GCC extension\n"}
,{"stream_name":"stderr","time":45.141550617,"data":"  171 |     }\n"}
,{"stream_name":"stderr","time":45.141554528,"data":"      |   ^ ~\n"}
,{"stream_name":"stderr","time":45.141558604,"data":"/tmp/dsv4-native-src/dee.cpp/src/rmsnorm_cuda.cu:172:3: warning: style of line directive is a GCC extension\n"}
,{"stream_name":"stderr","time":45.141563654,"data":"  172 |     const uint64_t parts[] = {\n"}
,{"stream_name":"stderr","time":45.141567842,"data":"      |   ^ ~\n"}
,{"stream_name":"stderr","time":45.141572155,"data":"/tmp/dsv4-native-src/dee.cpp/src/rmsnorm_cuda.cu:173:3: warning: style of line directive is a GCC extension\n"}
,{"stream_name":"stderr","time":45.141576765,"data":"  173 |         input_bytes, normalized_bytes, output_bytes, weight_bytes,\n"}
,{"stream_name":"stderr","time":45.141581159,"data":"      |   ^  \n"}
,{"stream_name":"stderr","time":45.141585211,"data":"/tmp/dsv4-native-src/dee.cpp/src/rmsnorm_cuda.cu:177:3: warning: style of line directive is a GCC extension\n"}
,{"stream_name":"stderr","time":45.141589579,"data":"  177 |     for (uint64_t part : parts) {\n"}
,{"stream_name":"stderr","time":45.141593645,"data":"      |   ^ ~\n"}
,{"stream_name":"stderr","time":45.141602567,"data":"/tmp/dsv4-native-src/dee.cpp/src/rmsnorm_cuda.cu:178:3: warning: style of line directive is a GCC extension\n"}
,{"stream_name":"stderr","time":45.141607166,"data":"  178 |         if (part \u003e std::numeric_limits\u003cuint64_t\u003e::max() - total_bytes) {\n"}
,{"stream_name":"stderr","time":45.141611601,"data":"      |   ^  \n"}
,{"stream_name":"stderr","time":45.141615482,"data":"/tmp/dsv4-native-src/dee.cpp/src/rmsnorm_cuda.cu:179:3: warning: style of line directive is a GCC extension\n"}
,{"stream_name":"stderr","time":45.141619794,"data":"  179 |             return false;\n"}
,{"stream_name":"stderr","time":45.141623764,"data":"      |   ^  \n"}
,{"stream_name":"stderr","time":45.141627668,"data":"/tmp/dsv4-native-src/dee.cpp/src/rmsnorm_cuda.cu:180:3: warning: style of line directive is a GCC extension\n"}
,{"stream_name":"stderr","time":45.141632378,"data":"  180 |         }\n"}
,{"stream_name":"stderr","time":45.141637017,"data":"      |   ^  \n"}
,{"stream_name":"stderr","time":45.141640868,"data":"/tmp/dsv4-native-src/dee.cpp/src/rmsnorm_cuda.cu:181:3: warning: style of line directive is a GCC extension\n"}
,{"stream_name":"stderr","time":45.141645491,"data":"  181 |         total_bytes += part;\n"}
,{"stream_name":"stderr","time":45.141649898,"data":"      |   ^  \n"}
,{"stream_name":"stderr","time":45.141653851,"data":"/tmp/dsv4-native-src/dee.cpp/src/rmsnorm_cuda.cu:182:3: warning: style of line directive is a GCC extension\n"}
,{"stream_name":"stderr","time":45.141658173,"data":"  182 |     }\n"}
,{"stream_name":"stderr","time":45.141662065,"data":"      |   ^ ~\n"}
,{"stream_name":"stderr","time":45.141666177,"data":"/tmp/dsv4-native-src/dee.cpp/src/rmsnorm_cuda.cu:183:3: warning: style of line directive is a GCC extension\n"}
,{"stream_name":"stderr","time":45.141670534,"data":"  183 |     return total_bytes \u003c= kDiagnosticMaxBytes;\n"}
,{"stream_name":"stderr","time":45.141674668,"data":"      |   ^ ~\n"}
,{"stream_name":"stderr","time":45.141678924,"data":"/tmp/dsv4-native-src/dee.cpp/src/rmsnorm_cuda.cu:184:3: warning: style of line directive is a GCC extension\n"}
,{"stream_name":"stderr","time":45.141683544,"data":"  184 | }\n"}
,{"stream_name":"stderr","time":45.141687631,"data":"      |   ^  \n"}
,{"stream_name":"stderr","time":45.141691648,"data":"/tmp/dsv4-native-src/dee.cpp/src/rmsnorm_cuda.cu:185:3: warning: style of line directive is a GCC extension\n"}
,{"stream_name":"stderr","time":45.141696005,"data":"  185 | \n"}
,{"stream_name":"stderr","time":45.141700015,"data":"      |   ^  \n"}
,{"stream_name":"stderr","time":45.141703962,"data":"/tmp/dsv4-native-src/dee.cpp/src/rmsnorm_cuda.cu:187:3: warning: style of line directive is a GCC extension\n"}
,{"stream_name":"stderr","time":45.141708402,"data":"  187 | \n"}
,{"stream_name":"stderr","time":45.141712356,"data":"      |   ^  \n"}
,{"stream_name":"stderr","time":45.141716289,"data":"/tmp/dsv4-native-src/dee.cpp/src/rmsnorm_cuda.cu:189:3: warning: style of line directive is a GCC extension\n"}
,{"stream_name":"stderr","time":45.141720586,"data":"  189 |         int rows, int dim, const QwenRmsNormDiagnosticBuffers\u0026 diagnostics) {\n"}
,{"stream_name":"stderr","time":45.141724868,"data":"      |   ^  \n"}
,{"stream_name":"stderr","time":45.141731957,"data":"/tmp/dsv4-native-src/dee.cpp/src/rmsnorm_cuda.cu:190:3: warning: style of line directive is a GCC extension\n"}
,{"stream_name":"stderr","time":45.141760788,"data":"  190 |     return valid_diagnostic_range(rows, dim, diagnostics);\n"}
,{"stream_name":"stderr","time":45.141765734,"data":"      |   ^ ~\n"}
,{"stream_name":"stderr","time":45.141785437,"data":"/tmp/dsv4-native-src/dee.cpp/src/rmsnorm_cuda.cu:191:3: warning: style of line directive is a GCC extension\n"}
,{"stream_name":"stderr","time":45.141791063,"data":"  191 | }\n"}
,{"stream_name":"stderr","time":45.141795874,"data":"      |   ^  \n"}
,{"stream_name":"stderr","time":45.141799475,"data":"/tmp/dsv4-native-src/dee.cpp/src/rmsnorm_cuda.cu:192:3: warning: style of line directive is a GCC extension\n"}
,{"stream_name":"stderr","time":45.141803538,"data":"  192 | \n"}
,{"stream_name":"stderr","time":45.141807445,"data":"      |   ^  \n"}
,{"stream_name":"stderr","time":45.141812972,"data":"/tmp/dsv4-native-src/dee.cpp/src/rmsnorm_cuda.cu:194:3: warning: style of line directive is a GCC extension\n"}
,{"stream_name":"stderr","time":45.141817438,"data":"  194 |     return kDiagnosticMaxBytes;\n"}
,{"stream_name":"stderr","time":45.141821492,"data":"      |   ^ ~\n"}
,{"stream_name":"stderr","time":45.141943084,"data":"/tmp/dsv4-native-src/dee.cpp/src/rmsnorm_cuda.cu:195:3: warning: style of line directive is a GCC extension\n"}
,{"stream_name":"stderr","time":45.141957674,"data":"  195 | }\n"}
,{"stream_name":"stderr","time":45.141962285,"data":"      |   ^  \n"}
,{"stream_name":"stderr","time":45.141976075,"data":"/tmp/dsv4-native-src/dee.cpp/src/rmsnorm_cuda.cu:196:3: warning: style of line directive is a GCC extension\n"}
,{"stream_name":"stderr","time":45.141980807,"data":"  196 | \n"}
,{"stream_name":"stderr","time":45.141995684,"data":"      |   ^  \n"}
,{"stream_name":"stderr","time":45.142054898,"data":"/tmp/dsv4-native-src/dee.cpp/src/rmsnorm_cuda.cu:198:3: warning: style of line directive is a GCC extension\n"}
,{"stream_name":"stderr","time":45.14206118,"data":"  198 |         const void* d_input_f16, const void* d_weight_f16,\n"}
,{"stream_name":"stderr","time":45.142065528,"data":"      |   ^  \n"}
,{"stream_name":"stderr","time":45.142123064,"data":"/tmp/dsv4-native-src/dee.cpp/src/rmsnorm_cuda.cu:199:3: warning: style of line directive is a GCC extension\n"}
,{"stream_name":"stderr","time":45.14213338,"data":"  199 |         void* d_output_f16, int rows, int dim, float epsilon,\n"}
,{"stream_name":"stderr","time":45.14213774,"data":"      |   ^  \n"}
,{"stream_name":"stderr","time":45.142225927,"data":"/tmp/dsv4-native-src/dee.cpp/src/rmsnorm_cuda.cu:200:3: warning: style of line directive is a GCC extension\n"}
,{"stream_name":"stderr","time":45.142236108,"data":"  200 |         cudaStream_t stream, const QwenRmsNormDiagnosticBuffers\u0026 diagnostics,\n"}
,{"stream_name":"stderr","time":45.142241094,"data":"      |   ^  \n"}
,{"stream_name":"stderr","time":45.142270018,"data":"/tmp/dsv4-native-src/dee.cpp/src/rmsnorm_cuda.cu:201:3: warning: style of line directive is a GCC extension\n"}
,{"stream_name":"stderr","time":45.14228813,"data":"  201 |         cudaEvent_t completion_event) {\n"}
,{"stream_name":"stderr","time":45.14229269,"data":"      |   ^  \n"}
,{"stream_name":"stderr","time":45.142365385,"data":"/tmp/dsv4-native-src/dee.cpp/src/rmsnorm_cuda.cu:202:3: warning: style of line directive is a GCC extension\n"}
,{"stream_name":"stderr","time":45.142372362,"data":"  202 |     if (!d_input_f16 || !d_weight_f16 || !d_output_f16 ||\n"}
,{"stream_name":"stderr","time":45.142376759,"data":"      |   ^ ~\n"}
,{"stream_name":"stderr","time":45.142461074,"data":"/tmp/dsv4-native-src/dee.cpp/src/rmsnorm_cuda.cu:203:3: warning: style of line directive is a GCC extension\n"}
,{"stream_name":"stderr","time":45.142519282,"data":"  203 |         !std::isfinite(epsilon) || epsilon \u003c 0.0f ||\n"}
,{"stream_name":"stderr","time":45.142542064,"data":"      |   ^  \n"}
,{"stream_name":"stderr","time":45.142587176,"data":"/tmp/dsv4-native-src/dee.cpp/src/rmsnorm_cuda.cu:205:3: warning: style of line directive is a GCC extension\n"}
,{"stream_name":"stderr","time":45.142593548,"data":"  205 |         return false;\n"}
,{"stream_name":"stderr","time":45.142597922,"data":"      |   ^  \n"}
,{"stream_name":"stderr","time":45.142602034,"data":"/tmp/dsv4-native-src/dee.cpp/src/rmsnorm_cuda.cu:206:3: warning: style of line directive is a GCC extension\n"}
,{"stream_name":"stderr","time":45.142606408,"data":"  206 |     }\n"}
,{"stream_name":"stderr","time":45.142610603,"data":"      |   ^ ~\n"}
,{"stream_name":"stderr","time":45.142695641,"data":"/tmp/dsv4-native-src/dee.cpp/src/rmsnorm_cuda.cu:207:3: warning: style of line directive is a GCC extension\n"}
,{"stream_name":"stderr","time":45.142703454,"data":"  207 |     qwen_rms_norm_fp16_kernel\u003ctrue\u003e\u003c\u003c\u003crows, kThreads, 0, stream\u003e\u003e\u003e(\n"}
,{"stream_name":"stderr","time":45.142708599,"data":"      |   ^ ~\n"}
,{"stream_name":"stderr","time":45.14281423,"data":"/tmp/dsv4-native-src/dee.cpp/src/rmsnorm_cuda.cu:208:3: warning: style of line directive is a GCC extension\n"}
,{"stream_name":"stderr","time":45.142828732,"data":"  208 |         static_cast\u003cconst __half*\u003e(d_input_f16),\n"}
,{"stream_name":"stderr","time":45.142834764,"data":"      |   ^  \n"}
,{"stream_name":"stderr","time":45.142843645,"data":"/tmp/dsv4-native-src/dee.cpp/src/rmsnorm_cuda.cu:215:3: warning: style of line directive is a GCC extension\n"}
,{"stream_name":"stderr","time":45.142848082,"data":"  215 |             cudaPeekAtLastError(), \"qwen_rms_norm_fp16_diagnostic_kernel\")) {\n"}
,{"stream_name":"stderr","time":45.142852588,"data":"      |   ^  \n"}
,{"stream_name":"stderr","time":45.142939977,"data":"/tmp/dsv4-native-src/dee.cpp/src/rmsnorm_cuda.cu:216:3: warning: style of line directive is a GCC extension\n"}
,{"stream_name":"stderr","time":45.142949377,"data":"  216 |         return false;\n"}
,{"stream_name":"stderr","time":45.142953644,"data":"      |   ^  \n"}
,{"stream_name":"stderr","time":45.142995591,"data":"/tmp/dsv4-native-src/dee.cpp/src/rmsnorm_cuda.cu:217:3: warning: style of line directive is a GCC extension\n"}
,{"stream_name":"stderr","time":45.143008335,"data":"  217 |     }\n"}
,{"stream_name":"stderr","time":45.143012636,"data":"      |   ^ ~\n"}
,{"stream_name":"stderr","time":45.143121237,"data":"/tmp/dsv4-native-src/dee.cpp/src/rmsnorm_cuda.cu:218:3: warning: style of line directive is a GCC extension\n"}
,{"stream_name":"stderr","time":45.143127778,"data":"  218 |     return DEE_CUDA_CHECK_NAMED(\n"}
,{"stream_name":"stderr","time":45.143132106,"data":"      |   ^ ~\n"}
,{"stream_name":"stderr","time":45.14320533,"data":"/tmp/dsv4-native-src/dee.cpp/src/rmsnorm_cuda.cu:219:3: warning: style of line directive is a GCC extension\n"}
,{"stream_name":"stderr","time":45.143211568,"data":"  219 |         cudaEventRecord(completion_event, stream),\n"}
,{"stream_name":"stderr","time":45.143216088,"data":"      |   ^  \n"}
,{"stream_name":"stderr","time":45.14322032,"data":"/tmp/dsv4-native-src/dee.cpp/src/rmsnorm_cuda.cu:222:3: warning: style of line directive is a GCC extension\n"}
,{"stream_name":"stderr","time":45.143225014,"data":"  222 | \n"}
,{"stream_name":"stderr","time":45.143229122,"data":"      |   ^  \n"}
,{"stream_name":"stderr","time":45.143344397,"data":"/tmp/dsv4-native-src/dee.cpp/src/rmsnorm_cuda.cu:224:3: warning: style of line directive is a GCC extension\n"}
,{"stream_name":"stderr","time":45.143352659,"data":"  224 |         const void* d_input_f16, const void* d_weight_f16,\n"}
,{"stream_name":"stderr","time":45.143367402,"data":"      |   ^  \n"}
,{"stream_name":"stderr","time":45.143371639,"data":"/tmp/dsv4-native-src/dee.cpp/src/rmsnorm_cuda.cu:225:3: warning: style of line directive is a GCC extension\n"}
,{"stream_name":"stderr","time":45.143376078,"data":"  225 |         void* d_output_f16, int rows, int dim, float epsilon,\n"}
,{"stream_name":"stderr","time":45.143379967,"data":"      |   ^  \n"}
,{"stream_name":"stderr","time":45.143445336,"data":"/tmp/dsv4-native-src/dee.cpp/src/rmsnorm_cuda.cu:226:3: warning: style of line directive is a GCC extension\n"}
,{"stream_name":"stderr","time":45.143451975,"data":"  226 |         cudaStream_t stream, const QwenRmsNormDiagnosticBuffers\u0026 diagnostics,\n"}
,{"stream_name":"stderr","time":45.143456403,"data":"      |   ^  \n"}
,{"stream_name":"stderr","time":45.143550985,"data":"/tmp/dsv4-native-src/dee.cpp/src/rmsnorm_cuda.cu:227:3: warning: style of line directive is a GCC extension\n"}
,{"stream_name":"stderr","time":45.143559553,"data":"  227 |         cudaEvent_t completion_event) {\n"}
,{"stream_name":"stderr","time":45.143564014,"data":"      |   ^  \n"}
,{"stream_name":"stderr","time":45.143567901,"data":"/tmp/dsv4-native-src/dee.cpp/src/rmsnorm_cuda.cu:228:3: warning: style of line directive is a GCC extension\n"}
,{"stream_name":"stderr","time":45.143572167,"data":"  228 |     if (!d_input_f16 || !d_weight_f16 || !d_output_f16 ||\n"}
,{"stream_name":"stderr","time":45.143576557,"data":"      |   ^ ~\n"}
,{"stream_name":"stderr","time":45.143638345,"data":"/tmp/dsv4-native-src/dee.cpp/src/rmsnorm_cuda.cu:229:3: warning: style of line directive is a GCC extension\n"}
,{"stream_name":"stderr","time":45.143645482,"data":"  229 |         !std::isfinite(epsilon) || epsilon \u003c 0.0f ||\n"}
,{"stream_name":"stderr","time":45.143650428,"data":"      |   ^  \n"}
,{"stream_name":"stderr","time":45.143723825,"data":"/tmp/dsv4-native-src/dee.cpp/src/rmsnorm_cuda.cu:231:3: warning: style of line directive is a GCC extension\n"}
,{"stream_name":"stderr","time":45.143729696,"data":"  231 |         return false;\n"}
,{"stream_name":"stderr","time":45.143734177,"data":"      |   ^  \n"}
,{"stream_name":"stderr","time":45.143770589,"data":"/tmp/dsv4-native-src/dee.cpp/src/rmsnorm_cuda.cu:232:3: warning: style of line directive is a GCC extension\n"}
,{"stream_name":"stderr","time":45.143782593,"data":"  232 |     }\n"}
,{"stream_name":"stderr","time":45.143786834,"data":"      |   ^ ~\n"}
,{"stream_name":"stderr","time":45.143832065,"data":"/tmp/dsv4-native-src/dee.cpp/src/rmsnorm_cuda.cu:233:3: warning: style of line directive is a GCC extension\n"}
,{"stream_name":"stderr","time":45.143837763,"data":"  233 |     qwen_rms_norm_fp16_kernel\u003ctrue\u003e\u003c\u003c\u003crows, kThreads, 0, stream\u003e\u003e\u003e(\n"}
,{"stream_name":"stderr","time":45.143842874,"data":"      |   ^ ~\n"}
,{"stream_name":"stderr","time":45.143918182,"data":"/tmp/dsv4-native-src/dee.cpp/src/rmsnorm_cuda.cu:234:3: warning: style of line directive is a GCC extension\n"}
,{"stream_name":"stderr","time":45.143924359,"data":"  234 |         static_cast\u003cconst __half*\u003e(d_input_f16),\n"}
,{"stream_name":"stderr","time":45.143928998,"data":"      |   ^  \n"}
,{"stream_name":"stderr","time":45.144013539,"data":"/tmp/dsv4-native-src/dee.cpp/src/rmsnorm_cuda.cu:241:3: warning: style of line directive is a GCC extension\n"}
,{"stream_name":"stderr","time":45.14401944,"data":"  241 |             cudaPeekAtLastError(), \"qwen_rms_norm_fp16_reference_diagnostic_kernel\")) {\n"}
,{"stream_name":"stderr","time":45.144024617,"data":"      |   ^  \n"}
,{"stream_name":"stderr","time":45.144045493,"data":"/tmp/dsv4-native-src/dee.cpp/src/rmsnorm_cuda.cu:242:3: warning: style of line directive is a GCC extension\n"}
,{"stream_name":"stderr","time":45.14405043,"data":"  242 |         return false;\n"}
,{"stream_name":"stderr","time":45.144071583,"data":"      |   ^  \n"}
,{"stream_name":"stderr","time":45.144144759,"data":"/tmp/dsv4-native-src/dee.cpp/src/rmsnorm_cuda.cu:243:3: warning: style of line directive is a GCC extension\n"}
,{"stream_name":"stderr","time":45.144151877,"data":"  243 |     }\n"}
,{"stream_name":"stderr","time":45.144156219,"data":"      |   ^ ~\n"}
,{"stream_name":"stderr","time":45.144160339,"data":"/tmp/dsv4-native-src/dee.cpp/src/rmsnorm_cuda.cu:244:3: warning: style of line directive is a GCC extension\n"}
,{"stream_name":"stderr","time":45.144164976,"data":"  244 |     return DEE_CUDA_CHECK_NAMED(\n"}
,{"stream_name":"stderr","time":45.144169242,"data":"      |   ^ ~\n"}
,{"stream_name":"stderr","time":45.144255518,"data":"/tmp/dsv4-native-src/dee.cpp/src/rmsnorm_cuda.cu:245:3: warning: style of line directive is a GCC extension\n"}
,{"stream_name":"stderr","time":45.144261587,"data":"  245 |         cudaEventRecord(completion_event, stream),\n"}
,{"stream_name":"stderr","time":45.14426594,"data":"      |   ^  \n"}
,{"stream_name":"stderr","time":45.14427816,"data":"/tmp/dsv4-native-src/dee.cpp/src/rmsnorm_cuda.cu:248:3: warning: style of line directive is a GCC extension\n"}
,{"stream_name":"stderr","time":45.144282996,"data":"  248 | \n"}
,{"stream_name":"stderr","time":45.144287084,"data":"      |   ^  \n"}
,{"stream_name":"stderr","time":45.144352342,"data":"/tmp/dsv4-native-src/dee.cpp/src/rmsnorm_cuda.cu:250:3: warning: style of line directive is a GCC extension\n"}
,{"stream_name":"stderr","time":45.144358072,"data":"  250 |         const void* d_input_f16, const void* d_weight_f16,\n"}
,{"stream_name":"stderr","time":45.14436246,"data":"      |   ^  \n"}
,{"stream_name":"stderr","time":45.144475474,"data":"/tmp/dsv4-native-src/dee.cpp/src/rmsnorm_cuda.cu:251:3: warning: style of line directive is a GCC extension\n"}
,{"stream_name":"stderr","time":45.144482186,"data":"  251 |         void* d_output_f16, int rows, int dim, float epsilon,\n"}
,{"stream_name":"stderr","time":45.144486644,"data":"      |   ^  \n"}
,{"stream_name":"stderr","time":45.144490728,"data":"/tmp/dsv4-native-src/dee.cpp/src/rmsnorm_cuda.cu:252:3: warning: style of line directive is a GCC extension\n"}
,{"stream_name":"stderr","time":45.144495234,"data":"  252 |         cudaStream_t stream) {\n"}
,{"stream_name":"stderr","time":45.144499394,"data":"      |   ^  \n"}
,{"stream_name":"stderr","time":45.144558268,"data":"/tmp/dsv4-native-src/dee.cpp/src/rmsnorm_cuda.cu:253:3: warning: style of line directive is a GCC extension\n"}
,{"stream_name":"stderr","time":45.144565528,"data":"  253 |     if (!d_input_f16 || !d_weight_f16 || !d_output_f16 ||\n"}
,{"stream_name":"stderr","time":45.144569839,"data":"      |   ^ ~\n"}
,{"stream_name":"stderr","time":45.144644489,"data":"/tmp/dsv4-native-src/dee.cpp/src/rmsnorm_cuda.cu:254:3: warning: style of line directive is a GCC extension\n"}
,{"stream_name":"stderr","time":45.144650282,"data":"  254 |         rows \u003c= 0 || dim \u003c= 0 || dim \u003e 4096 ||\n"}
,{"stream_name":"stderr","time":45.144654847,"data":"      |   ^  \n"}
,{"stream_name":"stderr","time":45.144701605,"data":"/tmp/dsv4-native-src/dee.cpp/src/rmsnorm_cuda.cu:256:3: warning: style of line directive is a GCC extension\n"}
,{"stream_name":"stderr","time":45.144708719,"data":"  256 |         return false;\n"}
,{"stream_name":"stderr","time":45.144722311,"data":"      |   ^  \n"}
,{"stream_name":"stderr","time":45.144795957,"data":"/tmp/dsv4-native-src/dee.cpp/src/rmsnorm_cuda.cu:257:3: warning: style of line directive is a GCC extension\n"}
,{"stream_name":"stderr","time":45.144850601,"data":"  257 |     }\n"}
,{"stream_name":"stderr","time":45.144856888,"data":"      |   ^ ~\n"}
,{"stream_name":"stderr","time":45.144864062,"data":"/tmp/dsv4-native-src/dee.cpp/src/rmsnorm_cuda.cu:258:3: warning: style of line directive is a GCC extension\n"}
,{"stream_name":"stderr","time":45.144868665,"data":"  258 |     qwen_rms_norm_fp16_kernel\u003cfalse\u003e\u003c\u003c\u003crows, kThreads, 0, stream\u003e\u003e\u003e(\n"}
,{"stream_name":"stderr","time":45.144873998,"data":"      |   ^ ~\n"}
,{"stream_name":"stderr","time":45.144944626,"data":"/tmp/dsv4-native-src/dee.cpp/src/rmsnorm_cuda.cu:259:3: warning: style of line directive is a GCC extension\n"}
,{"stream_name":"stderr","time":45.144966626,"data":"  259 |         static_cast\u003cconst __half*\u003e(d_input_f16),\n"}
,{"stream_name":"stderr","time":45.144971734,"data":"      |   ^  \n"}
,{"stream_name":"stderr","time":45.145035772,"data":"/tmp/dsv4-native-src/dee.cpp/src/rmsnorm_cuda.cu:266:3: warning: style of line directive is a GCC extension\n"}
,{"stream_name":"stderr","time":45.145042222,"data":"  266 |         cudaPeekAtLastError(), \"qwen_rms_norm_fp16_kernel\");\n"}
,{"stream_name":"stderr","time":45.145047315,"data":"      |   ^  \n"}
,{"stream_name":"stderr","time":45.145061932,"data":"/tmp/dsv4-native-src/dee.cpp/src/rmsnorm_cuda.cu:268:3: warning: style of line directive is a GCC extension\n"}
,{"stream_name":"stderr","time":45.145066951,"data":"  268 | \n"}
,{"stream_name":"stderr","time":45.145070959,"data":"      |   ^  \n"}
,{"stream_name":"stderr","time":45.145182818,"data":"/tmp/dsv4-native-src/dee.cpp/src/rmsnorm_cuda.cu:270:3: warning: style of line directive is a GCC extension\n"}
,{"stream_name":"stderr","time":45.145189172,"data":"  270 |         const __half* input, const __half* weight, const __half* gate,\n"}
,{"stream_name":"stderr","time":45.145193794,"data":"      |   ^  \n"}
,{"stream_name":"stderr","time":45.145232643,"data":"/tmp/dsv4-native-src/dee.cpp/src/rmsnorm_cuda.cu:271:3: warning: style of line directive is a GCC extension\n"}
,{"stream_name":"stderr","time":45.145238564,"data":"  271 |         __half* output, int dim, float epsilon) {\n"}
,{"stream_name":"stderr","time":45.145242977,"data":"      |   ^  \n"}
,{"stream_name":"stderr","time":45.145305741,"data":"/tmp/dsv4-native-src/dee.cpp/src/rmsnorm_cuda.cu:320:3: warning: style of line directive is a GCC extension\n"}
,{"stream_name":"stderr","time":45.145393079,"data":"/tmp/dsv4-native-src/dee.cpp/src/rmsnorm_cuda.cu:299:3: warning: style of line directive is a GCC extension\n"}
,{"stream_name":"stderr","time":45.145398789,"data":"  299 |         const void* d_input_f16, const void* d_weight_f16,\n"}
,{"stream_name":"stderr","time":45.14540317,"data":"      |   ^  \n"}
,{"stream_name":"stderr","time":45.145460105,"data":"/tmp/dsv4-native-src/dee.cpp/src/rmsnorm_cuda.cu:300:3: warning: style of line directive is a GCC extension\n"}
,{"stream_name":"stderr","time":45.145467093,"data":"  300 |         const void* d_gate_f16, void* d_output_f16,\n"}
,{"stream_name":"stderr","time":45.145471825,"data":"      |   ^  \n"}
,{"stream_name":"stderr","time":45.145544255,"data":"/tmp/dsv4-native-src/dee.cpp/src/rmsnorm_cuda.cu:301:3: warning: style of line directive is a GCC extension\n"}
,{"stream_name":"stderr","time":45.145550668,"data":"  301 |         int rows, int dim, float epsilon, cudaStream_t stream) {\n"}
,{"stream_name":"stderr","time":45.145563723,"data":"      |   ^  \n"}
,{"stream_name":"stderr","time":45.145619814,"data":"/tmp/dsv4-native-src/dee.cpp/src/rmsnorm_cuda.cu:302:3: warning: style of line directive is a GCC extension\n"}
,{"stream_name":"stderr","time":45.145625478,"data":"  302 |     if (!d_input_f16 || !d_weight_f16 || !d_gate_f16 || !d_output_f16 ||\n"}
,{"stream_name":"stderr","time":45.145629759,"data":"      |   ^ ~\n"}
,{"stream_name":"stderr","time":45.145710723,"data":"/tmp/dsv4-native-src/dee.cpp/src/rmsnorm_cuda.cu:303:3: warning: style of line directive is a GCC extension\n"}
,{"stream_name":"stderr","time":45.145716497,"data":"  303 |         rows \u003c= 0 || dim \u003c= 0 || dim \u003e 4096 ||\n"}
,{"stream_name":"stderr","time":45.145721088,"data":"      |   ^  \n"}
,{"stream_name":"stderr","time":45.145806038,"data":"/tmp/dsv4-native-src/dee.cpp/src/rmsnorm_cuda.cu:305:3: warning: style of line directive is a GCC extension\n"}
,{"stream_name":"stderr","time":45.145818846,"data":"  305 |         return false;\n"}
,{"stream_name":"stderr","time":45.14582317,"data":"      |   ^  \n"}
,{"stream_name":"stderr","time":45.145869603,"data":"/tmp/dsv4-native-src/dee.cpp/src/rmsnorm_cuda.cu:306:3: warning: style of line directive is a GCC extension\n"}
,{"stream_name":"stderr","time":45.145875284,"data":"  306 |     }\n"}
,{"stream_name":"stderr","time":45.145879382,"data":"      |   ^ ~\n"}
,{"stream_name":"stderr","time":45.145965128,"data":"/tmp/dsv4-native-src/dee.cpp/src/rmsnorm_cuda.cu:307:3: warning: style of line directive is a GCC extension\n"}
,{"stream_name":"stderr","time":45.145971375,"data":"  307 |     qwen_rms_norm_gated_fp16_kernel\u003c\u003c\u003crows, kThreads, 0, stream\u003e\u003e\u003e(\n"}
,{"stream_name":"stderr","time":45.145976432,"data":"      |   ^ ~\n"}
,{"stream_name":"stderr","time":45.146043008,"data":"/tmp/dsv4-native-src/dee.cpp/src/rmsnorm_cuda.cu:308:3: warning: style of line directive is a GCC extension\n"}
,{"stream_name":"stderr","time":45.146050515,"data":"  308 |         static_cast\u003cconst __half*\u003e(d_input_f16),\n"}
,{"stream_name":"stderr","time":45.146054995,"data":"      |   ^  \n"}
,{"stream_name":"stderr","time":45.146187072,"data":"/tmp/dsv4-native-src/dee.cpp/src/rmsnorm_cuda.cu:315:3: warning: style of line directive is a GCC extension\n"}
,{"stream_name":"stderr","time":45.146194798,"data":"  315 |         cudaPeekAtLastError(), \"qwen_rms_norm_gated_fp16_kernel\");\n"}
,{"stream_name":"stderr","time":45.146199175,"data":"      |   ^  \n"}
,{"stream_name":"stderr","time":45.146261375,"data":"/tmp/dsv4-native-src/dee.cpp/src/rmsnorm_cuda.cu:317:3: warning: style of line directive is a GCC extension\n"}
,{"stream_name":"stderr","time":45.146268081,"data":"  317 | \n"}
,{"stream_name":"stderr","time":45.14627236,"data":"      |   ^  \n"}
,{"stream_name":"stderr","time":45.146276449,"data":"/tmp/dsv4-native-src/dee.cpp/src/rmsnorm_cuda.cu:320:3: warning: style of line directive is a GCC extension\n"}
,{"stream_name":"stderr","time":45.146370349,"data":"tmpxft_0000013e_00000000-6_rmsnorm_cuda.compute_75.cudafe1.stub.c:4:3: warning: style of line directive is a GCC extension\n"}
,{"stream_name":"stderr","time":45.152521312,"data":"In file included from tmpxft_0000013e_00000000-6_rmsnorm_cuda.compute_75.cudafe1.stub.c:1:\n"}
,{"stream_name":"stderr","time":45.152547779,"data":"/tmp/dsv4-native-src/dee.cpp/src/rmsnorm_cuda.cu:270:3: warning: style of line directive is a GCC extension\n"}
,{"stream_name":"stderr","time":45.152553267,"data":"  270 |         const __half* input, const __half* weight, const __half* gate,\n"}
,{"stream_name":"stderr","time":45.152588043,"data":"      |   ^  \n"}
,{"stream_name":"stderr","time":45.15259264,"data":"In file included from tmpxft_0000013e_00000000-6_rmsnorm_cuda.compute_75.cudafe1.stub.c:1:\n"}
,{"stream_name":"stderr","time":45.152596998,"data":"/tmp/dsv4-native-src/dee.cpp/src/rmsnorm_cuda.cu:272:3: warning: style of line directive is a GCC extension\n"}
,{"stream_name":"stderr","time":45.152601333,"data":"  272 |     const int row = blockIdx.x;\n"}
,{"stream_name":"stderr","time":45.152605462,"data":"      |   ^ ~\n"}
,{"stream_name":"stderr","time":45.152609486,"data":"In file included from tmpxft_0000013e_00000000-6_rmsnorm_cuda.compute_75.cudafe1.stub.c:1:\n"}
,{"stream_name":"stderr","time":45.152614036,"data":"/tmp/dsv4-native-src/dee.cpp/src/rmsnorm_cuda.cu:297:3: warning: style of line directive is a GCC extension\n"}
,{"stream_name":"stderr","time":45.152618486,"data":"  297 | \n"}
,{"stream_name":"stderr","time":45.152622535,"data":"      |   ^\n"}
,{"stream_name":"stderr","time":45.152722864,"data":"tmpxft_0000013e_00000000-6_rmsnorm_cuda.compute_75.cudafe1.stub.c:2:3: warning: style of line directive is a GCC extension\n"}
,{"stream_name":"stderr","time":46.222243192,"data":"/tmp/dsv4-native-src/dee.cpp/src/swiglu_cuda.cu(165): warning #177-D: function \"dee::\u003cunnamed\u003e::gemm_fp16_row_major\" was declared but never referenced\n"}
,{"stream_name":"stderr","time":46.222286284,"data":"  bool gemm_fp16_row_major(cublasHandle_t handle, const __half* matrix,\n"}
,{"stream_name":"stderr","time":46.222291009,"data":"       ^\n"}
,{"stream_name":"stderr","time":46.222293692,"data":"\n"}
,{"stream_name":"stderr","time":46.222296124,"data":"Remark: The warnings can be suppressed with \"-diag-suppress \u003cwarning-number\u003e\"\n"}
,{"stream_name":"stderr","time":46.222299006,"data":"\n"}
,{"stream_name":"stderr","time":47.256204111,"data":"/tmp/dsv4-native-src/dee.cpp/src/swiglu_cuda.cu(165): warning #177-D: function \"dee::\u003cunnamed\u003e::gemm_fp16_row_major\" was declared but never referenced\n"}
,{"stream_name":"stderr","time":47.256263553,"data":"  bool gemm_fp16_row_major(cublasHandle_t handle, const __half* matrix,\n"}
,{"stream_name":"stderr","time":47.256278201,"data":"       ^\n"}
,{"stream_name":"stderr","time":47.256281828,"data":"\n"}
,{"stream_name":"stderr","time":47.256284574,"data":"Remark: The warnings can be suppressed with \"-diag-suppress \u003cwarning-number\u003e\"\n"}
,{"stream_name":"stderr","time":47.256287996,"data":"\n"}
,{"stream_name":"stderr","time":47.573847322,"data":"/tmp/tmpxft_00000150_00000000-6_swiglu_cuda.compute_75.cudafe1.cpp:1:3: warning: style of line directive is a GCC extension\n"}
,{"stream_name":"stderr","time":47.573883111,"data":"    1 | # 1 \"/tmp/dsv4-native-src/dee.cpp/src/swiglu_cuda.cu\"\n"}
,{"stream_name":"stderr","time":47.573889933,"data":"      |   ^\n"}
,{"stream_name":"stderr","time":47.573895162,"data":"/tmp/dsv4-native-src/dee.cpp/src/swiglu_cuda.cu:2:3: warning: style of line directive is a GCC extension\n"}
,{"stream_name":"stderr","time":47.57390009,"data":"    2 | \n"}
,{"stream_name":"stderr","time":47.573903953,"data":"      |   ^\n"}
,{"stream_name":"stderr","time":47.573907896,"data":"/tmp/dsv4-native-src/dee.cpp/src/swiglu_cuda.cu:2:3: warning: style of line directive is a GCC extension\n"}
,{"stream_name":"stderr","time":47.573912215,"data":"    2 | \n"}
,{"stream_name":"stderr","time":47.573918339,"data":"      |   ^\n"}
,{"stream_name":"stderr","time":47.573926157,"data":"/tmp/dsv4-native-src/dee.cpp/src/swiglu_cuda.cu:2:3: warning: style of line directive is a GCC extension\n"}
,{"stream_name":"stderr","time":47.573929136,"data":"    2 | \n"}
,{"stream_name":"stderr","time":47.573965189,"data":"      |   ^\n"}
,{"stream_name":"stderr","time":47.573970527,"data":"/tmp/dsv4-native-src/dee.cpp/src/swiglu_cuda.cu:2:3: warning: style of line directive is a GCC extension\n"}
,{"stream_name":"stderr","time":47.573975424,"data":"    2 | \n"}
,{"stream_name":"stderr","time":47.573980079,"data":"      |   ^\n"}
,{"stream_name":"stderr","time":47.573988016,"data":"/tmp/dsv4-native-src/dee.cpp/src/swiglu_cuda.cu:2:3: warning: style of line directive is a GCC extension\n"}
,{"stream_name":"stderr","time":47.573993203,"data":"    2 | \n"}
,{"stream_name":"stderr","time":47.573996842,"data":"      |   ^\n"}
,{"stream_name":"stderr","time":47.574001852,"data":"/tmp/dsv4-native-src/dee.cpp/src/swiglu_cuda.cu:2:3: warning: style of line directive is a GCC extension\n"}
,{"stream_name":"stderr","time":47.574006617,"data":"    2 | \n"}
,{"stream_name":"stderr","time":47.574011113,"data":"      |   ^\n"}
,{"stream_name":"stderr","time":47.57401551,"data":"/tmp/dsv4-native-src/dee.cpp/src/swiglu_cuda.cu:3:3: warning: style of line directive is a GCC extension\n"}
,{"stream_name":"stderr","time":47.574020277,"data":"    3 | #include \"dee/cuda_check.h\"\n"}
,{"stream_name":"stderr","time":47.574024801,"data":"      |   ^\n"}
,{"stream_name":"stderr","time":47.574029424,"data":"/tmp/dsv4-native-src/dee.cpp/src/swiglu_cuda.cu:7:3: warning: style of line directive is a GCC extension\n"}
,{"stream_name":"stderr","time":47.574033662,"data":"    7 | #include \u003ccstdint\u003e\n"}
,{"stream_name":"stderr","time":47.574045926,"data":"      |   ^\n"}
,{"stream_name":"stderr","time":47.574055068,"data":"/tmp/dsv4-native-src/dee.cpp/src/swiglu_cuda.cu:1:3: warning: style of line directive is a GCC extension\n"}
,{"stream_name":"stderr","time":47.574059196,"data":"    1 | #include \"dee/swiglu_cuda.h\"\n"}
,{"stream_name":"stderr","time":47.574062,"data":"      |   ^~\n"}
,{"stream_name":"stderr","time":47.63961989,"data":"/tmp/dsv4-native-src/dee.cpp/include/dee/profiling.h:13:3: warning: style of line directive is a GCC extension\n"}
,{"stream_name":"stderr","time":47.639676343,"data":"   13 | \n"}
,{"stream_name":"stderr","time":47.639687246,"data":"      |   ^ \n"}
,{"stream_name":"stderr","time":47.639691664,"data":"/tmp/dsv4-native-src/dee.cpp/include/dee/profiling.h:15:3: warning: style of line directive is a GCC extension\n"}
,{"stream_name":"stderr","time":47.639695953,"data":"   15 |     Oracle,\n"}
,{"stream_name":"stderr","time":47.639700328,"data":"      |   ^ \n"}
,{"stream_name":"stderr","time":47.639704729,"data":"/tmp/dsv4-native-src/dee.cpp/include/dee/profiling.h:16:3: warning: style of line directive is a GCC extension\n"}
,{"stream_name":"stderr","time":47.639709322,"data":"   16 |     TensorResolution,\n"}
,{"stream_name":"stderr","time":47.639713882,"data":"      |   ^ \n"}
,{"stream_name":"stderr","time":47.639717383,"data":"/tmp/dsv4-native-src/dee.cpp/include/dee/profiling.h:17:3: warning: style of line directive is a GCC extension\n"}
,{"stream_name":"stderr","time":47.639721266,"data":"   17 |     CacheLookup,\n"}
,{"stream_name":"stderr","time":47.639724766,"data":"      |   ^ \n"}
,{"stream_name":"stderr","time":47.639728191,"data":"/tmp/dsv4-native-src/dee.cpp/include/dee/profiling.h:18:3: warning: style of line directive is a GCC extension\n"}
,{"stream_name":"stderr","time":47.63973197,"data":"   18 |     CacheHitPinning,\n"}
,{"stream_name":"stderr","time":47.6397355,"data":"      |   ^ \n"}
,{"stream_name":"stderr","time":47.639739035,"data":"/tmp/dsv4-native-src/dee.cpp/include/dee/profiling.h:19:3: warning: style of line directive is a GCC extension\n"}
,{"stream_name":"stderr","time":47.639784828,"data":"   19 |     EvictionSelection,\n"}
,{"stream_name":"stderr","time":47.639790374,"data":"      |   ^ \n"}
,{"stream_name":"stderr","time":47.639794827,"data":"/tmp/dsv4-native-src/dee.cpp/include/dee/profiling.h:20:3: warning: style of line directive is a GCC extension\n"}
,{"stream_name":"stderr","time":47.6397988,"data":"   20 |     Pinning,\n"}
,{"stream_name":"stderr","time":47.63980231,"data":"      |   ^ \n"}
,{"stream_name":"stderr","time":47.639805825,"data":"/tmp/dsv4-native-src/dee.cpp/include/dee/profiling.h:21:3: warning: style of line directive is a GCC extension\n"}
,{"stream_name":"stderr","time":47.639809667,"data":"   21 |     HostTensorPreparation,\n"}
,{"stream_name":"stderr","time":47.63981317,"data":"      |   ^ \n"}
,{"stream_name":"stderr","time":47.639816631,"data":"/tmp/dsv4-native-src/dee.cpp/include/dee/profiling.h:22:3: warning: style of line directive is a GCC extension\n"}
,{"stream_name":"stderr","time":47.639820456,"data":"   22 |     MmapToPinned,\n"}
,{"stream_name":"stderr","time":47.63982456,"data":"      |   ^ \n"}
,{"stream_name":"stderr","time":47.639828493,"data":"/tmp/dsv4-native-src/dee.cpp/include/dee/profiling.h:23:3: warning: style of line directive is a GCC extension\n"}
,{"stream_name":"stderr","time":47.639832539,"data":"   23 |     TransferSubmission,\n"}
,{"stream_name":"stderr","time":47.639836343,"data":"      |   ^ \n"}
,{"stream_name":"stderr","time":47.63983986,"data":"/tmp/dsv4-native-src/dee.cpp/include/dee/profiling.h:24:3: warning: style of line directive is a GCC extension\n"}
,{"stream_name":"stderr","time":47.639844132,"data":"   24 |     BatchConstruction,\n"}
,{"stream_name":"stderr","time":47.639848256,"data":"      |   ^ \n"}
,{"stream_name":"stderr","time":47.639851719,"data":"/tmp/dsv4-native-src/dee.cpp/include/dee/profiling.h:25:3: warning: style of line directive is a GCC extension\n"}
,{"stream_name":"stderr","time":47.639855942,"data":"   25 |     HostWaiting,\n"}
,{"stream_name":"stderr","time":47.639859692,"data":"      |   ^ \n"}
,{"stream_name":"stderr","time":47.639863908,"data":"/tmp/dsv4-native-src/dee.cpp/include/dee/profiling.h:26:3: warning: style of line directive is a GCC extension\n"}
,{"stream_name":"stderr","time":47.639868397,"data":"   26 |     Synchronization,\n"}
,{"stream_name":"stderr","time":47.639871862,"data":"      |   ^ \n"}
,{"stream_name":"stderr","time":47.639878292,"data":"/tmp/dsv4-native-src/dee.cpp/include/dee/profiling.h:27:3: warning: style of line directive is a GCC extension\n"}
,{"stream_name":"stderr","time":47.63988282,"data":"   27 |     MiscEngine,\n"}
,{"stream_name":"stderr","time":47.639886756,"data":"      |   ^ \n"}
,{"stream_name":"stderr","time":47.639890129,"data":"/tmp/dsv4-native-src/dee.cpp/include/dee/profiling.h:28:3: warning: style of line directive is a GCC extension\n"}
,{"stream_name":"stderr","time":47.639894672,"data":"   28 |     Count\n"}
,{"stream_name":"stderr","time":47.639898836,"data":"      |   ^ \n"}
,{"stream_name":"stderr","time":47.639902854,"data":"/tmp/dsv4-native-src/dee.cpp/include/dee/profiling.h:29:3: warning: style of line directive is a GCC extension\n"}
,{"stream_name":"stderr","time":47.639906527,"data":"   29 | };\n"}
,{"stream_name":"stderr","time":47.639910328,"data":"      |   ^ \n"}
,{"stream_name":"stderr","time":47.639913958,"data":"/tmp/dsv4-native-src/dee.cpp/include/dee/profiling.h:30:3: warning: style of line directive is a GCC extension\n"}
,{"stream_name":"stderr","time":47.639918266,"data":"   30 | \n"}
,{"stream_name":"stderr","time":47.639927949,"data":"      |   ^ \n"}
,{"stream_name":"stderr","time":47.639932358,"data":"/tmp/dsv4-native-src/dee.cpp/include/dee/profiling.h:32:3: warning: style of line directive is a GCC extension\n"}
,{"stream_name":"stderr","time":47.639936993,"data":"   32 |     H2D,\n"}
,{"stream_name":"stderr","time":47.639941265,"data":"      |   ^ \n"}
,{"stream_name":"stderr","time":47.639945242,"data":"/tmp/dsv4-native-src/dee.cpp/include/dee/profiling.h:33:3: warning: style of line directive is a GCC extension\n"}
,{"stream_name":"stderr","time":47.639949622,"data":"   33 |     WeightConversion,\n"}
,{"stream_name":"stderr","time":47.639953755,"data":"      |   ^ \n"}
,{"stream_name":"stderr","time":47.6399579,"data":"/tmp/dsv4-native-src/dee.cpp/include/dee/profiling.h:34:3: warning: style of line directive is a GCC extension\n"}
,{"stream_name":"stderr","time":47.639962371,"data":"   34 |     GateProjection,\n"}
,{"stream_name":"stderr","time":47.63996642,"data":"      |   ^ \n"}
,{"stream_name":"stderr","time":47.639970532,"data":"/tmp/dsv4-native-src/dee.cpp/include/dee/profiling.h:35:3: warning: style of line directive is a GCC extension\n"}
,{"stream_name":"stderr","time":47.639975109,"data":"   35 |     UpProjection,\n"}
,{"stream_name":"stderr","time":47.639979132,"data":"      |   ^ \n"}
,{"stream_name":"stderr","time":47.639982989,"data":"/tmp/dsv4-native-src/dee.cpp/include/dee/profiling.h:36:3: warning: style of line directive is a GCC extension\n"}
,{"stream_name":"stderr","time":47.639988049,"data":"   36 |     SiluMultiply,\n"}
,{"stream_name":"stderr","time":47.640003806,"data":"      |   ^ \n"}
,{"stream_name":"stderr","time":47.640007734,"data":"/tmp/dsv4-native-src/dee.cpp/include/dee/profiling.h:37:3: warning: style of line directive is a GCC extension\n"}
,{"stream_name":"stderr","time":47.640011464,"data":"   37 |     DownProjection,\n"}
,{"stream_name":"stderr","time":47.640014962,"data":"      |   ^ \n"}
,{"stream_name":"stderr","time":47.640018479,"data":"/tmp/dsv4-native-src/dee.cpp/include/dee/profiling.h:38:3: warning: style of line directive is a GCC extension\n"}
,{"stream_name":"stderr","time":47.64002293,"data":"   38 |     Combine,\n"}
,{"stream_name":"stderr","time":47.640026855,"data":"      |   ^ \n"}
,{"stream_name":"stderr","time":47.640030798,"data":"/tmp/dsv4-native-src/dee.cpp/include/dee/profiling.h:39:3: warning: style of line directive is a GCC extension\n"}
,{"stream_name":"stderr","time":47.640035165,"data":"   39 |     StreamWait,\n"}
,{"stream_name":"stderr","time":47.640039358,"data":"      |   ^ \n"}
,{"stream_name":"stderr","time":47.640043502,"data":"/tmp/dsv4-native-src/dee.cpp/include/dee/profiling.h:40:3: warning: style of line directive is a GCC extension\n"}
,{"stream_name":"stderr","time":47.640047866,"data":"   40 |     ActivationH2D,\n"}
,{"stream_name":"stderr","time":47.64005256,"data":"      |   ^ \n"}
,{"stream_name":"stderr","time":47.640063746,"data":"/tmp/dsv4-native-src/dee.cpp/include/dee/profiling.h:41:3: warning: style of line directive is a GCC extension\n"}
,{"stream_name":"stderr","time":47.640068346,"data":"   41 |     ActivationConversion,\n"}
,{"stream_name":"stderr","time":47.640072542,"data":"      |   ^ \n"}
,{"stream_name":"stderr","time":47.640075615,"data":"/tmp/dsv4-native-src/dee.cpp/include/dee/profiling.h:42:3: warning: style of line directive is a GCC extension\n"}
,{"stream_name":"stderr","time":47.640079227,"data":"   42 |     D2H,\n"}
,{"stream_name":"stderr","time":47.640083559,"data":"      |   ^ \n"}
,{"stream_name":"stderr","time":47.640087413,"data":"/tmp/dsv4-native-src/dee.cpp/include/dee/profiling.h:43:3: warning: style of line directive is a GCC extension\n"}
,{"stream_name":"stderr","time":47.640097711,"data":"   43 |     D2DGather,\n"}
,{"stream_name":"stderr","time":47.640102478,"data":"      |   ^ \n"}
,{"stream_name":"stderr","time":47.640106822,"data":"/tmp/dsv4-native-src/dee.cpp/include/dee/profiling.h:44:3: warning: style of line directive is a GCC extension\n"}
,{"stream_name":"stderr","time":47.640111274,"data":"   44 |     D2DScatter,\n"}
,{"stream_name":"stderr","time":47.640115265,"data":"      |   ^ \n"}
,{"stream_name":"stderr","time":47.64011936,"data":"/tmp/dsv4-native-src/dee.cpp/include/dee/profiling.h:45:3: warning: style of line directive is a GCC extension\n"}
,{"stream_name":"stderr","time":47.64012387,"data":"   45 |     Count\n"}
,{"stream_name":"stderr","time":47.64012819,"data":"      |   ^ \n"}
,{"stream_name":"stderr","time":47.64013286,"data":"/tmp/dsv4-native-src/dee.cpp/include/dee/profiling.h:46:3: warning: style of line directive is a GCC extension\n"}
,{"stream_name":"stderr","time":47.640137554,"data":"   46 | };\n"}
,{"stream_name":"stderr","time":47.640141692,"data":"      |   ^ \n"}
,{"stream_name":"stderr","time":47.640145512,"data":"/tmp/dsv4-native-src/dee.cpp/include/dee/profiling.h:47:3: warning: style of line directive is a GCC extension\n"}
,{"stream_name":"stderr","time":47.640149901,"data":"   47 | \n"}
,{"stream_name":"stderr","time":47.640155038,"data":"      |   ^ \n"}
,{"stream_name":"stderr","time":47.640159272,"data":"/tmp/dsv4-native-src/dee.cpp/include/dee/profiling.h:49:3: warning: style of line directive is a GCC extension\n"}
,{"stream_name":"stderr","time":47.640163708,"data":"   49 | \n"}
,{"stream_name":"stderr","time":47.64016724,"data":"      |   ^ \n"}
,{"stream_name":"stderr","time":47.640170798,"data":"/tmp/dsv4-native-src/dee.cpp/include/dee/profiling.h:51:3: warning: style of line directive is a GCC extension\n"}
,{"stream_name":"stderr","time":47.640174502,"data":"   51 |     CacheReadiness,\n"}
,{"stream_name":"stderr","time":47.640178354,"data":"      |   ^ \n"}
,{"stream_name":"stderr","time":47.640182302,"data":"/tmp/dsv4-native-src/dee.cpp/include/dee/profiling.h:52:3: warning: style of line directive is a GCC extension\n"}
,{"stream_name":"stderr","time":47.640186394,"data":"   52 |     StagingSlot,\n"}
,{"stream_name":"stderr","time":47.640190313,"data":"      |   ^ \n"}
,{"stream_name":"stderr","time":47.640194568,"data":"/tmp/dsv4-native-src/dee.cpp/include/dee/profiling.h:53:3: warning: style of line directive is a GCC extension\n"}
,{"stream_name":"stderr","time":47.640198868,"data":"   53 |     ComputeBatch,\n"}
,{"stream_name":"stderr","time":47.640202895,"data":"      |   ^ \n"}
,{"stream_name":"stderr","time":47.640207306,"data":"/tmp/dsv4-native-src/dee.cpp/include/dee/profiling.h:54:3: warning: style of line directive is a GCC extension\n"}
,{"stream_name":"stderr","time":47.640212228,"data":"   54 |     LayerOutput,\n"}
,{"stream_name":"stderr","time":47.640216259,"data":"      |   ^ \n"}
,{"stream_name":"stderr","time":47.640223024,"data":"/tmp/dsv4-native-src/dee.cpp/include/dee/profiling.h:55:3: warning: style of line directive is a GCC extension\n"}
,{"stream_name":"stderr","time":47.64022748,"data":"   55 |     PrefetchDrain,\n"}
,{"stream_name":"stderr","time":47.640231637,"data":"      |   ^ \n"}
,{"stream_name":"stderr","time":47.640235819,"data":"/tmp/dsv4-native-src/dee.cpp/include/dee/profiling.h:56:3: warning: style of line directive is a GCC extension\n"}
,{"stream_name":"stderr","time":47.640240178,"data":"   56 |     EngineTeardown,\n"}
,{"stream_name":"stderr","time":47.64024911,"data":"      |   ^ \n"}
,{"stream_name":"stderr","time":47.640253515,"data":"/tmp/dsv4-native-src/dee.cpp/include/dee/profiling.h:57:3: warning: style of line directive is a GCC extension\n"}
,{"stream_name":"stderr","time":47.640258099,"data":"   57 |     Count\n"}
,{"stream_name":"stderr","time":47.640262327,"data":"      |   ^ \n"}
,{"stream_name":"stderr","time":47.640266268,"data":"/tmp/dsv4-native-src/dee.cpp/include/dee/profiling.h:58:3: warning: style of line directive is a GCC extension\n"}
,{"stream_name":"stderr","time":47.640271206,"data":"   58 | };\n"}
,{"stream_name":"stderr","time":47.640275998,"data":"      |   ^ \n"}
,{"stream_name":"stderr","time":47.640280444,"data":"/tmp/dsv4-native-src/dee.cpp/include/dee/profiling.h:59:3: warning: style of line directive is a GCC extension\n"}
,{"stream_name":"stderr","time":47.640285146,"data":"   59 | \n"}
,{"stream_name":"stderr","time":47.640288945,"data":"      |   ^ \n"}
,{"stream_name":"stderr","time":47.640292352,"data":"/tmp/dsv4-native-src/dee.cpp/include/dee/profiling.h:61:3: warning: style of line directive is a GCC extension\n"}
,{"stream_name":"stderr","time":47.64029617,"data":"   61 |     HostScheduling,\n"}
,{"stream_name":"stderr","time":47.640300208,"data":"      |   ^ \n"}
,{"stream_name":"stderr","time":47.640304245,"data":"/tmp/dsv4-native-src/dee.cpp/include/dee/profiling.h:62:3: warning: style of line directive is a GCC extension\n"}
,{"stream_name":"stderr","time":47.640308469,"data":"   62 |     OracleOutput,\n"}
,{"stream_name":"stderr","time":47.640313267,"data":"      |   ^ \n"}
,{"stream_name":"stderr","time":47.640319963,"data":"/tmp/dsv4-native-src/dee.cpp/include/dee/profiling.h:63:3: warning: style of line directive is a GCC extension\n"}
,{"stream_name":"stderr","time":47.640325021,"data":"   63 |     TensorResolution,\n"}
,{"stream_name":"stderr","time":47.640329773,"data":"      |   ^ \n"}
,{"stream_name":"stderr","time":47.640333986,"data":"/tmp/dsv4-native-src/dee.cpp/include/dee/profiling.h:64:3: warning: style of line directive is a GCC extension\n"}
,{"stream_name":"stderr","time":47.64033853,"data":"   64 |     CacheLookup,\n"}
,{"stream_name":"stderr","time":47.640342884,"data":"      |   ^ \n"}
,{"stream_name":"stderr","time":47.640347152,"data":"/tmp/dsv4-native-src/dee.cpp/include/dee/profiling.h:65:3: warning: style of line directive is a GCC extension\n"}
,{"stream_name":"stderr","time":47.640350994,"data":"   65 |     EvictionEligibility,\n"}
,{"stream_name":"stderr","time":47.640354501,"data":"      |   ^ \n"}
,{"stream_name":"stderr","time":47.640357857,"data":"/tmp/dsv4-native-src/dee.cpp/include/dee/profiling.h:66:3: warning: style of line directive is a GCC extension\n"}
,{"stream_name":"stderr","time":47.640361696,"data":"   66 |     FirstTouchQuantization,\n"}
,{"stream_name":"stderr","time":47.64036522,"data":"      |   ^ \n"}
,{"stream_name":"stderr","time":47.640368663,"data":"/tmp/dsv4-native-src/dee.cpp/include/dee/profiling.h:67:3: warning: style of line directive is a GCC extension\n"}
,{"stream_name":"stderr","time":47.64037304,"data":"   67 |     TransferSubmit,\n"}
,{"stream_name":"stderr","time":47.640377104,"data":"      |   ^ \n"}
,{"stream_name":"stderr","time":47.6403825,"data":"/tmp/dsv4-native-src/dee.cpp/include/dee/profiling.h:68:3: warning: style of line directive is a GCC extension\n"}
,{"stream_name":"stderr","time":47.640386759,"data":"   68 |     CublasDispatch,\n"}
,{"stream_name":"stderr","time":47.640390078,"data":"      |   ^ \n"}
,{"stream_name":"stderr","time":47.640394178,"data":"/tmp/dsv4-native-src/dee.cpp/include/dee/profiling.h:69:3: warning: style of line directive is a GCC extension\n"}
,{"stream_name":"stderr","time":47.640402534,"data":"   69 |     ConsumerWait,\n"}
,{"stream_name":"stderr","time":47.640406782,"data":"      |   ^ \n"}
,{"stream_name":"stderr","time":47.640411599,"data":"/tmp/dsv4-native-src/dee.cpp/include/dee/profiling.h:70:3: warning: style of line directive is a GCC extension\n"}
,{"stream_name":"stderr","time":47.640415942,"data":"   70 |     StagingSlotWait,\n"}
,{"stream_name":"stderr","time":47.640420203,"data":"      |   ^ \n"}
,{"stream_name":"stderr","time":47.640424604,"data":"/tmp/dsv4-native-src/dee.cpp/include/dee/profiling.h:71:3: warning: style of line directive is a GCC extension\n"}
,{"stream_name":"stderr","time":47.640429113,"data":"   71 |     ComputeBatchWait,\n"}
,{"stream_name":"stderr","time":47.640433226,"data":"      |   ^ \n"}
,{"stream_name":"stderr","time":47.64043784,"data":"/tmp/dsv4-native-src/dee.cpp/include/dee/profiling.h:72:3: warning: style of line directive is a GCC extension\n"}
,{"stream_name":"stderr","time":47.640442203,"data":"   72 |     LayerOutputWait,\n"}
,{"stream_name":"stderr","time":47.64044665,"data":"      |   ^ \n"}
,{"stream_name":"stderr","time":47.640451198,"data":"/tmp/dsv4-native-src/dee.cpp/include/dee/profiling.h:73:3: warning: style of line directive is a GCC extension\n"}
,{"stream_name":"stderr","time":47.640455026,"data":"   73 |     PrefetchDrain,\n"}
,{"stream_name":"stderr","time":47.640458662,"data":"      |   ^ \n"}
,{"stream_name":"stderr","time":47.64050477,"data":"/tmp/dsv4-native-src/dee.cpp/include/dee/profiling.h:74:3: warning: style of line directive is a GCC extension\n"}
,{"stream_name":"stderr","time":47.640524731,"data":"   74 |     IntentionalNoWork\n"}
,{"stream_name":"stderr","time":47.640529248,"data":"      |   ^ \n"}
,{"stream_name":"stderr","time":47.640578258,"data":"/tmp/dsv4-native-src/dee.cpp/include/dee/profiling.h:75:3: warning: style of line directive is a GCC extension\n"}
,{"stream_name":"stderr","time":47.640586744,"data":"   75 | };\n"}
,{"stream_name":"stderr","time":47.64059099,"data":"      |   ^ \n"}
,{"stream_name":"stderr","time":47.640595001,"data":"/tmp/dsv4-native-src/dee.cpp/include/dee/profiling.h:76:3: warning: style of line directive is a GCC extension\n"}
,{"stream_name":"stderr","time":47.64059955,"data":"   76 | \n"}
,{"stream_name":"stderr","time":47.640603511,"data":"      |   ^ \n"}
,{"stream_name":"stderr","time":47.640607281,"data":"/tmp/dsv4-native-src/dee.cpp/include/dee/profiling.h:78:3: warning: style of line directive is a GCC extension\n"}
,{"stream_name":"stderr","time":47.640611688,"data":"   78 |     WaitingOracleOutput,\n"}
,{"stream_name":"stderr","time":47.640616067,"data":"      |   ^ \n"}
,{"stream_name":"stderr","time":47.640619756,"data":"/tmp/dsv4-native-src/dee.cpp/include/dee/profiling.h:79:3: warning: style of line directive is a GCC extension\n"}
,{"stream_name":"stderr","time":47.640623999,"data":"   79 |     WaitingHostScheduling,\n"}
,{"stream_name":"stderr","time":47.640628092,"data":"      |   ^ \n"}
,{"stream_name":"stderr","time":47.640633486,"data":"/tmp/dsv4-native-src/dee.cpp/include/dee/profiling.h:80:3: warning: style of line directive is a GCC extension\n"}
,{"stream_name":"stderr","time":47.640638397000004,"data":"   80 |     WaitingFirstTouchQuantization,\n"}
,{"stream_name":"stderr","time":47.640642673,"data":"      |   ^ \n"}
,{"stream_name":"stderr","time":47.640648197,"data":"/tmp/dsv4-native-src/dee.cpp/include/dee/profiling.h:81:3: warning: style of line directive is a GCC extension\n"}
,{"stream_name":"stderr","time":47.640659702,"data":"   81 |     WaitingCacheLookup,\n"}
,{"stream_name":"stderr","time":47.64066393,"data":"      |   ^ \n"}
,{"stream_name":"stderr","time":47.640667832,"data":"/tmp/dsv4-native-src/dee.cpp/include/dee/profiling.h:82:3: warning: style of line directive is a GCC extension\n"}
,{"stream_name":"stderr","time":47.64067276,"data":"   82 |     WaitingEvictionEligibility,\n"}
,{"stream_name":"stderr","time":47.640677627,"data":"      |   ^ \n"}
,{"stream_name":"stderr","time":47.640684786,"data":"/tmp/dsv4-native-src/dee.cpp/include/dee/profiling.h:83:3: warning: style of line directive is a GCC extension\n"}
,{"stream_name":"stderr","time":47.640689269,"data":"   83 |     WaitingCacheEntryReadiness,\n"}
,{"stream_name":"stderr","time":47.64069283,"data":"      |   ^ \n"}
,{"stream_name":"stderr","time":47.640696896,"data":"/tmp/dsv4-native-src/dee.cpp/include/dee/profiling.h:84:3: warning: style of line directive is a GCC extension\n"}
,{"stream_name":"stderr","time":47.640701433,"data":"   84 |     WaitingLayerDependency,\n"}
,{"stream_name":"stderr","time":47.640705316,"data":"      |   ^ \n"}
,{"stream_name":"stderr","time":47.640795455,"data":"/tmp/dsv4-native-src/dee.cpp/include/dee/profiling.h:85:3: warning: style of line directive is a GCC extension\n"}
,{"stream_name":"stderr","time":47.640808943,"data":"   85 |     WaitingTransferSubmission,\n"}
,{"stream_name":"stderr","time":47.640813737,"data":"      |   ^ \n"}
,{"stream_name":"stderr","time":47.640817942,"data":"/tmp/dsv4-native-src/dee.cpp/include/dee/profiling.h:86:3: warning: style of line directive is a GCC extension\n"}
,{"stream_name":"stderr","time":47.640822855,"data":"   86 |     WaitingCublasDispatch,\n"}
,{"stream_name":"stderr","time":47.640827106,"data":"      |   ^ \n"}
,{"stream_name":"stderr","time":47.640831372,"data":"/tmp/dsv4-native-src/dee.cpp/include/dee/profiling.h:87:3: warning: style of line directive is a GCC extension\n"}
,{"stream_name":"stderr","time":47.640836066,"data":"   87 |     WaitingStreamEventSynchronization,\n"}
,{"stream_name":"stderr","time":47.640840407,"data":"      |   ^ \n"}
,{"stream_name":"stderr","time":47.640854253,"data":"/tmp/dsv4-native-src/dee.cpp/include/dee/profiling.h:88:3: warning: style of line directive is a GCC extension\n"}
,{"stream_name":"stderr","time":47.640859842,"data":"   88 |     IntentionalNoWork,\n"}
,{"stream_name":"stderr","time":47.640864369,"data":"      |   ^ \n"}
,{"stream_name":"stderr","time":47.64086842,"data":"/tmp/dsv4-native-src/dee.cpp/include/dee/profiling.h:89:3: warning: style of line directive is a GCC extension\n"}
,{"stream_name":"stderr","time":47.640872809,"data":"   89 |     Unknown,\n"}
,{"stream_name":"stderr","time":47.640877512,"data":"      |   ^ \n"}
,{"stream_name":"stderr","time":47.640889922,"data":"/tmp/dsv4-native-src/dee.cpp/include/dee/profiling.h:90:3: warning: style of line directive is a GCC extension\n"}
,{"stream_name":"stderr","time":47.64089527,"data":"   90 |     Count\n"}
,{"stream_name":"stderr","time":47.640900126,"data":"      |   ^ \n"}
,{"stream_name":"stderr","time":47.640904344,"data":"/tmp/dsv4-native-src/dee.cpp/include/dee/profiling.h:91:3: warning: style of line directive is a GCC extension\n"}
,{"stream_name":"stderr","time":47.640909008,"data":"   91 | };\n"}
,{"stream_name":"stderr","time":47.640913555,"data":"      |   ^ \n"}
,{"stream_name":"stderr","time":47.640929303,"data":"/tmp/dsv4-native-src/dee.cpp/include/dee/profiling.h:92:3: warning: style of line directive is a GCC extension\n"}
,{"stream_name":"stderr","time":47.640934327,"data":"   92 | \n"}
,{"stream_name":"stderr","time":47.640944574,"data":"      |   ^ \n"}
,{"stream_name":"stderr","time":47.640949458,"data":"/tmp/dsv4-native-src/dee.cpp/include/dee/profiling.h:94:3: warning: style of line directive is a GCC extension\n"}
,{"stream_name":"stderr","time":47.640953936,"data":"   94 |     CopyNotSubmitted,\n"}
,{"stream_name":"stderr","time":47.640958356,"data":"      |   ^ \n"}
,{"stream_name":"stderr","time":47.640970133,"data":"/tmp/dsv4-native-src/dee.cpp/include/dee/profiling.h:95:3: warning: style of line directive is a GCC extension\n"}
,{"stream_name":"stderr","time":47.64097503,"data":"   95 |     CopyInFlight,\n"}
,{"stream_name":"stderr","time":47.640979697,"data":"      |   ^ \n"}
,{"stream_name":"stderr","time":47.64099115,"data":"/tmp/dsv4-native-src/dee.cpp/include/dee/profiling.h:96:3: warning: style of line directive is a GCC extension\n"}
,{"stream_name":"stderr","time":47.641002121,"data":"   96 |     DequantizationInFlight,\n"}
,{"stream_name":"stderr","time":47.641006253,"data":"      |   ^ \n"}
,{"stream_name":"stderr","time":47.641065085,"data":"/tmp/dsv4-native-src/dee.cpp/include/dee/profiling.h:97:3: warning: style of line directive is a GCC extension\n"}
,{"stream_name":"stderr","time":47.641074142,"data":"   97 |     CachePinConflict,\n"}
,{"stream_name":"stderr","time":47.641078279,"data":"      |   ^ \n"}
,{"stream_name":"stderr","time":47.641082081,"data":"/tmp/dsv4-native-src/dee.cpp/include/dee/profiling.h:98:3: warning: style of line directive is a GCC extension\n"}
,{"stream_name":"stderr","time":47.641086732,"data":"   98 |     EvictionDependency,\n"}
,{"stream_name":"stderr","time":47.641091576,"data":"      |   ^ \n"}
,{"stream_name":"stderr","time":47.641098397,"data":"/tmp/dsv4-native-src/dee.cpp/include/dee/profiling.h:99:3: warning: style of line directive is a GCC extension\n"}
,{"stream_name":"stderr","time":47.641102753,"data":"   99 |     ConsumerReachedEntryTooEarly,\n"}
,{"stream_name":"stderr","time":47.641106789,"data":"      |   ^ \n"}
,{"stream_name":"stderr","time":47.64111031,"data":"/tmp/dsv4-native-src/dee.cpp/include/dee/profiling.h:100:3: warning: style of line directive is a GCC extension\n"}
,{"stream_name":"stderr","time":47.641114868,"data":"  100 |     Count\n"}
,{"stream_name":"stderr","time":47.641119033,"data":"      |   ^ ~\n"}
,{"stream_name":"stderr","time":47.641163594,"data":"/tmp/dsv4-native-src/dee.cpp/include/dee/profiling.h:101:3: warning: style of line directive is a GCC extension\n"}
,{"stream_name":"stderr","time":47.641171478,"data":"  101 | };\n"}
,{"stream_name":"stderr","time":47.641175664,"data":"      |   ^  \n"}
,{"stream_name":"stderr","time":47.641221322,"data":"/tmp/dsv4-native-src/dee.cpp/include/dee/profiling.h:102:3: warning: style of line directive is a GCC extension\n"}
,{"stream_name":"stderr","time":47.641231246,"data":"  102 | \n"}
,{"stream_name":"stderr","time":47.641235285,"data":"      |   ^  \n"}
,{"stream_name":"stderr","time":47.641239064,"data":"/tmp/dsv4-native-src/dee.cpp/include/dee/profiling.h:104:3: warning: style of line directive is a GCC extension\n"}
,{"stream_name":"stderr","time":47.641243988,"data":"  104 |     ModelLookup,\n"}
,{"stream_name":"stderr","time":47.641248344,"data":"      |   ^ ~\n"}
,{"stream_name":"stderr","time":47.641253644,"data":"/tmp/dsv4-native-src/dee.cpp/include/dee/profiling.h:105:3: warning: style of line directive is a GCC extension\n"}
,{"stream_name":"stderr","time":47.641257664,"data":"  105 |     InputFeatures,\n"}
,{"stream_name":"stderr","time":47.641261292,"data":"      |   ^ ~\n"}
,{"stream_name":"stderr","time":47.641298111,"data":"/tmp/dsv4-native-src/dee.cpp/include/dee/profiling.h:106:3: warning: style of line directive is a GCC extension\n"}
,{"stream_name":"stderr","time":47.641303182,"data":"  106 |     Linear0,\n"}
,{"stream_name":"stderr","time":47.64130687,"data":"      |   ^ ~\n"}
,{"stream_name":"stderr","time":47.641329523,"data":"/tmp/dsv4-native-src/dee.cpp/include/dee/profiling.h:107:3: warning: style of line directive is a GCC extension\n"}
,{"stream_name":"stderr","time":47.641337388,"data":"  107 |     Relu0,\n"}
,{"stream_name":"stderr","time":47.641341094,"data":"      |   ^ ~\n"}
,{"stream_name":"stderr","time":47.641344535,"data":"/tmp/dsv4-native-src/dee.cpp/include/dee/profiling.h:108:3: warning: style of line directive is a GCC extension\n"}
,{"stream_name":"stderr","time":47.641348708,"data":"  108 |     Linear1,\n"}
,{"stream_name":"stderr","time":47.641352685,"data":"      |   ^ ~\n"}
,{"stream_name":"stderr","time":47.641396046,"data":"/tmp/dsv4-native-src/dee.cpp/include/dee/profiling.h:109:3: warning: style of line directive is a GCC extension\n"}
,{"stream_name":"stderr","time":47.641403022,"data":"  109 |     Relu1,\n"}
,{"stream_name":"stderr","time":47.641406902,"data":"      |   ^ ~\n"}
,{"stream_name":"stderr","time":47.64141058,"data":"/tmp/dsv4-native-src/dee.cpp/include/dee/profiling.h:110:3: warning: style of line directive is a GCC extension\n"}
,{"stream_name":"stderr","time":47.641414616,"data":"  110 |     Linear2,\n"}
,{"stream_name":"stderr","time":47.641418211,"data":"      |   ^ ~\n"}
,{"stream_name":"stderr","time":47.641461361,"data":"/tmp/dsv4-native-src/dee.cpp/include/dee/profiling.h:111:3: warning: style of line directive is a GCC extension\n"}
,{"stream_name":"stderr","time":47.641469341,"data":"  111 |     TopKSort,\n"}
,{"stream_name":"stderr","time":47.64147403,"data":"      |   ^ ~\n"}
,{"stream_name":"stderr","time":47.641478353,"data":"/tmp/dsv4-native-src/dee.cpp/include/dee/profiling.h:112:3: warning: style of line directive is a GCC extension\n"}
,{"stream_name":"stderr","time":47.641483478,"data":"  112 |     TopKOutput,\n"}
,{"stream_name":"stderr","time":47.6414879,"data":"      |   ^ ~\n"}
,{"stream_name":"stderr","time":47.641495854,"data":"/tmp/dsv4-native-src/dee.cpp/include/dee/profiling.h:113:3: warning: style of line directive is a GCC extension\n"}
,{"stream_name":"stderr","time":47.64150049,"data":"  113 |     Allocation,\n"}
,{"stream_name":"stderr","time":47.641504432,"data":"      |   ^ ~\n"}
,{"stream_name":"stderr","time":47.641508217,"data":"/tmp/dsv4-native-src/dee.cpp/include/dee/profiling.h:114:3: warning: style of line directive is a GCC extension\n"}
,{"stream_name":"stderr","time":47.641512666,"data":"  114 |     TensorConversion,\n"}
,{"stream_name":"stderr","time":47.641516726,"data":"      |   ^ ~\n"}
,{"stream_name":"stderr","time":47.641562263,"data":"/tmp/dsv4-native-src/dee.cpp/include/dee/profiling.h:115:3: warning: style of line directive is a GCC extension\n"}
,{"stream_name":"stderr","time":47.641569061,"data":"  115 |     Synchronization,\n"}
,{"stream_name":"stderr","time":47.641573263,"data":"      |   ^ ~\n"}
,{"stream_name":"stderr","time":47.641577304,"data":"/tmp/dsv4-native-src/dee.cpp/include/dee/profiling.h:116:3: warning: style of line directive is a GCC extension\n"}
,{"stream_name":"stderr","time":47.641581358,"data":"  116 |     InvocationOverhead,\n"}
,{"stream_name":"stderr","time":47.641585625,"data":"      |   ^ ~\n"}
,{"stream_name":"stderr","time":47.64164039,"data":"/tmp/dsv4-native-src/dee.cpp/include/dee/profiling.h:117:3: warning: style of line directive is a GCC extension\n"}
,{"stream_name":"stderr","time":47.641661013,"data":"  117 |     Count\n"}
,{"stream_name":"stderr","time":47.641665876,"data":"      |   ^ ~\n"}
,{"stream_name":"stderr","time":47.641669374,"data":"/tmp/dsv4-native-src/dee.cpp/include/dee/profiling.h:118:3: warning: style of line directive is a GCC extension\n"}
,{"stream_name":"stderr","time":47.64167327,"data":"  118 | };\n"}
,{"stream_name":"stderr","time":47.641676737,"data":"      |   ^  \n"}
,{"stream_name":"stderr","time":47.641681208,"data":"/tmp/dsv4-native-src/dee.cpp/include/dee/profiling.h:119:3: warning: style of line directive is a GCC extension\n"}
,{"stream_name":"stderr","time":47.641686637,"data":"  119 | \n"}
,{"stream_name":"stderr","time":47.641690738,"data":"      |   ^  \n"}
,{"stream_name":"stderr","time":47.64172163,"data":"/tmp/dsv4-native-src/dee.cpp/include/dee/profiling.h:121:3: warning: style of line directive is a GCC extension\n"}
,{"stream_name":"stderr","time":47.641728637,"data":"  121 |     uint64_t index = 0;\n"}
,{"stream_name":"stderr","time":47.641733368,"data":"      |   ^ ~\n"}
,{"stream_name":"stderr","time":47.641767436,"data":"/tmp/dsv4-native-src/dee.cpp/include/dee/profiling.h:122:3: warning: style of line directive is a GCC extension\n"}
,{"stream_name":"stderr","time":47.641777976,"data":"  122 |     double request_time_ms = 0.0;\n"}
,{"stream_name":"stderr","time":47.641782862,"data":"      |   ^ ~\n"}
,{"stream_name":"stderr","time":47.641805218,"data":"/tmp/dsv4-native-src/dee.cpp/include/dee/profiling.h:123:3: warning: style of line directive is a GCC extension\n"}
,{"stream_name":"stderr","time":47.641813858,"data":"  123 |     int token = -1;\n"}
,{"stream_name":"stderr","time":47.641818371,"data":"      |   ^ ~\n"}
,{"stream_name":"stderr","time":47.641874597,"data":"/tmp/dsv4-native-src/dee.cpp/include/dee/profiling.h:124:3: warning: style of line directive is a GCC extension\n"}
,{"stream_name":"stderr","time":47.641885219,"data":"  124 |     int logical_layer = -1;\n"}
,{"stream_name":"stderr","time":47.641889219,"data":"      |   ^ ~\n"}
,{"stream_name":"stderr","time":47.641895468,"data":"/tmp/dsv4-native-src/dee.cpp/include/dee/profiling.h:125:3: warning: style of line directive is a GCC extension\n"}
,{"stream_name":"stderr","time":47.641899815,"data":"  125 |     int resolved_layer = -1;\n"}
,{"stream_name":"stderr","time":47.641903824,"data":"      |   ^ ~\n"}
,{"stream_name":"stderr","time":47.641922372,"data":"/tmp/dsv4-native-src/dee.cpp/include/dee/profiling.h:126:3: warning: style of line directive is a GCC extension\n"}
,{"stream_name":"stderr","time":47.64193091,"data":"  126 |     int expert = -1;\n"}
,{"stream_name":"stderr","time":47.641935246,"data":"      |   ^ ~\n"}
,{"stream_name":"stderr","time":47.641940777,"data":"/tmp/dsv4-native-src/dee.cpp/include/dee/profiling.h:127:3: warning: style of line directive is a GCC extension\n"}
,{"stream_name":"stderr","time":47.641945462,"data":"  127 |     RequestKind kind = RequestKind::ColdLoad;\n"}
,{"stream_name":"stderr","time":47.641949438,"data":"      |   ^ ~\n"}
,{"stream_name":"stderr","time":47.641989618,"data":"/tmp/dsv4-native-src/dee.cpp/include/dee/profiling.h:128:3: warning: style of line directive is a GCC extension\n"}
,{"stream_name":"stderr","time":47.642003547,"data":"  128 |     size_t cache_bytes_before = 0;\n"}
,{"stream_name":"stderr","time":47.642008482,"data":"      |   ^ ~\n"}
,{"stream_name":"stderr","time":47.642021092,"data":"/tmp/dsv4-native-src/dee.cpp/include/dee/profiling.h:129:3: warning: style of line directive is a GCC extension\n"}
,{"stream_name":"stderr","time":47.64202587,"data":"  129 |     size_t cache_entries_before = 0;\n"}
,{"stream_name":"stderr","time":47.642038137,"data":"      |   ^ ~\n"}
,{"stream_name":"stderr","time":47.642051339,"data":"/tmp/dsv4-native-src/dee.cpp/include/dee/profiling.h:130:3: warning: style of line directive is a GCC extension\n"}
,{"stream_name":"stderr","time":47.642055377,"data":"  130 |     size_t cache_bytes_after = 0;\n"}
,{"stream_name":"stderr","time":47.642059508,"data":"      |   ^ ~\n"}
,{"stream_name":"stderr","time":47.642111536,"data":"/tmp/dsv4-native-src/dee.cpp/include/dee/profiling.h:131:3: warning: style of line directive is a GCC extension\n"}
,{"stream_name":"stderr","time":47.642116896,"data":"  131 |     size_t cache_entries_after = 0;\n"}
,{"stream_name":"stderr","time":47.642120519,"data":"      |   ^ ~\n"}
,{"stream_name":"stderr","time":47.642124778,"data":"/tmp/dsv4-native-src/dee.cpp/include/dee/profiling.h:132:3: warning: style of line directive is a GCC extension\n"}
,{"stream_name":"stderr","time":47.642129685,"data":"  132 |     int evicted_layer = -1;\n"}
,{"stream_name":"stderr","time":47.642133942,"data":"      |   ^ ~\n"}
,{"stream_name":"stderr","time":47.64214659,"data":"/tmp/dsv4-native-src/dee.cpp/include/dee/profiling.h:133:3: warning: style of line directive is a GCC extension\n"}
,{"stream_name":"stderr","time":47.642164582,"data":"  133 |     int evicted_expert = -1;\n"}
,{"stream_name":"stderr","time":47.642169744,"data":"      |   ^ ~\n"}
,{"stream_name":"stderr","time":47.642187599,"data":"/tmp/dsv4-native-src/dee.cpp/include/dee/profiling.h:134:3: warning: style of line directive is a GCC extension\n"}
,{"stream_name":"stderr","time":47.642193678,"data":"  134 |     uint64_t evicted_generation = 0;\n"}
,{"stream_name":"stderr","time":47.642198115,"data":"      |   ^ ~\n"}
,{"stream_name":"stderr","time":47.642230658,"data":"/tmp/dsv4-native-src/dee.cpp/include/dee/profiling.h:135:3: warning: style of line directive is a GCC extension\n"}
,{"stream_name":"stderr","time":47.642238916,"data":"  135 |     uint64_t generation = 0;\n"}
,{"stream_name":"stderr","time":47.642243687,"data":"      |   ^ ~\n"}
,{"stream_name":"stderr","time":47.642285391,"data":"/tmp/dsv4-native-src/dee.cpp/include/dee/profiling.h:136:3: warning: style of line directive is a GCC extension\n"}
,{"stream_name":"stderr","time":47.642292534,"data":"  136 |     uint32_t pin_count = 0;\n"}
,{"stream_name":"stderr","time":47.642296816,"data":"      |   ^ ~\n"}
,{"stream_name":"stderr","time":47.642300527,"data":"/tmp/dsv4-native-src/dee.cpp/include/dee/profiling.h:137:3: warning: style of line directive is a GCC extension\n"}
,{"stream_name":"stderr","time":47.642304326,"data":"  137 |     int64_t reuse_distance = -1;\n"}
,{"stream_name":"stderr","time":47.642308479,"data":"      |   ^ ~\n"}
,{"stream_name":"stderr","time":47.642328272,"data":"/tmp/dsv4-native-src/dee.cpp/include/dee/profiling.h:138:3: warning: style of line directive is a GCC extension\n"}
,{"stream_name":"stderr","time":47.64233563,"data":"  138 |     int64_t distinct_reuse_distance = -1;\n"}
,{"stream_name":"stderr","time":47.64233978,"data":"      |   ^ ~\n"}
,{"stream_name":"stderr","time":47.642359243,"data":"/tmp/dsv4-native-src/dee.cpp/include/dee/profiling.h:139:3: warning: style of line directive is a GCC extension\n"}
,{"stream_name":"stderr","time":47.642366156,"data":"  139 |     size_t theoretical_min_cache_bytes = 0;\n"}
,{"stream_name":"stderr","time":47.642370854,"data":"      |   ^ ~\n"}
,{"stream_name":"stderr","time":47.642392942,"data":"/tmp/dsv4-native-src/dee.cpp/include/dee/profiling.h:140:3: warning: style of line directive is a GCC extension\n"}
,{"stream_name":"stderr","time":47.642406078,"data":"  140 |     int priority = 0;\n"}
,{"stream_name":"stderr","time":47.642410325,"data":"      |   ^ ~\n"}
,{"stream_name":"stderr","time":47.6424338,"data":"/tmp/dsv4-native-src/dee.cpp/include/dee/profiling.h:141:3: warning: style of line directive is a GCC extension\n"}
,{"stream_name":"stderr","time":47.642440838,"data":"  141 |     size_t source_bytes = 0;\n"}
,{"stream_name":"stderr","time":47.642445516,"data":"      |   ^ ~\n"}
,{"stream_name":"stderr","time":47.642506764,"data":"/tmp/dsv4-native-src/dee.cpp/include/dee/profiling.h:142:3: warning: style of line directive is a GCC extension\n"}
,{"stream_name":"stderr","time":47.642513468,"data":"  142 |     size_t destination_bytes = 0;\n"}
,{"stream_name":"stderr","time":47.642518214,"data":"      |   ^ ~\n"}
,{"stream_name":"stderr","time":47.642540774,"data":"/tmp/dsv4-native-src/dee.cpp/include/dee/profiling.h:143:3: warning: style of line directive is a GCC extension\n"}
,{"stream_name":"stderr","time":47.642559456,"data":"  143 |     uint64_t transfer_id = 0;\n"}
,{"stream_name":"stderr","time":47.642563884,"data":"      |   ^ ~\n"}
,{"stream_name":"stderr","time":47.642580207,"data":"/tmp/dsv4-native-src/dee.cpp/include/dee/profiling.h:144:3: warning: style of line directive is a GCC extension\n"}
,{"stream_name":"stderr","time":47.642586767,"data":"  144 |     bool source_pinned = false;\n"}
,{"stream_name":"stderr","time":47.64260144,"data":"      |   ^ ~\n"}
,{"stream_name":"stderr","time":47.64264555,"data":"/tmp/dsv4-native-src/dee.cpp/include/dee/profiling.h:145:3: warning: style of line directive is a GCC extension\n"}
,{"stream_name":"stderr","time":47.642651866,"data":"  145 |     bool transfer_launched = false;\n"}
,{"stream_name":"stderr","time":47.642656535,"data":"      |   ^ ~\n"}
,{"stream_name":"stderr","time":47.64269395,"data":"/tmp/dsv4-native-src/dee.cpp/include/dee/profiling.h:146:3: warning: style of line directive is a GCC extension\n"}
,{"stream_name":"stderr","time":47.642699943,"data":"  146 |     bool consumed = false;\n"}
,{"stream_name":"stderr","time":47.642704238,"data":"      |   ^ ~\n"}
,{"stream_name":"stderr","time":47.642717258,"data":"/tmp/dsv4-native-src/dee.cpp/include/dee/profiling.h:147:3: warning: style of line directive is a GCC extension\n"}
,{"stream_name":"stderr","time":47.642721822,"data":"  147 |     bool evicted_before_use = false;\n"}
,{"stream_name":"stderr","time":47.642725486,"data":"      |   ^ ~\n"}
,{"stream_name":"stderr","time":47.642771207,"data":"/tmp/dsv4-native-src/dee.cpp/include/dee/profiling.h:148:3: warning: style of line directive is a GCC extension\n"}
,{"stream_name":"stderr","time":47.642782419,"data":"  148 | };\n"}
,{"stream_name":"stderr","time":47.642786322,"data":"      |   ^  \n"}
,{"stream_name":"stderr","time":47.642817869,"data":"/tmp/dsv4-native-src/dee.cpp/include/dee/profiling.h:149:3: warning: style of line directive is a GCC extension\n"}
,{"stream_name":"stderr","time":47.642826143,"data":"  149 | \n"}
,{"stream_name":"stderr","time":47.642830198,"data":"      |   ^  \n"}
,{"stream_name":"stderr","time":47.642835656,"data":"/tmp/dsv4-native-src/dee.cpp/include/dee/profiling.h:151:3: warning: style of line directive is a GCC extension\n"}
,{"stream_name":"stderr","time":47.642839857,"data":"  151 |     bool gpu = false;\n"}
,{"stream_name":"stderr","time":47.642843574,"data":"      |   ^ ~\n"}
,{"stream_name":"stderr","time":47.642885059,"data":"/tmp/dsv4-native-src/dee.cpp/include/dee/profiling.h:152:3: warning: style of line directive is a GCC extension\n"}
,{"stream_name":"stderr","time":47.642901398,"data":"  152 |     GpuStage gpu_stage = GpuStage::H2D;\n"}
,{"stream_name":"stderr","time":47.642906152,"data":"      |   ^ ~\n"}
,{"stream_name":"stderr","time":47.642912308,"data":"/tmp/dsv4-native-src/dee.cpp/include/dee/profiling.h:153:3: warning: style of line directive is a GCC extension\n"}
,{"stream_name":"stderr","time":47.642916202,"data":"  153 |     CpuTimelineKind cpu_kind = CpuTimelineKind::TransferSubmit;\n"}
,{"stream_name":"stderr","time":47.642920566,"data":"      |   ^ ~\n"}
,{"stream_name":"stderr","time":47.642969698,"data":"/tmp/dsv4-native-src/dee.cpp/include/dee/profiling.h:154:3: warning: style of line directive is a GCC extension\n"}
,{"stream_name":"stderr","time":47.642975562,"data":"  154 |     double start_ms = 0.0;\n"}
,{"stream_name":"stderr","time":47.642979366,"data":"      |   ^ ~\n"}
,{"stream_name":"stderr","time":47.642990614,"data":"/tmp/dsv4-native-src/dee.cpp/include/dee/profiling.h:155:3: warning: style of line directive is a GCC extension\n"}
,{"stream_name":"stderr","time":47.642999963,"data":"  155 |     double end_ms = 0.0;\n"}
,{"stream_name":"stderr","time":47.643003833,"data":"      |   ^ ~\n"}
,{"stream_name":"stderr","time":47.643045069,"data":"/tmp/dsv4-native-src/dee.cpp/include/dee/profiling.h:156:3: warning: style of line directive is a GCC extension\n"}
,{"stream_name":"stderr","time":47.643051318,"data":"  156 |     int lane = 0;  // 0=host, 1=prefetch stream, 2=compute stream\n"}
,{"stream_name":"stderr","time":47.64305587,"data":"      |   ^ ~\n"}
,{"stream_name":"stderr","time":47.643094594,"data":"/tmp/dsv4-native-src/dee.cpp/include/dee/profiling.h:157:3: warning: style of line directive is a GCC extension\n"}
,{"stream_name":"stderr","time":47.64310143,"data":"  157 |     int token = -1;\n"}
,{"stream_name":"stderr","time":47.643105423,"data":"      |   ^ ~\n"}
,{"stream_name":"stderr","time":47.643138122,"data":"/tmp/dsv4-native-src/dee.cpp/include/dee/profiling.h:158:3: warning: style of line directive is a GCC extension\n"}
,{"stream_name":"stderr","time":47.643146287,"data":"  158 |     int logical_layer = -1;\n"}
,{"stream_name":"stderr","time":47.643150466,"data":"      |   ^ ~\n"}
,{"stream_name":"stderr","time":47.643189292,"data":"/tmp/dsv4-native-src/dee.cpp/include/dee/profiling.h:159:3: warning: style of line directive is a GCC extension\n"}
,{"stream_name":"stderr","time":47.643196528,"data":"  159 |     int expert = -1;\n"}
,{"stream_name":"stderr","time":47.643200234,"data":"      |   ^ ~\n"}
,{"stream_name":"stderr","time":47.643204376,"data":"/tmp/dsv4-native-src/dee.cpp/include/dee/profiling.h:160:3: warning: style of line directive is a GCC extension\n"}
,{"stream_name":"stderr","time":47.643208741,"data":"  160 |     size_t bytes = 0;\n"}
,{"stream_name":"stderr","time":47.64321315,"data":"      |   ^ ~\n"}
,{"stream_name":"stderr","time":47.643258689,"data":"/tmp/dsv4-native-src/dee.cpp/include/dee/profiling.h:161:3: warning: style of line directive is a GCC extension\n"}
,{"stream_name":"stderr","time":47.643265164,"data":"  161 |     uint64_t transfer_id = 0;\n"}
,{"stream_name":"stderr","time":47.643269489,"data":"      |   ^ ~\n"}
,{"stream_name":"stderr","time":47.643272982,"data":"/tmp/dsv4-native-src/dee.cpp/include/dee/profiling.h:162:3: warning: style of line directive is a GCC extension\n"}
,{"stream_name":"stderr","time":47.643276783,"data":"  162 |     size_t queue_depth = 0;\n"}
,{"stream_name":"stderr","time":47.643281031,"data":"      |   ^ ~\n"}
,{"stream_name":"stderr","time":47.643329357,"data":"/tmp/dsv4-native-src/dee.cpp/include/dee/profiling.h:163:3: warning: style of line directive is a GCC extension\n"}
,{"stream_name":"stderr","time":47.643345082,"data":"  163 |     size_t staging_slot = 0;\n"}
,{"stream_name":"stderr","time":47.643349578,"data":"      |   ^ ~\n"}
,{"stream_name":"stderr","time":47.643353203,"data":"/tmp/dsv4-native-src/dee.cpp/include/dee/profiling.h:164:3: warning: style of line directive is a GCC extension\n"}
,{"stream_name":"stderr","time":47.643357145,"data":"  164 | };\n"}
,{"stream_name":"stderr","time":47.643360704,"data":"      |   ^  \n"}
,{"stream_name":"stderr","time":47.643382969,"data":"/tmp/dsv4-native-src/dee.cpp/include/dee/profiling.h:165:3: warning: style of line directive is a GCC extension\n"}
,{"stream_name":"stderr","time":47.643391068,"data":"  165 | \n"}
,{"stream_name":"stderr","time":47.643395378,"data":"      |   ^  \n"}
,{"stream_name":"stderr","time":47.643414986,"data":"/tmp/dsv4-native-src/dee.cpp/include/dee/profiling.h:167:3: warning: style of line directive is a GCC extension\n"}
,{"stream_name":"stderr","time":47.643420695,"data":"  167 |     double start_ms = 0.0;\n"}
,{"stream_name":"stderr","time":47.64342492,"data":"      |   ^ ~\n"}
,{"stream_name":"stderr","time":47.64347763,"data":"/tmp/dsv4-native-src/dee.cpp/include/dee/profiling.h:168:3: warning: style of line directive is a GCC extension\n"}
,{"stream_name":"stderr","time":47.643485864,"data":"  168 |     double end_ms = 0.0;\n"}
,{"stream_name":"stderr","time":47.643490222,"data":"      |   ^ ~\n"}
,{"stream_name":"stderr","time":47.643511612,"data":"/tmp/dsv4-native-src/dee.cpp/include/dee/profiling.h:169:3: warning: style of line directive is a GCC extension\n"}
,{"stream_name":"stderr","time":47.643517678,"data":"  169 |     IdleGapCategory category = IdleGapCategory::Unknown;\n"}
,{"stream_name":"stderr","time":47.643521582,"data":"      |   ^ ~\n"}
,{"stream_name":"stderr","time":47.643556797,"data":"/tmp/dsv4-native-src/dee.cpp/include/dee/profiling.h:170:3: warning: style of line directive is a GCC extension\n"}
,{"stream_name":"stderr","time":47.643564556,"data":"  170 |     int token = -1;\n"}
,{"stream_name":"stderr","time":47.643569072,"data":"      |   ^ ~\n"}
,{"stream_name":"stderr","time":47.643605746,"data":"/tmp/dsv4-native-src/dee.cpp/include/dee/profiling.h:171:3: warning: style of line directive is a GCC extension\n"}
,{"stream_name":"stderr","time":47.643613053,"data":"  171 |     int logical_layer = -1;\n"}
,{"stream_name":"stderr","time":47.643616934,"data":"      |   ^ ~\n"}
,{"stream_name":"stderr","time":47.643642158,"data":"/tmp/dsv4-native-src/dee.cpp/include/dee/profiling.h:172:3: warning: style of line directive is a GCC extension\n"}
,{"stream_name":"stderr","time":47.64364913,"data":"  172 |     int expert = -1;\n"}
,{"stream_name":"stderr","time":47.643653592,"data":"      |   ^ ~\n"}
,{"stream_name":"stderr","time":47.643675306,"data":"/tmp/dsv4-native-src/dee.cpp/include/dee/profiling.h:173:3: warning: style of line directive is a GCC extension\n"}
,{"stream_name":"stderr","time":47.643681496,"data":"  173 |     uint64_t transfer_id = 0;\n"}
,{"stream_name":"stderr","time":47.643685828,"data":"      |   ^ ~\n"}
,{"stream_name":"stderr","time":47.643726623,"data":"/tmp/dsv4-native-src/dee.cpp/include/dee/profiling.h:174:3: warning: style of line directive is a GCC extension\n"}
,{"stream_name":"stderr","time":47.643732798,"data":"  174 | };\n"}
,{"stream_name":"stderr","time":47.64373637,"data":"      |   ^  \n"}
,{"stream_name":"stderr","time":47.643768691,"data":"/tmp/dsv4-native-src/dee.cpp/include/dee/profiling.h:175:3: warning: style of line directive is a GCC extension\n"}
,{"stream_name":"stderr","time":47.64377447,"data":"  175 | \n"}
,{"stream_name":"stderr","time":47.64378511,"data":"      |   ^  \n"}
,{"stream_name":"stderr","time":47.643797512,"data":"/tmp/dsv4-native-src/dee.cpp/include/dee/profiling.h:177:3: warning: style of line directive is a GCC extension\n"}
,{"stream_name":"stderr","time":47.643801826,"data":"  177 |     bool enabled = false;\n"}
,{"stream_name":"stderr","time":47.643805292,"data":"      |   ^ ~\n"}
,{"stream_name":"stderr","time":47.643838632,"data":"/tmp/dsv4-native-src/dee.cpp/include/dee/profiling.h:178:3: warning: style of line directive is a GCC extension\n"}
,{"stream_name":"stderr","time":47.643844222,"data":"  178 |     bool trace_enabled = false;\n"}
,{"stream_name":"stderr","time":47.643848519,"data":"      |   ^ ~\n"}
,{"stream_name":"stderr","time":47.643907564,"data":"/tmp/dsv4-native-src/dee.cpp/include/dee/profiling.h:179:3: warning: style of line directive is a GCC extension\n"}
,{"stream_name":"stderr","time":47.64391382,"data":"  179 |     std::array\u003cdouble, static_cast\u003csize_t\u003e(CpuStage::Count)\u003e cpu_ms{};\n"}
,{"stream_name":"stderr","time":47.643918876,"data":"      |   ^ ~\n"}
,{"stream_name":"stderr","time":47.643950231,"data":"/tmp/dsv4-native-src/dee.cpp/include/dee/profiling.h:180:3: warning: style of line directive is a GCC extension\n"}
,{"stream_name":"stderr","time":47.643958953,"data":"  180 |     std::array\u003cdouble, static_cast\u003csize_t\u003e(GpuStage::Count)\u003e gpu_ms{};\n"}
,{"stream_name":"stderr","time":47.643963524,"data":"      |   ^ ~\n"}
,{"stream_name":"stderr","time":47.644016045,"data":"/tmp/dsv4-native-src/dee.cpp/include/dee/profiling.h:181:3: warning: style of line directive is a GCC extension\n"}
,{"stream_name":"stderr","time":47.644022974,"data":"  181 |     std::array\u003cuint64_t, static_cast\u003csize_t\u003e(GpuStage::Count)\u003e gpu_samples{};\n"}
,{"stream_name":"stderr","time":47.644027078,"data":"      |   ^ ~\n"}
,{"stream_name":"stderr","time":47.644030548,"data":"/tmp/dsv4-native-src/dee.cpp/include/dee/profiling.h:182:3: warning: style of line directive is a GCC extension\n"}
,{"stream_name":"stderr","time":47.644034302,"data":"  182 |     std::array\u003cdouble, static_cast\u003csize_t\u003e(OracleStage::Count)\u003e oracle_ms{};\n"}
,{"stream_name":"stderr","time":47.644038199,"data":"      |   ^ ~\n"}
,{"stream_name":"stderr","time":47.644080408,"data":"/tmp/dsv4-native-src/dee.cpp/include/dee/profiling.h:183:3: warning: style of line directive is a GCC extension\n"}
,{"stream_name":"stderr","time":47.644087316,"data":"  183 |     uint64_t oracle_calls = 0;\n"}
,{"stream_name":"stderr","time":47.644091176,"data":"      |   ^ ~\n"}
,{"stream_name":"stderr","time":47.644128497,"data":"/tmp/dsv4-native-src/dee.cpp/include/dee/profiling.h:184:3: warning: style of line directive is a GCC extension\n"}
,{"stream_name":"stderr","time":47.644136413,"data":"  184 |     uint64_t oracle_allocations = 0;\n"}
,{"stream_name":"stderr","time":47.644140367,"data":"      |   ^ ~\n"}
,{"stream_name":"stderr","time":47.644164529,"data":"/tmp/dsv4-native-src/dee.cpp/include/dee/profiling.h:185:3: warning: style of line directive is a GCC extension\n"}
,{"stream_name":"stderr","time":47.644171264,"data":"  185 |     uint64_t oracle_allocation_bytes = 0;\n"}
,{"stream_name":"stderr","time":47.64418654,"data":"      |   ^ ~\n"}
,{"stream_name":"stderr","time":47.64421269,"data":"/tmp/dsv4-native-src/dee.cpp/include/dee/profiling.h:186:3: warning: style of line directive is a GCC extension\n"}
,{"stream_name":"stderr","time":47.644224189,"data":"  186 | \n"}
,{"stream_name":"stderr","time":47.644228752,"data":"      |   ^  \n"}
,{"stream_name":"stderr","time":47.644264219,"data":"/tmp/dsv4-native-src/dee.cpp/include/dee/profiling.h:188:3: warning: style of line directive is a GCC extension\n"}
,{"stream_name":"stderr","time":47.644272143,"data":"  188 |     uint64_t layer_count = 0;\n"}
,{"stream_name":"stderr","time":47.644276019,"data":"      |   ^ ~\n"}
,{"stream_name":"stderr","time":47.644294601,"data":"/tmp/dsv4-native-src/dee.cpp/include/dee/profiling.h:189:3: warning: style of line directive is a GCC extension\n"}
,{"stream_name":"stderr","time":47.644304773,"data":"  189 |     double token_latency_avg_ms = 0.0;\n"}
,{"stream_name":"stderr","time":47.644308486,"data":"      |   ^ ~\n"}
,{"stream_name":"stderr","time":47.644367041,"data":"/tmp/dsv4-native-src/dee.cpp/include/dee/profiling.h:190:3: warning: style of line directive is a GCC extension\n"}
,{"stream_name":"stderr","time":47.644374174,"data":"  190 |     double token_latency_median_ms = 0.0;\n"}
,{"stream_name":"stderr","time":47.644378098,"data":"      |   ^ ~\n"}
,{"stream_name":"stderr","time":47.644416672,"data":"/tmp/dsv4-native-src/dee.cpp/include/dee/profiling.h:191:3: warning: style of line directive is a GCC extension\n"}
,{"stream_name":"stderr","time":47.644422005,"data":"  191 |     double token_latency_p95_ms = 0.0;\n"}
,{"stream_name":"stderr","time":47.644426532,"data":"      |   ^ ~\n"}
,{"stream_name":"stderr","time":47.644497371,"data":"/tmp/dsv4-native-src/dee.cpp/include/dee/profiling.h:192:3: warning: style of line directive is a GCC extension\n"}
,{"stream_name":"stderr","time":47.644505182,"data":"  192 |     double token_latency_max_ms = 0.0;\n"}
,{"stream_name":"stderr","time":47.644509248,"data":"      |   ^ ~\n"}
,{"stream_name":"stderr","time":47.644513282,"data":"/tmp/dsv4-native-src/dee.cpp/include/dee/profiling.h:193:3: warning: style of line directive is a GCC extension\n"}
,{"stream_name":"stderr","time":47.644517401,"data":"  193 | \n"}
,{"stream_name":"stderr","time":47.644521729,"data":"      |   ^  \n"}
,{"stream_name":"stderr","time":47.644527589,"data":"/tmp/dsv4-native-src/dee.cpp/include/dee/profiling.h:195:3: warning: style of line directive is a GCC extension\n"}
,{"stream_name":"stderr","time":47.644532081,"data":"  195 |     uint64_t resident_hits = 0;\n"}
,{"stream_name":"stderr","time":47.644536226,"data":"      |   ^ ~\n"}
,{"stream_name":"stderr","time":47.644599226,"data":"/tmp/dsv4-native-src/dee.cpp/include/dee/profiling.h:196:3: warning: style of line directive is a GCC extension\n"}
,{"stream_name":"stderr","time":47.64460807,"data":"  196 |     uint64_t inflight_hits = 0;\n"}
,{"stream_name":"stderr","time":47.644613114,"data":"      |   ^ ~\n"}
,{"stream_name":"stderr","time":47.644632412,"data":"/tmp/dsv4-native-src/dee.cpp/include/dee/profiling.h:197:3: warning: style of line directive is a GCC extension\n"}
,{"stream_name":"stderr","time":47.644640856,"data":"  197 |     uint64_t cold_loads = 0;\n"}
,{"stream_name":"stderr","time":47.644645474,"data":"      |   ^ ~\n"}
,{"stream_name":"stderr","time":47.644692126,"data":"/tmp/dsv4-native-src/dee.cpp/include/dee/profiling.h:198:3: warning: style of line directive is a GCC extension\n"}
,{"stream_name":"stderr","time":47.64469987,"data":"  198 |     uint64_t duplicate_requests = 0;\n"}
,{"stream_name":"stderr","time":47.644704194,"data":"      |   ^ ~\n"}
,{"stream_name":"stderr","time":47.644760608,"data":"/tmp/dsv4-native-src/dee.cpp/include/dee/profiling.h:199:3: warning: style of line directive is a GCC extension\n"}
,{"stream_name":"stderr","time":47.644778051,"data":"  199 |     uint64_t unique_experts_requested = 0;\n"}
,{"stream_name":"stderr","time":47.64478967,"data":"      |   ^ ~\n"}
,{"stream_name":"stderr","time":47.644794933,"data":"/tmp/dsv4-native-src/dee.cpp/include/dee/profiling.h:200:3: warning: style of line directive is a GCC extension\n"}
,{"stream_name":"stderr","time":47.6447999,"data":"  200 |     uint64_t unique_experts_loaded = 0;\n"}
,{"stream_name":"stderr","time":47.644803773,"data":"      |   ^ ~\n"}
,{"stream_name":"stderr","time":47.644843074,"data":"/tmp/dsv4-native-src/dee.cpp/include/dee/profiling.h:201:3: warning: style of line directive is a GCC extension\n"}
,{"stream_name":"stderr","time":47.64485121,"data":"  201 |     uint64_t evictions = 0;\n"}
,{"stream_name":"stderr","time":47.64485645,"data":"      |   ^ ~\n"}
,{"stream_name":"stderr","time":47.644882882,"data":"/tmp/dsv4-native-src/dee.cpp/include/dee/profiling.h:202:3: warning: style of line directive is a GCC extension\n"}
,{"stream_name":"stderr","time":47.644910192,"data":"  202 |     uint64_t pinned_blocks_skipped = 0;\n"}
,{"stream_name":"stderr","time":47.644914874,"data":"      |   ^ ~\n"}
,{"stream_name":"stderr","time":47.644933023,"data":"/tmp/dsv4-native-src/dee.cpp/include/dee/profiling.h:203:3: warning: style of line directive is a GCC extension\n"}
,{"stream_name":"stderr","time":47.644940441,"data":"  203 | \n"}
,{"stream_name":"stderr","time":47.644944881,"data":"      |   ^  \n"}
,{"stream_name":"stderr","time":47.644984946,"data":"/tmp/dsv4-native-src/dee.cpp/include/dee/profiling.h:205:3: warning: style of line directive is a GCC extension\n"}
,{"stream_name":"stderr","time":47.644990689,"data":"  205 |     uint64_t h2d_bytes = 0;\n"}
,{"stream_name":"stderr","time":47.645001304,"data":"      |   ^ ~\n"}
,{"stream_name":"stderr","time":47.645033641,"data":"/tmp/dsv4-native-src/dee.cpp/include/dee/profiling.h:206:3: warning: style of line directive is a GCC extension\n"}
,{"stream_name":"stderr","time":47.645039791,"data":"  206 |     uint64_t h2d_copies = 0;\n"}
,{"stream_name":"stderr","time":47.645044271,"data":"      |   ^ ~\n"}
,{"stream_name":"stderr","time":47.645089794,"data":"/tmp/dsv4-native-src/dee.cpp/include/dee/profiling.h:207:3: warning: style of line directive is a GCC extension\n"}
,{"stream_name":"stderr","time":47.645096678,"data":"  207 |     uint64_t d2d_gather_bytes = 0;\n"}
,{"stream_name":"stderr","time":47.64510044,"data":"      |   ^ ~\n"}
,{"stream_name":"stderr","time":47.645130032,"data":"/tmp/dsv4-native-src/dee.cpp/include/dee/profiling.h:208:3: warning: style of line directive is a GCC extension\n"}
,{"stream_name":"stderr","time":47.64513522,"data":"  208 |     uint64_t d2d_gather_copies = 0;\n"}
,{"stream_name":"stderr","time":47.645140462,"data":"      |   ^ ~\n"}
,{"stream_name":"stderr","time":47.64519459,"data":"/tmp/dsv4-native-src/dee.cpp/include/dee/profiling.h:209:3: warning: style of line directive is a GCC extension\n"}
,{"stream_name":"stderr","time":47.6452014,"data":"  209 |     uint64_t d2d_scatter_bytes = 0;\n"}
,{"stream_name":"stderr","time":47.64520557,"data":"      |   ^ ~\n"}
,{"stream_name":"stderr","time":47.645216248,"data":"/tmp/dsv4-native-src/dee.cpp/include/dee/profiling.h:210:3: warning: style of line directive is a GCC extension\n"}
,{"stream_name":"stderr","time":47.645220328,"data":"  210 |     uint64_t d2d_scatter_copies = 0;\n"}
,{"stream_name":"stderr","time":47.64522482,"data":"      |   ^ ~\n"}
,{"stream_name":"stderr","time":47.645269076,"data":"/tmp/dsv4-native-src/dee.cpp/include/dee/profiling.h:211:3: warning: style of line directive is a GCC extension\n"}
,{"stream_name":"stderr","time":47.645275311,"data":"  211 |     uint64_t cublas_calls = 0;\n"}
,{"stream_name":"stderr","time":47.645288244,"data":"      |   ^ ~\n"}
,{"stream_name":"stderr","time":47.645301384,"data":"/tmp/dsv4-native-src/dee.cpp/include/dee/profiling.h:212:3: warning: style of line directive is a GCC extension\n"}
,{"stream_name":"stderr","time":47.645306094,"data":"  212 |     uint64_t kernel_launches = 0;\n"}
,{"stream_name":"stderr","time":47.645310163,"data":"      |   ^ ~\n"}
,{"stream_name":"stderr","time":47.645349262,"data":"/tmp/dsv4-native-src/dee.cpp/include/dee/profiling.h:213:3: warning: style of line directive is a GCC extension\n"}
,{"stream_name":"stderr","time":47.645368193,"data":"  213 |     uint64_t stream_waits = 0;\n"}
,{"stream_name":"stderr","time":47.645372754,"data":"      |   ^ ~\n"}
,{"stream_name":"stderr","time":47.645391816,"data":"/tmp/dsv4-native-src/dee.cpp/include/dee/profiling.h:214:3: warning: style of line directive is a GCC extension\n"}
,{"stream_name":"stderr","time":47.645399428,"data":"  214 |     uint64_t host_synchronizations = 0;\n"}
,{"stream_name":"stderr","time":47.64540364,"data":"      |   ^ ~\n"}
,{"stream_name":"stderr","time":47.645446322,"data":"/tmp/dsv4-native-src/dee.cpp/include/dee/profiling.h:215:3: warning: style of line directive is a GCC extension\n"}
,{"stream_name":"stderr","time":47.645452885,"data":"  215 |     uint64_t timing_events_allocated = 0;\n"}
,{"stream_name":"stderr","time":47.645456829,"data":"      |   ^ ~\n"}
,{"stream_name":"stderr","time":47.645460588,"data":"/tmp/dsv4-native-src/dee.cpp/include/dee/profiling.h:216:3: warning: style of line directive is a GCC extension\n"}
,{"stream_name":"stderr","time":47.64546516,"data":"  216 |     uint64_t timing_events_dropped = 0;\n"}
,{"stream_name":"stderr","time":47.645468802,"data":"      |   ^ ~\n"}
,{"stream_name":"stderr","time":47.645521528,"data":"/tmp/dsv4-native-src/dee.cpp/include/dee/profiling.h:217:3: warning: style of line directive is a GCC extension\n"}
,{"stream_name":"stderr","time":47.645527544,"data":"  217 |     std::array\u003cdouble, static_cast\u003csize_t\u003e(HostWaitReason::Count)\u003e host_wait_ms{};\n"}
,{"stream_name":"stderr","time":47.645532536,"data":"      |   ^ ~\n"}
,{"stream_name":"stderr","time":47.645566596,"data":"/tmp/dsv4-native-src/dee.cpp/include/dee/profiling.h:218:3: warning: style of line directive is a GCC extension\n"}
,{"stream_name":"stderr","time":47.645572144,"data":"  218 |     std::array\u003cuint64_t, static_cast\u003csize_t\u003e(HostWaitReason::Count)\u003e host_wait_count{};\n"}
,{"stream_name":"stderr","time":47.64557676,"data":"      |   ^ ~\n"}
,{"stream_name":"stderr","time":47.645638162,"data":"/tmp/dsv4-native-src/dee.cpp/include/dee/profiling.h:219:3: warning: style of line directive is a GCC extension\n"}
,{"stream_name":"stderr","time":47.645644333,"data":"  219 | \n"}
,{"stream_name":"stderr","time":47.645648094,"data":"      |   ^  \n"}
,{"stream_name":"stderr","time":47.645686161,"data":"/tmp/dsv4-native-src/dee.cpp/include/dee/profiling.h:221:3: warning: style of line directive is a GCC extension\n"}
,{"stream_name":"stderr","time":47.645694862,"data":"  221 |     double average_cold_load_us = 0.0;\n"}
,{"stream_name":"stderr","time":47.645699354,"data":"      |   ^ ~\n"}
,{"stream_name":"stderr","time":47.645724662,"data":"/tmp/dsv4-native-src/dee.cpp/include/dee/profiling.h:222:3: warning: style of line directive is a GCC extension\n"}
,{"stream_name":"stderr","time":47.645730753,"data":"  222 |     double average_h2d_copy_bytes = 0.0;\n"}
,{"stream_name":"stderr","time":47.645735524,"data":"      |   ^ ~\n"}
,{"stream_name":"stderr","time":47.645810012,"data":"/tmp/dsv4-native-src/dee.cpp/include/dee/profiling.h:223:3: warning: style of line directive is a GCC extension\n"}
,{"stream_name":"stderr","time":47.645827584,"data":"  223 |     double total_gpu_compute_ms = 0.0;\n"}
,{"stream_name":"stderr","time":47.645831814,"data":"      |   ^ ~\n"}
,{"stream_name":"stderr","time":47.64583533,"data":"/tmp/dsv4-native-src/dee.cpp/include/dee/profiling.h:224:3: warning: style of line directive is a GCC extension\n"}
,{"stream_name":"stderr","time":47.64583998,"data":"  224 |     double total_gpu_transfer_ms = 0.0;\n"}
,{"stream_name":"stderr","time":47.64584436,"data":"      |   ^ ~\n"}
,{"stream_name":"stderr","time":47.645858842,"data":"/tmp/dsv4-native-src/dee.cpp/include/dee/profiling.h:225:3: warning: style of line directive is a GCC extension\n"}
,{"stream_name":"stderr","time":47.64586446,"data":"  225 |     double total_gpu_weight_conversion_ms = 0.0;\n"}
,{"stream_name":"stderr","time":47.645869092,"data":"      |   ^ ~\n"}
,{"stream_name":"stderr","time":47.645908878,"data":"/tmp/dsv4-native-src/dee.cpp/include/dee/profiling.h:226:3: warning: style of line directive is a GCC extension\n"}
,{"stream_name":"stderr","time":47.64591581,"data":"  226 |     double average_working_set_per_token = 0.0;\n"}
,{"stream_name":"stderr","time":47.645920324,"data":"      |   ^ ~\n"}
,{"stream_name":"stderr","time":47.645974726,"data":"/tmp/dsv4-native-src/dee.cpp/include/dee/profiling.h:227:3: warning: style of line directive is a GCC extension\n"}
,{"stream_name":"stderr","time":47.645981408,"data":"  227 |     uint64_t max_working_set_per_token = 0;\n"}
,{"stream_name":"stderr","time":47.64598603,"data":"      |   ^ ~\n"}
,{"stream_name":"stderr","time":47.646062248,"data":"/tmp/dsv4-native-src/dee.cpp/include/dee/profiling.h:228:3: warning: style of line directive is a GCC extension\n"}
,{"stream_name":"stderr","time":47.646069931,"data":"  228 |     uint64_t repeated_requests = 0;\n"}
,{"stream_name":"stderr","time":47.646074271,"data":"      |   ^ ~\n"}
,{"stream_name":"stderr","time":47.646077832,"data":"/tmp/dsv4-native-src/dee.cpp/include/dee/profiling.h:229:3: warning: style of line directive is a GCC extension\n"}
,{"stream_name":"stderr","time":47.646082681,"data":"  229 |     double reused_before_eviction_fraction = 0.0;\n"}
,{"stream_name":"stderr","time":47.646087222,"data":"      |   ^ ~\n"}
,{"stream_name":"stderr","time":47.646122168,"data":"/tmp/dsv4-native-src/dee.cpp/include/dee/profiling.h:230:3: warning: style of line directive is a GCC extension\n"}
,{"stream_name":"stderr","time":47.646159872,"data":"  230 |     double oracle_adjacent_topk_overlap = 0.0;\n"}
,{"stream_name":"stderr","time":47.646164856,"data":"      |   ^ ~\n"}
,{"stream_name":"stderr","time":47.64621543,"data":"/tmp/dsv4-native-src/dee.cpp/include/dee/profiling.h:231:3: warning: style of line directive is a GCC extension\n"}
,{"stream_name":"stderr","time":47.646221446,"data":"  231 |     double oracle_random_overlap_expectation = 0.0;\n"}
,{"stream_name":"stderr","time":47.646226248,"data":"      |   ^ ~\n"}
,{"stream_name":"stderr","time":47.646268199,"data":"/tmp/dsv4-native-src/dee.cpp/include/dee/profiling.h:232:3: warning: style of line directive is a GCC extension\n"}
,{"stream_name":"stderr","time":47.646277544,"data":"  232 |     double gpu_timeline_span_ms = 0.0;\n"}
,{"stream_name":"stderr","time":47.646282623,"data":"      |   ^ ~\n"}
,{"stream_name":"stderr","time":47.646319954,"data":"/tmp/dsv4-native-src/dee.cpp/include/dee/profiling.h:233:3: warning: style of line directive is a GCC extension\n"}
,{"stream_name":"stderr","time":47.646326101,"data":"  233 |     double copy_engine_active_ms = 0.0;\n"}
,{"stream_name":"stderr","time":47.646338005,"data":"      |   ^ ~\n"}
,{"stream_name":"stderr","time":47.646360734,"data":"/tmp/dsv4-native-src/dee.cpp/include/dee/profiling.h:234:3: warning: style of line directive is a GCC extension\n"}
,{"stream_name":"stderr","time":47.64636928,"data":"  234 |     double compute_engine_active_ms = 0.0;\n"}
,{"stream_name":"stderr","time":47.646373389,"data":"      |   ^ ~\n"}
,{"stream_name":"stderr","time":47.646439426,"data":"/tmp/dsv4-native-src/dee.cpp/include/dee/profiling.h:235:3: warning: style of line directive is a GCC extension\n"}
,{"stream_name":"stderr","time":47.646447251,"data":"  235 |     double copy_compute_overlap_ms = 0.0;\n"}
,{"stream_name":"stderr","time":47.646452541,"data":"      |   ^ ~\n"}
,{"stream_name":"stderr","time":47.646504656,"data":"/tmp/dsv4-native-src/dee.cpp/include/dee/profiling.h:236:3: warning: style of line directive is a GCC extension\n"}
,{"stream_name":"stderr","time":47.646513114,"data":"  236 |     double gpu_neither_active_ms = 0.0;\n"}
,{"stream_name":"stderr","time":47.646517757,"data":"      |   ^ ~\n"}
,{"stream_name":"stderr","time":47.646557725,"data":"/tmp/dsv4-native-src/dee.cpp/include/dee/profiling.h:237:3: warning: style of line directive is a GCC extension\n"}
,{"stream_name":"stderr","time":47.646565593,"data":"  237 |     double copy_engine_utilization = 0.0;\n"}
,{"stream_name":"stderr","time":47.646569908000004,"data":"      |   ^ ~\n"}
,{"stream_name":"stderr","time":47.646635179,"data":"/tmp/dsv4-native-src/dee.cpp/include/dee/profiling.h:238:3: warning: style of line directive is a GCC extension\n"}
,{"stream_name":"stderr","time":47.646643062,"data":"  238 |     double compute_engine_utilization = 0.0;\n"}
,{"stream_name":"stderr","time":47.646648077,"data":"      |   ^ ~\n"}
,{"stream_name":"stderr","time":47.646691028,"data":"/tmp/dsv4-native-src/dee.cpp/include/dee/profiling.h:239:3: warning: style of line directive is a GCC extension\n"}
,{"stream_name":"stderr","time":47.646709262,"data":"  239 |     double copy_compute_overlap_fraction = 0.0;\n"}
,{"stream_name":"stderr","time":47.646714417,"data":"      |   ^ ~\n"}
,{"stream_name":"stderr","time":47.646764492,"data":"/tmp/dsv4-native-src/dee.cpp/include/dee/profiling.h:240:3: warning: style of line directive is a GCC extension\n"}
,{"stream_name":"stderr","time":47.646778379,"data":"  240 |     double average_transfer_queue_depth = 0.0;\n"}
,{"stream_name":"stderr","time":47.646783236,"data":"      |   ^ ~\n"}
,{"stream_name":"stderr","time":47.646835228,"data":"/tmp/dsv4-native-src/dee.cpp/include/dee/profiling.h:241:3: warning: style of line directive is a GCC extension\n"}
,{"stream_name":"stderr","time":47.646843788,"data":"  241 |     uint64_t max_transfer_queue_depth = 0;\n"}
,{"stream_name":"stderr","time":47.646848971,"data":"      |   ^ ~\n"}
,{"stream_name":"stderr","time":47.646908456,"data":"/tmp/dsv4-native-src/dee.cpp/include/dee/profiling.h:242:3: warning: style of line directive is a GCC extension\n"}
,{"stream_name":"stderr","time":47.646916467,"data":"  242 |     std::array\u003cuint64_t, 4\u003e h2d_bucket_copies{};\n"}
,{"stream_name":"stderr","time":47.646921119,"data":"      |   ^ ~\n"}
,{"stream_name":"stderr","time":47.646924912,"data":"/tmp/dsv4-native-src/dee.cpp/include/dee/profiling.h:243:3: warning: style of line directive is a GCC extension\n"}
,{"stream_name":"stderr","time":47.646928944,"data":"  243 |     std::array\u003cuint64_t, 4\u003e h2d_bucket_bytes{};\n"}
,{"stream_name":"stderr","time":47.646932924,"data":"      |   ^ ~\n"}
,{"stream_name":"stderr","time":47.646999437,"data":"/tmp/dsv4-native-src/dee.cpp/include/dee/profiling.h:244:3: warning: style of line directive is a GCC extension\n"}
,{"stream_name":"stderr","time":47.647015739,"data":"  244 |     std::array\u003cdouble, 4\u003e h2d_bucket_ms{};\n"}
,{"stream_name":"stderr","time":47.647021054,"data":"      |   ^ ~\n"}
,{"stream_name":"stderr","time":47.647040715,"data":"/tmp/dsv4-native-src/dee.cpp/include/dee/profiling.h:245:3: warning: style of line directive is a GCC extension\n"}
,{"stream_name":"stderr","time":47.647045411,"data":"  245 |     std::array\u003cdouble, static_cast\u003csize_t\u003e(IdleGapCategory::Count)\u003e idle_gap_ms{};\n"}
,{"stream_name":"stderr","time":47.647049732,"data":"      |   ^ ~\n"}
,{"stream_name":"stderr","time":47.647113111,"data":"/tmp/dsv4-native-src/dee.cpp/include/dee/profiling.h:246:3: warning: style of line directive is a GCC extension\n"}
,{"stream_name":"stderr","time":47.647123585,"data":"  246 |     std::array\u003cuint64_t, static_cast\u003csize_t\u003e(IdleGapCategory::Count)\u003e idle_gap_count{};\n"}
,{"stream_name":"stderr","time":47.647128454,"data":"      |   ^ ~\n"}
,{"stream_name":"stderr","time":47.647163594,"data":"/tmp/dsv4-native-src/dee.cpp/include/dee/profiling.h:247:3: warning: style of line directive is a GCC extension\n"}
,{"stream_name":"stderr","time":47.647172185,"data":"  247 |     std::array\u003cdouble, static_cast\u003csize_t\u003e(IdleGapCategory::Count)\u003e idle_gap_avg_ms{};\n"}
,{"stream_name":"stderr","time":47.647177629,"data":"      |   ^ ~\n"}
,{"stream_name":"stderr","time":47.647227633,"data":"/tmp/dsv4-native-src/dee.cpp/include/dee/profiling.h:248:3: warning: style of line directive is a GCC extension\n"}
,{"stream_name":"stderr","time":47.647234531,"data":"  248 |     std::array\u003cdouble, static_cast\u003csize_t\u003e(IdleGapCategory::Count)\u003e idle_gap_p95_ms{};\n"}
,{"stream_name":"stderr","time":47.647239721,"data":"      |   ^ ~\n"}
,{"stream_name":"stderr","time":47.647300168,"data":"/tmp/dsv4-native-src/dee.cpp/include/dee/profiling.h:249:3: warning: style of line directive is a GCC extension\n"}
,{"stream_name":"stderr","time":47.647325439,"data":"  249 |     std::array\u003cdouble, static_cast\u003csize_t\u003e(IdleGapCategory::Count)\u003e idle_gap_max_ms{};\n"}
,{"stream_name":"stderr","time":47.647332181,"data":"      |   ^ ~\n"}
,{"stream_name":"stderr","time":47.647338019,"data":"/tmp/dsv4-native-src/dee.cpp/include/dee/profiling.h:250:3: warning: style of line directive is a GCC extension\n"}
,{"stream_name":"stderr","time":47.64734251,"data":"  250 |     double idle_attributed_ms = 0.0;\n"}
,{"stream_name":"stderr","time":47.647346359,"data":"      |   ^ ~\n"}
,{"stream_name":"stderr","time":47.647404928,"data":"/tmp/dsv4-native-src/dee.cpp/include/dee/profiling.h:251:3: warning: style of line directive is a GCC extension\n"}
,{"stream_name":"stderr","time":47.647412428,"data":"  251 |     double idle_attributed_fraction = 0.0;\n"}
,{"stream_name":"stderr","time":47.647416384,"data":"      |   ^ ~\n"}
,{"stream_name":"stderr","time":47.647462346,"data":"/tmp/dsv4-native-src/dee.cpp/include/dee/profiling.h:252:3: warning: style of line directive is a GCC extension\n"}
,{"stream_name":"stderr","time":47.647468671,"data":"  252 |     std::array\u003cdouble, static_cast\u003csize_t\u003e(ReadinessWaitCategory::Count)\u003e readiness_wait_ms{};\n"}
,{"stream_name":"stderr","time":47.64747364,"data":"      |   ^ ~\n"}
,{"stream_name":"stderr","time":47.647523606,"data":"/tmp/dsv4-native-src/dee.cpp/include/dee/profiling.h:253:3: warning: style of line directive is a GCC extension\n"}
,{"stream_name":"stderr","time":47.647531136,"data":"  253 |     std::array\u003cuint64_t, static_cast\u003csize_t\u003e(ReadinessWaitCategory::Count)\u003e readiness_wait_count{};\n"}
,{"stream_name":"stderr","time":47.647541929,"data":"      |   ^ ~\n"}
,{"stream_name":"stderr","time":47.647572011,"data":"/tmp/dsv4-native-src/dee.cpp/include/dee/profiling.h:254:3: warning: style of line directive is a GCC extension\n"}
,{"stream_name":"stderr","time":47.64757917,"data":"  254 | \n"}
,{"stream_name":"stderr","time":47.647584127,"data":"      |   ^  \n"}
,{"stream_name":"stderr","time":47.647679607,"data":"/tmp/dsv4-native-src/dee.cpp/include/dee/profiling.h:256:3: warning: style of line directive is a GCC extension\n"}
,{"stream_name":"stderr","time":47.64768941,"data":"  256 |     std::vector\u003cTimelineRecord\u003e timeline;\n"}
,{"stream_name":"stderr","time":47.647693687,"data":"      |   ^ ~\n"}
,{"stream_name":"stderr","time":47.647725455,"data":"/tmp/dsv4-native-src/dee.cpp/include/dee/profiling.h:257:3: warning: style of line directive is a GCC extension\n"}
,{"stream_name":"stderr","time":47.647730319,"data":"  257 |     std::vector\u003cIdleGapRecord\u003e top_idle_gaps;\n"}
,{"stream_name":"stderr","time":47.647734434,"data":"      |   ^ ~\n"}
,{"stream_name":"stderr","time":47.647814226,"data":"/tmp/dsv4-native-src/dee.cpp/include/dee/profiling.h:258:3: warning: style of line directive is a GCC extension\n"}
,{"stream_name":"stderr","time":47.647827837,"data":"  258 | };\n"}
,{"stream_name":"stderr","time":47.647831791,"data":"      |   ^  \n"}
,{"stream_name":"stderr","time":47.647854828,"data":"/tmp/dsv4-native-src/dee.cpp/include/dee/profiling.h:259:3: warning: style of line directive is a GCC extension\n"}
,{"stream_name":"stderr","time":47.647864674,"data":"  259 | \n"}
,{"stream_name":"stderr","time":47.647907049,"data":"      |   ^  \n"}
,{"stream_name":"stderr","time":47.647914166,"data":"/tmp/dsv4-native-src/dee.cpp/include/dee/profiling.h:261:3: warning: style of line directive is a GCC extension\n"}
,{"stream_name":"stderr","time":47.647918371,"data":"  261 | public:\n"}
,{"stream_name":"stderr","time":47.647922016,"data":"      |   ^~~\n"}
,{"stream_name":"stderr","time":47.647982798,"data":"/tmp/dsv4-native-src/dee.cpp/include/dee/profiling.h:263:3: warning: style of line directive is a GCC extension\n"}
,{"stream_name":"stderr","time":47.647991219,"data":"  263 |     using TimePoint = Clock::time_point;\n"}
,{"stream_name":"stderr","time":47.647995691,"data":"      |   ^ ~\n"}
,{"stream_name":"stderr","time":47.64803435,"data":"/tmp/dsv4-native-src/dee.cpp/include/dee/profiling.h:264:3: warning: style of line directive is a GCC extension\n"}
,{"stream_name":"stderr","time":47.648043991,"data":"  264 | \n"}
,{"stream_name":"stderr","time":47.648048377,"data":"      |   ^  \n"}
,{"stream_name":"stderr","time":47.648060808,"data":"/tmp/dsv4-native-src/dee.cpp/include/dee/profiling.h:266:3: warning: style of line directive is a GCC extension\n"}
,{"stream_name":"stderr","time":47.648067539,"data":"  266 |     ~StageProfiler();\n"}
,{"stream_name":"stderr","time":47.64807134,"data":"      |   ^ ~\n"}
,{"stream_name":"stderr","time":47.648152168,"data":"/tmp/dsv4-native-src/dee.cpp/include/dee/profiling.h:267:3: warning: style of line directive is a GCC extension\n"}
,{"stream_name":"stderr","time":47.648160969,"data":"  267 | \n"}
,{"stream_name":"stderr","time":47.648165057,"data":"      |   ^  \n"}
,{"stream_name":"stderr","time":47.648169197,"data":"/tmp/dsv4-native-src/dee.cpp/include/dee/profiling.h:269:3: warning: style of line directive is a GCC extension\n"}
,{"stream_name":"stderr","time":47.648173796,"data":"  269 |     StageProfiler\u0026 operator=(const StageProfiler\u0026) = delete;\n"}
,{"stream_name":"stderr","time":47.648186473,"data":"      |   ^ ~\n"}
,{"stream_name":"stderr","time":47.648202664,"data":"/tmp/dsv4-native-src/dee.cpp/include/dee/profiling.h:270:3: warning: style of line directive is a GCC extension\n"}
,{"stream_name":"stderr","time":47.64820751,"data":"  270 | \n"}
,{"stream_name":"stderr","time":47.648211234,"data":"      |   ^  \n"}
,{"stream_name":"stderr","time":47.648293207,"data":"/tmp/dsv4-native-src/dee.cpp/include/dee/profiling.h:272:3: warning: style of line directive is a GCC extension\n"}
,{"stream_name":"stderr","time":47.64830225,"data":"  272 |                    int oracle_experts, bool timeline_enabled = false);\n"}
,{"stream_name":"stderr","time":47.648306592,"data":"      |   ^  \n"}
,{"stream_name":"stderr","time":47.648323642,"data":"/tmp/dsv4-native-src/dee.cpp/include/dee/profiling.h:274:3: warning: style of line directive is a GCC extension\n"}
,{"stream_name":"stderr","time":47.648328209,"data":"  274 |     bool trace_enabled() const { return trace_enabled_; }\n"}
,{"stream_name":"stderr","time":47.648332059,"data":"      |   ^ ~\n"}
,{"stream_name":"stderr","time":47.648413381,"data":"/tmp/dsv4-native-src/dee.cpp/include/dee/profiling.h:275:3: warning: style of line directive is a GCC extension\n"}
,{"stream_name":"stderr","time":47.648422763,"data":"  275 |     bool timeline_enabled() const { return timeline_enabled_; }\n"}
,{"stream_name":"stderr","time":47.648426559,"data":"      |   ^ ~\n"}
,{"stream_name":"stderr","time":47.648437893,"data":"/tmp/dsv4-native-src/dee.cpp/include/dee/profiling.h:276:3: warning: style of line directive is a GCC extension\n"}
,{"stream_name":"stderr","time":47.648442176,"data":"  276 | \n"}
,{"stream_name":"stderr","time":47.648445697,"data":"      |   ^  \n"}
,{"stream_name":"stderr","time":47.648480913,"data":"/tmp/dsv4-native-src/dee.cpp/include/dee/profiling.h:278:3: warning: style of line directive is a GCC extension\n"}
,{"stream_name":"stderr","time":47.648487779999996,"data":"  278 |     void add_cpu(CpuStage stage, TimePoint begin);\n"}
,{"stream_name":"stderr","time":47.648491804,"data":"      |   ^ ~\n"}
,{"stream_name":"stderr","time":47.64856044,"data":"/tmp/dsv4-native-src/dee.cpp/include/dee/profiling.h:279:3: warning: style of line directive is a GCC extension\n"}
,{"stream_name":"stderr","time":47.648567697,"data":"  279 |     void add_cpu_ms(CpuStage stage, double milliseconds);\n"}
,{"stream_name":"stderr","time":47.64857307,"data":"      |   ^ ~\n"}
,{"stream_name":"stderr","time":47.648623286,"data":"/tmp/dsv4-native-src/dee.cpp/include/dee/profiling.h:280:3: warning: style of line directive is a GCC extension\n"}
,{"stream_name":"stderr","time":47.648630808,"data":"  280 |     void add_layer_latency(TimePoint begin);\n"}
,{"stream_name":"stderr","time":47.648634734,"data":"      |   ^ ~\n"}
,{"stream_name":"stderr","time":47.648685146,"data":"/tmp/dsv4-native-src/dee.cpp/include/dee/profiling.h:281:3: warning: style of line directive is a GCC extension\n"}
,{"stream_name":"stderr","time":47.648704476,"data":"  281 |     void add_token_latency(TimePoint begin);\n"}
,{"stream_name":"stderr","time":47.648727361,"data":"      |   ^ ~\n"}
,{"stream_name":"stderr","time":47.648808506,"data":"/tmp/dsv4-native-src/dee.cpp/include/dee/profiling.h:282:3: warning: style of line directive is a GCC extension\n"}
,{"stream_name":"stderr","time":47.648822631,"data":"  282 |     void add_oracle(OracleStage stage, TimePoint begin);\n"}
,{"stream_name":"stderr","time":47.648827436,"data":"      |   ^ ~\n"}
,{"stream_name":"stderr","time":47.648865871,"data":"/tmp/dsv4-native-src/dee.cpp/include/dee/profiling.h:283:3: warning: style of line directive is a GCC extension\n"}
,{"stream_name":"stderr","time":47.648887927,"data":"  283 |     void add_oracle_ms(OracleStage stage, double milliseconds);\n"}
,{"stream_name":"stderr","time":47.648893184,"data":"      |   ^ ~\n"}
,{"stream_name":"stderr","time":47.648924966,"data":"/tmp/dsv4-native-src/dee.cpp/include/dee/profiling.h:284:3: warning: style of line directive is a GCC extension\n"}
,{"stream_name":"stderr","time":47.648933978,"data":"  284 |     void note_oracle_call() { if (enabled_) ++oracle_calls_; }\n"}
,{"stream_name":"stderr","time":47.648938274,"data":"      |   ^ ~\n"}
,{"stream_name":"stderr","time":47.648992654,"data":"/tmp/dsv4-native-src/dee.cpp/include/dee/profiling.h:285:3: warning: style of line directive is a GCC extension\n"}
,{"stream_name":"stderr","time":47.648999035,"data":"  285 |     void note_oracle_allocation(size_t bytes) {\n"}
,{"stream_name":"stderr","time":47.649002922,"data":"      |   ^ ~\n"}
,{"stream_name":"stderr","time":47.649062788,"data":"/tmp/dsv4-native-src/dee.cpp/include/dee/profiling.h:286:3: warning: style of line directive is a GCC extension\n"}
,{"stream_name":"stderr","time":47.649069834,"data":"  286 |         if (enabled_) { ++oracle_allocations_; oracle_allocation_bytes_ += bytes; }\n"}
,{"stream_name":"stderr","time":47.649074082,"data":"      |   ^  \n"}
,{"stream_name":"stderr","time":47.64911585,"data":"/tmp/dsv4-native-src/dee.cpp/include/dee/profiling.h:287:3: warning: style of line directive is a GCC extension\n"}
,{"stream_name":"stderr","time":47.649124746,"data":"  287 |     }\n"}
,{"stream_name":"stderr","time":47.649129329,"data":"      |   ^ ~\n"}
,{"stream_name":"stderr","time":47.649177156,"data":"/tmp/dsv4-native-src/dee.cpp/include/dee/profiling.h:288:3: warning: style of line directive is a GCC extension\n"}
,{"stream_name":"stderr","time":47.649183528,"data":"  288 | \n"}
,{"stream_name":"stderr","time":47.649187234,"data":"      |   ^  \n"}
,{"stream_name":"stderr","time":47.649265055,"data":"/tmp/dsv4-native-src/dee.cpp/include/dee/profiling.h:290:3: warning: style of line directive is a GCC extension\n"}
,{"stream_name":"stderr","time":47.649272689,"data":"  290 |                        RequestKind kind, int evicted_layer,\n"}
,{"stream_name":"stderr","time":47.64927738,"data":"      |   ^  \n"}
,{"stream_name":"stderr","time":47.649327895,"data":"/tmp/dsv4-native-src/dee.cpp/include/dee/profiling.h:305:3: warning: style of line directive is a GCC extension\n"}
,{"stream_name":"stderr","time":47.649334864,"data":"  305 |     void note_transfer_consumed(int resolved_layer, int expert, uint64_t generation);\n"}
,{"stream_name":"stderr","time":47.649339174,"data":"      |   ^ ~\n"}
,{"stream_name":"stderr","time":47.649413274,"data":"/tmp/dsv4-native-src/dee.cpp/include/dee/profiling.h:306:3: warning: style of line directive is a GCC extension\n"}
,{"stream_name":"stderr","time":47.649421811,"data":"  306 |     void note_prediction(int token, int logical_layer, int resolved_layer,\n"}
,{"stream_name":"stderr","time":47.649435944,"data":"      |   ^ ~\n"}
,{"stream_name":"stderr","time":47.649461646,"data":"/tmp/dsv4-native-src/dee.cpp/include/dee/profiling.h:307:3: warning: style of line directive is a GCC extension\n"}
,{"stream_name":"stderr","time":47.649469377,"data":"  307 |                          const std::vector\u003cint\u003e\u0026 experts);\n"}
,{"stream_name":"stderr","time":47.64947471,"data":"      |   ^  \n"}
,{"stream_name":"stderr","time":47.649538538,"data":"/tmp/dsv4-native-src/dee.cpp/include/dee/profiling.h:309:3: warning: style of line directive is a GCC extension\n"}
,{"stream_name":"stderr","time":47.6495461,"data":"  309 |     void note_pinned_skip(uint64_t count = 1) { pinned_blocks_skipped_ += count; }\n"}
,{"stream_name":"stderr","time":47.649559706,"data":"      |   ^ ~\n"}
,{"stream_name":"stderr","time":47.649592872,"data":"/tmp/dsv4-native-src/dee.cpp/include/dee/profiling.h:310:3: warning: style of line directive is a GCC extension\n"}
,{"stream_name":"stderr","time":47.649602972,"data":"  310 |     void note_mmap_copy(size_t bytes) { mmap_to_pinned_bytes_ += bytes; }\n"}
,{"stream_name":"stderr","time":47.649607921,"data":"      |   ^ ~\n"}
,{"stream_name":"stderr","time":47.649655156,"data":"/tmp/dsv4-native-src/dee.cpp/include/dee/profiling.h:311:3: warning: style of line directive is a GCC extension\n"}
,{"stream_name":"stderr","time":47.649660291000004,"data":"  311 |     void note_h2d_copy(size_t bytes) { h2d_bytes_ += bytes; ++h2d_copies_; }\n"}
,{"stream_name":"stderr","time":47.649664272,"data":"      |   ^ ~\n"}
,{"stream_name":"stderr","time":47.649723158,"data":"/tmp/dsv4-native-src/dee.cpp/include/dee/profiling.h:312:3: warning: style of line directive is a GCC extension\n"}
,{"stream_name":"stderr","time":47.649732171,"data":"  312 |     void note_d2d_gather_copy(size_t bytes) {\n"}
,{"stream_name":"stderr","time":47.649736791,"data":"      |   ^ ~\n"}
,{"stream_name":"stderr","time":47.649794174,"data":"/tmp/dsv4-native-src/dee.cpp/include/dee/profiling.h:313:3: warning: style of line directive is a GCC extension\n"}
,{"stream_name":"stderr","time":47.649801156,"data":"  313 |         d2d_gather_bytes_ += bytes;\n"}
,{"stream_name":"stderr","time":47.649817068,"data":"      |   ^  \n"}
,{"stream_name":"stderr","time":47.649849692,"data":"/tmp/dsv4-native-src/dee.cpp/include/dee/profiling.h:314:3: warning: style of line directive is a GCC extension\n"}
,{"stream_name":"stderr","time":47.649866482,"data":"  314 |         ++d2d_gather_copies_;\n"}
,{"stream_name":"stderr","time":47.649870991,"data":"      |   ^  \n"}
,{"stream_name":"stderr","time":47.649907884,"data":"/tmp/dsv4-native-src/dee.cpp/include/dee/profiling.h:315:3: warning: style of line directive is a GCC extension\n"}
,{"stream_name":"stderr","time":47.6499142,"data":"  315 |     }\n"}
,{"stream_name":"stderr","time":47.649918502,"data":"      |   ^ ~\n"}
,{"stream_name":"stderr","time":47.649963463,"data":"/tmp/dsv4-native-src/dee.cpp/include/dee/profiling.h:316:3: warning: style of line directive is a GCC extension\n"}
,{"stream_name":"stderr","time":47.649969478,"data":"  316 |     void note_d2d_scatter_copy(size_t bytes) {\n"}
,{"stream_name":"stderr","time":47.649973488,"data":"      |   ^ ~\n"}
,{"stream_name":"stderr","time":47.650031097,"data":"/tmp/dsv4-native-src/dee.cpp/include/dee/profiling.h:317:3: warning: style of line directive is a GCC extension\n"}
,{"stream_name":"stderr","time":47.650038505,"data":"  317 |         d2d_scatter_bytes_ += bytes;\n"}
,{"stream_name":"stderr","time":47.650042208,"data":"      |   ^  \n"}
,{"stream_name":"stderr","time":47.650094656,"data":"/tmp/dsv4-native-src/dee.cpp/include/dee/profiling.h:318:3: warning: style of line directive is a GCC extension\n"}
,{"stream_name":"stderr","time":47.650102334,"data":"  318 |         ++d2d_scatter_copies_;\n"}
,{"stream_name":"stderr","time":47.650106431,"data":"      |   ^  \n"}
,{"stream_name":"stderr","time":47.650136424,"data":"/tmp/dsv4-native-src/dee.cpp/include/dee/profiling.h:319:3: warning: style of line directive is a GCC extension\n"}
,{"stream_name":"stderr","time":47.650141015,"data":"  319 |     }\n"}
,{"stream_name":"stderr","time":47.650144725,"data":"      |   ^ ~\n"}
,{"stream_name":"stderr","time":47.650217038,"data":"/tmp/dsv4-native-src/dee.cpp/include/dee/profiling.h:320:3: warning: style of line directive is a GCC extension\n"}
,{"stream_name":"stderr","time":47.650234772,"data":"  320 |     void note_cublas_call(uint64_t count = 1) { cublas_calls_ += count; }\n"}
,{"stream_name":"stderr","time":47.650239637,"data":"      |   ^ ~\n"}
,{"stream_name":"stderr","time":47.650271095,"data":"/tmp/dsv4-native-src/dee.cpp/include/dee/profiling.h:321:3: warning: style of line directive is a GCC extension\n"}
,{"stream_name":"stderr","time":47.650279109,"data":"  321 |     void note_kernel_launch(uint64_t count = 1) { kernel_launches_ += count; }\n"}
,{"stream_name":"stderr","time":47.650283889,"data":"      |   ^ ~\n"}
,{"stream_name":"stderr","time":47.650336438,"data":"/tmp/dsv4-native-src/dee.cpp/include/dee/profiling.h:322:3: warning: style of line directive is a GCC extension\n"}
,{"stream_name":"stderr","time":47.650343288,"data":"  322 |     void note_stream_wait(uint64_t count = 1) { stream_waits_ += count; }\n"}
,{"stream_name":"stderr","time":47.650348155,"data":"      |   ^ ~\n"}
,{"stream_name":"stderr","time":47.650409744,"data":"/tmp/dsv4-native-src/dee.cpp/include/dee/profiling.h:323:3: warning: style of line directive is a GCC extension\n"}
,{"stream_name":"stderr","time":47.650416294,"data":"  323 |     void note_host_synchronization(uint64_t count = 1) { host_synchronizations_ += count; }\n"}
,{"stream_name":"stderr","time":47.65042095,"data":"      |   ^ ~\n"}
,{"stream_name":"stderr","time":47.650477665,"data":"/tmp/dsv4-native-src/dee.cpp/include/dee/profiling.h:324:3: warning: style of line directive is a GCC extension\n"}
,{"stream_name":"stderr","time":47.650485759,"data":"  324 |     void note_duplicate_request(uint64_t count = 1) { duplicate_requests_ += count; }\n"}
,{"stream_name":"stderr","time":47.650490294,"data":"      |   ^ ~\n"}
,{"stream_name":"stderr","time":47.650537458,"data":"/tmp/dsv4-native-src/dee.cpp/include/dee/profiling.h:325:3: warning: style of line directive is a GCC extension\n"}
,{"stream_name":"stderr","time":47.650543922,"data":"  325 |     void note_host_wait(HostWaitReason reason, TimePoint begin, TimePoint end,\n"}
,{"stream_name":"stderr","time":47.650548091,"data":"      |   ^ ~\n"}
,{"stream_name":"stderr","time":47.650625824,"data":"/tmp/dsv4-native-src/dee.cpp/include/dee/profiling.h:326:3: warning: style of line directive is a GCC extension\n"}
,{"stream_name":"stderr","time":47.650632542,"data":"  326 |                         int token = -1,\n"}
,{"stream_name":"stderr","time":47.650636585,"data":"      |   ^  \n"}
,{"stream_name":"stderr","time":47.650693852,"data":"/tmp/dsv4-native-src/dee.cpp/include/dee/profiling.h:331:3: warning: style of line directive is a GCC extension\n"}
,{"stream_name":"stderr","time":47.650700571,"data":"  331 |                            int logical_layer = -1, int expert = -1,\n"}
,{"stream_name":"stderr","time":47.650704719,"data":"      |   ^  \n"}
,{"stream_name":"stderr","time":47.650795242,"data":"/tmp/dsv4-native-src/dee.cpp/include/dee/profiling.h:335:3: warning: style of line directive is a GCC extension\n"}
,{"stream_name":"stderr","time":47.650811688,"data":"  335 |                                     int token = -1, int logical_layer = -1,\n"}
,{"stream_name":"stderr","time":47.650816668,"data":"      |   ^  \n"}
,{"stream_name":"stderr","time":47.650864507,"data":"/tmp/dsv4-native-src/dee.cpp/include/dee/profiling.h:343:3: warning: style of line directive is a GCC extension\n"}
,{"stream_name":"stderr","time":47.650873411,"data":"  343 |     void set_cuda_context(int token, int logical_layer, int expert, size_t bytes = 0,\n"}
,{"stream_name":"stderr","time":47.650878213,"data":"      |   ^ ~\n"}
,{"stream_name":"stderr","time":47.650936696,"data":"/tmp/dsv4-native-src/dee.cpp/include/dee/profiling.h:344:3: warning: style of line directive is a GCC extension\n"}
,{"stream_name":"stderr","time":47.650943004,"data":"  344 |                           uint64_t transfer_id = 0, size_t queue_depth = 0,\n"}
,{"stream_name":"stderr","time":47.650948018,"data":"      |   ^  \n"}
,{"stream_name":"stderr","time":47.651001418,"data":"/tmp/dsv4-native-src/dee.cpp/include/dee/profiling.h:347:3: warning: style of line directive is a GCC extension\n"}
,{"stream_name":"stderr","time":47.651007902,"data":"  347 |     bool cuda_end(size_t ticket, void* stream);\n"}
,{"stream_name":"stderr","time":47.651012207,"data":"      |   ^ ~\n"}
,{"stream_name":"stderr","time":47.651068911,"data":"/tmp/dsv4-native-src/dee.cpp/include/dee/profiling.h:348:3: warning: style of line directive is a GCC extension\n"}
,{"stream_name":"stderr","time":47.65107545,"data":"  348 |     bool cuda_collect_ready();\n"}
,{"stream_name":"stderr","time":47.651080462,"data":"      |   ^ ~\n"}
,{"stream_name":"stderr","time":47.651127834,"data":"/tmp/dsv4-native-src/dee.cpp/include/dee/profiling.h:349:3: warning: style of line directive is a GCC extension\n"}
,{"stream_name":"stderr","time":47.651134486,"data":"  349 |     size_t pending_cuda_samples() const { return pending_cuda_.size(); }\n"}
,{"stream_name":"stderr","time":47.651139292,"data":"      |   ^ ~\n"}
,{"stream_name":"stderr","time":47.651201294,"data":"/tmp/dsv4-native-src/dee.cpp/include/dee/profiling.h:350:3: warning: style of line directive is a GCC extension\n"}
,{"stream_name":"stderr","time":47.651208497,"data":"  350 | #endif\n"}
,{"stream_name":"stderr","time":47.651212141,"data":"      |   ^~~\n"}
,{"stream_name":"stderr","time":47.65128572,"data":"/tmp/dsv4-native-src/dee.cpp/include/dee/profiling.h:353:3: warning: style of line directive is a GCC extension\n"}
,{"stream_name":"stderr","time":47.651296442,"data":"  353 |                         uint64_t inflight_hits, uint64_t cold_loads,\n"}
,{"stream_name":"stderr","time":47.651301479,"data":"      |   ^  \n"}
,{"stream_name":"stderr","time":47.651351508,"data":"/tmp/dsv4-native-src/dee.cpp/include/dee/profiling.h:359:3: warning: style of line directive is a GCC extension\n"}
,{"stream_name":"stderr","time":47.651360134,"data":"  359 |     bool trace_enabled_ = false;\n"}
,{"stream_name":"stderr","time":47.651364862,"data":"      |   ^ ~\n"}
,{"stream_name":"stderr","time":47.651426324,"data":"/tmp/dsv4-native-src/dee.cpp/include/dee/profiling.h:360:3: warning: style of line directive is a GCC extension\n"}
,{"stream_name":"stderr","time":47.65143416,"data":"  360 |     bool timeline_enabled_ = false;\n"}
,{"stream_name":"stderr","time":47.651439336,"data":"      |   ^ ~\n"}
,{"stream_name":"stderr","time":47.651495196,"data":"/tmp/dsv4-native-src/dee.cpp/include/dee/profiling.h:361:3: warning: style of line directive is a GCC extension\n"}
,{"stream_name":"stderr","time":47.651503546,"data":"  361 |     size_t expert_blob_bytes_ = 0;\n"}
,{"stream_name":"stderr","time":47.651507463,"data":"      |   ^ ~\n"}
,{"stream_name":"stderr","time":47.651567266,"data":"/tmp/dsv4-native-src/dee.cpp/include/dee/profiling.h:362:3: warning: style of line directive is a GCC extension\n"}
,{"stream_name":"stderr","time":47.651575064,"data":"  362 |     int oracle_experts_ = 0;\n"}
,{"stream_name":"stderr","time":47.651579477,"data":"      |   ^ ~\n"}
,{"stream_name":"stderr","time":47.651633462,"data":"/tmp/dsv4-native-src/dee.cpp/include/dee/profiling.h:363:3: warning: style of line directive is a GCC extension\n"}
,{"stream_name":"stderr","time":47.651647244,"data":"  363 |     std::array\u003cdouble, static_cast\u003csize_t\u003e(CpuStage::Count)\u003e cpu_ms_{};\n"}
,{"stream_name":"stderr","time":47.651652479,"data":"      |   ^ ~\n"}
,{"stream_name":"stderr","time":47.651713496,"data":"/tmp/dsv4-native-src/dee.cpp/include/dee/profiling.h:364:3: warning: style of line directive is a GCC extension\n"}
,{"stream_name":"stderr","time":47.651722953,"data":"  364 |     std::array\u003cdouble, static_cast\u003csize_t\u003e(GpuStage::Count)\u003e gpu_ms_{};\n"}
,{"stream_name":"stderr","time":47.651727289,"data":"      |   ^ ~\n"}
,{"stream_name":"stderr","time":47.651805121,"data":"/tmp/dsv4-native-src/dee.cpp/include/dee/profiling.h:365:3: warning: style of line directive is a GCC extension\n"}
,{"stream_name":"stderr","time":47.651818287,"data":"  365 |     std::array\u003cuint64_t, static_cast\u003csize_t\u003e(GpuStage::Count)\u003e gpu_samples_{};\n"}
,{"stream_name":"stderr","time":47.651823122,"data":"      |   ^ ~\n"}
,{"stream_name":"stderr","time":47.651874253,"data":"/tmp/dsv4-native-src/dee.cpp/include/dee/profiling.h:366:3: warning: style of line directive is a GCC extension\n"}
,{"stream_name":"stderr","time":47.651879773,"data":"  366 |     std::array\u003cdouble, static_cast\u003csize_t\u003e(OracleStage::Count)\u003e oracle_ms_{};\n"}
,{"stream_name":"stderr","time":47.651884186,"data":"      |   ^ ~\n"}
,{"stream_name":"stderr","time":47.651943985,"data":"/tmp/dsv4-native-src/dee.cpp/include/dee/profiling.h:367:3: warning: style of line directive is a GCC extension\n"}
,{"stream_name":"stderr","time":47.651949619,"data":"  367 |     uint64_t oracle_calls_ = 0;\n"}
,{"stream_name":"stderr","time":47.651953912,"data":"      |   ^ ~\n"}
,{"stream_name":"stderr","time":47.652008333,"data":"/tmp/dsv4-native-src/dee.cpp/include/dee/profiling.h:368:3: warning: style of line directive is a GCC extension\n"}
,{"stream_name":"stderr","time":47.652014105,"data":"  368 |     uint64_t oracle_allocations_ = 0;\n"}
,{"stream_name":"stderr","time":47.652018087,"data":"      |   ^ ~\n"}
,{"stream_name":"stderr","time":47.652084112,"data":"/tmp/dsv4-native-src/dee.cpp/include/dee/profiling.h:369:3: warning: style of line directive is a GCC extension\n"}
,{"stream_name":"stderr","time":47.652090352,"data":"  369 |     uint64_t oracle_allocation_bytes_ = 0;\n"}
,{"stream_name":"stderr","time":47.652094314,"data":"      |   ^ ~\n"}
,{"stream_name":"stderr","time":47.652169415,"data":"/tmp/dsv4-native-src/dee.cpp/include/dee/profiling.h:370:3: warning: style of line directive is a GCC extension\n"}
,{"stream_name":"stderr","time":47.652178364,"data":"  370 |     std::vector\u003cdouble\u003e token_latencies_ms_;\n"}
,{"stream_name":"stderr","time":47.652182362,"data":"      |   ^ ~\n"}
,{"stream_name":"stderr","time":47.652237744,"data":"/tmp/dsv4-native-src/dee.cpp/include/dee/profiling.h:371:3: warning: style of line directive is a GCC extension\n"}
,{"stream_name":"stderr","time":47.652245755,"data":"  371 |     double layer_wall_ms_ = 0.0;\n"}
,{"stream_name":"stderr","time":47.65224992,"data":"      |   ^ ~\n"}
,{"stream_name":"stderr","time":47.65229809,"data":"/tmp/dsv4-native-src/dee.cpp/include/dee/profiling.h:372:3: warning: style of line directive is a GCC extension\n"}
,{"stream_name":"stderr","time":47.652303965,"data":"  372 |     uint64_t layer_count_ = 0;\n"}
,{"stream_name":"stderr","time":47.65230882,"data":"      |   ^ ~\n"}
,{"stream_name":"stderr","time":47.652374387,"data":"/tmp/dsv4-native-src/dee.cpp/include/dee/profiling.h:373:3: warning: style of line directive is a GCC extension\n"}
,{"stream_name":"stderr","time":47.652382297,"data":"  373 | \n"}
,{"stream_name":"stderr","time":47.652394659,"data":"      |   ^  \n"}
,{"stream_name":"stderr","time":47.652447268,"data":"/tmp/dsv4-native-src/dee.cpp/include/dee/profiling.h:375:3: warning: style of line directive is a GCC extension\n"}
,{"stream_name":"stderr","time":47.652460116,"data":"  375 |     uint64_t pinned_blocks_skipped_ = 0;\n"}
,{"stream_name":"stderr","time":47.652464901,"data":"      |   ^ ~\n"}
,{"stream_name":"stderr","time":47.652528647,"data":"/tmp/dsv4-native-src/dee.cpp/include/dee/profiling.h:376:3: warning: style of line directive is a GCC extension\n"}
,{"stream_name":"stderr","time":47.652536229,"data":"  376 |     uint64_t mmap_to_pinned_bytes_ = 0;\n"}
,{"stream_name":"stderr","time":47.652541527,"data":"      |   ^ ~\n"}
,{"stream_name":"stderr","time":47.652660549,"data":"/tmp/dsv4-native-src/dee.cpp/include/dee/profiling.h:377:3: warning: style of line directive is a GCC extension\n"}
,{"stream_name":"stderr","time":47.652673226,"data":"  377 |     uint64_t h2d_bytes_ = 0;\n"}
,{"stream_name":"stderr","time":47.652678722,"data":"      |   ^ ~\n"}
,{"stream_name":"stderr","time":47.652715382,"data":"/tmp/dsv4-native-src/dee.cpp/include/dee/profiling.h:378:3: warning: style of line directive is a GCC extension\n"}
,{"stream_name":"stderr","time":47.652724938,"data":"  378 |     uint64_t h2d_copies_ = 0;\n"}
,{"stream_name":"stderr","time":47.652729153,"data":"      |   ^ ~\n"}
,{"stream_name":"stderr","time":47.652818851,"data":"/tmp/dsv4-native-src/dee.cpp/include/dee/profiling.h:379:3: warning: style of line directive is a GCC extension\n"}
,{"stream_name":"stderr","time":47.652832424,"data":"  379 |     uint64_t d2d_gather_bytes_ = 0;\n"}
,{"stream_name":"stderr","time":47.652836758,"data":"      |   ^ ~\n"}
,{"stream_name":"stderr","time":47.652899542,"data":"/tmp/dsv4-native-src/dee.cpp/include/dee/profiling.h:380:3: warning: style of line directive is a GCC extension\n"}
,{"stream_name":"stderr","time":47.652909821,"data":"  380 |     uint64_t d2d_gather_copies_ = 0;\n"}
,{"stream_name":"stderr","time":47.652914491,"data":"      |   ^ ~\n"}
,{"stream_name":"stderr","time":47.652976452,"data":"/tmp/dsv4-native-src/dee.cpp/include/dee/profiling.h:381:3: warning: style of line directive is a GCC extension\n"}
,{"stream_name":"stderr","time":47.652983929,"data":"  381 |     uint64_t d2d_scatter_bytes_ = 0;\n"}
,{"stream_name":"stderr","time":47.652988163,"data":"      |   ^ ~\n"}
,{"stream_name":"stderr","time":47.653062887,"data":"/tmp/dsv4-native-src/dee.cpp/include/dee/profiling.h:382:3: warning: style of line directive is a GCC extension\n"}
,{"stream_name":"stderr","time":47.653074531,"data":"  382 |     uint64_t d2d_scatter_copies_ = 0;\n"}
,{"stream_name":"stderr","time":47.653079333,"data":"      |   ^ ~\n"}
,{"stream_name":"stderr","time":47.65313214,"data":"/tmp/dsv4-native-src/dee.cpp/include/dee/profiling.h:383:3: warning: style of line directive is a GCC extension\n"}
,{"stream_name":"stderr","time":47.653139289,"data":"  383 |     uint64_t cublas_calls_ = 0;\n"}
,{"stream_name":"stderr","time":47.653143777,"data":"      |   ^ ~\n"}
,{"stream_name":"stderr","time":47.653212732,"data":"/tmp/dsv4-native-src/dee.cpp/include/dee/profiling.h:384:3: warning: style of line directive is a GCC extension\n"}
,{"stream_name":"stderr","time":47.653220501,"data":"  384 |     uint64_t kernel_launches_ = 0;\n"}
,{"stream_name":"stderr","time":47.653225195,"data":"      |   ^ ~\n"}
,{"stream_name":"stderr","time":47.653285193,"data":"/tmp/dsv4-native-src/dee.cpp/include/dee/profiling.h:385:3: warning: style of line directive is a GCC extension\n"}
,{"stream_name":"stderr","time":47.653304622,"data":"  385 |     uint64_t stream_waits_ = 0;\n"}
,{"stream_name":"stderr","time":47.653323449,"data":"      |   ^ ~\n"}
,{"stream_name":"stderr","time":47.653354717,"data":"/tmp/dsv4-native-src/dee.cpp/include/dee/profiling.h:386:3: warning: style of line directive is a GCC extension\n"}
,{"stream_name":"stderr","time":47.653363952,"data":"  386 |     uint64_t host_synchronizations_ = 0;\n"}
,{"stream_name":"stderr","time":47.653368692,"data":"      |   ^ ~\n"}
,{"stream_name":"stderr","time":47.653433925,"data":"/tmp/dsv4-native-src/dee.cpp/include/dee/profiling.h:387:3: warning: style of line directive is a GCC extension\n"}
,{"stream_name":"stderr","time":47.653442269,"data":"  387 |     uint64_t duplicate_requests_ = 0;\n"}
,{"stream_name":"stderr","time":47.653447184,"data":"      |   ^ ~\n"}
,{"stream_name":"stderr","time":47.653500569,"data":"/tmp/dsv4-native-src/dee.cpp/include/dee/profiling.h:388:3: warning: style of line directive is a GCC extension\n"}
,{"stream_name":"stderr","time":47.65350806,"data":"  388 |     uint64_t repeated_hits_ = 0;\n"}
,{"stream_name":"stderr","time":47.653512888,"data":"      |   ^ ~\n"}
,{"stream_name":"stderr","time":47.653583833,"data":"/tmp/dsv4-native-src/dee.cpp/include/dee/profiling.h:389:3: warning: style of line directive is a GCC extension\n"}
,{"stream_name":"stderr","time":47.653592105,"data":"  389 |     std::array\u003cdouble, static_cast\u003csize_t\u003e(HostWaitReason::Count)\u003e host_wait_ms_{};\n"}
,{"stream_name":"stderr","time":47.653597786,"data":"      |   ^ ~\n"}
,{"stream_name":"stderr","time":47.653673618,"data":"/tmp/dsv4-native-src/dee.cpp/include/dee/profiling.h:390:3: warning: style of line directive is a GCC extension\n"}
,{"stream_name":"stderr","time":47.653682261,"data":"  390 |     std::array\u003cuint64_t, static_cast\u003csize_t\u003e(HostWaitReason::Count)\u003e host_wait_count_{};\n"}
,{"stream_name":"stderr","time":47.653688002,"data":"      |   ^ ~\n"}
,{"stream_name":"stderr","time":47.653772661,"data":"/tmp/dsv4-native-src/dee.cpp/include/dee/profiling.h:391:3: warning: style of line directive is a GCC extension\n"}
,{"stream_name":"stderr","time":47.653785782,"data":"  391 |     TimePoint cpu_timeline_origin_{};\n"}
,{"stream_name":"stderr","time":47.65379078,"data":"      |   ^ ~\n"}
,{"stream_name":"stderr","time":47.65385109,"data":"/tmp/dsv4-native-src/dee.cpp/include/dee/profiling.h:392:3: warning: style of line directive is a GCC extension\n"}
,{"stream_name":"stderr","time":47.653857466,"data":"  392 |     std::vector\u003cTimelineRecord\u003e timeline_;\n"}
,{"stream_name":"stderr","time":47.653861594,"data":"      |   ^ ~\n"}
,{"stream_name":"stderr","time":47.653922732,"data":"/tmp/dsv4-native-src/dee.cpp/include/dee/profiling.h:393:3: warning: style of line directive is a GCC extension\n"}
,{"stream_name":"stderr","time":47.653929852,"data":"  393 | \n"}
,{"stream_name":"stderr","time":47.653934413,"data":"      |   ^  \n"}
,{"stream_name":"stderr","time":47.654019384,"data":"/tmp/dsv4-native-src/dee.cpp/include/dee/profiling.h:395:3: warning: style of line directive is a GCC extension\n"}
,{"stream_name":"stderr","time":47.654027415,"data":"  395 |     std::unordered_map\u003cuint64_t, uint64_t\u003e last_request_index_;\n"}
,{"stream_name":"stderr","time":47.654032769,"data":"      |   ^ ~\n"}
,{"stream_name":"stderr","time":47.654103917,"data":"/tmp/dsv4-native-src/dee.cpp/include/dee/profiling.h:396:3: warning: style of line directive is a GCC extension\n"}
,{"stream_name":"stderr","time":47.654111121,"data":"  396 |     std::unordered_set\u003cuint64_t\u003e unique_requested_;\n"}
,{"stream_name":"stderr","time":47.654126821,"data":"      |   ^ ~\n"}
,{"stream_name":"stderr","time":47.654187111,"data":"/tmp/dsv4-native-src/dee.cpp/include/dee/profiling.h:397:3: warning: style of line directive is a GCC extension\n"}
,{"stream_name":"stderr","time":47.654194518,"data":"  397 |     std::unordered_set\u003cuint64_t\u003e unique_loaded_;\n"}
,{"stream_name":"stderr","time":47.654199392,"data":"      |   ^ ~\n"}
,{"stream_name":"stderr","time":47.654290046,"data":"/tmp/dsv4-native-src/dee.cpp/include/dee/profiling.h:398:3: warning: style of line directive is a GCC extension\n"}
,{"stream_name":"stderr","time":47.654305147,"data":"  398 |     std::unordered_map\u003cint, std::unordered_set\u003cuint64_t\u003e\u003e token_working_sets_;\n"}
,{"stream_name":"stderr","time":47.654310622,"data":"      |   ^ ~\n"}
,{"stream_name":"stderr","time":47.654351349,"data":"/tmp/dsv4-native-src/dee.cpp/include/dee/profiling.h:399:3: warning: style of line directive is a GCC extension\n"}
,{"stream_name":"stderr","time":47.654361073,"data":"  399 |     std::vector\u003cRequestTraceRecord\u003e trace_;\n"}
,{"stream_name":"stderr","time":47.654366443,"data":"      |   ^ ~\n"}
,{"stream_name":"stderr","time":47.654431339,"data":"/tmp/dsv4-native-src/dee.cpp/include/dee/profiling.h:400:3: warning: style of line directive is a GCC extension\n"}
,{"stream_name":"stderr","time":47.654438001,"data":"  400 |     std::vector\u003cstd::vector\u003cuint64_t\u003e\u003e predictions_;\n"}
,{"stream_name":"stderr","time":47.654443408,"data":"      |   ^ ~\n"}
,{"stream_name":"stderr","time":47.654535517,"data":"/tmp/dsv4-native-src/dee.cpp/include/dee/profiling.h:401:3: warning: style of line directive is a GCC extension\n"}
,{"stream_name":"stderr","time":47.654544014,"data":"  401 |     uint64_t timing_events_dropped_ = 0;\n"}
,{"stream_name":"stderr","time":47.654548904,"data":"      |   ^ ~\n"}
,{"stream_name":"stderr","time":47.654601755,"data":"/tmp/dsv4-native-src/dee.cpp/include/dee/profiling.h:402:3: warning: style of line directive is a GCC extension\n"}
,{"stream_name":"stderr","time":47.654610595,"data":"  402 | \n"}
,{"stream_name":"stderr","time":47.654615557,"data":"      |   ^  \n"}
,{"stream_name":"stderr","time":47.654683133,"data":"/tmp/dsv4-native-src/dee.cpp/include/dee/profiling.h:405:3: warning: style of line directive is a GCC extension\n"}
,{"stream_name":"stderr","time":47.654689987,"data":"  405 |         GpuStage stage = GpuStage::H2D;\n"}
,{"stream_name":"stderr","time":47.654694579,"data":"      |   ^  \n"}
,{"stream_name":"stderr","time":47.654770812,"data":"/tmp/dsv4-native-src/dee.cpp/include/dee/profiling.h:406:3: warning: style of line directive is a GCC extension\n"}
,{"stream_name":"stderr","time":47.654782619,"data":"  406 |         void* begin = nullptr;\n"}
,{"stream_name":"stderr","time":47.654786871,"data":"      |   ^  \n"}
,{"stream_name":"stderr","time":47.654857527,"data":"/tmp/dsv4-native-src/dee.cpp/include/dee/profiling.h:407:3: warning: style of line directive is a GCC extension\n"}
,{"stream_name":"stderr","time":47.654864133,"data":"  407 |         void* end = nullptr;\n"}
,{"stream_name":"stderr","time":47.654868696,"data":"      |   ^  \n"}
,{"stream_name":"stderr","time":47.654944093,"data":"/tmp/dsv4-native-src/dee.cpp/include/dee/profiling.h:408:3: warning: style of line directive is a GCC extension\n"}
,{"stream_name":"stderr","time":47.654952287,"data":"  408 |         bool ended = false;\n"}
,{"stream_name":"stderr","time":47.654957164,"data":"      |   ^  \n"}
,{"stream_name":"stderr","time":47.6550217,"data":"/tmp/dsv4-native-src/dee.cpp/include/dee/profiling.h:409:3: warning: style of line directive is a GCC extension\n"}
,{"stream_name":"stderr","time":47.655037288,"data":"  409 |         int lane = 0;\n"}
,{"stream_name":"stderr","time":47.655041763,"data":"      |   ^  \n"}
,{"stream_name":"stderr","time":47.655105896,"data":"/tmp/dsv4-native-src/dee.cpp/include/dee/profiling.h:410:3: warning: style of line directive is a GCC extension\n"}
,{"stream_name":"stderr","time":47.655114288,"data":"  410 |         int token = -1;\n"}
,{"stream_name":"stderr","time":47.655119556,"data":"      |   ^  \n"}
,{"stream_name":"stderr","time":47.655186786,"data":"/tmp/dsv4-native-src/dee.cpp/include/dee/profiling.h:411:3: warning: style of line directive is a GCC extension\n"}
,{"stream_name":"stderr","time":47.655193495,"data":"  411 |         int logical_layer = -1;\n"}
,{"stream_name":"stderr","time":47.655198087,"data":"      |   ^  \n"}
,{"stream_name":"stderr","time":47.655271095,"data":"/tmp/dsv4-native-src/dee.cpp/include/dee/profiling.h:412:3: warning: style of line directive is a GCC extension\n"}
,{"stream_name":"stderr","time":47.655277484,"data":"  412 |         int expert = -1;\n"}
,{"stream_name":"stderr","time":47.655281568,"data":"      |   ^  \n"}
,{"stream_name":"stderr","time":47.655351957,"data":"/tmp/dsv4-native-src/dee.cpp/include/dee/profiling.h:413:3: warning: style of line directive is a GCC extension\n"}
,{"stream_name":"stderr","time":47.655359835,"data":"  413 |         size_t bytes = 0;\n"}
,{"stream_name":"stderr","time":47.655364286,"data":"      |   ^  \n"}
,{"stream_name":"stderr","time":47.655421309,"data":"/tmp/dsv4-native-src/dee.cpp/include/dee/profiling.h:414:3: warning: style of line directive is a GCC extension\n"}
,{"stream_name":"stderr","time":47.655428148,"data":"  414 |         uint64_t transfer_id = 0;\n"}
,{"stream_name":"stderr","time":47.65543264,"data":"      |   ^  \n"}
,{"stream_name":"stderr","time":47.655511326,"data":"/tmp/dsv4-native-src/dee.cpp/include/dee/profiling.h:415:3: warning: style of line directive is a GCC extension\n"}
,{"stream_name":"stderr","time":47.655518904,"data":"  415 |         size_t queue_depth = 0;\n"}
,{"stream_name":"stderr","time":47.655523385,"data":"      |   ^  \n"}
,{"stream_name":"stderr","time":47.655567671,"data":"/tmp/dsv4-native-src/dee.cpp/include/dee/profiling.h:416:3: warning: style of line directive is a GCC extension\n"}
,{"stream_name":"stderr","time":47.655573959,"data":"  416 |         size_t staging_slot = 0;\n"}
,{"stream_name":"stderr","time":47.655578144,"data":"      |   ^  \n"}
,{"stream_name":"stderr","time":47.655655652,"data":"/tmp/dsv4-native-src/dee.cpp/include/dee/profiling.h:417:3: warning: style of line directive is a GCC extension\n"}
,{"stream_name":"stderr","time":47.655663651,"data":"  417 |     };\n"}
,{"stream_name":"stderr","time":47.655667879,"data":"      |   ^ ~\n"}
,{"stream_name":"stderr","time":47.655717264,"data":"/tmp/dsv4-native-src/dee.cpp/include/dee/profiling.h:418:3: warning: style of line directive is a GCC extension\n"}
,{"stream_name":"stderr","time":47.655723371,"data":"  418 |     struct CudaContext {\n"}
,{"stream_name":"stderr","time":47.655727802,"data":"      |   ^ ~\n"}
,{"stream_name":"stderr","time":47.655812472,"data":"/tmp/dsv4-native-src/dee.cpp/include/dee/profiling.h:419:3: warning: style of line directive is a GCC extension\n"}
,{"stream_name":"stderr","time":47.655823116,"data":"  419 |         int token = -1;\n"}
,{"stream_name":"stderr","time":47.655827255,"data":"      |   ^  \n"}
,{"stream_name":"stderr","time":47.655887077,"data":"/tmp/dsv4-native-src/dee.cpp/include/dee/profiling.h:420:3: warning: style of line directive is a GCC extension\n"}
,{"stream_name":"stderr","time":47.65590019,"data":"  420 |         int logical_layer = -1;\n"}
,{"stream_name":"stderr","time":47.655904446,"data":"      |   ^  \n"}
,{"stream_name":"stderr","time":47.655956271,"data":"/tmp/dsv4-native-src/dee.cpp/include/dee/profiling.h:421:3: warning: style of line directive is a GCC extension\n"}
,{"stream_name":"stderr","time":47.655962378,"data":"  421 |         int expert = -1;\n"}
,{"stream_name":"stderr","time":47.655966522,"data":"      |   ^  \n"}
,{"stream_name":"stderr","time":47.656042409,"data":"/tmp/dsv4-native-src/dee.cpp/include/dee/profiling.h:422:3: warning: style of line directive is a GCC extension\n"}
,{"stream_name":"stderr","time":47.656049626,"data":"  422 |         size_t bytes = 0;\n"}
,{"stream_name":"stderr","time":47.656054071,"data":"      |   ^  \n"}
,{"stream_name":"stderr","time":47.65610784,"data":"/tmp/dsv4-native-src/dee.cpp/include/dee/profiling.h:423:3: warning: style of line directive is a GCC extension\n"}
,{"stream_name":"stderr","time":47.656114133,"data":"  423 |         uint64_t transfer_id = 0;\n"}
,{"stream_name":"stderr","time":47.656118649,"data":"      |   ^  \n"}
,{"stream_name":"stderr","time":47.656187179,"data":"/tmp/dsv4-native-src/dee.cpp/include/dee/profiling.h:424:3: warning: style of line directive is a GCC extension\n"}
,{"stream_name":"stderr","time":47.65619469,"data":"  424 |         size_t queue_depth = 0;\n"}
,{"stream_name":"stderr","time":47.656199292,"data":"      |   ^  \n"}
,{"stream_name":"stderr","time":47.656254578,"data":"/tmp/dsv4-native-src/dee.cpp/include/dee/profiling.h:425:3: warning: style of line directive is a GCC extension\n"}
,{"stream_name":"stderr","time":47.656261036,"data":"  425 |         size_t staging_slot = 0;\n"}
,{"stream_name":"stderr","time":47.656265564,"data":"      |   ^  \n"}
,{"stream_name":"stderr","time":47.656344562,"data":"/tmp/dsv4-native-src/dee.cpp/include/dee/profiling.h:426:3: warning: style of line directive is a GCC extension\n"}
,{"stream_name":"stderr","time":47.656351725,"data":"  426 |     };\n"}
,{"stream_name":"stderr","time":47.656355602,"data":"      |   ^ ~\n"}
,{"stream_name":"stderr","time":47.65640562,"data":"/tmp/dsv4-native-src/dee.cpp/include/dee/profiling.h:427:3: warning: style of line directive is a GCC extension\n"}
,{"stream_name":"stderr","time":47.656411699,"data":"  427 |     // A 32-expert CUDA batch can have more than 64 concurrent profiled\n"}
,{"stream_name":"stderr","time":47.656416119,"data":"      |   ^ ~\n"}
,{"stream_name":"stderr","time":47.656480009,"data":"/tmp/dsv4-native-src/dee.cpp/include/dee/profiling.h:435:3: warning: style of line directive is a GCC extension\n"}
,{"stream_name":"stderr","time":47.656487204,"data":"  435 |     std::vector\u003cvoid*\u003e all_cuda_events_;\n"}
,{"stream_name":"stderr","time":47.656491234,"data":"      |   ^ ~\n"}
,{"stream_name":"stderr","time":47.656557864,"data":"/tmp/dsv4-native-src/dee.cpp/include/dee/profiling.h:436:3: warning: style of line directive is a GCC extension\n"}
,{"stream_name":"stderr","time":47.656564235,"data":"  436 |     std::vector\u003cvoid*\u003e free_cuda_events_;\n"}
,{"stream_name":"stderr","time":47.656569014,"data":"      |   ^ ~\n"}
,{"stream_name":"stderr","time":47.656648995,"data":"/tmp/dsv4-native-src/dee.cpp/include/dee/profiling.h:437:3: warning: style of line directive is a GCC extension\n"}
,{"stream_name":"stderr","time":47.656659598,"data":"  437 |     std::vector\u003cPendingCudaSample\u003e pending_cuda_;\n"}
,{"stream_name":"stderr","time":47.65666398,"data":"      |   ^ ~\n"}
,{"stream_name":"stderr","time":47.656729516,"data":"/tmp/dsv4-native-src/dee.cpp/include/dee/profiling.h:438:3: warning: style of line directive is a GCC extension\n"}
,{"stream_name":"stderr","time":47.656775001,"data":"  438 |     void* timeline_origin_event_ = nullptr;\n"}
,{"stream_name":"stderr","time":47.656785067,"data":"      |   ^ ~\n"}
,{"stream_name":"stderr","time":47.656898694,"data":"/tmp/dsv4-native-src/dee.cpp/include/dee/profiling.h:439:3: warning: style of line directive is a GCC extension\n"}
,{"stream_name":"stderr","time":47.656908501,"data":"  439 |     void* timeline_compute_stream_ = nullptr;\n"}
,{"stream_name":"stderr","time":47.656913292,"data":"      |   ^ ~\n"}
,{"stream_name":"stderr","time":47.656933577,"data":"/tmp/dsv4-native-src/dee.cpp/include/dee/profiling.h:440:3: warning: style of line directive is a GCC extension\n"}
,{"stream_name":"stderr","time":47.656951711,"data":"  440 |     void* timeline_transfer_stream_ = nullptr;\n"}
,{"stream_name":"stderr","time":47.656955864,"data":"      |   ^ ~\n"}
,{"stream_name":"stderr","time":47.657031992,"data":"/tmp/dsv4-native-src/dee.cpp/include/dee/profiling.h:441:3: warning: style of line directive is a GCC extension\n"}
,{"stream_name":"stderr","time":47.657043421,"data":"  441 |     CudaContext cuda_context_{};\n"}
,{"stream_name":"stderr","time":47.657047524,"data":"      |   ^ ~\n"}
,{"stream_name":"stderr","time":47.65711727,"data":"/tmp/dsv4-native-src/dee.cpp/include/dee/profiling.h:442:3: warning: style of line directive is a GCC extension\n"}
,{"stream_name":"stderr","time":47.657126076,"data":"  442 |     void* acquire_cuda_event();\n"}
,{"stream_name":"stderr","time":47.657130166,"data":"      |   ^ ~\n"}
,{"stream_name":"stderr","time":47.657191243,"data":"/tmp/dsv4-native-src/dee.cpp/include/dee/profiling.h:443:3: warning: style of line directive is a GCC extension\n"}
,{"stream_name":"stderr","time":47.657197692,"data":"  443 |     void release_cuda_event(void* event);\n"}
,{"stream_name":"stderr","time":47.657202729,"data":"      |   ^ ~\n"}
,{"stream_name":"stderr","time":47.657279578,"data":"/tmp/dsv4-native-src/dee.cpp/include/dee/profiling.h:444:3: warning: style of line directive is a GCC extension\n"}
,{"stream_name":"stderr","time":47.657286754,"data":"  444 | #endif\n"}
,{"stream_name":"stderr","time":47.657290886,"data":"      |   ^~~\n"}
,{"stream_name":"stderr","time":47.657360151,"data":"/tmp/dsv4-native-src/dee.cpp/include/dee/profiling.h:446:3: warning: style of line directive is a GCC extension\n"}
,{"stream_name":"stderr","time":47.657367415,"data":"  446 | \n"}
,{"stream_name":"stderr","time":47.657372326,"data":"      |   ^  \n"}
,{"stream_name":"stderr","time":47.657448369,"data":"/tmp/dsv4-native-src/dee.cpp/include/dee/profiling.h:448:3: warning: style of line directive is a GCC extension\n"}
,{"stream_name":"stderr","time":47.657455741,"data":"  448 | const char* gpu_stage_name(GpuStage stage);\n"}
,{"stream_name":"stderr","time":47.657459902,"data":"      |   ^~~\n"}
,{"stream_name":"stderr","time":47.657539175,"data":"/tmp/dsv4-native-src/dee.cpp/include/dee/profiling.h:449:3: warning: style of line directive is a GCC extension\n"}
,{"stream_name":"stderr","time":47.65754707,"data":"  449 | const char* request_kind_name(RequestKind kind);\n"}
,{"stream_name":"stderr","time":47.657551891,"data":"      |   ^~~\n"}
,{"stream_name":"stderr","time":47.657626461,"data":"/tmp/dsv4-native-src/dee.cpp/include/dee/profiling.h:450:3: warning: style of line directive is a GCC extension\n"}
,{"stream_name":"stderr","time":47.657633482,"data":"  450 | const char* oracle_stage_name(OracleStage stage);\n"}
,{"stream_name":"stderr","time":47.657638359,"data":"      |   ^~~\n"}
,{"stream_name":"stderr","time":47.657713994,"data":"/tmp/dsv4-native-src/dee.cpp/include/dee/profiling.h:451:3: warning: style of line directive is a GCC extension\n"}
,{"stream_name":"stderr","time":47.657721804,"data":"  451 | const char* host_wait_reason_name(HostWaitReason reason);\n"}
,{"stream_name":"stderr","time":47.657726875,"data":"      |   ^~~\n"}
,{"stream_name":"stderr","time":47.657848432,"data":"/tmp/dsv4-native-src/dee.cpp/include/dee/profiling.h:452:3: warning: style of line directive is a GCC extension\n"}
,{"stream_name":"stderr","time":47.657861525,"data":"  452 | const char* cpu_timeline_kind_name(CpuTimelineKind kind);\n"}
,{"stream_name":"stderr","time":47.657872094,"data":"      |   ^~~\n"}
,{"stream_name":"stderr","time":47.657924035,"data":"/tmp/dsv4-native-src/dee.cpp/include/dee/profiling.h:453:3: warning: style of line directive is a GCC extension\n"}
,{"stream_name":"stderr","time":47.657932398,"data":"  453 | const char* idle_gap_category_name(IdleGapCategory category);\n"}
,{"stream_name":"stderr","time":47.657936674,"data":"      |   ^~~\n"}
,{"stream_name":"stderr","time":47.658008824,"data":"/tmp/dsv4-native-src/dee.cpp/include/dee/profiling.h:454:3: warning: style of line directive is a GCC extension\n"}
,{"stream_name":"stderr","time":47.658015507,"data":"  454 | const char* readiness_wait_category_name(ReadinessWaitCategory category);\n"}
,{"stream_name":"stderr","time":47.658020331,"data":"      |   ^~~\n"}
,{"stream_name":"stderr","time":47.658075798,"data":"/tmp/dsv4-native-src/dee.cpp/include/dee/profiling.h:455:3: warning: style of line directive is a GCC extension\n"}
,{"stream_name":"stderr","time":47.658082185,"data":"  455 | std::string stage_profile_json(const StageProfile\u0026 profile, bool include_trace);\n"}
,{"stream_name":"stderr","time":47.658086859,"data":"      |   ^~~\n"}
,{"stream_name":"stderr","time":47.658164418,"data":"/tmp/dsv4-native-src/dee.cpp/include/dee/profiling.h:456:3: warning: style of line directive is a GCC extension\n"}
,{"stream_name":"stderr","time":47.658171902,"data":"  456 | std::string cuda_timeline_json(const StageProfile\u0026 profile);\n"}
,{"stream_name":"stderr","time":47.65817656,"data":"      |   ^~~\n"}
,{"stream_name":"stderr","time":47.658233906,"data":"/tmp/dsv4-native-src/dee.cpp/include/dee/profiling.h:457:3: warning: style of line directive is a GCC extension\n"}
,{"stream_name":"stderr","time":47.658240467,"data":"  457 | \n"}
,{"stream_name":"stderr","time":47.658244674,"data":"      |   ^  \n"}
,{"stream_name":"stderr","time":47.658248426,"data":"/tmp/dsv4-native-src/dee.cpp/include/dee/profiling.h:459:3: warning: style of line directive is a GCC extension\n"}
,{"stream_name":"stderr","time":47.670264133,"data":"/tmp/dsv4-native-src/dee.cpp/include/dee/swiglu_cuda.h:17:3: warning: style of line directive is a GCC extension\n"}
,{"stream_name":"stderr","time":47.670297298,"data":"   17 | \n"}
,{"stream_name":"stderr","time":47.670302219999996,"data":"      |   ^ \n"}
,{"stream_name":"stderr","time":47.670306116,"data":"/tmp/dsv4-native-src/dee.cpp/include/dee/swiglu_cuda.h:27:3: warning: style of line directive is a GCC extension\n"}
,{"stream_name":"stderr","time":47.670310124,"data":"   27 |                         float* d_gate, float* d_up, float* d_y,\n"}
,{"stream_name":"stderr","time":47.670314102,"data":"      |   ^ \n"}
,{"stream_name":"stderr","time":47.670318049,"data":"/tmp/dsv4-native-src/dee.cpp/include/dee/swiglu_cuda.h:35:3: warning: style of line directive is a GCC extension\n"}
,{"stream_name":"stderr","time":47.67032276,"data":"   35 |                              const void* d_x, float* d_gate, float* d_up,\n"}
,{"stream_name":"stderr","time":47.670338679,"data":"      |   ^ \n"}
,{"stream_name":"stderr","time":47.67034281,"data":"/tmp/dsv4-native-src/dee.cpp/include/dee/swiglu_cuda.h:45:3: warning: style of line directive is a GCC extension\n"}
,{"stream_name":"stderr","time":47.670347059,"data":"   45 |     cublasHandle_t handle, const void* d_W, const void* d_x,\n"}
,{"stream_name":"stderr","time":47.670350688,"data":"      |   ^ \n"}
,{"stream_name":"stderr","time":47.6703543,"data":"/tmp/dsv4-native-src/dee.cpp/include/dee/swiglu_cuda.h:56:3: warning: style of line directive is a GCC extension\n"}
,{"stream_name":"stderr","time":47.670358398,"data":"   56 |     cublasHandle_t handle,\n"}
,{"stream_name":"stderr","time":47.670362106,"data":"      |   ^ \n"}
,{"stream_name":"stderr","time":47.670365806,"data":"/tmp/dsv4-native-src/dee.cpp/include/dee/swiglu_cuda.h:68:3: warning: style of line directive is a GCC extension\n"}
,{"stream_name":"stderr","time":47.670370454,"data":"   68 |                              const void* d_hidden, void* d_logits,\n"}
,{"stream_name":"stderr","time":47.670374429,"data":"      |   ^ \n"}
,{"stream_name":"stderr","time":47.670378124,"data":"/tmp/dsv4-native-src/dee.cpp/include/dee/swiglu_cuda.h:75:3: warning: style of line directive is a GCC extension\n"}
,{"stream_name":"stderr","time":47.670382085,"data":"   75 |                   cudaStream_t stream, StageProfiler* profiler = nullptr);\n"}
,{"stream_name":"stderr","time":47.670386236,"data":"      |   ^ \n"}
,{"stream_name":"stderr","time":47.670389932,"data":"/tmp/dsv4-native-src/dee.cpp/include/dee/swiglu_cuda.h:83:3: warning: style of line directive is a GCC extension\n"}
,{"stream_name":"stderr","time":47.670393894,"data":"   83 |     const float* d_raw_f32, const float* d_weights_f32,\n"}
,{"stream_name":"stderr","time":47.670397846,"data":"      |   ^ \n"}
,{"stream_name":"stderr","time":47.670401994,"data":"/tmp/dsv4-native-src/dee.cpp/include/dee/swiglu_cuda.h:89:3: warning: style of line directive is a GCC extension\n"}
,{"stream_name":"stderr","time":47.670406282,"data":"   89 | #endif\n"}
,{"stream_name":"stderr","time":47.670410004,"data":"      |   ^\n"}
,{"stream_name":"stderr","time":47.670417762,"data":"/tmp/dsv4-native-src/dee.cpp/include/dee/cuda_check.h:10:3: warning: style of line directive is a GCC extension\n"}
,{"stream_name":"stderr","time":47.670422226,"data":"   10 | \n"}
,{"stream_name":"stderr","time":47.670425827,"data":"      |   ^ \n"}
,{"stream_name":"stderr","time":47.670429392,"data":"/tmp/dsv4-native-src/dee.cpp/include/dee/cuda_check.h:12:3: warning: style of line directive is a GCC extension\n"}
,{"stream_name":"stderr","time":47.670433696,"data":"   12 |     if (status == cudaSuccess) return true;\n"}
,{"stream_name":"stderr","time":47.670437546,"data":"      |   ^ \n"}
,{"stream_name":"stderr","time":47.670441752,"data":"/tmp/dsv4-native-src/dee.cpp/include/dee/cuda_check.h:13:3: warning: style of line directive is a GCC extension\n"}
,{"stream_name":"stderr","time":47.670446111,"data":"   13 |     std::fprintf(stderr, \"[cuda] %s failed at %s:%d: %s (%s)\\n\", operation, file, line,\n"}
,{"stream_name":"stderr","time":47.670450339,"data":"      |   ^ \n"}
,{"stream_name":"stderr","time":47.670454247,"data":"/tmp/dsv4-native-src/dee.cpp/include/dee/cuda_check.h:14:3: warning: style of line directive is a GCC extension\n"}
,{"stream_name":"stderr","time":47.67045844,"data":"   14 |                  cudaGetErrorName(status), cudaGetErrorString(status));\n"}
,{"stream_name":"stderr","time":47.670462344,"data":"      |   ^ \n"}
,{"stream_name":"stderr","time":47.670465905,"data":"/tmp/dsv4-native-src/dee.cpp/include/dee/cuda_check.h:16:3: warning: style of line directive is a GCC extension\n"}
,{"stream_name":"stderr","time":47.670474295,"data":"   16 | }\n"}
,{"stream_name":"stderr","time":47.6704782,"data":"      |   ^ \n"}
,{"stream_name":"stderr","time":47.670484696,"data":"/tmp/dsv4-native-src/dee.cpp/include/dee/cuda_check.h:17:3: warning: style of line directive is a GCC extension\n"}
,{"stream_name":"stderr","time":47.670489316,"data":"   17 | \n"}
,{"stream_name":"stderr","time":47.670492684,"data":"      |   ^ \n"}
,{"stream_name":"stderr","time":47.670496164,"data":"/tmp/dsv4-native-src/dee.cpp/include/dee/cuda_check.h:19:3: warning: style of line directive is a GCC extension\n"}
,{"stream_name":"stderr","time":47.670500957,"data":"   19 |     return cuda_check(cudaGetLastError(), operation, file, line);\n"}
,{"stream_name":"stderr","time":47.670504882,"data":"      |   ^ \n"}
,{"stream_name":"stderr","time":47.670508415,"data":"/tmp/dsv4-native-src/dee.cpp/include/dee/cuda_check.h:20:3: warning: style of line directive is a GCC extension\n"}
,{"stream_name":"stderr","time":47.670512928,"data":"   20 | }\n"}
,{"stream_name":"stderr","time":47.670516346,"data":"      |   ^ \n"}
,{"stream_name":"stderr","time":47.670520119,"data":"/tmp/dsv4-native-src/dee.cpp/include/dee/cuda_check.h:21:3: warning: style of line directive is a GCC extension\n"}
,{"stream_name":"stderr","time":47.670523975,"data":"   21 | \n"}
,{"stream_name":"stderr","time":47.670527566,"data":"      |   ^ \n"}
,{"stream_name":"stderr","time":47.670531418,"data":"/tmp/dsv4-native-src/dee.cpp/include/dee/cuda_check.h:23:3: warning: style of line directive is a GCC extension\n"}
,{"stream_name":"stderr","time":47.670535296,"data":"   23 |     switch (status) {\n"}
,{"stream_name":"stderr","time":47.67053941,"data":"      |   ^ \n"}
,{"stream_name":"stderr","time":47.670548416,"data":"/tmp/dsv4-native-src/dee.cpp/include/dee/cuda_check.h:24:3: warning: style of line directive is a GCC extension\n"}
,{"stream_name":"stderr","time":47.670552847,"data":"   24 |         case CUBLAS_STATUS_SUCCESS: return \"CUBLAS_STATUS_SUCCESS\";\n"}
,{"stream_name":"stderr","time":47.67055703,"data":"      |   ^ \n"}
,{"stream_name":"stderr","time":47.670560636,"data":"/tmp/dsv4-native-src/dee.cpp/include/dee/cuda_check.h:25:3: warning: style of line directive is a GCC extension\n"}
,{"stream_name":"stderr","time":47.670564572,"data":"   25 |         case CUBLAS_STATUS_NOT_INITIALIZED: return \"CUBLAS_STATUS_NOT_INITIALIZED\";\n"}
,{"stream_name":"stderr","time":47.670569474,"data":"      |   ^ \n"}
,{"stream_name":"stderr","time":47.670613619,"data":"/tmp/dsv4-native-src/dee.cpp/include/dee/cuda_check.h:26:3: warning: style of line directive is a GCC extension\n"}
,{"stream_name":"stderr","time":47.67063055,"data":"   26 |         case CUBLAS_STATUS_ALLOC_FAILED: return \"CUBLAS_STATUS_ALLOC_FAILED\";\n"}
,{"stream_name":"stderr","time":47.670635232,"data":"      |   ^ \n"}
,{"stream_name":"stderr","time":47.670639266,"data":"/tmp/dsv4-native-src/dee.cpp/include/dee/cuda_check.h:27:3: warning: style of line directive is a GCC extension\n"}
,{"stream_name":"stderr","time":47.6706438,"data":"   27 |         case CUBLAS_STATUS_INVALID_VALUE: return \"CUBLAS_STATUS_INVALID_VALUE\";\n"}
,{"stream_name":"stderr","time":47.670670934,"data":"      |   ^ \n"}
,{"stream_name":"stderr","time":47.670680518,"data":"/tmp/dsv4-native-src/dee.cpp/include/dee/cuda_check.h:28:3: warning: style of line directive is a GCC extension\n"}
,{"stream_name":"stderr","time":47.670685413,"data":"   28 |         case CUBLAS_STATUS_ARCH_MISMATCH: return \"CUBLAS_STATUS_ARCH_MISMATCH\";\n"}
,{"stream_name":"stderr","time":47.67070324,"data":"      |   ^ \n"}
,{"stream_name":"stderr","time":47.670707553,"data":"/tmp/dsv4-native-src/dee.cpp/include/dee/cuda_check.h:29:3: warning: style of line directive is a GCC extension\n"}
,{"stream_name":"stderr","time":47.670712027,"data":"   29 |         case CUBLAS_STATUS_MAPPING_ERROR: return \"CUBLAS_STATUS_MAPPING_ERROR\";\n"}
,{"stream_name":"stderr","time":47.670716968,"data":"      |   ^ \n"}
,{"stream_name":"stderr","time":47.670720744,"data":"/tmp/dsv4-native-src/dee.cpp/include/dee/cuda_check.h:30:3: warning: style of line directive is a GCC extension\n"}
,{"stream_name":"stderr","time":47.67072501,"data":"   30 |         case CUBLAS_STATUS_EXECUTION_FAILED: return \"CUBLAS_STATUS_EXECUTION_FAILED\";\n"}
,{"stream_name":"stderr","time":47.670729917,"data":"      |   ^ \n"}
,{"stream_name":"stderr","time":47.670736026,"data":"/tmp/dsv4-native-src/dee.cpp/include/dee/cuda_check.h:31:3: warning: style of line directive is a GCC extension\n"}
,{"stream_name":"stderr","time":47.670761698,"data":"   31 |         case CUBLAS_STATUS_INTERNAL_ERROR: return \"CUBLAS_STATUS_INTERNAL_ERROR\";\n"}
,{"stream_name":"stderr","time":47.670766766,"data":"      |   ^ \n"}
,{"stream_name":"stderr","time":47.670771746,"data":"/tmp/dsv4-native-src/dee.cpp/include/dee/cuda_check.h:32:3: warning: style of line directive is a GCC extension\n"}
,{"stream_name":"stderr","time":47.670777179,"data":"   32 |         case CUBLAS_STATUS_NOT_SUPPORTED: return \"CUBLAS_STATUS_NOT_SUPPORTED\";\n"}
,{"stream_name":"stderr","time":47.670782096,"data":"      |   ^ \n"}
,{"stream_name":"stderr","time":47.670786132,"data":"/tmp/dsv4-native-src/dee.cpp/include/dee/cuda_check.h:33:3: warning: style of line directive is a GCC extension\n"}
,{"stream_name":"stderr","time":47.670790472,"data":"   33 |         default: return \"CUBLAS_STATUS_UNKNOWN\";\n"}
,{"stream_name":"stderr","time":47.670794284,"data":"      |   ^ \n"}
,{"stream_name":"stderr","time":47.670797815,"data":"/tmp/dsv4-native-src/dee.cpp/include/dee/cuda_check.h:34:3: warning: style of line directive is a GCC extension\n"}
,{"stream_name":"stderr","time":47.670801697,"data":"   34 |     }\n"}
,{"stream_name":"stderr","time":47.670805922,"data":"      |   ^ \n"}
,{"stream_name":"stderr","time":47.670811718,"data":"/tmp/dsv4-native-src/dee.cpp/include/dee/cuda_check.h:35:3: warning: style of line directive is a GCC extension\n"}
,{"stream_name":"stderr","time":47.670816449,"data":"   35 | }\n"}
,{"stream_name":"stderr","time":47.670820877,"data":"      |   ^ \n"}
,{"stream_name":"stderr","time":47.670825036,"data":"/tmp/dsv4-native-src/dee.cpp/include/dee/cuda_check.h:36:3: warning: style of line directive is a GCC extension\n"}
,{"stream_name":"stderr","time":47.670830028,"data":"   36 | \n"}
,{"stream_name":"stderr","time":47.67083444,"data":"      |   ^ \n"}
,{"stream_name":"stderr","time":47.670839972,"data":"/tmp/dsv4-native-src/dee.cpp/include/dee/cuda_check.h:38:3: warning: style of line directive is a GCC extension\n"}
,{"stream_name":"stderr","time":47.670844763,"data":"   38 |     if (status == CUBLAS_STATUS_SUCCESS) return true;\n"}
,{"stream_name":"stderr","time":47.670848935,"data":"      |   ^ \n"}
,{"stream_name":"stderr","time":47.670852556,"data":"/tmp/dsv4-native-src/dee.cpp/include/dee/cuda_check.h:39:3: warning: style of line directive is a GCC extension\n"}
,{"stream_name":"stderr","time":47.67085748,"data":"   39 |     std::fprintf(stderr, \"[cublas] %s failed at %s:%d: %s (%d)\\n\", operation, file, line,\n"}
,{"stream_name":"stderr","time":47.670861827,"data":"      |   ^ \n"}
,{"stream_name":"stderr","time":47.670900553,"data":"/tmp/dsv4-native-src/dee.cpp/include/dee/cuda_check.h:40:3: warning: style of line directive is a GCC extension\n"}
,{"stream_name":"stderr","time":47.670910022,"data":"   40 |                  cublas_status_name(status), static_cast\u003cint\u003e(status));\n"}
,{"stream_name":"stderr","time":47.670915114,"data":"      |   ^ \n"}
,{"stream_name":"stderr","time":47.670918712,"data":"/tmp/dsv4-native-src/dee.cpp/include/dee/cuda_check.h:42:3: warning: style of line directive is a GCC extension\n"}
,{"stream_name":"stderr","time":47.67092258,"data":"   42 | }\n"}
,{"stream_name":"stderr","time":47.670926188,"data":"      |   ^ \n"}
,{"stream_name":"stderr","time":47.670932288,"data":"/tmp/dsv4-native-src/dee.cpp/include/dee/cuda_check.h:43:3: warning: style of line directive is a GCC extension\n"}
,{"stream_name":"stderr","time":47.670936177,"data":"   43 | \n"}
,{"stream_name":"stderr","time":47.670940012,"data":"      |   ^ \n"}
,{"stream_name":"stderr","time":47.670943444,"data":"/tmp/dsv4-native-src/dee.cpp/include/dee/cuda_check.h:45:3: warning: style of line directive is a GCC extension\n"}
,{"stream_name":"stderr","time":47.670970573,"data":"   45 | \n"}
,{"stream_name":"stderr","time":47.670974514,"data":"      |   ^ \n"}
,{"stream_name":"stderr","time":47.670979818,"data":"/tmp/dsv4-native-src/dee.cpp/src/swiglu_cuda.cu:12:3: warning: style of line directive is a GCC extension\n"}
,{"stream_name":"stderr","time":47.670984156,"data":"   12 | namespace {\n"}
,{"stream_name":"stderr","time":47.670987798,"data":"      |   ^~\n"}
,{"stream_name":"stderr","time":47.671017178,"data":"/tmp/dsv4-native-src/dee.cpp/src/swiglu_cuda.cu:15:3: warning: style of line directive is a GCC extension\n"}
,{"stream_name":"stderr","time":47.671059316,"data":"   15 | \n"}
,{"stream_name":"stderr","time":47.671064954,"data":"      |   ^ \n"}
,{"stream_name":"stderr","time":47.671139724,"data":"/tmp/dsv4-native-src/dee.cpp/src/swiglu_cuda.cu:15:3: warning: style of line directive is a GCC extension\n"}
,{"stream_name":"stderr","time":47.671148604,"data":"   15 | \n"}
,{"stream_name":"stderr","time":47.671152662,"data":"      |   ^ \n"}
,{"stream_name":"stderr","time":47.671156702,"data":"/tmp/dsv4-native-src/dee.cpp/src/swiglu_cuda.cu:17:3: warning: style of line directive is a GCC extension\n"}
,{"stream_name":"stderr","time":47.671162054,"data":"   17 |                                           float swiglu_limit) {\n"}
,{"stream_name":"stderr","time":47.671166445,"data":"      |   ^ \n"}
,{"stream_name":"stderr","time":47.671170553,"data":"/tmp/dsv4-native-src/dee.cpp/src/swiglu_cuda.cu:42:3: warning: style of line directive is a GCC extension\n"}
,{"stream_name":"stderr","time":47.671174516,"data":"   42 |     const __half silu = __float2half_rn(g / (1.0f + expf(-g)));\n"}
,{"stream_name":"stderr","time":47.671178428,"data":"      |   ^ \n"}
,{"stream_name":"stderr","time":47.67118212,"data":"/tmp/dsv4-native-src/dee.cpp/src/swiglu_cuda.cu:30:3: warning: style of line directive is a GCC extension\n"}
,{"stream_name":"stderr","time":47.671186152,"data":"   30 |                                                __half* activation, int inter,\n"}
,{"stream_name":"stderr","time":47.671190032,"data":"      |   ^ \n"}
,{"stream_name":"stderr","time":47.671193627,"data":"/tmp/dsv4-native-src/dee.cpp/src/swiglu_cuda.cu:31:3: warning: style of line directive is a GCC extension\n"}
,{"stream_name":"stderr","time":47.671198008,"data":"   31 |                                                float swiglu_limit) {\n"}
,{"stream_name":"stderr","time":47.67120251,"data":"      |   ^ \n"}
,{"stream_name":"stderr","time":47.671216296,"data":"/tmp/dsv4-native-src/dee.cpp/src/swiglu_cuda.cu:58:3: warning: style of line directive is a GCC extension\n"}
,{"stream_name":"stderr","time":47.671220606,"data":"   58 |     activation[i] = __float2half_rn(__half2float(silu) * u);\n"}
,{"stream_name":"stderr","time":47.671224806,"data":"      |   ^ \n"}
,{"stream_name":"stderr","time":47.671246598,"data":"/tmp/dsv4-native-src/dee.cpp/src/swiglu_cuda.cu:47:3: warning: style of line directive is a GCC extension\n"}
,{"stream_name":"stderr","time":47.671255097,"data":"   47 |         const __half* gate, const __half* up, __half* activation, int elements,\n"}
,{"stream_name":"stderr","time":47.671259691,"data":"      |   ^ \n"}
,{"stream_name":"stderr","time":47.671264321,"data":"/tmp/dsv4-native-src/dee.cpp/src/swiglu_cuda.cu:48:3: warning: style of line directive is a GCC extension\n"}
,{"stream_name":"stderr","time":47.671269288,"data":"   48 |         float swiglu_limit) {\n"}
,{"stream_name":"stderr","time":47.671273597,"data":"      |   ^ \n"}
,{"stream_name":"stderr","time":47.671310175,"data":"/tmp/dsv4-native-src/dee.cpp/src/swiglu_cuda.cu:75:3: warning: style of line directive is a GCC extension\n"}
,{"stream_name":"stderr","time":47.671316151,"data":"   75 |             const int64_t other_expert = expert_ids[other];\n"}
,{"stream_name":"stderr","time":47.671319988,"data":"      |   ^ \n"}
,{"stream_name":"stderr","time":47.671404956,"data":"/tmp/dsv4-native-src/dee.cpp/src/swiglu_cuda.cu:78:3: warning: style of line directive is a GCC extension\n"}
,{"stream_name":"stderr","time":47.671412644,"data":"   78 |                 ++stable_rank;\n"}
,{"stream_name":"stderr","time":47.671416739,"data":"      |   ^ \n"}
,{"stream_name":"stderr","time":47.671420917,"data":"/tmp/dsv4-native-src/dee.cpp/src/swiglu_cuda.cu:70:3: warning: style of line directive is a GCC extension\n"}
,{"stream_name":"stderr","time":47.671425311,"data":"   70 |         const int64_t* expert_ids, int topk, int rank) {\n"}
,{"stream_name":"stderr","time":47.671429352,"data":"      |   ^ \n"}
,{"stream_name":"stderr","time":47.671434574,"data":"/tmp/dsv4-native-src/dee.cpp/src/swiglu_cuda.cu:71:3: warning: style of line directive is a GCC extension\n"}
,{"stream_name":"stderr","time":47.671438858,"data":"   71 |     for (int position = 0; position \u003c topk; ++position) {\n"}
,{"stream_name":"stderr","time":47.671442915,"data":"      |   ^ \n"}
,{"stream_name":"stderr","time":47.671499272,"data":"/tmp/dsv4-native-src/dee.cpp/src/swiglu_cuda.cu:117:3: warning: style of line directive is a GCC extension\n"}
,{"stream_name":"stderr","time":47.671505436,"data":"  117 | \n"}
,{"stream_name":"stderr","time":47.671509272,"data":"      |   ^ \n"}
,{"stream_name":"stderr","time":47.671539418,"data":"/tmp/dsv4-native-src/dee.cpp/src/swiglu_cuda.cu:87:3: warning: style of line directive is a GCC extension\n"}
,{"stream_name":"stderr","time":47.671546386,"data":"   87 |         const float* raw_f32, const float* weights,\n"}
,{"stream_name":"stderr","time":47.671550357,"data":"      |   ^ \n"}
,{"stream_name":"stderr","time":47.67160654,"data":"/tmp/dsv4-native-src/dee.cpp/src/swiglu_cuda.cu:88:3: warning: style of line directive is a GCC extension\n"}
,{"stream_name":"stderr","time":47.67161539,"data":"   88 |         const int64_t* expert_ids, __half* output,\n"}
,{"stream_name":"stderr","time":47.671619457,"data":"      |   ^ \n"}
,{"stream_name":"stderr","time":47.671623236,"data":"/tmp/dsv4-native-src/dee.cpp/src/swiglu_cuda.cu:89:3: warning: style of line directive is a GCC extension\n"}
,{"stream_name":"stderr","time":47.671627619,"data":"   89 |         int tokens, int topk, int hidden) {\n"}
,{"stream_name":"stderr","time":47.671640301,"data":"      |   ^ \n"}
,{"stream_name":"stderr","time":47.671682931,"data":"/tmp/dsv4-native-src/dee.cpp/src/swiglu_cuda.cu:130:3: warning: style of line directive is a GCC extension\n"}
,{"stream_name":"stderr","time":47.671689733,"data":"  130 |     if (row \u003e= rows) return;\n"}
,{"stream_name":"stderr","time":47.671694576,"data":"      |   ^ ~\n"}
,{"stream_name":"stderr","time":47.671768722,"data":"/tmp/dsv4-native-src/dee.cpp/src/swiglu_cuda.cu:119:3: warning: style of line directive is a GCC extension\n"}
,{"stream_name":"stderr","time":47.671782981,"data":"  119 | \n"}
,{"stream_name":"stderr","time":47.671787372,"data":"      |   ^  \n"}
,{"stream_name":"stderr","time":47.671837478,"data":"/tmp/dsv4-native-src/dee.cpp/src/swiglu_cuda.cu:126:3: warning: style of line directive is a GCC extension\n"}
,{"stream_name":"stderr","time":47.67184493,"data":"  126 |                                       const __half* __restrict__ input,\n"}
,{"stream_name":"stderr","time":47.671849724,"data":"      |   ^  \n"}
,{"stream_name":"stderr","time":47.671854299,"data":"/tmp/dsv4-native-src/dee.cpp/src/swiglu_cuda.cu:127:3: warning: style of line directive is a GCC extension\n"}
,{"stream_name":"stderr","time":47.671858922,"data":"  127 |                                       float* __restrict__ output,\n"}
,{"stream_name":"stderr","time":47.67186359,"data":"      |   ^  \n"}
,{"stream_name":"stderr","time":47.671902122,"data":"/tmp/dsv4-native-src/dee.cpp/src/swiglu_cuda.cu:128:3: warning: style of line directive is a GCC extension\n"}
,{"stream_name":"stderr","time":47.67190738,"data":"  128 |                                       int rows, int cols) {\n"}
,{"stream_name":"stderr","time":47.671911117,"data":"      |   ^  \n"}
,{"stream_name":"stderr","time":47.67197809,"data":"/tmp/dsv4-native-src/dee.cpp/src/swiglu_cuda.cu:165:3: warning: style of line directive is a GCC extension\n"}
,{"stream_name":"stderr","time":47.671985586,"data":"  165 | bool gemm_fp16_row_major(cublasHandle_t handle, const __half* matrix,\n"}
,{"stream_name":"stderr","time":47.671989759,"data":"      |   ^~~\n"}
,{"stream_name":"stderr","time":47.672031977,"data":"/tmp/dsv4-native-src/dee.cpp/src/swiglu_cuda.cu:147:3: warning: style of line directive is a GCC extension\n"}
,{"stream_name":"stderr","time":47.672040425,"data":"  147 |                       const __half* input, float* output, cudaStream_t stream,\n"}
,{"stream_name":"stderr","time":47.672045511,"data":"      |   ^  \n"}
,{"stream_name":"stderr","time":47.672053306,"data":"/tmp/dsv4-native-src/dee.cpp/src/swiglu_cuda.cu:148:3: warning: style of line directive is a GCC extension\n"}
,{"stream_name":"stderr","time":47.6720573,"data":"  148 |                       GpuStage stage, StageProfiler* profiler) {\n"}
,{"stream_name":"stderr","time":47.672061268,"data":"      |   ^  \n"}
,{"stream_name":"stderr","time":47.672107618,"data":"/tmp/dsv4-native-src/dee.cpp/src/swiglu_cuda.cu:149:3: warning: style of line directive is a GCC extension\n"}
,{"stream_name":"stderr","time":47.67211525,"data":"  149 |     if (!matrix || !input || !output || !stream || rows \u003c= 0 || cols \u003c= 0) {\n"}
,{"stream_name":"stderr","time":47.672120116,"data":"      |   ^ ~\n"}
,{"stream_name":"stderr","time":47.672162088,"data":"/tmp/dsv4-native-src/dee.cpp/src/swiglu_cuda.cu:150:3: warning: style of line directive is a GCC extension\n"}
,{"stream_name":"stderr","time":47.672170405,"data":"  150 |         std::fprintf(stderr, \"[cuda] invalid FP16 GEMV arguments (rows=%d cols=%d)\\n\",\n"}
,{"stream_name":"stderr","time":47.67217516,"data":"      |   ^  \n"}
,{"stream_name":"stderr","time":47.672201424,"data":"/tmp/dsv4-native-src/dee.cpp/src/swiglu_cuda.cu:151:3: warning: style of line directive is a GCC extension\n"}
,{"stream_name":"stderr","time":47.672236504,"data":"  151 |                      rows, cols);\n"}
,{"stream_name":"stderr","time":47.672241298,"data":"      |   ^  \n"}
,{"stream_name":"stderr","time":47.672246826,"data":"/tmp/dsv4-native-src/dee.cpp/src/swiglu_cuda.cu:153:3: warning: style of line directive is a GCC extension\n"}
,{"stream_name":"stderr","time":47.672251209,"data":"  153 |     }\n"}
,{"stream_name":"stderr","time":47.672255463,"data":"      |   ^ ~\n"}
,{"stream_name":"stderr","time":47.672300592,"data":"/tmp/dsv4-native-src/dee.cpp/src/swiglu_cuda.cu:154:3: warning: style of line directive is a GCC extension\n"}
,{"stream_name":"stderr","time":47.672308499,"data":"  154 |     const size_t ticket = profiler \u0026\u0026 profiler-\u003eenabled()\n"}
,{"stream_name":"stderr","time":47.672312962,"data":"      |   ^ ~\n"}
,{"stream_name":"stderr","time":47.67232591,"data":"/tmp/dsv4-native-src/dee.cpp/src/swiglu_cuda.cu:155:3: warning: style of line directive is a GCC extension\n"}
,{"stream_name":"stderr","time":47.672330693,"data":"  155 |         ? profiler-\u003ecuda_begin(stage, static_cast\u003cvoid*\u003e(stream))\n"}
,{"stream_name":"stderr","time":47.672334885,"data":"      |   ^  \n"}
,{"stream_name":"stderr","time":47.672371575,"data":"/tmp/dsv4-native-src/dee.cpp/src/swiglu_cuda.cu:158:3: warning: style of line directive is a GCC extension\n"}
,{"stream_name":"stderr","time":47.672376565,"data":"  158 |         matrix, input, output, rows, cols);\n"}
,{"stream_name":"stderr","time":47.672380282,"data":"      |   ^  \n"}
,{"stream_name":"stderr","time":47.672452752,"data":"/tmp/dsv4-native-src/dee.cpp/src/swiglu_cuda.cu:160:3: warning: style of line directive is a GCC extension\n"}
,{"stream_name":"stderr","time":47.672461258,"data":"  160 |     if (!DEE_CUDA_CHECK_LAUNCH(\"fp16_gemv_fp32_kernel launch\")) return false;\n"}
,{"stream_name":"stderr","time":47.672465338,"data":"      |   ^ ~\n"}
,{"stream_name":"stderr","time":47.672491596,"data":"/tmp/dsv4-native-src/dee.cpp/src/swiglu_cuda.cu:161:3: warning: style of line directive is a GCC extension\n"}
,{"stream_name":"stderr","time":47.672517067,"data":"  161 |     return !profiler || !profiler-\u003eenabled() ||\n"}
,{"stream_name":"stderr","time":47.672521412,"data":"      |   ^ ~\n"}
,{"stream_name":"stderr","time":47.672525985,"data":"/tmp/dsv4-native-src/dee.cpp/src/swiglu_cuda.cu:162:3: warning: style of line directive is a GCC extension\n"}
,{"stream_name":"stderr","time":47.672529799,"data":"  162 |            profiler-\u003ecuda_end(ticket, static_cast\u003cvoid*\u003e(stream));\n"}
,{"stream_name":"stderr","time":47.672533832,"data":"      |   ^  \n"}
,{"stream_name":"stderr","time":47.672575948,"data":"/tmp/dsv4-native-src/dee.cpp/src/swiglu_cuda.cu:164:3: warning: style of line directive is a GCC extension\n"}
,{"stream_name":"stderr","time":47.672582428,"data":"  164 | \n"}
,{"stream_name":"stderr","time":47.672586689,"data":"      |   ^  \n"}
,{"stream_name":"stderr","time":47.672634186,"data":"/tmp/dsv4-native-src/dee.cpp/src/swiglu_cuda.cu:166:3: warning: style of line directive is a GCC extension\n"}
,{"stream_name":"stderr","time":47.67264088,"data":"  166 |                          int rows, int cols, const __half* input, float* output,\n"}
,{"stream_name":"stderr","time":47.672646027,"data":"      |   ^  \n"}
,{"stream_name":"stderr","time":47.672657619,"data":"/tmp/dsv4-native-src/dee.cpp/src/swiglu_cuda.cu:167:3: warning: style of line directive is a GCC extension\n"}
,{"stream_name":"stderr","time":47.672669062,"data":"  167 |                          cudaStream_t stream, GpuStage stage,\n"}
,{"stream_name":"stderr","time":47.672673838,"data":"      |   ^  \n"}
,{"stream_name":"stderr","time":47.672687132,"data":"/tmp/dsv4-native-src/dee.cpp/src/swiglu_cuda.cu:168:3: warning: style of line directive is a GCC extension\n"}
,{"stream_name":"stderr","time":47.672691393,"data":"  168 |                          StageProfiler* profiler) {\n"}
,{"stream_name":"stderr","time":47.672695951,"data":"      |   ^  \n"}
,{"stream_name":"stderr","time":47.672733827,"data":"/tmp/dsv4-native-src/dee.cpp/src/swiglu_cuda.cu:169:3: warning: style of line directive is a GCC extension\n"}
,{"stream_name":"stderr","time":47.672751978,"data":"  169 |     constexpr float alpha = 1.0f;\n"}
,{"stream_name":"stderr","time":47.672762397,"data":"      |   ^ ~\n"}
,{"stream_name":"stderr","time":47.672829228,"data":"/tmp/dsv4-native-src/dee.cpp/src/swiglu_cuda.cu:170:3: warning: style of line directive is a GCC extension\n"}
,{"stream_name":"stderr","time":47.672836409,"data":"  170 |     constexpr float beta = 0.0f;\n"}
,{"stream_name":"stderr","time":47.672841498,"data":"      |   ^ ~\n"}
,{"stream_name":"stderr","time":47.672868255,"data":"/tmp/dsv4-native-src/dee.cpp/src/swiglu_cuda.cu:171:3: warning: style of line directive is a GCC extension\n"}
,{"stream_name":"stderr","time":47.67287936,"data":"  171 |     const size_t ticket = profiler \u0026\u0026 profiler-\u003eenabled()\n"}
,{"stream_name":"stderr","time":47.672884109,"data":"      |   ^ ~\n"}
,{"stream_name":"stderr","time":47.672912353,"data":"/tmp/dsv4-native-src/dee.cpp/src/swiglu_cuda.cu:172:3: warning: style of line directive is a GCC extension\n"}
,{"stream_name":"stderr","time":47.67291977,"data":"  172 |         ? profiler-\u003ecuda_begin(stage, static_cast\u003cvoid*\u003e(stream)) : static_cast\u003csize_t\u003e(-1);\n"}
,{"stream_name":"stderr","time":47.672925057,"data":"      |   ^  \n"}
,{"stream_name":"stderr","time":47.672963783,"data":"/tmp/dsv4-native-src/dee.cpp/src/swiglu_cuda.cu:174:3: warning: style of line directive is a GCC extension\n"}
,{"stream_name":"stderr","time":47.672970424,"data":"  174 |     const auto dispatch_begin = profiler \u0026\u0026 profiler-\u003etimeline_enabled()\n"}
,{"stream_name":"stderr","time":47.6729753,"data":"      |   ^ ~\n"}
,{"stream_name":"stderr","time":47.673050787,"data":"/tmp/dsv4-native-src/dee.cpp/src/swiglu_cuda.cu:175:3: warning: style of line directive is a GCC extension\n"}
,{"stream_name":"stderr","time":47.673056988,"data":"  175 |         ? StageProfiler::now() : StageProfiler::TimePoint{};\n"}
,{"stream_name":"stderr","time":47.673061053,"data":"      |   ^  \n"}
,{"stream_name":"stderr","time":47.673064758,"data":"/tmp/dsv4-native-src/dee.cpp/src/swiglu_cuda.cu:177:3: warning: style of line directive is a GCC extension\n"}
,{"stream_name":"stderr","time":47.673068599,"data":"  177 |         cublasGemmEx(handle, CUBLAS_OP_T, CUBLAS_OP_N,\n"}
,{"stream_name":"stderr","time":47.673072106,"data":"      |   ^  \n"}
,{"stream_name":"stderr","time":47.673119176,"data":"/tmp/dsv4-native-src/dee.cpp/src/swiglu_cuda.cu:185:3: warning: style of line directive is a GCC extension\n"}
,{"stream_name":"stderr","time":47.673125795,"data":"  185 |         profiler-\u003enote_cpu_timeline(CpuTimelineKind::CublasDispatch, dispatch_begin);\n"}
,{"stream_name":"stderr","time":47.673130411,"data":"      |   ^  \n"}
,{"stream_name":"stderr","time":47.673157319,"data":"/tmp/dsv4-native-src/dee.cpp/src/swiglu_cuda.cu:186:3: warning: style of line directive is a GCC extension\n"}
,{"stream_name":"stderr","time":47.67318105,"data":"  186 |     }\n"}
,{"stream_name":"stderr","time":47.673186491,"data":"      |   ^ ~\n"}
,{"stream_name":"stderr","time":47.673218178,"data":"/tmp/dsv4-native-src/dee.cpp/src/swiglu_cuda.cu:187:3: warning: style of line directive is a GCC extension\n"}
,{"stream_name":"stderr","time":47.673226393,"data":"  187 |     if (!ok) return false;\n"}
,{"stream_name":"stderr","time":47.673231127,"data":"      |   ^ ~\n"}
,{"stream_name":"stderr","time":47.673258336,"data":"/tmp/dsv4-native-src/dee.cpp/src/swiglu_cuda.cu:188:3: warning: style of line directive is a GCC extension\n"}
,{"stream_name":"stderr","time":47.673265248999996,"data":"  188 |     return !profiler || !profiler-\u003eenabled() ||\n"}
,{"stream_name":"stderr","time":47.673269819,"data":"      |   ^ ~\n"}
,{"stream_name":"stderr","time":47.673320455,"data":"/tmp/dsv4-native-src/dee.cpp/src/swiglu_cuda.cu:189:3: warning: style of line directive is a GCC extension\n"}
,{"stream_name":"stderr","time":47.673326915,"data":"  189 |            profiler-\u003ecuda_end(ticket, static_cast\u003cvoid*\u003e(stream));\n"}
,{"stream_name":"stderr","time":47.673331835,"data":"      |   ^  \n"}
,{"stream_name":"stderr","time":47.673344637,"data":"/tmp/dsv4-native-src/dee.cpp/src/swiglu_cuda.cu:191:3: warning: style of line directive is a GCC extension\n"}
,{"stream_name":"stderr","time":47.673349179,"data":"  191 | \n"}
,{"stream_name":"stderr","time":47.673352669,"data":"      |   ^  \n"}
,{"stream_name":"stderr","time":47.673394667,"data":"/tmp/dsv4-native-src/dee.cpp/src/swiglu_cuda.cu:193:3: warning: style of line directive is a GCC extension\n"}
,{"stream_name":"stderr","time":47.673399775,"data":"  193 |                                  int rows, int cols, const __half* input,\n"}
,{"stream_name":"stderr","time":47.673405917,"data":"      |   ^  \n"}
,{"stream_name":"stderr","time":47.673456803,"data":"/tmp/dsv4-native-src/dee.cpp/src/swiglu_cuda.cu:194:3: warning: style of line directive is a GCC extension\n"}
,{"stream_name":"stderr","time":47.673462869,"data":"  194 |                                  __half* output, cudaStream_t stream,\n"}
,{"stream_name":"stderr","time":47.673467077,"data":"      |   ^  \n"}
,{"stream_name":"stderr","time":47.673513167,"data":"/tmp/dsv4-native-src/dee.cpp/src/swiglu_cuda.cu:195:3: warning: style of line directive is a GCC extension\n"}
,{"stream_name":"stderr","time":47.673518972,"data":"  195 |                                  GpuStage stage, StageProfiler* profiler) {\n"}
,{"stream_name":"stderr","time":47.673523795,"data":"      |   ^  \n"}
,{"stream_name":"stderr","time":47.673582557,"data":"/tmp/dsv4-native-src/dee.cpp/src/swiglu_cuda.cu:196:3: warning: style of line directive is a GCC extension\n"}
,{"stream_name":"stderr","time":47.673593483,"data":"  196 |     constexpr float alpha = 1.0f;\n"}
,{"stream_name":"stderr","time":47.673597641,"data":"      |   ^ ~\n"}
,{"stream_name":"stderr","time":47.673609879,"data":"/tmp/dsv4-native-src/dee.cpp/src/swiglu_cuda.cu:197:3: warning: style of line directive is a GCC extension\n"}
,{"stream_name":"stderr","time":47.67361421,"data":"  197 |     constexpr float beta = 0.0f;\n"}
,{"stream_name":"stderr","time":47.673618033,"data":"      |   ^ ~\n"}
,{"stream_name":"stderr","time":47.673688072,"data":"/tmp/dsv4-native-src/dee.cpp/src/swiglu_cuda.cu:198:3: warning: style of line directive is a GCC extension\n"}
,{"stream_name":"stderr","time":47.673697015,"data":"  198 |     const size_t ticket = profiler \u0026\u0026 profiler-\u003eenabled()\n"}
,{"stream_name":"stderr","time":47.673702208,"data":"      |   ^ ~\n"}
,{"stream_name":"stderr","time":47.673716586,"data":"/tmp/dsv4-native-src/dee.cpp/src/swiglu_cuda.cu:199:3: warning: style of line directive is a GCC extension\n"}
,{"stream_name":"stderr","time":47.673721091,"data":"  199 |         ? profiler-\u003ecuda_begin(stage, static_cast\u003cvoid*\u003e(stream)) : static_cast\u003csize_t\u003e(-1);\n"}
,{"stream_name":"stderr","time":47.673725748,"data":"      |   ^  \n"}
,{"stream_name":"stderr","time":47.673790559,"data":"/tmp/dsv4-native-src/dee.cpp/src/swiglu_cuda.cu:201:3: warning: style of line directive is a GCC extension\n"}
,{"stream_name":"stderr","time":47.673803488,"data":"  201 |     const bool ok = DEE_CUBLAS_CHECK_NAMED(\n"}
,{"stream_name":"stderr","time":47.673807541,"data":"      |   ^ ~\n"}
,{"stream_name":"stderr","time":47.6738491,"data":"/tmp/dsv4-native-src/dee.cpp/src/swiglu_cuda.cu:202:3: warning: style of line directive is a GCC extension\n"}
,{"stream_name":"stderr","time":47.673855458,"data":"  202 |         cublasGemmEx(handle, CUBLAS_OP_T, CUBLAS_OP_N,\n"}
,{"stream_name":"stderr","time":47.67385972,"data":"      |   ^  \n"}
,{"stream_name":"stderr","time":47.67389564,"data":"/tmp/dsv4-native-src/dee.cpp/src/swiglu_cuda.cu:210:3: warning: style of line directive is a GCC extension\n"}
,{"stream_name":"stderr","time":47.673904615,"data":"  210 |     return !profiler || !profiler-\u003eenabled() ||\n"}
,{"stream_name":"stderr","time":47.673909663,"data":"      |   ^ ~\n"}
,{"stream_name":"stderr","time":47.673954278,"data":"/tmp/dsv4-native-src/dee.cpp/src/swiglu_cuda.cu:211:3: warning: style of line directive is a GCC extension\n"}
,{"stream_name":"stderr","time":47.67396203,"data":"  211 |            profiler-\u003ecuda_end(ticket, static_cast\u003cvoid*\u003e(stream));\n"}
,{"stream_name":"stderr","time":47.673966685,"data":"      |   ^  \n"}
,{"stream_name":"stderr","time":47.674027915,"data":"/tmp/dsv4-native-src/dee.cpp/src/swiglu_cuda.cu:213:3: warning: style of line directive is a GCC extension\n"}
,{"stream_name":"stderr","time":47.67403651,"data":"  213 | \n"}
,{"stream_name":"stderr","time":47.674040197,"data":"      |   ^  \n"}
,{"stream_name":"stderr","time":47.674043623,"data":"/tmp/dsv4-native-src/dee.cpp/src/swiglu_cuda.cu:215:3: warning: style of line directive is a GCC extension\n"}
,{"stream_name":"stderr","time":47.674047453,"data":"  215 |         cublasHandle_t handle, const __half* matrix, int rows, int cols,\n"}
,{"stream_name":"stderr","time":47.674052321,"data":"      |   ^  \n"}
,{"stream_name":"stderr","time":47.674101843,"data":"/tmp/dsv4-native-src/dee.cpp/src/swiglu_cuda.cu:216:3: warning: style of line directive is a GCC extension\n"}
,{"stream_name":"stderr","time":47.674108913,"data":"  216 |         const __half* input, int tokens, __half* output, cudaStream_t stream,\n"}
,{"stream_name":"stderr","time":47.674114345,"data":"      |   ^  \n"}
,{"stream_name":"stderr","time":47.674154613,"data":"/tmp/dsv4-native-src/dee.cpp/src/swiglu_cuda.cu:217:3: warning: style of line directive is a GCC extension\n"}
,{"stream_name":"stderr","time":47.674162727,"data":"  217 |         GpuStage stage, StageProfiler* profiler) {\n"}
,{"stream_name":"stderr","time":47.67416671,"data":"      |   ^  \n"}
,{"stream_name":"stderr","time":47.674207471,"data":"/tmp/dsv4-native-src/dee.cpp/src/swiglu_cuda.cu:218:3: warning: style of line directive is a GCC extension\n"}
,{"stream_name":"stderr","time":47.674213563,"data":"  218 |     constexpr float alpha = 1.0f;\n"}
,{"stream_name":"stderr","time":47.674217869,"data":"      |   ^ ~\n"}
,{"stream_name":"stderr","time":47.67425513,"data":"/tmp/dsv4-native-src/dee.cpp/src/swiglu_cuda.cu:219:3: warning: style of line directive is a GCC extension\n"}
,{"stream_name":"stderr","time":47.67428229,"data":"  219 |     constexpr float beta = 0.0f;\n"}
,{"stream_name":"stderr","time":47.674287923,"data":"      |   ^ ~\n"}
,{"stream_name":"stderr","time":47.6743244,"data":"/tmp/dsv4-native-src/dee.cpp/src/swiglu_cuda.cu:220:3: warning: style of line directive is a GCC extension\n"}
,{"stream_name":"stderr","time":47.674346605,"data":"  220 |     const size_t ticket = profiler \u0026\u0026 profiler-\u003eenabled()\n"}
,{"stream_name":"stderr","time":47.674351986,"data":"      |   ^ ~\n"}
,{"stream_name":"stderr","time":47.674370261,"data":"/tmp/dsv4-native-src/dee.cpp/src/swiglu_cuda.cu:221:3: warning: style of line directive is a GCC extension\n"}
,{"stream_name":"stderr","time":47.674377674,"data":"  221 |         ? profiler-\u003ecuda_begin(stage, static_cast\u003cvoid*\u003e(stream))\n"}
,{"stream_name":"stderr","time":47.674382536,"data":"      |   ^  \n"}
,{"stream_name":"stderr","time":47.674449164,"data":"/tmp/dsv4-native-src/dee.cpp/src/swiglu_cuda.cu:224:3: warning: style of line directive is a GCC extension\n"}
,{"stream_name":"stderr","time":47.674455572,"data":"  224 |     // Row-major W[rows,cols] and X[tokens,cols] are storage-equivalent to\n"}
,{"stream_name":"stderr","time":47.674459496,"data":"      |   ^ ~\n"}
,{"stream_name":"stderr","time":47.674470305,"data":"/tmp/dsv4-native-src/dee.cpp/src/swiglu_cuda.cu:227:3: warning: style of line directive is a GCC extension\n"}
,{"stream_name":"stderr","time":47.674474745,"data":"  227 |         cublasGemmEx(handle, CUBLAS_OP_T, CUBLAS_OP_N,\n"}
,{"stream_name":"stderr","time":47.674478607,"data":"      |   ^  \n"}
,{"stream_name":"stderr","time":47.67465497,"data":"/tmp/dsv4-native-src/dee.cpp/src/swiglu_cuda.cu:235:3: warning: style of line directive is a GCC extension\n"}
,{"stream_name":"stderr","time":47.674670894,"data":"  235 |     return !profiler || !profiler-\u003eenabled() ||\n"}
,{"stream_name":"stderr","time":47.674675808,"data":"      |   ^ ~\n"}
,{"stream_name":"stderr","time":47.674679739,"data":"/tmp/dsv4-native-src/dee.cpp/src/swiglu_cuda.cu:236:3: warning: style of line directive is a GCC extension\n"}
,{"stream_name":"stderr","time":47.674684027,"data":"  236 |            profiler-\u003ecuda_end(ticket, static_cast\u003cvoid*\u003e(stream));\n"}
,{"stream_name":"stderr","time":47.674728864,"data":"      |   ^  \n"}
,{"stream_name":"stderr","time":47.674734069,"data":"/tmp/dsv4-native-src/dee.cpp/src/swiglu_cuda.cu:238:3: warning: style of line directive is a GCC extension\n"}
,{"stream_name":"stderr","time":47.674738659,"data":"  238 | \n"}
,{"stream_name":"stderr","time":47.674742767,"data":"      |   ^  \n"}
,{"stream_name":"stderr","time":47.674773711,"data":"/tmp/dsv4-native-src/dee.cpp/src/swiglu_cuda.cu:240:3: warning: style of line directive is a GCC extension\n"}
,{"stream_name":"stderr","time":47.674778605,"data":"  240 |         cublasHandle_t handle, const __half* matrix, int rows, int cols,\n"}
,{"stream_name":"stderr","time":47.674782385,"data":"      |   ^  \n"}
,{"stream_name":"stderr","time":47.674805054,"data":"/tmp/dsv4-native-src/dee.cpp/src/swiglu_cuda.cu:241:3: warning: style of line directive is a GCC extension\n"}
,{"stream_name":"stderr","time":47.674809216,"data":"  241 |         const __half* input, int tokens, float* output, cudaStream_t stream,\n"}
,{"stream_name":"stderr","time":47.674813146,"data":"      |   ^  \n"}
,{"stream_name":"stderr","time":47.67481719,"data":"/tmp/dsv4-native-src/dee.cpp/src/swiglu_cuda.cu:242:3: warning: style of line directive is a GCC extension\n"}
,{"stream_name":"stderr","time":47.674821562,"data":"  242 |         GpuStage stage, StageProfiler* profiler) {\n"}
,{"stream_name":"stderr","time":47.67483761,"data":"      |   ^  \n"}
,{"stream_name":"stderr","time":47.674894969,"data":"/tmp/dsv4-native-src/dee.cpp/src/swiglu_cuda.cu:243:3: warning: style of line directive is a GCC extension\n"}
,{"stream_name":"stderr","time":47.674902119,"data":"  243 |     constexpr float alpha = 1.0f;\n"}
,{"stream_name":"stderr","time":47.674906361,"data":"      |   ^ ~\n"}
,{"stream_name":"stderr","time":47.674949111,"data":"/tmp/dsv4-native-src/dee.cpp/src/swiglu_cuda.cu:244:3: warning: style of line directive is a GCC extension\n"}
,{"stream_name":"stderr","time":47.674954991,"data":"  244 |     constexpr float beta = 0.0f;\n"}
,{"stream_name":"stderr","time":47.674959187,"data":"      |   ^ ~\n"}
,{"stream_name":"stderr","time":47.675003675,"data":"/tmp/dsv4-native-src/dee.cpp/src/swiglu_cuda.cu:245:3: warning: style of line directive is a GCC extension\n"}
,{"stream_name":"stderr","time":47.675010143,"data":"  245 |     const size_t ticket = profiler \u0026\u0026 profiler-\u003eenabled()\n"}
,{"stream_name":"stderr","time":47.675022323,"data":"      |   ^ ~\n"}
,{"stream_name":"stderr","time":47.675110502,"data":"/tmp/dsv4-native-src/dee.cpp/src/swiglu_cuda.cu:246:3: warning: style of line directive is a GCC extension\n"}
,{"stream_name":"stderr","time":47.675120201,"data":"  246 |         ? profiler-\u003ecuda_begin(stage, static_cast\u003cvoid*\u003e(stream))\n"}
,{"stream_name":"stderr","time":47.675124689,"data":"      |   ^  \n"}
,{"stream_name":"stderr","time":47.675128309,"data":"/tmp/dsv4-native-src/dee.cpp/src/swiglu_cuda.cu:249:3: warning: style of line directive is a GCC extension\n"}
,{"stream_name":"stderr","time":47.675132299,"data":"  249 |     const bool ok = DEE_CUBLAS_CHECK_NAMED(\n"}
,{"stream_name":"stderr","time":47.675136005,"data":"      |   ^ ~\n"}
,{"stream_name":"stderr","time":47.675185109,"data":"/tmp/dsv4-native-src/dee.cpp/src/swiglu_cuda.cu:250:3: warning: style of line directive is a GCC extension\n"}
,{"stream_name":"stderr","time":47.675190633,"data":"  250 |         cublasGemmEx(handle, CUBLAS_OP_T, CUBLAS_OP_N,\n"}
,{"stream_name":"stderr","time":47.675197034,"data":"      |   ^  \n"}
,{"stream_name":"stderr","time":47.675261545,"data":"/tmp/dsv4-native-src/dee.cpp/src/swiglu_cuda.cu:258:3: warning: style of line directive is a GCC extension\n"}
,{"stream_name":"stderr","time":47.675270019,"data":"  258 |     return !profiler || !profiler-\u003eenabled() ||\n"}
,{"stream_name":"stderr","time":47.675274597,"data":"      |   ^ ~\n"}
,{"stream_name":"stderr","time":47.675307257,"data":"/tmp/dsv4-native-src/dee.cpp/src/swiglu_cuda.cu:259:3: warning: style of line directive is a GCC extension\n"}
,{"stream_name":"stderr","time":47.675313316,"data":"  259 |            profiler-\u003ecuda_end(ticket, static_cast\u003cvoid*\u003e(stream));\n"}
,{"stream_name":"stderr","time":47.675317838,"data":"      |   ^  \n"}
,{"stream_name":"stderr","time":47.675361668,"data":"/tmp/dsv4-native-src/dee.cpp/src/swiglu_cuda.cu:261:3: warning: style of line directive is a GCC extension\n"}
,{"stream_name":"stderr","time":47.675367039,"data":"  261 | \n"}
,{"stream_name":"stderr","time":47.675371317,"data":"      |   ^  \n"}
,{"stream_name":"stderr","time":47.675415167,"data":"/tmp/dsv4-native-src/dee.cpp/src/swiglu_cuda.cu:263:3: warning: style of line directive is a GCC extension\n"}
,{"stream_name":"stderr","time":47.675421233,"data":"  263 |         cublasHandle_t handle, const void* d_matrix_ptrs,\n"}
,{"stream_name":"stderr","time":47.675425506,"data":"      |   ^  \n"}
,{"stream_name":"stderr","time":47.675469086,"data":"/tmp/dsv4-native-src/dee.cpp/src/swiglu_cuda.cu:264:3: warning: style of line directive is a GCC extension\n"}
,{"stream_name":"stderr","time":47.675483206,"data":"  264 |         int rows, int cols, const void* d_input_ptrs,\n"}
,{"stream_name":"stderr","time":47.675487227,"data":"      |   ^  \n"}
,{"stream_name":"stderr","time":47.675541281,"data":"/tmp/dsv4-native-src/dee.cpp/src/swiglu_cuda.cu:265:3: warning: style of line directive is a GCC extension\n"}
,{"stream_name":"stderr","time":47.675548129,"data":"  265 |         void* d_output_ptrs, cudaDataType_t output_type, int batch,\n"}
,{"stream_name":"stderr","time":47.675552801,"data":"      |   ^  \n"}
,{"stream_name":"stderr","time":47.675610984,"data":"/tmp/dsv4-native-src/dee.cpp/src/swiglu_cuda.cu:266:3: warning: style of line directive is a GCC extension\n"}
,{"stream_name":"stderr","time":47.675618825,"data":"  266 |         cudaStream_t stream, GpuStage stage, StageProfiler* profiler) {\n"}
,{"stream_name":"stderr","time":47.675622836,"data":"      |   ^  \n"}
,{"stream_name":"stderr","time":47.675634229,"data":"/tmp/dsv4-native-src/dee.cpp/src/swiglu_cuda.cu:267:3: warning: style of line directive is a GCC extension\n"}
,{"stream_name":"stderr","time":47.675638327,"data":"  267 |     constexpr float alpha = 1.0f;\n"}
,{"stream_name":"stderr","time":47.675652474,"data":"      |   ^ ~\n"}
,{"stream_name":"stderr","time":47.675717392,"data":"/tmp/dsv4-native-src/dee.cpp/src/swiglu_cuda.cu:268:3: warning: style of line directive is a GCC extension\n"}
,{"stream_name":"stderr","time":47.675723085,"data":"  268 |     constexpr float beta = 0.0f;\n"}
,{"stream_name":"stderr","time":47.675726996,"data":"      |   ^ ~\n"}
,{"stream_name":"stderr","time":47.675782995,"data":"/tmp/dsv4-native-src/dee.cpp/src/swiglu_cuda.cu:269:3: warning: style of line directive is a GCC extension\n"}
,{"stream_name":"stderr","time":47.675794357,"data":"  269 |     const size_t ticket = profiler \u0026\u0026 profiler-\u003eenabled()\n"}
,{"stream_name":"stderr","time":47.675798507,"data":"      |   ^ ~\n"}
,{"stream_name":"stderr","time":47.675864945,"data":"/tmp/dsv4-native-src/dee.cpp/src/swiglu_cuda.cu:270:3: warning: style of line directive is a GCC extension\n"}
,{"stream_name":"stderr","time":47.675872053,"data":"  270 |         ? profiler-\u003ecuda_begin(stage, static_cast\u003cvoid*\u003e(stream))\n"}
,{"stream_name":"stderr","time":47.675876981,"data":"      |   ^  \n"}
,{"stream_name":"stderr","time":47.675915953,"data":"/tmp/dsv4-native-src/dee.cpp/src/swiglu_cuda.cu:273:3: warning: style of line directive is a GCC extension\n"}
,{"stream_name":"stderr","time":47.675920846,"data":"  273 |     const bool ok = DEE_CUBLAS_CHECK_NAMED(\n"}
,{"stream_name":"stderr","time":47.675924769,"data":"      |   ^ ~\n"}
,{"stream_name":"stderr","time":47.675991655,"data":"/tmp/dsv4-native-src/dee.cpp/src/swiglu_cuda.cu:274:3: warning: style of line directive is a GCC extension\n"}
,{"stream_name":"stderr","time":47.675997015,"data":"  274 |         cublasGemmBatchedEx(\n"}
,{"stream_name":"stderr","time":47.676000895,"data":"      |   ^  \n"}
,{"stream_name":"stderr","time":47.676060414,"data":"/tmp/dsv4-native-src/dee.cpp/src/swiglu_cuda.cu:287:3: warning: style of line directive is a GCC extension\n"}
,{"stream_name":"stderr","time":47.676066679,"data":"  287 |     return !profiler || !profiler-\u003eenabled() ||\n"}
,{"stream_name":"stderr","time":47.676070717,"data":"      |   ^ ~\n"}
,{"stream_name":"stderr","time":47.676136224,"data":"/tmp/dsv4-native-src/dee.cpp/src/swiglu_cuda.cu:288:3: warning: style of line directive is a GCC extension\n"}
,{"stream_name":"stderr","time":47.676144721,"data":"  288 |            profiler-\u003ecuda_end(ticket, static_cast\u003cvoid*\u003e(stream));\n"}
,{"stream_name":"stderr","time":47.676158269,"data":"      |   ^  \n"}
,{"stream_name":"stderr","time":47.676194419,"data":"/tmp/dsv4-native-src/dee.cpp/src/swiglu_cuda.cu:290:3: warning: style of line directive is a GCC extension\n"}
,{"stream_name":"stderr","time":47.676214478,"data":"  290 | \n"}
,{"stream_name":"stderr","time":47.676218342,"data":"      |   ^  \n"}
,{"stream_name":"stderr","time":47.676269133,"data":"/tmp/dsv4-native-src/dee.cpp/src/swiglu_cuda.cu:292:3: warning: style of line directive is a GCC extension\n"}
,{"stream_name":"stderr","time":47.676276233,"data":"  292 |                     const float* input, float* output, cudaStream_t stream,\n"}
,{"stream_name":"stderr","time":47.676280246,"data":"      |   ^  \n"}
,{"stream_name":"stderr","time":47.676295743,"data":"/tmp/dsv4-native-src/dee.cpp/src/swiglu_cuda.cu:293:3: warning: style of line directive is a GCC extension\n"}
,{"stream_name":"stderr","time":47.676300094,"data":"  293 |                     GpuStage stage, StageProfiler* profiler) {\n"}
,{"stream_name":"stderr","time":47.676304014,"data":"      |   ^  \n"}
,{"stream_name":"stderr","time":47.676369715,"data":"/tmp/dsv4-native-src/dee.cpp/src/swiglu_cuda.cu:294:3: warning: style of line directive is a GCC extension\n"}
,{"stream_name":"stderr","time":47.67637508,"data":"  294 |     // Row-major [rows, cols] is the storage-equivalent of column-major\n"}
,{"stream_name":"stderr","time":47.676379094,"data":"      |   ^ ~\n"}
,{"stream_name":"stderr","time":47.676425514,"data":"/tmp/dsv4-native-src/dee.cpp/src/swiglu_cuda.cu:297:3: warning: style of line directive is a GCC extension\n"}
,{"stream_name":"stderr","time":47.676430911,"data":"  297 |     constexpr float beta = 0.0f;\n"}
,{"stream_name":"stderr","time":47.676434663,"data":"      |   ^ ~\n"}
,{"stream_name":"stderr","time":47.676537097,"data":"/tmp/dsv4-native-src/dee.cpp/src/swiglu_cuda.cu:298:3: warning: style of line directive is a GCC extension\n"}
,{"stream_name":"stderr","time":47.676545438,"data":"  298 |     const size_t ticket = profiler \u0026\u0026 profiler-\u003eenabled()\n"}
,{"stream_name":"stderr","time":47.676549523,"data":"      |   ^ ~\n"}
,{"stream_name":"stderr","time":47.676561583,"data":"/tmp/dsv4-native-src/dee.cpp/src/swiglu_cuda.cu:299:3: warning: style of line directive is a GCC extension\n"}
,{"stream_name":"stderr","time":47.676565863,"data":"  299 |         ? profiler-\u003ecuda_begin(stage, static_cast\u003cvoid*\u003e(stream)) : static_cast\u003csize_t\u003e(-1);\n"}
,{"stream_name":"stderr","time":47.676570107,"data":"      |   ^  \n"}
,{"stream_name":"stderr","time":47.676651473,"data":"/tmp/dsv4-native-src/dee.cpp/src/swiglu_cuda.cu:301:3: warning: style of line directive is a GCC extension\n"}
,{"stream_name":"stderr","time":47.676659473,"data":"  301 |     const auto dispatch_begin = profiler \u0026\u0026 profiler-\u003etimeline_enabled()\n"}
,{"stream_name":"stderr","time":47.676664398,"data":"      |   ^ ~\n"}
,{"stream_name":"stderr","time":47.676717981,"data":"/tmp/dsv4-native-src/dee.cpp/src/swiglu_cuda.cu:302:3: warning: style of line directive is a GCC extension\n"}
,{"stream_name":"stderr","time":47.676725464,"data":"  302 |         ? StageProfiler::now() : StageProfiler::TimePoint{};\n"}
,{"stream_name":"stderr","time":47.676730351,"data":"      |   ^  \n"}
,{"stream_name":"stderr","time":47.67681938,"data":"/tmp/dsv4-native-src/dee.cpp/src/swiglu_cuda.cu:304:3: warning: style of line directive is a GCC extension\n"}
,{"stream_name":"stderr","time":47.676830909,"data":"  304 |         cublasSgemv(handle, CUBLAS_OP_T, cols, rows, \u0026alpha, matrix, cols,\n"}
,{"stream_name":"stderr","time":47.676843561,"data":"      |   ^  \n"}
,{"stream_name":"stderr","time":47.676887483,"data":"/tmp/dsv4-native-src/dee.cpp/src/swiglu_cuda.cu:308:3: warning: style of line directive is a GCC extension\n"}
,{"stream_name":"stderr","time":47.676894903,"data":"  308 |         profiler-\u003enote_cpu_timeline(CpuTimelineKind::CublasDispatch, dispatch_begin);\n"}
,{"stream_name":"stderr","time":47.676899777,"data":"      |   ^  \n"}
,{"stream_name":"stderr","time":47.676950811,"data":"/tmp/dsv4-native-src/dee.cpp/src/swiglu_cuda.cu:309:3: warning: style of line directive is a GCC extension\n"}
,{"stream_name":"stderr","time":47.676957799,"data":"  309 |     }\n"}
,{"stream_name":"stderr","time":47.676962539,"data":"      |   ^ ~\n"}
,{"stream_name":"stderr","time":47.677028822,"data":"/tmp/dsv4-native-src/dee.cpp/src/swiglu_cuda.cu:310:3: warning: style of line directive is a GCC extension\n"}
,{"stream_name":"stderr","time":47.677036584,"data":"  310 |     if (!ok) return false;\n"}
,{"stream_name":"stderr","time":47.677041308,"data":"      |   ^ ~\n"}
,{"stream_name":"stderr","time":47.677101787,"data":"/tmp/dsv4-native-src/dee.cpp/src/swiglu_cuda.cu:311:3: warning: style of line directive is a GCC extension\n"}
,{"stream_name":"stderr","time":47.677108443,"data":"  311 |     return !profiler || !profiler-\u003eenabled() || profiler-\u003ecuda_end(ticket, static_cast\u003cvoid*\u003e(stream));\n"}
,{"stream_name":"stderr","time":47.677112697,"data":"      |   ^ ~\n"}
,{"stream_name":"stderr","time":47.677137031,"data":"/tmp/dsv4-native-src/dee.cpp/src/swiglu_cuda.cu:312:3: warning: style of line directive is a GCC extension\n"}
,{"stream_name":"stderr","time":47.677143874,"data":"  312 | }\n"}
,{"stream_name":"stderr","time":47.677148273,"data":"      |   ^  \n"}
,{"stream_name":"stderr","time":47.677214948,"data":"/tmp/dsv4-native-src/dee.cpp/src/swiglu_cuda.cu:313:3: warning: style of line directive is a GCC extension\n"}
,{"stream_name":"stderr","time":47.677220949,"data":"  313 | \n"}
,{"stream_name":"stderr","time":47.677225003,"data":"      |   ^  \n"}
,{"stream_name":"stderr","time":47.677276969,"data":"/tmp/dsv4-native-src/dee.cpp/src/swiglu_cuda.cu:315:3: warning: style of line directive is a GCC extension\n"}
,{"stream_name":"stderr","time":47.677283928,"data":"  315 | \n"}
,{"stream_name":"stderr","time":47.677287575,"data":"      |   ^  \n"}
,{"stream_name":"stderr","time":47.677358889,"data":"/tmp/dsv4-native-src/dee.cpp/src/swiglu_cuda.cu:317:3: warning: style of line directive is a GCC extension\n"}
,{"stream_name":"stderr","time":47.677367034,"data":"  317 |                         float* d_gate, float* d_up, float* d_y,\n"}
,{"stream_name":"stderr","time":47.677371758,"data":"      |   ^  \n"}
,{"stream_name":"stderr","time":47.677418074,"data":"/tmp/dsv4-native-src/dee.cpp/src/swiglu_cuda.cu:318:3: warning: style of line directive is a GCC extension\n"}
,{"stream_name":"stderr","time":47.677425136,"data":"  318 |                         int inter, int hidden, cudaStream_t stream, StageProfiler* profiler,\n"}
,{"stream_name":"stderr","time":47.677429187,"data":"      |   ^  \n"}
,{"stream_name":"stderr","time":47.677479611,"data":"/tmp/dsv4-native-src/dee.cpp/src/swiglu_cuda.cu:319:3: warning: style of line directive is a GCC extension\n"}
,{"stream_name":"stderr","time":47.677485804,"data":"  319 |                         float swiglu_limit) {\n"}
,{"stream_name":"stderr","time":47.677508031,"data":"      |   ^  \n"}
,{"stream_name":"stderr","time":47.67756611,"data":"/tmp/dsv4-native-src/dee.cpp/src/swiglu_cuda.cu:320:3: warning: style of line directive is a GCC extension\n"}
,{"stream_name":"stderr","time":47.677579436,"data":"  320 |     if (!handle || !d_weights || !d_x || !d_gate || !d_up || !d_y || !stream || inter \u003c= 0 || hidden \u003c= 0) {\n"}
,{"stream_name":"stderr","time":47.677584147,"data":"      |   ^ ~\n"}
,{"stream_name":"stderr","time":47.677660187,"data":"/tmp/dsv4-native-src/dee.cpp/src/swiglu_cuda.cu:321:3: warning: style of line directive is a GCC extension\n"}
,{"stream_name":"stderr","time":47.677667162,"data":"  321 |         std::fprintf(stderr, \"[cuda] invalid cuBLAS SwiGLU arguments (inter=%d hidden=%d)\\n\", inter, hidden);\n"}
,{"stream_name":"stderr","time":47.677672399,"data":"      |   ^  \n"}
,{"stream_name":"stderr","time":47.677717822,"data":"/tmp/dsv4-native-src/dee.cpp/src/swiglu_cuda.cu:322:3: warning: style of line directive is a GCC extension\n"}
,{"stream_name":"stderr","time":47.677724429,"data":"  322 |         return false;\n"}
,{"stream_name":"stderr","time":47.677728754,"data":"      |   ^  \n"}
,{"stream_name":"stderr","time":47.677803359,"data":"/tmp/dsv4-native-src/dee.cpp/src/swiglu_cuda.cu:323:3: warning: style of line directive is a GCC extension\n"}
,{"stream_name":"stderr","time":47.677813251,"data":"  323 |     }\n"}
,{"stream_name":"stderr","time":47.677817412,"data":"      |   ^ ~\n"}
,{"stream_name":"stderr","time":47.677868542,"data":"/tmp/dsv4-native-src/dee.cpp/src/swiglu_cuda.cu:324:3: warning: style of line directive is a GCC extension\n"}
,{"stream_name":"stderr","time":47.67787485,"data":"  324 |     const size_t projection = static_cast\u003csize_t\u003e(inter) * hidden;\n"}
,{"stream_name":"stderr","time":47.677880437,"data":"      |   ^ ~\n"}
,{"stream_name":"stderr","time":47.677946593,"data":"/tmp/dsv4-native-src/dee.cpp/src/swiglu_cuda.cu:325:3: warning: style of line directive is a GCC extension\n"}
,{"stream_name":"stderr","time":47.677952759,"data":"  325 |     if (!gemv_row_major(handle, d_weights, inter, hidden, d_x, d_gate, stream,\n"}
,{"stream_name":"stderr","time":47.677958291,"data":"      |   ^ ~\n"}
,{"stream_name":"stderr","time":47.67803759,"data":"/tmp/dsv4-native-src/dee.cpp/src/swiglu_cuda.cu:326:3: warning: style of line directive is a GCC extension\n"}
,{"stream_name":"stderr","time":47.67804386,"data":"  326 |                         GpuStage::GateProjection, profiler) ||\n"}
,{"stream_name":"stderr","time":47.678047847,"data":"      |   ^  \n"}
,{"stream_name":"stderr","time":47.67808757,"data":"/tmp/dsv4-native-src/dee.cpp/src/swiglu_cuda.cu:329:3: warning: style of line directive is a GCC extension\n"}
,{"stream_name":"stderr","time":47.678093479,"data":"  329 |     const size_t activation_ticket = profiler \u0026\u0026 profiler-\u003eenabled()\n"}
,{"stream_name":"stderr","time":47.678098518,"data":"      |   ^ ~\n"}
,{"stream_name":"stderr","time":47.678175266,"data":"/tmp/dsv4-native-src/dee.cpp/src/swiglu_cuda.cu:330:3: warning: style of line directive is a GCC extension\n"}
,{"stream_name":"stderr","time":47.678182889,"data":"  330 |         ? profiler-\u003ecuda_begin(GpuStage::SiluMultiply, static_cast\u003cvoid*\u003e(stream)) : static_cast\u003csize_t\u003e(-1);\n"}
,{"stream_name":"stderr","time":47.678188274,"data":"      |   ^  \n"}
,{"stream_name":"stderr","time":47.678260429,"data":"/tmp/dsv4-native-src/dee.cpp/src/swiglu_cuda.cu:332:3: warning: style of line directive is a GCC extension\n"}
,{"stream_name":"stderr","time":47.678266283,"data":"  332 |         d_gate, d_up, inter, swiglu_limit);\n"}
,{"stream_name":"stderr","time":47.678270342,"data":"      |   ^  \n"}
,{"stream_name":"stderr","time":47.678326534,"data":"/tmp/dsv4-native-src/dee.cpp/src/swiglu_cuda.cu:334:3: warning: style of line directive is a GCC extension\n"}
,{"stream_name":"stderr","time":47.678342482,"data":"  334 |     if (!DEE_CUDA_CHECK_LAUNCH(\"swiglu_activation_kernel launch\")) return false;\n"}
,{"stream_name":"stderr","time":47.678346983,"data":"      |   ^ ~\n"}
,{"stream_name":"stderr","time":47.678410662,"data":"/tmp/dsv4-native-src/dee.cpp/src/swiglu_cuda.cu:335:3: warning: style of line directive is a GCC extension\n"}
,{"stream_name":"stderr","time":47.678417018,"data":"  335 |     if (profiler \u0026\u0026 profiler-\u003eenabled() \u0026\u0026\n"}
,{"stream_name":"stderr","time":47.678421972,"data":"      |   ^ ~\n"}
,{"stream_name":"stderr","time":47.678482897,"data":"/tmp/dsv4-native-src/dee.cpp/src/swiglu_cuda.cu:336:3: warning: style of line directive is a GCC extension\n"}
,{"stream_name":"stderr","time":47.678490089,"data":"  336 |         !profiler-\u003ecuda_end(activation_ticket, static_cast\u003cvoid*\u003e(stream))) return false;\n"}
,{"stream_name":"stderr","time":47.678495249,"data":"      |   ^  \n"}
,{"stream_name":"stderr","time":47.678561366,"data":"/tmp/dsv4-native-src/dee.cpp/src/swiglu_cuda.cu:337:3: warning: style of line directive is a GCC extension\n"}
,{"stream_name":"stderr","time":47.678568185,"data":"  337 |     if (!gemv_row_major(handle, d_weights + 2 * projection, hidden, inter, d_gate, d_y, stream,\n"}
,{"stream_name":"stderr","time":47.678573015,"data":"      |   ^ ~\n"}
,{"stream_name":"stderr","time":47.678642187,"data":"/tmp/dsv4-native-src/dee.cpp/src/swiglu_cuda.cu:338:3: warning: style of line directive is a GCC extension\n"}
,{"stream_name":"stderr","time":47.678648649,"data":"  338 |                         GpuStage::DownProjection, profiler)) return false;\n"}
,{"stream_name":"stderr","time":47.67865295,"data":"      |   ^  \n"}
,{"stream_name":"stderr","time":47.678728227,"data":"/tmp/dsv4-native-src/dee.cpp/src/swiglu_cuda.cu:339:3: warning: style of line directive is a GCC extension\n"}
,{"stream_name":"stderr","time":47.67873442,"data":"  339 | #ifdef DEE_CUDA_VALIDATE\n"}
,{"stream_name":"stderr","time":47.678765213,"data":"      |   ^~~\n"}
,{"stream_name":"stderr","time":47.678806595,"data":"/tmp/dsv4-native-src/dee.cpp/src/swiglu_cuda.cu:343:3: warning: style of line directive is a GCC extension\n"}
,{"stream_name":"stderr","time":47.67881218,"data":"  343 | #endif\n"}
,{"stream_name":"stderr","time":47.67881619,"data":"      |   ^~~\n"}
,{"stream_name":"stderr","time":47.6788873,"data":"/tmp/dsv4-native-src/dee.cpp/src/swiglu_cuda.cu:345:3: warning: style of line directive is a GCC extension\n"}
,{"stream_name":"stderr","time":47.678894275,"data":"  345 | \n"}
,{"stream_name":"stderr","time":47.67889876,"data":"      |   ^  \n"}
,{"stream_name":"stderr","time":47.678961726,"data":"/tmp/dsv4-native-src/dee.cpp/src/swiglu_cuda.cu:347:3: warning: style of line directive is a GCC extension\n"}
,{"stream_name":"stderr","time":47.678968436,"data":"  347 |                              const void* d_x, float* d_gate, float* d_up,\n"}
,{"stream_name":"stderr","time":47.678973005,"data":"      |   ^  \n"}
,{"stream_name":"stderr","time":47.679041328,"data":"/tmp/dsv4-native-src/dee.cpp/src/swiglu_cuda.cu:348:3: warning: style of line directive is a GCC extension\n"}
,{"stream_name":"stderr","time":47.679048429,"data":"  348 |                              void* d_activation, float* d_y,\n"}
,{"stream_name":"stderr","time":47.679052633,"data":"      |   ^  \n"}
,{"stream_name":"stderr","time":47.67911831,"data":"/tmp/dsv4-native-src/dee.cpp/src/swiglu_cuda.cu:349:3: warning: style of line directive is a GCC extension\n"}
,{"stream_name":"stderr","time":47.679131177,"data":"  349 |                              int inter, int hidden, cudaStream_t stream,\n"}
,{"stream_name":"stderr","time":47.679135377,"data":"      |   ^  \n"}
,{"stream_name":"stderr","time":47.679188745,"data":"/tmp/dsv4-native-src/dee.cpp/src/swiglu_cuda.cu:350:3: warning: style of line directive is a GCC extension\n"}
,{"stream_name":"stderr","time":47.679195351,"data":"  350 |                              StageProfiler* profiler, float swiglu_limit) {\n"}
,{"stream_name":"stderr","time":47.679199667,"data":"      |   ^  \n"}
,{"stream_name":"stderr","time":47.679268284,"data":"/tmp/dsv4-native-src/dee.cpp/src/swiglu_cuda.cu:351:3: warning: style of line directive is a GCC extension\n"}
,{"stream_name":"stderr","time":47.679275387,"data":"  351 |     if (!handle || !d_weights || !d_x || !d_gate || !d_up || !d_activation ||\n"}
,{"stream_name":"stderr","time":47.679280151,"data":"      |   ^ ~\n"}
,{"stream_name":"stderr","time":47.67936158,"data":"/tmp/dsv4-native-src/dee.cpp/src/swiglu_cuda.cu:352:3: warning: style of line directive is a GCC extension\n"}
,{"stream_name":"stderr","time":47.679368009,"data":"  352 |         !d_y || !stream || inter \u003c= 0 || hidden \u003c= 0) {\n"}
,{"stream_name":"stderr","time":47.67937237,"data":"      |   ^  \n"}
,{"stream_name":"stderr","time":47.679429346,"data":"/tmp/dsv4-native-src/dee.cpp/src/swiglu_cuda.cu:353:3: warning: style of line directive is a GCC extension\n"}
,{"stream_name":"stderr","time":47.679453733,"data":"  353 |         std::fprintf(stderr, \"[cuda] invalid FP16 cuBLAS SwiGLU arguments (inter=%d hidden=%d)\\n\",\n"}
,{"stream_name":"stderr","time":47.679459094,"data":"      |   ^  \n"}
,{"stream_name":"stderr","time":47.679534035,"data":"/tmp/dsv4-native-src/dee.cpp/src/swiglu_cuda.cu:354:3: warning: style of line directive is a GCC extension\n"}
,{"stream_name":"stderr","time":47.679541982,"data":"  354 |                      inter, hidden);\n"}
,{"stream_name":"stderr","time":47.679546599,"data":"      |   ^  \n"}
,{"stream_name":"stderr","time":47.679615579,"data":"/tmp/dsv4-native-src/dee.cpp/src/swiglu_cuda.cu:356:3: warning: style of line directive is a GCC extension\n"}
,{"stream_name":"stderr","time":47.679624871,"data":"  356 |     }\n"}
,{"stream_name":"stderr","time":47.679629763,"data":"      |   ^ ~\n"}
,{"stream_name":"stderr","time":47.679692087,"data":"/tmp/dsv4-native-src/dee.cpp/src/swiglu_cuda.cu:357:3: warning: style of line directive is a GCC extension\n"}
,{"stream_name":"stderr","time":47.679698943,"data":"  357 |     const auto* weights = static_cast\u003cconst __half*\u003e(d_weights);\n"}
,{"stream_name":"stderr","time":47.679704155,"data":"      |   ^ ~\n"}
,{"stream_name":"stderr","time":47.679792767,"data":"/tmp/dsv4-native-src/dee.cpp/src/swiglu_cuda.cu:358:3: warning: style of line directive is a GCC extension\n"}
,{"stream_name":"stderr","time":47.6798056,"data":"  358 |     const auto* input = static_cast\u003cconst __half*\u003e(d_x);\n"}
,{"stream_name":"stderr","time":47.67981007,"data":"      |   ^ ~\n"}
,{"stream_name":"stderr","time":47.679879291,"data":"/tmp/dsv4-native-src/dee.cpp/src/swiglu_cuda.cu:359:3: warning: style of line directive is a GCC extension\n"}
,{"stream_name":"stderr","time":47.67988718,"data":"  359 |     auto* activation = static_cast\u003c__half*\u003e(d_activation);\n"}
,{"stream_name":"stderr","time":47.679892536,"data":"      |   ^ ~\n"}
,{"stream_name":"stderr","time":47.679954056,"data":"/tmp/dsv4-native-src/dee.cpp/src/swiglu_cuda.cu:360:3: warning: style of line directive is a GCC extension\n"}
,{"stream_name":"stderr","time":47.67996305,"data":"  360 |     auto* gate = reinterpret_cast\u003c__half*\u003e(d_gate);\n"}
,{"stream_name":"stderr","time":47.679974687,"data":"      |   ^ ~\n"}
,{"stream_name":"stderr","time":47.680040377,"data":"/tmp/dsv4-native-src/dee.cpp/src/swiglu_cuda.cu:361:3: warning: style of line directive is a GCC extension\n"}
,{"stream_name":"stderr","time":47.680047284,"data":"  361 |     auto* up = reinterpret_cast\u003c__half*\u003e(d_up);\n"}
,{"stream_name":"stderr","time":47.680052118,"data":"      |   ^ ~\n"}
,{"stream_name":"stderr","time":47.680125792,"data":"/tmp/dsv4-native-src/dee.cpp/src/swiglu_cuda.cu:362:3: warning: style of line directive is a GCC extension\n"}
,{"stream_name":"stderr","time":47.680134714,"data":"  362 |     const size_t projection = static_cast\u003csize_t\u003e(inter) * hidden;\n"}
,{"stream_name":"stderr","time":47.680139926,"data":"      |   ^ ~\n"}
,{"stream_name":"stderr","time":47.680205282,"data":"/tmp/dsv4-native-src/dee.cpp/src/swiglu_cuda.cu:363:3: warning: style of line directive is a GCC extension\n"}
,{"stream_name":"stderr","time":47.680211882,"data":"  363 |     if (!gemm_fp16_row_major_to_fp16(handle, weights, inter, hidden, input, gate,\n"}
,{"stream_name":"stderr","time":47.680216975,"data":"      |   ^ ~\n"}
,{"stream_name":"stderr","time":47.680292552,"data":"/tmp/dsv4-native-src/dee.cpp/src/swiglu_cuda.cu:364:3: warning: style of line directive is a GCC extension\n"}
,{"stream_name":"stderr","time":47.680300377,"data":"  364 |                                      stream, GpuStage::GateProjection, profiler) ||\n"}
,{"stream_name":"stderr","time":47.68030561,"data":"      |   ^  \n"}
,{"stream_name":"stderr","time":47.680378774,"data":"/tmp/dsv4-native-src/dee.cpp/src/swiglu_cuda.cu:367:3: warning: style of line directive is a GCC extension\n"}
,{"stream_name":"stderr","time":47.680387889,"data":"  367 |     const size_t activation_ticket = profiler \u0026\u0026 profiler-\u003eenabled()\n"}
,{"stream_name":"stderr","time":47.680392945,"data":"      |   ^ ~\n"}
,{"stream_name":"stderr","time":47.680462693,"data":"/tmp/dsv4-native-src/dee.cpp/src/swiglu_cuda.cu:368:3: warning: style of line directive is a GCC extension\n"}
,{"stream_name":"stderr","time":47.680469844,"data":"  368 |         ? profiler-\u003ecuda_begin(GpuStage::SiluMultiply, static_cast\u003cvoid*\u003e(stream))\n"}
,{"stream_name":"stderr","time":47.680475311,"data":"      |   ^  \n"}
,{"stream_name":"stderr","time":47.680556102,"data":"/tmp/dsv4-native-src/dee.cpp/src/swiglu_cuda.cu:371:3: warning: style of line directive is a GCC extension\n"}
,{"stream_name":"stderr","time":47.680578387,"data":"  371 |         gate, up, activation, inter, swiglu_limit);\n"}
,{"stream_name":"stderr","time":47.680582819,"data":"      |   ^  \n"}
,{"stream_name":"stderr","time":47.680656077,"data":"/tmp/dsv4-native-src/dee.cpp/src/swiglu_cuda.cu:373:3: warning: style of line directive is a GCC extension\n"}
,{"stream_name":"stderr","time":47.680674712,"data":"  373 |     if (!DEE_CUDA_CHECK_LAUNCH(\"swiglu_activation_fp16_kernel launch\")) return false;\n"}
,{"stream_name":"stderr","time":47.680679291,"data":"      |   ^ ~\n"}
,{"stream_name":"stderr","time":47.680737466,"data":"/tmp/dsv4-native-src/dee.cpp/src/swiglu_cuda.cu:374:3: warning: style of line directive is a GCC extension\n"}
,{"stream_name":"stderr","time":47.680760509,"data":"  374 |     if (profiler \u0026\u0026 profiler-\u003eenabled() \u0026\u0026\n"}
,{"stream_name":"stderr","time":47.680765903,"data":"      |   ^ ~\n"}
,{"stream_name":"stderr","time":47.680845696,"data":"/tmp/dsv4-native-src/dee.cpp/src/swiglu_cuda.cu:375:3: warning: style of line directive is a GCC extension\n"}
,{"stream_name":"stderr","time":47.68085894,"data":"  375 |         !profiler-\u003ecuda_end(activation_ticket, static_cast\u003cvoid*\u003e(stream))) return false;\n"}
,{"stream_name":"stderr","time":47.680863344,"data":"      |   ^  \n"}
,{"stream_name":"stderr","time":47.680919335,"data":"/tmp/dsv4-native-src/dee.cpp/src/swiglu_cuda.cu:376:3: warning: style of line directive is a GCC extension\n"}
,{"stream_name":"stderr","time":47.680925213,"data":"  376 |     if (!fp16_gemv_to_f32(weights + 2 * projection, hidden, inter,\n"}
,{"stream_name":"stderr","time":47.680929328,"data":"      |   ^ ~\n"}
,{"stream_name":"stderr","time":47.681000629,"data":"/tmp/dsv4-native-src/dee.cpp/src/swiglu_cuda.cu:377:3: warning: style of line directive is a GCC extension\n"}
,{"stream_name":"stderr","time":47.681006981,"data":"  377 |                           activation, d_y, stream,\n"}
,{"stream_name":"stderr","time":47.681010917,"data":"      |   ^  \n"}
,{"stream_name":"stderr","time":47.681094598,"data":"/tmp/dsv4-native-src/dee.cpp/src/swiglu_cuda.cu:379:3: warning: style of line directive is a GCC extension\n"}
,{"stream_name":"stderr","time":47.681102139000004,"data":"  379 | #ifdef DEE_CUDA_VALIDATE\n"}
,{"stream_name":"stderr","time":47.68110612,"data":"      |   ^~~\n"}
,{"stream_name":"stderr","time":47.681175336,"data":"/tmp/dsv4-native-src/dee.cpp/src/swiglu_cuda.cu:384:3: warning: style of line directive is a GCC extension\n"}
,{"stream_name":"stderr","time":47.681184727,"data":"  384 | #endif\n"}
,{"stream_name":"stderr","time":47.681189048,"data":"      |   ^~~\n"}
,{"stream_name":"stderr","time":47.681237101,"data":"/tmp/dsv4-native-src/dee.cpp/src/swiglu_cuda.cu:386:3: warning: style of line directive is a GCC extension\n"}
,{"stream_name":"stderr","time":47.681242808,"data":"  386 | \n"}
,{"stream_name":"stderr","time":47.681250601,"data":"      |   ^  \n"}
,{"stream_name":"stderr","time":47.68132459,"data":"/tmp/dsv4-native-src/dee.cpp/src/swiglu_cuda.cu:388:3: warning: style of line directive is a GCC extension\n"}
,{"stream_name":"stderr","time":47.681331803,"data":"  388 |         cublasHandle_t handle, const void* d_weights, const void* d_x,\n"}
,{"stream_name":"stderr","time":47.681336307,"data":"      |   ^  \n"}
,{"stream_name":"stderr","time":47.681398679,"data":"/tmp/dsv4-native-src/dee.cpp/src/swiglu_cuda.cu:389:3: warning: style of line directive is a GCC extension\n"}
,{"stream_name":"stderr","time":47.681404757,"data":"  389 |         void* d_gate, void* d_up, void* d_activation, float* d_y,\n"}
,{"stream_name":"stderr","time":47.681409151,"data":"      |   ^  \n"}
,{"stream_name":"stderr","time":47.681479593,"data":"/tmp/dsv4-native-src/dee.cpp/src/swiglu_cuda.cu:390:3: warning: style of line directive is a GCC extension\n"}
,{"stream_name":"stderr","time":47.681486296,"data":"  390 |         int tokens, int inter, int hidden, cudaStream_t stream,\n"}
,{"stream_name":"stderr","time":47.681490345,"data":"      |   ^  \n"}
,{"stream_name":"stderr","time":47.681565753,"data":"/tmp/dsv4-native-src/dee.cpp/src/swiglu_cuda.cu:391:3: warning: style of line directive is a GCC extension\n"}
,{"stream_name":"stderr","time":47.681572375,"data":"  391 |         StageProfiler* profiler, float swiglu_limit) {\n"}
,{"stream_name":"stderr","time":47.681576453,"data":"      |   ^  \n"}
,{"stream_name":"stderr","time":47.68163993,"data":"/tmp/dsv4-native-src/dee.cpp/src/swiglu_cuda.cu:392:3: warning: style of line directive is a GCC extension\n"}
,{"stream_name":"stderr","time":47.681647107,"data":"  392 |     if (!handle || !d_weights || !d_x || !d_gate || !d_up || !d_activation ||\n"}
,{"stream_name":"stderr","time":47.681655612,"data":"      |   ^ ~\n"}
,{"stream_name":"stderr","time":47.681729956,"data":"/tmp/dsv4-native-src/dee.cpp/src/swiglu_cuda.cu:393:3: warning: style of line directive is a GCC extension\n"}
,{"stream_name":"stderr","time":47.681736142,"data":"  393 |         !d_y || !stream || tokens \u003c= 0 || inter \u003c= 0 || hidden \u003c= 0) {\n"}
,{"stream_name":"stderr","time":47.681762685,"data":"      |   ^  \n"}
,{"stream_name":"stderr","time":47.681827107,"data":"/tmp/dsv4-native-src/dee.cpp/src/swiglu_cuda.cu:394:3: warning: style of line directive is a GCC extension\n"}
,{"stream_name":"stderr","time":47.681832533,"data":"  394 |         std::fprintf(stderr,\n"}
,{"stream_name":"stderr","time":47.681837464,"data":"      |   ^  \n"}
,{"stream_name":"stderr","time":47.68190954,"data":"/tmp/dsv4-native-src/dee.cpp/src/swiglu_cuda.cu:395:3: warning: style of line directive is a GCC extension\n"}
,{"stream_name":"stderr","time":47.681916276,"data":"  395 |             \"[cuda] invalid FP16 batched SwiGLU arguments (tokens=%d inter=%d hidden=%d)\\n\",\n"}
,{"stream_name":"stderr","time":47.681920352,"data":"      |   ^  \n"}
,{"stream_name":"stderr","time":47.681979467,"data":"/tmp/dsv4-native-src/dee.cpp/src/swiglu_cuda.cu:398:3: warning: style of line directive is a GCC extension\n"}
,{"stream_name":"stderr","time":47.681986289,"data":"  398 |     }\n"}
,{"stream_name":"stderr","time":47.681990521,"data":"      |   ^ ~\n"}
,{"stream_name":"stderr","time":47.68205478,"data":"/tmp/dsv4-native-src/dee.cpp/src/swiglu_cuda.cu:399:3: warning: style of line directive is a GCC extension\n"}
,{"stream_name":"stderr","time":47.682061851,"data":"  399 |     const auto* weights = static_cast\u003cconst __half*\u003e(d_weights);\n"}
,{"stream_name":"stderr","time":47.68206672,"data":"      |   ^ ~\n"}
,{"stream_name":"stderr","time":47.682140109,"data":"/tmp/dsv4-native-src/dee.cpp/src/swiglu_cuda.cu:400:3: warning: style of line directive is a GCC extension\n"}
,{"stream_name":"stderr","time":47.682146365,"data":"  400 |     const auto* input = static_cast\u003cconst __half*\u003e(d_x);\n"}
,{"stream_name":"stderr","time":47.682150467,"data":"      |   ^ ~\n"}
,{"stream_name":"stderr","time":47.682214251,"data":"/tmp/dsv4-native-src/dee.cpp/src/swiglu_cuda.cu:401:3: warning: style of line directive is a GCC extension\n"}
,{"stream_name":"stderr","time":47.682220789,"data":"  401 |     auto* gate = static_cast\u003c__half*\u003e(d_gate);\n"}
,{"stream_name":"stderr","time":47.682225374,"data":"      |   ^ ~\n"}
,{"stream_name":"stderr","time":47.682292847,"data":"/tmp/dsv4-native-src/dee.cpp/src/swiglu_cuda.cu:402:3: warning: style of line directive is a GCC extension\n"}
,{"stream_name":"stderr","time":47.682299228,"data":"  402 |     auto* up = static_cast\u003c__half*\u003e(d_up);\n"}
,{"stream_name":"stderr","time":47.682303881,"data":"      |   ^ ~\n"}
,{"stream_name":"stderr","time":47.68237021,"data":"/tmp/dsv4-native-src/dee.cpp/src/swiglu_cuda.cu:403:3: warning: style of line directive is a GCC extension\n"}
,{"stream_name":"stderr","time":47.682376927,"data":"  403 |     auto* activation = static_cast\u003c__half*\u003e(d_activation);\n"}
,{"stream_name":"stderr","time":47.682381073,"data":"      |   ^ ~\n"}
,{"stream_name":"stderr","time":47.682455574,"data":"/tmp/dsv4-native-src/dee.cpp/src/swiglu_cuda.cu:404:3: warning: style of line directive is a GCC extension\n"}
,{"stream_name":"stderr","time":47.682461413,"data":"  404 |     const size_t projection = static_cast\u003csize_t\u003e(inter) * hidden;\n"}
,{"stream_name":"stderr","time":47.682465809,"data":"      |   ^ ~\n"}
,{"stream_name":"stderr","time":47.682595499,"data":"/tmp/dsv4-native-src/dee.cpp/src/swiglu_cuda.cu:405:3: warning: style of line directive is a GCC extension\n"}
,{"stream_name":"stderr","time":47.68261201,"data":"  405 |     if (!gemm_fp16_row_major_batch_to_fp16(\n"}
,{"stream_name":"stderr","time":47.682616307,"data":"      |   ^ ~\n"}
,{"stream_name":"stderr","time":47.682663877,"data":"/tmp/dsv4-native-src/dee.cpp/src/swiglu_cuda.cu:406:3: warning: style of line directive is a GCC extension\n"}
,{"stream_name":"stderr","time":47.682670801,"data":"  406 |             handle, weights, inter, hidden, input, tokens, gate, stream,\n"}
,{"stream_name":"stderr","time":47.682675493,"data":"      |   ^  \n"}
,{"stream_name":"stderr","time":47.682718236,"data":"/tmp/dsv4-native-src/dee.cpp/src/swiglu_cuda.cu:411:3: warning: style of line directive is a GCC extension\n"}
,{"stream_name":"stderr","time":47.682723749,"data":"  411 |     const int activation_elements = tokens * inter;\n"}
,{"stream_name":"stderr","time":47.682727697,"data":"      |   ^ ~\n"}
,{"stream_name":"stderr","time":47.682864979,"data":"/tmp/dsv4-native-src/dee.cpp/src/swiglu_cuda.cu:412:3: warning: style of line directive is a GCC extension\n"}
,{"stream_name":"stderr","time":47.682878267,"data":"  412 |     const size_t activation_ticket = profiler \u0026\u0026 profiler-\u003eenabled()\n"}
,{"stream_name":"stderr","time":47.682883361,"data":"      |   ^ ~\n"}
,{"stream_name":"stderr","time":47.682955702,"data":"/tmp/dsv4-native-src/dee.cpp/src/swiglu_cuda.cu:413:3: warning: style of line directive is a GCC extension\n"}
,{"stream_name":"stderr","time":47.682973447,"data":"  413 |         ? profiler-\u003ecuda_begin(GpuStage::SiluMultiply, static_cast\u003cvoid*\u003e(stream))\n"}
,{"stream_name":"stderr","time":47.682978414,"data":"      |   ^  \n"}
,{"stream_name":"stderr","time":47.682997402,"data":"/tmp/dsv4-native-src/dee.cpp/src/swiglu_cuda.cu:416:3: warning: style of line directive is a GCC extension\n"}
,{"stream_name":"stderr","time":47.68300167,"data":"  416 |         grid_for(activation_elements), kThreads, 0, stream\u003e\u003e\u003e(\n"}
,{"stream_name":"stderr","time":47.68300595,"data":"      |   ^  \n"}
,{"stream_name":"stderr","time":47.683088221,"data":"/tmp/dsv4-native-src/dee.cpp/src/swiglu_cuda.cu:419:3: warning: style of line directive is a GCC extension\n"}
,{"stream_name":"stderr","time":47.683096023,"data":"  419 |     if (!DEE_CUDA_CHECK_LAUNCH(\"swiglu_activation_batch_fp16_kernel launch\")) return false;\n"}
,{"stream_name":"stderr","time":47.683100803,"data":"      |   ^ ~\n"}
,{"stream_name":"stderr","time":47.683180122,"data":"/tmp/dsv4-native-src/dee.cpp/src/swiglu_cuda.cu:420:3: warning: style of line directive is a GCC extension\n"}
,{"stream_name":"stderr","time":47.683187063,"data":"  420 |     if (profiler \u0026\u0026 profiler-\u003eenabled() \u0026\u0026\n"}
,{"stream_name":"stderr","time":47.683191565,"data":"      |   ^ ~\n"}
,{"stream_name":"stderr","time":47.68326179,"data":"/tmp/dsv4-native-src/dee.cpp/src/swiglu_cuda.cu:421:3: warning: style of line directive is a GCC extension\n"}
,{"stream_name":"stderr","time":47.683268626,"data":"  421 |         !profiler-\u003ecuda_end(activation_ticket, static_cast\u003cvoid*\u003e(stream))) return false;\n"}
,{"stream_name":"stderr","time":47.683273203,"data":"      |   ^  \n"}
,{"stream_name":"stderr","time":47.68335391,"data":"/tmp/dsv4-native-src/dee.cpp/src/swiglu_cuda.cu:422:3: warning: style of line directive is a GCC extension\n"}
,{"stream_name":"stderr","time":47.683363331,"data":"  422 |     if (!gemm_fp16_row_major_batch_to_fp32(\n"}
,{"stream_name":"stderr","time":47.683367512,"data":"      |   ^ ~\n"}
,{"stream_name":"stderr","time":47.683440305,"data":"/tmp/dsv4-native-src/dee.cpp/src/swiglu_cuda.cu:423:3: warning: style of line directive is a GCC extension\n"}
,{"stream_name":"stderr","time":47.683454859,"data":"  423 |             handle, weights + 2 * projection, hidden, inter, activation, tokens,\n"}
,{"stream_name":"stderr","time":47.683458924,"data":"      |   ^  \n"}
,{"stream_name":"stderr","time":47.683509247,"data":"/tmp/dsv4-native-src/dee.cpp/src/swiglu_cuda.cu:425:3: warning: style of line directive is a GCC extension\n"}
,{"stream_name":"stderr","time":47.683516765,"data":"  425 | #ifdef DEE_CUDA_VALIDATE\n"}
,{"stream_name":"stderr","time":47.683521394,"data":"      |   ^~~\n"}
,{"stream_name":"stderr","time":47.683601829,"data":"/tmp/dsv4-native-src/dee.cpp/src/swiglu_cuda.cu:430:3: warning: style of line directive is a GCC extension\n"}
,{"stream_name":"stderr","time":47.683608953,"data":"  430 | #endif\n"}
,{"stream_name":"stderr","time":47.683613529,"data":"      |   ^~~\n"}
,{"stream_name":"stderr","time":47.683640613,"data":"/tmp/dsv4-native-src/dee.cpp/src/swiglu_cuda.cu:432:3: warning: style of line directive is a GCC extension\n"}
,{"stream_name":"stderr","time":47.68365665,"data":"  432 | \n"}
,{"stream_name":"stderr","time":47.683660668,"data":"      |   ^  \n"}
,{"stream_name":"stderr","time":47.683761397,"data":"/tmp/dsv4-native-src/dee.cpp/src/swiglu_cuda.cu:434:3: warning: style of line directive is a GCC extension\n"}
,{"stream_name":"stderr","time":47.683774485,"data":"  434 |         cublasHandle_t handle,\n"}
,{"stream_name":"stderr","time":47.683778431,"data":"      |   ^  \n"}
,{"stream_name":"stderr","time":47.683841327,"data":"/tmp/dsv4-native-src/dee.cpp/src/swiglu_cuda.cu:435:3: warning: style of line directive is a GCC extension\n"}
,{"stream_name":"stderr","time":47.683847897,"data":"  435 |         const void* d_gate_weight_ptrs, const void* d_up_weight_ptrs,\n"}
,{"stream_name":"stderr","time":47.683851846,"data":"      |   ^  \n"}
,{"stream_name":"stderr","time":47.683915139,"data":"/tmp/dsv4-native-src/dee.cpp/src/swiglu_cuda.cu:436:3: warning: style of line directive is a GCC extension\n"}
,{"stream_name":"stderr","time":47.683922465,"data":"  436 |         const void* d_down_weight_ptrs, const void* d_input_ptrs,\n"}
,{"stream_name":"stderr","time":47.683927177,"data":"      |   ^  \n"}
,{"stream_name":"stderr","time":47.684007391,"data":"/tmp/dsv4-native-src/dee.cpp/src/swiglu_cuda.cu:437:3: warning: style of line directive is a GCC extension\n"}
,{"stream_name":"stderr","time":47.684013815,"data":"  437 |         const void* d_gate_output_ptrs, const void* d_up_output_ptrs,\n"}
,{"stream_name":"stderr","time":47.684017737,"data":"      |   ^  \n"}
,{"stream_name":"stderr","time":47.684085381,"data":"/tmp/dsv4-native-src/dee.cpp/src/swiglu_cuda.cu:438:3: warning: style of line directive is a GCC extension\n"}
,{"stream_name":"stderr","time":47.684091377,"data":"  438 |         const void* d_activation_ptrs, const void* d_raw_output_ptrs,\n"}
,{"stream_name":"stderr","time":47.684095532,"data":"      |   ^  \n"}
,{"stream_name":"stderr","time":47.684171257,"data":"/tmp/dsv4-native-src/dee.cpp/src/swiglu_cuda.cu:439:3: warning: style of line directive is a GCC extension\n"}
,{"stream_name":"stderr","time":47.684177857,"data":"  439 |         void* d_gate, void* d_up, void* d_activation,\n"}
,{"stream_name":"stderr","time":47.684181815,"data":"      |   ^  \n"}
,{"stream_name":"stderr","time":47.68425335,"data":"/tmp/dsv4-native-src/dee.cpp/src/swiglu_cuda.cu:440:3: warning: style of line directive is a GCC extension\n"}
,{"stream_name":"stderr","time":47.684259803,"data":"  440 |         int experts, int inter, int hidden, cudaStream_t stream,\n"}
,{"stream_name":"stderr","time":47.684273135,"data":"      |   ^  \n"}
,{"stream_name":"stderr","time":47.684337262,"data":"/tmp/dsv4-native-src/dee.cpp/src/swiglu_cuda.cu:441:3: warning: style of line directive is a GCC extension\n"}
,{"stream_name":"stderr","time":47.684342969,"data":"  441 |         StageProfiler* profiler, float swiglu_limit) {\n"}
,{"stream_name":"stderr","time":47.684346989,"data":"      |   ^  \n"}
,{"stream_name":"stderr","time":47.684436246,"data":"/tmp/dsv4-native-src/dee.cpp/src/swiglu_cuda.cu:442:3: warning: style of line directive is a GCC extension\n"}
,{"stream_name":"stderr","time":47.684443863,"data":"  442 |     if (!handle || !d_gate_weight_ptrs || !d_up_weight_ptrs ||\n"}
,{"stream_name":"stderr","time":47.684447867,"data":"      |   ^ ~\n"}
,{"stream_name":"stderr","time":47.684539863,"data":"/tmp/dsv4-native-src/dee.cpp/src/swiglu_cuda.cu:443:3: warning: style of line directive is a GCC extension\n"}
,{"stream_name":"stderr","time":47.684552649,"data":"  443 |         !d_down_weight_ptrs || !d_input_ptrs || !d_gate_output_ptrs ||\n"}
,{"stream_name":"stderr","time":47.684557185,"data":"      |   ^  \n"}
,{"stream_name":"stderr","time":47.684623892,"data":"/tmp/dsv4-native-src/dee.cpp/src/swiglu_cuda.cu:447:3: warning: style of line directive is a GCC extension\n"}
,{"stream_name":"stderr","time":47.684633267,"data":"  447 |         std::fprintf(\n"}
,{"stream_name":"stderr","time":47.684637454,"data":"      |   ^  \n"}
,{"stream_name":"stderr","time":47.68468489,"data":"/tmp/dsv4-native-src/dee.cpp/src/swiglu_cuda.cu:448:3: warning: style of line directive is a GCC extension\n"}
,{"stream_name":"stderr","time":47.684690796,"data":"  448 |             stderr,\n"}
,{"stream_name":"stderr","time":47.684695966,"data":"      |   ^  \n"}
,{"stream_name":"stderr","time":47.684788225,"data":"/tmp/dsv4-native-src/dee.cpp/src/swiglu_cuda.cu:453:3: warning: style of line directive is a GCC extension\n"}
,{"stream_name":"stderr","time":47.684802953,"data":"  453 |     }\n"}
,{"stream_name":"stderr","time":47.684806935,"data":"      |   ^ ~\n"}
,{"stream_name":"stderr","time":47.684880623,"data":"/tmp/dsv4-native-src/dee.cpp/src/swiglu_cuda.cu:454:3: warning: style of line directive is a GCC extension\n"}
,{"stream_name":"stderr","time":47.684887867,"data":"  454 |     if (!gemm_fp16_pointer_batch(\n"}
,{"stream_name":"stderr","time":47.684891805,"data":"      |   ^ ~\n"}
,{"stream_name":"stderr","time":47.685044495,"data":"/tmp/dsv4-native-src/dee.cpp/src/swiglu_cuda.cu:455:3: warning: style of line directive is a GCC extension\n"}
,{"stream_name":"stderr","time":47.685053612,"data":"  455 |             handle, d_gate_weight_ptrs, inter, hidden, d_input_ptrs,\n"}
,{"stream_name":"stderr","time":47.685057779,"data":"      |   ^  \n"}
,{"stream_name":"stderr","time":47.685101203,"data":"/tmp/dsv4-native-src/dee.cpp/src/swiglu_cuda.cu:462:3: warning: style of line directive is a GCC extension\n"}
,{"stream_name":"stderr","time":47.685106371,"data":"  462 |         return false;\n"}
,{"stream_name":"stderr","time":47.685110456,"data":"      |   ^  \n"}
,{"stream_name":"stderr","time":47.685167248,"data":"/tmp/dsv4-native-src/dee.cpp/src/swiglu_cuda.cu:463:3: warning: style of line directive is a GCC extension\n"}
,{"stream_name":"stderr","time":47.685173079,"data":"  463 |     }\n"}
,{"stream_name":"stderr","time":47.6851769,"data":"      |   ^ ~\n"}
,{"stream_name":"stderr","time":47.685284344,"data":"/tmp/dsv4-native-src/dee.cpp/src/swiglu_cuda.cu:464:3: warning: style of line directive is a GCC extension\n"}
,{"stream_name":"stderr","time":47.685290541,"data":"  464 |     const int activation_elements = experts * inter;\n"}
,{"stream_name":"stderr","time":47.685305512,"data":"      |   ^ ~\n"}
,{"stream_name":"stderr","time":47.685393112,"data":"/tmp/dsv4-native-src/dee.cpp/src/swiglu_cuda.cu:465:3: warning: style of line directive is a GCC extension\n"}
,{"stream_name":"stderr","time":47.685404574,"data":"  465 |     const size_t activation_ticket = profiler \u0026\u0026 profiler-\u003eenabled()\n"}
,{"stream_name":"stderr","time":47.685410011,"data":"      |   ^ ~\n"}
,{"stream_name":"stderr","time":47.685505438,"data":"/tmp/dsv4-native-src/dee.cpp/src/swiglu_cuda.cu:466:3: warning: style of line directive is a GCC extension\n"}
,{"stream_name":"stderr","time":47.685525077,"data":"  466 |         ? profiler-\u003ecuda_begin(\n"}
,{"stream_name":"stderr","time":47.68552937,"data":"      |   ^  \n"}
,{"stream_name":"stderr","time":47.685600707,"data":"/tmp/dsv4-native-src/dee.cpp/src/swiglu_cuda.cu:470:3: warning: style of line directive is a GCC extension\n"}
,{"stream_name":"stderr","time":47.685606953,"data":"  470 |         grid_for(activation_elements), kThreads, 0, stream\u003e\u003e\u003e(\n"}
,{"stream_name":"stderr","time":47.685611152999996,"data":"      |   ^  \n"}
,{"stream_name":"stderr","time":47.685680758,"data":"/tmp/dsv4-native-src/dee.cpp/src/swiglu_cuda.cu:476:3: warning: style of line directive is a GCC extension\n"}
,{"stream_name":"stderr","time":47.685686145,"data":"  476 |     if (!DEE_CUDA_CHECK_LAUNCH(\n"}
,{"stream_name":"stderr","time":47.685690146,"data":"      |   ^ ~\n"}
,{"stream_name":"stderr","time":47.685807285,"data":"/tmp/dsv4-native-src/dee.cpp/src/swiglu_cuda.cu:477:3: warning: style of line directive is a GCC extension\n"}
,{"stream_name":"stderr","time":47.685823181,"data":"  477 |             \"swiglu_activation_pointer_batch_fp16_kernel launch\")) {\n"}
,{"stream_name":"stderr","time":47.685827769,"data":"      |   ^  \n"}
,{"stream_name":"stderr","time":47.685909028,"data":"/tmp/dsv4-native-src/dee.cpp/src/swiglu_cuda.cu:478:3: warning: style of line directive is a GCC extension\n"}
,{"stream_name":"stderr","time":47.685917422,"data":"  478 |         return false;\n"}
,{"stream_name":"stderr","time":47.68592139,"data":"      |   ^  \n"}
,{"stream_name":"stderr","time":47.685967599,"data":"/tmp/dsv4-native-src/dee.cpp/src/swiglu_cuda.cu:479:3: warning: style of line directive is a GCC extension\n"}
,{"stream_name":"stderr","time":47.685975191,"data":"  479 |     }\n"}
,{"stream_name":"stderr","time":47.685978687,"data":"      |   ^ ~\n"}
,{"stream_name":"stderr","time":47.686052013,"data":"/tmp/dsv4-native-src/dee.cpp/src/swiglu_cuda.cu:480:3: warning: style of line directive is a GCC extension\n"}
,{"stream_name":"stderr","time":47.68605867,"data":"  480 |     if (profiler \u0026\u0026 profiler-\u003eenabled() \u0026\u0026\n"}
,{"stream_name":"stderr","time":47.686063349,"data":"      |   ^ ~\n"}
,{"stream_name":"stderr","time":47.6861394,"data":"/tmp/dsv4-native-src/dee.cpp/src/swiglu_cuda.cu:481:3: warning: style of line directive is a GCC extension\n"}
,{"stream_name":"stderr","time":47.686147283,"data":"  481 |         !profiler-\u003ecuda_end(\n"}
,{"stream_name":"stderr","time":47.686151286,"data":"      |   ^  \n"}
,{"stream_name":"stderr","time":47.686230217,"data":"/tmp/dsv4-native-src/dee.cpp/src/swiglu_cuda.cu:483:3: warning: style of line directive is a GCC extension\n"}
,{"stream_name":"stderr","time":47.686237891,"data":"  483 |         return false;\n"}
,{"stream_name":"stderr","time":47.686241559,"data":"      |   ^  \n"}
,{"stream_name":"stderr","time":47.686301466,"data":"/tmp/dsv4-native-src/dee.cpp/src/swiglu_cuda.cu:484:3: warning: style of line directive is a GCC extension\n"}
,{"stream_name":"stderr","time":47.686317397,"data":"  484 |     }\n"}
,{"stream_name":"stderr","time":47.686321297,"data":"      |   ^ ~\n"}
,{"stream_name":"stderr","time":47.686386595,"data":"/tmp/dsv4-native-src/dee.cpp/src/swiglu_cuda.cu:485:3: warning: style of line directive is a GCC extension\n"}
,{"stream_name":"stderr","time":47.686392941,"data":"  485 |     if (!gemm_fp16_pointer_batch(\n"}
,{"stream_name":"stderr","time":47.686397113,"data":"      |   ^ ~\n"}
,{"stream_name":"stderr","time":47.686473515,"data":"/tmp/dsv4-native-src/dee.cpp/src/swiglu_cuda.cu:486:3: warning: style of line directive is a GCC extension\n"}
,{"stream_name":"stderr","time":47.686480975,"data":"  486 |             handle, d_down_weight_ptrs, hidden, inter, d_activation_ptrs,\n"}
,{"stream_name":"stderr","time":47.686485015,"data":"      |   ^  \n"}
,{"stream_name":"stderr","time":47.686571667,"data":"/tmp/dsv4-native-src/dee.cpp/src/swiglu_cuda.cu:489:3: warning: style of line directive is a GCC extension\n"}
,{"stream_name":"stderr","time":47.686579227,"data":"  489 |         return false;\n"}
,{"stream_name":"stderr","time":47.686583047,"data":"      |   ^  \n"}
,{"stream_name":"stderr","time":47.686659411,"data":"/tmp/dsv4-native-src/dee.cpp/src/swiglu_cuda.cu:490:3: warning: style of line directive is a GCC extension\n"}
,{"stream_name":"stderr","time":47.686668651,"data":"  490 |     }\n"}
,{"stream_name":"stderr","time":47.686672295,"data":"      |   ^ ~\n"}
,{"stream_name":"stderr","time":47.686754725,"data":"/tmp/dsv4-native-src/dee.cpp/src/swiglu_cuda.cu:491:3: warning: style of line directive is a GCC extension\n"}
,{"stream_name":"stderr","time":47.68676921,"data":"  491 | #ifdef DEE_CUDA_VALIDATE\n"}
,{"stream_name":"stderr","time":47.68677331,"data":"      |   ^~~\n"}
,{"stream_name":"stderr","time":47.686844632,"data":"/tmp/dsv4-native-src/dee.cpp/src/swiglu_cuda.cu:497:3: warning: style of line directive is a GCC extension\n"}
,{"stream_name":"stderr","time":47.686851143,"data":"  497 | #endif\n"}
,{"stream_name":"stderr","time":47.686855356,"data":"      |   ^~~\n"}
,{"stream_name":"stderr","time":47.686920561,"data":"/tmp/dsv4-native-src/dee.cpp/src/swiglu_cuda.cu:499:3: warning: style of line directive is a GCC extension\n"}
,{"stream_name":"stderr","time":47.686926929,"data":"  499 | \n"}
,{"stream_name":"stderr","time":47.686931029,"data":"      |   ^  \n"}
,{"stream_name":"stderr","time":47.687021637,"data":"/tmp/dsv4-native-src/dee.cpp/src/swiglu_cuda.cu:501:3: warning: style of line directive is a GCC extension\n"}
,{"stream_name":"stderr","time":47.687028957,"data":"  501 |                              const void* d_hidden, void* d_logits,\n"}
,{"stream_name":"stderr","time":47.687033275,"data":"      |   ^  \n"}
,{"stream_name":"stderr","time":47.687117675,"data":"/tmp/dsv4-native-src/dee.cpp/src/swiglu_cuda.cu:502:3: warning: style of line directive is a GCC extension\n"}
,{"stream_name":"stderr","time":47.687123751,"data":"  502 |                              int tokens, int experts, int hidden,\n"}
,{"stream_name":"stderr","time":47.687127795,"data":"      |   ^  \n"}
,{"stream_name":"stderr","time":47.68724203,"data":"/tmp/dsv4-native-src/dee.cpp/src/swiglu_cuda.cu:503:3: warning: style of line directive is a GCC extension\n"}
,{"stream_name":"stderr","time":47.687248144,"data":"  503 |                              cudaStream_t stream, StageProfiler* profiler) {\n"}
,{"stream_name":"stderr","time":47.687252174,"data":"      |   ^  \n"}
,{"stream_name":"stderr","time":47.687361941,"data":"/tmp/dsv4-native-src/dee.cpp/src/swiglu_cuda.cu:504:3: warning: style of line directive is a GCC extension\n"}
,{"stream_name":"stderr","time":47.687381421,"data":"  504 |     if (!handle || !d_weights || !d_hidden || !d_logits || !stream ||\n"}
,{"stream_name":"stderr","time":47.687386211,"data":"      |   ^ ~\n"}
,{"stream_name":"stderr","time":47.687476333,"data":"/tmp/dsv4-native-src/dee.cpp/src/swiglu_cuda.cu:505:3: warning: style of line directive is a GCC extension\n"}
,{"stream_name":"stderr","time":47.687486053,"data":"  505 |         tokens \u003c= 0 || experts \u003c= 0 || hidden \u003c= 0) {\n"}
,{"stream_name":"stderr","time":47.687497593,"data":"      |   ^  \n"}
,{"stream_name":"stderr","time":47.687548867,"data":"/tmp/dsv4-native-src/dee.cpp/src/swiglu_cuda.cu:506:3: warning: style of line directive is a GCC extension\n"}
,{"stream_name":"stderr","time":47.687556812,"data":"  506 |         std::fprintf(stderr,\n"}
,{"stream_name":"stderr","time":47.687561869,"data":"      |   ^  \n"}
,{"stream_name":"stderr","time":47.687665435,"data":"/tmp/dsv4-native-src/dee.cpp/src/swiglu_cuda.cu:507:3: warning: style of line directive is a GCC extension\n"}
,{"stream_name":"stderr","time":47.687672702,"data":"  507 |             \"[cuda] invalid FP16 router arguments (tokens=%d experts=%d hidden=%d)\\n\",\n"}
,{"stream_name":"stderr","time":47.687677981,"data":"      |   ^  \n"}
,{"stream_name":"stderr","time":47.687768823,"data":"/tmp/dsv4-native-src/dee.cpp/src/swiglu_cuda.cu:510:3: warning: style of line directive is a GCC extension\n"}
,{"stream_name":"stderr","time":47.687782303,"data":"  510 |     }\n"}
,{"stream_name":"stderr","time":47.687786545,"data":"      |   ^ ~\n"}
,{"stream_name":"stderr","time":47.687868364,"data":"/tmp/dsv4-native-src/dee.cpp/src/swiglu_cuda.cu:511:3: warning: style of line directive is a GCC extension\n"}
,{"stream_name":"stderr","time":47.68787632,"data":"  511 |     constexpr float alpha = 1.0f;\n"}
,{"stream_name":"stderr","time":47.687880362,"data":"      |   ^ ~\n"}
,{"stream_name":"stderr","time":47.687996242,"data":"/tmp/dsv4-native-src/dee.cpp/src/swiglu_cuda.cu:512:3: warning: style of line directive is a GCC extension\n"}
,{"stream_name":"stderr","time":47.6880043,"data":"  512 |     constexpr float beta = 0.0f;\n"}
,{"stream_name":"stderr","time":47.688009048,"data":"      |   ^ ~\n"}
,{"stream_name":"stderr","time":47.688080878,"data":"/tmp/dsv4-native-src/dee.cpp/src/swiglu_cuda.cu:513:3: warning: style of line directive is a GCC extension\n"}
,{"stream_name":"stderr","time":47.688088698,"data":"  513 |     const size_t ticket = profiler \u0026\u0026 profiler-\u003eenabled()\n"}
,{"stream_name":"stderr","time":47.688093406,"data":"      |   ^ ~\n"}
,{"stream_name":"stderr","time":47.68822251,"data":"/tmp/dsv4-native-src/dee.cpp/src/swiglu_cuda.cu:514:3: warning: style of line directive is a GCC extension\n"}
,{"stream_name":"stderr","time":47.688232489,"data":"  514 |         ? profiler-\u003ecuda_begin(GpuStage::GateProjection, static_cast\u003cvoid*\u003e(stream))\n"}
,{"stream_name":"stderr","time":47.688237759,"data":"      |   ^  \n"}
,{"stream_name":"stderr","time":47.688289945,"data":"/tmp/dsv4-native-src/dee.cpp/src/swiglu_cuda.cu:517:3: warning: style of line directive is a GCC extension\n"}
,{"stream_name":"stderr","time":47.688295778,"data":"  517 |     // Row-major W[experts,hidden] is column-major W^T[hidden,experts], and\n"}
,{"stream_name":"stderr","time":47.688299733,"data":"      |   ^ ~\n"}
,{"stream_name":"stderr","time":47.688461459,"data":"/tmp/dsv4-native-src/dee.cpp/src/swiglu_cuda.cu:522:3: warning: style of line directive is a GCC extension\n"}
,{"stream_name":"stderr","time":47.688479777,"data":"  522 |         cublasGemmEx(handle, CUBLAS_OP_T, CUBLAS_OP_N,\n"}
,{"stream_name":"stderr","time":47.688484108,"data":"      |   ^  \n"}
,{"stream_name":"stderr","time":47.688537558,"data":"/tmp/dsv4-native-src/dee.cpp/src/swiglu_cuda.cu:530:3: warning: style of line directive is a GCC extension\n"}
,{"stream_name":"stderr","time":47.688546712,"data":"  530 |     return !profiler || !profiler-\u003eenabled() ||\n"}
,{"stream_name":"stderr","time":47.688551237,"data":"      |   ^ ~\n"}
,{"stream_name":"stderr","time":47.688670658,"data":"/tmp/dsv4-native-src/dee.cpp/src/swiglu_cuda.cu:531:3: warning: style of line directive is a GCC extension\n"}
,{"stream_name":"stderr","time":47.688678688,"data":"  531 |            profiler-\u003ecuda_end(ticket, static_cast\u003cvoid*\u003e(stream));\n"}
,{"stream_name":"stderr","time":47.688683169,"data":"      |   ^  \n"}
,{"stream_name":"stderr","time":47.688739221,"data":"/tmp/dsv4-native-src/dee.cpp/src/swiglu_cuda.cu:533:3: warning: style of line directive is a GCC extension\n"}
,{"stream_name":"stderr","time":47.688774972,"data":"  533 | \n"}
,{"stream_name":"stderr","time":47.688779083,"data":"      |   ^  \n"}
,{"stream_name":"stderr","time":47.688890677,"data":"/tmp/dsv4-native-src/dee.cpp/src/swiglu_cuda.cu:535:3: warning: style of line directive is a GCC extension\n"}
,{"stream_name":"stderr","time":47.688898033,"data":"  535 |                   cudaStream_t stream, StageProfiler* profiler) {\n"}
,{"stream_name":"stderr","time":47.688902836,"data":"      |   ^  \n"}
,{"stream_name":"stderr","time":47.688968033,"data":"/tmp/dsv4-native-src/dee.cpp/src/swiglu_cuda.cu:536:3: warning: style of line directive is a GCC extension\n"}
,{"stream_name":"stderr","time":47.688975569,"data":"  536 |     if (!d_ybuf || !d_output || !stream || experts \u003c= 0 || hidden \u003c= 0) {\n"}
,{"stream_name":"stderr","time":47.688979831,"data":"      |   ^ ~\n"}
,{"stream_name":"stderr","time":47.689085974,"data":"/tmp/dsv4-native-src/dee.cpp/src/swiglu_cuda.cu:537:3: warning: style of line directive is a GCC extension\n"}
,{"stream_name":"stderr","time":47.689094581,"data":"  537 |         std::fprintf(stderr, \"[cuda] invalid combine launch arguments (experts=%d hidden=%d)\\n\", experts, hidden);\n"}
,{"stream_name":"stderr","time":47.689099269,"data":"      |   ^  \n"}
,{"stream_name":"stderr","time":47.689168414,"data":"/tmp/dsv4-native-src/dee.cpp/src/swiglu_cuda.cu:538:3: warning: style of line directive is a GCC extension\n"}
,{"stream_name":"stderr","time":47.689177024,"data":"  538 |         return false;\n"}
,{"stream_name":"stderr","time":47.689181357,"data":"      |   ^  \n"}
,{"stream_name":"stderr","time":47.689258685,"data":"/tmp/dsv4-native-src/dee.cpp/src/swiglu_cuda.cu:539:3: warning: style of line directive is a GCC extension\n"}
,{"stream_name":"stderr","time":47.689265749,"data":"  539 |     }\n"}
,{"stream_name":"stderr","time":47.689269559,"data":"      |   ^ ~\n"}
,{"stream_name":"stderr","time":47.689365045,"data":"/tmp/dsv4-native-src/dee.cpp/src/swiglu_cuda.cu:540:3: warning: style of line directive is a GCC extension\n"}
,{"stream_name":"stderr","time":47.689372531,"data":"  540 |     const size_t ticket = profiler \u0026\u0026 profiler-\u003eenabled()\n"}
,{"stream_name":"stderr","time":47.689377497,"data":"      |   ^ ~\n"}
,{"stream_name":"stderr","time":47.689450592,"data":"/tmp/dsv4-native-src/dee.cpp/src/swiglu_cuda.cu:541:3: warning: style of line directive is a GCC extension\n"}
,{"stream_name":"stderr","time":47.689457323,"data":"  541 |         ? profiler-\u003ecuda_begin(GpuStage::Combine, static_cast\u003cvoid*\u003e(stream)) : static_cast\u003csize_t\u003e(-1);\n"}
,{"stream_name":"stderr","time":47.689470043,"data":"      |   ^  \n"}
,{"stream_name":"stderr","time":47.689548739,"data":"/tmp/dsv4-native-src/dee.cpp/src/swiglu_cuda.cu:543:3: warning: style of line directive is a GCC extension\n"}
,{"stream_name":"stderr","time":47.689555862,"data":"  543 |     if (profiler \u0026\u0026 profiler-\u003eenabled()) profiler-\u003enote_kernel_launch();\n"}
,{"stream_name":"stderr","time":47.689560217,"data":"      |   ^ ~\n"}
,{"stream_name":"stderr","time":47.689678079,"data":"/tmp/dsv4-native-src/dee.cpp/src/swiglu_cuda.cu:544:3: warning: style of line directive is a GCC extension\n"}
,{"stream_name":"stderr","time":47.689685993,"data":"  544 |     if (!DEE_CUDA_CHECK_LAUNCH(\"combine_kernel launch\")) return false;\n"}
,{"stream_name":"stderr","time":47.689690981,"data":"      |   ^ ~\n"}
,{"stream_name":"stderr","time":47.689789828,"data":"/tmp/dsv4-native-src/dee.cpp/src/swiglu_cuda.cu:545:3: warning: style of line directive is a GCC extension\n"}
,{"stream_name":"stderr","time":47.689806409,"data":"  545 |     if (profiler \u0026\u0026 profiler-\u003eenabled() \u0026\u0026 !profiler-\u003ecuda_end(ticket, static_cast\u003cvoid*\u003e(stream))) return false;\n"}
,{"stream_name":"stderr","time":47.689821877,"data":"      |   ^ ~\n"}
,{"stream_name":"stderr","time":47.689911742,"data":"/tmp/dsv4-native-src/dee.cpp/src/swiglu_cuda.cu:546:3: warning: style of line directive is a GCC extension\n"}
,{"stream_name":"stderr","time":47.689919569,"data":"  546 | #ifdef DEE_CUDA_VALIDATE\n"}
,{"stream_name":"stderr","time":47.689923301,"data":"      |   ^~~\n"}
,{"stream_name":"stderr","time":47.690002278,"data":"/tmp/dsv4-native-src/dee.cpp/src/swiglu_cuda.cu:550:3: warning: style of line directive is a GCC extension\n"}
,{"stream_name":"stderr","time":47.690020897,"data":"  550 | #endif\n"}
,{"stream_name":"stderr","time":47.690024551,"data":"      |   ^~~\n"}
,{"stream_name":"stderr","time":47.690071013,"data":"/tmp/dsv4-native-src/dee.cpp/src/swiglu_cuda.cu:552:3: warning: style of line directive is a GCC extension\n"}
,{"stream_name":"stderr","time":47.690077583,"data":"  552 | \n"}
,{"stream_name":"stderr","time":47.690081807,"data":"      |   ^  \n"}
,{"stream_name":"stderr","time":47.690167718,"data":"/tmp/dsv4-native-src/dee.cpp/src/swiglu_cuda.cu:554:3: warning: style of line directive is a GCC extension\n"}
,{"stream_name":"stderr","time":47.690173919,"data":"  554 |         const float* d_raw_f32, const float* d_weights_f32,\n"}
,{"stream_name":"stderr","time":47.690178384,"data":"      |   ^  \n"}
,{"stream_name":"stderr","time":47.690267065,"data":"/tmp/dsv4-native-src/dee.cpp/src/swiglu_cuda.cu:555:3: warning: style of line directive is a GCC extension\n"}
,{"stream_name":"stderr","time":47.690274724,"data":"  555 |         const int64_t* d_expert_ids_i64, void* d_output_f16,\n"}
,{"stream_name":"stderr","time":47.690279575,"data":"      |   ^  \n"}
,{"stream_name":"stderr","time":47.690403161,"data":"/tmp/dsv4-native-src/dee.cpp/src/swiglu_cuda.cu:556:3: warning: style of line directive is a GCC extension\n"}
,{"stream_name":"stderr","time":47.690411203,"data":"  556 |         int tokens, int topk, int hidden, cudaStream_t stream,\n"}
,{"stream_name":"stderr","time":47.690415065,"data":"      |   ^  \n"}
,{"stream_name":"stderr","time":47.690491422,"data":"/tmp/dsv4-native-src/dee.cpp/src/swiglu_cuda.cu:557:3: warning: style of line directive is a GCC extension\n"}
,{"stream_name":"stderr","time":47.690499377,"data":"  557 |         StageProfiler* profiler) {\n"}
,{"stream_name":"stderr","time":47.690504056,"data":"      |   ^  \n"}
,{"stream_name":"stderr","time":47.690588862,"data":"/tmp/dsv4-native-src/dee.cpp/src/swiglu_cuda.cu:558:3: warning: style of line directive is a GCC extension\n"}
,{"stream_name":"stderr","time":47.690595509,"data":"  558 |     if (!d_raw_f32 || !d_weights_f32 || !d_expert_ids_i64 ||\n"}
,{"stream_name":"stderr","time":47.690599345,"data":"      |   ^ ~\n"}
,{"stream_name":"stderr","time":47.690709043,"data":"/tmp/dsv4-native-src/dee.cpp/src/swiglu_cuda.cu:559:3: warning: style of line directive is a GCC extension\n"}
,{"stream_name":"stderr","time":47.69072079,"data":"  559 |         !d_output_f16 || tokens \u003c= 0 || topk \u003c= 0 ||\n"}
,{"stream_name":"stderr","time":47.690725473,"data":"      |   ^  \n"}
,{"stream_name":"stderr","time":47.690825541,"data":"/tmp/dsv4-native-src/dee.cpp/src/swiglu_cuda.cu:561:3: warning: style of line directive is a GCC extension\n"}
,{"stream_name":"stderr","time":47.690836932,"data":"  561 |         std::fprintf(\n"}
,{"stream_name":"stderr","time":47.690840679,"data":"      |   ^  \n"}
,{"stream_name":"stderr","time":47.690917747,"data":"/tmp/dsv4-native-src/dee.cpp/src/swiglu_cuda.cu:562:3: warning: style of line directive is a GCC extension\n"}
,{"stream_name":"stderr","time":47.690925082,"data":"  562 |             stderr,\n"}
,{"stream_name":"stderr","time":47.690929072,"data":"      |   ^  \n"}
,{"stream_name":"stderr","time":47.691040707,"data":"/tmp/dsv4-native-src/dee.cpp/src/swiglu_cuda.cu:567:3: warning: style of line directive is a GCC extension\n"}
,{"stream_name":"stderr","time":47.691049689,"data":"  567 |     }\n"}
,{"stream_name":"stderr","time":47.691053929,"data":"      |   ^ ~\n"}
,{"stream_name":"stderr","time":47.691114651,"data":"/tmp/dsv4-native-src/dee.cpp/src/swiglu_cuda.cu:568:3: warning: style of line directive is a GCC extension\n"}
,{"stream_name":"stderr","time":47.691122547,"data":"  568 |     const size_t ticket = profiler \u0026\u0026 profiler-\u003eenabled()\n"}
,{"stream_name":"stderr","time":47.691127881,"data":"      |   ^ ~\n"}
,{"stream_name":"stderr","time":47.691233751,"data":"/tmp/dsv4-native-src/dee.cpp/src/swiglu_cuda.cu:569:3: warning: style of line directive is a GCC extension\n"}
,{"stream_name":"stderr","time":47.691241141,"data":"  569 |         ? profiler-\u003ecuda_begin(\n"}
,{"stream_name":"stderr","time":47.691245295,"data":"      |   ^  \n"}
,{"stream_name":"stderr","time":47.691353062,"data":"/tmp/dsv4-native-src/dee.cpp/src/swiglu_cuda.cu:573:3: warning: style of line directive is a GCC extension\n"}
,{"stream_name":"stderr","time":47.691361977,"data":"  573 |         grid_for(tokens * hidden), kThreads, 0, stream\u003e\u003e\u003e(\n"}
,{"stream_name":"stderr","time":47.691366999,"data":"      |   ^  \n"}
,{"stream_name":"stderr","time":47.691431876,"data":"/tmp/dsv4-native-src/dee.cpp/src/swiglu_cuda.cu:582:3: warning: style of line directive is a GCC extension\n"}
,{"stream_name":"stderr","time":47.691438321,"data":"  582 |     if (!DEE_CUDA_CHECK_LAUNCH(\n"}
,{"stream_name":"stderr","time":47.691442113,"data":"      |   ^ ~\n"}
,{"stream_name":"stderr","time":47.69155884,"data":"/tmp/dsv4-native-src/dee.cpp/src/swiglu_cuda.cu:583:3: warning: style of line directive is a GCC extension\n"}
,{"stream_name":"stderr","time":47.691567197,"data":"  583 |             \"weighted_combine_fp16_kernel launch\")) return false;\n"}
,{"stream_name":"stderr","time":47.691571822,"data":"      |   ^  \n"}
,{"stream_name":"stderr","time":47.691649597,"data":"/tmp/dsv4-native-src/dee.cpp/src/swiglu_cuda.cu:584:3: warning: style of line directive is a GCC extension\n"}
,{"stream_name":"stderr","time":47.691656025,"data":"  584 |     if (profiler \u0026\u0026 profiler-\u003eenabled() \u0026\u0026\n"}
,{"stream_name":"stderr","time":47.691670277,"data":"      |   ^ ~\n"}
,{"stream_name":"stderr","time":47.691789887,"data":"/tmp/dsv4-native-src/dee.cpp/src/swiglu_cuda.cu:585:3: warning: style of line directive is a GCC extension\n"}
,{"stream_name":"stderr","time":47.691802309,"data":"  585 |         !profiler-\u003ecuda_end(ticket, static_cast\u003cvoid*\u003e(stream))) {\n"}
,{"stream_name":"stderr","time":47.691806886,"data":"      |   ^  \n"}
,{"stream_name":"stderr","time":47.691926108,"data":"/tmp/dsv4-native-src/dee.cpp/src/swiglu_cuda.cu:586:3: warning: style of line directive is a GCC extension\n"}
,{"stream_name":"stderr","time":47.691935815,"data":"  586 |         return false;\n"}
,{"stream_name":"stderr","time":47.691939527,"data":"      |   ^  \n"}
,{"stream_name":"stderr","time":47.692015897,"data":"/tmp/dsv4-native-src/dee.cpp/src/swiglu_cuda.cu:587:3: warning: style of line directive is a GCC extension\n"}
,{"stream_name":"stderr","time":47.692024477,"data":"  587 |     }\n"}
,{"stream_name":"stderr","time":47.692028267,"data":"      |   ^ ~\n"}
,{"stream_name":"stderr","time":47.692140271,"data":"/tmp/dsv4-native-src/dee.cpp/src/swiglu_cuda.cu:588:3: warning: style of line directive is a GCC extension\n"}
,{"stream_name":"stderr","time":47.692148465,"data":"  588 | #ifdef DEE_CUDA_VALIDATE\n"}
,{"stream_name":"stderr","time":47.69215248,"data":"      |   ^~~\n"}
,{"stream_name":"stderr","time":47.692221589,"data":"/tmp/dsv4-native-src/dee.cpp/src/swiglu_cuda.cu:594:3: warning: style of line directive is a GCC extension\n"}
,{"stream_name":"stderr","time":47.692229053,"data":"  594 | #endif\n"}
,{"stream_name":"stderr","time":47.692233074,"data":"      |   ^~~\n"}
,{"stream_name":"stderr","time":47.692318527,"data":"/tmp/dsv4-native-src/dee.cpp/src/swiglu_cuda.cu:596:3: warning: style of line directive is a GCC extension\n"}
,{"stream_name":"stderr","time":47.692324886,"data":"  596 | \n"}
,{"stream_name":"stderr","time":47.692328922,"data":"      |   ^  \n"}
,{"stream_name":"stderr","time":47.692332986,"data":"/tmp/dsv4-native-src/dee.cpp/src/swiglu_cuda.cu:599:3: warning: style of line directive is a GCC extension\n"}
,{"stream_name":"stderr","time":47.692413413,"data":"tmpxft_00000150_00000000-6_swiglu_cuda.compute_75.cudafe1.stub.c:4:3: warning: style of line directive is a GCC extension\n"}
,{"stream_name":"stderr","time":47.698607602,"data":"In file included from tmpxft_00000150_00000000-6_swiglu_cuda.compute_75.cudafe1.stub.c:1:\n"}
,{"stream_name":"stderr","time":47.698633353,"data":"/tmp/dsv4-native-src/dee.cpp/src/swiglu_cuda.cu:17:3: warning: style of line directive is a GCC extension\n"}
,{"stream_name":"stderr","time":47.698638117,"data":"   17 |                                           float swiglu_limit) {\n"}
,{"stream_name":"stderr","time":47.698642163,"data":"      |   ^ \n"}
,{"stream_name":"stderr","time":47.698645865,"data":"In file included from tmpxft_00000150_00000000-6_swiglu_cuda.compute_75.cudafe1.stub.c:1:\n"}
,{"stream_name":"stderr","time":47.698650223,"data":"/tmp/dsv4-native-src/dee.cpp/src/swiglu_cuda.cu:18:3: warning: style of line directive is a GCC extension\n"}
,{"stream_name":"stderr","time":47.698654383,"data":"   18 |     const int i = blockIdx.x * blockDim.x + threadIdx.x;\n"}
,{"stream_name":"stderr","time":47.698658429,"data":"      |   ^ \n"}
,{"stream_name":"stderr","time":47.698662352,"data":"In file included from tmpxft_00000150_00000000-6_swiglu_cuda.compute_75.cudafe1.stub.c:1:\n"}
,{"stream_name":"stderr","time":47.698667521,"data":"/tmp/dsv4-native-src/dee.cpp/src/swiglu_cuda.cu:28:3: warning: style of line directive is a GCC extension\n"}
,{"stream_name":"stderr","time":47.698682211,"data":"   28 | \n"}
,{"stream_name":"stderr","time":47.698686154,"data":"      |   ^\n"}
,{"stream_name":"stderr","time":47.698689985,"data":"In file included from tmpxft_00000150_00000000-6_swiglu_cuda.compute_75.cudafe1.stub.c:1:\n"}
,{"stream_name":"stderr","time":47.698694366,"data":"/tmp/tmpxft_00000150_00000000-6_swiglu_cuda.compute_75.cudafe1.stub.c:2:3: warning: style of line directive is a GCC extension\n"}
,{"stream_name":"stderr","time":47.698700804,"data":"    2 | #pragma GCC diagnostic ignored \"-Wunused-function\"\n"}
,{"stream_name":"stderr","time":47.698704906,"data":"      |   ^~\n"}
,{"stream_name":"stderr","time":47.698708492,"data":"In file included from tmpxft_00000150_00000000-6_swiglu_cuda.compute_75.cudafe1.stub.c:1:\n"}
,{"stream_name":"stderr","time":47.698712522,"data":"/tmp/dsv4-native-src/dee.cpp/src/swiglu_cuda.cu:30:3: warning: style of line directive is a GCC extension\n"}
,{"stream_name":"stderr","time":47.698716417,"data":"   30 |                                                __half* activation, int inter,\n"}
,{"stream_name":"stderr","time":47.698720319,"data":"      |   ^ \n"}
,{"stream_name":"stderr","time":47.698723815,"data":"In file included from tmpxft_00000150_00000000-6_swiglu_cuda.compute_75.cudafe1.stub.c:1:\n"}
,{"stream_name":"stderr","time":47.698727733,"data":"/tmp/dsv4-native-src/dee.cpp/src/swiglu_cuda.cu:32:3: warning: style of line directive is a GCC extension\n"}
,{"stream_name":"stderr","time":47.698731635,"data":"   32 |     const int i = blockIdx.x * blockDim.x + threadIdx.x;\n"}
,{"stream_name":"stderr","time":47.698735693,"data":"      |   ^ \n"}
,{"stream_name":"stderr","time":47.698759097,"data":"In file included from tmpxft_00000150_00000000-6_swiglu_cuda.compute_75.cudafe1.stub.c:1:\n"}
,{"stream_name":"stderr","time":47.698766547,"data":"/tmp/dsv4-native-src/dee.cpp/src/swiglu_cuda.cu:45:3: warning: style of line directive is a GCC extension\n"}
,{"stream_name":"stderr","time":47.698770558,"data":"   45 | \n"}
,{"stream_name":"stderr","time":47.698774157,"data":"      |   ^\n"}
,{"stream_name":"stderr","time":47.698777687,"data":"In file included from tmpxft_00000150_00000000-6_swiglu_cuda.compute_75.cudafe1.stub.c:1:\n"}
,{"stream_name":"stderr","time":47.698781685,"data":"/tmp/tmpxft_00000150_00000000-6_swiglu_cuda.compute_75.cudafe1.stub.c:2:3: warning: style of line directive is a GCC extension\n"}
,{"stream_name":"stderr","time":47.698786295,"data":"    2 | #pragma GCC diagnostic ignored \"-Wunused-function\"\n"}
,{"stream_name":"stderr","time":47.698790638,"data":"      |   ^~\n"}
,{"stream_name":"stderr","time":47.698795677,"data":"In file included from tmpxft_00000150_00000000-6_swiglu_cuda.compute_75.cudafe1.stub.c:1:\n"}
,{"stream_name":"stderr","time":47.698799758,"data":"/tmp/dsv4-native-src/dee.cpp/src/swiglu_cuda.cu:47:3: warning: style of line directive is a GCC extension\n"}
,{"stream_name":"stderr","time":47.698803616,"data":"   47 |         const __half* gate, const __half* up, __half* activation, int elements,\n"}
,{"stream_name":"stderr","time":47.698807457,"data":"      |   ^ \n"}
,{"stream_name":"stderr","time":47.698823975,"data":"In file included from tmpxft_00000150_00000000-6_swiglu_cuda.compute_75.cudafe1.stub.c:1:\n"}
,{"stream_name":"stderr","time":47.698828408,"data":"/tmp/dsv4-native-src/dee.cpp/src/swiglu_cuda.cu:49:3: warning: style of line directive is a GCC extension\n"}
,{"stream_name":"stderr","time":47.698833007,"data":"   49 |     const int i = blockIdx.x * blockDim.x + threadIdx.x;\n"}
,{"stream_name":"stderr","time":47.698837207,"data":"      |   ^ \n"}
,{"stream_name":"stderr","time":47.69884748,"data":"In file included from tmpxft_00000150_00000000-6_swiglu_cuda.compute_75.cudafe1.stub.c:1:\n"}
,{"stream_name":"stderr","time":47.698851576,"data":"/tmp/dsv4-native-src/dee.cpp/src/swiglu_cuda.cu:60:3: warning: style of line directive is a GCC extension\n"}
,{"stream_name":"stderr","time":47.698855291,"data":"   60 | \n"}
,{"stream_name":"stderr","time":47.698858845,"data":"      |   ^\n"}
,{"stream_name":"stderr","time":47.698985445,"data":"In file included from tmpxft_00000150_00000000-6_swiglu_cuda.compute_75.cudafe1.stub.c:1:\n"}
,{"stream_name":"stderr","time":47.699000235,"data":"/tmp/tmpxft_00000150_00000000-6_swiglu_cuda.compute_75.cudafe1.stub.c:2:3: warning: style of line directive is a GCC extension\n"}
,{"stream_name":"stderr","time":47.699005061,"data":"    2 | #pragma GCC diagnostic ignored \"-Wunused-function\"\n"}
,{"stream_name":"stderr","time":47.699009481,"data":"      |   ^~\n"}
,{"stream_name":"stderr","time":47.699013257,"data":"In file included from tmpxft_00000150_00000000-6_swiglu_cuda.compute_75.cudafe1.stub.c:1:\n"}
,{"stream_name":"stderr","time":47.699017073,"data":"/tmp/dsv4-native-src/dee.cpp/src/swiglu_cuda.cu:62:3: warning: style of line directive is a GCC extension\n"}
,{"stream_name":"stderr","time":47.699021595,"data":"   62 |     const int value = blockIdx.x * blockDim.x + threadIdx.x;\n"}
,{"stream_name":"stderr","time":47.699025888,"data":"      |   ^ \n"}
,{"stream_name":"stderr","time":47.699067981,"data":"In file included from tmpxft_00000150_00000000-6_swiglu_cuda.compute_75.cudafe1.stub.c:1:\n"}
,{"stream_name":"stderr","time":47.699077514,"data":"/tmp/dsv4-native-src/dee.cpp/src/swiglu_cuda.cu:62:3: warning: style of line directive is a GCC extension\n"}
,{"stream_name":"stderr","time":47.699081603,"data":"   62 |     const int value = blockIdx.x * blockDim.x + threadIdx.x;\n"}
,{"stream_name":"stderr","time":47.69908542,"data":"      |   ^ \n"}
,{"stream_name":"stderr","time":47.699089033999996,"data":"In file included from tmpxft_00000150_00000000-6_swiglu_cuda.compute_75.cudafe1.stub.c:1:\n"}
,{"stream_name":"stderr","time":47.699092641,"data":"/tmp/dsv4-native-src/dee.cpp/src/swiglu_cuda.cu:68:3: warning: style of line directive is a GCC extension\n"}
,{"stream_name":"stderr","time":47.69909675,"data":"   68 | \n"}
,{"stream_name":"stderr","time":47.699100623,"data":"      |   ^\n"}
,{"stream_name":"stderr","time":47.699194173,"data":"In file included from tmpxft_00000150_00000000-6_swiglu_cuda.compute_75.cudafe1.stub.c:1:\n"}
,{"stream_name":"stderr","time":47.699201129,"data":"/tmp/tmpxft_00000150_00000000-6_swiglu_cuda.compute_75.cudafe1.stub.c:2:3: warning: style of line directive is a GCC extension\n"}
,{"stream_name":"stderr","time":47.69920535,"data":"    2 | #pragma GCC diagnostic ignored \"-Wunused-function\"\n"}
,{"stream_name":"stderr","time":47.699209044,"data":"      |   ^~\n"}
,{"stream_name":"stderr","time":47.699272587,"data":"In file included from tmpxft_00000150_00000000-6_swiglu_cuda.compute_75.cudafe1.stub.c:1:\n"}
,{"stream_name":"stderr","time":47.699279168,"data":"/tmp/dsv4-native-src/dee.cpp/src/swiglu_cuda.cu:87:3: warning: style of line directive is a GCC extension\n"}
,{"stream_name":"stderr","time":47.699283827,"data":"   87 |         const float* raw_f32, const float* weights,\n"}
,{"stream_name":"stderr","time":47.699287887,"data":"      |   ^ \n"}
,{"stream_name":"stderr","time":47.699292885,"data":"In file included from tmpxft_00000150_00000000-6_swiglu_cuda.compute_75.cudafe1.stub.c:1:\n"}
,{"stream_name":"stderr","time":47.699296895,"data":"/tmp/dsv4-native-src/dee.cpp/src/swiglu_cuda.cu:90:3: warning: style of line directive is a GCC extension\n"}
,{"stream_name":"stderr","time":47.699311911,"data":"   90 |     const int value = blockIdx.x * blockDim.x + threadIdx.x;\n"}
,{"stream_name":"stderr","time":47.699316932,"data":"      |   ^ ~\n"}
,{"stream_name":"stderr","time":47.699340129,"data":"In file included from tmpxft_00000150_00000000-6_swiglu_cuda.compute_75.cudafe1.stub.c:1:\n"}
,{"stream_name":"stderr","time":47.699348905,"data":"/tmp/dsv4-native-src/dee.cpp/src/swiglu_cuda.cu:117:3: warning: style of line directive is a GCC extension\n"}
,{"stream_name":"stderr","time":47.699353194,"data":"  117 | \n"}
,{"stream_name":"stderr","time":47.699356908,"data":"      |   ^\n"}
,{"stream_name":"stderr","time":47.69947973,"data":"In file included from tmpxft_00000150_00000000-6_swiglu_cuda.compute_75.cudafe1.stub.c:1:\n"}
,{"stream_name":"stderr","time":47.699487038,"data":"/tmp/tmpxft_00000150_00000000-6_swiglu_cuda.compute_75.cudafe1.stub.c:5:3: warning: style of line directive is a GCC extension\n"}
,{"stream_name":"stderr","time":47.699491037,"data":"    5 | #define __NV_CUBIN_HANDLE_STORAGE__ extern\n"}
,{"stream_name":"stderr","time":47.69949461,"data":"      |   ^~~\n"}
,{"stream_name":"stderr","time":47.699498189,"data":"In file included from tmpxft_00000150_00000000-6_swiglu_cuda.compute_75.cudafe1.stub.c:1:\n"}
,{"stream_name":"stderr","time":47.699501846,"data":"/tmp/dsv4-native-src/dee.cpp/src/swiglu_cuda.cu:126:3: warning: style of line directive is a GCC extension\n"}
,{"stream_name":"stderr","time":47.699505623,"data":"  126 |                                       const __half* __restrict__ input,\n"}
,{"stream_name":"stderr","time":47.69950984,"data":"      |   ^  \n"}
,{"stream_name":"stderr","time":47.699555165,"data":"In file included from tmpxft_00000150_00000000-6_swiglu_cuda.compute_75.cudafe1.stub.c:1:\n"}
,{"stream_name":"stderr","time":47.699562512,"data":"/tmp/dsv4-native-src/dee.cpp/src/swiglu_cuda.cu:129:3: warning: style of line directive is a GCC extension\n"}
,{"stream_name":"stderr","time":47.69956658,"data":"  129 |     const int row = blockIdx.x;\n"}
,{"stream_name":"stderr","time":47.699570342,"data":"      |   ^ ~\n"}
,{"stream_name":"stderr","time":47.699576254,"data":"In file included from tmpxft_00000150_00000000-6_swiglu_cuda.compute_75.cudafe1.stub.c:1:\n"}
,{"stream_name":"stderr","time":47.699580293,"data":"/tmp/dsv4-native-src/dee.cpp/src/swiglu_cuda.cu:145:3: warning: style of line directive is a GCC extension\n"}
,{"stream_name":"stderr","time":47.699584218,"data":"  145 | \n"}
,{"stream_name":"stderr","time":47.699587923,"data":"      |   ^\n"}
,{"stream_name":"stderr","time":47.699816183,"data":"tmpxft_00000150_00000000-6_swiglu_cuda.compute_75.cudafe1.stub.c:2:3: warning: style of line directive is a GCC extension\n"}
,{"stream_name":"stdout","time":48.775249151,"data":"[ 94%] Linking CUDA device code CMakeFiles/dee_core.dir/cmake_device_link.o\n"}
,{"stream_name":"stdout","time":48.899005315,"data":"[100%] Linking CXX static library libdee_core.a\n"}
,{"stream_name":"stdout","time":48.959856481,"data":"[100%] Built target dee_core\n"}
,{"stream_name":"stdout","time":48.967573073,"data":"[03:26:11] [mem:post-dee_core] {'MemTotal': 31.3, 'MemAvailable': 30.0}\n"}
,{"stream_name":"stdout","time":49.182837775,"data":"[03:26:11] + cmake --build /tmp/dsv4-native-src/dee.cpp/build-kaggle --target test_deepseek_v4_fp4_cuda -j 2\n"}
,{"stream_name":"stdout","time":49.627439083,"data":"[  5%] Generating deterministic safetensors test shards\n"}
,{"stream_name":"stdout","time":49.658044233,"data":"[ 90%] Built target dee_core\n"}
,{"stream_name":"stdout","time":49.726274803,"data":"wrote /tmp/dsv4-native-src/dee.cpp/tests/data/layer0_shard.safetensors\n"}
,{"stream_name":"stdout","time":49.726326605,"data":"  size=3626 bytes, tensors=10\n"}
,{"stream_name":"stdout","time":49.726332424,"data":"  expert gate/up/down share known first5 (no per-expert offset)\n"}
,{"stream_name":"stdout","time":50.130990831,"data":"wrote /tmp/dsv4-native-src/dee.cpp/tests/data/ornith_moe256.safetensors\n"}
,{"stream_name":"stdout","time":50.131039746,"data":"  size=201430123 bytes (192.1 MB)\n"}
,{"stream_name":"stdout","time":50.13104622,"data":"  tensors=768 (layer 0, 256 experts x 3)\n"}
,{"stream_name":"stdout","time":50.131050642,"data":"  hidden=2048 inter=64 dtype=BF16\n"}
,{"stream_name":"stdout","time":50.280215128,"data":"[ 90%] Built target dee_test_assets\n"}
,{"stream_name":"stdout","time":50.2946171,"data":"[ 95%] Building CXX object CMakeFiles/test_deepseek_v4_fp4_cuda.dir/tests/test_deepseek_v4_fp4_cuda.cpp.o\n"}
,{"stream_name":"stdout","time":51.125823405,"data":"[100%] Linking CXX executable test_deepseek_v4_fp4_cuda\n"}
,{"stream_name":"stdout","time":51.293514273,"data":"[100%] Built target test_deepseek_v4_fp4_cuda\n"}
,{"stream_name":"stdout","time":51.300856627,"data":"[03:26:13] + /tmp/dsv4-native-src/dee.cpp/build-kaggle/test_deepseek_v4_fp4_cuda\n"}
,{"stream_name":"stdout","time":52.812148249,"data":"=== dee.cpp DSv4 FP4 CUDA parity test ===\n"}
,{"stream_name":"stdout","time":52.812195776,"data":"FP4 e2m1 CUDA parity: PASS (max_abs_err=0, mismatches=0)\n"}
,{"stream_name":"stdout","time":53.958717771,"data":"[03:26:16] + cmake --build /tmp/dsv4-native-src/dee.cpp/build-kaggle --target test_deepseek_v4_fp4_expert -j 2\n"}
,{"stream_name":"stdout","time":54.399322305,"data":"[  5%] Generating deterministic safetensors test shards\n"}
,{"stream_name":"stdout","time":54.413423849,"data":"[ 90%] Built target dee_core\n"}
,{"stream_name":"stdout","time":54.497015899,"data":"wrote /tmp/dsv4-native-src/dee.cpp/tests/data/layer0_shard.safetensors\n"}
,{"stream_name":"stdout","time":54.497043607,"data":"  size=3626 bytes, tensors=10\n"}
,{"stream_name":"stdout","time":54.497048355,"data":"  expert gate/up/down share known first5 (no per-expert offset)\n"}
,{"stream_name":"stdout","time":55.103415653,"data":"wrote /tmp/dsv4-native-src/dee.cpp/tests/data/ornith_moe256.safetensors\n"}
,{"stream_name":"stdout","time":55.103447162,"data":"  size=201430123 bytes (192.1 MB)\n"}
,{"stream_name":"stdout","time":55.103452785,"data":"  tensors=768 (layer 0, 256 experts x 3)\n"}
,{"stream_name":"stdout","time":55.103458142,"data":"  hidden=2048 inter=64 dtype=BF16\n"}
,{"stream_name":"stdout","time":55.262234149,"data":"[ 90%] Built target dee_test_assets\n"}
,{"stream_name":"stdout","time":55.278730358,"data":"[ 95%] Building CXX object CMakeFiles/test_deepseek_v4_fp4_expert.dir/tests/test_deepseek_v4_fp4_expert.cpp.o\n"}
,{"stream_name":"stdout","time":57.401595594,"data":"[100%] Linking CXX executable test_deepseek_v4_fp4_expert\n"}
,{"stream_name":"stdout","time":57.553294386,"data":"[100%] Built target test_deepseek_v4_fp4_expert\n"}
,{"stream_name":"stdout","time":57.560779883,"data":"[03:26:20] + /tmp/dsv4-native-src/dee.cpp/build-kaggle/test_deepseek_v4_fp4_expert\n"}
,{"stream_name":"stderr","time":58.577442717,"data":"[cuda] invalid FP32-to-FP16 conversion arguments (elements=128)\n"}
,{"stream_name":"stdout","time":58.654282523,"data":"=== dee.cpp DeepSeek-V4 FP4 expert end-to-end test ===\n"}
,{"stream_name":"stdout","time":58.654336169,"data":"  [PASS] mini DEEPSEEK_V4 FP4 shard written\n"}
,{"stream_name":"stdout","time":58.654341409,"data":"  [PASS] engine init + unclamped SwiGLU (DEEPSEEK_V4 FP4, CUDA, FP16)\n"}
,{"stream_name":"stdout","time":58.654360639,"data":"  [PASS] native FP4 routed-expert SwiGLU executes\n"}
,{"stream_name":"stdout","time":58.654363622,"data":"  [engine init + unclamped SwiGLU (DEEPSEEK_V4 FP4, CUDA, FP16)] max_abs_err=95.0938 rel_rmse=0.00041073 cosine=0.999999993\n"}
,{"stream_name":"stdout","time":58.654366718,"data":"  [PASS] native output is finite\n"}
,{"stream_name":"stdout","time":58.654369677,"data":"  [PASS] native FP4 expert matches FP32 reference (rel RMSE \u003c 2%)\n"}
,{"stream_name":"stdout","time":58.654372823,"data":"  [PASS] native FP4 expert cosine similarity \u003e 0.999\n"}
,{"stream_name":"stdout","time":58.654375499,"data":"  [PASS] engine init + clamped SwiGLU (swiglu_limit=1.0)\n"}
,{"stream_name":"stdout","time":58.65437818,"data":"  [PASS] native FP4 routed-expert SwiGLU executes\n"}
,{"stream_name":"stdout","time":58.65438074,"data":"  [engine init + clamped SwiGLU (swiglu_limit=1.0)] max_abs_err=0.0809937 rel_rmse=0.000412226 cosine=0.999999956\n"}
,{"stream_name":"stdout","time":58.654383505,"data":"  [PASS] native output is finite\n"}
,{"stream_name":"stdout","time":58.654386117,"data":"  [PASS] native FP4 expert matches FP32 reference (rel RMSE \u003c 2%)\n"}
,{"stream_name":"stdout","time":58.654388853,"data":"  [PASS] native FP4 expert cosine similarity \u003e 0.999\n"}
,{"stream_name":"stdout","time":58.654391581,"data":"  [PASS] engine init + unclamped SwiGLU (DEEPSEEK_V4 FP4, CUDA, packed-FP4 cache)\n"}
,{"stream_name":"stdout","time":58.654394194,"data":"  [PASS] native FP4 routed-expert SwiGLU executes\n"}
,{"stream_name":"stdout","time":58.654396891,"data":"  [engine init + unclamped SwiGLU (DEEPSEEK_V4 FP4, CUDA, packed-FP4 cache)] max_abs_err=95.0938 rel_rmse=0.00041073 cosine=0.999999993\n"}
,{"stream_name":"stdout","time":58.654399619,"data":"  [PASS] native output is finite\n"}
,{"stream_name":"stdout","time":58.654402142,"data":"  [PASS] native FP4 expert matches FP32 reference (rel RMSE \u003c 2%)\n"}
,{"stream_name":"stdout","time":58.654404734,"data":"  [PASS] native FP4 expert cosine similarity \u003e 0.999\n"}
,{"stream_name":"stdout","time":58.654407348,"data":"  [PASS] device-API FP32 input allocated\n"}
,{"stream_name":"stdout","time":58.654409889,"data":"  [PASS] device-API FP16 input allocated\n"}
,{"stream_name":"stdout","time":58.654412374,"data":"  [PASS] device-API FP32 output allocated\n"}
,{"stream_name":"stdout","time":58.654414884,"data":"  [PASS] device-API input copied\n"}
,{"stream_name":"stdout","time":58.654417368,"data":"  [FAIL] device-API input converted to FP16\n"}
,{"stream_name":"stdout","time":58.654419897,"data":"  [PASS] device-API input conversion completed\n"}
,{"stream_name":"stdout","time":58.654422428,"data":"  [PASS] packed-FP4 live device batch API executes\n"}
,{"stream_name":"stdout","time":58.654425352,"data":"  [PASS] device-API output copied\n"}
,{"stream_name":"stdout","time":58.654427911,"data":"  [packed device batch API] rel_rmse=1\n"}
,{"stream_name":"stdout","time":58.654430476,"data":"  [PASS] packed-FP4 device batch output is finite\n"}
,{"stream_name":"stdout","time":58.654433008,"data":"  [FAIL] packed-FP4 device batch API matches FP32 reference\n"}
,{"stream_name":"stdout","time":58.654435617,"data":"### 2 FAILED ###\n"}
,{"stream_name":"stdout","time":58.893158651,"data":"[03:26:21] FAILED (exit 1)\n"}
,{"stream_name":"stdout","time":59.106846039,"data":"[03:26:21] FATAL Traceback (most recent call last):\n"}
,{"stream_name":"stdout","time":59.106898075,"data":"  File \"/kaggle/src/script.py\", line 1308, in \u003cmodule\u003e\n"}
,{"stream_name":"stdout","time":59.106905456,"data":"    main()\n"}
,{"stream_name":"stdout","time":59.106926601,"data":"  File \"/kaggle/src/script.py\", line 805, in main\n"}
,{"stream_name":"stdout","time":59.10693085,"data":"    run([str(BUILD / target)], cwd=str(DEE))\n"}
,{"stream_name":"stdout","time":59.106936906,"data":"  File \"/kaggle/src/script.py\", line 312, in run\n"}
,{"stream_name":"stdout","time":59.106944755,"data":"    raise RuntimeError(\"command failed: \"\n"}
,{"stream_name":"stdout","time":59.106947722,"data":"RuntimeError: command failed: /tmp/dsv4-native-src/dee.cpp/build-kaggle/test_deepseek_v4_fp4_expert\n"}
,{"stream_name":"stdout","time":59.106950408,"data":"\n"}
,{"stream_name":"stderr","time":71.058054654,"data":"/usr/local/lib/python3.12/dist-packages/mistune.py:435: SyntaxWarning: invalid escape sequence '\\|'\n"}
,{"stream_name":"stderr","time":71.058100434,"data":"  cells[i][c] = re.sub('\\\\\\\\\\|', '|', cell)\n"}
,{"stream_name":"stderr","time":71.43302549,"data":"/usr/local/lib/python3.12/dist-packages/nbconvert/filters/filter_links.py:36: SyntaxWarning: invalid escape sequence '\\_'\n"}
,{"stream_name":"stderr","time":71.43305974,"data":"  text = re.sub(r'_', '\\_', text) # Escape underscores in display text\n"}
,{"stream_name":"stderr","time":72.180938873,"data":"[NbConvertApp] Converting notebook __script__.ipynb to html\n"}
,{"stream_name":"stderr","time":73.997119788,"data":"[NbConvertApp] Writing 540436 bytes to __results__.html\n"}
]