cell,frozen_gpu_cell,instance,model,b,host_gib,B_ssd_gbps,metric,nominal,lo,hi,kill_lo,kill_hi,limiter,depends_on_B_ssd,source_tag
aws-L4-g6.2xlarge,1xL4,g6.2xlarge,dsv4_flash,1,16,0.5,decode_tps,0.26852043784054286,0.20250073809747768,0.39159643194979915,0.14175051666823438,0.5599828976882127,storage,True,CLOSED-FORM-ONLY; AWS addendum; B_SSD=measured-at-scoring
aws-L4-g6.2xlarge,1xL4,g6.2xlarge,dsv4_flash,1,16,0.5,host_hit_rate,0.51,0.44,0.7531020871528816,0.37,0.8031020871528816,storage,False,CLOSED-FORM-ONLY; AWS addendum; B_SSD=measured-at-scoring
aws-L4-g6.2xlarge,1xL4,g6.2xlarge,dsv4_flash,1,16,0.5,cold_records_per_tok,185.0226148199165,81.8951264114965,370.045229639833,61.42134480862238,462.55653704979125,storage,False,CLOSED-FORM-ONLY; AWS addendum; B_SSD=measured-at-scoring
aws-L4-g6.2xlarge,1xL4,g6.2xlarge,dsv4_flash,1,16,0.5,usd_per_1k_tok,0.4760714413477414,0.31598481427690567,0.6267119027766901,0.1895908885661434,1.0466088776370723,storage,True,CLOSED-FORM-ONLY; AWS addendum; B_SSD=measured-at-scoring
aws-L4-g6.2xlarge,1xL4,g6.2xlarge,dsv4_flash,1,16,1.0,decode_tps,0.5070892903196392,0.38445888537401585,0.7596982457576226,0.2691212197618111,1.0863684914334002,storage,True,CLOSED-FORM-ONLY; AWS addendum; B_SSD=measured-at-scoring
aws-L4-g6.2xlarge,1xL4,g6.2xlarge,dsv4_flash,1,16,1.0,host_hit_rate,0.51,0.44,0.7531020871528816,0.37,0.8031020871528816,storage,False,CLOSED-FORM-ONLY; AWS addendum; B_SSD=measured-at-scoring
aws-L4-g6.2xlarge,1xL4,g6.2xlarge,dsv4_flash,1,16,1.0,cold_records_per_tok,185.0226148199165,81.8951264114965,370.045229639833,61.42134480862238,462.55653704979125,storage,False,CLOSED-FORM-ONLY; AWS addendum; B_SSD=measured-at-scoring
aws-L4-g6.2xlarge,1xL4,g6.2xlarge,dsv4_flash,1,16,1.0,usd_per_1k_tok,0.26547846043892337,0.1672617404952474,0.3457893857363397,0.10035704429714844,0.5774682741796873,storage,True,CLOSED-FORM-ONLY; AWS addendum; B_SSD=measured-at-scoring
aws-L4-g6.2xlarge,1xL4,g6.2xlarge,dsv4_flash,1,16,1.5,decode_tps,0.720453167986649,0.54884933206357,1.106357105370031,0.38419453244449897,1.5820906606791443,storage,True,CLOSED-FORM-ONLY; AWS addendum; B_SSD=measured-at-scoring
aws-L4-g6.2xlarge,1xL4,g6.2xlarge,dsv4_flash,1,16,1.5,host_hit_rate,0.51,0.44,0.7531020871528816,0.37,0.8031020871528816,storage,False,CLOSED-FORM-ONLY; AWS addendum; B_SSD=measured-at-scoring
aws-L4-g6.2xlarge,1xL4,g6.2xlarge,dsv4_flash,1,16,1.5,cold_records_per_tok,185.0226148199165,81.8951264114965,370.045229639833,61.42134480862238,462.55653704979125,storage,False,CLOSED-FORM-ONLY; AWS addendum; B_SSD=measured-at-scoring
aws-L4-g6.2xlarge,1xL4,g6.2xlarge,dsv4_flash,1,16,1.5,usd_per_1k_tok,0.19528080013598403,0.1176877577109413,0.2521487015906734,0.07061265462656477,0.4210883316564245,storage,True,CLOSED-FORM-ONLY; AWS addendum; B_SSD=measured-at-scoring
aws-L4-g6.2xlarge,1xL4,g6.2xlarge,dsv4_flash,1,16,2.0,decode_tps,0.912406039267081,0.6980990253855535,1.4333927707169807,0.48866931776988737,2.0497516621252823,storage,True,CLOSED-FORM-ONLY; AWS addendum; B_SSD=measured-at-scoring
aws-L4-g6.2xlarge,1xL4,g6.2xlarge,dsv4_flash,1,16,2.0,host_hit_rate,0.51,0.44,0.7531020871528816,0.37,0.8031020871528816,storage,False,CLOSED-FORM-ONLY; AWS addendum; B_SSD=measured-at-scoring
aws-L4-g6.2xlarge,1xL4,g6.2xlarge,dsv4_flash,1,16,2.0,cold_records_per_tok,185.0226148199165,81.8951264114965,370.045229639833,61.42134480862238,462.55653704979125,storage,False,CLOSED-FORM-ONLY; AWS addendum; B_SSD=measured-at-scoring
aws-L4-g6.2xlarge,1xL4,g6.2xlarge,dsv4_flash,1,16,2.0,usd_per_1k_tok,0.16018196998451437,0.09290097535172799,0.2053284458115351,0.055740585211036794,0.3428985045052636,storage,True,CLOSED-FORM-ONLY; AWS addendum; B_SSD=measured-at-scoring
aws-L4-g6.2xlarge,1xL4,g6.2xlarge,dsv4_flash,1,16,2.5,decode_tps,1.086016805360594,0.8342075682303377,1.7424249130626557,0.5839452977612364,2.4916676256795975,storage,True,CLOSED-FORM-ONLY; AWS addendum; B_SSD=measured-at-scoring
aws-L4-g6.2xlarge,1xL4,g6.2xlarge,dsv4_flash,1,16,2.5,host_hit_rate,0.51,0.44,0.7531020871528816,0.37,0.8031020871528816,storage,False,CLOSED-FORM-ONLY; AWS addendum; B_SSD=measured-at-scoring
aws-L4-g6.2xlarge,1xL4,g6.2xlarge,dsv4_flash,1,16,2.5,cold_records_per_tok,185.0226148199165,81.8951264114965,370.045229639833,61.42134480862238,462.55653704979125,storage,False,CLOSED-FORM-ONLY; AWS addendum; B_SSD=measured-at-scoring
aws-L4-g6.2xlarge,1xL4,g6.2xlarge,dsv4_flash,1,16,2.5,usd_per_1k_tok,0.1391226718936326,0.07802903356878778,0.1772363450337746,0.046817420141272666,0.2959846962064036,storage,True,CLOSED-FORM-ONLY; AWS addendum; B_SSD=measured-at-scoring
aws-L4-g6.2xlarge,1xL4,g6.2xlarge,dsv4_flash,1,16,3.0,decode_tps,1.2437946119934247,0.9588373103255304,2.0348998454400524,0.6711861172278712,2.9099067789792747,storage,True,CLOSED-FORM-ONLY; AWS addendum; B_SSD=measured-at-scoring
aws-L4-g6.2xlarge,1xL4,g6.2xlarge,dsv4_flash,1,16,3.0,host_hit_rate,0.51,0.44,0.7531020871528816,0.37,0.8031020871528816,storage,False,CLOSED-FORM-ONLY; AWS addendum; B_SSD=measured-at-scoring
aws-L4-g6.2xlarge,1xL4,g6.2xlarge,dsv4_flash,1,16,3.0,cold_records_per_tok,185.0226148199165,81.8951264114965,370.045229639833,61.42134480862238,462.55653704979125,storage,False,CLOSED-FORM-ONLY; AWS addendum; B_SSD=measured-at-scoring
aws-L4-g6.2xlarge,1xL4,g6.2xlarge,dsv4_flash,1,16,3.0,usd_per_1k_tok,0.12508313983304473,0.06811448873337665,0.15850831212115352,0.04086869324002599,0.2647088812423264,storage,True,CLOSED-FORM-ONLY; AWS addendum; B_SSD=measured-at-scoring
aws-L4-g6.2xlarge,1xL4,g6.2xlarge,dsv4_flash,1,16,4.0,decode_tps,1.5197908847387522,1.1790169452641115,2.5752285035457607,0.825311861684878,3.6825767600704378,storage,True,CLOSED-FORM-ONLY; AWS addendum; B_SSD=measured-at-scoring
aws-L4-g6.2xlarge,1xL4,g6.2xlarge,dsv4_flash,1,16,4.0,host_hit_rate,0.51,0.44,0.7531020871528816,0.37,0.8031020871528816,storage,False,CLOSED-FORM-ONLY; AWS addendum; B_SSD=measured-at-scoring
aws-L4-g6.2xlarge,1xL4,g6.2xlarge,dsv4_flash,1,16,4.0,cold_records_per_tok,185.0226148199165,81.8951264114965,370.045229639833,61.42134480862238,462.55653704979125,storage,False,CLOSED-FORM-ONLY; AWS addendum; B_SSD=measured-at-scoring
aws-L4-g6.2xlarge,1xL4,g6.2xlarge,dsv4_flash,1,16,4.0,usd_per_1k_tok,0.10753372475730989,0.055721446803723505,0.13509832841014766,0.0334328680822341,0.22561420844494656,storage,True,CLOSED-FORM-ONLY; AWS addendum; B_SSD=measured-at-scoring
aws-L4-g6.2xlarge,1xL4,g6.2xlarge,dsv4_flash,1,16,5.0,decode_tps,1.753212056494315,1.3674183732103686,3.063258447268907,0.957192861247258,4.380459579594537,storage,True,CLOSED-FORM-ONLY; AWS addendum; B_SSD=measured-at-scoring
aws-L4-g6.2xlarge,1xL4,g6.2xlarge,dsv4_flash,1,16,5.0,host_hit_rate,0.51,0.44,0.7531020871528816,0.37,0.8031020871528816,storage,False,CLOSED-FORM-ONLY; AWS addendum; B_SSD=measured-at-scoring
aws-L4-g6.2xlarge,1xL4,g6.2xlarge,dsv4_flash,1,16,5.0,cold_records_per_tok,185.0226148199165,81.8951264114965,370.045229639833,61.42134480862238,462.55653704979125,storage,False,CLOSED-FORM-ONLY; AWS addendum; B_SSD=measured-at-scoring
aws-L4-g6.2xlarge,1xL4,g6.2xlarge,dsv4_flash,1,16,5.0,usd_per_1k_tok,0.09700407571186899,0.04828572804747285,0.1210523821085932,0.02897143682848371,0.20215747812135065,storage,True,CLOSED-FORM-ONLY; AWS addendum; B_SSD=measured-at-scoring
aws-L4-g6.2xlarge,1xL4,g6.2xlarge,dsv4_flash,1,16,6.0,decode_tps,1.953204130587163,1.5304581876935688,3.5062307970943727,1.071320731385498,5.013910039844952,storage,True,CLOSED-FORM-ONLY; AWS addendum; B_SSD=measured-at-scoring
aws-L4-g6.2xlarge,1xL4,g6.2xlarge,dsv4_flash,1,16,6.0,host_hit_rate,0.51,0.44,0.7531020871528816,0.37,0.8031020871528816,storage,False,CLOSED-FORM-ONLY; AWS addendum; B_SSD=measured-at-scoring
aws-L4-g6.2xlarge,1xL4,g6.2xlarge,dsv4_flash,1,16,6.0,cold_records_per_tok,185.0226148199165,81.8951264114965,370.045229639833,61.42134480862238,462.55653704979125,storage,False,CLOSED-FORM-ONLY; AWS addendum; B_SSD=measured-at-scoring
aws-L4-g6.2xlarge,1xL4,g6.2xlarge,dsv4_flash,1,16,6.0,usd_per_1k_tok,0.08998430968157506,0.0433286438321735,0.11168844334664524,0.025997186299304097,0.18651970038889754,storage,True,CLOSED-FORM-ONLY; AWS addendum; B_SSD=measured-at-scoring
aws-L4-g6.2xlarge,1xL4,g6.2xlarge,dsv4_flash,1,16,8.0,decode_tps,2.278027538730966,1.798506711009549,4.279849604912582,1.2589546977066841,6.120184935024992,storage,True,CLOSED-FORM-ONLY; AWS addendum; B_SSD=measured-at-scoring
aws-L4-g6.2xlarge,1xL4,g6.2xlarge,dsv4_flash,1,16,8.0,host_hit_rate,0.51,0.44,0.7531020871528816,0.37,0.8031020871528816,storage,False,CLOSED-FORM-ONLY; AWS addendum; B_SSD=measured-at-scoring
aws-L4-g6.2xlarge,1xL4,g6.2xlarge,dsv4_flash,1,16,8.0,cold_records_per_tok,185.0226148199165,81.8951264114965,370.045229639833,61.42134480862238,462.55653704979125,storage,False,CLOSED-FORM-ONLY; AWS addendum; B_SSD=measured-at-scoring
aws-L4-g6.2xlarge,1xL4,g6.2xlarge,dsv4_flash,1,16,8.0,usd_per_1k_tok,0.08120960214370765,0.03713238035331564,0.09998355778738278,0.022279428211989385,0.16697254150492924,storage,True,CLOSED-FORM-ONLY; AWS addendum; B_SSD=measured-at-scoring
aws-L4-g6.2xlarge,1xL4,g6.2xlarge,dsv4_flash,8,16,0.5,decode_tps,0.7982781475242674,0.6043231158870306,1.1814316359787196,0.4230261811209214,1.689447239449569,storage,True,CLOSED-FORM-ONLY; AWS addendum; B_SSD=measured-at-scoring
aws-L4-g6.2xlarge,1xL4,g6.2xlarge,dsv4_flash,8,16,0.5,host_hit_rate,0.51,0.44,0.7531020871528816,0.37,0.8031020871528816,storage,False,CLOSED-FORM-ONLY; AWS addendum; B_SSD=measured-at-scoring
aws-L4-g6.2xlarge,1xL4,g6.2xlarge,dsv4_flash,8,16,0.5,cold_records_per_tok,60.306158329536885,60.306158329536885,370.045229639833,45.229618747152664,462.55653704979125,storage,False,CLOSED-FORM-ONLY; AWS addendum; B_SSD=measured-at-scoring
aws-L4-g6.2xlarge,1xL4,g6.2xlarge,dsv4_flash,8,16,0.5,usd_per_1k_tok,0.3401766118711152,0.22985295745072373,0.4493549037206098,0.13791177447043423,0.7504226892134184,storage,True,CLOSED-FORM-ONLY; AWS addendum; B_SSD=measured-at-scoring
aws-L4-g6.2xlarge,1xL4,g6.2xlarge,dsv4_flash,8,16,1.0,decode_tps,1.4665583827448923,1.1194672906702083,2.2557893382484284,0.7836271034691458,3.2257787536952525,storage,True,CLOSED-FORM-ONLY; AWS addendum; B_SSD=measured-at-scoring
aws-L4-g6.2xlarge,1xL4,g6.2xlarge,dsv4_flash,8,16,1.0,host_hit_rate,0.51,0.44,0.7531020871528816,0.37,0.8031020871528816,storage,False,CLOSED-FORM-ONLY; AWS addendum; B_SSD=measured-at-scoring
aws-L4-g6.2xlarge,1xL4,g6.2xlarge,dsv4_flash,8,16,1.0,cold_records_per_tok,60.306158329536885,60.306158329536885,370.045229639833,45.229618747152664,462.55653704979125,storage,False,CLOSED-FORM-ONLY; AWS addendum; B_SSD=measured-at-scoring
aws-L4-g6.2xlarge,1xL4,g6.2xlarge,dsv4_flash,8,16,1.0,usd_per_1k_tok,0.18516518588731332,0.12038161141696527,0.24257569454573283,0.07222896685017915,0.40510140989137383,storage,True,CLOSED-FORM-ONLY; AWS addendum; B_SSD=measured-at-scoring
aws-L4-g6.2xlarge,1xL4,g6.2xlarge,dsv4_flash,8,16,1.5,decode_tps,2.0342046094385577,1.5638160871805018,3.236998352261059,1.0946712610263512,4.628907643733314,storage,True,CLOSED-FORM-ONLY; AWS addendum; B_SSD=measured-at-scoring
aws-L4-g6.2xlarge,1xL4,g6.2xlarge,dsv4_flash,8,16,1.5,host_hit_rate,0.51,0.44,0.7531020871528816,0.37,0.8031020871528816,storage,False,CLOSED-FORM-ONLY; AWS addendum; B_SSD=measured-at-scoring
aws-L4-g6.2xlarge,1xL4,g6.2xlarge,dsv4_flash,8,16,1.5,cold_records_per_tok,60.306158329536885,60.306158329536885,370.045229639833,45.229618747152664,462.55653704979125,storage,False,CLOSED-FORM-ONLY; AWS addendum; B_SSD=measured-at-scoring
aws-L4-g6.2xlarge,1xL4,g6.2xlarge,dsv4_flash,8,16,1.5,usd_per_1k_tok,0.13349471055937934,0.08389116273904579,0.17364929148744046,0.05033469764342747,0.28999431678402554,storage,True,CLOSED-FORM-ONLY; AWS addendum; B_SSD=measured-at-scoring
aws-L4-g6.2xlarge,1xL4,g6.2xlarge,dsv4_flash,8,16,2.0,decode_tps,2.522356354274211,1.951025103420352,4.13666956667649,1.3657175723942463,5.91543748034738,storage,True,CLOSED-FORM-ONLY; AWS addendum; B_SSD=measured-at-scoring
aws-L4-g6.2xlarge,1xL4,g6.2xlarge,dsv4_flash,8,16,2.0,host_hit_rate,0.51,0.44,0.7531020871528816,0.37,0.8031020871528816,storage,False,CLOSED-FORM-ONLY; AWS addendum; B_SSD=measured-at-scoring
aws-L4-g6.2xlarge,1xL4,g6.2xlarge,dsv4_flash,8,16,2.0,cold_records_per_tok,60.306158329536885,60.306158329536885,370.045229639833,45.229618747152664,462.55653704979125,storage,False,CLOSED-FORM-ONLY; AWS addendum; B_SSD=measured-at-scoring
aws-L4-g6.2xlarge,1xL4,g6.2xlarge,dsv4_flash,8,16,2.0,usd_per_1k_tok,0.10765947289541235,0.06564593840008606,0.1391860899582943,0.039387563040051636,0.23244077023035145,storage,True,CLOSED-FORM-ONLY; AWS addendum; B_SSD=measured-at-scoring
aws-L4-g6.2xlarge,1xL4,g6.2xlarge,dsv4_flash,8,16,2.5,decode_tps,2.9466197432214183,2.291450097942609,4.964561136744417,1.6040150685598262,7.099322425544517,storage,True,CLOSED-FORM-ONLY; AWS addendum; B_SSD=measured-at-scoring
aws-L4-g6.2xlarge,1xL4,g6.2xlarge,dsv4_flash,8,16,2.5,host_hit_rate,0.51,0.44,0.7531020871528816,0.37,0.8031020871528816,storage,False,CLOSED-FORM-ONLY; AWS addendum; B_SSD=measured-at-scoring
aws-L4-g6.2xlarge,1xL4,g6.2xlarge,dsv4_flash,8,16,2.5,cold_records_per_tok,60.306158329536885,60.306158329536885,370.045229639833,45.229618747152664,462.55653704979125,storage,False,CLOSED-FORM-ONLY; AWS addendum; B_SSD=measured-at-scoring
aws-L4-g6.2xlarge,1xL4,g6.2xlarge,dsv4_flash,8,16,2.5,usd_per_1k_tok,0.09215833029703216,0.05469880379671022,0.1185081690408066,0.032819282278026135,0.19790864229814703,storage,True,CLOSED-FORM-ONLY; AWS addendum; B_SSD=measured-at-scoring
aws-L4-g6.2xlarge,1xL4,g6.2xlarge,dsv4_flash,8,16,3.0,decode_tps,3.3187668028603308,2.5930869519444224,5.728933855413378,1.8151608663610956,8.19237541324113,storage,True,CLOSED-FORM-ONLY; AWS addendum; B_SSD=measured-at-scoring
aws-L4-g6.2xlarge,1xL4,g6.2xlarge,dsv4_flash,8,16,3.0,host_hit_rate,0.51,0.44,0.7531020871528816,0.37,0.8031020871528816,storage,False,CLOSED-FORM-ONLY; AWS addendum; B_SSD=measured-at-scoring
aws-L4-g6.2xlarge,1xL4,g6.2xlarge,dsv4_flash,8,16,3.0,cold_records_per_tok,60.306158329536885,60.306158329536885,370.045229639833,45.229618747152664,462.55653704979125,storage,False,CLOSED-FORM-ONLY; AWS addendum; B_SSD=measured-at-scoring
aws-L4-g6.2xlarge,1xL4,g6.2xlarge,dsv4_flash,8,16,3.0,usd_per_1k_tok,0.08182423523144536,0.04740071406112632,0.10472288842914813,0.028440428436675793,0.1748872236766774,storage,True,CLOSED-FORM-ONLY; AWS addendum; B_SSD=measured-at-scoring
aws-L4-g6.2xlarge,1xL4,g6.2xlarge,dsv4_flash,8,16,4.0,decode_tps,3.940921347542414,3.1038011075645375,7.094279552425194,2.172660775295176,10.144819759968026,storage,True,CLOSED-FORM-ONLY; AWS addendum; B_SSD=measured-at-scoring
aws-L4-g6.2xlarge,1xL4,g6.2xlarge,dsv4_flash,8,16,4.0,host_hit_rate,0.51,0.44,0.7531020871528816,0.37,0.8031020871528816,storage,False,CLOSED-FORM-ONLY; AWS addendum; B_SSD=measured-at-scoring
aws-L4-g6.2xlarge,1xL4,g6.2xlarge,dsv4_flash,8,16,4.0,cold_records_per_tok,60.306158329536885,60.306158329536885,370.045229639833,45.229618747152664,462.55653704979125,storage,False,CLOSED-FORM-ONLY; AWS addendum; B_SSD=measured-at-scoring
aws-L4-g6.2xlarge,1xL4,g6.2xlarge,dsv4_flash,8,16,4.0,usd_per_1k_tok,0.0689066163994619,0.03827810189164645,0.08749128766457503,0.02296686113498787,0.1461104503998403,storage,True,CLOSED-FORM-ONLY; AWS addendum; B_SSD=measured-at-scoring
aws-L4-g6.2xlarge,1xL4,g6.2xlarge,dsv4_flash,8,16,5.0,decode_tps,4.440371431970651,3.5197325264224997,8.277988361971111,2.4638127684957496,11.83752335761869,storage,True,CLOSED-FORM-ONLY; AWS addendum; B_SSD=measured-at-scoring
aws-L4-g6.2xlarge,1xL4,g6.2xlarge,dsv4_flash,8,16,5.0,host_hit_rate,0.51,0.44,0.7531020871528816,0.37,0.8031020871528816,storage,False,CLOSED-FORM-ONLY; AWS addendum; B_SSD=measured-at-scoring
aws-L4-g6.2xlarge,1xL4,g6.2xlarge,dsv4_flash,8,16,5.0,cold_records_per_tok,60.306158329536885,60.306158329536885,370.045229639833,45.229618747152664,462.55653704979125,storage,False,CLOSED-FORM-ONLY; AWS addendum; B_SSD=measured-at-scoring
aws-L4-g6.2xlarge,1xL4,g6.2xlarge,dsv4_flash,8,16,5.0,usd_per_1k_tok,0.06115604510027178,0.03280453458995854,0.07715232720583118,0.019682720753975123,0.12884438643373805,storage,True,CLOSED-FORM-ONLY; AWS addendum; B_SSD=measured-at-scoring
aws-L4-g6.2xlarge,1xL4,g6.2xlarge,dsv4_flash,8,16,6.0,decode_tps,4.850159269743571,3.8650265541611453,9.314045421404634,2.7055185879128016,13.319084952608627,storage,True,CLOSED-FORM-ONLY; AWS addendum; B_SSD=measured-at-scoring
aws-L4-g6.2xlarge,1xL4,g6.2xlarge,dsv4_flash,8,16,6.0,host_hit_rate,0.51,0.44,0.7531020871528816,0.37,0.8031020871528816,storage,False,CLOSED-FORM-ONLY; AWS addendum; B_SSD=measured-at-scoring
aws-L4-g6.2xlarge,1xL4,g6.2xlarge,dsv4_flash,8,16,6.0,cold_records_per_tok,60.306158329536885,60.306158329536885,370.045229639833,45.229618747152664,462.55653704979125,storage,False,CLOSED-FORM-ONLY; AWS addendum; B_SSD=measured-at-scoring
aws-L4-g6.2xlarge,1xL4,g6.2xlarge,dsv4_flash,8,16,6.0,usd_per_1k_tok,0.05598899756747839,0.029155489722166587,0.07025968690000196,0.01749329383329995,0.11733367712300327,storage,True,CLOSED-FORM-ONLY; AWS addendum; B_SSD=measured-at-scoring
aws-L4-g6.2xlarge,1xL4,g6.2xlarge,dsv4_flash,8,16,8.0,decode_tps,5.482627175269569,4.405230930361846,11.04145433566296,3.083661651253292,15.789279699998033,storage,True,CLOSED-FORM-ONLY; AWS addendum; B_SSD=measured-at-scoring
aws-L4-g6.2xlarge,1xL4,g6.2xlarge,dsv4_flash,8,16,8.0,host_hit_rate,0.51,0.44,0.7531020871528816,0.37,0.8031020871528816,storage,False,CLOSED-FORM-ONLY; AWS addendum; B_SSD=measured-at-scoring
aws-L4-g6.2xlarge,1xL4,g6.2xlarge,dsv4_flash,8,16,8.0,cold_records_per_tok,60.306158329536885,60.306158329536885,370.045229639833,45.229618747152664,462.55653704979125,storage,False,CLOSED-FORM-ONLY; AWS addendum; B_SSD=measured-at-scoring
aws-L4-g6.2xlarge,1xL4,g6.2xlarge,dsv4_flash,8,16,8.0,usd_per_1k_tok,0.04953018815148665,0.024594183637426652,0.06164388651771542,0.01475651018245599,0.10294529048458474,storage,True,CLOSED-FORM-ONLY; AWS addendum; B_SSD=measured-at-scoring
aws-L4-g6.8xlarge,1xL4,g6.8xlarge,dsv4_flash,1,64,0.5,decode_tps,0.3313227446492374,0.2502125320696561,0.4865875707168541,0.17514877244875926,0.6958202261251013,h2d,True,CLOSED-FORM-ONLY; AWS addendum; B_SSD=measured-at-scoring
aws-L4-g6.8xlarge,1xL4,g6.8xlarge,dsv4_flash,1,64,0.5,host_hit_rate,0.54,0.47000000000000003,1.0,0.4,1.0,h2d,False,CLOSED-FORM-ONLY; AWS addendum; B_SSD=measured-at-scoring
aws-L4-g6.8xlarge,1xL4,g6.8xlarge,dsv4_flash,1,64,0.5,cold_records_per_tok,147.75,0.0,295.5,0.0,369.375,h2d,False,CLOSED-FORM-ONLY; AWS addendum; B_SSD=measured-at-scoring
aws-L4-g6.8xlarge,1xL4,g6.8xlarge,dsv4_flash,1,64,0.5,usd_per_1k_tok,0.11309462967005356,0.03821234222450519,0.13366695337531462,0.022927405334703114,0.2232238121367754,h2d,True,CLOSED-FORM-ONLY; AWS addendum; B_SSD=measured-at-scoring
aws-L4-g6.8xlarge,1xL4,g6.8xlarge,dsv4_flash,1,64,1.0,decode_tps,0.6176323487560451,0.4694322240197339,0.9371612489515735,0.32860255681381373,1.34014058600075,h2d,True,CLOSED-FORM-ONLY; AWS addendum; B_SSD=measured-at-scoring
aws-L4-g6.8xlarge,1xL4,g6.8xlarge,dsv4_flash,1,64,1.0,host_hit_rate,0.54,0.47000000000000003,1.0,0.4,1.0,h2d,False,CLOSED-FORM-ONLY; AWS addendum; B_SSD=measured-at-scoring
aws-L4-g6.8xlarge,1xL4,g6.8xlarge,dsv4_flash,1,64,1.0,cold_records_per_tok,147.75,0.0,295.5,0.0,369.375,h2d,False,CLOSED-FORM-ONLY; AWS addendum; B_SSD=measured-at-scoring
aws-L4-g6.8xlarge,1xL4,g6.8xlarge,dsv4_flash,1,64,1.0,usd_per_1k_tok,0.11309462967005356,0.03821234222450519,0.13366695337531462,0.022927405334703114,0.2232238121367754,h2d,True,CLOSED-FORM-ONLY; AWS addendum; B_SSD=measured-at-scoring
aws-L4-g6.8xlarge,1xL4,g6.8xlarge,dsv4_flash,1,64,1.5,decode_tps,0.8675184743525869,0.6630814921188839,1.355574589223296,0.4641570444832187,1.9384716625893132,h2d,True,CLOSED-FORM-ONLY; AWS addendum; B_SSD=measured-at-scoring
aws-L4-g6.8xlarge,1xL4,g6.8xlarge,dsv4_flash,1,64,1.5,host_hit_rate,0.54,0.47000000000000003,1.0,0.4,1.0,h2d,False,CLOSED-FORM-ONLY; AWS addendum; B_SSD=measured-at-scoring
aws-L4-g6.8xlarge,1xL4,g6.8xlarge,dsv4_flash,1,64,1.5,cold_records_per_tok,147.75,0.0,295.5,0.0,369.375,h2d,False,CLOSED-FORM-ONLY; AWS addendum; B_SSD=measured-at-scoring
aws-L4-g6.8xlarge,1xL4,g6.8xlarge,dsv4_flash,1,64,1.5,usd_per_1k_tok,0.11309462967005356,0.03821234222450519,0.13366695337531462,0.022927405334703114,0.2232238121367754,h2d,True,CLOSED-FORM-ONLY; AWS addendum; B_SSD=measured-at-scoring
aws-L4-g6.8xlarge,1xL4,g6.8xlarge,dsv4_flash,1,64,2.0,decode_tps,1.0875159825366498,0.8353875763779599,1.7451507468484568,0.5847713034645718,2.4955655679932933,h2d,True,CLOSED-FORM-ONLY; AWS addendum; B_SSD=measured-at-scoring
aws-L4-g6.8xlarge,1xL4,g6.8xlarge,dsv4_flash,1,64,2.0,host_hit_rate,0.54,0.47000000000000003,1.0,0.4,1.0,h2d,False,CLOSED-FORM-ONLY; AWS addendum; B_SSD=measured-at-scoring
aws-L4-g6.8xlarge,1xL4,g6.8xlarge,dsv4_flash,1,64,2.0,cold_records_per_tok,147.75,0.0,295.5,0.0,369.375,h2d,False,CLOSED-FORM-ONLY; AWS addendum; B_SSD=measured-at-scoring
aws-L4-g6.8xlarge,1xL4,g6.8xlarge,dsv4_flash,1,64,2.0,usd_per_1k_tok,0.11309462967005356,0.03821234222450519,0.13366695337531462,0.022927405334703114,0.2232238121367754,h2d,True,CLOSED-FORM-ONLY; AWS addendum; B_SSD=measured-at-scoring
aws-L4-g6.8xlarge,1xL4,g6.8xlarge,dsv4_flash,1,64,2.5,decode_tps,1.2826846927348494,0.9896946248517772,2.108770577967451,0.692786237396244,3.0155419264934546,h2d,True,CLOSED-FORM-ONLY; AWS addendum; B_SSD=measured-at-scoring
aws-L4-g6.8xlarge,1xL4,g6.8xlarge,dsv4_flash,1,64,2.5,host_hit_rate,0.54,0.47000000000000003,1.0,0.4,1.0,h2d,False,CLOSED-FORM-ONLY; AWS addendum; B_SSD=measured-at-scoring
aws-L4-g6.8xlarge,1xL4,g6.8xlarge,dsv4_flash,1,64,2.5,cold_records_per_tok,147.75,0.0,295.5,0.0,369.375,h2d,False,CLOSED-FORM-ONLY; AWS addendum; B_SSD=measured-at-scoring
aws-L4-g6.8xlarge,1xL4,g6.8xlarge,dsv4_flash,1,64,2.5,usd_per_1k_tok,0.11309462967005356,0.03821234222450519,0.13366695337531462,0.022927405334703114,0.2232238121367754,h2d,True,CLOSED-FORM-ONLY; AWS addendum; B_SSD=measured-at-scoring
aws-L4-g6.8xlarge,1xL4,g6.8xlarge,dsv4_flash,1,64,3.0,decode_tps,1.4570033331688426,1.128682844666378,2.4489437796828186,0.7900779912664645,3.5019896049464303,h2d,True,CLOSED-FORM-ONLY; AWS addendum; B_SSD=measured-at-scoring
aws-L4-g6.8xlarge,1xL4,g6.8xlarge,dsv4_flash,1,64,3.0,host_hit_rate,0.54,0.47000000000000003,1.0,0.4,1.0,h2d,False,CLOSED-FORM-ONLY; AWS addendum; B_SSD=measured-at-scoring
aws-L4-g6.8xlarge,1xL4,g6.8xlarge,dsv4_flash,1,64,3.0,cold_records_per_tok,147.75,0.0,295.5,0.0,369.375,h2d,False,CLOSED-FORM-ONLY; AWS addendum; B_SSD=measured-at-scoring
aws-L4-g6.8xlarge,1xL4,g6.8xlarge,dsv4_flash,1,64,3.0,usd_per_1k_tok,0.11309462967005356,0.03821234222450519,0.13366695337531462,0.022927405334703114,0.2232238121367754,h2d,True,CLOSED-FORM-ONLY; AWS addendum; B_SSD=measured-at-scoring
aws-L4-g6.8xlarge,1xL4,g6.8xlarge,dsv4_flash,1,64,4.0,decode_tps,1.7551650607323954,1.3690032556944753,3.067469959095699,0.9583022789861326,4.3864820415068495,h2d,True,CLOSED-FORM-ONLY; AWS addendum; B_SSD=measured-at-scoring
aws-L4-g6.8xlarge,1xL4,g6.8xlarge,dsv4_flash,1,64,4.0,host_hit_rate,0.54,0.47000000000000003,1.0,0.4,1.0,h2d,False,CLOSED-FORM-ONLY; AWS addendum; B_SSD=measured-at-scoring
aws-L4-g6.8xlarge,1xL4,g6.8xlarge,dsv4_flash,1,64,4.0,cold_records_per_tok,147.75,0.0,295.5,0.0,369.375,h2d,False,CLOSED-FORM-ONLY; AWS addendum; B_SSD=measured-at-scoring
aws-L4-g6.8xlarge,1xL4,g6.8xlarge,dsv4_flash,1,64,4.0,usd_per_1k_tok,0.11309462967005356,0.03821234222450519,0.13366695337531462,0.022927405334703114,0.2232238121367754,h2d,True,CLOSED-FORM-ONLY; AWS addendum; B_SSD=measured-at-scoring
aws-L4-g6.8xlarge,1xL4,g6.8xlarge,dsv4_flash,1,64,5.0,decode_tps,2.000836198436695,1.569512239610716,3.6153369411898666,1.0986585677275011,5.169931825901509,h2d,True,CLOSED-FORM-ONLY; AWS addendum; B_SSD=measured-at-scoring
aws-L4-g6.8xlarge,1xL4,g6.8xlarge,dsv4_flash,1,64,5.0,host_hit_rate,0.54,0.47000000000000003,1.0,0.4,1.0,h2d,False,CLOSED-FORM-ONLY; AWS addendum; B_SSD=measured-at-scoring
aws-L4-g6.8xlarge,1xL4,g6.8xlarge,dsv4_flash,1,64,5.0,cold_records_per_tok,147.75,0.0,295.5,0.0,369.375,h2d,False,CLOSED-FORM-ONLY; AWS addendum; B_SSD=measured-at-scoring
aws-L4-g6.8xlarge,1xL4,g6.8xlarge,dsv4_flash,1,64,5.0,usd_per_1k_tok,0.11309462967005356,0.03821234222450519,0.13366695337531462,0.022927405334703114,0.2232238121367754,h2d,True,CLOSED-FORM-ONLY; AWS addendum; B_SSD=measured-at-scoring
aws-L4-g6.8xlarge,1xL4,g6.8xlarge,dsv4_flash,1,64,6.0,decode_tps,2.2067565846609964,1.7393456723373073,4.103996735809494,1.217541970636115,5.868715332207576,h2d,True,CLOSED-FORM-ONLY; AWS addendum; B_SSD=measured-at-scoring
aws-L4-g6.8xlarge,1xL4,g6.8xlarge,dsv4_flash,1,64,6.0,host_hit_rate,0.54,0.47000000000000003,1.0,0.4,1.0,h2d,False,CLOSED-FORM-ONLY; AWS addendum; B_SSD=measured-at-scoring
aws-L4-g6.8xlarge,1xL4,g6.8xlarge,dsv4_flash,1,64,6.0,cold_records_per_tok,147.75,0.0,295.5,0.0,369.375,h2d,False,CLOSED-FORM-ONLY; AWS addendum; B_SSD=measured-at-scoring
aws-L4-g6.8xlarge,1xL4,g6.8xlarge,dsv4_flash,1,64,6.0,usd_per_1k_tok,0.11309462967005356,0.03821234222450519,0.13366695337531462,0.022927405334703114,0.2232238121367754,h2d,True,CLOSED-FORM-ONLY; AWS addendum; B_SSD=measured-at-scoring
aws-L4-g6.8xlarge,1xL4,g6.8xlarge,dsv4_flash,1,64,8.0,decode_tps,2.532561663201953,2.0114074253098746,4.938337543488986,1.4079851977169122,7.06182268718925,h2d,True,CLOSED-FORM-ONLY; AWS addendum; B_SSD=measured-at-scoring
aws-L4-g6.8xlarge,1xL4,g6.8xlarge,dsv4_flash,1,64,8.0,host_hit_rate,0.54,0.47000000000000003,1.0,0.4,1.0,h2d,False,CLOSED-FORM-ONLY; AWS addendum; B_SSD=measured-at-scoring
aws-L4-g6.8xlarge,1xL4,g6.8xlarge,dsv4_flash,1,64,8.0,cold_records_per_tok,147.75,0.0,295.5,0.0,369.375,h2d,False,CLOSED-FORM-ONLY; AWS addendum; B_SSD=measured-at-scoring
aws-L4-g6.8xlarge,1xL4,g6.8xlarge,dsv4_flash,1,64,8.0,usd_per_1k_tok,0.11309462967005356,0.03821234222450519,0.13366695337531462,0.022927405334703114,0.2232238121367754,h2d,True,CLOSED-FORM-ONLY; AWS addendum; B_SSD=measured-at-scoring
aws-L4-g6.8xlarge,1xL4,g6.8xlarge,dsv4_flash,8,64,0.5,decode_tps,9.005694693613744,7.586095471167297,24.88991294139697,5.310266829817108,35.59257550619767,h2d,True,CLOSED-FORM-ONLY; AWS addendum; B_SSD=measured-at-scoring
aws-L4-g6.8xlarge,1xL4,g6.8xlarge,dsv4_flash,8,64,0.5,host_hit_rate,0.54,0.47000000000000003,1.0,0.4,1.0,h2d,False,CLOSED-FORM-ONLY; AWS addendum; B_SSD=measured-at-scoring
aws-L4-g6.8xlarge,1xL4,g6.8xlarge,dsv4_flash,8,64,0.5,cold_records_per_tok,0.0,0.0,295.5,0.0,369.375,h2d,False,CLOSED-FORM-ONLY; AWS addendum; B_SSD=measured-at-scoring
aws-L4-g6.8xlarge,1xL4,g6.8xlarge,dsv4_flash,8,64,0.5,usd_per_1k_tok,0.0621335249075628,0.022481217868179096,0.07376067934845737,0.013488730720907458,0.1231803345119238,h2d,True,CLOSED-FORM-ONLY; AWS addendum; B_SSD=measured-at-scoring
aws-L4-g6.8xlarge,1xL4,g6.8xlarge,dsv4_flash,8,64,1.0,decode_tps,9.005694693613744,7.586095471167297,24.88991294139697,5.310266829817108,35.59257550619767,h2d,True,CLOSED-FORM-ONLY; AWS addendum; B_SSD=measured-at-scoring
aws-L4-g6.8xlarge,1xL4,g6.8xlarge,dsv4_flash,8,64,1.0,host_hit_rate,0.54,0.47000000000000003,1.0,0.4,1.0,h2d,False,CLOSED-FORM-ONLY; AWS addendum; B_SSD=measured-at-scoring
aws-L4-g6.8xlarge,1xL4,g6.8xlarge,dsv4_flash,8,64,1.0,cold_records_per_tok,0.0,0.0,295.5,0.0,369.375,h2d,False,CLOSED-FORM-ONLY; AWS addendum; B_SSD=measured-at-scoring
aws-L4-g6.8xlarge,1xL4,g6.8xlarge,dsv4_flash,8,64,1.0,usd_per_1k_tok,0.0621335249075628,0.022481217868179096,0.07376067934845737,0.013488730720907458,0.1231803345119238,h2d,True,CLOSED-FORM-ONLY; AWS addendum; B_SSD=measured-at-scoring
aws-L4-g6.8xlarge,1xL4,g6.8xlarge,dsv4_flash,8,64,1.5,decode_tps,9.005694693613744,7.586095471167297,24.88991294139697,5.310266829817108,35.59257550619767,h2d,True,CLOSED-FORM-ONLY; AWS addendum; B_SSD=measured-at-scoring
aws-L4-g6.8xlarge,1xL4,g6.8xlarge,dsv4_flash,8,64,1.5,host_hit_rate,0.54,0.47000000000000003,1.0,0.4,1.0,h2d,False,CLOSED-FORM-ONLY; AWS addendum; B_SSD=measured-at-scoring
aws-L4-g6.8xlarge,1xL4,g6.8xlarge,dsv4_flash,8,64,1.5,cold_records_per_tok,0.0,0.0,295.5,0.0,369.375,h2d,False,CLOSED-FORM-ONLY; AWS addendum; B_SSD=measured-at-scoring
aws-L4-g6.8xlarge,1xL4,g6.8xlarge,dsv4_flash,8,64,1.5,usd_per_1k_tok,0.0621335249075628,0.022481217868179096,0.07376067934845737,0.013488730720907458,0.1231803345119238,h2d,True,CLOSED-FORM-ONLY; AWS addendum; B_SSD=measured-at-scoring
aws-L4-g6.8xlarge,1xL4,g6.8xlarge,dsv4_flash,8,64,2.0,decode_tps,9.005694693613744,7.586095471167297,24.88991294139697,5.310266829817108,35.59257550619767,h2d,True,CLOSED-FORM-ONLY; AWS addendum; B_SSD=measured-at-scoring
aws-L4-g6.8xlarge,1xL4,g6.8xlarge,dsv4_flash,8,64,2.0,host_hit_rate,0.54,0.47000000000000003,1.0,0.4,1.0,h2d,False,CLOSED-FORM-ONLY; AWS addendum; B_SSD=measured-at-scoring
aws-L4-g6.8xlarge,1xL4,g6.8xlarge,dsv4_flash,8,64,2.0,cold_records_per_tok,0.0,0.0,295.5,0.0,369.375,h2d,False,CLOSED-FORM-ONLY; AWS addendum; B_SSD=measured-at-scoring
aws-L4-g6.8xlarge,1xL4,g6.8xlarge,dsv4_flash,8,64,2.0,usd_per_1k_tok,0.0621335249075628,0.022481217868179096,0.07376067934845737,0.013488730720907458,0.1231803345119238,h2d,True,CLOSED-FORM-ONLY; AWS addendum; B_SSD=measured-at-scoring
aws-L4-g6.8xlarge,1xL4,g6.8xlarge,dsv4_flash,8,64,2.5,decode_tps,9.005694693613744,7.586095471167297,24.88991294139697,5.310266829817108,35.59257550619767,h2d,True,CLOSED-FORM-ONLY; AWS addendum; B_SSD=measured-at-scoring
aws-L4-g6.8xlarge,1xL4,g6.8xlarge,dsv4_flash,8,64,2.5,host_hit_rate,0.54,0.47000000000000003,1.0,0.4,1.0,h2d,False,CLOSED-FORM-ONLY; AWS addendum; B_SSD=measured-at-scoring
aws-L4-g6.8xlarge,1xL4,g6.8xlarge,dsv4_flash,8,64,2.5,cold_records_per_tok,0.0,0.0,295.5,0.0,369.375,h2d,False,CLOSED-FORM-ONLY; AWS addendum; B_SSD=measured-at-scoring
aws-L4-g6.8xlarge,1xL4,g6.8xlarge,dsv4_flash,8,64,2.5,usd_per_1k_tok,0.0621335249075628,0.022481217868179096,0.07376067934845737,0.013488730720907458,0.1231803345119238,h2d,True,CLOSED-FORM-ONLY; AWS addendum; B_SSD=measured-at-scoring
aws-L4-g6.8xlarge,1xL4,g6.8xlarge,dsv4_flash,8,64,3.0,decode_tps,9.005694693613744,7.586095471167297,24.88991294139697,5.310266829817108,35.59257550619767,h2d,True,CLOSED-FORM-ONLY; AWS addendum; B_SSD=measured-at-scoring
aws-L4-g6.8xlarge,1xL4,g6.8xlarge,dsv4_flash,8,64,3.0,host_hit_rate,0.54,0.47000000000000003,1.0,0.4,1.0,h2d,False,CLOSED-FORM-ONLY; AWS addendum; B_SSD=measured-at-scoring
aws-L4-g6.8xlarge,1xL4,g6.8xlarge,dsv4_flash,8,64,3.0,cold_records_per_tok,0.0,0.0,295.5,0.0,369.375,h2d,False,CLOSED-FORM-ONLY; AWS addendum; B_SSD=measured-at-scoring
aws-L4-g6.8xlarge,1xL4,g6.8xlarge,dsv4_flash,8,64,3.0,usd_per_1k_tok,0.0621335249075628,0.022481217868179096,0.07376067934845737,0.013488730720907458,0.1231803345119238,h2d,True,CLOSED-FORM-ONLY; AWS addendum; B_SSD=measured-at-scoring
aws-L4-g6.8xlarge,1xL4,g6.8xlarge,dsv4_flash,8,64,4.0,decode_tps,9.005694693613744,7.586095471167297,24.88991294139697,5.310266829817108,35.59257550619767,h2d,True,CLOSED-FORM-ONLY; AWS addendum; B_SSD=measured-at-scoring
aws-L4-g6.8xlarge,1xL4,g6.8xlarge,dsv4_flash,8,64,4.0,host_hit_rate,0.54,0.47000000000000003,1.0,0.4,1.0,h2d,False,CLOSED-FORM-ONLY; AWS addendum; B_SSD=measured-at-scoring
aws-L4-g6.8xlarge,1xL4,g6.8xlarge,dsv4_flash,8,64,4.0,cold_records_per_tok,0.0,0.0,295.5,0.0,369.375,h2d,False,CLOSED-FORM-ONLY; AWS addendum; B_SSD=measured-at-scoring
aws-L4-g6.8xlarge,1xL4,g6.8xlarge,dsv4_flash,8,64,4.0,usd_per_1k_tok,0.0621335249075628,0.022481217868179096,0.07376067934845737,0.013488730720907458,0.1231803345119238,h2d,True,CLOSED-FORM-ONLY; AWS addendum; B_SSD=measured-at-scoring
aws-L4-g6.8xlarge,1xL4,g6.8xlarge,dsv4_flash,8,64,5.0,decode_tps,9.005694693613744,7.586095471167297,24.88991294139697,5.310266829817108,35.59257550619767,h2d,True,CLOSED-FORM-ONLY; AWS addendum; B_SSD=measured-at-scoring
aws-L4-g6.8xlarge,1xL4,g6.8xlarge,dsv4_flash,8,64,5.0,host_hit_rate,0.54,0.47000000000000003,1.0,0.4,1.0,h2d,False,CLOSED-FORM-ONLY; AWS addendum; B_SSD=measured-at-scoring
aws-L4-g6.8xlarge,1xL4,g6.8xlarge,dsv4_flash,8,64,5.0,cold_records_per_tok,0.0,0.0,295.5,0.0,369.375,h2d,False,CLOSED-FORM-ONLY; AWS addendum; B_SSD=measured-at-scoring
aws-L4-g6.8xlarge,1xL4,g6.8xlarge,dsv4_flash,8,64,5.0,usd_per_1k_tok,0.0621335249075628,0.022481217868179096,0.07376067934845737,0.013488730720907458,0.1231803345119238,h2d,True,CLOSED-FORM-ONLY; AWS addendum; B_SSD=measured-at-scoring
aws-L4-g6.8xlarge,1xL4,g6.8xlarge,dsv4_flash,8,64,6.0,decode_tps,9.005694693613744,7.586095471167297,24.88991294139697,5.310266829817108,35.59257550619767,h2d,True,CLOSED-FORM-ONLY; AWS addendum; B_SSD=measured-at-scoring
aws-L4-g6.8xlarge,1xL4,g6.8xlarge,dsv4_flash,8,64,6.0,host_hit_rate,0.54,0.47000000000000003,1.0,0.4,1.0,h2d,False,CLOSED-FORM-ONLY; AWS addendum; B_SSD=measured-at-scoring
aws-L4-g6.8xlarge,1xL4,g6.8xlarge,dsv4_flash,8,64,6.0,cold_records_per_tok,0.0,0.0,295.5,0.0,369.375,h2d,False,CLOSED-FORM-ONLY; AWS addendum; B_SSD=measured-at-scoring
aws-L4-g6.8xlarge,1xL4,g6.8xlarge,dsv4_flash,8,64,6.0,usd_per_1k_tok,0.0621335249075628,0.022481217868179096,0.07376067934845737,0.013488730720907458,0.1231803345119238,h2d,True,CLOSED-FORM-ONLY; AWS addendum; B_SSD=measured-at-scoring
aws-L4-g6.8xlarge,1xL4,g6.8xlarge,dsv4_flash,8,64,8.0,decode_tps,9.005694693613744,7.586095471167297,24.88991294139697,5.310266829817108,35.59257550619767,h2d,True,CLOSED-FORM-ONLY; AWS addendum; B_SSD=measured-at-scoring
aws-L4-g6.8xlarge,1xL4,g6.8xlarge,dsv4_flash,8,64,8.0,host_hit_rate,0.54,0.47000000000000003,1.0,0.4,1.0,h2d,False,CLOSED-FORM-ONLY; AWS addendum; B_SSD=measured-at-scoring
aws-L4-g6.8xlarge,1xL4,g6.8xlarge,dsv4_flash,8,64,8.0,cold_records_per_tok,0.0,0.0,295.5,0.0,369.375,h2d,False,CLOSED-FORM-ONLY; AWS addendum; B_SSD=measured-at-scoring
aws-L4-g6.8xlarge,1xL4,g6.8xlarge,dsv4_flash,8,64,8.0,usd_per_1k_tok,0.0621335249075628,0.022481217868179096,0.07376067934845737,0.013488730720907458,0.1231803345119238,h2d,True,CLOSED-FORM-ONLY; AWS addendum; B_SSD=measured-at-scoring
aws-A10-g5.2xlarge,1xA10,g5.2xlarge,dsv4_flash,1,16,0.5,decode_tps,0.268550624449325,0.20251813933935062,0.3916603706412219,0.14176269753754542,0.5600743300169473,storage,True,CLOSED-FORM-ONLY; AWS addendum; B_SSD=measured-at-scoring
aws-A10-g5.2xlarge,1xA10,g5.2xlarge,dsv4_flash,1,16,0.5,host_hit_rate,0.51,0.44,0.7531020871528816,0.37,0.8031020871528816,storage,False,CLOSED-FORM-ONLY; AWS addendum; B_SSD=measured-at-scoring
aws-A10-g5.2xlarge,1xA10,g5.2xlarge,dsv4_flash,1,16,0.5,cold_records_per_tok,185.0226148199165,81.8951264114965,370.045229639833,61.42134480862238,462.55653704979125,storage,False,CLOSED-FORM-ONLY; AWS addendum; B_SSD=measured-at-scoring
aws-A10-g5.2xlarge,1xA10,g5.2xlarge,dsv4_flash,1,16,0.5,usd_per_1k_tok,0.5900785713711609,0.39160841617098957,0.7768363046313442,0.23496504970259374,1.2973166287343447,storage,True,CLOSED-FORM-ONLY; AWS addendum; B_SSD=measured-at-scoring
aws-A10-g5.2xlarge,1xA10,g5.2xlarge,dsv4_flash,1,16,1.0,decode_tps,0.507196954661208,0.3845216138112762,0.7599389230896341,0.2691651296678933,1.0867126600181767,storage,True,CLOSED-FORM-ONLY; AWS addendum; B_SSD=measured-at-scoring
aws-A10-g5.2xlarge,1xA10,g5.2xlarge,dsv4_flash,1,16,1.0,host_hit_rate,0.51,0.44,0.7531020871528816,0.37,0.8031020871528816,storage,False,CLOSED-FORM-ONLY; AWS addendum; B_SSD=measured-at-scoring
aws-A10-g5.2xlarge,1xA10,g5.2xlarge,dsv4_flash,1,16,1.0,cold_records_per_tok,185.0226148199165,81.8951264114965,370.045229639833,61.42134480862238,462.55653704979125,storage,False,CLOSED-FORM-ONLY; AWS addendum; B_SSD=measured-at-scoring
aws-A10-g5.2xlarge,1xA10,g5.2xlarge,dsv4_flash,1,16,1.0,usd_per_1k_tok,0.32899152875507315,0.207225882196056,0.4285567496916642,0.1243355293176336,0.7156897719850791,storage,True,CLOSED-FORM-ONLY; AWS addendum; B_SSD=measured-at-scoring
aws-A10-g5.2xlarge,1xA10,g5.2xlarge,dsv4_flash,1,16,1.5,decode_tps,0.7206705148226613,0.5489771832615521,1.1068676175146603,0.38428402828308644,1.5828206930459643,storage,True,CLOSED-FORM-ONLY; AWS addendum; B_SSD=measured-at-scoring
aws-A10-g5.2xlarge,1xA10,g5.2xlarge,dsv4_flash,1,16,1.5,host_hit_rate,0.51,0.44,0.7531020871528816,0.37,0.8031020871528816,storage,False,CLOSED-FORM-ONLY; AWS addendum; B_SSD=measured-at-scoring
aws-A10-g5.2xlarge,1xA10,g5.2xlarge,dsv4_flash,1,16,1.5,cold_records_per_tok,185.0226148199165,81.8951264114965,370.045229639833,61.42134480862238,462.55653704979125,storage,False,CLOSED-FORM-ONLY; AWS addendum; B_SSD=measured-at-scoring
aws-A10-g5.2xlarge,1xA10,g5.2xlarge,dsv4_flash,1,16,1.5,usd_per_1k_tok,0.24196251454971057,0.14576550300272542,0.3124637557175656,0.08745930180163525,0.5218144720483345,storage,True,CLOSED-FORM-ONLY; AWS addendum; B_SSD=measured-at-scoring
aws-A10-g5.2xlarge,1xA10,g5.2xlarge,dsv4_flash,1,16,2.0,decode_tps,0.912754659848751,0.6983058790441846,1.4342498175614509,0.4888141153309292,2.0509772391128744,storage,True,CLOSED-FORM-ONLY; AWS addendum; B_SSD=measured-at-scoring
aws-A10-g5.2xlarge,1xA10,g5.2xlarge,dsv4_flash,1,16,2.0,host_hit_rate,0.51,0.44,0.7531020871528816,0.37,0.8031020871528816,storage,False,CLOSED-FORM-ONLY; AWS addendum; B_SSD=measured-at-scoring
aws-A10-g5.2xlarge,1xA10,g5.2xlarge,dsv4_flash,1,16,2.0,cold_records_per_tok,185.0226148199165,81.8951264114965,370.045229639833,61.42134480862238,462.55653704979125,storage,False,CLOSED-FORM-ONLY; AWS addendum; B_SSD=measured-at-scoring
aws-A10-g5.2xlarge,1xA10,g5.2xlarge,dsv4_flash,1,16,2.0,usd_per_1k_tok,0.19844800744702926,0.1150355728894976,0.25441736521079367,0.06902134373369856,0.42487699990202543,storage,True,CLOSED-FORM-ONLY; AWS addendum; B_SSD=measured-at-scoring
aws-A10-g5.2xlarge,1xA10,g5.2xlarge,dsv4_flash,1,16,2.5,decode_tps,1.086510753538651,0.8345029646477266,1.7436915075823594,0.5841520752534085,2.4934788558427736,storage,True,CLOSED-FORM-ONLY; AWS addendum; B_SSD=measured-at-scoring
aws-A10-g5.2xlarge,1xA10,g5.2xlarge,dsv4_flash,1,16,2.5,host_hit_rate,0.51,0.44,0.7531020871528816,0.37,0.8031020871528816,storage,False,CLOSED-FORM-ONLY; AWS addendum; B_SSD=measured-at-scoring
aws-A10-g5.2xlarge,1xA10,g5.2xlarge,dsv4_flash,1,16,2.5,cold_records_per_tok,185.0226148199165,81.8951264114965,370.045229639833,61.42134480862238,462.55653704979125,storage,False,CLOSED-FORM-ONLY; AWS addendum; B_SSD=measured-at-scoring
aws-A10-g5.2xlarge,1xA10,g5.2xlarge,dsv4_flash,1,16,2.5,usd_per_1k_tok,0.17233930318542048,0.0965977733201934,0.21958959594740707,0.057958663992116036,0.3667146252321698,storage,True,CLOSED-FORM-ONLY; AWS addendum; B_SSD=measured-at-scoring
aws-A10-g5.2xlarge,1xA10,g5.2xlarge,dsv4_flash,1,16,3.0,decode_tps,1.244442551315006,0.9592275866678865,2.0366275431734797,0.6714593106675205,2.912377386738076,storage,True,CLOSED-FORM-ONLY; AWS addendum; B_SSD=measured-at-scoring
aws-A10-g5.2xlarge,1xA10,g5.2xlarge,dsv4_flash,1,16,3.0,host_hit_rate,0.51,0.44,0.7531020871528816,0.37,0.8031020871528816,storage,False,CLOSED-FORM-ONLY; AWS addendum; B_SSD=measured-at-scoring
aws-A10-g5.2xlarge,1xA10,g5.2xlarge,dsv4_flash,1,16,3.0,cold_records_per_tok,185.0226148199165,81.8951264114965,370.045229639833,61.42134480862238,462.55653704979125,storage,False,CLOSED-FORM-ONLY; AWS addendum; B_SSD=measured-at-scoring
aws-A10-g5.2xlarge,1xA10,g5.2xlarge,dsv4_flash,1,16,3.0,usd_per_1k_tok,0.15493350034434797,0.08430601007137979,0.19637112542533772,0.050583606042827876,0.327939779460314,storage,True,CLOSED-FORM-ONLY; AWS addendum; B_SSD=measured-at-scoring
aws-A10-g5.2xlarge,1xA10,g5.2xlarge,dsv4_flash,1,16,4.0,decode_tps,1.5207583934202404,1.179607101731053,2.5779961424699454,0.825724971211737,3.6865344837320215,storage,True,CLOSED-FORM-ONLY; AWS addendum; B_SSD=measured-at-scoring
aws-A10-g5.2xlarge,1xA10,g5.2xlarge,dsv4_flash,1,16,4.0,host_hit_rate,0.51,0.44,0.7531020871528816,0.37,0.8031020871528816,storage,False,CLOSED-FORM-ONLY; AWS addendum; B_SSD=measured-at-scoring
aws-A10-g5.2xlarge,1xA10,g5.2xlarge,dsv4_flash,1,16,4.0,cold_records_per_tok,185.0226148199165,81.8951264114965,370.045229639833,61.42134480862238,462.55653704979125,storage,False,CLOSED-FORM-ONLY; AWS addendum; B_SSD=measured-at-scoring
aws-A10-g5.2xlarge,1xA10,g5.2xlarge,dsv4_flash,1,16,4.0,usd_per_1k_tok,0.13317624679300732,0.06894147888438264,0.167348108212437,0.04136488733062958,0.2794713407147698,storage,True,CLOSED-FORM-ONLY; AWS addendum; B_SSD=measured-at-scoring
aws-A10-g5.2xlarge,1xA10,g5.2xlarge,dsv4_flash,1,16,5.0,decode_tps,1.7544997086584926,1.368212277174082,3.0671752509730594,0.9577485940218573,4.386060608891475,storage,True,CLOSED-FORM-ONLY; AWS addendum; B_SSD=measured-at-scoring
aws-A10-g5.2xlarge,1xA10,g5.2xlarge,dsv4_flash,1,16,5.0,host_hit_rate,0.51,0.44,0.7531020871528816,0.37,0.8031020871528816,storage,False,CLOSED-FORM-ONLY; AWS addendum; B_SSD=measured-at-scoring
aws-A10-g5.2xlarge,1xA10,g5.2xlarge,dsv4_flash,1,16,5.0,cold_records_per_tok,185.0226148199165,81.8951264114965,370.045229639833,61.42134480862238,462.55653704979125,storage,False,CLOSED-FORM-ONLY; AWS addendum; B_SSD=measured-at-scoring
aws-A10-g5.2xlarge,1xA10,g5.2xlarge,dsv4_flash,1,16,5.0,usd_per_1k_tok,0.12012189466220294,0.05972289244150973,0.14993435216205075,0.035833735464905835,0.25039036811062476,storage,True,CLOSED-FORM-ONLY; AWS addendum; B_SSD=measured-at-scoring
aws-A10-g5.2xlarge,1xA10,g5.2xlarge,dsv4_flash,1,16,6.0,decode_tps,1.9548024417034564,1.5314527704040948,3.5113632385616382,1.0720169392828662,5.021249431143143,storage,True,CLOSED-FORM-ONLY; AWS addendum; B_SSD=measured-at-scoring
aws-A10-g5.2xlarge,1xA10,g5.2xlarge,dsv4_flash,1,16,6.0,host_hit_rate,0.51,0.44,0.7531020871528816,0.37,0.8031020871528816,storage,False,CLOSED-FORM-ONLY; AWS addendum; B_SSD=measured-at-scoring
aws-A10-g5.2xlarge,1xA10,g5.2xlarge,dsv4_flash,1,16,6.0,cold_records_per_tok,185.0226148199165,81.8951264114965,370.045229639833,61.42134480862238,462.55653704979125,storage,False,CLOSED-FORM-ONLY; AWS addendum; B_SSD=measured-at-scoring
aws-A10-g5.2xlarge,1xA10,g5.2xlarge,dsv4_flash,1,16,6.0,usd_per_1k_tok,0.1114189932416667,0.05357724477691675,0.1383252129075516,0.03214634686615005,0.23100310555561115,storage,True,CLOSED-FORM-ONLY; AWS addendum; B_SSD=measured-at-scoring
aws-A10-g5.2xlarge,1xA10,g5.2xlarge,dsv4_flash,1,16,8.0,decode_tps,2.2802019570442567,1.7998803600869901,4.2874991710597214,1.259916252060893,6.1311238146154015,storage,True,CLOSED-FORM-ONLY; AWS addendum; B_SSD=measured-at-scoring
aws-A10-g5.2xlarge,1xA10,g5.2xlarge,dsv4_flash,1,16,8.0,host_hit_rate,0.51,0.44,0.7531020871528816,0.37,0.8031020871528816,storage,False,CLOSED-FORM-ONLY; AWS addendum; B_SSD=measured-at-scoring
aws-A10-g5.2xlarge,1xA10,g5.2xlarge,dsv4_flash,1,16,8.0,cold_records_per_tok,185.0226148199165,81.8951264114965,370.045229639833,61.42134480862238,462.55653704979125,storage,False,CLOSED-FORM-ONLY; AWS addendum; B_SSD=measured-at-scoring
aws-A10-g5.2xlarge,1xA10,g5.2xlarge,dsv4_flash,1,16,8.0,usd_per_1k_tok,0.10054036646599637,0.04589529938167441,0.12381383569599663,0.027537179629004645,0.20676910561231437,storage,True,CLOSED-FORM-ONLY; AWS addendum; B_SSD=measured-at-scoring
aws-A10-g5.2xlarge,1xA10,g5.2xlarge,dsv4_flash,8,16,0.5,decode_tps,0.7984644500866814,0.6044319830258531,1.1818372605921643,0.42310238811809714,1.6900272826467948,storage,True,CLOSED-FORM-ONLY; AWS addendum; B_SSD=measured-at-scoring
aws-A10-g5.2xlarge,1xA10,g5.2xlarge,dsv4_flash,8,16,0.5,host_hit_rate,0.51,0.44,0.7531020871528816,0.37,0.8031020871528816,storage,False,CLOSED-FORM-ONLY; AWS addendum; B_SSD=measured-at-scoring
aws-A10-g5.2xlarge,1xA10,g5.2xlarge,dsv4_flash,8,16,0.5,cold_records_per_tok,60.306158329536885,60.306158329536885,370.045229639833,45.229618747152664,462.55653704979125,storage,False,CLOSED-FORM-ONLY; AWS addendum; B_SSD=measured-at-scoring
aws-A10-g5.2xlarge,1xA10,g5.2xlarge,dsv4_flash,8,16,0.5,usd_per_1k_tok,0.4216426500016602,0.28486719609599925,0.5569967773400677,0.17092031765759955,0.930184618157913,storage,True,CLOSED-FORM-ONLY; AWS addendum; B_SSD=measured-at-scoring
aws-A10-g5.2xlarge,1xA10,g5.2xlarge,dsv4_flash,8,16,1.0,decode_tps,1.4671873005910507,1.1198409259782696,2.2572685822014624,0.7838886481847887,3.227894072548091,storage,True,CLOSED-FORM-ONLY; AWS addendum; B_SSD=measured-at-scoring
aws-A10-g5.2xlarge,1xA10,g5.2xlarge,dsv4_flash,8,16,1.0,host_hit_rate,0.51,0.44,0.7531020871528816,0.37,0.8031020871528816,storage,False,CLOSED-FORM-ONLY; AWS addendum; B_SSD=measured-at-scoring
aws-A10-g5.2xlarge,1xA10,g5.2xlarge,dsv4_flash,8,16,1.0,cold_records_per_tok,60.306158329536885,60.306158329536885,370.045229639833,45.229618747152664,462.55653704979125,storage,False,CLOSED-FORM-ONLY; AWS addendum; B_SSD=measured-at-scoring
aws-A10-g5.2xlarge,1xA10,g5.2xlarge,dsv4_flash,8,16,1.0,usd_per_1k_tok,0.22946399994809238,0.14914781046494846,0.3006379378147496,0.08948868627896907,0.5020653561506319,storage,True,CLOSED-FORM-ONLY; AWS addendum; B_SSD=measured-at-scoring
aws-A10-g5.2xlarge,1xA10,g5.2xlarge,dsv4_flash,8,16,1.5,decode_tps,2.03541480781602,1.5645452994787652,3.240045205769323,1.0951817096351355,4.633264644250132,storage,True,CLOSED-FORM-ONLY; AWS addendum; B_SSD=measured-at-scoring
aws-A10-g5.2xlarge,1xA10,g5.2xlarge,dsv4_flash,8,16,1.5,host_hit_rate,0.51,0.44,0.7531020871528816,0.37,0.8031020871528816,storage,False,CLOSED-FORM-ONLY; AWS addendum; B_SSD=measured-at-scoring
aws-A10-g5.2xlarge,1xA10,g5.2xlarge,dsv4_flash,8,16,1.5,cold_records_per_tok,60.306158329536885,60.306158329536885,370.045229639833,45.229618747152664,462.55653704979125,storage,False,CLOSED-FORM-ONLY; AWS addendum; B_SSD=measured-at-scoring
aws-A10-g5.2xlarge,1xA10,g5.2xlarge,dsv4_flash,8,16,1.5,usd_per_1k_tok,0.16540444993023642,0.10390801525459822,0.21518499130631025,0.06234480915275893,0.3593589354815381,storage,True,CLOSED-FORM-ONLY; AWS addendum; B_SSD=measured-at-scoring
aws-A10-g5.2xlarge,1xA10,g5.2xlarge,dsv4_flash,8,16,2.0,decode_tps,2.524217336351907,1.952160267114075,4.141646730197793,1.3665121869798524,5.922554824182844,storage,True,CLOSED-FORM-ONLY; AWS addendum; B_SSD=measured-at-scoring
aws-A10-g5.2xlarge,1xA10,g5.2xlarge,dsv4_flash,8,16,2.0,host_hit_rate,0.51,0.44,0.7531020871528816,0.37,0.8031020871528816,storage,False,CLOSED-FORM-ONLY; AWS addendum; B_SSD=measured-at-scoring
aws-A10-g5.2xlarge,1xA10,g5.2xlarge,dsv4_flash,8,16,2.0,cold_records_per_tok,60.306158329536885,60.306158329536885,370.045229639833,45.229618747152664,462.55653704979125,storage,False,CLOSED-FORM-ONLY; AWS addendum; B_SSD=measured-at-scoring
aws-A10-g5.2xlarge,1xA10,g5.2xlarge,dsv4_flash,8,16,2.0,usd_per_1k_tok,0.13337467492130844,0.0812881176494231,0.1724585180520906,0.04877287058965386,0.28800572514699124,storage,True,CLOSED-FORM-ONLY; AWS addendum; B_SSD=measured-at-scoring
aws-A10-g5.2xlarge,1xA10,g5.2xlarge,dsv4_flash,8,16,2.5,decode_tps,2.9491597296257552,2.293016119288371,4.971731589248658,1.6051112835018595,7.109576172625581,storage,True,CLOSED-FORM-ONLY; AWS addendum; B_SSD=measured-at-scoring
aws-A10-g5.2xlarge,1xA10,g5.2xlarge,dsv4_flash,8,16,2.5,host_hit_rate,0.51,0.44,0.7531020871528816,0.37,0.8031020871528816,storage,False,CLOSED-FORM-ONLY; AWS addendum; B_SSD=measured-at-scoring
aws-A10-g5.2xlarge,1xA10,g5.2xlarge,dsv4_flash,8,16,2.5,cold_records_per_tok,60.306158329536885,60.306158329536885,370.045229639833,45.229618747152664,462.55653704979125,storage,False,CLOSED-FORM-ONLY; AWS addendum; B_SSD=measured-at-scoring
aws-A10-g5.2xlarge,1xA10,g5.2xlarge,dsv4_flash,8,16,2.5,usd_per_1k_tok,0.11415680991595165,0.06771617908631802,0.14682263409955876,0.040629707451790814,0.24519379894626311,storage,True,CLOSED-FORM-ONLY; AWS addendum; B_SSD=measured-at-scoring
aws-A10-g5.2xlarge,1xA10,g5.2xlarge,dsv4_flash,8,16,3.0,decode_tps,3.32198923633787,2.5950925786393824,5.738484419891218,1.8165648050475676,8.206032720444442,storage,True,CLOSED-FORM-ONLY; AWS addendum; B_SSD=measured-at-scoring
aws-A10-g5.2xlarge,1xA10,g5.2xlarge,dsv4_flash,8,16,3.0,host_hit_rate,0.51,0.44,0.7531020871528816,0.37,0.8031020871528816,storage,False,CLOSED-FORM-ONLY; AWS addendum; B_SSD=measured-at-scoring
aws-A10-g5.2xlarge,1xA10,g5.2xlarge,dsv4_flash,8,16,3.0,cold_records_per_tok,60.306158329536885,60.306158329536885,370.045229639833,45.229618747152664,462.55653704979125,storage,False,CLOSED-FORM-ONLY; AWS addendum; B_SSD=measured-at-scoring
aws-A10-g5.2xlarge,1xA10,g5.2xlarge,dsv4_flash,8,16,3.0,usd_per_1k_tok,0.10134489991238047,0.05866822004424797,0.1297320447978709,0.03520093202654878,0.21665251481244438,storage,True,CLOSED-FORM-ONLY; AWS addendum; B_SSD=measured-at-scoring
aws-A10-g5.2xlarge,1xA10,g5.2xlarge,dsv4_flash,8,16,4.0,decode_tps,3.9454660460758646,3.106674995780774,7.108930664903698,2.174672497046542,10.165770850812288,storage,True,CLOSED-FORM-ONLY; AWS addendum; B_SSD=measured-at-scoring
aws-A10-g5.2xlarge,1xA10,g5.2xlarge,dsv4_flash,8,16,4.0,host_hit_rate,0.51,0.44,0.7531020871528816,0.37,0.8031020871528816,storage,False,CLOSED-FORM-ONLY; AWS addendum; B_SSD=measured-at-scoring
aws-A10-g5.2xlarge,1xA10,g5.2xlarge,dsv4_flash,8,16,4.0,cold_records_per_tok,60.306158329536885,60.306158329536885,370.045229639833,45.229618747152664,462.55653704979125,storage,False,CLOSED-FORM-ONLY; AWS addendum; B_SSD=measured-at-scoring
aws-A10-g5.2xlarge,1xA10,g5.2xlarge,dsv4_flash,8,16,4.0,usd_per_1k_tok,0.08533001240791648,0.047358271241660414,0.10836880817076107,0.028414962744996247,0.180975909645171,storage,True,CLOSED-FORM-ONLY; AWS addendum; B_SSD=measured-at-scoring
aws-A10-g5.2xlarge,1xA10,g5.2xlarge,dsv4_flash,8,16,5.0,decode_tps,4.446141907748696,3.5234287251920544,8.29794343435798,2.466400107634438,11.866059111131912,storage,True,CLOSED-FORM-ONLY; AWS addendum; B_SSD=measured-at-scoring
aws-A10-g5.2xlarge,1xA10,g5.2xlarge,dsv4_flash,8,16,5.0,host_hit_rate,0.51,0.44,0.7531020871528816,0.37,0.8031020871528816,storage,False,CLOSED-FORM-ONLY; AWS addendum; B_SSD=measured-at-scoring
aws-A10-g5.2xlarge,1xA10,g5.2xlarge,dsv4_flash,8,16,5.0,cold_records_per_tok,60.306158329536885,60.306158329536885,370.045229639833,45.229618747152664,462.55653704979125,storage,False,CLOSED-FORM-ONLY; AWS addendum; B_SSD=measured-at-scoring
aws-A10-g5.2xlarge,1xA10,g5.2xlarge,dsv4_flash,8,16,5.0,usd_per_1k_tok,0.07572107990523808,0.04057230196010789,0.09555086619449517,0.024343381176064733,0.1595699465448069,storage,True,CLOSED-FORM-ONLY; AWS addendum; B_SSD=measured-at-scoring
aws-A10-g5.2xlarge,1xA10,g5.2xlarge,dsv4_flash,8,16,6.0,decode_tps,4.857044795570984,3.869483996180164,9.339315781911475,2.7086387973261146,13.355221568133409,storage,True,CLOSED-FORM-ONLY; AWS addendum; B_SSD=measured-at-scoring
aws-A10-g5.2xlarge,1xA10,g5.2xlarge,dsv4_flash,8,16,6.0,host_hit_rate,0.51,0.44,0.7531020871528816,0.37,0.8031020871528816,storage,False,CLOSED-FORM-ONLY; AWS addendum; B_SSD=measured-at-scoring
aws-A10-g5.2xlarge,1xA10,g5.2xlarge,dsv4_flash,8,16,6.0,cold_records_per_tok,60.306158329536885,60.306158329536885,370.045229639833,45.229618747152664,462.55653704979125,storage,False,CLOSED-FORM-ONLY; AWS addendum; B_SSD=measured-at-scoring
aws-A10-g5.2xlarge,1xA10,g5.2xlarge,dsv4_flash,8,16,6.0,usd_per_1k_tok,0.0693151249034525,0.036048322439072855,0.08700557154365123,0.021628993463443713,0.14529930447789755,storage,True,CLOSED-FORM-ONLY; AWS addendum; B_SSD=measured-at-scoring
aws-A10-g5.2xlarge,1xA10,g5.2xlarge,dsv4_flash,8,16,8.0,decode_tps,5.491427180816876,4.411022390987882,11.076985209006537,3.0877156736915174,15.840088848879347,storage,True,CLOSED-FORM-ONLY; AWS addendum; B_SSD=measured-at-scoring
aws-A10-g5.2xlarge,1xA10,g5.2xlarge,dsv4_flash,8,16,8.0,host_hit_rate,0.51,0.44,0.7531020871528816,0.37,0.8031020871528816,storage,False,CLOSED-FORM-ONLY; AWS addendum; B_SSD=measured-at-scoring
aws-A10-g5.2xlarge,1xA10,g5.2xlarge,dsv4_flash,8,16,8.0,cold_records_per_tok,60.306158329536885,60.306158329536885,370.045229639833,45.229618747152664,462.55653704979125,storage,False,CLOSED-FORM-ONLY; AWS addendum; B_SSD=measured-at-scoring
aws-A10-g5.2xlarge,1xA10,g5.2xlarge,dsv4_flash,8,16,8.0,usd_per_1k_tok,0.06130768115122049,0.030393348037779076,0.0763239532300963,0.018236008822667446,0.12746100189426082,storage,True,CLOSED-FORM-ONLY; AWS addendum; B_SSD=measured-at-scoring
aws-A10-g5.8xlarge,1xA10,g5.8xlarge,dsv4_flash,1,64,0.5,decode_tps,0.33136870396482365,0.25023909983489506,0.48668629535410873,0.17516736988442652,0.6959614023563755,h2d,True,CLOSED-FORM-ONLY; AWS addendum; B_SSD=measured-at-scoring
aws-A10-g5.8xlarge,1xA10,g5.8xlarge,dsv4_flash,1,64,0.5,host_hit_rate,0.54,0.47000000000000003,1.0,0.4,1.0,h2d,False,CLOSED-FORM-ONLY; AWS addendum; B_SSD=measured-at-scoring
aws-A10-g5.8xlarge,1xA10,g5.8xlarge,dsv4_flash,1,64,0.5,cold_records_per_tok,147.75,0.0,295.5,0.0,369.375,h2d,False,CLOSED-FORM-ONLY; AWS addendum; B_SSD=measured-at-scoring
aws-A10-g5.8xlarge,1xA10,g5.8xlarge,dsv4_flash,1,64,0.5,usd_per_1k_tok,0.13715361556785166,0.04615411040474278,0.16215022114965788,0.027692466242845666,0.27079086931992863,h2d,True,CLOSED-FORM-ONLY; AWS addendum; B_SSD=measured-at-scoring
aws-A10-g5.8xlarge,1xA10,g5.8xlarge,dsv4_flash,1,64,1.0,decode_tps,0.6177920775388149,0.4695257490760808,0.9375275292864333,0.32866802435325654,1.3406643668795997,h2d,True,CLOSED-FORM-ONLY; AWS addendum; B_SSD=measured-at-scoring
aws-A10-g5.8xlarge,1xA10,g5.8xlarge,dsv4_flash,1,64,1.0,host_hit_rate,0.54,0.47000000000000003,1.0,0.4,1.0,h2d,False,CLOSED-FORM-ONLY; AWS addendum; B_SSD=measured-at-scoring
aws-A10-g5.8xlarge,1xA10,g5.8xlarge,dsv4_flash,1,64,1.0,cold_records_per_tok,147.75,0.0,295.5,0.0,369.375,h2d,False,CLOSED-FORM-ONLY; AWS addendum; B_SSD=measured-at-scoring
aws-A10-g5.8xlarge,1xA10,g5.8xlarge,dsv4_flash,1,64,1.0,usd_per_1k_tok,0.13715361556785166,0.04615411040474278,0.16215022114965788,0.027692466242845666,0.27079086931992863,h2d,True,CLOSED-FORM-ONLY; AWS addendum; B_SSD=measured-at-scoring
aws-A10-g5.8xlarge,1xA10,g5.8xlarge,dsv4_flash,1,64,1.5,decode_tps,0.8678336306730654,0.6632681110857924,1.3563410801600844,0.46428767776005464,1.9395677446289206,h2d,True,CLOSED-FORM-ONLY; AWS addendum; B_SSD=measured-at-scoring
aws-A10-g5.8xlarge,1xA10,g5.8xlarge,dsv4_flash,1,64,1.5,host_hit_rate,0.54,0.47000000000000003,1.0,0.4,1.0,h2d,False,CLOSED-FORM-ONLY; AWS addendum; B_SSD=measured-at-scoring
aws-A10-g5.8xlarge,1xA10,g5.8xlarge,dsv4_flash,1,64,1.5,cold_records_per_tok,147.75,0.0,295.5,0.0,369.375,h2d,False,CLOSED-FORM-ONLY; AWS addendum; B_SSD=measured-at-scoring
aws-A10-g5.8xlarge,1xA10,g5.8xlarge,dsv4_flash,1,64,1.5,usd_per_1k_tok,0.13715361556785166,0.04615411040474278,0.16215022114965788,0.027692466242845666,0.27079086931992863,h2d,True,CLOSED-FORM-ONLY; AWS addendum; B_SSD=measured-at-scoring
aws-A10-g5.8xlarge,1xA10,g5.8xlarge,dsv4_flash,1,64,2.0,decode_tps,1.0880112956950947,0.8356838092424241,1.746421308791569,0.5849786664696969,2.4973824715719437,h2d,True,CLOSED-FORM-ONLY; AWS addendum; B_SSD=measured-at-scoring
aws-A10-g5.8xlarge,1xA10,g5.8xlarge,dsv4_flash,1,64,2.0,host_hit_rate,0.54,0.47000000000000003,1.0,0.4,1.0,h2d,False,CLOSED-FORM-ONLY; AWS addendum; B_SSD=measured-at-scoring
aws-A10-g5.8xlarge,1xA10,g5.8xlarge,dsv4_flash,1,64,2.0,cold_records_per_tok,147.75,0.0,295.5,0.0,369.375,h2d,False,CLOSED-FORM-ONLY; AWS addendum; B_SSD=measured-at-scoring
aws-A10-g5.8xlarge,1xA10,g5.8xlarge,dsv4_flash,1,64,2.0,usd_per_1k_tok,0.13715361556785166,0.04615411040474278,0.16215022114965788,0.027692466242845666,0.27079086931992863,h2d,True,CLOSED-FORM-ONLY; AWS addendum; B_SSD=measured-at-scoring
aws-A10-g5.8xlarge,1xA10,g5.8xlarge,dsv4_flash,1,64,2.5,decode_tps,1.2833737953411544,0.9901104311636889,2.110626046210129,0.6930773018145822,3.0181952460804844,h2d,True,CLOSED-FORM-ONLY; AWS addendum; B_SSD=measured-at-scoring
aws-A10-g5.8xlarge,1xA10,g5.8xlarge,dsv4_flash,1,64,2.5,host_hit_rate,0.54,0.47000000000000003,1.0,0.4,1.0,h2d,False,CLOSED-FORM-ONLY; AWS addendum; B_SSD=measured-at-scoring
aws-A10-g5.8xlarge,1xA10,g5.8xlarge,dsv4_flash,1,64,2.5,cold_records_per_tok,147.75,0.0,295.5,0.0,369.375,h2d,False,CLOSED-FORM-ONLY; AWS addendum; B_SSD=measured-at-scoring
aws-A10-g5.8xlarge,1xA10,g5.8xlarge,dsv4_flash,1,64,2.5,usd_per_1k_tok,0.13715361556785166,0.04615411040474278,0.16215022114965788,0.027692466242845666,0.27079086931992863,h2d,True,CLOSED-FORM-ONLY; AWS addendum; B_SSD=measured-at-scoring
aws-A10-g5.8xlarge,1xA10,g5.8xlarge,dsv4_flash,1,64,3.0,decode_tps,1.457892527875104,1.1292236746063722,2.4514465042896156,0.7904565722244605,3.5055685011341504,h2d,True,CLOSED-FORM-ONLY; AWS addendum; B_SSD=measured-at-scoring
aws-A10-g5.8xlarge,1xA10,g5.8xlarge,dsv4_flash,1,64,3.0,host_hit_rate,0.54,0.47000000000000003,1.0,0.4,1.0,h2d,False,CLOSED-FORM-ONLY; AWS addendum; B_SSD=measured-at-scoring
aws-A10-g5.8xlarge,1xA10,g5.8xlarge,dsv4_flash,1,64,3.0,cold_records_per_tok,147.75,0.0,295.5,0.0,369.375,h2d,False,CLOSED-FORM-ONLY; AWS addendum; B_SSD=measured-at-scoring
aws-A10-g5.8xlarge,1xA10,g5.8xlarge,dsv4_flash,1,64,3.0,usd_per_1k_tok,0.13715361556785166,0.04615411040474278,0.16215022114965788,0.027692466242845666,0.27079086931992863,h2d,True,CLOSED-FORM-ONLY; AWS addendum; B_SSD=measured-at-scoring
aws-A10-g5.8xlarge,1xA10,g5.8xlarge,dsv4_flash,1,64,4.0,decode_tps,1.756455584330598,1.3697990016314283,3.071397546969017,0.9588593011419998,4.392098492165694,h2d,True,CLOSED-FORM-ONLY; AWS addendum; B_SSD=measured-at-scoring
aws-A10-g5.8xlarge,1xA10,g5.8xlarge,dsv4_flash,1,64,4.0,host_hit_rate,0.54,0.47000000000000003,1.0,0.4,1.0,h2d,False,CLOSED-FORM-ONLY; AWS addendum; B_SSD=measured-at-scoring
aws-A10-g5.8xlarge,1xA10,g5.8xlarge,dsv4_flash,1,64,4.0,cold_records_per_tok,147.75,0.0,295.5,0.0,369.375,h2d,False,CLOSED-FORM-ONLY; AWS addendum; B_SSD=measured-at-scoring
aws-A10-g5.8xlarge,1xA10,g5.8xlarge,dsv4_flash,1,64,4.0,usd_per_1k_tok,0.13715361556785166,0.04615411040474278,0.16215022114965788,0.027692466242845666,0.27079086931992863,h2d,True,CLOSED-FORM-ONLY; AWS addendum; B_SSD=measured-at-scoring
aws-A10-g5.8xlarge,1xA10,g5.8xlarge,dsv4_flash,1,64,5.0,decode_tps,2.0025134483975227,1.5705582481375133,3.620794015559393,1.0993907736962591,5.177735442249932,h2d,True,CLOSED-FORM-ONLY; AWS addendum; B_SSD=measured-at-scoring
aws-A10-g5.8xlarge,1xA10,g5.8xlarge,dsv4_flash,1,64,5.0,host_hit_rate,0.54,0.47000000000000003,1.0,0.4,1.0,h2d,False,CLOSED-FORM-ONLY; AWS addendum; B_SSD=measured-at-scoring
aws-A10-g5.8xlarge,1xA10,g5.8xlarge,dsv4_flash,1,64,5.0,cold_records_per_tok,147.75,0.0,295.5,0.0,369.375,h2d,False,CLOSED-FORM-ONLY; AWS addendum; B_SSD=measured-at-scoring
aws-A10-g5.8xlarge,1xA10,g5.8xlarge,dsv4_flash,1,64,5.0,usd_per_1k_tok,0.13715361556785166,0.04615411040474278,0.16215022114965788,0.027692466242845666,0.27079086931992863,h2d,True,CLOSED-FORM-ONLY; AWS addendum; B_SSD=measured-at-scoring
aws-A10-g5.8xlarge,1xA10,g5.8xlarge,dsv4_flash,1,64,6.0,decode_tps,2.20879701160745,1.740630401693902,4.111030093975412,1.2184412811857313,5.878773034384839,h2d,True,CLOSED-FORM-ONLY; AWS addendum; B_SSD=measured-at-scoring
aws-A10-g5.8xlarge,1xA10,g5.8xlarge,dsv4_flash,1,64,6.0,host_hit_rate,0.54,0.47000000000000003,1.0,0.4,1.0,h2d,False,CLOSED-FORM-ONLY; AWS addendum; B_SSD=measured-at-scoring
aws-A10-g5.8xlarge,1xA10,g5.8xlarge,dsv4_flash,1,64,6.0,cold_records_per_tok,147.75,0.0,295.5,0.0,369.375,h2d,False,CLOSED-FORM-ONLY; AWS addendum; B_SSD=measured-at-scoring
aws-A10-g5.8xlarge,1xA10,g5.8xlarge,dsv4_flash,1,64,6.0,usd_per_1k_tok,0.13715361556785166,0.04615411040474278,0.16215022114965788,0.027692466242845666,0.27079086931992863,h2d,True,CLOSED-FORM-ONLY; AWS addendum; B_SSD=measured-at-scoring
aws-A10-g5.8xlarge,1xA10,g5.8xlarge,dsv4_flash,1,64,8.0,decode_tps,2.5352494296933172,2.0131257064130397,4.948524807697771,1.4091879944891277,7.076390475007812,h2d,True,CLOSED-FORM-ONLY; AWS addendum; B_SSD=measured-at-scoring
aws-A10-g5.8xlarge,1xA10,g5.8xlarge,dsv4_flash,1,64,8.0,host_hit_rate,0.54,0.47000000000000003,1.0,0.4,1.0,h2d,False,CLOSED-FORM-ONLY; AWS addendum; B_SSD=measured-at-scoring
aws-A10-g5.8xlarge,1xA10,g5.8xlarge,dsv4_flash,1,64,8.0,cold_records_per_tok,147.75,0.0,295.5,0.0,369.375,h2d,False,CLOSED-FORM-ONLY; AWS addendum; B_SSD=measured-at-scoring
aws-A10-g5.8xlarge,1xA10,g5.8xlarge,dsv4_flash,1,64,8.0,usd_per_1k_tok,0.13715361556785166,0.04615411040474278,0.16215022114965788,0.027692466242845666,0.27079086931992863,h2d,True,CLOSED-FORM-ONLY; AWS addendum; B_SSD=measured-at-scoring
aws-A10-g5.8xlarge,1xA10,g5.8xlarge,dsv4_flash,8,64,0.5,decode_tps,9.029462446216908,7.603286418933732,25.07119567864803,5.322300493253612,35.851809820466684,h2d,True,CLOSED-FORM-ONLY; AWS addendum; B_SSD=measured-at-scoring
aws-A10-g5.8xlarge,1xA10,g5.8xlarge,dsv4_flash,8,64,0.5,host_hit_rate,0.54,0.47000000000000003,1.0,0.4,1.0,h2d,False,CLOSED-FORM-ONLY; AWS addendum; B_SSD=measured-at-scoring
aws-A10-g5.8xlarge,1xA10,g5.8xlarge,dsv4_flash,8,64,0.5,cold_records_per_tok,0.0,0.0,295.5,0.0,369.375,h2d,False,CLOSED-FORM-ONLY; AWS addendum; B_SSD=measured-at-scoring
aws-A10-g5.8xlarge,1xA10,g5.8xlarge,dsv4_flash,8,64,0.5,usd_per_1k_tok,0.07530902354933665,0.027122759070446898,0.08943501040637657,0.016273655442268137,0.14935646737864886,h2d,True,CLOSED-FORM-ONLY; AWS addendum; B_SSD=measured-at-scoring
aws-A10-g5.8xlarge,1xA10,g5.8xlarge,dsv4_flash,8,64,1.0,decode_tps,9.029462446216908,7.603286418933732,25.07119567864803,5.322300493253612,35.851809820466684,h2d,True,CLOSED-FORM-ONLY; AWS addendum; B_SSD=measured-at-scoring
aws-A10-g5.8xlarge,1xA10,g5.8xlarge,dsv4_flash,8,64,1.0,host_hit_rate,0.54,0.47000000000000003,1.0,0.4,1.0,h2d,False,CLOSED-FORM-ONLY; AWS addendum; B_SSD=measured-at-scoring
aws-A10-g5.8xlarge,1xA10,g5.8xlarge,dsv4_flash,8,64,1.0,cold_records_per_tok,0.0,0.0,295.5,0.0,369.375,h2d,False,CLOSED-FORM-ONLY; AWS addendum; B_SSD=measured-at-scoring
aws-A10-g5.8xlarge,1xA10,g5.8xlarge,dsv4_flash,8,64,1.0,usd_per_1k_tok,0.07530902354933665,0.027122759070446898,0.08943501040637657,0.016273655442268137,0.14935646737864886,h2d,True,CLOSED-FORM-ONLY; AWS addendum; B_SSD=measured-at-scoring
aws-A10-g5.8xlarge,1xA10,g5.8xlarge,dsv4_flash,8,64,1.5,decode_tps,9.029462446216908,7.603286418933732,25.07119567864803,5.322300493253612,35.851809820466684,h2d,True,CLOSED-FORM-ONLY; AWS addendum; B_SSD=measured-at-scoring
aws-A10-g5.8xlarge,1xA10,g5.8xlarge,dsv4_flash,8,64,1.5,host_hit_rate,0.54,0.47000000000000003,1.0,0.4,1.0,h2d,False,CLOSED-FORM-ONLY; AWS addendum; B_SSD=measured-at-scoring
aws-A10-g5.8xlarge,1xA10,g5.8xlarge,dsv4_flash,8,64,1.5,cold_records_per_tok,0.0,0.0,295.5,0.0,369.375,h2d,False,CLOSED-FORM-ONLY; AWS addendum; B_SSD=measured-at-scoring
aws-A10-g5.8xlarge,1xA10,g5.8xlarge,dsv4_flash,8,64,1.5,usd_per_1k_tok,0.07530902354933665,0.027122759070446898,0.08943501040637657,0.016273655442268137,0.14935646737864886,h2d,True,CLOSED-FORM-ONLY; AWS addendum; B_SSD=measured-at-scoring
aws-A10-g5.8xlarge,1xA10,g5.8xlarge,dsv4_flash,8,64,2.0,decode_tps,9.029462446216908,7.603286418933732,25.07119567864803,5.322300493253612,35.851809820466684,h2d,True,CLOSED-FORM-ONLY; AWS addendum; B_SSD=measured-at-scoring
aws-A10-g5.8xlarge,1xA10,g5.8xlarge,dsv4_flash,8,64,2.0,host_hit_rate,0.54,0.47000000000000003,1.0,0.4,1.0,h2d,False,CLOSED-FORM-ONLY; AWS addendum; B_SSD=measured-at-scoring
aws-A10-g5.8xlarge,1xA10,g5.8xlarge,dsv4_flash,8,64,2.0,cold_records_per_tok,0.0,0.0,295.5,0.0,369.375,h2d,False,CLOSED-FORM-ONLY; AWS addendum; B_SSD=measured-at-scoring
aws-A10-g5.8xlarge,1xA10,g5.8xlarge,dsv4_flash,8,64,2.0,usd_per_1k_tok,0.07530902354933665,0.027122759070446898,0.08943501040637657,0.016273655442268137,0.14935646737864886,h2d,True,CLOSED-FORM-ONLY; AWS addendum; B_SSD=measured-at-scoring
aws-A10-g5.8xlarge,1xA10,g5.8xlarge,dsv4_flash,8,64,2.5,decode_tps,9.029462446216908,7.603286418933732,25.07119567864803,5.322300493253612,35.851809820466684,h2d,True,CLOSED-FORM-ONLY; AWS addendum; B_SSD=measured-at-scoring
aws-A10-g5.8xlarge,1xA10,g5.8xlarge,dsv4_flash,8,64,2.5,host_hit_rate,0.54,0.47000000000000003,1.0,0.4,1.0,h2d,False,CLOSED-FORM-ONLY; AWS addendum; B_SSD=measured-at-scoring
aws-A10-g5.8xlarge,1xA10,g5.8xlarge,dsv4_flash,8,64,2.5,cold_records_per_tok,0.0,0.0,295.5,0.0,369.375,h2d,False,CLOSED-FORM-ONLY; AWS addendum; B_SSD=measured-at-scoring
aws-A10-g5.8xlarge,1xA10,g5.8xlarge,dsv4_flash,8,64,2.5,usd_per_1k_tok,0.07530902354933665,0.027122759070446898,0.08943501040637657,0.016273655442268137,0.14935646737864886,h2d,True,CLOSED-FORM-ONLY; AWS addendum; B_SSD=measured-at-scoring
aws-A10-g5.8xlarge,1xA10,g5.8xlarge,dsv4_flash,8,64,3.0,decode_tps,9.029462446216908,7.603286418933732,25.07119567864803,5.322300493253612,35.851809820466684,h2d,True,CLOSED-FORM-ONLY; AWS addendum; B_SSD=measured-at-scoring
aws-A10-g5.8xlarge,1xA10,g5.8xlarge,dsv4_flash,8,64,3.0,host_hit_rate,0.54,0.47000000000000003,1.0,0.4,1.0,h2d,False,CLOSED-FORM-ONLY; AWS addendum; B_SSD=measured-at-scoring
aws-A10-g5.8xlarge,1xA10,g5.8xlarge,dsv4_flash,8,64,3.0,cold_records_per_tok,0.0,0.0,295.5,0.0,369.375,h2d,False,CLOSED-FORM-ONLY; AWS addendum; B_SSD=measured-at-scoring
aws-A10-g5.8xlarge,1xA10,g5.8xlarge,dsv4_flash,8,64,3.0,usd_per_1k_tok,0.07530902354933665,0.027122759070446898,0.08943501040637657,0.016273655442268137,0.14935646737864886,h2d,True,CLOSED-FORM-ONLY; AWS addendum; B_SSD=measured-at-scoring
aws-A10-g5.8xlarge,1xA10,g5.8xlarge,dsv4_flash,8,64,4.0,decode_tps,9.029462446216908,7.603286418933732,25.07119567864803,5.322300493253612,35.851809820466684,h2d,True,CLOSED-FORM-ONLY; AWS addendum; B_SSD=measured-at-scoring
aws-A10-g5.8xlarge,1xA10,g5.8xlarge,dsv4_flash,8,64,4.0,host_hit_rate,0.54,0.47000000000000003,1.0,0.4,1.0,h2d,False,CLOSED-FORM-ONLY; AWS addendum; B_SSD=measured-at-scoring
aws-A10-g5.8xlarge,1xA10,g5.8xlarge,dsv4_flash,8,64,4.0,cold_records_per_tok,0.0,0.0,295.5,0.0,369.375,h2d,False,CLOSED-FORM-ONLY; AWS addendum; B_SSD=measured-at-scoring
aws-A10-g5.8xlarge,1xA10,g5.8xlarge,dsv4_flash,8,64,4.0,usd_per_1k_tok,0.07530902354933665,0.027122759070446898,0.08943501040637657,0.016273655442268137,0.14935646737864886,h2d,True,CLOSED-FORM-ONLY; AWS addendum; B_SSD=measured-at-scoring
aws-A10-g5.8xlarge,1xA10,g5.8xlarge,dsv4_flash,8,64,5.0,decode_tps,9.029462446216908,7.603286418933732,25.07119567864803,5.322300493253612,35.851809820466684,h2d,True,CLOSED-FORM-ONLY; AWS addendum; B_SSD=measured-at-scoring
aws-A10-g5.8xlarge,1xA10,g5.8xlarge,dsv4_flash,8,64,5.0,host_hit_rate,0.54,0.47000000000000003,1.0,0.4,1.0,h2d,False,CLOSED-FORM-ONLY; AWS addendum; B_SSD=measured-at-scoring
aws-A10-g5.8xlarge,1xA10,g5.8xlarge,dsv4_flash,8,64,5.0,cold_records_per_tok,0.0,0.0,295.5,0.0,369.375,h2d,False,CLOSED-FORM-ONLY; AWS addendum; B_SSD=measured-at-scoring
aws-A10-g5.8xlarge,1xA10,g5.8xlarge,dsv4_flash,8,64,5.0,usd_per_1k_tok,0.07530902354933665,0.027122759070446898,0.08943501040637657,0.016273655442268137,0.14935646737864886,h2d,True,CLOSED-FORM-ONLY; AWS addendum; B_SSD=measured-at-scoring
aws-A10-g5.8xlarge,1xA10,g5.8xlarge,dsv4_flash,8,64,6.0,decode_tps,9.029462446216908,7.603286418933732,25.07119567864803,5.322300493253612,35.851809820466684,h2d,True,CLOSED-FORM-ONLY; AWS addendum; B_SSD=measured-at-scoring
aws-A10-g5.8xlarge,1xA10,g5.8xlarge,dsv4_flash,8,64,6.0,host_hit_rate,0.54,0.47000000000000003,1.0,0.4,1.0,h2d,False,CLOSED-FORM-ONLY; AWS addendum; B_SSD=measured-at-scoring
aws-A10-g5.8xlarge,1xA10,g5.8xlarge,dsv4_flash,8,64,6.0,cold_records_per_tok,0.0,0.0,295.5,0.0,369.375,h2d,False,CLOSED-FORM-ONLY; AWS addendum; B_SSD=measured-at-scoring
aws-A10-g5.8xlarge,1xA10,g5.8xlarge,dsv4_flash,8,64,6.0,usd_per_1k_tok,0.07530902354933665,0.027122759070446898,0.08943501040637657,0.016273655442268137,0.14935646737864886,h2d,True,CLOSED-FORM-ONLY; AWS addendum; B_SSD=measured-at-scoring
aws-A10-g5.8xlarge,1xA10,g5.8xlarge,dsv4_flash,8,64,8.0,decode_tps,9.029462446216908,7.603286418933732,25.07119567864803,5.322300493253612,35.851809820466684,h2d,True,CLOSED-FORM-ONLY; AWS addendum; B_SSD=measured-at-scoring
aws-A10-g5.8xlarge,1xA10,g5.8xlarge,dsv4_flash,8,64,8.0,host_hit_rate,0.54,0.47000000000000003,1.0,0.4,1.0,h2d,False,CLOSED-FORM-ONLY; AWS addendum; B_SSD=measured-at-scoring
aws-A10-g5.8xlarge,1xA10,g5.8xlarge,dsv4_flash,8,64,8.0,cold_records_per_tok,0.0,0.0,295.5,0.0,369.375,h2d,False,CLOSED-FORM-ONLY; AWS addendum; B_SSD=measured-at-scoring
aws-A10-g5.8xlarge,1xA10,g5.8xlarge,dsv4_flash,8,64,8.0,usd_per_1k_tok,0.07530902354933665,0.027122759070446898,0.08943501040637657,0.016273655442268137,0.14935646737864886,h2d,True,CLOSED-FORM-ONLY; AWS addendum; B_SSD=measured-at-scoring
aws-L40S-g6e.2xlarge,1xL40S,g6e.2xlarge,dsv4_flash,1,16,0.5,decode_tps,0.33644036014949963,0.25419641903996576,0.493361326734708,0.177937493327976,0.7055066972306324,compute,True,CLOSED-FORM-ONLY; AWS addendum; B_SSD=measured-at-scoring
aws-L40S-g6e.2xlarge,1xL40S,g6e.2xlarge,dsv4_flash,1,16,0.5,host_hit_rate,0.51,0.44,0.7531020871528816,0.37,0.8031020871528816,compute,False,CLOSED-FORM-ONLY; AWS addendum; B_SSD=measured-at-scoring
aws-L40S-g6e.2xlarge,1xL40S,g6e.2xlarge,dsv4_flash,1,16,0.5,cold_records_per_tok,149.12960021891988,1.5189117039462159,298.25920043783975,1.1391837779596619,372.8240005472997,compute,False,CLOSED-FORM-ONLY; AWS addendum; B_SSD=measured-at-scoring
aws-L40S-g6e.2xlarge,1xL40S,g6e.2xlarge,dsv4_flash,1,16,0.5,usd_per_1k_tok,0.09816282029081606,0.025655672234187216,0.11088486911798169,0.015393403340512328,0.18517773142702942,compute,True,CLOSED-FORM-ONLY; AWS addendum; B_SSD=measured-at-scoring
aws-L40S-g6e.2xlarge,1xL40S,g6e.2xlarge,dsv4_flash,1,16,1.0,decode_tps,0.6409796447025007,0.4877646473424603,0.9712425075829818,0.3414352531397222,1.388876785843664,compute,True,CLOSED-FORM-ONLY; AWS addendum; B_SSD=measured-at-scoring
aws-L40S-g6e.2xlarge,1xL40S,g6e.2xlarge,dsv4_flash,1,16,1.0,host_hit_rate,0.51,0.44,0.7531020871528816,0.37,0.8031020871528816,compute,False,CLOSED-FORM-ONLY; AWS addendum; B_SSD=measured-at-scoring
aws-L40S-g6e.2xlarge,1xL40S,g6e.2xlarge,dsv4_flash,1,16,1.0,cold_records_per_tok,149.12960021891988,1.5189117039462159,298.25920043783975,1.1391837779596619,372.8240005472997,compute,False,CLOSED-FORM-ONLY; AWS addendum; B_SSD=measured-at-scoring
aws-L40S-g6e.2xlarge,1xL40S,g6e.2xlarge,dsv4_flash,1,16,1.0,usd_per_1k_tok,0.08920487770240211,0.019330958376896926,0.09893601913600085,0.011598575026138156,0.16522315195712142,compute,True,CLOSED-FORM-ONLY; AWS addendum; B_SSD=measured-at-scoring
aws-L40S-g6e.2xlarge,1xL40S,g6e.2xlarge,dsv4_flash,1,16,1.5,decode_tps,0.9179497417560295,0.7031175905240595,1.4343592361731943,0.49218231336684165,2.0511337077276677,compute,True,CLOSED-FORM-ONLY; AWS addendum; B_SSD=measured-at-scoring
aws-L40S-g6e.2xlarge,1xL40S,g6e.2xlarge,dsv4_flash,1,16,1.5,host_hit_rate,0.51,0.44,0.7531020871528816,0.37,0.8031020871528816,compute,False,CLOSED-FORM-ONLY; AWS addendum; B_SSD=measured-at-scoring
aws-L40S-g6e.2xlarge,1xL40S,g6e.2xlarge,dsv4_flash,1,16,1.5,cold_records_per_tok,149.12960021891988,1.5189117039462159,298.25920043783975,1.1391837779596619,372.8240005472997,compute,False,CLOSED-FORM-ONLY; AWS addendum; B_SSD=measured-at-scoring
aws-L40S-g6e.2xlarge,1xL40S,g6e.2xlarge,dsv4_flash,1,16,1.5,usd_per_1k_tok,0.08621889683959746,0.01722279043704083,0.09495310130461508,0.010333674262224497,0.15857167917870718,compute,True,CLOSED-FORM-ONLY; AWS addendum; B_SSD=measured-at-scoring
aws-L40S-g6e.2xlarge,1xL40S,g6e.2xlarge,dsv4_flash,1,16,2.0,decode_tps,1.170932192711097,0.9023059826285866,1.8833840318109494,0.6316141878400106,2.6932391654896577,compute,True,CLOSED-FORM-ONLY; AWS addendum; B_SSD=measured-at-scoring
aws-L40S-g6e.2xlarge,1xL40S,g6e.2xlarge,dsv4_flash,1,16,2.0,host_hit_rate,0.51,0.44,0.7531020871528816,0.37,0.8031020871528816,compute,False,CLOSED-FORM-ONLY; AWS addendum; B_SSD=measured-at-scoring
aws-L40S-g6e.2xlarge,1xL40S,g6e.2xlarge,dsv4_flash,1,16,2.0,cold_records_per_tok,149.12960021891988,1.5189117039462159,298.25920043783975,1.1391837779596619,372.8240005472997,compute,False,CLOSED-FORM-ONLY; AWS addendum; B_SSD=measured-at-scoring
aws-L40S-g6e.2xlarge,1xL40S,g6e.2xlarge,dsv4_flash,1,16,2.0,usd_per_1k_tok,0.08472590640819513,0.016168721675539763,0.09296164937541965,0.009701233005323858,0.1552459544569508,compute,True,CLOSED-FORM-ONLY; AWS addendum; B_SSD=measured-at-scoring
aws-L40S-g6e.2xlarge,1xL40S,g6e.2xlarge,dsv4_flash,1,16,2.5,decode_tps,1.402913912846644,1.087083874702939,2.318949391301946,0.7609587122920572,3.3160976295617823,compute,True,CLOSED-FORM-ONLY; AWS addendum; B_SSD=measured-at-scoring
aws-L40S-g6e.2xlarge,1xL40S,g6e.2xlarge,dsv4_flash,1,16,2.5,host_hit_rate,0.51,0.44,0.7531020871528816,0.37,0.8031020871528816,compute,False,CLOSED-FORM-ONLY; AWS addendum; B_SSD=measured-at-scoring
aws-L40S-g6e.2xlarge,1xL40S,g6e.2xlarge,dsv4_flash,1,16,2.5,cold_records_per_tok,149.12960021891988,1.5189117039462159,298.25920043783975,1.1391837779596619,372.8240005472997,compute,False,CLOSED-FORM-ONLY; AWS addendum; B_SSD=measured-at-scoring
aws-L40S-g6e.2xlarge,1xL40S,g6e.2xlarge,dsv4_flash,1,16,2.5,usd_per_1k_tok,0.08383011214935375,0.015536285597237517,0.09176678059686409,0.00932177135834251,0.15325052359676303,compute,True,CLOSED-FORM-ONLY; AWS addendum; B_SSD=measured-at-scoring
aws-L40S-g6e.2xlarge,1xL40S,g6e.2xlarge,dsv4_flash,1,16,3.0,decode_tps,1.6164056770646464,1.258960410369678,2.7416506816340176,0.8812722872587746,3.920560474736645,compute,True,CLOSED-FORM-ONLY; AWS addendum; B_SSD=measured-at-scoring
aws-L40S-g6e.2xlarge,1xL40S,g6e.2xlarge,dsv4_flash,1,16,3.0,host_hit_rate,0.51,0.44,0.7531020871528816,0.37,0.8031020871528816,compute,False,CLOSED-FORM-ONLY; AWS addendum; B_SSD=measured-at-scoring
aws-L40S-g6e.2xlarge,1xL40S,g6e.2xlarge,dsv4_flash,1,16,3.0,cold_records_per_tok,149.12960021891988,1.5189117039462159,298.25920043783975,1.1391837779596619,372.8240005472997,compute,False,CLOSED-FORM-ONLY; AWS addendum; B_SSD=measured-at-scoring
aws-L40S-g6e.2xlarge,1xL40S,g6e.2xlarge,dsv4_flash,1,16,3.0,usd_per_1k_tok,0.08323291597679283,0.015114663780163028,0.09097020243794042,0.009068798268097816,0.15192023807136049,compute,True,CLOSED-FORM-ONLY; AWS addendum; B_SSD=measured-at-scoring
aws-L40S-g6e.2xlarge,1xL40S,g6e.2xlarge,dsv4_flash,1,16,4.0,decode_tps,1.9961089696110723,1.569061161705268,3.550672583268211,1.0983428131936877,5.077461794073542,compute,True,CLOSED-FORM-ONLY; AWS addendum; B_SSD=measured-at-scoring
aws-L40S-g6e.2xlarge,1xL40S,g6e.2xlarge,dsv4_flash,1,16,4.0,host_hit_rate,0.51,0.44,0.7531020871528816,0.37,0.8031020871528816,compute,False,CLOSED-FORM-ONLY; AWS addendum; B_SSD=measured-at-scoring
aws-L40S-g6e.2xlarge,1xL40S,g6e.2xlarge,dsv4_flash,1,16,4.0,cold_records_per_tok,149.12960021891988,1.5189117039462159,298.25920043783975,1.1391837779596619,372.8240005472997,compute,False,CLOSED-FORM-ONLY; AWS addendum; B_SSD=measured-at-scoring
aws-L40S-g6e.2xlarge,1xL40S,g6e.2xlarge,dsv4_flash,1,16,4.0,usd_per_1k_tok,0.08248642076109167,0.01458763909157823,0.08997448092576187,0.008752583454946937,0.1502573831460223,compute,True,CLOSED-FORM-ONLY; AWS addendum; B_SSD=measured-at-scoring
aws-L40S-g6e.2xlarge,1xL40S,g6e.2xlarge,dsv4_flash,1,16,5.0,decode_tps,2.323606324161879,1.8411643731565446,4.314565652864911,1.2888150612095812,6.169828883596822,compute,True,CLOSED-FORM-ONLY; AWS addendum; B_SSD=measured-at-scoring
aws-L40S-g6e.2xlarge,1xL40S,g6e.2xlarge,dsv4_flash,1,16,5.0,host_hit_rate,0.51,0.44,0.7531020871528816,0.37,0.8031020871528816,compute,False,CLOSED-FORM-ONLY; AWS addendum; B_SSD=measured-at-scoring
aws-L40S-g6e.2xlarge,1xL40S,g6e.2xlarge,dsv4_flash,1,16,5.0,cold_records_per_tok,149.12960021891988,1.5189117039462159,298.25920043783975,1.1391837779596619,372.8240005472997,compute,False,CLOSED-FORM-ONLY; AWS addendum; B_SSD=measured-at-scoring
aws-L40S-g6e.2xlarge,1xL40S,g6e.2xlarge,dsv4_flash,1,16,5.0,usd_per_1k_tok,0.08203852363167097,0.014271425685967745,0.08937704866505532,0.008562855411580647,0.14925967127064238,compute,True,CLOSED-FORM-ONLY; AWS addendum; B_SSD=measured-at-scoring
aws-L40S-g6e.2xlarge,1xL40S,g6e.2xlarge,dsv4_flash,1,16,6.0,decode_tps,2.608971981384144,2.0818505741244255,5.037000570204114,1.4572954018870978,7.202910815391883,compute,True,CLOSED-FORM-ONLY; AWS addendum; B_SSD=measured-at-scoring
aws-L40S-g6e.2xlarge,1xL40S,g6e.2xlarge,dsv4_flash,1,16,6.0,host_hit_rate,0.51,0.44,0.7531020871528816,0.37,0.8031020871528816,compute,False,CLOSED-FORM-ONLY; AWS addendum; B_SSD=measured-at-scoring
aws-L40S-g6e.2xlarge,1xL40S,g6e.2xlarge,dsv4_flash,1,16,6.0,cold_records_per_tok,149.12960021891988,1.5189117039462159,298.25920043783975,1.1391837779596619,372.8240005472997,compute,False,CLOSED-FORM-ONLY; AWS addendum; B_SSD=measured-at-scoring
aws-L40S-g6e.2xlarge,1xL40S,g6e.2xlarge,dsv4_flash,1,16,6.0,usd_per_1k_tok,0.0817399255453905,0.014060617346076845,0.08897876076558672,0.008436370407646106,0.14859453047852983,compute,True,CLOSED-FORM-ONLY; AWS addendum; B_SSD=measured-at-scoring
aws-L40S-g6e.2xlarge,1xL40S,g6e.2xlarge,dsv4_flash,1,16,8.0,decode_tps,3.082122171426366,2.4884830725375116,6.370293612534645,1.741938150776258,9.109519865924543,compute,True,CLOSED-FORM-ONLY; AWS addendum; B_SSD=measured-at-scoring
aws-L40S-g6e.2xlarge,1xL40S,g6e.2xlarge,dsv4_flash,1,16,8.0,host_hit_rate,0.51,0.44,0.7531020871528816,0.37,0.8031020871528816,compute,False,CLOSED-FORM-ONLY; AWS addendum; B_SSD=measured-at-scoring
aws-L40S-g6e.2xlarge,1xL40S,g6e.2xlarge,dsv4_flash,1,16,8.0,cold_records_per_tok,149.12960021891988,1.5189117039462159,298.25920043783975,1.1391837779596619,372.8240005472997,compute,False,CLOSED-FORM-ONLY; AWS addendum; B_SSD=measured-at-scoring
aws-L40S-g6e.2xlarge,1xL40S,g6e.2xlarge,dsv4_flash,1,16,8.0,usd_per_1k_tok,0.08136667793753992,0.013797107602285493,0.08848090120412423,0.008278264561371295,0.14776310501088746,compute,True,CLOSED-FORM-ONLY; AWS addendum; B_SSD=measured-at-scoring
aws-L40S-g6e.2xlarge,1xL40S,g6e.2xlarge,dsv4_flash,8,16,0.5,decode_tps,9.728548869452437,8.315147357432991,27.35104871797773,5.820603150203094,39.11199966670815,storage,True,CLOSED-FORM-ONLY; AWS addendum; B_SSD=measured-at-scoring
aws-L40S-g6e.2xlarge,1xL40S,g6e.2xlarge,dsv4_flash,8,16,0.5,host_hit_rate,0.51,0.44,0.7531020871528816,0.37,0.8031020871528816,storage,False,CLOSED-FORM-ONLY; AWS addendum; B_SSD=measured-at-scoring
aws-L40S-g6e.2xlarge,1xL40S,g6e.2xlarge,dsv4_flash,8,16,0.5,cold_records_per_tok,1.8552597146522547,1.8552597146522547,298.25920043783975,1.391444785989191,372.8240005472997,storage,False,CLOSED-FORM-ONLY; AWS addendum; B_SSD=measured-at-scoring
aws-L40S-g6e.2xlarge,1xL40S,g6e.2xlarge,dsv4_flash,8,16,0.5,usd_per_1k_tok,0.06401776959311854,0.02277060768023261,0.07489945436063415,0.013662364608139566,0.12508208878225902,storage,True,CLOSED-FORM-ONLY; AWS addendum; B_SSD=measured-at-scoring
aws-L40S-g6e.2xlarge,1xL40S,g6e.2xlarge,dsv4_flash,8,16,1.0,decode_tps,11.733054179365903,10.326650166826642,41.390956851303244,7.228655116778649,59.18906829736363,storage,True,CLOSED-FORM-ONLY; AWS addendum; B_SSD=measured-at-scoring
aws-L40S-g6e.2xlarge,1xL40S,g6e.2xlarge,dsv4_flash,8,16,1.0,host_hit_rate,0.51,0.44,0.7531020871528816,0.37,0.8031020871528816,storage,False,CLOSED-FORM-ONLY; AWS addendum; B_SSD=measured-at-scoring
aws-L40S-g6e.2xlarge,1xL40S,g6e.2xlarge,dsv4_flash,8,16,1.0,cold_records_per_tok,1.8552597146522547,1.8552597146522547,298.25920043783975,1.391444785989191,372.8240005472997,storage,False,CLOSED-FORM-ONLY; AWS addendum; B_SSD=measured-at-scoring
aws-L40S-g6e.2xlarge,1xL40S,g6e.2xlarge,dsv4_flash,8,16,1.0,usd_per_1k_tok,0.05308080832825903,0.015046764979060647,0.06030997370286488,0.009028058987436388,0.10071765608378434,storage,True,CLOSED-FORM-ONLY; AWS addendum; B_SSD=measured-at-scoring
aws-L40S-g6e.2xlarge,1xL40S,g6e.2xlarge,dsv4_flash,8,16,1.5,decode_tps,12.59832209235776,11.232385792271293,49.935252765675976,7.862670054589905,71.40741145491664,storage,True,CLOSED-FORM-ONLY; AWS addendum; B_SSD=measured-at-scoring
aws-L40S-g6e.2xlarge,1xL40S,g6e.2xlarge,dsv4_flash,8,16,1.5,host_hit_rate,0.51,0.44,0.7531020871528816,0.37,0.8031020871528816,storage,False,CLOSED-FORM-ONLY; AWS addendum; B_SSD=measured-at-scoring
aws-L40S-g6e.2xlarge,1xL40S,g6e.2xlarge,dsv4_flash,8,16,1.5,cold_records_per_tok,1.8552597146522547,1.8552597146522547,298.25920043783975,1.391444785989191,372.8240005472997,storage,False,CLOSED-FORM-ONLY; AWS addendum; B_SSD=measured-at-scoring
aws-L40S-g6e.2xlarge,1xL40S,g6e.2xlarge,dsv4_flash,8,16,1.5,usd_per_1k_tok,0.04943515457330586,0.012472150745336658,0.05544681348360846,0.007483290447201994,0.09259617851762612,storage,True,CLOSED-FORM-ONLY; AWS addendum; B_SSD=measured-at-scoring
aws-L40S-g6e.2xlarge,1xL40S,g6e.2xlarge,dsv4_flash,8,16,2.0,decode_tps,13.080645919660755,11.747566885288274,55.6824950520059,8.22329681970179,79.62596792436842,storage,True,CLOSED-FORM-ONLY; AWS addendum; B_SSD=measured-at-scoring
aws-L40S-g6e.2xlarge,1xL40S,g6e.2xlarge,dsv4_flash,8,16,2.0,host_hit_rate,0.51,0.44,0.7531020871528816,0.37,0.8031020871528816,storage,False,CLOSED-FORM-ONLY; AWS addendum; B_SSD=measured-at-scoring
aws-L40S-g6e.2xlarge,1xL40S,g6e.2xlarge,dsv4_flash,8,16,2.0,cold_records_per_tok,1.8552597146522547,1.8552597146522547,298.25920043783975,1.391444785989191,372.8240005472997,storage,False,CLOSED-FORM-ONLY; AWS addendum; B_SSD=measured-at-scoring
aws-L40S-g6e.2xlarge,1xL40S,g6e.2xlarge,dsv4_flash,8,16,2.0,usd_per_1k_tok,0.04761232769582928,0.011184843628474661,0.053015233373980244,0.0067109061770847965,0.088535439734547,storage,True,CLOSED-FORM-ONLY; AWS addendum; B_SSD=measured-at-scoring
aws-L40S-g6e.2xlarge,1xL40S,g6e.2xlarge,dsv4_flash,8,16,2.5,decode_tps,13.388184024106959,12.080001425178397,59.81295854952032,8.456000997624876,85.53253072581406,storage,True,CLOSED-FORM-ONLY; AWS addendum; B_SSD=measured-at-scoring
aws-L40S-g6e.2xlarge,1xL40S,g6e.2xlarge,dsv4_flash,8,16,2.5,host_hit_rate,0.51,0.44,0.7531020871528816,0.37,0.8031020871528816,storage,False,CLOSED-FORM-ONLY; AWS addendum; B_SSD=measured-at-scoring
aws-L40S-g6e.2xlarge,1xL40S,g6e.2xlarge,dsv4_flash,8,16,2.5,cold_records_per_tok,1.8552597146522547,1.8552597146522547,298.25920043783975,1.391444785989191,372.8240005472997,storage,False,CLOSED-FORM-ONLY; AWS addendum; B_SSD=measured-at-scoring
aws-L40S-g6e.2xlarge,1xL40S,g6e.2xlarge,dsv4_flash,8,16,2.5,usd_per_1k_tok,0.046518631569343334,0.010412459358357466,0.05155628530820331,0.006247475615014479,0.08609899646469953,storage,True,CLOSED-FORM-ONLY; AWS addendum; B_SSD=measured-at-scoring
aws-L40S-g6e.2xlarge,1xL40S,g6e.2xlarge,dsv4_flash,8,16,3.0,decode_tps,13.601371250380135,12.312277975361415,62.924748928107086,8.618594582752989,89.98239096719313,storage,True,CLOSED-FORM-ONLY; AWS addendum; B_SSD=measured-at-scoring
aws-L40S-g6e.2xlarge,1xL40S,g6e.2xlarge,dsv4_flash,8,16,3.0,host_hit_rate,0.51,0.44,0.7531020871528816,0.37,0.8031020871528816,storage,False,CLOSED-FORM-ONLY; AWS addendum; B_SSD=measured-at-scoring
aws-L40S-g6e.2xlarge,1xL40S,g6e.2xlarge,dsv4_flash,8,16,3.0,cold_records_per_tok,1.8552597146522547,1.8552597146522547,298.25920043783975,1.391444785989191,372.8240005472997,storage,False,CLOSED-FORM-ONLY; AWS addendum; B_SSD=measured-at-scoring
aws-L40S-g6e.2xlarge,1xL40S,g6e.2xlarge,dsv4_flash,8,16,3.0,usd_per_1k_tok,0.045789500818352695,0.009897536511612669,0.05058365326435203,0.005938521906967601,0.08447470095146789,storage,True,CLOSED-FORM-ONLY; AWS addendum; B_SSD=measured-at-scoring
aws-L40S-g6e.2xlarge,1xL40S,g6e.2xlarge,dsv4_flash,8,16,4.0,decode_tps,13.877596759680607,12.615494362325864,67.30147800128258,8.830846053628104,96.24111354183408,compute,True,CLOSED-FORM-ONLY; AWS addendum; B_SSD=measured-at-scoring
aws-L40S-g6e.2xlarge,1xL40S,g6e.2xlarge,dsv4_flash,8,16,4.0,host_hit_rate,0.51,0.44,0.7531020871528816,0.37,0.8031020871528816,compute,False,CLOSED-FORM-ONLY; AWS addendum; B_SSD=measured-at-scoring
aws-L40S-g6e.2xlarge,1xL40S,g6e.2xlarge,dsv4_flash,8,16,4.0,cold_records_per_tok,1.8552597146522547,1.8552597146522547,298.25920043783975,1.391444785989191,372.8240005472997,compute,False,CLOSED-FORM-ONLY; AWS addendum; B_SSD=measured-at-scoring
aws-L40S-g6e.2xlarge,1xL40S,g6e.2xlarge,dsv4_flash,8,16,4.0,usd_per_1k_tok,0.044878087379614406,0.00925388295318167,0.04936786320953792,0.005552329771909002,0.08244433155992832,compute,True,CLOSED-FORM-ONLY; AWS addendum; B_SSD=measured-at-scoring
aws-L40S-g6e.2xlarge,1xL40S,g6e.2xlarge,dsv4_flash,8,16,5.0,decode_tps,14.048783873497563,12.80470037233463,70.23248924366776,8.96329026063424,100.4324596184449,compute,True,CLOSED-FORM-ONLY; AWS addendum; B_SSD=measured-at-scoring
aws-L40S-g6e.2xlarge,1xL40S,g6e.2xlarge,dsv4_flash,8,16,5.0,host_hit_rate,0.51,0.44,0.7531020871528816,0.37,0.8031020871528816,compute,False,CLOSED-FORM-ONLY; AWS addendum; B_SSD=measured-at-scoring
aws-L40S-g6e.2xlarge,1xL40S,g6e.2xlarge,dsv4_flash,8,16,5.0,cold_records_per_tok,1.8552597146522547,1.8552597146522547,298.25920043783975,1.391444785989191,372.8240005472997,compute,False,CLOSED-FORM-ONLY; AWS addendum; B_SSD=measured-at-scoring
aws-L40S-g6e.2xlarge,1xL40S,g6e.2xlarge,dsv4_flash,8,16,5.0,usd_per_1k_tok,0.04433123931637143,0.008867690818123072,0.04863838917664946,0.005320614490873843,0.0812261099250046,compute,True,CLOSED-FORM-ONLY; AWS addendum; B_SSD=measured-at-scoring
aws-L40S-g6e.2xlarge,1xL40S,g6e.2xlarge,dsv4_flash,8,16,6.0,decode_tps,14.165274381171205,12.934022549741497,72.33256762934764,9.053815784819047,103.43557170996712,compute,True,CLOSED-FORM-ONLY; AWS addendum; B_SSD=measured-at-scoring
aws-L40S-g6e.2xlarge,1xL40S,g6e.2xlarge,dsv4_flash,8,16,6.0,host_hit_rate,0.51,0.44,0.7531020871528816,0.37,0.8031020871528816,compute,False,CLOSED-FORM-ONLY; AWS addendum; B_SSD=measured-at-scoring
aws-L40S-g6e.2xlarge,1xL40S,g6e.2xlarge,dsv4_flash,8,16,6.0,cold_records_per_tok,1.8552597146522547,1.8552597146522547,298.25920043783975,1.391444785989191,372.8240005472997,compute,False,CLOSED-FORM-ONLY; AWS addendum; B_SSD=measured-at-scoring
aws-L40S-g6e.2xlarge,1xL40S,g6e.2xlarge,dsv4_flash,8,16,6.0,usd_per_1k_tok,0.04396667394087611,0.008610229394750674,0.048152073154723814,0.005166137636850404,0.08041396216838877,compute,True,CLOSED-FORM-ONLY; AWS addendum; B_SSD=measured-at-scoring
aws-L40S-g6e.2xlarge,1xL40S,g6e.2xlarge,dsv4_flash,8,16,8.0,decode_tps,14.313632625756872,13.099395646975479,75.14113742890208,9.169576952882835,107.45182652332997,compute,True,CLOSED-FORM-ONLY; AWS addendum; B_SSD=measured-at-scoring
aws-L40S-g6e.2xlarge,1xL40S,g6e.2xlarge,dsv4_flash,8,16,8.0,host_hit_rate,0.51,0.44,0.7531020871528816,0.37,0.8031020871528816,compute,False,CLOSED-FORM-ONLY; AWS addendum; B_SSD=measured-at-scoring
aws-L40S-g6e.2xlarge,1xL40S,g6e.2xlarge,dsv4_flash,8,16,8.0,cold_records_per_tok,1.8552597146522547,1.8552597146522547,298.25920043783975,1.391444785989191,372.8240005472997,compute,False,CLOSED-FORM-ONLY; AWS addendum; B_SSD=measured-at-scoring
aws-L40S-g6e.2xlarge,1xL40S,g6e.2xlarge,dsv4_flash,8,16,8.0,usd_per_1k_tok,0.04351096722150697,0.008288402615535175,0.04754417812731677,0.004973041569321105,0.079398777472619,compute,True,CLOSED-FORM-ONLY; AWS addendum; B_SSD=measured-at-scoring
aws-L40S-g6e.4xlarge,1xL40S,g6e.4xlarge,dsv4_flash,1,64,0.5,decode_tps,0.33942410140104345,0.2564686749160853,0.49789394105421947,0.1795280724412597,0.7119883357075338,compute,True,CLOSED-FORM-ONLY; AWS addendum; B_SSD=measured-at-scoring
aws-L40S-g6e.4xlarge,1xL40S,g6e.4xlarge,dsv4_flash,1,64,0.5,host_hit_rate,0.54,0.47000000000000003,1.0,0.4,1.0,compute,False,CLOSED-FORM-ONLY; AWS addendum; B_SSD=measured-at-scoring
aws-L40S-g6e.4xlarge,1xL40S,g6e.4xlarge,dsv4_flash,1,64,0.5,cold_records_per_tok,147.75,6.858666732443216e-08,295.5,5.144000049332412e-08,369.375,compute,False,CLOSED-FORM-ONLY; AWS addendum; B_SSD=measured-at-scoring
aws-L40S-g6e.4xlarge,1xL40S,g6e.4xlarge,dsv4_flash,1,64,0.5,usd_per_1k_tok,0.10752562565887962,0.017427968076951014,0.11655730547289288,0.010456780846170608,0.1946507001397311,compute,True,CLOSED-FORM-ONLY; AWS addendum; B_SSD=measured-at-scoring
aws-L40S-g6e.4xlarge,1xL40S,g6e.4xlarge,dsv4_flash,1,64,1.0,decode_tps,0.6463924312044259,0.4919463325950038,0.9800242459512597,0.34436243281650264,1.4014346717103012,compute,True,CLOSED-FORM-ONLY; AWS addendum; B_SSD=measured-at-scoring
aws-L40S-g6e.4xlarge,1xL40S,g6e.4xlarge,dsv4_flash,1,64,1.0,host_hit_rate,0.54,0.47000000000000003,1.0,0.4,1.0,compute,False,CLOSED-FORM-ONLY; AWS addendum; B_SSD=measured-at-scoring
aws-L40S-g6e.4xlarge,1xL40S,g6e.4xlarge,dsv4_flash,1,64,1.0,cold_records_per_tok,147.75,6.858666732443216e-08,295.5,5.144000049332412e-08,369.375,compute,False,CLOSED-FORM-ONLY; AWS addendum; B_SSD=measured-at-scoring
aws-L40S-g6e.4xlarge,1xL40S,g6e.4xlarge,dsv4_flash,1,64,1.0,usd_per_1k_tok,0.10752562511687999,0.01742796769430771,0.11655730474994382,0.010456780616584626,0.19465069893240616,compute,True,CLOSED-FORM-ONLY; AWS addendum; B_SSD=measured-at-scoring
aws-L40S-g6e.4xlarge,1xL40S,g6e.4xlarge,dsv4_flash,1,64,1.5,decode_tps,0.9253477191624525,0.7089085420955246,1.4471262070329847,0.49623597946686715,2.069390476057168,compute,True,CLOSED-FORM-ONLY; AWS addendum; B_SSD=measured-at-scoring
aws-L40S-g6e.4xlarge,1xL40S,g6e.4xlarge,dsv4_flash,1,64,1.5,host_hit_rate,0.54,0.47000000000000003,1.0,0.4,1.0,compute,False,CLOSED-FORM-ONLY; AWS addendum; B_SSD=measured-at-scoring
aws-L40S-g6e.4xlarge,1xL40S,g6e.4xlarge,dsv4_flash,1,64,1.5,cold_records_per_tok,147.75,6.858666732443216e-08,295.5,5.144000049332412e-08,369.375,compute,False,CLOSED-FORM-ONLY; AWS addendum; B_SSD=measured-at-scoring
aws-L40S-g6e.4xlarge,1xL40S,g6e.4xlarge,dsv4_flash,1,64,1.5,usd_per_1k_tok,0.10752562493621347,0.017427967566759944,0.11655730450896079,0.010456780540055966,0.1946506985299645,compute,True,CLOSED-FORM-ONLY; AWS addendum; B_SSD=measured-at-scoring
aws-L40S-g6e.4xlarge,1xL40S,g6e.4xlarge,dsv4_flash,1,64,2.0,decode_tps,1.1799572176080766,0.9094563504794616,1.8998903698275755,0.6366194453356231,2.716843228853433,compute,True,CLOSED-FORM-ONLY; AWS addendum; B_SSD=measured-at-scoring
aws-L40S-g6e.4xlarge,1xL40S,g6e.4xlarge,dsv4_flash,1,64,2.0,host_hit_rate,0.54,0.47000000000000003,1.0,0.4,1.0,compute,False,CLOSED-FORM-ONLY; AWS addendum; B_SSD=measured-at-scoring
aws-L40S-g6e.4xlarge,1xL40S,g6e.4xlarge,dsv4_flash,1,64,2.0,cold_records_per_tok,147.75,6.858666732443216e-08,295.5,5.144000049332412e-08,369.375,compute,False,CLOSED-FORM-ONLY; AWS addendum; B_SSD=measured-at-scoring
aws-L40S-g6e.4xlarge,1xL40S,g6e.4xlarge,dsv4_flash,1,64,2.0,usd_per_1k_tok,0.1075256248458802,0.01742796750298606,0.1165573043884693,0.010456780501791637,0.1946506983287437,compute,True,CLOSED-FORM-ONLY; AWS addendum; B_SSD=measured-at-scoring
aws-L40S-g6e.4xlarge,1xL40S,g6e.4xlarge,dsv4_flash,1,64,2.5,decode_tps,1.4132748260029868,1.0953845217809892,2.3389658282912222,0.7667691652466924,3.3447211344564476,compute,True,CLOSED-FORM-ONLY; AWS addendum; B_SSD=measured-at-scoring
aws-L40S-g6e.4xlarge,1xL40S,g6e.4xlarge,dsv4_flash,1,64,2.5,host_hit_rate,0.54,0.47000000000000003,1.0,0.4,1.0,compute,False,CLOSED-FORM-ONLY; AWS addendum; B_SSD=measured-at-scoring
aws-L40S-g6e.4xlarge,1xL40S,g6e.4xlarge,dsv4_flash,1,64,2.5,cold_records_per_tok,147.75,6.858666732443216e-08,295.5,5.144000049332412e-08,369.375,compute,False,CLOSED-FORM-ONLY; AWS addendum; B_SSD=measured-at-scoring
aws-L40S-g6e.4xlarge,1xL40S,g6e.4xlarge,dsv4_flash,1,64,2.5,usd_per_1k_tok,0.10752562479168024,0.017427967464721732,0.11655730431617436,0.01045678047883304,0.19465069820801117,compute,True,CLOSED-FORM-ONLY; AWS addendum; B_SSD=measured-at-scoring
aws-L40S-g6e.4xlarge,1xL40S,g6e.4xlarge,dsv4_flash,1,64,3.0,decode_tps,1.6278641745747067,1.2682353817645196,2.764963246676227,0.8877647672351636,3.9538974427470044,compute,True,CLOSED-FORM-ONLY; AWS addendum; B_SSD=measured-at-scoring
aws-L40S-g6e.4xlarge,1xL40S,g6e.4xlarge,dsv4_flash,1,64,3.0,host_hit_rate,0.54,0.47000000000000003,1.0,0.4,1.0,compute,False,CLOSED-FORM-ONLY; AWS addendum; B_SSD=measured-at-scoring
aws-L40S-g6e.4xlarge,1xL40S,g6e.4xlarge,dsv4_flash,1,64,3.0,cold_records_per_tok,147.75,6.858666732443216e-08,295.5,5.144000049332412e-08,369.375,compute,False,CLOSED-FORM-ONLY; AWS addendum; B_SSD=measured-at-scoring
aws-L40S-g6e.4xlarge,1xL40S,g6e.4xlarge,dsv4_flash,1,64,3.0,usd_per_1k_tok,0.10752562475554692,0.01742796743921218,0.11655730426797778,0.010456780463527307,0.1946506981275229,compute,True,CLOSED-FORM-ONLY; AWS addendum; B_SSD=measured-at-scoring
aws-L40S-g6e.4xlarge,1xL40S,g6e.4xlarge,dsv4_flash,1,64,4.0,decode_tps,2.009207708574001,1.5798610633883523,3.5799908678119365,1.1059027443718465,5.119386940971069,compute,True,CLOSED-FORM-ONLY; AWS addendum; B_SSD=measured-at-scoring
aws-L40S-g6e.4xlarge,1xL40S,g6e.4xlarge,dsv4_flash,1,64,4.0,host_hit_rate,0.54,0.47000000000000003,1.0,0.4,1.0,compute,False,CLOSED-FORM-ONLY; AWS addendum; B_SSD=measured-at-scoring
aws-L40S-g6e.4xlarge,1xL40S,g6e.4xlarge,dsv4_flash,1,64,4.0,cold_records_per_tok,147.75,6.858666732443216e-08,295.5,5.144000049332412e-08,369.375,compute,False,CLOSED-FORM-ONLY; AWS addendum; B_SSD=measured-at-scoring
aws-L40S-g6e.4xlarge,1xL40S,g6e.4xlarge,dsv4_flash,1,64,4.0,usd_per_1k_tok,0.10752562471038028,0.017427967407325235,0.116557304207732,0.010456780444395141,0.19465069802691243,compute,True,CLOSED-FORM-ONLY; AWS addendum; B_SSD=measured-at-scoring
aws-L40S-g6e.4xlarge,1xL40S,g6e.4xlarge,dsv4_flash,1,64,5.0,decode_tps,2.337799520403272,1.853055723252882,4.34918967192077,1.2971390062770172,6.2193412308467,compute,True,CLOSED-FORM-ONLY; AWS addendum; B_SSD=measured-at-scoring
aws-L40S-g6e.4xlarge,1xL40S,g6e.4xlarge,dsv4_flash,1,64,5.0,host_hit_rate,0.54,0.47000000000000003,1.0,0.4,1.0,compute,False,CLOSED-FORM-ONLY; AWS addendum; B_SSD=measured-at-scoring
aws-L40S-g6e.4xlarge,1xL40S,g6e.4xlarge,dsv4_flash,1,64,5.0,cold_records_per_tok,147.75,6.858666732443216e-08,295.5,5.144000049332412e-08,369.375,compute,False,CLOSED-FORM-ONLY; AWS addendum; B_SSD=measured-at-scoring
aws-L40S-g6e.4xlarge,1xL40S,g6e.4xlarge,dsv4_flash,1,64,5.0,usd_per_1k_tok,0.10752562468328031,0.01742796738819307,0.11655730417158457,0.010456780432915843,0.19465069796654622,compute,True,CLOSED-FORM-ONLY; AWS addendum; B_SSD=measured-at-scoring
aws-L40S-g6e.4xlarge,1xL40S,g6e.4xlarge,dsv4_flash,1,64,6.0,decode_tps,2.623877328302516,2.094515455015981,5.076316410305808,1.4661608185111865,7.259132466737306,compute,True,CLOSED-FORM-ONLY; AWS addendum; B_SSD=measured-at-scoring
aws-L40S-g6e.4xlarge,1xL40S,g6e.4xlarge,dsv4_flash,1,64,6.0,host_hit_rate,0.54,0.47000000000000003,1.0,0.4,1.0,compute,False,CLOSED-FORM-ONLY; AWS addendum; B_SSD=measured-at-scoring
aws-L40S-g6e.4xlarge,1xL40S,g6e.4xlarge,dsv4_flash,1,64,6.0,cold_records_per_tok,147.75,6.858666732443216e-08,295.5,5.144000049332412e-08,369.375,compute,False,CLOSED-FORM-ONLY; AWS addendum; B_SSD=measured-at-scoring
aws-L40S-g6e.4xlarge,1xL40S,g6e.4xlarge,dsv4_flash,1,64,6.0,usd_per_1k_tok,0.10752562466521366,0.017427967375438294,0.11655730414748626,0.010456780425262976,0.19465069792630205,compute,True,CLOSED-FORM-ONLY; AWS addendum; B_SSD=measured-at-scoring
aws-L40S-g6e.4xlarge,1xL40S,g6e.4xlarge,dsv4_flash,1,64,8.0,decode_tps,3.097713441688163,2.5020461283209476,6.417437099857933,1.7514322898246633,9.176935052796845,compute,True,CLOSED-FORM-ONLY; AWS addendum; B_SSD=measured-at-scoring
aws-L40S-g6e.4xlarge,1xL40S,g6e.4xlarge,dsv4_flash,1,64,8.0,host_hit_rate,0.54,0.47000000000000003,1.0,0.4,1.0,compute,False,CLOSED-FORM-ONLY; AWS addendum; B_SSD=measured-at-scoring
aws-L40S-g6e.4xlarge,1xL40S,g6e.4xlarge,dsv4_flash,1,64,8.0,cold_records_per_tok,147.75,6.858666732443216e-08,295.5,5.144000049332412e-08,369.375,compute,False,CLOSED-FORM-ONLY; AWS addendum; B_SSD=measured-at-scoring
aws-L40S-g6e.4xlarge,1xL40S,g6e.4xlarge,dsv4_flash,1,64,8.0,usd_per_1k_tok,0.10752562464263035,0.017427967359494825,0.11655730411736341,0.010456780415696894,0.1946506978759969,compute,True,CLOSED-FORM-ONLY; AWS addendum; B_SSD=measured-at-scoring
aws-L40S-g6e.4xlarge,1xL40S,g6e.4xlarge,dsv4_flash,8,64,0.5,decode_tps,14.77795795583361,13.62190034533775,85.04801449013381,9.535330241736425,121.61866072089134,compute,True,CLOSED-FORM-ONLY; AWS addendum; B_SSD=measured-at-scoring
aws-L40S-g6e.4xlarge,1xL40S,g6e.4xlarge,dsv4_flash,8,64,0.5,host_hit_rate,0.54,0.47000000000000003,1.0,0.4,1.0,compute,False,CLOSED-FORM-ONLY; AWS addendum; B_SSD=measured-at-scoring
aws-L40S-g6e.4xlarge,1xL40S,g6e.4xlarge,dsv4_flash,8,64,0.5,cold_records_per_tok,0.0,0.0,295.5,0.0,369.375,compute,False,CLOSED-FORM-ONLY; AWS addendum; B_SSD=measured-at-scoring
aws-L40S-g6e.4xlarge,1xL40S,g6e.4xlarge,dsv4_flash,8,64,0.5,usd_per_1k_tok,0.05646998818139736,0.009812235078197158,0.06126245897818009,0.005887341046918295,0.10230830649356075,compute,True,CLOSED-FORM-ONLY; AWS addendum; B_SSD=measured-at-scoring
aws-L40S-g6e.4xlarge,1xL40S,g6e.4xlarge,dsv4_flash,8,64,1.0,decode_tps,14.77795795583361,13.62190034533775,85.04801449013381,9.535330241736425,121.61866072089134,compute,True,CLOSED-FORM-ONLY; AWS addendum; B_SSD=measured-at-scoring
aws-L40S-g6e.4xlarge,1xL40S,g6e.4xlarge,dsv4_flash,8,64,1.0,host_hit_rate,0.54,0.47000000000000003,1.0,0.4,1.0,compute,False,CLOSED-FORM-ONLY; AWS addendum; B_SSD=measured-at-scoring
aws-L40S-g6e.4xlarge,1xL40S,g6e.4xlarge,dsv4_flash,8,64,1.0,cold_records_per_tok,0.0,0.0,295.5,0.0,369.375,compute,False,CLOSED-FORM-ONLY; AWS addendum; B_SSD=measured-at-scoring
aws-L40S-g6e.4xlarge,1xL40S,g6e.4xlarge,dsv4_flash,8,64,1.0,usd_per_1k_tok,0.05646998818139736,0.009812235078197158,0.06126245897818009,0.005887341046918295,0.10230830649356075,compute,True,CLOSED-FORM-ONLY; AWS addendum; B_SSD=measured-at-scoring
aws-L40S-g6e.4xlarge,1xL40S,g6e.4xlarge,dsv4_flash,8,64,1.5,decode_tps,14.77795795583361,13.62190034533775,85.04801449013381,9.535330241736425,121.61866072089134,compute,True,CLOSED-FORM-ONLY; AWS addendum; B_SSD=measured-at-scoring
aws-L40S-g6e.4xlarge,1xL40S,g6e.4xlarge,dsv4_flash,8,64,1.5,host_hit_rate,0.54,0.47000000000000003,1.0,0.4,1.0,compute,False,CLOSED-FORM-ONLY; AWS addendum; B_SSD=measured-at-scoring
aws-L40S-g6e.4xlarge,1xL40S,g6e.4xlarge,dsv4_flash,8,64,1.5,cold_records_per_tok,0.0,0.0,295.5,0.0,369.375,compute,False,CLOSED-FORM-ONLY; AWS addendum; B_SSD=measured-at-scoring
aws-L40S-g6e.4xlarge,1xL40S,g6e.4xlarge,dsv4_flash,8,64,1.5,usd_per_1k_tok,0.05646998818139736,0.009812235078197158,0.06126245897818009,0.005887341046918295,0.10230830649356075,compute,True,CLOSED-FORM-ONLY; AWS addendum; B_SSD=measured-at-scoring
aws-L40S-g6e.4xlarge,1xL40S,g6e.4xlarge,dsv4_flash,8,64,2.0,decode_tps,14.77795795583361,13.62190034533775,85.04801449013381,9.535330241736425,121.61866072089134,compute,True,CLOSED-FORM-ONLY; AWS addendum; B_SSD=measured-at-scoring
aws-L40S-g6e.4xlarge,1xL40S,g6e.4xlarge,dsv4_flash,8,64,2.0,host_hit_rate,0.54,0.47000000000000003,1.0,0.4,1.0,compute,False,CLOSED-FORM-ONLY; AWS addendum; B_SSD=measured-at-scoring
aws-L40S-g6e.4xlarge,1xL40S,g6e.4xlarge,dsv4_flash,8,64,2.0,cold_records_per_tok,0.0,0.0,295.5,0.0,369.375,compute,False,CLOSED-FORM-ONLY; AWS addendum; B_SSD=measured-at-scoring
aws-L40S-g6e.4xlarge,1xL40S,g6e.4xlarge,dsv4_flash,8,64,2.0,usd_per_1k_tok,0.05646998818139736,0.009812235078197158,0.06126245897818009,0.005887341046918295,0.10230830649356075,compute,True,CLOSED-FORM-ONLY; AWS addendum; B_SSD=measured-at-scoring
aws-L40S-g6e.4xlarge,1xL40S,g6e.4xlarge,dsv4_flash,8,64,2.5,decode_tps,14.77795795583361,13.62190034533775,85.04801449013381,9.535330241736425,121.61866072089134,compute,True,CLOSED-FORM-ONLY; AWS addendum; B_SSD=measured-at-scoring
aws-L40S-g6e.4xlarge,1xL40S,g6e.4xlarge,dsv4_flash,8,64,2.5,host_hit_rate,0.54,0.47000000000000003,1.0,0.4,1.0,compute,False,CLOSED-FORM-ONLY; AWS addendum; B_SSD=measured-at-scoring
aws-L40S-g6e.4xlarge,1xL40S,g6e.4xlarge,dsv4_flash,8,64,2.5,cold_records_per_tok,0.0,0.0,295.5,0.0,369.375,compute,False,CLOSED-FORM-ONLY; AWS addendum; B_SSD=measured-at-scoring
aws-L40S-g6e.4xlarge,1xL40S,g6e.4xlarge,dsv4_flash,8,64,2.5,usd_per_1k_tok,0.05646998818139736,0.009812235078197158,0.06126245897818009,0.005887341046918295,0.10230830649356075,compute,True,CLOSED-FORM-ONLY; AWS addendum; B_SSD=measured-at-scoring
aws-L40S-g6e.4xlarge,1xL40S,g6e.4xlarge,dsv4_flash,8,64,3.0,decode_tps,14.77795795583361,13.62190034533775,85.04801449013381,9.535330241736425,121.61866072089134,compute,True,CLOSED-FORM-ONLY; AWS addendum; B_SSD=measured-at-scoring
aws-L40S-g6e.4xlarge,1xL40S,g6e.4xlarge,dsv4_flash,8,64,3.0,host_hit_rate,0.54,0.47000000000000003,1.0,0.4,1.0,compute,False,CLOSED-FORM-ONLY; AWS addendum; B_SSD=measured-at-scoring
aws-L40S-g6e.4xlarge,1xL40S,g6e.4xlarge,dsv4_flash,8,64,3.0,cold_records_per_tok,0.0,0.0,295.5,0.0,369.375,compute,False,CLOSED-FORM-ONLY; AWS addendum; B_SSD=measured-at-scoring
aws-L40S-g6e.4xlarge,1xL40S,g6e.4xlarge,dsv4_flash,8,64,3.0,usd_per_1k_tok,0.05646998818139736,0.009812235078197158,0.06126245897818009,0.005887341046918295,0.10230830649356075,compute,True,CLOSED-FORM-ONLY; AWS addendum; B_SSD=measured-at-scoring
aws-L40S-g6e.4xlarge,1xL40S,g6e.4xlarge,dsv4_flash,8,64,4.0,decode_tps,14.77795795583361,13.62190034533775,85.04801449013381,9.535330241736425,121.61866072089134,compute,True,CLOSED-FORM-ONLY; AWS addendum; B_SSD=measured-at-scoring
aws-L40S-g6e.4xlarge,1xL40S,g6e.4xlarge,dsv4_flash,8,64,4.0,host_hit_rate,0.54,0.47000000000000003,1.0,0.4,1.0,compute,False,CLOSED-FORM-ONLY; AWS addendum; B_SSD=measured-at-scoring
aws-L40S-g6e.4xlarge,1xL40S,g6e.4xlarge,dsv4_flash,8,64,4.0,cold_records_per_tok,0.0,0.0,295.5,0.0,369.375,compute,False,CLOSED-FORM-ONLY; AWS addendum; B_SSD=measured-at-scoring
aws-L40S-g6e.4xlarge,1xL40S,g6e.4xlarge,dsv4_flash,8,64,4.0,usd_per_1k_tok,0.05646998818139736,0.009812235078197158,0.06126245897818009,0.005887341046918295,0.10230830649356075,compute,True,CLOSED-FORM-ONLY; AWS addendum; B_SSD=measured-at-scoring
aws-L40S-g6e.4xlarge,1xL40S,g6e.4xlarge,dsv4_flash,8,64,5.0,decode_tps,14.77795795583361,13.62190034533775,85.04801449013381,9.535330241736425,121.61866072089134,compute,True,CLOSED-FORM-ONLY; AWS addendum; B_SSD=measured-at-scoring
aws-L40S-g6e.4xlarge,1xL40S,g6e.4xlarge,dsv4_flash,8,64,5.0,host_hit_rate,0.54,0.47000000000000003,1.0,0.4,1.0,compute,False,CLOSED-FORM-ONLY; AWS addendum; B_SSD=measured-at-scoring
aws-L40S-g6e.4xlarge,1xL40S,g6e.4xlarge,dsv4_flash,8,64,5.0,cold_records_per_tok,0.0,0.0,295.5,0.0,369.375,compute,False,CLOSED-FORM-ONLY; AWS addendum; B_SSD=measured-at-scoring
aws-L40S-g6e.4xlarge,1xL40S,g6e.4xlarge,dsv4_flash,8,64,5.0,usd_per_1k_tok,0.05646998818139736,0.009812235078197158,0.06126245897818009,0.005887341046918295,0.10230830649356075,compute,True,CLOSED-FORM-ONLY; AWS addendum; B_SSD=measured-at-scoring
aws-L40S-g6e.4xlarge,1xL40S,g6e.4xlarge,dsv4_flash,8,64,6.0,decode_tps,14.77795795583361,13.62190034533775,85.04801449013381,9.535330241736425,121.61866072089134,compute,True,CLOSED-FORM-ONLY; AWS addendum; B_SSD=measured-at-scoring
aws-L40S-g6e.4xlarge,1xL40S,g6e.4xlarge,dsv4_flash,8,64,6.0,host_hit_rate,0.54,0.47000000000000003,1.0,0.4,1.0,compute,False,CLOSED-FORM-ONLY; AWS addendum; B_SSD=measured-at-scoring
aws-L40S-g6e.4xlarge,1xL40S,g6e.4xlarge,dsv4_flash,8,64,6.0,cold_records_per_tok,0.0,0.0,295.5,0.0,369.375,compute,False,CLOSED-FORM-ONLY; AWS addendum; B_SSD=measured-at-scoring
aws-L40S-g6e.4xlarge,1xL40S,g6e.4xlarge,dsv4_flash,8,64,6.0,usd_per_1k_tok,0.05646998818139736,0.009812235078197158,0.06126245897818009,0.005887341046918295,0.10230830649356075,compute,True,CLOSED-FORM-ONLY; AWS addendum; B_SSD=measured-at-scoring
aws-L40S-g6e.4xlarge,1xL40S,g6e.4xlarge,dsv4_flash,8,64,8.0,decode_tps,14.77795795583361,13.62190034533775,85.04801449013381,9.535330241736425,121.61866072089134,compute,True,CLOSED-FORM-ONLY; AWS addendum; B_SSD=measured-at-scoring
aws-L40S-g6e.4xlarge,1xL40S,g6e.4xlarge,dsv4_flash,8,64,8.0,host_hit_rate,0.54,0.47000000000000003,1.0,0.4,1.0,compute,False,CLOSED-FORM-ONLY; AWS addendum; B_SSD=measured-at-scoring
aws-L40S-g6e.4xlarge,1xL40S,g6e.4xlarge,dsv4_flash,8,64,8.0,cold_records_per_tok,0.0,0.0,295.5,0.0,369.375,compute,False,CLOSED-FORM-ONLY; AWS addendum; B_SSD=measured-at-scoring
aws-L40S-g6e.4xlarge,1xL40S,g6e.4xlarge,dsv4_flash,8,64,8.0,usd_per_1k_tok,0.05646998818139736,0.009812235078197158,0.06126245897818009,0.005887341046918295,0.10230830649356075,compute,True,CLOSED-FORM-ONLY; AWS addendum; B_SSD=measured-at-scoring
aws-L40S-g6e.16xlarge,1xL40S,g6e.16xlarge,dsv4_flash,1,256,0.5,decode_tps,0.33942410140104345,0.2564686749160853,0.49789394105421947,0.1795280724412597,0.7119883357075338,compute,True,CLOSED-FORM-ONLY; AWS addendum; B_SSD=measured-at-scoring
aws-L40S-g6e.16xlarge,1xL40S,g6e.16xlarge,dsv4_flash,1,256,0.5,host_hit_rate,0.54,0.47000000000000003,1.0,0.4,1.0,compute,False,CLOSED-FORM-ONLY; AWS addendum; B_SSD=measured-at-scoring
aws-L40S-g6e.16xlarge,1xL40S,g6e.16xlarge,dsv4_flash,1,256,0.5,cold_records_per_tok,147.75,6.858666732443216e-08,295.5,5.144000049332412e-08,369.375,compute,False,CLOSED-FORM-ONLY; AWS addendum; B_SSD=measured-at-scoring
aws-L40S-g6e.16xlarge,1xL40S,g6e.16xlarge,dsv4_flash,1,256,0.5,usd_per_1k_tok,0.2711974061613606,0.04395621702426985,0.2939767959471111,0.026373730214561908,0.49094124923167554,compute,True,CLOSED-FORM-ONLY; AWS addendum; B_SSD=measured-at-scoring
aws-L40S-g6e.16xlarge,1xL40S,g6e.16xlarge,dsv4_flash,1,256,1.0,decode_tps,0.6463924312044259,0.4919463325950038,0.9800242459512597,0.34436243281650264,1.4014346717103012,compute,True,CLOSED-FORM-ONLY; AWS addendum; B_SSD=measured-at-scoring
aws-L40S-g6e.16xlarge,1xL40S,g6e.16xlarge,dsv4_flash,1,256,1.0,host_hit_rate,0.54,0.47000000000000003,1.0,0.4,1.0,compute,False,CLOSED-FORM-ONLY; AWS addendum; B_SSD=measured-at-scoring
aws-L40S-g6e.16xlarge,1xL40S,g6e.16xlarge,dsv4_flash,1,256,1.0,cold_records_per_tok,147.75,6.858666732443216e-08,295.5,5.144000049332412e-08,369.375,compute,False,CLOSED-FORM-ONLY; AWS addendum; B_SSD=measured-at-scoring
aws-L40S-g6e.16xlarge,1xL40S,g6e.16xlarge,dsv4_flash,1,256,1.0,usd_per_1k_tok,0.27119740479434795,0.043956216059180174,0.2939767941237141,0.026373729635508103,0.4909412461866025,compute,True,CLOSED-FORM-ONLY; AWS addendum; B_SSD=measured-at-scoring
aws-L40S-g6e.16xlarge,1xL40S,g6e.16xlarge,dsv4_flash,1,256,1.5,decode_tps,0.9253477191624525,0.7089085420955246,1.4471262070329847,0.49623597946686715,2.069390476057168,compute,True,CLOSED-FORM-ONLY; AWS addendum; B_SSD=measured-at-scoring
aws-L40S-g6e.16xlarge,1xL40S,g6e.16xlarge,dsv4_flash,1,256,1.5,host_hit_rate,0.54,0.47000000000000003,1.0,0.4,1.0,compute,False,CLOSED-FORM-ONLY; AWS addendum; B_SSD=measured-at-scoring
aws-L40S-g6e.16xlarge,1xL40S,g6e.16xlarge,dsv4_flash,1,256,1.5,cold_records_per_tok,147.75,6.858666732443216e-08,295.5,5.144000049332412e-08,369.375,compute,False,CLOSED-FORM-ONLY; AWS addendum; B_SSD=measured-at-scoring
aws-L40S-g6e.16xlarge,1xL40S,g6e.16xlarge,dsv4_flash,1,256,1.5,usd_per_1k_tok,0.2711974043386771,0.043956215737483616,0.29397679351591505,0.026373729442490168,0.4909412451715781,compute,True,CLOSED-FORM-ONLY; AWS addendum; B_SSD=measured-at-scoring
aws-L40S-g6e.16xlarge,1xL40S,g6e.16xlarge,dsv4_flash,1,256,2.0,decode_tps,1.1799572176080766,0.9094563504794616,1.8998903698275755,0.6366194453356231,2.716843228853433,compute,True,CLOSED-FORM-ONLY; AWS addendum; B_SSD=measured-at-scoring
aws-L40S-g6e.16xlarge,1xL40S,g6e.16xlarge,dsv4_flash,1,256,2.0,host_hit_rate,0.54,0.47000000000000003,1.0,0.4,1.0,compute,False,CLOSED-FORM-ONLY; AWS addendum; B_SSD=measured-at-scoring
aws-L40S-g6e.16xlarge,1xL40S,g6e.16xlarge,dsv4_flash,1,256,2.0,cold_records_per_tok,147.75,6.858666732443216e-08,295.5,5.144000049332412e-08,369.375,compute,False,CLOSED-FORM-ONLY; AWS addendum; B_SSD=measured-at-scoring
aws-L40S-g6e.16xlarge,1xL40S,g6e.16xlarge,dsv4_flash,1,256,2.0,usd_per_1k_tok,0.2711974041108417,0.043956215576635344,0.29397679321201564,0.026373729345981204,0.4909412446640661,compute,True,CLOSED-FORM-ONLY; AWS addendum; B_SSD=measured-at-scoring
aws-L40S-g6e.16xlarge,1xL40S,g6e.16xlarge,dsv4_flash,1,256,2.5,decode_tps,1.4132748260029868,1.0953845217809892,2.3389658282912222,0.7667691652466924,3.3447211344564476,compute,True,CLOSED-FORM-ONLY; AWS addendum; B_SSD=measured-at-scoring
aws-L40S-g6e.16xlarge,1xL40S,g6e.16xlarge,dsv4_flash,1,256,2.5,host_hit_rate,0.54,0.47000000000000003,1.0,0.4,1.0,compute,False,CLOSED-FORM-ONLY; AWS addendum; B_SSD=measured-at-scoring
aws-L40S-g6e.16xlarge,1xL40S,g6e.16xlarge,dsv4_flash,1,256,2.5,cold_records_per_tok,147.75,6.858666732443216e-08,295.5,5.144000049332412e-08,369.375,compute,False,CLOSED-FORM-ONLY; AWS addendum; B_SSD=measured-at-scoring
aws-L40S-g6e.16xlarge,1xL40S,g6e.16xlarge,dsv4_flash,1,256,2.5,usd_per_1k_tok,0.2711974039741404,0.04395621548012637,0.2939767930296758,0.026373729288075822,0.49094124435955855,compute,True,CLOSED-FORM-ONLY; AWS addendum; B_SSD=measured-at-scoring
aws-L40S-g6e.16xlarge,1xL40S,g6e.16xlarge,dsv4_flash,1,256,3.0,decode_tps,1.6278641745747067,1.2682353817645196,2.764963246676227,0.8877647672351636,3.9538974427470044,compute,True,CLOSED-FORM-ONLY; AWS addendum; B_SSD=measured-at-scoring
aws-L40S-g6e.16xlarge,1xL40S,g6e.16xlarge,dsv4_flash,1,256,3.0,host_hit_rate,0.54,0.47000000000000003,1.0,0.4,1.0,compute,False,CLOSED-FORM-ONLY; AWS addendum; B_SSD=measured-at-scoring
aws-L40S-g6e.16xlarge,1xL40S,g6e.16xlarge,dsv4_flash,1,256,3.0,cold_records_per_tok,147.75,6.858666732443216e-08,295.5,5.144000049332412e-08,369.375,compute,False,CLOSED-FORM-ONLY; AWS addendum; B_SSD=measured-at-scoring
aws-L40S-g6e.16xlarge,1xL40S,g6e.16xlarge,dsv4_flash,1,256,3.0,usd_per_1k_tok,0.27119740388300617,0.04395621541578706,0.293976792908116,0.026373729249472233,0.4909412441565537,compute,True,CLOSED-FORM-ONLY; AWS addendum; B_SSD=measured-at-scoring
aws-L40S-g6e.16xlarge,1xL40S,g6e.16xlarge,dsv4_flash,1,256,4.0,decode_tps,2.009207708574001,1.5798610633883523,3.5799908678119365,1.1059027443718465,5.119386940971069,compute,True,CLOSED-FORM-ONLY; AWS addendum; B_SSD=measured-at-scoring
aws-L40S-g6e.16xlarge,1xL40S,g6e.16xlarge,dsv4_flash,1,256,4.0,host_hit_rate,0.54,0.47000000000000003,1.0,0.4,1.0,compute,False,CLOSED-FORM-ONLY; AWS addendum; B_SSD=measured-at-scoring
aws-L40S-g6e.16xlarge,1xL40S,g6e.16xlarge,dsv4_flash,1,256,4.0,cold_records_per_tok,147.75,6.858666732443216e-08,295.5,5.144000049332412e-08,369.375,compute,False,CLOSED-FORM-ONLY; AWS addendum; B_SSD=measured-at-scoring
aws-L40S-g6e.16xlarge,1xL40S,g6e.16xlarge,dsv4_flash,1,256,4.0,usd_per_1k_tok,0.2711974037690885,0.043956215335362925,0.2939767927561663,0.026373729201217753,0.4909412439027977,compute,True,CLOSED-FORM-ONLY; AWS addendum; B_SSD=measured-at-scoring
aws-L40S-g6e.16xlarge,1xL40S,g6e.16xlarge,dsv4_flash,1,256,5.0,decode_tps,2.337799520403272,1.853055723252882,4.34918967192077,1.2971390062770172,6.2193412308467,compute,True,CLOSED-FORM-ONLY; AWS addendum; B_SSD=measured-at-scoring
aws-L40S-g6e.16xlarge,1xL40S,g6e.16xlarge,dsv4_flash,1,256,5.0,host_hit_rate,0.54,0.47000000000000003,1.0,0.4,1.0,compute,False,CLOSED-FORM-ONLY; AWS addendum; B_SSD=measured-at-scoring
aws-L40S-g6e.16xlarge,1xL40S,g6e.16xlarge,dsv4_flash,1,256,5.0,cold_records_per_tok,147.75,6.858666732443216e-08,295.5,5.144000049332412e-08,369.375,compute,False,CLOSED-FORM-ONLY; AWS addendum; B_SSD=measured-at-scoring
aws-L40S-g6e.16xlarge,1xL40S,g6e.16xlarge,dsv4_flash,1,256,5.0,usd_per_1k_tok,0.27119740370073786,0.043956215287108434,0.29397679266499643,0.02637372917226506,0.49094124375054404,compute,True,CLOSED-FORM-ONLY; AWS addendum; B_SSD=measured-at-scoring
aws-L40S-g6e.16xlarge,1xL40S,g6e.16xlarge,dsv4_flash,1,256,6.0,decode_tps,2.623877328302516,2.094515455015981,5.076316410305808,1.4661608185111865,7.259132466737306,compute,True,CLOSED-FORM-ONLY; AWS addendum; B_SSD=measured-at-scoring
aws-L40S-g6e.16xlarge,1xL40S,g6e.16xlarge,dsv4_flash,1,256,6.0,host_hit_rate,0.54,0.47000000000000003,1.0,0.4,1.0,compute,False,CLOSED-FORM-ONLY; AWS addendum; B_SSD=measured-at-scoring
aws-L40S-g6e.16xlarge,1xL40S,g6e.16xlarge,dsv4_flash,1,256,6.0,cold_records_per_tok,147.75,6.858666732443216e-08,295.5,5.144000049332412e-08,369.375,compute,False,CLOSED-FORM-ONLY; AWS addendum; B_SSD=measured-at-scoring
aws-L40S-g6e.16xlarge,1xL40S,g6e.16xlarge,dsv4_flash,1,256,6.0,usd_per_1k_tok,0.2711974036551708,0.043956215254938785,0.29397679260421655,0.02637372915296327,0.4909412436490416,compute,True,CLOSED-FORM-ONLY; AWS addendum; B_SSD=measured-at-scoring
aws-L40S-g6e.16xlarge,1xL40S,g6e.16xlarge,dsv4_flash,1,256,8.0,decode_tps,3.097713441688163,2.5020461283209476,6.417437099857933,1.7514322898246633,9.176935052796845,compute,True,CLOSED-FORM-ONLY; AWS addendum; B_SSD=measured-at-scoring
aws-L40S-g6e.16xlarge,1xL40S,g6e.16xlarge,dsv4_flash,1,256,8.0,host_hit_rate,0.54,0.47000000000000003,1.0,0.4,1.0,compute,False,CLOSED-FORM-ONLY; AWS addendum; B_SSD=measured-at-scoring
aws-L40S-g6e.16xlarge,1xL40S,g6e.16xlarge,dsv4_flash,1,256,8.0,cold_records_per_tok,147.75,6.858666732443216e-08,295.5,5.144000049332412e-08,369.375,compute,False,CLOSED-FORM-ONLY; AWS addendum; B_SSD=measured-at-scoring
aws-L40S-g6e.16xlarge,1xL40S,g6e.16xlarge,dsv4_flash,1,256,8.0,usd_per_1k_tok,0.27119740359821193,0.043956215214726715,0.2939767925282417,0.026373729128836027,0.4909412435221636,compute,True,CLOSED-FORM-ONLY; AWS addendum; B_SSD=measured-at-scoring
aws-L40S-g6e.16xlarge,1xL40S,g6e.16xlarge,dsv4_flash,8,256,0.5,decode_tps,14.77795795583361,13.62190034533775,85.04801449013381,9.535330241736425,121.61866072089134,compute,True,CLOSED-FORM-ONLY; AWS addendum; B_SSD=measured-at-scoring
aws-L40S-g6e.16xlarge,1xL40S,g6e.16xlarge,dsv4_flash,8,256,0.5,host_hit_rate,0.54,0.47000000000000003,1.0,0.4,1.0,compute,False,CLOSED-FORM-ONLY; AWS addendum; B_SSD=measured-at-scoring
aws-L40S-g6e.16xlarge,1xL40S,g6e.16xlarge,dsv4_flash,8,256,0.5,cold_records_per_tok,0.0,0.0,295.5,0.0,369.375,compute,False,CLOSED-FORM-ONLY; AWS addendum; B_SSD=measured-at-scoring
aws-L40S-g6e.16xlarge,1xL40S,g6e.16xlarge,dsv4_flash,8,256,0.5,usd_per_1k_tok,0.14242664692175136,0.024748079218759062,0.15451405065669735,0.014848847531255437,0.25803846459668456,compute,True,CLOSED-FORM-ONLY; AWS addendum; B_SSD=measured-at-scoring
aws-L40S-g6e.16xlarge,1xL40S,g6e.16xlarge,dsv4_flash,8,256,1.0,decode_tps,14.77795795583361,13.62190034533775,85.04801449013381,9.535330241736425,121.61866072089134,compute,True,CLOSED-FORM-ONLY; AWS addendum; B_SSD=measured-at-scoring
aws-L40S-g6e.16xlarge,1xL40S,g6e.16xlarge,dsv4_flash,8,256,1.0,host_hit_rate,0.54,0.47000000000000003,1.0,0.4,1.0,compute,False,CLOSED-FORM-ONLY; AWS addendum; B_SSD=measured-at-scoring
aws-L40S-g6e.16xlarge,1xL40S,g6e.16xlarge,dsv4_flash,8,256,1.0,cold_records_per_tok,0.0,0.0,295.5,0.0,369.375,compute,False,CLOSED-FORM-ONLY; AWS addendum; B_SSD=measured-at-scoring
aws-L40S-g6e.16xlarge,1xL40S,g6e.16xlarge,dsv4_flash,8,256,1.0,usd_per_1k_tok,0.14242664692175136,0.024748079218759062,0.15451405065669735,0.014848847531255437,0.25803846459668456,compute,True,CLOSED-FORM-ONLY; AWS addendum; B_SSD=measured-at-scoring
aws-L40S-g6e.16xlarge,1xL40S,g6e.16xlarge,dsv4_flash,8,256,1.5,decode_tps,14.77795795583361,13.62190034533775,85.04801449013381,9.535330241736425,121.61866072089134,compute,True,CLOSED-FORM-ONLY; AWS addendum; B_SSD=measured-at-scoring
aws-L40S-g6e.16xlarge,1xL40S,g6e.16xlarge,dsv4_flash,8,256,1.5,host_hit_rate,0.54,0.47000000000000003,1.0,0.4,1.0,compute,False,CLOSED-FORM-ONLY; AWS addendum; B_SSD=measured-at-scoring
aws-L40S-g6e.16xlarge,1xL40S,g6e.16xlarge,dsv4_flash,8,256,1.5,cold_records_per_tok,0.0,0.0,295.5,0.0,369.375,compute,False,CLOSED-FORM-ONLY; AWS addendum; B_SSD=measured-at-scoring
aws-L40S-g6e.16xlarge,1xL40S,g6e.16xlarge,dsv4_flash,8,256,1.5,usd_per_1k_tok,0.14242664692175136,0.024748079218759062,0.15451405065669735,0.014848847531255437,0.25803846459668456,compute,True,CLOSED-FORM-ONLY; AWS addendum; B_SSD=measured-at-scoring
aws-L40S-g6e.16xlarge,1xL40S,g6e.16xlarge,dsv4_flash,8,256,2.0,decode_tps,14.77795795583361,13.62190034533775,85.04801449013381,9.535330241736425,121.61866072089134,compute,True,CLOSED-FORM-ONLY; AWS addendum; B_SSD=measured-at-scoring
aws-L40S-g6e.16xlarge,1xL40S,g6e.16xlarge,dsv4_flash,8,256,2.0,host_hit_rate,0.54,0.47000000000000003,1.0,0.4,1.0,compute,False,CLOSED-FORM-ONLY; AWS addendum; B_SSD=measured-at-scoring
aws-L40S-g6e.16xlarge,1xL40S,g6e.16xlarge,dsv4_flash,8,256,2.0,cold_records_per_tok,0.0,0.0,295.5,0.0,369.375,compute,False,CLOSED-FORM-ONLY; AWS addendum; B_SSD=measured-at-scoring
aws-L40S-g6e.16xlarge,1xL40S,g6e.16xlarge,dsv4_flash,8,256,2.0,usd_per_1k_tok,0.14242664692175136,0.024748079218759062,0.15451405065669735,0.014848847531255437,0.25803846459668456,compute,True,CLOSED-FORM-ONLY; AWS addendum; B_SSD=measured-at-scoring
aws-L40S-g6e.16xlarge,1xL40S,g6e.16xlarge,dsv4_flash,8,256,2.5,decode_tps,14.77795795583361,13.62190034533775,85.04801449013381,9.535330241736425,121.61866072089134,compute,True,CLOSED-FORM-ONLY; AWS addendum; B_SSD=measured-at-scoring
aws-L40S-g6e.16xlarge,1xL40S,g6e.16xlarge,dsv4_flash,8,256,2.5,host_hit_rate,0.54,0.47000000000000003,1.0,0.4,1.0,compute,False,CLOSED-FORM-ONLY; AWS addendum; B_SSD=measured-at-scoring
aws-L40S-g6e.16xlarge,1xL40S,g6e.16xlarge,dsv4_flash,8,256,2.5,cold_records_per_tok,0.0,0.0,295.5,0.0,369.375,compute,False,CLOSED-FORM-ONLY; AWS addendum; B_SSD=measured-at-scoring
aws-L40S-g6e.16xlarge,1xL40S,g6e.16xlarge,dsv4_flash,8,256,2.5,usd_per_1k_tok,0.14242664692175136,0.024748079218759062,0.15451405065669735,0.014848847531255437,0.25803846459668456,compute,True,CLOSED-FORM-ONLY; AWS addendum; B_SSD=measured-at-scoring
aws-L40S-g6e.16xlarge,1xL40S,g6e.16xlarge,dsv4_flash,8,256,3.0,decode_tps,14.77795795583361,13.62190034533775,85.04801449013381,9.535330241736425,121.61866072089134,compute,True,CLOSED-FORM-ONLY; AWS addendum; B_SSD=measured-at-scoring
aws-L40S-g6e.16xlarge,1xL40S,g6e.16xlarge,dsv4_flash,8,256,3.0,host_hit_rate,0.54,0.47000000000000003,1.0,0.4,1.0,compute,False,CLOSED-FORM-ONLY; AWS addendum; B_SSD=measured-at-scoring
aws-L40S-g6e.16xlarge,1xL40S,g6e.16xlarge,dsv4_flash,8,256,3.0,cold_records_per_tok,0.0,0.0,295.5,0.0,369.375,compute,False,CLOSED-FORM-ONLY; AWS addendum; B_SSD=measured-at-scoring
aws-L40S-g6e.16xlarge,1xL40S,g6e.16xlarge,dsv4_flash,8,256,3.0,usd_per_1k_tok,0.14242664692175136,0.024748079218759062,0.15451405065669735,0.014848847531255437,0.25803846459668456,compute,True,CLOSED-FORM-ONLY; AWS addendum; B_SSD=measured-at-scoring
aws-L40S-g6e.16xlarge,1xL40S,g6e.16xlarge,dsv4_flash,8,256,4.0,decode_tps,14.77795795583361,13.62190034533775,85.04801449013381,9.535330241736425,121.61866072089134,compute,True,CLOSED-FORM-ONLY; AWS addendum; B_SSD=measured-at-scoring
aws-L40S-g6e.16xlarge,1xL40S,g6e.16xlarge,dsv4_flash,8,256,4.0,host_hit_rate,0.54,0.47000000000000003,1.0,0.4,1.0,compute,False,CLOSED-FORM-ONLY; AWS addendum; B_SSD=measured-at-scoring
aws-L40S-g6e.16xlarge,1xL40S,g6e.16xlarge,dsv4_flash,8,256,4.0,cold_records_per_tok,0.0,0.0,295.5,0.0,369.375,compute,False,CLOSED-FORM-ONLY; AWS addendum; B_SSD=measured-at-scoring
aws-L40S-g6e.16xlarge,1xL40S,g6e.16xlarge,dsv4_flash,8,256,4.0,usd_per_1k_tok,0.14242664692175136,0.024748079218759062,0.15451405065669735,0.014848847531255437,0.25803846459668456,compute,True,CLOSED-FORM-ONLY; AWS addendum; B_SSD=measured-at-scoring
aws-L40S-g6e.16xlarge,1xL40S,g6e.16xlarge,dsv4_flash,8,256,5.0,decode_tps,14.77795795583361,13.62190034533775,85.04801449013381,9.535330241736425,121.61866072089134,compute,True,CLOSED-FORM-ONLY; AWS addendum; B_SSD=measured-at-scoring
aws-L40S-g6e.16xlarge,1xL40S,g6e.16xlarge,dsv4_flash,8,256,5.0,host_hit_rate,0.54,0.47000000000000003,1.0,0.4,1.0,compute,False,CLOSED-FORM-ONLY; AWS addendum; B_SSD=measured-at-scoring
aws-L40S-g6e.16xlarge,1xL40S,g6e.16xlarge,dsv4_flash,8,256,5.0,cold_records_per_tok,0.0,0.0,295.5,0.0,369.375,compute,False,CLOSED-FORM-ONLY; AWS addendum; B_SSD=measured-at-scoring
aws-L40S-g6e.16xlarge,1xL40S,g6e.16xlarge,dsv4_flash,8,256,5.0,usd_per_1k_tok,0.14242664692175136,0.024748079218759062,0.15451405065669735,0.014848847531255437,0.25803846459668456,compute,True,CLOSED-FORM-ONLY; AWS addendum; B_SSD=measured-at-scoring
aws-L40S-g6e.16xlarge,1xL40S,g6e.16xlarge,dsv4_flash,8,256,6.0,decode_tps,14.77795795583361,13.62190034533775,85.04801449013381,9.535330241736425,121.61866072089134,compute,True,CLOSED-FORM-ONLY; AWS addendum; B_SSD=measured-at-scoring
aws-L40S-g6e.16xlarge,1xL40S,g6e.16xlarge,dsv4_flash,8,256,6.0,host_hit_rate,0.54,0.47000000000000003,1.0,0.4,1.0,compute,False,CLOSED-FORM-ONLY; AWS addendum; B_SSD=measured-at-scoring
aws-L40S-g6e.16xlarge,1xL40S,g6e.16xlarge,dsv4_flash,8,256,6.0,cold_records_per_tok,0.0,0.0,295.5,0.0,369.375,compute,False,CLOSED-FORM-ONLY; AWS addendum; B_SSD=measured-at-scoring
aws-L40S-g6e.16xlarge,1xL40S,g6e.16xlarge,dsv4_flash,8,256,6.0,usd_per_1k_tok,0.14242664692175136,0.024748079218759062,0.15451405065669735,0.014848847531255437,0.25803846459668456,compute,True,CLOSED-FORM-ONLY; AWS addendum; B_SSD=measured-at-scoring
aws-L40S-g6e.16xlarge,1xL40S,g6e.16xlarge,dsv4_flash,8,256,8.0,decode_tps,14.77795795583361,13.62190034533775,85.04801449013381,9.535330241736425,121.61866072089134,compute,True,CLOSED-FORM-ONLY; AWS addendum; B_SSD=measured-at-scoring
aws-L40S-g6e.16xlarge,1xL40S,g6e.16xlarge,dsv4_flash,8,256,8.0,host_hit_rate,0.54,0.47000000000000003,1.0,0.4,1.0,compute,False,CLOSED-FORM-ONLY; AWS addendum; B_SSD=measured-at-scoring
aws-L40S-g6e.16xlarge,1xL40S,g6e.16xlarge,dsv4_flash,8,256,8.0,cold_records_per_tok,0.0,0.0,295.5,0.0,369.375,compute,False,CLOSED-FORM-ONLY; AWS addendum; B_SSD=measured-at-scoring
aws-L40S-g6e.16xlarge,1xL40S,g6e.16xlarge,dsv4_flash,8,256,8.0,usd_per_1k_tok,0.14242664692175136,0.024748079218759062,0.15451405065669735,0.014848847531255437,0.25803846459668456,compute,True,CLOSED-FORM-ONLY; AWS addendum; B_SSD=measured-at-scoring
