scenario,baseline_capacity_slots,m,n_calls,announced_total,hits_total,saved_cold_records,stale_records,wasted_records,precision,recall,trace,task,arm,budget_semantics,record_bytes,saved_bytes,stale_bytes,wasted_bytes,consumed_bytes,saved_bytes_per_call,consumed_bytes_per_call,saved_bytes_per_token,consumed_bytes_per_token,net_bytes_per_token,n_tokens
always_cold,0,4,429,1716,325,114,211,1391,0.1893939393939394,0.0946969696969697,ornith_t2,next_layer,popularity,set,6291456,717225984,1327497216,8751415296,10796138496,1671855.4405594405,25165824.0,65202362.18181818,981467136.0,-916264773.8181819,11
always_cold,0,8,429,3432,515,220,295,2917,0.15005827505827507,0.15005827505827507,ornith_t2,next_layer,popularity,set,6291456,1384120320,1855979520,18352177152,21592276992,3226387.6923076925,50331648.0,125829120.0,1962934272.0,-1837105152.0,11
always_cold,0,16,429,6864,809,410,399,6055,0.11786130536130536,0.23572261072261072,ornith_t2,next_layer,popularity,set,6291456,2579496960,2510290944,38094766080,43184553984,6012813.426573426,100663296.0,234499723.63636363,3925868544.0,-3691368820.3636365,11
vram281_host682,963,4,429,1716,325,127,198,1391,0.1893939393939394,0.0946969696969697,ornith_t2,next_layer,popularity,set,6291456,799014912,1245708288,8751415296,10796138496,1862505.6223776224,25165824.0,72637719.27272727,981467136.0,-908829416.7272727,11
vram281_host682,963,8,429,3432,515,238,277,2917,0.15005827505827507,0.15005827505827507,ornith_t2,next_layer,popularity,set,6291456,1497366528,1742733312,18352177152,21592276992,3490364.867132867,50331648.0,136124229.8181818,1962934272.0,-1826810042.1818182,11
vram281_host682,963,16,429,6864,809,436,373,6055,0.11786130536130536,0.23572261072261072,ornith_t2,next_layer,popularity,set,6291456,2743074816,2346713088,38094766080,43184553984,6394113.79020979,100663296.0,249370437.8181818,3925868544.0,-3676498106.181818,11
vram1024_host4096,5120,4,429,1716,325,114,211,1391,0.1893939393939394,0.0946969696969697,ornith_t2,next_layer,popularity,set,6291456,717225984,1327497216,8751415296,10796138496,1671855.4405594405,25165824.0,65202362.18181818,981467136.0,-916264773.8181819,11
vram1024_host4096,5120,8,429,3432,515,220,295,2917,0.15005827505827507,0.15005827505827507,ornith_t2,next_layer,popularity,set,6291456,1384120320,1855979520,18352177152,21592276992,3226387.6923076925,50331648.0,125829120.0,1962934272.0,-1837105152.0,11
vram1024_host4096,5120,16,429,6864,809,410,399,6055,0.11786130536130536,0.23572261072261072,ornith_t2,next_layer,popularity,set,6291456,2579496960,2510290944,38094766080,43184553984,6012813.426573426,100663296.0,234499723.63636363,3925868544.0,-3691368820.3636365,11
always_cold,0,4,429,1716,325,114,211,1391,0.1893939393939394,0.0946969696969697,ornith_t2,next_layer,popularity,src,6291456,717225984,1327497216,8751415296,10796138496,1671855.4405594405,25165824.0,65202362.18181818,981467136.0,-916264773.8181819,11
always_cold,0,8,429,3432,515,220,295,2917,0.15005827505827507,0.15005827505827507,ornith_t2,next_layer,popularity,src,6291456,1384120320,1855979520,18352177152,21592276992,3226387.6923076925,50331648.0,125829120.0,1962934272.0,-1837105152.0,11
always_cold,0,16,429,6864,809,410,399,6055,0.11786130536130536,0.23572261072261072,ornith_t2,next_layer,popularity,src,6291456,2579496960,2510290944,38094766080,43184553984,6012813.426573426,100663296.0,234499723.63636363,3925868544.0,-3691368820.3636365,11
vram281_host682,963,4,429,1716,325,127,198,1391,0.1893939393939394,0.0946969696969697,ornith_t2,next_layer,popularity,src,6291456,799014912,1245708288,8751415296,10796138496,1862505.6223776224,25165824.0,72637719.27272727,981467136.0,-908829416.7272727,11
vram281_host682,963,8,429,3432,515,238,277,2917,0.15005827505827507,0.15005827505827507,ornith_t2,next_layer,popularity,src,6291456,1497366528,1742733312,18352177152,21592276992,3490364.867132867,50331648.0,136124229.8181818,1962934272.0,-1826810042.1818182,11
vram281_host682,963,16,429,6864,809,436,373,6055,0.11786130536130536,0.23572261072261072,ornith_t2,next_layer,popularity,src,6291456,2743074816,2346713088,38094766080,43184553984,6394113.79020979,100663296.0,249370437.8181818,3925868544.0,-3676498106.181818,11
vram1024_host4096,5120,4,429,1716,325,114,211,1391,0.1893939393939394,0.0946969696969697,ornith_t2,next_layer,popularity,src,6291456,717225984,1327497216,8751415296,10796138496,1671855.4405594405,25165824.0,65202362.18181818,981467136.0,-916264773.8181819,11
vram1024_host4096,5120,8,429,3432,515,220,295,2917,0.15005827505827507,0.15005827505827507,ornith_t2,next_layer,popularity,src,6291456,1384120320,1855979520,18352177152,21592276992,3226387.6923076925,50331648.0,125829120.0,1962934272.0,-1837105152.0,11
vram1024_host4096,5120,16,429,6864,809,410,399,6055,0.11786130536130536,0.23572261072261072,ornith_t2,next_layer,popularity,src,6291456,2579496960,2510290944,38094766080,43184553984,6012813.426573426,100663296.0,234499723.63636363,3925868544.0,-3691368820.3636365,11
always_cold,0,4,429,1716,207,131,76,1509,0.12062937062937062,0.06031468531468531,ornith_t2,next_layer,cond_pooled,set,6291456,824180736,478150656,9493807104,10796138496,1921167.2167832167,25165824.0,74925521.45454545,981467136.0,-906541614.5454545,11
always_cold,0,8,429,3432,406,280,126,3026,0.1182983682983683,0.1182983682983683,ornith_t2,next_layer,cond_pooled,set,6291456,1761607680,792723456,19037945856,21592276992,4106311.6083916086,50331648.0,160146152.72727272,1962934272.0,-1802788119.2727273,11
always_cold,0,16,429,6864,622,398,224,6242,0.09061771561771562,0.18123543123543123,ornith_t2,next_layer,cond_pooled,set,6291456,2503999488,1409286144,39271268352,43184553984,5836828.643356644,100663296.0,227636317.0909091,3925868544.0,-3698232226.909091,11
vram281_host682,963,4,429,1716,207,134,73,1509,0.12062937062937062,0.06031468531468531,ornith_t2,next_layer,cond_pooled,set,6291456,843055104,459276288,9493807104,10796138496,1965163.4125874126,25165824.0,76641373.0909091,981467136.0,-904825762.9090909,11
vram281_host682,963,8,429,3432,406,286,120,3026,0.1182983682983683,0.1182983682983683,ornith_t2,next_layer,cond_pooled,set,6291456,1799356416,754974720,19037945856,21592276992,4194304.0,50331648.0,163577856.0,1962934272.0,-1799356416.0,11
vram281_host682,963,16,429,6864,622,408,214,6242,0.09061771561771562,0.18123543123543123,ornith_t2,next_layer,cond_pooled,set,6291456,2566914048,1346371584,39271268352,43184553984,5983482.62937063,100663296.0,233355822.54545453,3925868544.0,-3692512721.4545455,11
vram1024_host4096,5120,4,429,1716,207,131,76,1509,0.12062937062937062,0.06031468531468531,ornith_t2,next_layer,cond_pooled,set,6291456,824180736,478150656,9493807104,10796138496,1921167.2167832167,25165824.0,74925521.45454545,981467136.0,-906541614.5454545,11
vram1024_host4096,5120,8,429,3432,406,280,126,3026,0.1182983682983683,0.1182983682983683,ornith_t2,next_layer,cond_pooled,set,6291456,1761607680,792723456,19037945856,21592276992,4106311.6083916086,50331648.0,160146152.72727272,1962934272.0,-1802788119.2727273,11
vram1024_host4096,5120,16,429,6864,622,398,224,6242,0.09061771561771562,0.18123543123543123,ornith_t2,next_layer,cond_pooled,set,6291456,2503999488,1409286144,39271268352,43184553984,5836828.643356644,100663296.0,227636317.0909091,3925868544.0,-3698232226.909091,11
always_cold,0,4,429,11634,737,400,337,10897,0.06334880522606154,0.21474358974358973,ornith_t2,next_layer,cond_pooled,src,6291456,2516582400,2120220672,68557996032,73194799104,5866159.44055944,170617247.32867134,228780218.1818182,6654072645.818182,-6425292427.636364,11
always_cold,0,8,429,21864,1181,622,559,20683,0.05401573362605196,0.34411421911421913,ornith_t2,next_layer,cond_pooled,src,6291456,3913285632,3516923904,130126184448,137556393984,9121877.93006993,320644275.02097905,355753239.27272725,12505126725.818182,-12149373486.545454,11
always_cold,0,16,429,38076,1652,850,802,36424,0.04338691038974682,0.4813519813519814,ornith_t2,next_layer,cond_pooled,src,6291456,5347737600,5045747712,229159993344,239553478656,12465588.811188811,558399717.1468531,486157963.6363636,21777588968.727272,-21291431005.090908,11
vram281_host682,963,4,429,11634,737,414,323,10897,0.06334880522606154,0.21474358974358973,ornith_t2,next_layer,cond_pooled,src,6291456,2604662784,2032140288,68557996032,73194799104,6071475.020979021,170617247.32867134,236787525.8181818,6654072645.818182,-6417285120.0,11
vram281_host682,963,8,429,21864,1181,641,540,20683,0.05401573362605196,0.34411421911421913,ornith_t2,next_layer,cond_pooled,src,6291456,4032823296,3397386240,130126184448,137556393984,9400520.503496503,320644275.02097905,366620299.6363636,12505126725.818182,-12138506426.181818,11
vram281_host682,963,16,429,38076,1652,881,771,36424,0.04338691038974682,0.4813519813519814,ornith_t2,next_layer,cond_pooled,src,6291456,5542772736,4850712576,229159993344,239553478656,12920216.167832168,558399717.1468531,503888430.54545456,21777588968.727272,-21273700538.18182,11
vram1024_host4096,5120,4,429,11634,737,400,337,10897,0.06334880522606154,0.21474358974358973,ornith_t2,next_layer,cond_pooled,src,6291456,2516582400,2120220672,68557996032,73194799104,5866159.44055944,170617247.32867134,228780218.1818182,6654072645.818182,-6425292427.636364,11
vram1024_host4096,5120,8,429,21864,1181,622,559,20683,0.05401573362605196,0.34411421911421913,ornith_t2,next_layer,cond_pooled,src,6291456,3913285632,3516923904,130126184448,137556393984,9121877.93006993,320644275.02097905,355753239.27272725,12505126725.818182,-12149373486.545454,11
vram1024_host4096,5120,16,429,38076,1652,850,802,36424,0.04338691038974682,0.4813519813519814,ornith_t2,next_layer,cond_pooled,src,6291456,5347737600,5045747712,229159993344,239553478656,12465588.811188811,558399717.1468531,486157963.6363636,21777588968.727272,-21291431005.090908,11
always_cold,0,4,429,1716,272,158,114,1444,0.1585081585081585,0.07925407925407925,ornith_t2,next_layer,cond_perlayer,set,6291456,994050048,717225984,9084862464,10796138496,2317132.979020979,25165824.0,90368186.18181819,981467136.0,-891098949.8181819,11
always_cold,0,8,429,3432,528,313,215,2904,0.15384615384615385,0.15384615384615385,ornith_t2,next_layer,cond_perlayer,set,6291456,1969225728,1352663040,18270388224,21592276992,4590269.762237762,50331648.0,179020520.72727272,1962934272.0,-1783913751.2727273,11
always_cold,0,16,429,6864,738,426,312,6126,0.10751748251748251,0.21503496503496503,ornith_t2,next_layer,cond_perlayer,set,6291456,2680160256,1962934272,38541459456,43184553984,6247459.8041958045,100663296.0,243650932.36363637,3925868544.0,-3682217611.6363635,11
vram281_host682,963,4,429,1716,272,164,108,1444,0.1585081585081585,0.07925407925407925,ornith_t2,next_layer,cond_perlayer,set,6291456,1031798784,679477248,9084862464,10796138496,2405125.3706293707,25165824.0,93799889.45454545,981467136.0,-887667246.5454545,11
vram281_host682,963,8,429,3432,528,323,205,2904,0.15384615384615385,0.15384615384615385,ornith_t2,next_layer,cond_perlayer,set,6291456,2032140288,1289748480,18270388224,21592276992,4736923.748251748,50331648.0,184740026.1818182,1962934272.0,-1778194245.8181818,11
vram281_host682,963,16,429,6864,738,441,297,6126,0.10751748251748251,0.21503496503496503,ornith_t2,next_layer,cond_perlayer,set,6291456,2774532096,1868562432,38541459456,43184553984,6467440.783216783,100663296.0,252230190.54545453,3925868544.0,-3673638353.4545455,11
vram1024_host4096,5120,4,429,1716,272,158,114,1444,0.1585081585081585,0.07925407925407925,ornith_t2,next_layer,cond_perlayer,set,6291456,994050048,717225984,9084862464,10796138496,2317132.979020979,25165824.0,90368186.18181819,981467136.0,-891098949.8181819,11
vram1024_host4096,5120,8,429,3432,528,313,215,2904,0.15384615384615385,0.15384615384615385,ornith_t2,next_layer,cond_perlayer,set,6291456,1969225728,1352663040,18270388224,21592276992,4590269.762237762,50331648.0,179020520.72727272,1962934272.0,-1783913751.2727273,11
vram1024_host4096,5120,16,429,6864,738,426,312,6126,0.10751748251748251,0.21503496503496503,ornith_t2,next_layer,cond_perlayer,set,6291456,2680160256,1962934272,38541459456,43184553984,6247459.8041958045,100663296.0,243650932.36363637,3925868544.0,-3682217611.6363635,11
always_cold,0,4,429,10646,770,381,389,9876,0.07232763479241029,0.22435897435897437,ornith_t2,next_layer,cond_perlayer,src,6291456,2397044736,2447376384,62134419456,66978840576,5587516.867132867,156127833.51048952,217913157.8181818,6088985506.909091,-5871072349.090909,11
always_cold,0,8,429,20014,1217,611,606,18797,0.06080743479564305,0.3546037296037296,ornith_t2,next_layer,cond_perlayer,src,6291456,3844079616,3812622336,118260498432,125917200384,8960558.545454545,293513287.6083916,349461783.27272725,11447018216.727272,-11097556433.454546,11
always_cold,0,16,429,36096,1695,844,851,34401,0.04695811170212766,0.4938811188811189,ornith_t2,next_layer,cond_perlayer,src,6291456,5309988864,5354029056,216432377856,227096395776,12377596.41958042,529362227.91608393,482726260.3636364,20645126888.727272,-20162400628.363636,11
vram281_host682,963,4,429,10646,770,397,373,9876,0.07232763479241029,0.22435897435897437,ornith_t2,next_layer,cond_perlayer,src,6291456,2497708032,2346713088,62134419456,66978840576,5822163.244755245,156127833.51048952,227064366.54545453,6088985506.909091,-5861921140.363636,11
vram281_host682,963,8,429,20014,1217,635,582,18797,0.06080743479564305,0.3546037296037296,ornith_t2,next_layer,cond_perlayer,src,6291456,3995074560,3661627392,118260498432,125917200384,9312528.111888113,293513287.6083916,363188596.3636364,11447018216.727272,-11083829620.363636,11
vram281_host682,963,16,429,36096,1695,878,817,34401,0.04695811170212766,0.4938811188811189,ornith_t2,next_layer,cond_perlayer,src,6291456,5523898368,5140119552,216432377856,227096395776,12876219.972027972,529362227.91608393,502172578.90909094,20645126888.727272,-20142954309.81818,11
vram1024_host4096,5120,4,429,10646,770,381,389,9876,0.07232763479241029,0.22435897435897437,ornith_t2,next_layer,cond_perlayer,src,6291456,2397044736,2447376384,62134419456,66978840576,5587516.867132867,156127833.51048952,217913157.8181818,6088985506.909091,-5871072349.090909,11
vram1024_host4096,5120,8,429,20014,1217,611,606,18797,0.06080743479564305,0.3546037296037296,ornith_t2,next_layer,cond_perlayer,src,6291456,3844079616,3812622336,118260498432,125917200384,8960558.545454545,293513287.6083916,349461783.27272725,11447018216.727272,-11097556433.454546,11
vram1024_host4096,5120,16,429,36096,1695,844,851,34401,0.04695811170212766,0.4938811188811189,ornith_t2,next_layer,cond_perlayer,src,6291456,5309988864,5354029056,216432377856,227096395776,12377596.41958042,529362227.91608393,482726260.3636364,20645126888.727272,-20162400628.363636,11
always_cold,0,4,429,1716,51,21,30,1665,0.02972027972027972,0.01486013986013986,ornith_t2,next_layer,logreg_pairwise,set,6291456,132120576,188743680,10475274240,10796138496,307973.3706293706,25165824.0,12010961.454545455,981467136.0,-969456174.5454545,11
always_cold,0,8,429,3432,94,40,54,3338,0.027389277389277388,0.027389277389277388,ornith_t2,next_layer,logreg_pairwise,set,6291456,251658240,339738624,21000880128,21592276992,586615.9440559441,50331648.0,22878021.818181816,1962934272.0,-1940056250.1818182,11
always_cold,0,16,429,6864,195,92,103,6669,0.028409090909090908,0.056818181818181816,ornith_t2,next_layer,logreg_pairwise,set,6291456,578813952,648019968,41957720064,43184553984,1349216.6713286713,100663296.0,52619450.18181818,3925868544.0,-3873249093.818182,11
vram281_host682,963,4,429,1716,51,23,28,1665,0.02972027972027972,0.01486013986013986,ornith_t2,next_layer,logreg_pairwise,set,6291456,144703488,176160768,10475274240,10796138496,337304.1678321678,25165824.0,13154862.545454545,981467136.0,-968312273.4545455,11
vram281_host682,963,8,429,3432,94,42,52,3338,0.027389277389277388,0.027389277389277388,ornith_t2,next_layer,logreg_pairwise,set,6291456,264241152,327155712,21000880128,21592276992,615946.7412587412,50331648.0,24021922.90909091,1962934272.0,-1938912349.090909,11
vram281_host682,963,16,429,6864,195,96,99,6669,0.028409090909090908,0.056818181818181816,ornith_t2,next_layer,logreg_pairwise,set,6291456,603979776,622854144,41957720064,43184553984,1407878.2657342658,100663296.0,54907252.36363637,3925868544.0,-3870961291.6363635,11
vram1024_host4096,5120,4,429,1716,51,21,30,1665,0.02972027972027972,0.01486013986013986,ornith_t2,next_layer,logreg_pairwise,set,6291456,132120576,188743680,10475274240,10796138496,307973.3706293706,25165824.0,12010961.454545455,981467136.0,-969456174.5454545,11
vram1024_host4096,5120,8,429,3432,94,40,54,3338,0.027389277389277388,0.027389277389277388,ornith_t2,next_layer,logreg_pairwise,set,6291456,251658240,339738624,21000880128,21592276992,586615.9440559441,50331648.0,22878021.818181816,1962934272.0,-1940056250.1818182,11
vram1024_host4096,5120,16,429,6864,195,92,103,6669,0.028409090909090908,0.056818181818181816,ornith_t2,next_layer,logreg_pairwise,set,6291456,578813952,648019968,41957720064,43184553984,1349216.6713286713,100663296.0,52619450.18181818,3925868544.0,-3873249093.818182,11
always_cold,0,4,429,2774,76,42,34,2698,0.0273972602739726,0.022144522144522144,ornith_t2,next_layer,logreg_pairwise,src,6291456,264241152,213909504,16974348288,17452498944,615946.7412587412,40681815.72027972,24021922.90909091,1586590813.090909,-1562568890.1818182,11
always_cold,0,8,429,5409,182,99,83,5227,0.03364762432982067,0.05303030303030303,ornith_t2,next_layer,logreg_pairwise,src,6291456,622854144,522190848,32885440512,34030485504,1451874.4615384615,79325141.03496504,56623104.0,3093680500.3636365,-3037057396.3636365,11
always_cold,0,16,429,10415,355,182,173,10060,0.03408545367258761,0.10343822843822843,ornith_t2,next_layer,logreg_pairwise,src,6291456,1145044992,1088421888,63292047360,65525514240,2669102.5454545454,152740126.43356642,104094999.27272727,5956864930.909091,-5852769931.636364,11
vram281_host682,963,4,429,2774,76,43,33,2698,0.0273972602739726,0.022144522144522144,ornith_t2,next_layer,logreg_pairwise,src,6291456,270532608,207618048,16974348288,17452498944,630612.1398601398,40681815.72027972,24593873.454545453,1586590813.090909,-1561996939.6363637,11
vram281_host682,963,8,429,5409,182,103,79,5227,0.03364762432982067,0.05303030303030303,ornith_t2,next_layer,logreg_pairwise,src,6291456,648019968,497025024,32885440512,34030485504,1510536.055944056,79325141.03496504,58910906.18181818,3093680500.3636365,-3034769594.181818,11
vram281_host682,963,16,429,10415,355,189,166,10060,0.03408545367258761,0.10343822843822843,ornith_t2,next_layer,logreg_pairwise,src,6291456,1189085184,1044381696,63292047360,65525514240,2771760.3356643356,152740126.43356642,108098653.0909091,5956864930.909091,-5848766277.818182,11
vram1024_host4096,5120,4,429,2774,76,42,34,2698,0.0273972602739726,0.022144522144522144,ornith_t2,next_layer,logreg_pairwise,src,6291456,264241152,213909504,16974348288,17452498944,615946.7412587412,40681815.72027972,24021922.90909091,1586590813.090909,-1562568890.1818182,11
vram1024_host4096,5120,8,429,5409,182,99,83,5227,0.03364762432982067,0.05303030303030303,ornith_t2,next_layer,logreg_pairwise,src,6291456,622854144,522190848,32885440512,34030485504,1451874.4615384615,79325141.03496504,56623104.0,3093680500.3636365,-3037057396.3636365,11
vram1024_host4096,5120,16,429,10415,355,182,173,10060,0.03408545367258761,0.10343822843822843,ornith_t2,next_layer,logreg_pairwise,src,6291456,1145044992,1088421888,63292047360,65525514240,2669102.5454545454,152740126.43356642,104094999.27272727,5956864930.909091,-5852769931.636364,11
always_cold,0,4,429,1716,308,200,108,1408,0.1794871794871795,0.08974358974358974,ornith_t2,next_layer,mlp_set,set,6291456,1258291200,679477248,8858370048,10796138496,2933079.72027972,25165824.0,114390109.0909091,981467136.0,-867077026.9090909,11
always_cold,0,8,429,3432,531,350,181,2901,0.1547202797202797,0.1547202797202797,ornith_t2,next_layer,mlp_set,set,6291456,2202009600,1138753536,18251513856,21592276992,5132889.51048951,50331648.0,200182690.9090909,1962934272.0,-1762751581.090909,11
always_cold,0,16,429,6864,692,424,268,6172,0.10081585081585082,0.20163170163170163,ornith_t2,next_layer,mlp_set,set,6291456,2667577344,1686110208,38830866432,43184553984,6218129.006993007,100663296.0,242507031.27272728,3925868544.0,-3683361512.7272725,11
vram281_host682,963,4,429,1716,308,204,104,1408,0.1794871794871795,0.08974358974358974,ornith_t2,next_layer,mlp_set,set,6291456,1283457024,654311424,8858370048,10796138496,2991741.314685315,25165824.0,116677911.27272727,981467136.0,-864789224.7272727,11
vram281_host682,963,8,429,3432,531,358,173,2901,0.1547202797202797,0.1547202797202797,ornith_t2,next_layer,mlp_set,set,6291456,2252341248,1088421888,18251513856,21592276992,5250212.699300699,50331648.0,204758295.27272728,1962934272.0,-1758175976.7272727,11
vram281_host682,963,16,429,6864,692,441,251,6172,0.10081585081585082,0.20163170163170163,ornith_t2,next_layer,mlp_set,set,6291456,2774532096,1579155456,38830866432,43184553984,6467440.783216783,100663296.0,252230190.54545453,3925868544.0,-3673638353.4545455,11
vram1024_host4096,5120,4,429,1716,308,200,108,1408,0.1794871794871795,0.08974358974358974,ornith_t2,next_layer,mlp_set,set,6291456,1258291200,679477248,8858370048,10796138496,2933079.72027972,25165824.0,114390109.0909091,981467136.0,-867077026.9090909,11
vram1024_host4096,5120,8,429,3432,531,350,181,2901,0.1547202797202797,0.1547202797202797,ornith_t2,next_layer,mlp_set,set,6291456,2202009600,1138753536,18251513856,21592276992,5132889.51048951,50331648.0,200182690.9090909,1962934272.0,-1762751581.090909,11
vram1024_host4096,5120,16,429,6864,692,424,268,6172,0.10081585081585082,0.20163170163170163,ornith_t2,next_layer,mlp_set,set,6291456,2667577344,1686110208,38830866432,43184553984,6218129.006993007,100663296.0,242507031.27272728,3925868544.0,-3683361512.7272725,11
always_cold,0,4,429,3294,434,280,154,2860,0.13175470552519733,0.12645687645687645,ornith_t2,next_layer,mlp_set,src,6291456,1761607680,968884224,17993564160,20724056064,4106311.6083916086,48307822.99300699,160146152.72727272,1884005096.7272727,-1723858944.0,11
always_cold,0,8,429,6039,634,396,238,5405,0.10498426891869515,0.18473193473193472,ornith_t2,next_layer,mlp_set,src,6291456,2491416576,1497366528,34005319680,37994102784,5807497.846153846,88564342.15384616,226492416.0,3454009344.0,-3227516928.0,11
always_cold,0,16,429,11380,871,499,372,10509,0.0765377855887522,0.2537878787878788,ornith_t2,next_layer,mlp_set,src,6291456,3139436544,2340421632,66116911104,71596769280,7318033.902097902,166892236.0839161,285403322.1818182,6508797207.272727,-6223393885.090909,11
vram281_host682,963,4,429,3294,434,289,145,2860,0.13175470552519733,0.12645687645687645,ornith_t2,next_layer,mlp_set,src,6291456,1818230784,912261120,17993564160,20724056064,4238300.1958041955,48307822.99300699,165293707.63636363,1884005096.7272727,-1718711389.090909,11
vram281_host682,963,8,429,6039,634,412,222,5405,0.10498426891869515,0.18473193473193472,ornith_t2,next_layer,mlp_set,src,6291456,2592079872,1396703232,34005319680,37994102784,6042144.223776224,88564342.15384616,235643624.72727272,3454009344.0,-3218365719.2727275,11
vram281_host682,963,16,429,11380,871,521,350,10509,0.0765377855887522,0.2537878787878788,ornith_t2,next_layer,mlp_set,src,6291456,3277848576,2202009600,66116911104,71596769280,7640672.671328671,166892236.0839161,297986234.1818182,6508797207.272727,-6210810973.090909,11
vram1024_host4096,5120,4,429,3294,434,280,154,2860,0.13175470552519733,0.12645687645687645,ornith_t2,next_layer,mlp_set,src,6291456,1761607680,968884224,17993564160,20724056064,4106311.6083916086,48307822.99300699,160146152.72727272,1884005096.7272727,-1723858944.0,11
vram1024_host4096,5120,8,429,6039,634,396,238,5405,0.10498426891869515,0.18473193473193472,ornith_t2,next_layer,mlp_set,src,6291456,2491416576,1497366528,34005319680,37994102784,5807497.846153846,88564342.15384616,226492416.0,3454009344.0,-3227516928.0,11
vram1024_host4096,5120,16,429,11380,871,499,372,10509,0.0765377855887522,0.2537878787878788,ornith_t2,next_layer,mlp_set,src,6291456,3139436544,2340421632,66116911104,71596769280,7318033.902097902,166892236.0839161,285403322.1818182,6508797207.272727,-6223393885.090909,11
always_cold,0,4,429,1716,258,162,96,1458,0.15034965034965034,0.07517482517482517,ornith_t2,next_layer,xlayer_bag,set,6291456,1019215872,603979776,9172942848,10796138496,2375794.5734265735,25165824.0,92655988.36363636,981467136.0,-888811147.6363636,11
always_cold,0,8,429,3432,450,299,151,2982,0.13111888111888112,0.13111888111888112,ornith_t2,next_layer,xlayer_bag,set,6291456,1881145344,950009856,18761121792,21592276992,4384954.181818182,50331648.0,171013213.0909091,1962934272.0,-1791921058.909091,11
always_cold,0,16,429,6864,628,382,246,6236,0.09149184149184149,0.18298368298368298,ornith_t2,next_layer,xlayer_bag,set,6291456,2403336192,1547698176,39233519616,43184553984,5602182.265734266,100663296.0,218485108.36363637,3925868544.0,-3707383435.6363635,11
vram281_host682,963,4,429,1716,258,167,91,1458,0.15034965034965034,0.07517482517482517,ornith_t2,next_layer,xlayer_bag,set,6291456,1050673152,572522496,9172942848,10796138496,2449121.5664335666,25165824.0,95515741.0909091,981467136.0,-885951394.9090909,11
vram281_host682,963,8,429,3432,450,306,144,2982,0.13111888111888112,0.13111888111888112,ornith_t2,next_layer,xlayer_bag,set,6291456,1925185536,905969664,18761121792,21592276992,4487611.972027972,50331648.0,175016866.9090909,1962934272.0,-1787917405.090909,11
vram281_host682,963,16,429,6864,628,393,235,6236,0.09149184149184149,0.18298368298368298,ornith_t2,next_layer,xlayer_bag,set,6291456,2472542208,1478492160,39233519616,43184553984,5763501.6503496505,100663296.0,224776564.36363637,3925868544.0,-3701091979.6363635,11
vram1024_host4096,5120,4,429,1716,258,162,96,1458,0.15034965034965034,0.07517482517482517,ornith_t2,next_layer,xlayer_bag,set,6291456,1019215872,603979776,9172942848,10796138496,2375794.5734265735,25165824.0,92655988.36363636,981467136.0,-888811147.6363636,11
vram1024_host4096,5120,8,429,3432,450,299,151,2982,0.13111888111888112,0.13111888111888112,ornith_t2,next_layer,xlayer_bag,set,6291456,1881145344,950009856,18761121792,21592276992,4384954.181818182,50331648.0,171013213.0909091,1962934272.0,-1791921058.909091,11
vram1024_host4096,5120,16,429,6864,628,382,246,6236,0.09149184149184149,0.18298368298368298,ornith_t2,next_layer,xlayer_bag,set,6291456,2403336192,1547698176,39233519616,43184553984,5602182.265734266,100663296.0,218485108.36363637,3925868544.0,-3707383435.6363635,11
always_cold,0,4,429,9863,655,394,261,9208,0.06640981445807563,0.19085081585081584,ornith_t2,next_layer,xlayer_bag,src,6291456,2478833664,1642070016,57931726848,62052630528,5778167.048951049,144644826.4055944,225348514.9090909,5641148229.818182,-5415799714.909091,11
always_cold,0,8,429,17653,972,549,423,16681,0.05506146264091089,0.28321678321678323,ornith_t2,next_layer,xlayer_bag,src,6291456,3454009344,2661285888,104947777536,111063072768,8051303.832167832,258888281.51048952,314000849.45454544,10096642978.90909,-9782642129.454546,11
always_cold,0,16,429,30609,1388,740,648,29221,0.0453461400241759,0.40442890442890445,ornith_t2,next_layer,xlayer_bag,src,6291456,4655677440,4076863488,183842635776,192575176704,10852394.965034965,448893185.7902098,423243403.6363636,17506834245.81818,-17083590842.181818,11
vram281_host682,963,4,429,9863,655,404,251,9208,0.06640981445807563,0.19085081585081584,ornith_t2,next_layer,xlayer_bag,src,6291456,2541748224,1579155456,57931726848,62052630528,5924821.034965035,144644826.4055944,231068020.36363637,5641148229.818182,-5410080209.454545,11
vram281_host682,963,8,429,17653,972,566,406,16681,0.05506146264091089,0.28321678321678323,ornith_t2,next_layer,xlayer_bag,src,6291456,3560964096,2554331136,104947777536,111063072768,8300615.608391608,258888281.51048952,323724008.72727275,10096642978.90909,-9772918970.181818,11
vram281_host682,963,16,429,30609,1388,767,621,29221,0.0453461400241759,0.40442890442890445,ornith_t2,next_layer,xlayer_bag,src,6291456,4825546752,3906994176,183842635776,192575176704,11248360.727272727,448893185.7902098,438686068.3636364,17506834245.81818,-17068148177.454546,11
vram1024_host4096,5120,4,429,9863,655,394,261,9208,0.06640981445807563,0.19085081585081584,ornith_t2,next_layer,xlayer_bag,src,6291456,2478833664,1642070016,57931726848,62052630528,5778167.048951049,144644826.4055944,225348514.9090909,5641148229.818182,-5415799714.909091,11
vram1024_host4096,5120,8,429,17653,972,549,423,16681,0.05506146264091089,0.28321678321678323,ornith_t2,next_layer,xlayer_bag,src,6291456,3454009344,2661285888,104947777536,111063072768,8051303.832167832,258888281.51048952,314000849.45454544,10096642978.90909,-9782642129.454546,11
vram1024_host4096,5120,16,429,30609,1388,740,648,29221,0.0453461400241759,0.40442890442890445,ornith_t2,next_layer,xlayer_bag,src,6291456,4655677440,4076863488,183842635776,192575176704,10852394.965034965,448893185.7902098,423243403.6363636,17506834245.81818,-17083590842.181818,11
always_cold,0,4,400,1600,271,94,177,1329,0.169375,0.0846875,ornith_t2,next_step,popularity,set,6291456,591396864,1113587712,8361345024,10066329600,1478492.16,25165824.0,59139686.4,1006632960.0,-947493273.6,10
always_cold,0,8,400,3200,413,143,270,2787,0.1290625,0.1290625,ornith_t2,next_step,popularity,set,6291456,899678208,1698693120,17534287872,20132659200,2249195.52,50331648.0,89967820.8,2013265920.0,-1923298099.2,10
always_cold,0,16,400,6400,603,259,344,5797,0.09421875,0.1884375,ornith_t2,next_step,popularity,set,6291456,1629487104,2164260864,36471570432,40265318400,4073717.76,100663296.0,162948710.4,4026531840.0,-3863583129.6,10
vram281_host682,963,4,400,1600,271,99,172,1329,0.169375,0.0846875,ornith_t2,next_step,popularity,set,6291456,622854144,1082130432,8361345024,10066329600,1557135.36,25165824.0,62285414.4,1006632960.0,-944347545.6,10
vram281_host682,963,8,400,3200,413,150,263,2787,0.1290625,0.1290625,ornith_t2,next_step,popularity,set,6291456,943718400,1654652928,17534287872,20132659200,2359296.0,50331648.0,94371840.0,2013265920.0,-1918894080.0,10
vram281_host682,963,16,400,6400,603,268,335,5797,0.09421875,0.1884375,ornith_t2,next_step,popularity,set,6291456,1686110208,2107637760,36471570432,40265318400,4215275.52,100663296.0,168611020.8,4026531840.0,-3857920819.2,10
vram1024_host4096,5120,4,400,1600,271,94,177,1329,0.169375,0.0846875,ornith_t2,next_step,popularity,set,6291456,591396864,1113587712,8361345024,10066329600,1478492.16,25165824.0,59139686.4,1006632960.0,-947493273.6,10
vram1024_host4096,5120,8,400,3200,413,143,270,2787,0.1290625,0.1290625,ornith_t2,next_step,popularity,set,6291456,899678208,1698693120,17534287872,20132659200,2249195.52,50331648.0,89967820.8,2013265920.0,-1923298099.2,10
vram1024_host4096,5120,16,400,6400,603,259,344,5797,0.09421875,0.1884375,ornith_t2,next_step,popularity,set,6291456,1629487104,2164260864,36471570432,40265318400,4073717.76,100663296.0,162948710.4,4026531840.0,-3863583129.6,10
always_cold,0,4,400,1600,271,94,177,1329,0.169375,0.0846875,ornith_t2,next_step,popularity,src,6291456,591396864,1113587712,8361345024,10066329600,1478492.16,25165824.0,59139686.4,1006632960.0,-947493273.6,10
always_cold,0,8,400,3200,413,143,270,2787,0.1290625,0.1290625,ornith_t2,next_step,popularity,src,6291456,899678208,1698693120,17534287872,20132659200,2249195.52,50331648.0,89967820.8,2013265920.0,-1923298099.2,10
always_cold,0,16,400,6400,603,259,344,5797,0.09421875,0.1884375,ornith_t2,next_step,popularity,src,6291456,1629487104,2164260864,36471570432,40265318400,4073717.76,100663296.0,162948710.4,4026531840.0,-3863583129.6,10
vram281_host682,963,4,400,1600,271,99,172,1329,0.169375,0.0846875,ornith_t2,next_step,popularity,src,6291456,622854144,1082130432,8361345024,10066329600,1557135.36,25165824.0,62285414.4,1006632960.0,-944347545.6,10
vram281_host682,963,8,400,3200,413,150,263,2787,0.1290625,0.1290625,ornith_t2,next_step,popularity,src,6291456,943718400,1654652928,17534287872,20132659200,2359296.0,50331648.0,94371840.0,2013265920.0,-1918894080.0,10
vram281_host682,963,16,400,6400,603,268,335,5797,0.09421875,0.1884375,ornith_t2,next_step,popularity,src,6291456,1686110208,2107637760,36471570432,40265318400,4215275.52,100663296.0,168611020.8,4026531840.0,-3857920819.2,10
vram1024_host4096,5120,4,400,1600,271,94,177,1329,0.169375,0.0846875,ornith_t2,next_step,popularity,src,6291456,591396864,1113587712,8361345024,10066329600,1478492.16,25165824.0,59139686.4,1006632960.0,-947493273.6,10
vram1024_host4096,5120,8,400,3200,413,143,270,2787,0.1290625,0.1290625,ornith_t2,next_step,popularity,src,6291456,899678208,1698693120,17534287872,20132659200,2249195.52,50331648.0,89967820.8,2013265920.0,-1923298099.2,10
vram1024_host4096,5120,16,400,6400,603,259,344,5797,0.09421875,0.1884375,ornith_t2,next_step,popularity,src,6291456,1629487104,2164260864,36471570432,40265318400,4073717.76,100663296.0,162948710.4,4026531840.0,-3863583129.6,10
always_cold,0,4,400,1600,169,63,106,1431,0.105625,0.0528125,ornith_t2,next_step,cond_pooled,set,6291456,396361728,666894336,9003073536,10066329600,990904.32,25165824.0,39636172.8,1006632960.0,-966996787.2,10
always_cold,0,8,400,3200,300,102,198,2900,0.09375,0.09375,ornith_t2,next_step,cond_pooled,set,6291456,641728512,1245708288,18245222400,20132659200,1604321.28,50331648.0,64172851.2,2013265920.0,-1949093068.8,10
always_cold,0,16,400,6400,486,154,332,5914,0.0759375,0.151875,ornith_t2,next_step,cond_pooled,set,6291456,968884224,2088763392,37207670784,40265318400,2422210.56,100663296.0,96888422.4,4026531840.0,-3929643417.6,10
vram281_host682,963,4,400,1600,169,64,105,1431,0.105625,0.0528125,ornith_t2,next_step,cond_pooled,set,6291456,402653184,660602880,9003073536,10066329600,1006632.96,25165824.0,40265318.4,1006632960.0,-966367641.6,10
vram281_host682,963,8,400,3200,300,104,196,2900,0.09375,0.09375,ornith_t2,next_step,cond_pooled,set,6291456,654311424,1233125376,18245222400,20132659200,1635778.56,50331648.0,65431142.4,2013265920.0,-1947834777.6,10
vram281_host682,963,16,400,6400,486,158,328,5914,0.0759375,0.151875,ornith_t2,next_step,cond_pooled,set,6291456,994050048,2063597568,37207670784,40265318400,2485125.12,100663296.0,99405004.8,4026531840.0,-3927126835.2,10
vram1024_host4096,5120,4,400,1600,169,63,106,1431,0.105625,0.0528125,ornith_t2,next_step,cond_pooled,set,6291456,396361728,666894336,9003073536,10066329600,990904.32,25165824.0,39636172.8,1006632960.0,-966996787.2,10
vram1024_host4096,5120,8,400,3200,300,102,198,2900,0.09375,0.09375,ornith_t2,next_step,cond_pooled,set,6291456,641728512,1245708288,18245222400,20132659200,1604321.28,50331648.0,64172851.2,2013265920.0,-1949093068.8,10
vram1024_host4096,5120,16,400,6400,486,154,332,5914,0.0759375,0.151875,ornith_t2,next_step,cond_pooled,set,6291456,968884224,2088763392,37207670784,40265318400,2422210.56,100663296.0,96888422.4,4026531840.0,-3929643417.6,10
always_cold,0,4,400,10332,725,202,523,9607,0.07017034456058846,0.2265625,ornith_t2,next_step,cond_pooled,src,6291456,1270874112,3290431488,60442017792,65003323392,3177185.28,162508308.48,127087411.2,6500332339.2,-6373244928.0,10
always_cold,0,8,400,19363,1021,339,682,18342,0.05272943242266178,0.3190625,ornith_t2,next_step,cond_pooled,src,6291456,2132803584,4290772992,115397885952,121821462528,5332008.96,304553656.32,213280358.4,12182146252.8,-11968865894.4,10
always_cold,0,16,400,34147,1500,562,938,32647,0.0439277242510323,0.46875,ornith_t2,next_step,cond_pooled,src,6291456,3535798272,5901385728,205397164032,214834348032,8839495.68,537085870.08,353579827.2,21483434803.2,-21129854976.0,10
vram281_host682,963,4,400,10332,725,209,516,9607,0.07017034456058846,0.2265625,ornith_t2,next_step,cond_pooled,src,6291456,1314914304,3246391296,60442017792,65003323392,3287285.76,162508308.48,131491430.4,6500332339.2,-6368840908.8,10
vram281_host682,963,8,400,19363,1021,351,670,18342,0.05272943242266178,0.3190625,ornith_t2,next_step,cond_pooled,src,6291456,2208301056,4215275520,115397885952,121821462528,5520752.64,304553656.32,220830105.6,12182146252.8,-11961316147.2,10
vram281_host682,963,16,400,34147,1500,580,920,32647,0.0439277242510323,0.46875,ornith_t2,next_step,cond_pooled,src,6291456,3649044480,5788139520,205397164032,214834348032,9122611.2,537085870.08,364904448.0,21483434803.2,-21118530355.2,10
vram1024_host4096,5120,4,400,10332,725,202,523,9607,0.07017034456058846,0.2265625,ornith_t2,next_step,cond_pooled,src,6291456,1270874112,3290431488,60442017792,65003323392,3177185.28,162508308.48,127087411.2,6500332339.2,-6373244928.0,10
vram1024_host4096,5120,8,400,19363,1021,339,682,18342,0.05272943242266178,0.3190625,ornith_t2,next_step,cond_pooled,src,6291456,2132803584,4290772992,115397885952,121821462528,5332008.96,304553656.32,213280358.4,12182146252.8,-11968865894.4,10
vram1024_host4096,5120,16,400,34147,1500,562,938,32647,0.0439277242510323,0.46875,ornith_t2,next_step,cond_pooled,src,6291456,3535798272,5901385728,205397164032,214834348032,8839495.68,537085870.08,353579827.2,21483434803.2,-21129854976.0,10
always_cold,0,4,400,1600,182,63,119,1418,0.11375,0.056875,ornith_t2,next_step,cond_perlayer,set,6291456,396361728,748683264,8921284608,10066329600,990904.32,25165824.0,39636172.8,1006632960.0,-966996787.2,10
always_cold,0,8,400,3200,348,126,222,2852,0.10875,0.10875,ornith_t2,next_step,cond_perlayer,set,6291456,792723456,1396703232,17943232512,20132659200,1981808.64,50331648.0,79272345.6,2013265920.0,-1933993574.4,10
always_cold,0,16,400,6400,551,193,358,5849,0.08609375,0.1721875,ornith_t2,next_step,cond_perlayer,set,6291456,1214251008,2252341248,36798726144,40265318400,3035627.52,100663296.0,121425100.8,4026531840.0,-3905106739.2,10
vram281_host682,963,4,400,1600,182,67,115,1418,0.11375,0.056875,ornith_t2,next_step,cond_perlayer,set,6291456,421527552,723517440,8921284608,10066329600,1053818.88,25165824.0,42152755.2,1006632960.0,-964480204.8,10
vram281_host682,963,8,400,3200,348,131,217,2852,0.10875,0.10875,ornith_t2,next_step,cond_perlayer,set,6291456,824180736,1365245952,17943232512,20132659200,2060451.84,50331648.0,82418073.6,2013265920.0,-1930847846.4,10
vram281_host682,963,16,400,6400,551,199,352,5849,0.08609375,0.1721875,ornith_t2,next_step,cond_perlayer,set,6291456,1251999744,2214592512,36798726144,40265318400,3129999.36,100663296.0,125199974.4,4026531840.0,-3901331865.6,10
vram1024_host4096,5120,4,400,1600,182,63,119,1418,0.11375,0.056875,ornith_t2,next_step,cond_perlayer,set,6291456,396361728,748683264,8921284608,10066329600,990904.32,25165824.0,39636172.8,1006632960.0,-966996787.2,10
vram1024_host4096,5120,8,400,3200,348,126,222,2852,0.10875,0.10875,ornith_t2,next_step,cond_perlayer,set,6291456,792723456,1396703232,17943232512,20132659200,1981808.64,50331648.0,79272345.6,2013265920.0,-1933993574.4,10
vram1024_host4096,5120,16,400,6400,551,193,358,5849,0.08609375,0.1721875,ornith_t2,next_step,cond_perlayer,set,6291456,1214251008,2252341248,36798726144,40265318400,3035627.52,100663296.0,121425100.8,4026531840.0,-3905106739.2,10
always_cold,0,4,400,9457,745,213,532,8712,0.07877762503965317,0.2328125,ornith_t2,next_step,cond_perlayer,src,6291456,1340080128,3347054592,54811164672,59498299392,3350200.32,148745748.48,134008012.8,5949829939.2,-5815821926.4,10
always_cold,0,8,400,17600,1064,338,726,16536,0.060454545454545455,0.3325,ornith_t2,next_step,cond_perlayer,src,6291456,2126512128,4567597056,104035516416,110729625600,5316280.32,276824064.0,212651212.8,11072962560.0,-10860311347.2,10
always_cold,0,16,400,32487,1549,573,976,30938,0.04768061070582079,0.4840625,ornith_t2,next_step,cond_perlayer,src,6291456,3605004288,6140461056,194645065728,204390531072,9012510.72,510976327.68,360500428.8,20439053107.2,-20078552678.4,10
vram281_host682,963,4,400,9457,745,222,523,8712,0.07877762503965317,0.2328125,ornith_t2,next_step,cond_perlayer,src,6291456,1396703232,3290431488,54811164672,59498299392,3491758.08,148745748.48,139670323.2,5949829939.2,-5810159616.0,10
vram281_host682,963,8,400,17600,1064,351,713,16536,0.060454545454545455,0.3325,ornith_t2,next_step,cond_perlayer,src,6291456,2208301056,4485808128,104035516416,110729625600,5520752.64,276824064.0,220830105.6,11072962560.0,-10852132454.4,10
vram281_host682,963,16,400,32487,1549,592,957,30938,0.04768061070582079,0.4840625,ornith_t2,next_step,cond_perlayer,src,6291456,3724541952,6020923392,194645065728,204390531072,9311354.88,510976327.68,372454195.2,20439053107.2,-20066598912.0,10
vram1024_host4096,5120,4,400,9457,745,213,532,8712,0.07877762503965317,0.2328125,ornith_t2,next_step,cond_perlayer,src,6291456,1340080128,3347054592,54811164672,59498299392,3350200.32,148745748.48,134008012.8,5949829939.2,-5815821926.4,10
vram1024_host4096,5120,8,400,17600,1064,338,726,16536,0.060454545454545455,0.3325,ornith_t2,next_step,cond_perlayer,src,6291456,2126512128,4567597056,104035516416,110729625600,5316280.32,276824064.0,212651212.8,11072962560.0,-10860311347.2,10
vram1024_host4096,5120,16,400,32487,1549,573,976,30938,0.04768061070582079,0.4840625,ornith_t2,next_step,cond_perlayer,src,6291456,3605004288,6140461056,194645065728,204390531072,9012510.72,510976327.68,360500428.8,20439053107.2,-20078552678.4,10
always_cold,0,4,400,1600,40,19,21,1560,0.025,0.0125,ornith_t2,next_step,logreg_pairwise,set,6291456,119537664,132120576,9814671360,10066329600,298844.16,25165824.0,11953766.4,1006632960.0,-994679193.6,10
always_cold,0,8,400,3200,97,42,55,3103,0.0303125,0.0303125,ornith_t2,next_step,logreg_pairwise,set,6291456,264241152,346030080,19522387968,20132659200,660602.88,50331648.0,26424115.2,2013265920.0,-1986841804.8,10
always_cold,0,16,400,6400,192,87,105,6208,0.03,0.06,ornith_t2,next_step,logreg_pairwise,set,6291456,547356672,660602880,39057358848,40265318400,1368391.68,100663296.0,54735667.2,4026531840.0,-3971796172.8,10
vram281_host682,963,4,400,1600,40,20,20,1560,0.025,0.0125,ornith_t2,next_step,logreg_pairwise,set,6291456,125829120,125829120,9814671360,10066329600,314572.8,25165824.0,12582912.0,1006632960.0,-994050048.0,10
vram281_host682,963,8,400,3200,97,43,54,3103,0.0303125,0.0303125,ornith_t2,next_step,logreg_pairwise,set,6291456,270532608,339738624,19522387968,20132659200,676331.52,50331648.0,27053260.8,2013265920.0,-1986212659.2,10
vram281_host682,963,16,400,6400,192,91,101,6208,0.03,0.06,ornith_t2,next_step,logreg_pairwise,set,6291456,572522496,635437056,39057358848,40265318400,1431306.24,100663296.0,57252249.6,4026531840.0,-3969279590.4,10
vram1024_host4096,5120,4,400,1600,40,19,21,1560,0.025,0.0125,ornith_t2,next_step,logreg_pairwise,set,6291456,119537664,132120576,9814671360,10066329600,298844.16,25165824.0,11953766.4,1006632960.0,-994679193.6,10
vram1024_host4096,5120,8,400,3200,97,42,55,3103,0.0303125,0.0303125,ornith_t2,next_step,logreg_pairwise,set,6291456,264241152,346030080,19522387968,20132659200,660602.88,50331648.0,26424115.2,2013265920.0,-1986841804.8,10
vram1024_host4096,5120,16,400,6400,192,87,105,6208,0.03,0.06,ornith_t2,next_step,logreg_pairwise,set,6291456,547356672,660602880,39057358848,40265318400,1368391.68,100663296.0,54735667.2,4026531840.0,-3971796172.8,10
always_cold,0,4,400,2353,71,31,40,2282,0.030174245643858903,0.0221875,ornith_t2,next_step,logreg_pairwise,src,6291456,195035136,251658240,14357102592,14803795968,487587.84,37009489.92,19503513.6,1480379596.8,-1460876083.2,10
always_cold,0,8,400,4693,154,70,84,4539,0.03281483059876412,0.048125,ornith_t2,next_step,logreg_pairwise,src,6291456,440401920,528482304,28556918784,29525803008,1101004.8,73814507.52,44040192.0,2952580300.8,-2908540108.8,10
always_cold,0,16,400,8813,283,137,146,8530,0.03211165323953251,0.0884375,ornith_t2,next_step,logreg_pairwise,src,6291456,861929472,918552576,53666119680,55446601728,2154823.68,138616504.32,86192947.2,5544660172.8,-5458467225.6,10
vram281_host682,963,4,400,2353,71,34,37,2282,0.030174245643858903,0.0221875,ornith_t2,next_step,logreg_pairwise,src,6291456,213909504,232783872,14357102592,14803795968,534773.76,37009489.92,21390950.4,1480379596.8,-1458988646.4,10
vram281_host682,963,8,400,4693,154,75,79,4539,0.03281483059876412,0.048125,ornith_t2,next_step,logreg_pairwise,src,6291456,471859200,497025024,28556918784,29525803008,1179648.0,73814507.52,47185920.0,2952580300.8,-2905394380.8,10
vram281_host682,963,16,400,8813,283,144,139,8530,0.03211165323953251,0.0884375,ornith_t2,next_step,logreg_pairwise,src,6291456,905969664,874512384,53666119680,55446601728,2264924.16,138616504.32,90596966.4,5544660172.8,-5454063206.4,10
vram1024_host4096,5120,4,400,2353,71,31,40,2282,0.030174245643858903,0.0221875,ornith_t2,next_step,logreg_pairwise,src,6291456,195035136,251658240,14357102592,14803795968,487587.84,37009489.92,19503513.6,1480379596.8,-1460876083.2,10
vram1024_host4096,5120,8,400,4693,154,70,84,4539,0.03281483059876412,0.048125,ornith_t2,next_step,logreg_pairwise,src,6291456,440401920,528482304,28556918784,29525803008,1101004.8,73814507.52,44040192.0,2952580300.8,-2908540108.8,10
vram1024_host4096,5120,16,400,8813,283,137,146,8530,0.03211165323953251,0.0884375,ornith_t2,next_step,logreg_pairwise,src,6291456,861929472,918552576,53666119680,55446601728,2154823.68,138616504.32,86192947.2,5544660172.8,-5458467225.6,10
always_cold,0,4,400,1600,177,73,104,1423,0.110625,0.0553125,ornith_t2,next_step,mlp_set,set,6291456,459276288,654311424,8952741888,10066329600,1148190.72,25165824.0,45927628.8,1006632960.0,-960705331.2,10
always_cold,0,8,400,3200,310,132,178,2890,0.096875,0.096875,ornith_t2,next_step,mlp_set,set,6291456,830472192,1119879168,18182307840,20132659200,2076180.48,50331648.0,83047219.2,2013265920.0,-1930218700.8,10
always_cold,0,16,400,6400,471,189,282,5929,0.07359375,0.1471875,ornith_t2,next_step,mlp_set,set,6291456,1189085184,1774190592,37302042624,40265318400,2972712.96,100663296.0,118908518.4,4026531840.0,-3907623321.6,10
vram281_host682,963,4,400,1600,177,75,102,1423,0.110625,0.0553125,ornith_t2,next_step,mlp_set,set,6291456,471859200,641728512,8952741888,10066329600,1179648.0,25165824.0,47185920.0,1006632960.0,-959447040.0,10
vram281_host682,963,8,400,3200,310,135,175,2890,0.096875,0.096875,ornith_t2,next_step,mlp_set,set,6291456,849346560,1101004800,18182307840,20132659200,2123366.4,50331648.0,84934656.0,2013265920.0,-1928331264.0,10
vram281_host682,963,16,400,6400,471,194,277,5929,0.07359375,0.1471875,ornith_t2,next_step,mlp_set,set,6291456,1220542464,1742733312,37302042624,40265318400,3051356.16,100663296.0,122054246.4,4026531840.0,-3904477593.6,10
vram1024_host4096,5120,4,400,1600,177,73,104,1423,0.110625,0.0553125,ornith_t2,next_step,mlp_set,set,6291456,459276288,654311424,8952741888,10066329600,1148190.72,25165824.0,45927628.8,1006632960.0,-960705331.2,10
vram1024_host4096,5120,8,400,3200,310,132,178,2890,0.096875,0.096875,ornith_t2,next_step,mlp_set,set,6291456,830472192,1119879168,18182307840,20132659200,2076180.48,50331648.0,83047219.2,2013265920.0,-1930218700.8,10
vram1024_host4096,5120,16,400,6400,471,189,282,5929,0.07359375,0.1471875,ornith_t2,next_step,mlp_set,set,6291456,1189085184,1774190592,37302042624,40265318400,2972712.96,100663296.0,118908518.4,4026531840.0,-3907623321.6,10
always_cold,0,4,400,2561,245,102,143,2316,0.09566575556423272,0.0765625,ornith_t2,next_step,mlp_set,src,6291456,641728512,899678208,14571012096,16112418816,1604321.28,40281047.04,64172851.2,1611241881.6,-1547069030.4,10
always_cold,0,8,400,4716,360,143,217,4356,0.07633587786259542,0.1125,ornith_t2,next_step,mlp_set,src,6291456,899678208,1365245952,27405582336,29670506496,2249195.52,74176266.24,89967820.8,2967050649.6,-2877082828.8,10
always_cold,0,16,400,9230,573,231,342,8657,0.06208017334777898,0.1790625,ornith_t2,next_step,mlp_set,src,6291456,1453326336,2151677952,54465134592,58070138880,3633315.84,145175347.2,145332633.6,5807013888.0,-5661681254.4,10
vram281_host682,963,4,400,2561,245,104,141,2316,0.09566575556423272,0.0765625,ornith_t2,next_step,mlp_set,src,6291456,654311424,887095296,14571012096,16112418816,1635778.56,40281047.04,65431142.4,1611241881.6,-1545810739.2,10
vram281_host682,963,8,400,4716,360,147,213,4356,0.07633587786259542,0.1125,ornith_t2,next_step,mlp_set,src,6291456,924844032,1340080128,27405582336,29670506496,2312110.08,74176266.24,92484403.2,2967050649.6,-2874566246.4,10
vram281_host682,963,16,400,9230,573,240,333,8657,0.06208017334777898,0.1790625,ornith_t2,next_step,mlp_set,src,6291456,1509949440,2095054848,54465134592,58070138880,3774873.6,145175347.2,150994944.0,5807013888.0,-5656018944.0,10
vram1024_host4096,5120,4,400,2561,245,102,143,2316,0.09566575556423272,0.0765625,ornith_t2,next_step,mlp_set,src,6291456,641728512,899678208,14571012096,16112418816,1604321.28,40281047.04,64172851.2,1611241881.6,-1547069030.4,10
vram1024_host4096,5120,8,400,4716,360,143,217,4356,0.07633587786259542,0.1125,ornith_t2,next_step,mlp_set,src,6291456,899678208,1365245952,27405582336,29670506496,2249195.52,74176266.24,89967820.8,2967050649.6,-2877082828.8,10
vram1024_host4096,5120,16,400,9230,573,231,342,8657,0.06208017334777898,0.1790625,ornith_t2,next_step,mlp_set,src,6291456,1453326336,2151677952,54465134592,58070138880,3633315.84,145175347.2,145332633.6,5807013888.0,-5661681254.4,10
always_cold,0,4,400,1600,158,64,94,1442,0.09875,0.049375,ornith_t2,next_step,xlayer_bag,set,6291456,402653184,591396864,9072279552,10066329600,1006632.96,25165824.0,40265318.4,1006632960.0,-966367641.6,10
always_cold,0,8,400,3200,291,124,167,2909,0.0909375,0.0909375,ornith_t2,next_step,xlayer_bag,set,6291456,780140544,1050673152,18301845504,20132659200,1950351.36,50331648.0,78014054.4,2013265920.0,-1935251865.6,10
always_cold,0,16,400,6400,433,175,258,5967,0.06765625,0.1353125,ornith_t2,next_step,xlayer_bag,set,6291456,1101004800,1623195648,37541117952,40265318400,2752512.0,100663296.0,110100480.0,4026531840.0,-3916431360.0,10
vram281_host682,963,4,400,1600,158,64,94,1442,0.09875,0.049375,ornith_t2,next_step,xlayer_bag,set,6291456,402653184,591396864,9072279552,10066329600,1006632.96,25165824.0,40265318.4,1006632960.0,-966367641.6,10
vram281_host682,963,8,400,3200,291,127,164,2909,0.0909375,0.0909375,ornith_t2,next_step,xlayer_bag,set,6291456,799014912,1031798784,18301845504,20132659200,1997537.28,50331648.0,79901491.2,2013265920.0,-1933364428.8,10
vram281_host682,963,16,400,6400,433,179,254,5967,0.06765625,0.1353125,ornith_t2,next_step,xlayer_bag,set,6291456,1126170624,1598029824,37541117952,40265318400,2815426.56,100663296.0,112617062.4,4026531840.0,-3913914777.6,10
vram1024_host4096,5120,4,400,1600,158,64,94,1442,0.09875,0.049375,ornith_t2,next_step,xlayer_bag,set,6291456,402653184,591396864,9072279552,10066329600,1006632.96,25165824.0,40265318.4,1006632960.0,-966367641.6,10
vram1024_host4096,5120,8,400,3200,291,124,167,2909,0.0909375,0.0909375,ornith_t2,next_step,xlayer_bag,set,6291456,780140544,1050673152,18301845504,20132659200,1950351.36,50331648.0,78014054.4,2013265920.0,-1935251865.6,10
vram1024_host4096,5120,16,400,6400,433,175,258,5967,0.06765625,0.1353125,ornith_t2,next_step,xlayer_bag,set,6291456,1101004800,1623195648,37541117952,40265318400,2752512.0,100663296.0,110100480.0,4026531840.0,-3916431360.0,10
always_cold,0,4,400,9375,526,208,318,8849,0.056106666666666666,0.164375,ornith_t2,next_step,xlayer_bag,src,6291456,1308622848,2000683008,55673094144,58982400000,3271557.12,147456000.0,130862284.8,5898240000.0,-5767377715.2,10
always_cold,0,8,400,16839,797,335,462,16042,0.04733060157966625,0.2490625,ornith_t2,next_step,xlayer_bag,src,6291456,2107637760,2906652672,100927537152,105941827584,5269094.4,264854568.96,210763776.0,10594182758.4,-10383418982.4,10
always_cold,0,16,400,29327,1209,530,679,28118,0.04122480990213796,0.3778125,ornith_t2,next_step,xlayer_bag,src,6291456,3334471680,4271898624,176903159808,184509530112,8336179.2,461273825.28,333447168.0,18450953011.2,-18117505843.2,10
vram281_host682,963,4,400,9375,526,214,312,8849,0.056106666666666666,0.164375,ornith_t2,next_step,xlayer_bag,src,6291456,1346371584,1962934272,55673094144,58982400000,3365928.96,147456000.0,134637158.4,5898240000.0,-5763602841.6,10
vram281_host682,963,8,400,16839,797,345,452,16042,0.04733060157966625,0.2490625,ornith_t2,next_step,xlayer_bag,src,6291456,2170552320,2843738112,100927537152,105941827584,5426380.8,264854568.96,217055232.0,10594182758.4,-10377127526.4,10
vram281_host682,963,16,400,29327,1209,546,663,28118,0.04122480990213796,0.3778125,ornith_t2,next_step,xlayer_bag,src,6291456,3435134976,4171235328,176903159808,184509530112,8587837.44,461273825.28,343513497.6,18450953011.2,-18107439513.6,10
vram1024_host4096,5120,4,400,9375,526,208,318,8849,0.056106666666666666,0.164375,ornith_t2,next_step,xlayer_bag,src,6291456,1308622848,2000683008,55673094144,58982400000,3271557.12,147456000.0,130862284.8,5898240000.0,-5767377715.2,10
vram1024_host4096,5120,8,400,16839,797,335,462,16042,0.04733060157966625,0.2490625,ornith_t2,next_step,xlayer_bag,src,6291456,2107637760,2906652672,100927537152,105941827584,5269094.4,264854568.96,210763776.0,10594182758.4,-10383418982.4,10
vram1024_host4096,5120,16,400,29327,1209,530,679,28118,0.04122480990213796,0.3778125,ornith_t2,next_step,xlayer_bag,src,6291456,3334471680,4271898624,176903159808,184509530112,8336179.2,461273825.28,333447168.0,18450953011.2,-18117505843.2,10
always_cold,0,4,210,840,409,130,279,431,0.4869047619047619,0.3246031746031746,sealed_t1,next_layer,popularity,set,13369344,1738014720,3730046976,5762187264,11230248960,8276260.571428572,53477376.0,347602944.0,2246049792.0,-1898446848.0,5
always_cold,0,8,210,1680,559,193,366,1121,0.3327380952380952,0.44365079365079363,sealed_t1,next_layer,popularity,set,13369344,2580283392,4893179904,14987034624,22460497920,12287063.771428572,106954752.0,516056678.4,4492099584.0,-3976042905.6,5
always_cold,0,16,210,3360,717,276,441,2643,0.21339285714285713,0.569047619047619,sealed_t1,next_layer,popularity,set,13369344,3689938944,5895880704,35335176192,44920995840,17571137.828571428,213909504.0,737987788.8,8984199168.0,-8246211379.2,5
vram281_host682,963,4,210,840,409,130,279,431,0.4869047619047619,0.3246031746031746,sealed_t1,next_layer,popularity,set,13369344,1738014720,3730046976,5762187264,11230248960,8276260.571428572,53477376.0,347602944.0,2246049792.0,-1898446848.0,5
vram281_host682,963,8,210,1680,559,193,366,1121,0.3327380952380952,0.44365079365079363,sealed_t1,next_layer,popularity,set,13369344,2580283392,4893179904,14987034624,22460497920,12287063.771428572,106954752.0,516056678.4,4492099584.0,-3976042905.6,5
vram281_host682,963,16,210,3360,717,276,441,2643,0.21339285714285713,0.569047619047619,sealed_t1,next_layer,popularity,set,13369344,3689938944,5895880704,35335176192,44920995840,17571137.828571428,213909504.0,737987788.8,8984199168.0,-8246211379.2,5
vram1024_host4096,5120,4,210,840,409,130,279,431,0.4869047619047619,0.3246031746031746,sealed_t1,next_layer,popularity,set,13369344,1738014720,3730046976,5762187264,11230248960,8276260.571428572,53477376.0,347602944.0,2246049792.0,-1898446848.0,5
vram1024_host4096,5120,8,210,1680,559,193,366,1121,0.3327380952380952,0.44365079365079363,sealed_t1,next_layer,popularity,set,13369344,2580283392,4893179904,14987034624,22460497920,12287063.771428572,106954752.0,516056678.4,4492099584.0,-3976042905.6,5
vram1024_host4096,5120,16,210,3360,717,276,441,2643,0.21339285714285713,0.569047619047619,sealed_t1,next_layer,popularity,set,13369344,3689938944,5895880704,35335176192,44920995840,17571137.828571428,213909504.0,737987788.8,8984199168.0,-8246211379.2,5
always_cold,0,4,210,840,409,130,279,431,0.4869047619047619,0.3246031746031746,sealed_t1,next_layer,popularity,src,13369344,1738014720,3730046976,5762187264,11230248960,8276260.571428572,53477376.0,347602944.0,2246049792.0,-1898446848.0,5
always_cold,0,8,210,1680,559,193,366,1121,0.3327380952380952,0.44365079365079363,sealed_t1,next_layer,popularity,src,13369344,2580283392,4893179904,14987034624,22460497920,12287063.771428572,106954752.0,516056678.4,4492099584.0,-3976042905.6,5
always_cold,0,16,210,3360,717,276,441,2643,0.21339285714285713,0.569047619047619,sealed_t1,next_layer,popularity,src,13369344,3689938944,5895880704,35335176192,44920995840,17571137.828571428,213909504.0,737987788.8,8984199168.0,-8246211379.2,5
vram281_host682,963,4,210,840,409,130,279,431,0.4869047619047619,0.3246031746031746,sealed_t1,next_layer,popularity,src,13369344,1738014720,3730046976,5762187264,11230248960,8276260.571428572,53477376.0,347602944.0,2246049792.0,-1898446848.0,5
vram281_host682,963,8,210,1680,559,193,366,1121,0.3327380952380952,0.44365079365079363,sealed_t1,next_layer,popularity,src,13369344,2580283392,4893179904,14987034624,22460497920,12287063.771428572,106954752.0,516056678.4,4492099584.0,-3976042905.6,5
vram281_host682,963,16,210,3360,717,276,441,2643,0.21339285714285713,0.569047619047619,sealed_t1,next_layer,popularity,src,13369344,3689938944,5895880704,35335176192,44920995840,17571137.828571428,213909504.0,737987788.8,8984199168.0,-8246211379.2,5
vram1024_host4096,5120,4,210,840,409,130,279,431,0.4869047619047619,0.3246031746031746,sealed_t1,next_layer,popularity,src,13369344,1738014720,3730046976,5762187264,11230248960,8276260.571428572,53477376.0,347602944.0,2246049792.0,-1898446848.0,5
vram1024_host4096,5120,8,210,1680,559,193,366,1121,0.3327380952380952,0.44365079365079363,sealed_t1,next_layer,popularity,src,13369344,2580283392,4893179904,14987034624,22460497920,12287063.771428572,106954752.0,516056678.4,4492099584.0,-3976042905.6,5
vram1024_host4096,5120,16,210,3360,717,276,441,2643,0.21339285714285713,0.569047619047619,sealed_t1,next_layer,popularity,src,13369344,3689938944,5895880704,35335176192,44920995840,17571137.828571428,213909504.0,737987788.8,8984199168.0,-8246211379.2,5
always_cold,0,4,210,840,320,107,213,520,0.38095238095238093,0.25396825396825395,sealed_t1,next_layer,cond_pooled,set,13369344,1430519808,2847670272,6952058880,11230248960,6811999.085714285,53477376.0,286103961.6,2246049792.0,-1959945830.4,5
always_cold,0,8,210,1680,418,146,272,1262,0.2488095238095238,0.33174603174603173,sealed_t1,next_layer,cond_pooled,set,13369344,1951924224,3636461568,16872112128,22460497920,9294877.257142857,106954752.0,390384844.8,4492099584.0,-4101714739.2,5
always_cold,0,16,210,3360,525,197,328,2835,0.15625,0.4166666666666667,sealed_t1,next_layer,cond_pooled,set,13369344,2633760768,4385144832,37902090240,44920995840,12541717.942857143,213909504.0,526752153.6,8984199168.0,-8457447014.4,5
vram281_host682,963,4,210,840,320,107,213,520,0.38095238095238093,0.25396825396825395,sealed_t1,next_layer,cond_pooled,set,13369344,1430519808,2847670272,6952058880,11230248960,6811999.085714285,53477376.0,286103961.6,2246049792.0,-1959945830.4,5
vram281_host682,963,8,210,1680,418,146,272,1262,0.2488095238095238,0.33174603174603173,sealed_t1,next_layer,cond_pooled,set,13369344,1951924224,3636461568,16872112128,22460497920,9294877.257142857,106954752.0,390384844.8,4492099584.0,-4101714739.2,5
vram281_host682,963,16,210,3360,525,197,328,2835,0.15625,0.4166666666666667,sealed_t1,next_layer,cond_pooled,set,13369344,2633760768,4385144832,37902090240,44920995840,12541717.942857143,213909504.0,526752153.6,8984199168.0,-8457447014.4,5
vram1024_host4096,5120,4,210,840,320,107,213,520,0.38095238095238093,0.25396825396825395,sealed_t1,next_layer,cond_pooled,set,13369344,1430519808,2847670272,6952058880,11230248960,6811999.085714285,53477376.0,286103961.6,2246049792.0,-1959945830.4,5
vram1024_host4096,5120,8,210,1680,418,146,272,1262,0.2488095238095238,0.33174603174603173,sealed_t1,next_layer,cond_pooled,set,13369344,1951924224,3636461568,16872112128,22460497920,9294877.257142857,106954752.0,390384844.8,4492099584.0,-4101714739.2,5
vram1024_host4096,5120,16,210,3360,525,197,328,2835,0.15625,0.4166666666666667,sealed_t1,next_layer,cond_pooled,set,13369344,2633760768,4385144832,37902090240,44920995840,12541717.942857143,213909504.0,526752153.6,8984199168.0,-8457447014.4,5
always_cold,0,4,210,4137,458,161,297,3679,0.11070824268793812,0.3634920634920635,sealed_t1,next_layer,cond_pooled,src,13369344,2152464384,3970695168,49185816576,55308976128,10249830.4,263376076.8,430492876.8,11061795225.6,-10631302348.8,5
always_cold,0,8,210,7931,619,242,377,7312,0.0780481654268062,0.49126984126984125,sealed_t1,next_layer,cond_pooled,src,13369344,3235381248,5040242688,97756643328,106032267264,15406577.371428572,504915558.4,647076249.6,21206453452.8,-20559377203.2,5
always_cold,0,16,210,14680,782,343,439,13898,0.05326975476839237,0.6206349206349207,sealed_t1,next_layer,cond_pooled,src,13369344,4585684992,5869142016,185807142912,196261969920,21836595.2,934580809.1428572,917136998.4,39252393984.0,-38335256985.6,5
vram281_host682,963,4,210,4137,458,161,297,3679,0.11070824268793812,0.3634920634920635,sealed_t1,next_layer,cond_pooled,src,13369344,2152464384,3970695168,49185816576,55308976128,10249830.4,263376076.8,430492876.8,11061795225.6,-10631302348.8,5
vram281_host682,963,8,210,7931,619,242,377,7312,0.0780481654268062,0.49126984126984125,sealed_t1,next_layer,cond_pooled,src,13369344,3235381248,5040242688,97756643328,106032267264,15406577.371428572,504915558.4,647076249.6,21206453452.8,-20559377203.2,5
vram281_host682,963,16,210,14680,782,343,439,13898,0.05326975476839237,0.6206349206349207,sealed_t1,next_layer,cond_pooled,src,13369344,4585684992,5869142016,185807142912,196261969920,21836595.2,934580809.1428572,917136998.4,39252393984.0,-38335256985.6,5
vram1024_host4096,5120,4,210,4137,458,161,297,3679,0.11070824268793812,0.3634920634920635,sealed_t1,next_layer,cond_pooled,src,13369344,2152464384,3970695168,49185816576,55308976128,10249830.4,263376076.8,430492876.8,11061795225.6,-10631302348.8,5
vram1024_host4096,5120,8,210,7931,619,242,377,7312,0.0780481654268062,0.49126984126984125,sealed_t1,next_layer,cond_pooled,src,13369344,3235381248,5040242688,97756643328,106032267264,15406577.371428572,504915558.4,647076249.6,21206453452.8,-20559377203.2,5
vram1024_host4096,5120,16,210,14680,782,343,439,13898,0.05326975476839237,0.6206349206349207,sealed_t1,next_layer,cond_pooled,src,13369344,4585684992,5869142016,185807142912,196261969920,21836595.2,934580809.1428572,917136998.4,39252393984.0,-38335256985.6,5
always_cold,0,4,210,840,391,132,259,449,0.4654761904761905,0.3103174603174603,sealed_t1,next_layer,cond_perlayer,set,13369344,1764753408,3462660096,6002835456,11230248960,8403587.657142857,53477376.0,352950681.6,2246049792.0,-1893099110.4,5
always_cold,0,8,210,1680,514,182,332,1166,0.305952380952381,0.40793650793650793,sealed_t1,next_layer,cond_perlayer,set,13369344,2433220608,4438622208,15588655104,22460497920,11586764.8,106954752.0,486644121.6,4492099584.0,-4005455462.4,5
always_cold,0,16,210,3360,610,234,376,2750,0.18154761904761904,0.48412698412698413,sealed_t1,next_layer,cond_perlayer,set,13369344,3128426496,5026873344,36765696000,44920995840,14897269.028571429,213909504.0,625685299.2,8984199168.0,-8358513868.8,5
vram281_host682,963,4,210,840,391,132,259,449,0.4654761904761905,0.3103174603174603,sealed_t1,next_layer,cond_perlayer,set,13369344,1764753408,3462660096,6002835456,11230248960,8403587.657142857,53477376.0,352950681.6,2246049792.0,-1893099110.4,5
vram281_host682,963,8,210,1680,514,182,332,1166,0.305952380952381,0.40793650793650793,sealed_t1,next_layer,cond_perlayer,set,13369344,2433220608,4438622208,15588655104,22460497920,11586764.8,106954752.0,486644121.6,4492099584.0,-4005455462.4,5
vram281_host682,963,16,210,3360,610,234,376,2750,0.18154761904761904,0.48412698412698413,sealed_t1,next_layer,cond_perlayer,set,13369344,3128426496,5026873344,36765696000,44920995840,14897269.028571429,213909504.0,625685299.2,8984199168.0,-8358513868.8,5
vram1024_host4096,5120,4,210,840,391,132,259,449,0.4654761904761905,0.3103174603174603,sealed_t1,next_layer,cond_perlayer,set,13369344,1764753408,3462660096,6002835456,11230248960,8403587.657142857,53477376.0,352950681.6,2246049792.0,-1893099110.4,5
vram1024_host4096,5120,8,210,1680,514,182,332,1166,0.305952380952381,0.40793650793650793,sealed_t1,next_layer,cond_perlayer,set,13369344,2433220608,4438622208,15588655104,22460497920,11586764.8,106954752.0,486644121.6,4492099584.0,-4005455462.4,5
vram1024_host4096,5120,16,210,3360,610,234,376,2750,0.18154761904761904,0.48412698412698413,sealed_t1,next_layer,cond_perlayer,set,13369344,3128426496,5026873344,36765696000,44920995840,14897269.028571429,213909504.0,625685299.2,8984199168.0,-8358513868.8,5
always_cold,0,4,210,3841,505,179,326,3336,0.13147617807862536,0.4007936507936508,sealed_t1,next_layer,cond_perlayer,src,13369344,2393112576,4358406144,44600131584,51351650304,11395774.17142857,244531668.1142857,478622515.2,10270330060.8,-9791707545.6,5
always_cold,0,8,210,7347,660,262,398,6687,0.08983258472846059,0.5238095238095238,sealed_t1,next_layer,cond_perlayer,src,13369344,3502768128,5320998912,89400803328,98224570368,16679848.228571428,467736049.37142855,700553625.6,19644914073.6,-18944360448.0,5
always_cold,0,16,210,13881,805,355,450,13076,0.05799293998991427,0.6388888888888888,sealed_t1,next_layer,cond_perlayer,src,13369344,4746117120,6016204800,174817542144,185579864064,22600557.714285713,883713638.4,949223424.0,37115972812.8,-36166749388.8,5
vram281_host682,963,4,210,3841,505,179,326,3336,0.13147617807862536,0.4007936507936508,sealed_t1,next_layer,cond_perlayer,src,13369344,2393112576,4358406144,44600131584,51351650304,11395774.17142857,244531668.1142857,478622515.2,10270330060.8,-9791707545.6,5
vram281_host682,963,8,210,7347,660,262,398,6687,0.08983258472846059,0.5238095238095238,sealed_t1,next_layer,cond_perlayer,src,13369344,3502768128,5320998912,89400803328,98224570368,16679848.228571428,467736049.37142855,700553625.6,19644914073.6,-18944360448.0,5
vram281_host682,963,16,210,13881,805,355,450,13076,0.05799293998991427,0.6388888888888888,sealed_t1,next_layer,cond_perlayer,src,13369344,4746117120,6016204800,174817542144,185579864064,22600557.714285713,883713638.4,949223424.0,37115972812.8,-36166749388.8,5
vram1024_host4096,5120,4,210,3841,505,179,326,3336,0.13147617807862536,0.4007936507936508,sealed_t1,next_layer,cond_perlayer,src,13369344,2393112576,4358406144,44600131584,51351650304,11395774.17142857,244531668.1142857,478622515.2,10270330060.8,-9791707545.6,5
vram1024_host4096,5120,8,210,7347,660,262,398,6687,0.08983258472846059,0.5238095238095238,sealed_t1,next_layer,cond_perlayer,src,13369344,3502768128,5320998912,89400803328,98224570368,16679848.228571428,467736049.37142855,700553625.6,19644914073.6,-18944360448.0,5
vram1024_host4096,5120,16,210,13881,805,355,450,13076,0.05799293998991427,0.6388888888888888,sealed_t1,next_layer,cond_perlayer,src,13369344,4746117120,6016204800,174817542144,185579864064,22600557.714285713,883713638.4,949223424.0,37115972812.8,-36166749388.8,5
always_cold,0,4,210,840,22,12,10,818,0.02619047619047619,0.01746031746031746,sealed_t1,next_layer,logreg_pairwise,set,13369344,160432128,133693440,10936123392,11230248960,763962.5142857142,53477376.0,32086425.6,2246049792.0,-2213963366.4,5
always_cold,0,8,210,1680,43,24,19,1637,0.025595238095238095,0.034126984126984124,sealed_t1,next_layer,logreg_pairwise,set,13369344,320864256,254017536,21885616128,22460497920,1527925.0285714285,106954752.0,64172851.2,4492099584.0,-4427926732.8,5
always_cold,0,16,210,3360,80,44,36,3280,0.023809523809523808,0.06349206349206349,sealed_t1,next_layer,logreg_pairwise,set,13369344,588251136,481296384,43851448320,44920995840,2801195.8857142855,213909504.0,117650227.2,8984199168.0,-8866548940.8,5
vram281_host682,963,4,210,840,22,12,10,818,0.02619047619047619,0.01746031746031746,sealed_t1,next_layer,logreg_pairwise,set,13369344,160432128,133693440,10936123392,11230248960,763962.5142857142,53477376.0,32086425.6,2246049792.0,-2213963366.4,5
vram281_host682,963,8,210,1680,43,24,19,1637,0.025595238095238095,0.034126984126984124,sealed_t1,next_layer,logreg_pairwise,set,13369344,320864256,254017536,21885616128,22460497920,1527925.0285714285,106954752.0,64172851.2,4492099584.0,-4427926732.8,5
vram281_host682,963,16,210,3360,80,44,36,3280,0.023809523809523808,0.06349206349206349,sealed_t1,next_layer,logreg_pairwise,set,13369344,588251136,481296384,43851448320,44920995840,2801195.8857142855,213909504.0,117650227.2,8984199168.0,-8866548940.8,5
vram1024_host4096,5120,4,210,840,22,12,10,818,0.02619047619047619,0.01746031746031746,sealed_t1,next_layer,logreg_pairwise,set,13369344,160432128,133693440,10936123392,11230248960,763962.5142857142,53477376.0,32086425.6,2246049792.0,-2213963366.4,5
vram1024_host4096,5120,8,210,1680,43,24,19,1637,0.025595238095238095,0.034126984126984124,sealed_t1,next_layer,logreg_pairwise,set,13369344,320864256,254017536,21885616128,22460497920,1527925.0285714285,106954752.0,64172851.2,4492099584.0,-4427926732.8,5
vram1024_host4096,5120,16,210,3360,80,44,36,3280,0.023809523809523808,0.06349206349206349,sealed_t1,next_layer,logreg_pairwise,set,13369344,588251136,481296384,43851448320,44920995840,2801195.8857142855,213909504.0,117650227.2,8984199168.0,-8866548940.8,5
always_cold,0,4,210,1562,68,28,40,1494,0.04353393085787452,0.05396825396825397,sealed_t1,next_layer,logreg_pairwise,src,13369344,374341632,534773760,19973799936,20882915328,1782579.2,99442453.94285715,74868326.4,4176583065.6,-4101714739.2,5
always_cold,0,8,210,2977,105,44,61,2872,0.03527040644944575,0.08333333333333333,sealed_t1,next_layer,logreg_pairwise,src,13369344,588251136,815529984,38396755968,39800537088,2801195.8857142855,189526367.08571428,117650227.2,7960107417.6,-7842457190.4,5
always_cold,0,16,210,5257,186,81,105,5071,0.03538139623359331,0.14761904761904762,sealed_t1,next_layer,logreg_pairwise,src,13369344,1082916864,1403781120,67795943424,70282641408,5156746.971428571,334679244.8,216583372.8,14056528281.6,-13839944908.8,5
vram281_host682,963,4,210,1562,68,28,40,1494,0.04353393085787452,0.05396825396825397,sealed_t1,next_layer,logreg_pairwise,src,13369344,374341632,534773760,19973799936,20882915328,1782579.2,99442453.94285715,74868326.4,4176583065.6,-4101714739.2,5
vram281_host682,963,8,210,2977,105,44,61,2872,0.03527040644944575,0.08333333333333333,sealed_t1,next_layer,logreg_pairwise,src,13369344,588251136,815529984,38396755968,39800537088,2801195.8857142855,189526367.08571428,117650227.2,7960107417.6,-7842457190.4,5
vram281_host682,963,16,210,5257,186,81,105,5071,0.03538139623359331,0.14761904761904762,sealed_t1,next_layer,logreg_pairwise,src,13369344,1082916864,1403781120,67795943424,70282641408,5156746.971428571,334679244.8,216583372.8,14056528281.6,-13839944908.8,5
vram1024_host4096,5120,4,210,1562,68,28,40,1494,0.04353393085787452,0.05396825396825397,sealed_t1,next_layer,logreg_pairwise,src,13369344,374341632,534773760,19973799936,20882915328,1782579.2,99442453.94285715,74868326.4,4176583065.6,-4101714739.2,5
vram1024_host4096,5120,8,210,2977,105,44,61,2872,0.03527040644944575,0.08333333333333333,sealed_t1,next_layer,logreg_pairwise,src,13369344,588251136,815529984,38396755968,39800537088,2801195.8857142855,189526367.08571428,117650227.2,7960107417.6,-7842457190.4,5
vram1024_host4096,5120,16,210,5257,186,81,105,5071,0.03538139623359331,0.14761904761904762,sealed_t1,next_layer,logreg_pairwise,src,13369344,1082916864,1403781120,67795943424,70282641408,5156746.971428571,334679244.8,216583372.8,14056528281.6,-13839944908.8,5
always_cold,0,4,210,840,349,122,227,491,0.4154761904761905,0.276984126984127,sealed_t1,next_layer,mlp_set,set,13369344,1631059968,3034841088,6564347904,11230248960,7766952.228571429,53477376.0,326211993.6,2246049792.0,-1919837798.4,5
always_cold,0,8,210,1680,480,174,306,1200,0.2857142857142857,0.38095238095238093,sealed_t1,next_layer,mlp_set,set,13369344,2326265856,4091019264,16043212800,22460497920,11077456.457142858,106954752.0,465253171.2,4492099584.0,-4026846412.8,5
always_cold,0,16,210,3360,596,232,364,2764,0.1773809523809524,0.473015873015873,sealed_t1,next_layer,mlp_set,set,13369344,3101687808,4866441216,36952866816,44920995840,14769941.942857143,213909504.0,620337561.6,8984199168.0,-8363861606.4,5
vram281_host682,963,4,210,840,349,122,227,491,0.4154761904761905,0.276984126984127,sealed_t1,next_layer,mlp_set,set,13369344,1631059968,3034841088,6564347904,11230248960,7766952.228571429,53477376.0,326211993.6,2246049792.0,-1919837798.4,5
vram281_host682,963,8,210,1680,480,174,306,1200,0.2857142857142857,0.38095238095238093,sealed_t1,next_layer,mlp_set,set,13369344,2326265856,4091019264,16043212800,22460497920,11077456.457142858,106954752.0,465253171.2,4492099584.0,-4026846412.8,5
vram281_host682,963,16,210,3360,596,232,364,2764,0.1773809523809524,0.473015873015873,sealed_t1,next_layer,mlp_set,set,13369344,3101687808,4866441216,36952866816,44920995840,14769941.942857143,213909504.0,620337561.6,8984199168.0,-8363861606.4,5
vram1024_host4096,5120,4,210,840,349,122,227,491,0.4154761904761905,0.276984126984127,sealed_t1,next_layer,mlp_set,set,13369344,1631059968,3034841088,6564347904,11230248960,7766952.228571429,53477376.0,326211993.6,2246049792.0,-1919837798.4,5
vram1024_host4096,5120,8,210,1680,480,174,306,1200,0.2857142857142857,0.38095238095238093,sealed_t1,next_layer,mlp_set,set,13369344,2326265856,4091019264,16043212800,22460497920,11077456.457142858,106954752.0,465253171.2,4492099584.0,-4026846412.8,5
vram1024_host4096,5120,16,210,3360,596,232,364,2764,0.1773809523809524,0.473015873015873,sealed_t1,next_layer,mlp_set,set,13369344,3101687808,4866441216,36952866816,44920995840,14769941.942857143,213909504.0,620337561.6,8984199168.0,-8363861606.4,5
always_cold,0,4,210,1476,403,143,260,1073,0.27303523035230354,0.3198412698412698,sealed_t1,next_layer,mlp_set,src,13369344,1911816192,3476029440,14345306112,19733151744,9103886.628571428,93967389.25714286,382363238.4,3946630348.8,-3564267110.4,5
always_cold,0,8,210,2804,529,203,326,2275,0.18865905848787445,0.41984126984126985,sealed_t1,next_layer,mlp_set,src,13369344,2713976832,4358406144,30415257600,37487640576,12923699.2,178512574.17142856,542795366.4,7497528115.2,-6954732748.8,5
always_cold,0,16,210,5402,644,260,384,4758,0.11921510551647538,0.5111111111111111,sealed_t1,next_layer,mlp_set,src,13369344,3476029440,5133828096,63611338752,72221196288,16552521.142857144,343910458.51428574,695205888.0,14444239257.6,-13749033369.6,5
vram281_host682,963,4,210,1476,403,143,260,1073,0.27303523035230354,0.3198412698412698,sealed_t1,next_layer,mlp_set,src,13369344,1911816192,3476029440,14345306112,19733151744,9103886.628571428,93967389.25714286,382363238.4,3946630348.8,-3564267110.4,5
vram281_host682,963,8,210,2804,529,203,326,2275,0.18865905848787445,0.41984126984126985,sealed_t1,next_layer,mlp_set,src,13369344,2713976832,4358406144,30415257600,37487640576,12923699.2,178512574.17142856,542795366.4,7497528115.2,-6954732748.8,5
vram281_host682,963,16,210,5402,644,260,384,4758,0.11921510551647538,0.5111111111111111,sealed_t1,next_layer,mlp_set,src,13369344,3476029440,5133828096,63611338752,72221196288,16552521.142857144,343910458.51428574,695205888.0,14444239257.6,-13749033369.6,5
vram1024_host4096,5120,4,210,1476,403,143,260,1073,0.27303523035230354,0.3198412698412698,sealed_t1,next_layer,mlp_set,src,13369344,1911816192,3476029440,14345306112,19733151744,9103886.628571428,93967389.25714286,382363238.4,3946630348.8,-3564267110.4,5
vram1024_host4096,5120,8,210,2804,529,203,326,2275,0.18865905848787445,0.41984126984126985,sealed_t1,next_layer,mlp_set,src,13369344,2713976832,4358406144,30415257600,37487640576,12923699.2,178512574.17142856,542795366.4,7497528115.2,-6954732748.8,5
vram1024_host4096,5120,16,210,5402,644,260,384,4758,0.11921510551647538,0.5111111111111111,sealed_t1,next_layer,mlp_set,src,13369344,3476029440,5133828096,63611338752,72221196288,16552521.142857144,343910458.51428574,695205888.0,14444239257.6,-13749033369.6,5
always_cold,0,4,210,840,247,86,161,593,0.29404761904761906,0.19603174603174603,sealed_t1,next_layer,xlayer_bag,set,13369344,1149763584,2152464384,7928020992,11230248960,5475064.685714286,53477376.0,229952716.8,2246049792.0,-2016097075.2,5
always_cold,0,8,210,1680,382,149,233,1298,0.22738095238095238,0.30317460317460315,sealed_t1,next_layer,xlayer_bag,set,13369344,1992032256,3115057152,17353408512,22460497920,9485867.885714285,106954752.0,398406451.2,4492099584.0,-4093693132.8,5
always_cold,0,16,210,3360,485,188,297,2875,0.14434523809523808,0.38492063492063494,sealed_t1,next_layer,xlayer_bag,set,13369344,2513436672,3970695168,38436864000,44920995840,11968746.057142857,213909504.0,502687334.4,8984199168.0,-8481511833.6,5
vram281_host682,963,4,210,840,247,86,161,593,0.29404761904761906,0.19603174603174603,sealed_t1,next_layer,xlayer_bag,set,13369344,1149763584,2152464384,7928020992,11230248960,5475064.685714286,53477376.0,229952716.8,2246049792.0,-2016097075.2,5
vram281_host682,963,8,210,1680,382,149,233,1298,0.22738095238095238,0.30317460317460315,sealed_t1,next_layer,xlayer_bag,set,13369344,1992032256,3115057152,17353408512,22460497920,9485867.885714285,106954752.0,398406451.2,4492099584.0,-4093693132.8,5
vram281_host682,963,16,210,3360,485,188,297,2875,0.14434523809523808,0.38492063492063494,sealed_t1,next_layer,xlayer_bag,set,13369344,2513436672,3970695168,38436864000,44920995840,11968746.057142857,213909504.0,502687334.4,8984199168.0,-8481511833.6,5
vram1024_host4096,5120,4,210,840,247,86,161,593,0.29404761904761906,0.19603174603174603,sealed_t1,next_layer,xlayer_bag,set,13369344,1149763584,2152464384,7928020992,11230248960,5475064.685714286,53477376.0,229952716.8,2246049792.0,-2016097075.2,5
vram1024_host4096,5120,8,210,1680,382,149,233,1298,0.22738095238095238,0.30317460317460315,sealed_t1,next_layer,xlayer_bag,set,13369344,1992032256,3115057152,17353408512,22460497920,9485867.885714285,106954752.0,398406451.2,4492099584.0,-4093693132.8,5
vram1024_host4096,5120,16,210,3360,485,188,297,2875,0.14434523809523808,0.38492063492063494,sealed_t1,next_layer,xlayer_bag,set,13369344,2513436672,3970695168,38436864000,44920995840,11968746.057142857,213909504.0,502687334.4,8984199168.0,-8481511833.6,5
always_cold,0,4,210,3872,464,186,278,3408,0.11983471074380166,0.3682539682539683,sealed_t1,next_layer,xlayer_bag,src,13369344,2486697984,3716677632,45562724352,51766099968,11841418.971428571,246505237.94285715,497339596.8,10353219993.6,-9855880396.8,5
always_cold,0,8,210,7111,597,255,342,6514,0.08395443678807481,0.4738095238095238,sealed_t1,next_layer,xlayer_bag,src,13369344,3409182720,4572315648,87087906816,95069405184,16234203.42857143,452711453.25714284,681836544.0,19013881036.8,-18332044492.8,5
always_cold,0,16,210,12590,740,323,417,11850,0.05877680698967434,0.5873015873015873,sealed_t1,next_layer,xlayer_bag,src,13369344,4318298112,5575016448,158426726400,168320040960,20563324.34285714,801524004.5714285,863659622.4,33664008192.0,-32800348569.6,5
vram281_host682,963,4,210,3872,464,186,278,3408,0.11983471074380166,0.3682539682539683,sealed_t1,next_layer,xlayer_bag,src,13369344,2486697984,3716677632,45562724352,51766099968,11841418.971428571,246505237.94285715,497339596.8,10353219993.6,-9855880396.8,5
vram281_host682,963,8,210,7111,597,255,342,6514,0.08395443678807481,0.4738095238095238,sealed_t1,next_layer,xlayer_bag,src,13369344,3409182720,4572315648,87087906816,95069405184,16234203.42857143,452711453.25714284,681836544.0,19013881036.8,-18332044492.8,5
vram281_host682,963,16,210,12590,740,323,417,11850,0.05877680698967434,0.5873015873015873,sealed_t1,next_layer,xlayer_bag,src,13369344,4318298112,5575016448,158426726400,168320040960,20563324.34285714,801524004.5714285,863659622.4,33664008192.0,-32800348569.6,5
vram1024_host4096,5120,4,210,3872,464,186,278,3408,0.11983471074380166,0.3682539682539683,sealed_t1,next_layer,xlayer_bag,src,13369344,2486697984,3716677632,45562724352,51766099968,11841418.971428571,246505237.94285715,497339596.8,10353219993.6,-9855880396.8,5
vram1024_host4096,5120,8,210,7111,597,255,342,6514,0.08395443678807481,0.4738095238095238,sealed_t1,next_layer,xlayer_bag,src,13369344,3409182720,4572315648,87087906816,95069405184,16234203.42857143,452711453.25714284,681836544.0,19013881036.8,-18332044492.8,5
vram1024_host4096,5120,16,210,12590,740,323,417,11850,0.05877680698967434,0.5873015873015873,sealed_t1,next_layer,xlayer_bag,src,13369344,4318298112,5575016448,158426726400,168320040960,20563324.34285714,801524004.5714285,863659622.4,33664008192.0,-32800348569.6,5
always_cold,0,4,172,688,332,125,207,356,0.48255813953488375,0.32170542635658916,sealed_t1,next_step,popularity,set,13369344,1671168000,2767454208,4759486464,9198108672,9716093.023255814,53477376.0,417792000.0,2299527168.0,-1881735168.0,4
always_cold,0,8,172,1376,445,184,261,931,0.3234011627906977,0.4312015503875969,sealed_t1,next_step,popularity,set,13369344,2459959296,3489398784,12446859264,18396217344,14302088.930232558,106954752.0,614989824.0,4599054336.0,-3984064512.0,4
always_cold,0,16,172,2752,558,248,310,2194,0.20276162790697674,0.5406976744186046,sealed_t1,next_step,popularity,set,13369344,3315597312,4144496640,29332340736,36792434688,19276728.558139537,213909504.0,828899328.0,9198108672.0,-8369209344.0,4
vram281_host682,963,4,172,688,332,125,207,356,0.48255813953488375,0.32170542635658916,sealed_t1,next_step,popularity,set,13369344,1671168000,2767454208,4759486464,9198108672,9716093.023255814,53477376.0,417792000.0,2299527168.0,-1881735168.0,4
vram281_host682,963,8,172,1376,445,184,261,931,0.3234011627906977,0.4312015503875969,sealed_t1,next_step,popularity,set,13369344,2459959296,3489398784,12446859264,18396217344,14302088.930232558,106954752.0,614989824.0,4599054336.0,-3984064512.0,4
vram281_host682,963,16,172,2752,558,248,310,2194,0.20276162790697674,0.5406976744186046,sealed_t1,next_step,popularity,set,13369344,3315597312,4144496640,29332340736,36792434688,19276728.558139537,213909504.0,828899328.0,9198108672.0,-8369209344.0,4
vram1024_host4096,5120,4,172,688,332,125,207,356,0.48255813953488375,0.32170542635658916,sealed_t1,next_step,popularity,set,13369344,1671168000,2767454208,4759486464,9198108672,9716093.023255814,53477376.0,417792000.0,2299527168.0,-1881735168.0,4
vram1024_host4096,5120,8,172,1376,445,184,261,931,0.3234011627906977,0.4312015503875969,sealed_t1,next_step,popularity,set,13369344,2459959296,3489398784,12446859264,18396217344,14302088.930232558,106954752.0,614989824.0,4599054336.0,-3984064512.0,4
vram1024_host4096,5120,16,172,2752,558,248,310,2194,0.20276162790697674,0.5406976744186046,sealed_t1,next_step,popularity,set,13369344,3315597312,4144496640,29332340736,36792434688,19276728.558139537,213909504.0,828899328.0,9198108672.0,-8369209344.0,4
always_cold,0,4,172,688,332,125,207,356,0.48255813953488375,0.32170542635658916,sealed_t1,next_step,popularity,src,13369344,1671168000,2767454208,4759486464,9198108672,9716093.023255814,53477376.0,417792000.0,2299527168.0,-1881735168.0,4
always_cold,0,8,172,1376,445,184,261,931,0.3234011627906977,0.4312015503875969,sealed_t1,next_step,popularity,src,13369344,2459959296,3489398784,12446859264,18396217344,14302088.930232558,106954752.0,614989824.0,4599054336.0,-3984064512.0,4
always_cold,0,16,172,2752,558,248,310,2194,0.20276162790697674,0.5406976744186046,sealed_t1,next_step,popularity,src,13369344,3315597312,4144496640,29332340736,36792434688,19276728.558139537,213909504.0,828899328.0,9198108672.0,-8369209344.0,4
vram281_host682,963,4,172,688,332,125,207,356,0.48255813953488375,0.32170542635658916,sealed_t1,next_step,popularity,src,13369344,1671168000,2767454208,4759486464,9198108672,9716093.023255814,53477376.0,417792000.0,2299527168.0,-1881735168.0,4
vram281_host682,963,8,172,1376,445,184,261,931,0.3234011627906977,0.4312015503875969,sealed_t1,next_step,popularity,src,13369344,2459959296,3489398784,12446859264,18396217344,14302088.930232558,106954752.0,614989824.0,4599054336.0,-3984064512.0,4
vram281_host682,963,16,172,2752,558,248,310,2194,0.20276162790697674,0.5406976744186046,sealed_t1,next_step,popularity,src,13369344,3315597312,4144496640,29332340736,36792434688,19276728.558139537,213909504.0,828899328.0,9198108672.0,-8369209344.0,4
vram1024_host4096,5120,4,172,688,332,125,207,356,0.48255813953488375,0.32170542635658916,sealed_t1,next_step,popularity,src,13369344,1671168000,2767454208,4759486464,9198108672,9716093.023255814,53477376.0,417792000.0,2299527168.0,-1881735168.0,4
vram1024_host4096,5120,8,172,1376,445,184,261,931,0.3234011627906977,0.4312015503875969,sealed_t1,next_step,popularity,src,13369344,2459959296,3489398784,12446859264,18396217344,14302088.930232558,106954752.0,614989824.0,4599054336.0,-3984064512.0,4
vram1024_host4096,5120,16,172,2752,558,248,310,2194,0.20276162790697674,0.5406976744186046,sealed_t1,next_step,popularity,src,13369344,3315597312,4144496640,29332340736,36792434688,19276728.558139537,213909504.0,828899328.0,9198108672.0,-8369209344.0,4
always_cold,0,4,172,688,299,99,200,389,0.43459302325581395,0.28972868217054265,sealed_t1,next_step,cond_pooled,set,13369344,1323565056,2673868800,5200674816,9198108672,7695145.674418605,53477376.0,330891264.0,2299527168.0,-1968635904.0,4
always_cold,0,8,172,1376,405,145,260,971,0.29433139534883723,0.39244186046511625,sealed_t1,next_step,cond_pooled,set,13369344,1938554880,3476029440,12981633024,18396217344,11270667.906976745,106954752.0,484638720.0,4599054336.0,-4114415616.0,4
always_cold,0,16,172,2752,493,193,300,2259,0.17914244186046513,0.47771317829457366,sealed_t1,next_step,cond_pooled,set,13369344,2580283392,4010803200,30201348096,36792434688,15001647.627906976,213909504.0,645070848.0,9198108672.0,-8553037824.0,4
vram281_host682,963,4,172,688,299,99,200,389,0.43459302325581395,0.28972868217054265,sealed_t1,next_step,cond_pooled,set,13369344,1323565056,2673868800,5200674816,9198108672,7695145.674418605,53477376.0,330891264.0,2299527168.0,-1968635904.0,4
vram281_host682,963,8,172,1376,405,145,260,971,0.29433139534883723,0.39244186046511625,sealed_t1,next_step,cond_pooled,set,13369344,1938554880,3476029440,12981633024,18396217344,11270667.906976745,106954752.0,484638720.0,4599054336.0,-4114415616.0,4
vram281_host682,963,16,172,2752,493,193,300,2259,0.17914244186046513,0.47771317829457366,sealed_t1,next_step,cond_pooled,set,13369344,2580283392,4010803200,30201348096,36792434688,15001647.627906976,213909504.0,645070848.0,9198108672.0,-8553037824.0,4
vram1024_host4096,5120,4,172,688,299,99,200,389,0.43459302325581395,0.28972868217054265,sealed_t1,next_step,cond_pooled,set,13369344,1323565056,2673868800,5200674816,9198108672,7695145.674418605,53477376.0,330891264.0,2299527168.0,-1968635904.0,4
vram1024_host4096,5120,8,172,1376,405,145,260,971,0.29433139534883723,0.39244186046511625,sealed_t1,next_step,cond_pooled,set,13369344,1938554880,3476029440,12981633024,18396217344,11270667.906976745,106954752.0,484638720.0,4599054336.0,-4114415616.0,4
vram1024_host4096,5120,16,172,2752,493,193,300,2259,0.17914244186046513,0.47771317829457366,sealed_t1,next_step,cond_pooled,set,13369344,2580283392,4010803200,30201348096,36792434688,15001647.627906976,213909504.0,645070848.0,9198108672.0,-8553037824.0,4
always_cold,0,4,172,3268,464,185,279,2804,0.1419828641370869,0.4496124031007752,sealed_t1,next_step,cond_pooled,src,13369344,2473328640,3730046976,37487640576,43691016192,14379817.674418604,254017536.0,618332160.0,10922754048.0,-10304421888.0,4
always_cold,0,8,172,6265,567,247,320,5698,0.09050279329608939,0.5494186046511628,sealed_t1,next_step,cond_pooled,src,13369344,3302227968,4278190080,76178522112,83758940160,19198999.81395349,486970582.3255814,825556992.0,20939735040.0,-20114178048.0,4
always_cold,0,16,172,11546,682,320,362,10864,0.059068075523990994,0.6608527131782945,sealed_t1,next_step,cond_pooled,src,13369344,4278190080,4839702528,145244553216,154362445824,24873198.139534883,897456080.3720931,1069547520.0,38590611456.0,-37521063936.0,4
vram281_host682,963,4,172,3268,464,185,279,2804,0.1419828641370869,0.4496124031007752,sealed_t1,next_step,cond_pooled,src,13369344,2473328640,3730046976,37487640576,43691016192,14379817.674418604,254017536.0,618332160.0,10922754048.0,-10304421888.0,4
vram281_host682,963,8,172,6265,567,247,320,5698,0.09050279329608939,0.5494186046511628,sealed_t1,next_step,cond_pooled,src,13369344,3302227968,4278190080,76178522112,83758940160,19198999.81395349,486970582.3255814,825556992.0,20939735040.0,-20114178048.0,4
vram281_host682,963,16,172,11546,682,320,362,10864,0.059068075523990994,0.6608527131782945,sealed_t1,next_step,cond_pooled,src,13369344,4278190080,4839702528,145244553216,154362445824,24873198.139534883,897456080.3720931,1069547520.0,38590611456.0,-37521063936.0,4
vram1024_host4096,5120,4,172,3268,464,185,279,2804,0.1419828641370869,0.4496124031007752,sealed_t1,next_step,cond_pooled,src,13369344,2473328640,3730046976,37487640576,43691016192,14379817.674418604,254017536.0,618332160.0,10922754048.0,-10304421888.0,4
vram1024_host4096,5120,8,172,6265,567,247,320,5698,0.09050279329608939,0.5494186046511628,sealed_t1,next_step,cond_pooled,src,13369344,3302227968,4278190080,76178522112,83758940160,19198999.81395349,486970582.3255814,825556992.0,20939735040.0,-20114178048.0,4
vram1024_host4096,5120,16,172,11546,682,320,362,10864,0.059068075523990994,0.6608527131782945,sealed_t1,next_step,cond_pooled,src,13369344,4278190080,4839702528,145244553216,154362445824,24873198.139534883,897456080.3720931,1069547520.0,38590611456.0,-37521063936.0,4
always_cold,0,4,172,688,316,118,198,372,0.45930232558139533,0.3062015503875969,sealed_t1,next_step,cond_perlayer,set,13369344,1577582592,2647130112,4973395968,9198108672,9171991.813953489,53477376.0,394395648.0,2299527168.0,-1905131520.0,4
always_cold,0,8,172,1376,427,163,264,949,0.31031976744186046,0.41375968992248063,sealed_t1,next_step,cond_perlayer,set,13369344,2179203072,3529506816,12687507456,18396217344,12669785.302325582,106954752.0,544800768.0,4599054336.0,-4054253568.0,4
always_cold,0,16,172,2752,539,222,317,2213,0.19585755813953487,0.5222868217054264,sealed_t1,next_step,cond_perlayer,set,13369344,2967994368,4238082048,29586358272,36792434688,17255781.209302325,213909504.0,741998592.0,9198108672.0,-8456110080.0,4
vram281_host682,963,4,172,688,316,118,198,372,0.45930232558139533,0.3062015503875969,sealed_t1,next_step,cond_perlayer,set,13369344,1577582592,2647130112,4973395968,9198108672,9171991.813953489,53477376.0,394395648.0,2299527168.0,-1905131520.0,4
vram281_host682,963,8,172,1376,427,163,264,949,0.31031976744186046,0.41375968992248063,sealed_t1,next_step,cond_perlayer,set,13369344,2179203072,3529506816,12687507456,18396217344,12669785.302325582,106954752.0,544800768.0,4599054336.0,-4054253568.0,4
vram281_host682,963,16,172,2752,539,222,317,2213,0.19585755813953487,0.5222868217054264,sealed_t1,next_step,cond_perlayer,set,13369344,2967994368,4238082048,29586358272,36792434688,17255781.209302325,213909504.0,741998592.0,9198108672.0,-8456110080.0,4
vram1024_host4096,5120,4,172,688,316,118,198,372,0.45930232558139533,0.3062015503875969,sealed_t1,next_step,cond_perlayer,set,13369344,1577582592,2647130112,4973395968,9198108672,9171991.813953489,53477376.0,394395648.0,2299527168.0,-1905131520.0,4
vram1024_host4096,5120,8,172,1376,427,163,264,949,0.31031976744186046,0.41375968992248063,sealed_t1,next_step,cond_perlayer,set,13369344,2179203072,3529506816,12687507456,18396217344,12669785.302325582,106954752.0,544800768.0,4599054336.0,-4054253568.0,4
vram1024_host4096,5120,16,172,2752,539,222,317,2213,0.19585755813953487,0.5222868217054264,sealed_t1,next_step,cond_perlayer,set,13369344,2967994368,4238082048,29586358272,36792434688,17255781.209302325,213909504.0,741998592.0,9198108672.0,-8456110080.0,4
always_cold,0,4,172,3126,477,194,283,2649,0.15259117082533588,0.4622093023255814,sealed_t1,next_step,cond_perlayer,src,13369344,2593652736,3783524352,35415392256,41792569344,15079376.372093024,242980054.3255814,648413184.0,10448142336.0,-9799729152.0,4
always_cold,0,8,172,5893,599,257,342,5294,0.10164602070252843,0.5804263565891473,sealed_t1,next_step,cond_perlayer,src,13369344,3435921408,4572315648,70777307136,78785544192,19976287.255813953,458055489.4883721,858980352.0,19696386048.0,-18837405696.0,4
always_cold,0,16,172,10865,695,324,371,10170,0.06396686608375518,0.6734496124031008,sealed_t1,next_step,cond_perlayer,src,13369344,4331667456,4960026624,135966228480,145257922560,25184113.11627907,844522805.5813954,1082916864.0,36314480640.0,-35231563776.0,4
vram281_host682,963,4,172,3126,477,194,283,2649,0.15259117082533588,0.4622093023255814,sealed_t1,next_step,cond_perlayer,src,13369344,2593652736,3783524352,35415392256,41792569344,15079376.372093024,242980054.3255814,648413184.0,10448142336.0,-9799729152.0,4
vram281_host682,963,8,172,5893,599,257,342,5294,0.10164602070252843,0.5804263565891473,sealed_t1,next_step,cond_perlayer,src,13369344,3435921408,4572315648,70777307136,78785544192,19976287.255813953,458055489.4883721,858980352.0,19696386048.0,-18837405696.0,4
vram281_host682,963,16,172,10865,695,324,371,10170,0.06396686608375518,0.6734496124031008,sealed_t1,next_step,cond_perlayer,src,13369344,4331667456,4960026624,135966228480,145257922560,25184113.11627907,844522805.5813954,1082916864.0,36314480640.0,-35231563776.0,4
vram1024_host4096,5120,4,172,3126,477,194,283,2649,0.15259117082533588,0.4622093023255814,sealed_t1,next_step,cond_perlayer,src,13369344,2593652736,3783524352,35415392256,41792569344,15079376.372093024,242980054.3255814,648413184.0,10448142336.0,-9799729152.0,4
vram1024_host4096,5120,8,172,5893,599,257,342,5294,0.10164602070252843,0.5804263565891473,sealed_t1,next_step,cond_perlayer,src,13369344,3435921408,4572315648,70777307136,78785544192,19976287.255813953,458055489.4883721,858980352.0,19696386048.0,-18837405696.0,4
vram1024_host4096,5120,16,172,10865,695,324,371,10170,0.06396686608375518,0.6734496124031008,sealed_t1,next_step,cond_perlayer,src,13369344,4331667456,4960026624,135966228480,145257922560,25184113.11627907,844522805.5813954,1082916864.0,36314480640.0,-35231563776.0,4
always_cold,0,4,172,688,19,9,10,669,0.027616279069767442,0.018410852713178296,sealed_t1,next_step,logreg_pairwise,set,13369344,120324096,133693440,8944091136,9198108672,699558.6976744186,53477376.0,30081024.0,2299527168.0,-2269446144.0,4
always_cold,0,8,172,1376,47,26,21,1329,0.034156976744186045,0.045542635658914726,sealed_t1,next_step,logreg_pairwise,set,13369344,347602944,280756224,17767858176,18396217344,2020947.3488372094,106954752.0,86900736.0,4599054336.0,-4512153600.0,4
always_cold,0,16,172,2752,70,42,28,2682,0.025436046511627907,0.06782945736434108,sealed_t1,next_step,logreg_pairwise,set,13369344,561512448,374341632,35856580608,36792434688,3264607.2558139535,213909504.0,140378112.0,9198108672.0,-9057730560.0,4
vram281_host682,963,4,172,688,19,9,10,669,0.027616279069767442,0.018410852713178296,sealed_t1,next_step,logreg_pairwise,set,13369344,120324096,133693440,8944091136,9198108672,699558.6976744186,53477376.0,30081024.0,2299527168.0,-2269446144.0,4
vram281_host682,963,8,172,1376,47,26,21,1329,0.034156976744186045,0.045542635658914726,sealed_t1,next_step,logreg_pairwise,set,13369344,347602944,280756224,17767858176,18396217344,2020947.3488372094,106954752.0,86900736.0,4599054336.0,-4512153600.0,4
vram281_host682,963,16,172,2752,70,42,28,2682,0.025436046511627907,0.06782945736434108,sealed_t1,next_step,logreg_pairwise,set,13369344,561512448,374341632,35856580608,36792434688,3264607.2558139535,213909504.0,140378112.0,9198108672.0,-9057730560.0,4
vram1024_host4096,5120,4,172,688,19,9,10,669,0.027616279069767442,0.018410852713178296,sealed_t1,next_step,logreg_pairwise,set,13369344,120324096,133693440,8944091136,9198108672,699558.6976744186,53477376.0,30081024.0,2299527168.0,-2269446144.0,4
vram1024_host4096,5120,8,172,1376,47,26,21,1329,0.034156976744186045,0.045542635658914726,sealed_t1,next_step,logreg_pairwise,set,13369344,347602944,280756224,17767858176,18396217344,2020947.3488372094,106954752.0,86900736.0,4599054336.0,-4512153600.0,4
vram1024_host4096,5120,16,172,2752,70,42,28,2682,0.025436046511627907,0.06782945736434108,sealed_t1,next_step,logreg_pairwise,set,13369344,561512448,374341632,35856580608,36792434688,3264607.2558139535,213909504.0,140378112.0,9198108672.0,-9057730560.0,4
always_cold,0,4,172,966,29,18,11,937,0.030020703933747412,0.02810077519379845,sealed_t1,next_step,logreg_pairwise,src,13369344,240648192,147062784,12527075328,12914786304,1399117.3953488371,75085966.88372093,60162048.0,3228696576.0,-3168534528.0,4
always_cold,0,8,172,1865,54,30,24,1811,0.028954423592493297,0.05232558139534884,sealed_t1,next_step,logreg_pairwise,src,13369344,401080320,320864256,24211881984,24933826560,2331862.3255813955,144964107.90697673,100270080.0,6233456640.0,-6133186560.0,4
always_cold,0,16,172,3631,113,64,49,3518,0.031120903332415312,0.10949612403100775,sealed_t1,next_step,logreg_pairwise,src,13369344,855638016,655097856,47033352192,48544088064,4974639.627906977,282233070.1395349,213909504.0,12136022016.0,-11922112512.0,4
vram281_host682,963,4,172,966,29,18,11,937,0.030020703933747412,0.02810077519379845,sealed_t1,next_step,logreg_pairwise,src,13369344,240648192,147062784,12527075328,12914786304,1399117.3953488371,75085966.88372093,60162048.0,3228696576.0,-3168534528.0,4
vram281_host682,963,8,172,1865,54,30,24,1811,0.028954423592493297,0.05232558139534884,sealed_t1,next_step,logreg_pairwise,src,13369344,401080320,320864256,24211881984,24933826560,2331862.3255813955,144964107.90697673,100270080.0,6233456640.0,-6133186560.0,4
vram281_host682,963,16,172,3631,113,64,49,3518,0.031120903332415312,0.10949612403100775,sealed_t1,next_step,logreg_pairwise,src,13369344,855638016,655097856,47033352192,48544088064,4974639.627906977,282233070.1395349,213909504.0,12136022016.0,-11922112512.0,4
vram1024_host4096,5120,4,172,966,29,18,11,937,0.030020703933747412,0.02810077519379845,sealed_t1,next_step,logreg_pairwise,src,13369344,240648192,147062784,12527075328,12914786304,1399117.3953488371,75085966.88372093,60162048.0,3228696576.0,-3168534528.0,4
vram1024_host4096,5120,8,172,1865,54,30,24,1811,0.028954423592493297,0.05232558139534884,sealed_t1,next_step,logreg_pairwise,src,13369344,401080320,320864256,24211881984,24933826560,2331862.3255813955,144964107.90697673,100270080.0,6233456640.0,-6133186560.0,4
vram1024_host4096,5120,16,172,3631,113,64,49,3518,0.031120903332415312,0.10949612403100775,sealed_t1,next_step,logreg_pairwise,src,13369344,855638016,655097856,47033352192,48544088064,4974639.627906977,282233070.1395349,213909504.0,12136022016.0,-11922112512.0,4
always_cold,0,4,172,688,254,90,164,434,0.3691860465116279,0.24612403100775193,sealed_t1,next_step,mlp_set,set,13369344,1203240960,2192572416,5802295296,9198108672,6995586.976744186,53477376.0,300810240.0,2299527168.0,-1998716928.0,4
always_cold,0,8,172,1376,369,139,230,1007,0.26816860465116277,0.35755813953488375,sealed_t1,next_step,mlp_set,set,13369344,1858338816,3074949120,13462929408,18396217344,10804295.441860465,106954752.0,464584704.0,4599054336.0,-4134469632.0,4
always_cold,0,16,172,2752,475,190,285,2277,0.1726017441860465,0.46027131782945735,sealed_t1,next_step,mlp_set,set,13369344,2540175360,3810263040,30441996288,36792434688,14768461.395348838,213909504.0,635043840.0,9198108672.0,-8563064832.0,4
vram281_host682,963,4,172,688,254,90,164,434,0.3691860465116279,0.24612403100775193,sealed_t1,next_step,mlp_set,set,13369344,1203240960,2192572416,5802295296,9198108672,6995586.976744186,53477376.0,300810240.0,2299527168.0,-1998716928.0,4
vram281_host682,963,8,172,1376,369,139,230,1007,0.26816860465116277,0.35755813953488375,sealed_t1,next_step,mlp_set,set,13369344,1858338816,3074949120,13462929408,18396217344,10804295.441860465,106954752.0,464584704.0,4599054336.0,-4134469632.0,4
vram281_host682,963,16,172,2752,475,190,285,2277,0.1726017441860465,0.46027131782945735,sealed_t1,next_step,mlp_set,set,13369344,2540175360,3810263040,30441996288,36792434688,14768461.395348838,213909504.0,635043840.0,9198108672.0,-8563064832.0,4
vram1024_host4096,5120,4,172,688,254,90,164,434,0.3691860465116279,0.24612403100775193,sealed_t1,next_step,mlp_set,set,13369344,1203240960,2192572416,5802295296,9198108672,6995586.976744186,53477376.0,300810240.0,2299527168.0,-1998716928.0,4
vram1024_host4096,5120,8,172,1376,369,139,230,1007,0.26816860465116277,0.35755813953488375,sealed_t1,next_step,mlp_set,set,13369344,1858338816,3074949120,13462929408,18396217344,10804295.441860465,106954752.0,464584704.0,4599054336.0,-4134469632.0,4
vram1024_host4096,5120,16,172,2752,475,190,285,2277,0.1726017441860465,0.46027131782945735,sealed_t1,next_step,mlp_set,set,13369344,2540175360,3810263040,30441996288,36792434688,14768461.395348838,213909504.0,635043840.0,9198108672.0,-8563064832.0,4
always_cold,0,4,172,989,287,104,183,702,0.2901921132457027,0.27810077519379844,sealed_t1,next_step,mlp_set,src,13369344,1390411776,2446589952,9385279488,13222281216,8083789.395348838,76873728.0,347602944.0,3305570304.0,-2957967360.0,4
always_cold,0,8,172,1917,391,151,240,1526,0.2039645279081899,0.37887596899224807,sealed_t1,next_step,mlp_set,src,13369344,2018770944,3208642560,20401618944,25629032448,11737040.372093024,149006002.60465115,504692736.0,6407258112.0,-5902565376.0,4
always_cold,0,16,172,3740,492,207,285,3248,0.13155080213903744,0.47674418604651164,sealed_t1,next_step,mlp_set,src,13369344,2767454208,3810263040,43423629312,50001346560,16089850.046511628,290705503.25581396,691863552.0,12500336640.0,-11808473088.0,4
vram281_host682,963,4,172,989,287,104,183,702,0.2901921132457027,0.27810077519379844,sealed_t1,next_step,mlp_set,src,13369344,1390411776,2446589952,9385279488,13222281216,8083789.395348838,76873728.0,347602944.0,3305570304.0,-2957967360.0,4
vram281_host682,963,8,172,1917,391,151,240,1526,0.2039645279081899,0.37887596899224807,sealed_t1,next_step,mlp_set,src,13369344,2018770944,3208642560,20401618944,25629032448,11737040.372093024,149006002.60465115,504692736.0,6407258112.0,-5902565376.0,4
vram281_host682,963,16,172,3740,492,207,285,3248,0.13155080213903744,0.47674418604651164,sealed_t1,next_step,mlp_set,src,13369344,2767454208,3810263040,43423629312,50001346560,16089850.046511628,290705503.25581396,691863552.0,12500336640.0,-11808473088.0,4
vram1024_host4096,5120,4,172,989,287,104,183,702,0.2901921132457027,0.27810077519379844,sealed_t1,next_step,mlp_set,src,13369344,1390411776,2446589952,9385279488,13222281216,8083789.395348838,76873728.0,347602944.0,3305570304.0,-2957967360.0,4
vram1024_host4096,5120,8,172,1917,391,151,240,1526,0.2039645279081899,0.37887596899224807,sealed_t1,next_step,mlp_set,src,13369344,2018770944,3208642560,20401618944,25629032448,11737040.372093024,149006002.60465115,504692736.0,6407258112.0,-5902565376.0,4
vram1024_host4096,5120,16,172,3740,492,207,285,3248,0.13155080213903744,0.47674418604651164,sealed_t1,next_step,mlp_set,src,13369344,2767454208,3810263040,43423629312,50001346560,16089850.046511628,290705503.25581396,691863552.0,12500336640.0,-11808473088.0,4
always_cold,0,4,172,688,180,72,108,508,0.2616279069767442,0.1744186046511628,sealed_t1,next_step,xlayer_bag,set,13369344,962592768,1443889152,6791626752,9198108672,5596469.5813953485,53477376.0,240648192.0,2299527168.0,-2058878976.0,4
always_cold,0,8,172,1376,263,100,163,1113,0.19113372093023256,0.2548449612403101,sealed_t1,next_step,xlayer_bag,set,13369344,1336934400,2179203072,14880079872,18396217344,7772874.4186046515,106954752.0,334233600.0,4599054336.0,-4264820736.0,4
always_cold,0,16,172,2752,370,148,222,2382,0.13444767441860464,0.35852713178294576,sealed_t1,next_step,xlayer_bag,set,13369344,1978662912,2967994368,31845777408,36792434688,11503854.139534883,213909504.0,494665728.0,9198108672.0,-8703442944.0,4
vram281_host682,963,4,172,688,180,72,108,508,0.2616279069767442,0.1744186046511628,sealed_t1,next_step,xlayer_bag,set,13369344,962592768,1443889152,6791626752,9198108672,5596469.5813953485,53477376.0,240648192.0,2299527168.0,-2058878976.0,4
vram281_host682,963,8,172,1376,263,100,163,1113,0.19113372093023256,0.2548449612403101,sealed_t1,next_step,xlayer_bag,set,13369344,1336934400,2179203072,14880079872,18396217344,7772874.4186046515,106954752.0,334233600.0,4599054336.0,-4264820736.0,4
vram281_host682,963,16,172,2752,370,148,222,2382,0.13444767441860464,0.35852713178294576,sealed_t1,next_step,xlayer_bag,set,13369344,1978662912,2967994368,31845777408,36792434688,11503854.139534883,213909504.0,494665728.0,9198108672.0,-8703442944.0,4
vram1024_host4096,5120,4,172,688,180,72,108,508,0.2616279069767442,0.1744186046511628,sealed_t1,next_step,xlayer_bag,set,13369344,962592768,1443889152,6791626752,9198108672,5596469.5813953485,53477376.0,240648192.0,2299527168.0,-2058878976.0,4
vram1024_host4096,5120,8,172,1376,263,100,163,1113,0.19113372093023256,0.2548449612403101,sealed_t1,next_step,xlayer_bag,set,13369344,1336934400,2179203072,14880079872,18396217344,7772874.4186046515,106954752.0,334233600.0,4599054336.0,-4264820736.0,4
vram1024_host4096,5120,16,172,2752,370,148,222,2382,0.13444767441860464,0.35852713178294576,sealed_t1,next_step,xlayer_bag,set,13369344,1978662912,2967994368,31845777408,36792434688,11503854.139534883,213909504.0,494665728.0,9198108672.0,-8703442944.0,4
always_cold,0,4,172,3008,337,151,186,2671,0.11203457446808511,0.32655038759689925,sealed_t1,next_step,xlayer_bag,src,13369344,2018770944,2486697984,35709517824,40214986752,11737040.372093024,233808062.5116279,504692736.0,10053746688.0,-9549053952.0,4
always_cold,0,8,172,5468,445,206,239,5023,0.08138258961228968,0.4312015503875969,sealed_t1,next_step,xlayer_bag,src,13369344,2754084864,3195273216,67154214912,73103572992,16012121.302325582,425020773.2093023,688521216.0,18275893248.0,-17587372032.0,4
always_cold,0,16,172,9744,577,282,295,9167,0.059215927750410506,0.5591085271317829,sealed_t1,next_step,xlayer_bag,src,13369344,3770155008,3943956480,122556776448,130270887936,21919505.860465117,757388883.3488373,942538752.0,32567721984.0,-31625183232.0,4
vram281_host682,963,4,172,3008,337,151,186,2671,0.11203457446808511,0.32655038759689925,sealed_t1,next_step,xlayer_bag,src,13369344,2018770944,2486697984,35709517824,40214986752,11737040.372093024,233808062.5116279,504692736.0,10053746688.0,-9549053952.0,4
vram281_host682,963,8,172,5468,445,206,239,5023,0.08138258961228968,0.4312015503875969,sealed_t1,next_step,xlayer_bag,src,13369344,2754084864,3195273216,67154214912,73103572992,16012121.302325582,425020773.2093023,688521216.0,18275893248.0,-17587372032.0,4
vram281_host682,963,16,172,9744,577,282,295,9167,0.059215927750410506,0.5591085271317829,sealed_t1,next_step,xlayer_bag,src,13369344,3770155008,3943956480,122556776448,130270887936,21919505.860465117,757388883.3488373,942538752.0,32567721984.0,-31625183232.0,4
vram1024_host4096,5120,4,172,3008,337,151,186,2671,0.11203457446808511,0.32655038759689925,sealed_t1,next_step,xlayer_bag,src,13369344,2018770944,2486697984,35709517824,40214986752,11737040.372093024,233808062.5116279,504692736.0,10053746688.0,-9549053952.0,4
vram1024_host4096,5120,8,172,5468,445,206,239,5023,0.08138258961228968,0.4312015503875969,sealed_t1,next_step,xlayer_bag,src,13369344,2754084864,3195273216,67154214912,73103572992,16012121.302325582,425020773.2093023,688521216.0,18275893248.0,-17587372032.0,4
vram1024_host4096,5120,16,172,9744,577,282,295,9167,0.059215927750410506,0.5591085271317829,sealed_t1,next_step,xlayer_bag,src,13369344,3770155008,3943956480,122556776448,130270887936,21919505.860465117,757388883.3488373,942538752.0,32567721984.0,-31625183232.0,4
