cell,model,b,host_gib,metric,nominal,lo,hi,kill_lo,kill_hi,source_tag,model_citation,prediction_ids
1xL4,dsv4_flash,1,16,decode_tps,1.2953554574355746,1.0023596497062335,2.1141914334215595,0.7016517547943634,3.02329374979283,CLOSED-FORM-ONLY (sim pending at freeze),"THEORY.md 5.1 T_pred = t_dense + t_compute + (1-eta_s)t_storage + (1-eta_h)t_h2d; substrate roofline_curves.csv (1xL4,dsv4_flash,1,finite_16tok,16); nominal anchored to the substrate tps_pred (reproduces FALSIFICATION P1/P1b/P14/P15b/P15c registered centers); range = T_pred sensitivity envelope at B_SSD 0.9-1.1x spec (Cell B_ssd 2.5e+09 B/s), COMPUTE_EFF 0.3-0.8, t_0 50-420us, eta_s 0.15-0.45, eta_h 0.3-0.7; horizon=finite_16tok; limiter=compute",-
1xL4,dsv4_flash,1,16,host_hit_rate,0.51,0.44,0.7531020871528816,0.37,0.8031020871528816,CLOSED-FORM-ONLY (sim pending at freeze),"FINITE/STEADY Che band: nominal = finite-window LRU prior (PREDECL_FINITE_HIT: 0.51 at 16 GiB pooled = P2 0.48-0.54 midpoint; saturation 0.536-0.54 = sealed-window repeat ceiling); upper edge = steady-Che (HOST_HIT_CURVE, cache_store_knees.csv) which over-predicts short windows by +25pp (known-failure 1) and governs >=512-token serving windows; pooled host budget basis, (1285 pooled slots); independent of cell and b; at host 16 GiB rows tagged P2 the P2 kill band 0.45-0.57 governs short-window measurements (registered-ID rule)","P2,P2b"
1xL4,dsv4_flash,1,16,cold_records_per_tok,156.10126617164872,15.7494271622892,312.20253234329743,11.8120703717169,390.2531654291218,CLOSED-FORM-ONLY (sim pending at freeze),"FALSIFICATION.md P4 bracket [steady-Che, 2x finite-Che] on roofline_curves.csv (1xL4,dsv4_flash,1,finite_16tok,16) (order-clamped min/max at b=8); nominal = finite-Che (anchor: 162 vs 155.06 measured, +4.5%); corrected anchor bracket 67.84-323.92","P3,P4"
1xL4,dsv4_flash,1,16,usd_per_1k_tok,0.08535956540711948,0.032034886727091594,0.09975770396342624,0.019220932036254957,0.16659536561892183,CLOSED-FORM-ONLY (sim pending at freeze),"THEORY.md 6 cost frontier: $/1k tok = 1000 * rate_s / TPS with the steady-horizon TPS at the row's own b (economics convention); nominal = substrate rs tps_pred -> reproduces serve_cost_frontier.csv exactly and the registered P14 (0.07-0.13) / P15b (0.70/0.74/0.93 ratios) / P15c (1.08-2.29 ratios) identities; range = relative T_s envelope; rate_s from serve_cost_frontier.csv (0.00041116 $/s); dense-baseline comparison carried under BOTH price readings (0.12892 vs 0.03581 $/1k tok, 3.57x ambiguity)",-
1xL4,dsv4_flash,1,64,decode_tps,1.3507016631691287,1.0466284048589092,2.2189936917805357,0.7326398834012364,3.173160979246166,CLOSED-FORM-ONLY (sim pending at freeze),"THEORY.md 5.1 T_pred = t_dense + t_compute + (1-eta_s)t_storage + (1-eta_h)t_h2d; substrate roofline_curves.csv (1xL4,dsv4_flash,1,finite_16tok,64); nominal anchored to the substrate tps_pred (reproduces FALSIFICATION P1/P1b/P14/P15b/P15c registered centers); range = T_pred sensitivity envelope at B_SSD 0.9-1.1x spec (Cell B_ssd 2.5e+09 B/s), COMPUTE_EFF 0.3-0.8, t_0 50-420us, eta_s 0.15-0.45, eta_h 0.3-0.7; horizon=finite_16tok; limiter=compute",P1
1xL4,dsv4_flash,1,64,host_hit_rate,0.54,0.47000000000000003,1.0,0.4,1.0,CLOSED-FORM-ONLY (sim pending at freeze),"FINITE/STEADY Che band: nominal = finite-window LRU prior (PREDECL_FINITE_HIT: 0.51 at 16 GiB pooled = P2 0.48-0.54 midpoint; saturation 0.536-0.54 = sealed-window repeat ceiling); upper edge = steady-Che (HOST_HIT_CURVE, cache_store_knees.csv) which over-predicts short windows by +25pp (known-failure 1) and governs >=512-token serving windows; pooled host budget basis, (5140 pooled slots); independent of cell and b; at host 16 GiB rows tagged P2 the P2 kill band 0.45-0.57 governs short-window measurements (registered-ID rule)",P2
1xL4,dsv4_flash,1,64,cold_records_per_tok,147.75,2.6186717627771237e-09,295.5,1.9640038220828427e-09,369.375,CLOSED-FORM-ONLY (sim pending at freeze),"FALSIFICATION.md P4 bracket [steady-Che, 2x finite-Che] on roofline_curves.csv (1xL4,dsv4_flash,1,finite_16tok,64) (order-clamped min/max at b=8); nominal = finite-Che (anchor: 162 vs 155.06 measured, +4.5%); corrected anchor bracket 67.84-323.92","P3,P4"
1xL4,dsv4_flash,1,64,usd_per_1k_tok,0.07659718854227603,0.018530264141641727,0.08441467095570568,0.011118158484985036,0.14097250049602847,CLOSED-FORM-ONLY (sim pending at freeze),"THEORY.md 6 cost frontier: $/1k tok = 1000 * rate_s / TPS with the steady-horizon TPS at the row's own b (economics convention); nominal = substrate rs tps_pred -> reproduces serve_cost_frontier.csv exactly and the registered P14 (0.07-0.13) / P15b (0.70/0.74/0.93 ratios) / P15c (1.08-2.29 ratios) identities; range = relative T_s envelope; rate_s from serve_cost_frontier.csv (0.00051772 $/s); dense-baseline comparison carried under BOTH price readings (0.12892 vs 0.03581 $/1k tok, 3.57x ambiguity)",-
1xL4,dsv4_flash,1,256,decode_tps,1.3507016631691287,1.0466284048589092,2.2189936917805357,0.7326398834012364,3.173160979246166,CLOSED-FORM-ONLY (sim pending at freeze),"THEORY.md 5.1 T_pred = t_dense + t_compute + (1-eta_s)t_storage + (1-eta_h)t_h2d; substrate roofline_curves.csv (1xL4,dsv4_flash,1,finite_16tok,256); nominal anchored to the substrate tps_pred (reproduces FALSIFICATION P1/P1b/P14/P15b/P15c registered centers); range = T_pred sensitivity envelope at B_SSD 0.9-1.1x spec (Cell B_ssd 2.5e+09 B/s), COMPUTE_EFF 0.3-0.8, t_0 50-420us, eta_s 0.15-0.45, eta_h 0.3-0.7; horizon=finite_16tok; limiter=compute",P15c
1xL4,dsv4_flash,1,256,host_hit_rate,0.54,0.47000000000000003,1.0,0.4,1.0,CLOSED-FORM-ONLY (sim pending at freeze),"FINITE/STEADY Che band: nominal = finite-window LRU prior (PREDECL_FINITE_HIT: 0.51 at 16 GiB pooled = P2 0.48-0.54 midpoint; saturation 0.536-0.54 = sealed-window repeat ceiling); upper edge = steady-Che (HOST_HIT_CURVE, cache_store_knees.csv) which over-predicts short windows by +25pp (known-failure 1) and governs >=512-token serving windows; pooled host budget basis, (20560 pooled slots); independent of cell and b; at host 16 GiB rows tagged P2 the P2 kill band 0.45-0.57 governs short-window measurements (registered-ID rule)",P2
1xL4,dsv4_flash,1,256,cold_records_per_tok,147.75,2.6186717627771237e-09,295.5,1.9640038220828427e-09,369.375,CLOSED-FORM-ONLY (sim pending at freeze),"FALSIFICATION.md P4 bracket [steady-Che, 2x finite-Che] on roofline_curves.csv (1xL4,dsv4_flash,1,finite_16tok,256) (order-clamped min/max at b=8); nominal = finite-Che (anchor: 162 vs 155.06 measured, +4.5%); corrected anchor bracket 67.84-323.92","P3,P4"
1xL4,dsv4_flash,1,256,usd_per_1k_tok,0.13965982016604894,0.033786270839728266,0.15391345282266072,0.02027176250383696,0.2570354662138434,CLOSED-FORM-ONLY (sim pending at freeze),"THEORY.md 6 cost frontier: $/1k tok = 1000 * rate_s / TPS with the steady-horizon TPS at the row's own b (economics convention); nominal = substrate rs tps_pred -> reproduces serve_cost_frontier.csv exactly and the registered P14 (0.07-0.13) / P15b (0.70/0.74/0.93 ratios) / P15c (1.08-2.29 ratios) identities; range = relative T_s envelope; rate_s from serve_cost_frontier.csv (0.00094396 $/s); dense-baseline comparison carried under BOTH price readings (0.12892 vs 0.03581 $/1k tok, 3.57x ambiguity)",P15c
2xL4,dsv4_flash,1,16,decode_tps,2.327740935381801,1.8470655428991867,4.3122914882088565,1.2929458800294307,6.166576828138664,CLOSED-FORM-ONLY (sim pending at freeze),"THEORY.md 5.1 T_pred = t_dense + t_compute + (1-eta_s)t_storage + (1-eta_h)t_h2d; substrate roofline_curves.csv (2xL4,dsv4_flash,1,finite_16tok,16); nominal anchored to the substrate tps_pred (reproduces FALSIFICATION P1/P1b/P14/P15b/P15c registered centers); range = T_pred sensitivity envelope at B_SSD 0.9-1.1x spec (Cell B_ssd 5e+09 B/s), COMPUTE_EFF 0.3-0.8, t_0 50-420us, eta_s 0.15-0.45, eta_h 0.3-0.7; horizon=finite_16tok; limiter=compute",-
2xL4,dsv4_flash,1,16,host_hit_rate,0.51,0.44,0.7531020871528816,0.37,0.8031020871528816,CLOSED-FORM-ONLY (sim pending at freeze),"FINITE/STEADY Che band: nominal = finite-window LRU prior (PREDECL_FINITE_HIT: 0.51 at 16 GiB pooled = P2 0.48-0.54 midpoint; saturation 0.536-0.54 = sealed-window repeat ceiling); upper edge = steady-Che (HOST_HIT_CURVE, cache_store_knees.csv) which over-predicts short windows by +25pp (known-failure 1) and governs >=512-token serving windows; pooled host budget basis, (1285 pooled slots); independent of cell and b; at host 16 GiB rows tagged P2 the P2 kill band 0.45-0.57 governs short-window measurements (registered-ID rule)","P2,P2b"
2xL4,dsv4_flash,1,16,cold_records_per_tok,147.75,0.0,295.5,0.0,369.375,CLOSED-FORM-ONLY (sim pending at freeze),"FALSIFICATION.md P4 bracket [steady-Che, 2x finite-Che] on roofline_curves.csv (2xL4,dsv4_flash,1,finite_16tok,16) (order-clamped min/max at b=8); nominal = finite-Che (anchor: 162 vs 155.06 measured, +4.5%); corrected anchor bracket 67.84-323.92","P3,P4"
2xL4,dsv4_flash,1,16,usd_per_1k_tok,0.10230294634140799,0.01766160028023304,0.11052927497475577,0.010596960168139824,0.18458388920784213,CLOSED-FORM-ONLY (sim pending at freeze),"THEORY.md 6 cost frontier: $/1k tok = 1000 * rate_s / TPS with the steady-horizon TPS at the row's own b (economics convention); nominal = substrate rs tps_pred -> reproduces serve_cost_frontier.csv exactly and the registered P14 (0.07-0.13) / P15b (0.70/0.74/0.93 ratios) / P15c (1.08-2.29 ratios) identities; range = relative T_s envelope; rate_s from serve_cost_frontier.csv (0.0007868 $/s); dense-baseline comparison carried under BOTH price readings (0.12892 vs 0.03581 $/1k tok, 3.57x ambiguity)",-
2xL4,dsv4_flash,1,64,decode_tps,2.327740935381801,1.8470655428991867,4.3122914882088565,1.2929458800294307,6.166576828138664,CLOSED-FORM-ONLY (sim pending at freeze),"THEORY.md 5.1 T_pred = t_dense + t_compute + (1-eta_s)t_storage + (1-eta_h)t_h2d; substrate roofline_curves.csv (2xL4,dsv4_flash,1,finite_16tok,64); nominal anchored to the substrate tps_pred (reproduces FALSIFICATION P1/P1b/P14/P15b/P15c registered centers); range = T_pred sensitivity envelope at B_SSD 0.9-1.1x spec (Cell B_ssd 5e+09 B/s), COMPUTE_EFF 0.3-0.8, t_0 50-420us, eta_s 0.15-0.45, eta_h 0.3-0.7; horizon=finite_16tok; limiter=compute",-
2xL4,dsv4_flash,1,64,host_hit_rate,0.54,0.47000000000000003,1.0,0.4,1.0,CLOSED-FORM-ONLY (sim pending at freeze),"FINITE/STEADY Che band: nominal = finite-window LRU prior (PREDECL_FINITE_HIT: 0.51 at 16 GiB pooled = P2 0.48-0.54 midpoint; saturation 0.536-0.54 = sealed-window repeat ceiling); upper edge = steady-Che (HOST_HIT_CURVE, cache_store_knees.csv) which over-predicts short windows by +25pp (known-failure 1) and governs >=512-token serving windows; pooled host budget basis, (5140 pooled slots); independent of cell and b; at host 16 GiB rows tagged P2 the P2 kill band 0.45-0.57 governs short-window measurements (registered-ID rule)",P2
2xL4,dsv4_flash,1,64,cold_records_per_tok,147.75,0.0,295.5,0.0,369.375,CLOSED-FORM-ONLY (sim pending at freeze),"FALSIFICATION.md P4 bracket [steady-Che, 2x finite-Che] on roofline_curves.csv (2xL4,dsv4_flash,1,finite_16tok,64) (order-clamped min/max at b=8); nominal = finite-Che (anchor: 162 vs 155.06 measured, +4.5%); corrected anchor bracket 67.84-323.92","P3,P4"
2xL4,dsv4_flash,1,64,usd_per_1k_tok,0.11615831233294387,0.02005359332276181,0.12549877108724936,0.012032155993657085,0.2095829477157064,CLOSED-FORM-ONLY (sim pending at freeze),"THEORY.md 6 cost frontier: $/1k tok = 1000 * rate_s / TPS with the steady-horizon TPS at the row's own b (economics convention); nominal = substrate rs tps_pred -> reproduces serve_cost_frontier.csv exactly and the registered P14 (0.07-0.13) / P15b (0.70/0.74/0.93 ratios) / P15c (1.08-2.29 ratios) identities; range = relative T_s envelope; rate_s from serve_cost_frontier.csv (0.00089336 $/s); dense-baseline comparison carried under BOTH price readings (0.12892 vs 0.03581 $/1k tok, 3.57x ambiguity)",-
2xL4,dsv4_flash,1,256,decode_tps,2.327740935381801,1.8470655428991867,4.3122914882088565,1.2929458800294307,6.166576828138664,CLOSED-FORM-ONLY (sim pending at freeze),"THEORY.md 5.1 T_pred = t_dense + t_compute + (1-eta_s)t_storage + (1-eta_h)t_h2d; substrate roofline_curves.csv (2xL4,dsv4_flash,1,finite_16tok,256); nominal anchored to the substrate tps_pred (reproduces FALSIFICATION P1/P1b/P14/P15b/P15c registered centers); range = T_pred sensitivity envelope at B_SSD 0.9-1.1x spec (Cell B_ssd 5e+09 B/s), COMPUTE_EFF 0.3-0.8, t_0 50-420us, eta_s 0.15-0.45, eta_h 0.3-0.7; horizon=finite_16tok; limiter=compute",P15c
2xL4,dsv4_flash,1,256,host_hit_rate,0.54,0.47000000000000003,1.0,0.4,1.0,CLOSED-FORM-ONLY (sim pending at freeze),"FINITE/STEADY Che band: nominal = finite-window LRU prior (PREDECL_FINITE_HIT: 0.51 at 16 GiB pooled = P2 0.48-0.54 midpoint; saturation 0.536-0.54 = sealed-window repeat ceiling); upper edge = steady-Che (HOST_HIT_CURVE, cache_store_knees.csv) which over-predicts short windows by +25pp (known-failure 1) and governs >=512-token serving windows; pooled host budget basis, (20560 pooled slots); independent of cell and b; at host 16 GiB rows tagged P2 the P2 kill band 0.45-0.57 governs short-window measurements (registered-ID rule)",P2
2xL4,dsv4_flash,1,256,cold_records_per_tok,147.75,0.0,295.5,0.0,369.375,CLOSED-FORM-ONLY (sim pending at freeze),"FALSIFICATION.md P4 bracket [steady-Che, 2x finite-Che] on roofline_curves.csv (2xL4,dsv4_flash,1,finite_16tok,256) (order-clamped min/max at b=8); nominal = finite-Che (anchor: 162 vs 155.06 measured, +4.5%); corrected anchor bracket 67.84-323.92","P3,P4"
2xL4,dsv4_flash,1,256,usd_per_1k_tok,0.17157977629908738,0.029621565492876867,0.1853767555372238,0.01777293929572612,0.3095791817471637,CLOSED-FORM-ONLY (sim pending at freeze),"THEORY.md 6 cost frontier: $/1k tok = 1000 * rate_s / TPS with the steady-horizon TPS at the row's own b (economics convention); nominal = substrate rs tps_pred -> reproduces serve_cost_frontier.csv exactly and the registered P14 (0.07-0.13) / P15b (0.70/0.74/0.93 ratios) / P15c (1.08-2.29 ratios) identities; range = relative T_s envelope; rate_s from serve_cost_frontier.csv (0.0013196 $/s); dense-baseline comparison carried under BOTH price readings (0.12892 vs 0.03581 $/1k tok, 3.57x ambiguity)",P15c
1xA10,dsv4_flash,1,16,decode_tps,1.485832193148171,1.1550485036873184,2.4814938581649564,0.8085339525811228,3.5485362171758874,CLOSED-FORM-ONLY (sim pending at freeze),"THEORY.md 5.1 T_pred = t_dense + t_compute + (1-eta_s)t_storage + (1-eta_h)t_h2d; substrate roofline_curves.csv (1xA10,dsv4_flash,1,finite_16tok,16); nominal anchored to the substrate tps_pred (reproduces FALSIFICATION P1/P1b/P14/P15b/P15c registered centers); range = T_pred sensitivity envelope at B_SSD 0.9-1.1x spec (Cell B_ssd 3e+09 B/s), COMPUTE_EFF 0.3-0.8, t_0 50-420us, eta_s 0.15-0.45, eta_h 0.3-0.7; horizon=finite_16tok; limiter=compute",-
1xA10,dsv4_flash,1,16,host_hit_rate,0.51,0.44,0.7531020871528816,0.37,0.8031020871528816,CLOSED-FORM-ONLY (sim pending at freeze),"FINITE/STEADY Che band: nominal = finite-window LRU prior (PREDECL_FINITE_HIT: 0.51 at 16 GiB pooled = P2 0.48-0.54 midpoint; saturation 0.536-0.54 = sealed-window repeat ceiling); upper edge = steady-Che (HOST_HIT_CURVE, cache_store_knees.csv) which over-predicts short windows by +25pp (known-failure 1) and governs >=512-token serving windows; pooled host budget basis, (1285 pooled slots); independent of cell and b; at host 16 GiB rows tagged P2 the P2 kill band 0.45-0.57 governs short-window measurements (registered-ID rule)","P2,P2b"
1xA10,dsv4_flash,1,16,cold_records_per_tok,156.10126617164872,15.7494271622892,312.20253234329743,11.8120703717169,390.2531654291218,CLOSED-FORM-ONLY (sim pending at freeze),"FALSIFICATION.md P4 bracket [steady-Che, 2x finite-Che] on roofline_curves.csv (1xA10,dsv4_flash,1,finite_16tok,16) (order-clamped min/max at b=8); nominal = finite-Che (anchor: 162 vs 155.06 measured, +4.5%); corrected anchor bracket 67.84-323.92","P3,P4"
1xA10,dsv4_flash,1,16,usd_per_1k_tok,0.09766806210470148,0.034896892253492996,0.11336099867908993,0.020938135352095797,0.18931286779408016,CLOSED-FORM-ONLY (sim pending at freeze),"THEORY.md 6 cost frontier: $/1k tok = 1000 * rate_s / TPS with the steady-horizon TPS at the row's own b (economics convention); nominal = substrate rs tps_pred -> reproduces serve_cost_frontier.csv exactly and the registered P14 (0.07-0.13) / P15b (0.70/0.74/0.93 ratios) / P15c (1.08-2.29 ratios) identities; range = relative T_s envelope; rate_s from serve_cost_frontier.csv (0.00049516 $/s); dense-baseline comparison carried under BOTH price readings (0.12892 vs 0.03581 $/1k tok, 3.57x ambiguity)",-
1xA10,dsv4_flash,1,64,decode_tps,1.5464011568270128,1.2039483649721916,2.601679957130708,0.8427638554805341,3.7204023386969123,CLOSED-FORM-ONLY (sim pending at freeze),"THEORY.md 5.1 T_pred = t_dense + t_compute + (1-eta_s)t_storage + (1-eta_h)t_h2d; substrate roofline_curves.csv (1xA10,dsv4_flash,1,finite_16tok,64); nominal anchored to the substrate tps_pred (reproduces FALSIFICATION P1/P1b/P14/P15b/P15c registered centers); range = T_pred sensitivity envelope at B_SSD 0.9-1.1x spec (Cell B_ssd 3e+09 B/s), COMPUTE_EFF 0.3-0.8, t_0 50-420us, eta_s 0.15-0.45, eta_h 0.3-0.7; horizon=finite_16tok; limiter=compute",-
1xA10,dsv4_flash,1,64,host_hit_rate,0.54,0.47000000000000003,1.0,0.4,1.0,CLOSED-FORM-ONLY (sim pending at freeze),"FINITE/STEADY Che band: nominal = finite-window LRU prior (PREDECL_FINITE_HIT: 0.51 at 16 GiB pooled = P2 0.48-0.54 midpoint; saturation 0.536-0.54 = sealed-window repeat ceiling); upper edge = steady-Che (HOST_HIT_CURVE, cache_store_knees.csv) which over-predicts short windows by +25pp (known-failure 1) and governs >=512-token serving windows; pooled host budget basis, (5140 pooled slots); independent of cell and b; at host 16 GiB rows tagged P2 the P2 kill band 0.45-0.57 governs short-window measurements (registered-ID rule)",P2
1xA10,dsv4_flash,1,64,cold_records_per_tok,147.75,2.6186717627771237e-09,295.5,1.9640038220828427e-09,369.375,CLOSED-FORM-ONLY (sim pending at freeze),"FALSIFICATION.md P4 bracket [steady-Che, 2x finite-Che] on roofline_curves.csv (1xA10,dsv4_flash,1,finite_16tok,64) (order-clamped min/max at b=8); nominal = finite-Che (anchor: 162 vs 155.06 measured, +4.5%); corrected anchor bracket 67.84-323.92","P3,P4"
1xA10,dsv4_flash,1,64,usd_per_1k_tok,0.08877318531220509,0.02128598056586388,0.09785558897630131,0.012771588339518327,0.1634188335904232,CLOSED-FORM-ONLY (sim pending at freeze),"THEORY.md 6 cost frontier: $/1k tok = 1000 * rate_s / TPS with the steady-horizon TPS at the row's own b (economics convention); nominal = substrate rs tps_pred -> reproduces serve_cost_frontier.csv exactly and the registered P14 (0.07-0.13) / P15b (0.70/0.74/0.93 ratios) / P15c (1.08-2.29 ratios) identities; range = relative T_s envelope; rate_s from serve_cost_frontier.csv (0.00060172 $/s); dense-baseline comparison carried under BOTH price readings (0.12892 vs 0.03581 $/1k tok, 3.57x ambiguity)",-
1xA10,dsv4_flash,1,256,decode_tps,1.5464011568270128,1.2039483649721916,2.601679957130708,0.8427638554805341,3.7204023386969123,CLOSED-FORM-ONLY (sim pending at freeze),"THEORY.md 5.1 T_pred = t_dense + t_compute + (1-eta_s)t_storage + (1-eta_h)t_h2d; substrate roofline_curves.csv (1xA10,dsv4_flash,1,finite_16tok,256); nominal anchored to the substrate tps_pred (reproduces FALSIFICATION P1/P1b/P14/P15b/P15c registered centers); range = T_pred sensitivity envelope at B_SSD 0.9-1.1x spec (Cell B_ssd 3e+09 B/s), COMPUTE_EFF 0.3-0.8, t_0 50-420us, eta_s 0.15-0.45, eta_h 0.3-0.7; horizon=finite_16tok; limiter=compute",P15c
1xA10,dsv4_flash,1,256,host_hit_rate,0.54,0.47000000000000003,1.0,0.4,1.0,CLOSED-FORM-ONLY (sim pending at freeze),"FINITE/STEADY Che band: nominal = finite-window LRU prior (PREDECL_FINITE_HIT: 0.51 at 16 GiB pooled = P2 0.48-0.54 midpoint; saturation 0.536-0.54 = sealed-window repeat ceiling); upper edge = steady-Che (HOST_HIT_CURVE, cache_store_knees.csv) which over-predicts short windows by +25pp (known-failure 1) and governs >=512-token serving windows; pooled host budget basis, (20560 pooled slots); independent of cell and b; at host 16 GiB rows tagged P2 the P2 kill band 0.45-0.57 governs short-window measurements (registered-ID rule)",P2
1xA10,dsv4_flash,1,256,cold_records_per_tok,147.75,2.6186717627771237e-09,295.5,1.9640038220828427e-09,369.375,CLOSED-FORM-ONLY (sim pending at freeze),"FALSIFICATION.md P4 bracket [steady-Che, 2x finite-Che] on roofline_curves.csv (1xA10,dsv4_flash,1,finite_16tok,256) (order-clamped min/max at b=8); nominal = finite-Che (anchor: 162 vs 155.06 measured, +4.5%); corrected anchor bracket 67.84-323.92","P3,P4"
1xA10,dsv4_flash,1,256,usd_per_1k_tok,0.15165738810997528,0.03636431659656556,0.1671734880743181,0.021818589957939335,0.2791797250841112,CLOSED-FORM-ONLY (sim pending at freeze),"THEORY.md 6 cost frontier: $/1k tok = 1000 * rate_s / TPS with the steady-horizon TPS at the row's own b (economics convention); nominal = substrate rs tps_pred -> reproduces serve_cost_frontier.csv exactly and the registered P14 (0.07-0.13) / P15b (0.70/0.74/0.93 ratios) / P15c (1.08-2.29 ratios) identities; range = relative T_s envelope; rate_s from serve_cost_frontier.csv (0.00102796 $/s); dense-baseline comparison carried under BOTH price readings (0.12892 vs 0.03581 $/1k tok, 3.57x ambiguity)",P15c
1xL40S,dsv4_flash,1,16,decode_tps,2.626081087169019,2.0964816515362443,5.081266349899476,1.467537156075371,7.26621088035625,CLOSED-FORM-ONLY (sim pending at freeze),"THEORY.md 5.1 T_pred = t_dense + t_compute + (1-eta_s)t_storage + (1-eta_h)t_h2d; substrate roofline_curves.csv (1xL40S,dsv4_flash,1,finite_16tok,16); nominal anchored to the substrate tps_pred (reproduces FALSIFICATION P1/P1b/P14/P15b/P15c registered centers); range = T_pred sensitivity envelope at B_SSD 0.9-1.1x spec (Cell B_ssd 6e+09 B/s), COMPUTE_EFF 0.3-0.8, t_0 50-420us, eta_s 0.15-0.45, eta_h 0.3-0.7; horizon=finite_16tok; limiter=compute",-
1xL40S,dsv4_flash,1,16,host_hit_rate,0.51,0.44,0.7531020871528816,0.37,0.8031020871528816,CLOSED-FORM-ONLY (sim pending at freeze),"FINITE/STEADY Che band: nominal = finite-window LRU prior (PREDECL_FINITE_HIT: 0.51 at 16 GiB pooled = P2 0.48-0.54 midpoint; saturation 0.536-0.54 = sealed-window repeat ceiling); upper edge = steady-Che (HOST_HIT_CURVE, cache_store_knees.csv) which over-predicts short windows by +25pp (known-failure 1) and governs >=512-token serving windows; pooled host budget basis, (1285 pooled slots); independent of cell and b; at host 16 GiB rows tagged P2 the P2 kill band 0.45-0.57 governs short-window measurements (registered-ID rule)","P2,P2b"
1xL40S,dsv4_flash,1,16,cold_records_per_tok,147.75,0.0,295.5,0.0,369.375,CLOSED-FORM-ONLY (sim pending at freeze),"FALSIFICATION.md P4 bracket [steady-Che, 2x finite-Che] on roofline_curves.csv (1xL40S,dsv4_flash,1,finite_16tok,16) (order-clamped min/max at b=8); nominal = finite-Che (anchor: 162 vs 155.06 measured, +4.5%); corrected anchor bracket 67.84-323.92","P3,P4"
1xL40S,dsv4_flash,1,16,usd_per_1k_tok,0.11426222443700527,0.018131314307686483,0.1235793796796269,0.010878788584611889,0.20637756406497693,CLOSED-FORM-ONLY (sim pending at freeze),"THEORY.md 6 cost frontier: $/1k tok = 1000 * rate_s / TPS with the steady-horizon TPS at the row's own b (economics convention); nominal = substrate rs tps_pred -> reproduces serve_cost_frontier.csv exactly and the registered P14 (0.07-0.13) / P15b (0.70/0.74/0.93 ratios) / P15c (1.08-2.29 ratios) identities; range = relative T_s envelope; rate_s from serve_cost_frontier.csv (0.00089368 $/s); dense-baseline comparison carried under BOTH price readings (0.12892 vs 0.03581 $/1k tok, 3.57x ambiguity)",-
1xL40S,dsv4_flash,1,64,decode_tps,2.626081087169019,2.0964816515362443,5.081266349899476,1.467537156075371,7.26621088035625,CLOSED-FORM-ONLY (sim pending at freeze),"THEORY.md 5.1 T_pred = t_dense + t_compute + (1-eta_s)t_storage + (1-eta_h)t_h2d; substrate roofline_curves.csv (1xL40S,dsv4_flash,1,finite_16tok,64); nominal anchored to the substrate tps_pred (reproduces FALSIFICATION P1/P1b/P14/P15b/P15c registered centers); range = T_pred sensitivity envelope at B_SSD 0.9-1.1x spec (Cell B_ssd 6e+09 B/s), COMPUTE_EFF 0.3-0.8, t_0 50-420us, eta_s 0.15-0.45, eta_h 0.3-0.7; horizon=finite_16tok; limiter=compute",-
1xL40S,dsv4_flash,1,64,host_hit_rate,0.54,0.47000000000000003,1.0,0.4,1.0,CLOSED-FORM-ONLY (sim pending at freeze),"FINITE/STEADY Che band: nominal = finite-window LRU prior (PREDECL_FINITE_HIT: 0.51 at 16 GiB pooled = P2 0.48-0.54 midpoint; saturation 0.536-0.54 = sealed-window repeat ceiling); upper edge = steady-Che (HOST_HIT_CURVE, cache_store_knees.csv) which over-predicts short windows by +25pp (known-failure 1) and governs >=512-token serving windows; pooled host budget basis, (5140 pooled slots); independent of cell and b; at host 16 GiB rows tagged P2 the P2 kill band 0.45-0.57 governs short-window measurements (registered-ID rule)",P2
1xL40S,dsv4_flash,1,64,cold_records_per_tok,147.75,0.0,295.5,0.0,369.375,CLOSED-FORM-ONLY (sim pending at freeze),"FALSIFICATION.md P4 bracket [steady-Che, 2x finite-Che] on roofline_curves.csv (1xL40S,dsv4_flash,1,finite_16tok,64) (order-clamped min/max at b=8); nominal = finite-Che (anchor: 162 vs 155.06 measured, +4.5%); corrected anchor bracket 67.84-323.92","P3,P4"
1xL40S,dsv4_flash,1,64,usd_per_1k_tok,0.1278865448156724,0.020293243468713994,0.1383146525946088,0.012175946081228396,0.23098546983299667,CLOSED-FORM-ONLY (sim pending at freeze),"THEORY.md 6 cost frontier: $/1k tok = 1000 * rate_s / TPS with the steady-horizon TPS at the row's own b (economics convention); nominal = substrate rs tps_pred -> reproduces serve_cost_frontier.csv exactly and the registered P14 (0.07-0.13) / P15b (0.70/0.74/0.93 ratios) / P15c (1.08-2.29 ratios) identities; range = relative T_s envelope; rate_s from serve_cost_frontier.csv (0.00100024 $/s); dense-baseline comparison carried under BOTH price readings (0.12892 vs 0.03581 $/1k tok, 3.57x ambiguity)",-
1xL40S,dsv4_flash,1,256,decode_tps,2.626081087169019,2.0964816515362443,5.081266349899476,1.467537156075371,7.26621088035625,CLOSED-FORM-ONLY (sim pending at freeze),"THEORY.md 5.1 T_pred = t_dense + t_compute + (1-eta_s)t_storage + (1-eta_h)t_h2d; substrate roofline_curves.csv (1xL40S,dsv4_flash,1,finite_16tok,256); nominal anchored to the substrate tps_pred (reproduces FALSIFICATION P1/P1b/P14/P15b/P15c registered centers); range = T_pred sensitivity envelope at B_SSD 0.9-1.1x spec (Cell B_ssd 6e+09 B/s), COMPUTE_EFF 0.3-0.8, t_0 50-420us, eta_s 0.15-0.45, eta_h 0.3-0.7; horizon=finite_16tok; limiter=compute",P15c
1xL40S,dsv4_flash,1,256,host_hit_rate,0.54,0.47000000000000003,1.0,0.4,1.0,CLOSED-FORM-ONLY (sim pending at freeze),"FINITE/STEADY Che band: nominal = finite-window LRU prior (PREDECL_FINITE_HIT: 0.51 at 16 GiB pooled = P2 0.48-0.54 midpoint; saturation 0.536-0.54 = sealed-window repeat ceiling); upper edge = steady-Che (HOST_HIT_CURVE, cache_store_knees.csv) which over-predicts short windows by +25pp (known-failure 1) and governs >=512-token serving windows; pooled host budget basis, (20560 pooled slots); independent of cell and b; at host 16 GiB rows tagged P2 the P2 kill band 0.45-0.57 governs short-window measurements (registered-ID rule)",P2
1xL40S,dsv4_flash,1,256,cold_records_per_tok,147.75,0.0,295.5,0.0,369.375,CLOSED-FORM-ONLY (sim pending at freeze),"FALSIFICATION.md P4 bracket [steady-Che, 2x finite-Che] on roofline_curves.csv (1xL40S,dsv4_flash,1,finite_16tok,256) (order-clamped min/max at b=8); nominal = finite-Che (anchor: 162 vs 155.06 measured, +4.5%); corrected anchor bracket 67.84-323.92","P3,P4"
1xL40S,dsv4_flash,1,256,usd_per_1k_tok,0.18238382633034114,0.028940960112824064,0.19725574425453649,0.017364576067694436,0.3294170929050759,CLOSED-FORM-ONLY (sim pending at freeze),"THEORY.md 6 cost frontier: $/1k tok = 1000 * rate_s / TPS with the steady-horizon TPS at the row's own b (economics convention); nominal = substrate rs tps_pred -> reproduces serve_cost_frontier.csv exactly and the registered P14 (0.07-0.13) / P15b (0.70/0.74/0.93 ratios) / P15c (1.08-2.29 ratios) identities; range = relative T_s envelope; rate_s from serve_cost_frontier.csv (0.00142648 $/s); dense-baseline comparison carried under BOTH price readings (0.12892 vs 0.03581 $/1k tok, 3.57x ambiguity)",P15c
1xRTXPRO6000,dsv4_flash,1,16,decode_tps,3.186710668835448,2.578207013123492,6.68538109926327,1.8047449091864443,9.560094971946477,CLOSED-FORM-ONLY (sim pending at freeze),"THEORY.md 5.1 T_pred = t_dense + t_compute + (1-eta_s)t_storage + (1-eta_h)t_h2d; substrate roofline_curves.csv (1xRTXPRO6000,dsv4_flash,1,finite_16tok,16); nominal anchored to the substrate tps_pred (reproduces FALSIFICATION P1/P1b/P14/P15b/P15c registered centers); range = T_pred sensitivity envelope at B_SSD 0.9-1.1x spec (Cell B_ssd 8e+09 B/s), COMPUTE_EFF 0.3-0.8, t_0 50-420us, eta_s 0.15-0.45, eta_h 0.3-0.7; horizon=finite_16tok; limiter=compute",-
1xRTXPRO6000,dsv4_flash,1,16,host_hit_rate,0.51,0.44,0.7531020871528816,0.37,0.8031020871528816,CLOSED-FORM-ONLY (sim pending at freeze),"FINITE/STEADY Che band: nominal = finite-window LRU prior (PREDECL_FINITE_HIT: 0.51 at 16 GiB pooled = P2 0.48-0.54 midpoint; saturation 0.536-0.54 = sealed-window repeat ceiling); upper edge = steady-Che (HOST_HIT_CURVE, cache_store_knees.csv) which over-predicts short windows by +25pp (known-failure 1) and governs >=512-token serving windows; pooled host budget basis, (1285 pooled slots); independent of cell and b; at host 16 GiB rows tagged P2 the P2 kill band 0.45-0.57 governs short-window measurements (registered-ID rule)","P2,P2b"
1xRTXPRO6000,dsv4_flash,1,16,cold_records_per_tok,147.75,0.0,295.5,0.0,369.375,CLOSED-FORM-ONLY (sim pending at freeze),"FALSIFICATION.md P4 bracket [steady-Che, 2x finite-Che] on roofline_curves.csv (1xRTXPRO6000,dsv4_flash,1,finite_16tok,16) (order-clamped min/max at b=8); nominal = finite-Che (anchor: 162 vs 155.06 measured, +4.5%); corrected anchor bracket 67.84-323.92","P3,P4"
1xRTXPRO6000,dsv4_flash,1,16,usd_per_1k_tok,0.16349806580557677,0.0236461836452716,0.17701609986216857,0.01418771018716296,0.2956168867698215,CLOSED-FORM-ONLY (sim pending at freeze),"THEORY.md 6 cost frontier: $/1k tok = 1000 * rate_s / TPS with the steady-horizon TPS at the row's own b (economics convention); nominal = substrate rs tps_pred -> reproduces serve_cost_frontier.csv exactly and the registered P14 (0.07-0.13) / P15b (0.70/0.74/0.93 ratios) / P15c (1.08-2.29 ratios) identities; range = relative T_s envelope; rate_s from serve_cost_frontier.csv (0.00130024 $/s); dense-baseline comparison carried under BOTH price readings (0.12892 vs 0.03581 $/1k tok, 3.57x ambiguity)",-
1xRTXPRO6000,dsv4_flash,1,64,decode_tps,3.186710668835448,2.578207013123492,6.68538109926327,1.8047449091864443,9.560094971946477,CLOSED-FORM-ONLY (sim pending at freeze),"THEORY.md 5.1 T_pred = t_dense + t_compute + (1-eta_s)t_storage + (1-eta_h)t_h2d; substrate roofline_curves.csv (1xRTXPRO6000,dsv4_flash,1,finite_16tok,64); nominal anchored to the substrate tps_pred (reproduces FALSIFICATION P1/P1b/P14/P15b/P15c registered centers); range = T_pred sensitivity envelope at B_SSD 0.9-1.1x spec (Cell B_ssd 8e+09 B/s), COMPUTE_EFF 0.3-0.8, t_0 50-420us, eta_s 0.15-0.45, eta_h 0.3-0.7; horizon=finite_16tok; limiter=compute",-
1xRTXPRO6000,dsv4_flash,1,64,host_hit_rate,0.54,0.47000000000000003,1.0,0.4,1.0,CLOSED-FORM-ONLY (sim pending at freeze),"FINITE/STEADY Che band: nominal = finite-window LRU prior (PREDECL_FINITE_HIT: 0.51 at 16 GiB pooled = P2 0.48-0.54 midpoint; saturation 0.536-0.54 = sealed-window repeat ceiling); upper edge = steady-Che (HOST_HIT_CURVE, cache_store_knees.csv) which over-predicts short windows by +25pp (known-failure 1) and governs >=512-token serving windows; pooled host budget basis, (5140 pooled slots); independent of cell and b; at host 16 GiB rows tagged P2 the P2 kill band 0.45-0.57 governs short-window measurements (registered-ID rule)",P2
1xRTXPRO6000,dsv4_flash,1,64,cold_records_per_tok,147.75,0.0,295.5,0.0,369.375,CLOSED-FORM-ONLY (sim pending at freeze),"FALSIFICATION.md P4 bracket [steady-Che, 2x finite-Che] on roofline_curves.csv (1xRTXPRO6000,dsv4_flash,1,finite_16tok,64) (order-clamped min/max at b=8); nominal = finite-Che (anchor: 162 vs 155.06 measured, +4.5%); corrected anchor bracket 67.84-323.92","P3,P4"
1xRTXPRO6000,dsv4_flash,1,64,usd_per_1k_tok,0.17689740276817,0.025584085362831546,0.19152329515020206,0.015350451217698926,0.3198439029008374,CLOSED-FORM-ONLY (sim pending at freeze),"THEORY.md 6 cost frontier: $/1k tok = 1000 * rate_s / TPS with the steady-horizon TPS at the row's own b (economics convention); nominal = substrate rs tps_pred -> reproduces serve_cost_frontier.csv exactly and the registered P14 (0.07-0.13) / P15b (0.70/0.74/0.93 ratios) / P15c (1.08-2.29 ratios) identities; range = relative T_s envelope; rate_s from serve_cost_frontier.csv (0.0014068 $/s); dense-baseline comparison carried under BOTH price readings (0.12892 vs 0.03581 $/1k tok, 3.57x ambiguity)",-
1xRTXPRO6000,dsv4_flash,1,256,decode_tps,3.186710668835448,2.578207013123492,6.68538109926327,1.8047449091864443,9.560094971946477,CLOSED-FORM-ONLY (sim pending at freeze),"THEORY.md 5.1 T_pred = t_dense + t_compute + (1-eta_s)t_storage + (1-eta_h)t_h2d; substrate roofline_curves.csv (1xRTXPRO6000,dsv4_flash,1,finite_16tok,256); nominal anchored to the substrate tps_pred (reproduces FALSIFICATION P1/P1b/P14/P15b/P15c registered centers); range = T_pred sensitivity envelope at B_SSD 0.9-1.1x spec (Cell B_ssd 8e+09 B/s), COMPUTE_EFF 0.3-0.8, t_0 50-420us, eta_s 0.15-0.45, eta_h 0.3-0.7; horizon=finite_16tok; limiter=compute",P15c
1xRTXPRO6000,dsv4_flash,1,256,host_hit_rate,0.54,0.47000000000000003,1.0,0.4,1.0,CLOSED-FORM-ONLY (sim pending at freeze),"FINITE/STEADY Che band: nominal = finite-window LRU prior (PREDECL_FINITE_HIT: 0.51 at 16 GiB pooled = P2 0.48-0.54 midpoint; saturation 0.536-0.54 = sealed-window repeat ceiling); upper edge = steady-Che (HOST_HIT_CURVE, cache_store_knees.csv) which over-predicts short windows by +25pp (known-failure 1) and governs >=512-token serving windows; pooled host budget basis, (20560 pooled slots); independent of cell and b; at host 16 GiB rows tagged P2 the P2 kill band 0.45-0.57 governs short-window measurements (registered-ID rule)",P2
1xRTXPRO6000,dsv4_flash,1,256,cold_records_per_tok,147.75,0.0,295.5,0.0,369.375,CLOSED-FORM-ONLY (sim pending at freeze),"FALSIFICATION.md P4 bracket [steady-Che, 2x finite-Che] on roofline_curves.csv (1xRTXPRO6000,dsv4_flash,1,finite_16tok,256) (order-clamped min/max at b=8); nominal = finite-Che (anchor: 162 vs 155.06 measured, +4.5%); corrected anchor bracket 67.84-323.92","P3,P4"
1xRTXPRO6000,dsv4_flash,1,256,usd_per_1k_tok,0.23049475061854305,0.03333569223307132,0.24955207630233608,0.02000141533984279,0.4167519674249012,CLOSED-FORM-ONLY (sim pending at freeze),"THEORY.md 6 cost frontier: $/1k tok = 1000 * rate_s / TPS with the steady-horizon TPS at the row's own b (economics convention); nominal = substrate rs tps_pred -> reproduces serve_cost_frontier.csv exactly and the registered P14 (0.07-0.13) / P15b (0.70/0.74/0.93 ratios) / P15c (1.08-2.29 ratios) identities; range = relative T_s envelope; rate_s from serve_cost_frontier.csv (0.00183304 $/s); dense-baseline comparison carried under BOTH price readings (0.12892 vs 0.03581 $/1k tok, 3.57x ambiguity)",P15c
2xT4,dsv4_flash,1,16,decode_tps,0.17790387113221479,0.1348634810408344,0.25389873870058005,0.09440443672858408,0.36307519634182944,REFERENCE-NON-PHASE6; CLOSED-FORM-ONLY (sim pending at freeze),"THEORY.md 5.1 T_pred = t_dense + t_compute + (1-eta_s)t_storage + (1-eta_h)t_h2d; substrate roofline_curves.csv (2xT4,dsv4_flash,1,finite_16tok,16); nominal anchored to the substrate tps_pred (reproduces FALSIFICATION P1/P1b/P14/P15b/P15c registered centers); range = T_pred sensitivity envelope at B_SSD 0.9-1.1x spec (Cell B_ssd 3.3e+08 B/s), COMPUTE_EFF 0.3-0.8, t_0 50-420us, eta_s 0.15-0.45, eta_h 0.3-0.7; horizon=finite_16tok; limiter=storage","P3c,P5"
2xT4,dsv4_flash,1,16,host_hit_rate,0.51,0.44,0.7531020871528816,0.37,0.8031020871528816,REFERENCE-NON-PHASE6; CLOSED-FORM-ONLY (sim pending at freeze),"FINITE/STEADY Che band: nominal = finite-window LRU prior (PREDECL_FINITE_HIT: 0.51 at 16 GiB pooled = P2 0.48-0.54 midpoint; saturation 0.536-0.54 = sealed-window repeat ceiling); upper edge = steady-Che (HOST_HIT_CURVE, cache_store_knees.csv) which over-predicts short windows by +25pp (known-failure 1) and governs >=512-token serving windows; pooled host budget basis, (1285 pooled slots); independent of cell and b; at host 16 GiB rows tagged P2 the P2 kill band 0.45-0.57 governs short-window measurements (registered-ID rule)","P2,P2b"
2xT4,dsv4_flash,1,16,cold_records_per_tok,179.40392611876635,74.10838677057787,358.8078522375327,55.5812900779334,448.50981529691586,REFERENCE-NON-PHASE6; CLOSED-FORM-ONLY (sim pending at freeze),"FALSIFICATION.md P4 bracket [steady-Che, 2x finite-Che] on roofline_curves.csv (2xT4,dsv4_flash,1,finite_16tok,16) (order-clamped min/max at b=8); nominal = finite-Che (anchor: 162 vs 155.06 measured, +4.5%); corrected anchor bracket 67.84-323.92","P3,P4,P3b"
2xT4,dsv4_flash,1,16,usd_per_1k_tok,0.3981649511405846,0.2770916572894792,0.5176906972319233,0.16625499437368751,0.8645434643773119,REFERENCE-NON-PHASE6; CLOSED-FORM-ONLY (sim pending at freeze),"THEORY.md 6 cost frontier: $/1k tok = 1000 * rate_s / TPS with the steady-horizon TPS at the row's own b (economics convention); nominal = substrate rs tps_pred -> reproduces serve_cost_frontier.csv exactly and the registered P14 (0.07-0.13) / P15b (0.70/0.74/0.93 ratios) / P15c (1.08-2.29 ratios) identities; range = relative T_s envelope; rate_s from serve_cost_frontier.csv (0.00015586 $/s); dense-baseline comparison carried under BOTH price readings (0.12892 vs 0.03581 $/1k tok, 3.57x ambiguity)",-
2xT4,dsv4_flash,1,64,decode_tps,0.21219307403602156,0.16120614547038584,0.3032962369398729,0.11284430182927008,0.4337136188240182,REFERENCE-NON-PHASE6; CLOSED-FORM-ONLY (sim pending at freeze),"THEORY.md 5.1 T_pred = t_dense + t_compute + (1-eta_s)t_storage + (1-eta_h)t_h2d; substrate roofline_curves.csv (2xT4,dsv4_flash,1,finite_16tok,64); nominal anchored to the substrate tps_pred (reproduces FALSIFICATION P1/P1b/P14/P15b/P15c registered centers); range = T_pred sensitivity envelope at B_SSD 0.9-1.1x spec (Cell B_ssd 3.3e+08 B/s), COMPUTE_EFF 0.3-0.8, t_0 50-420us, eta_s 0.15-0.45, eta_h 0.3-0.7; horizon=finite_16tok; limiter=h2d","P3c,P5"
2xT4,dsv4_flash,1,64,host_hit_rate,0.54,0.47000000000000003,1.0,0.4,1.0,REFERENCE-NON-PHASE6; CLOSED-FORM-ONLY (sim pending at freeze),"FINITE/STEADY Che band: nominal = finite-window LRU prior (PREDECL_FINITE_HIT: 0.51 at 16 GiB pooled = P2 0.48-0.54 midpoint; saturation 0.536-0.54 = sealed-window repeat ceiling); upper edge = steady-Che (HOST_HIT_CURVE, cache_store_knees.csv) which over-predicts short windows by +25pp (known-failure 1) and governs >=512-token serving windows; pooled host budget basis, (5140 pooled slots); independent of cell and b; at host 16 GiB rows tagged P2 the P2 kill band 0.45-0.57 governs short-window measurements (registered-ID rule)",P2
2xT4,dsv4_flash,1,64,cold_records_per_tok,147.75,0.0,295.5,0.0,369.375,REFERENCE-NON-PHASE6; CLOSED-FORM-ONLY (sim pending at freeze),"FALSIFICATION.md P4 bracket [steady-Che, 2x finite-Che] on roofline_curves.csv (2xT4,dsv4_flash,1,finite_16tok,64) (order-clamped min/max at b=8); nominal = finite-Che (anchor: 162 vs 155.06 measured, +4.5%); corrected anchor bracket 67.84-323.92","P3,P4,P3b"
2xT4,dsv4_flash,1,64,usd_per_1k_tok,0.11233091350334921,0.07243193644463874,0.12721438869211898,0.043459161866783245,0.21244802911583868,REFERENCE-NON-PHASE6; CLOSED-FORM-ONLY (sim pending at freeze),"THEORY.md 6 cost frontier: $/1k tok = 1000 * rate_s / TPS with the steady-horizon TPS at the row's own b (economics convention); nominal = substrate rs tps_pred -> reproduces serve_cost_frontier.csv exactly and the registered P14 (0.07-0.13) / P15b (0.70/0.74/0.93 ratios) / P15c (1.08-2.29 ratios) identities; range = relative T_s envelope; rate_s from serve_cost_frontier.csv (0.00026242 $/s); dense-baseline comparison carried under BOTH price readings (0.12892 vs 0.03581 $/1k tok, 3.57x ambiguity)",-
2xT4,dsv4_flash,1,256,decode_tps,0.21219307403602156,0.16120614547038584,0.3032962369398729,0.11284430182927008,0.4337136188240182,REFERENCE-NON-PHASE6; CLOSED-FORM-ONLY (sim pending at freeze),"THEORY.md 5.1 T_pred = t_dense + t_compute + (1-eta_s)t_storage + (1-eta_h)t_h2d; substrate roofline_curves.csv (2xT4,dsv4_flash,1,finite_16tok,256); nominal anchored to the substrate tps_pred (reproduces FALSIFICATION P1/P1b/P14/P15b/P15c registered centers); range = T_pred sensitivity envelope at B_SSD 0.9-1.1x spec (Cell B_ssd 3.3e+08 B/s), COMPUTE_EFF 0.3-0.8, t_0 50-420us, eta_s 0.15-0.45, eta_h 0.3-0.7; horizon=finite_16tok; limiter=h2d","P3c,P5"
2xT4,dsv4_flash,1,256,host_hit_rate,0.54,0.47000000000000003,1.0,0.4,1.0,REFERENCE-NON-PHASE6; CLOSED-FORM-ONLY (sim pending at freeze),"FINITE/STEADY Che band: nominal = finite-window LRU prior (PREDECL_FINITE_HIT: 0.51 at 16 GiB pooled = P2 0.48-0.54 midpoint; saturation 0.536-0.54 = sealed-window repeat ceiling); upper edge = steady-Che (HOST_HIT_CURVE, cache_store_knees.csv) which over-predicts short windows by +25pp (known-failure 1) and governs >=512-token serving windows; pooled host budget basis, (20560 pooled slots); independent of cell and b; at host 16 GiB rows tagged P2 the P2 kill band 0.45-0.57 governs short-window measurements (registered-ID rule)",P2
2xT4,dsv4_flash,1,256,cold_records_per_tok,147.75,0.0,295.5,0.0,369.375,REFERENCE-NON-PHASE6; CLOSED-FORM-ONLY (sim pending at freeze),"FALSIFICATION.md P4 bracket [steady-Che, 2x finite-Che] on roofline_curves.csv (2xT4,dsv4_flash,1,finite_16tok,256) (order-clamped min/max at b=8); nominal = finite-Che (anchor: 162 vs 155.06 measured, +4.5%); corrected anchor bracket 67.84-323.92","P3,P4,P3b"
2xT4,dsv4_flash,1,256,usd_per_1k_tok,0.2947862468303349,0.19008070022088608,0.33384445132503116,0.11404842013253164,0.557520233712802,REFERENCE-NON-PHASE6; CLOSED-FORM-ONLY (sim pending at freeze),"THEORY.md 6 cost frontier: $/1k tok = 1000 * rate_s / TPS with the steady-horizon TPS at the row's own b (economics convention); nominal = substrate rs tps_pred -> reproduces serve_cost_frontier.csv exactly and the registered P14 (0.07-0.13) / P15b (0.70/0.74/0.93 ratios) / P15c (1.08-2.29 ratios) identities; range = relative T_s envelope; rate_s from serve_cost_frontier.csv (0.00068866 $/s); dense-baseline comparison carried under BOTH price readings (0.12892 vs 0.03581 $/1k tok, 3.57x ambiguity)",-
CPU-only,dsv4_flash,1,16,decode_tps,0.0013161474629052475,0.0006580737314526237,0.11845327166147228,0.00032903686572631187,0.2632294925810495,REFERENCE-NON-PHASE6; CLOSED-FORM-ONLY (sim pending at freeze),"roofline_curves.csv CPU-only row (compute-bound, CPU expert execution); CPU_EXEC_MS_PER_EXPERT 2750 ms MEASURED (portable-torch, AGENTS.md CPU 6/10); range upper edge = 25-30 ms/expert tuned-kernel bound (unbuilt, ~90x); horizon=finite_16tok",-
CPU-only,dsv4_flash,1,16,host_hit_rate,0.51,0.44,0.7531020871528816,0.37,0.8031020871528816,REFERENCE-NON-PHASE6; CLOSED-FORM-ONLY (sim pending at freeze),"FINITE/STEADY Che band (same construction as GPU rows) at 1285 pooled slots (single pooled tier); nominal = finite-window LRU prior, upper = steady-Che","P2,P2b"
CPU-only,dsv4_flash,1,16,cold_records_per_tok,190.3131312467146,86.85363563163085,380.6262624934292,65.14022672372315,475.7828281167865,REFERENCE-NON-PHASE6; CLOSED-FORM-ONLY (sim pending at freeze),"roofline_curves.csv CPU-only row cold count, P4 bracket [min(steady,finite), 2x max(steady,finite)]; CPU_EXEC_MS_PER_EXPERT 2750 ms MEASURED (portable-torch, AGENTS.md CPU 6/10); range upper edge = 25-30 ms/expert tuned-kernel bound (unbuilt, ~90x); horizon=finite_16tok","P3,P4"
CPU-only,dsv4_flash,1,16,usd_per_1k_tok,345.3447031440709,3.8371633682674546,690.6894062881418,2.302298020960473,1153.4513085011968,REFERENCE-NON-PHASE6; CLOSED-FORM-ONLY (sim pending at freeze),"1000 * rate_s / TPS with rate_s from serve_cost_frontier.csv (0.00045472 $/s, CPU cores + RAM only); CPU cost dominates; dense comparison meaningless here (360-5800x worse per THEORY.md 6)",-
CPU-only,dsv4_flash,1,64,decode_tps,0.0013163802320230592,0.0006581901160115296,0.11847422088207533,0.0003290950580057648,0.26327604640461183,REFERENCE-NON-PHASE6; CLOSED-FORM-ONLY (sim pending at freeze),"roofline_curves.csv CPU-only row (compute-bound, CPU expert execution); CPU_EXEC_MS_PER_EXPERT 2750 ms MEASURED (portable-torch, AGENTS.md CPU 6/10); range upper edge = 25-30 ms/expert tuned-kernel bound (unbuilt, ~90x); horizon=finite_16tok",-
CPU-only,dsv4_flash,1,64,host_hit_rate,0.54,0.47000000000000003,1.0,0.4,1.0,REFERENCE-NON-PHASE6; CLOSED-FORM-ONLY (sim pending at freeze),"FINITE/STEADY Che band (same construction as GPU rows) at 5140 pooled slots (single pooled tier); nominal = finite-window LRU prior, upper = steady-Che",P2
CPU-only,dsv4_flash,1,64,cold_records_per_tok,147.75,0.0,295.5,0.0,369.375,REFERENCE-NON-PHASE6; CLOSED-FORM-ONLY (sim pending at freeze),"roofline_curves.csv CPU-only row cold count, P4 bracket [min(steady,finite), 2x max(steady,finite)]; CPU_EXEC_MS_PER_EXPERT 2750 ms MEASURED (portable-torch, AGENTS.md CPU 6/10); range upper edge = 25-30 ms/expert tuned-kernel bound (unbuilt, ~90x); horizon=finite_16tok","P3,P4"
CPU-only,dsv4_flash,1,64,usd_per_1k_tok,426.1195990325581,4.734662211472868,852.2391980651162,2.8407973268837208,1423.239460768744,REFERENCE-NON-PHASE6; CLOSED-FORM-ONLY (sim pending at freeze),"1000 * rate_s / TPS with rate_s from serve_cost_frontier.csv (0.00056128 $/s, CPU cores + RAM only); CPU cost dominates; dense comparison meaningless here (360-5800x worse per THEORY.md 6)",-
CPU-only,dsv4_flash,1,256,decode_tps,0.0013163802320230592,0.0006581901160115296,0.11847422088207533,0.0003290950580057648,0.26327604640461183,REFERENCE-NON-PHASE6; CLOSED-FORM-ONLY (sim pending at freeze),"roofline_curves.csv CPU-only row (compute-bound, CPU expert execution); CPU_EXEC_MS_PER_EXPERT 2750 ms MEASURED (portable-torch, AGENTS.md CPU 6/10); range upper edge = 25-30 ms/expert tuned-kernel bound (unbuilt, ~90x); horizon=finite_16tok",-
CPU-only,dsv4_flash,1,256,host_hit_rate,0.54,0.47000000000000003,1.0,0.4,1.0,REFERENCE-NON-PHASE6; CLOSED-FORM-ONLY (sim pending at freeze),"FINITE/STEADY Che band (same construction as GPU rows) at 20560 pooled slots (single pooled tier); nominal = finite-window LRU prior, upper = steady-Che",P2
CPU-only,dsv4_flash,1,256,cold_records_per_tok,147.75,0.0,295.5,0.0,369.375,REFERENCE-NON-PHASE6; CLOSED-FORM-ONLY (sim pending at freeze),"roofline_curves.csv CPU-only row cold count, P4 bracket [min(steady,finite), 2x max(steady,finite)]; CPU_EXEC_MS_PER_EXPERT 2750 ms MEASURED (portable-torch, AGENTS.md CPU 6/10); range upper edge = 25-30 ms/expert tuned-kernel bound (unbuilt, ~90x); horizon=finite_16tok","P3,P4"
CPU-only,dsv4_flash,1,256,usd_per_1k_tok,749.7178350139535,8.330198166821706,1499.435670027907,4.998118900093023,2504.0575689466045,REFERENCE-NON-PHASE6; CLOSED-FORM-ONLY (sim pending at freeze),"1000 * rate_s / TPS with rate_s from serve_cost_frontier.csv (0.00098752 $/s, CPU cores + RAM only); CPU cost dominates; dense comparison meaningless here (360-5800x worse per THEORY.md 6)",-
1xL4,dsv4_flash,8,16,decode_tps,1.6185152894418646,1.2340681673786305,2.5371589900261524,0.8638477171650413,3.628137355737398,CLOSED-FORM-ONLY (sim pending at freeze),"THEORY.md 5.1 T_pred = t_dense + t_compute + (1-eta_s)t_storage + (1-eta_h)t_h2d; substrate roofline_curves.csv (1xL4,dsv4_flash,8,steady_state,16); nominal anchored to the substrate tps_pred (reproduces FALSIFICATION P1/P1b/P14/P15b/P15c registered centers); range = T_pred sensitivity envelope at B_SSD 0.9-1.1x spec (Cell B_ssd 2.5e+09 B/s), COMPUTE_EFF 0.3-0.8, t_0 50-420us, eta_s 0.15-0.45, eta_h 0.3-0.7; horizon=steady_state; limiter=storage",-
1xL4,dsv4_flash,8,16,host_hit_rate,0.51,0.44,0.7531020871528816,0.37,0.8031020871528816,CLOSED-FORM-ONLY (sim pending at freeze),"FINITE/STEADY Che band: nominal = finite-window LRU prior (PREDECL_FINITE_HIT: 0.51 at 16 GiB pooled = P2 0.48-0.54 midpoint; saturation 0.536-0.54 = sealed-window repeat ceiling); upper edge = steady-Che (HOST_HIT_CURVE, cache_store_knees.csv) which over-predicts short windows by +25pp (known-failure 1) and governs >=512-token serving windows; pooled host budget basis, (1285 pooled slots); independent of cell and b; at host 16 GiB rows tagged P2 the P2 kill band 0.45-0.57 governs short-window measurements (registered-ID rule)","P2,P2b"
1xL4,dsv4_flash,8,16,cold_records_per_tok,156.10126617164872,124.012402171574,312.20253234329743,93.0093016286805,390.2531654291218,CLOSED-FORM-ONLY (sim pending at freeze),"FALSIFICATION.md P4 bracket [steady-Che, 2x finite-Che] on roofline_curves.csv (1xL4,dsv4_flash,8,steady_state,16) (order-clamped min/max at b=8); nominal = finite-Che (anchor: 162 vs 155.06 measured, +4.5%); corrected anchor bracket 67.84-323.92","P3,P4"
1xL4,dsv4_flash,8,16,usd_per_1k_tok,0.2540352894298491,0.16205527584842522,0.3331744638332042,0.09723316550905513,0.556401354601451,CLOSED-FORM-ONLY (sim pending at freeze),"THEORY.md 6 cost frontier: $/1k tok = 1000 * rate_s / TPS with the steady-horizon TPS at the row's own b (economics convention); nominal = substrate rs tps_pred -> reproduces serve_cost_frontier.csv exactly and the registered P14 (0.07-0.13) / P15b (0.70/0.74/0.93 ratios) / P15c (1.08-2.29 ratios) identities; range = relative T_s envelope; rate_s from serve_cost_frontier.csv (0.00041116 $/s); dense-baseline comparison carried under BOTH price readings (0.12892 vs 0.03581 $/1k tok, 3.57x ambiguity)",-
1xL4,dsv4_flash,8,64,decode_tps,6.7514685122787546,5.442910850699306,16.020002552789375,3.810037595489514,22.908603650488804,CLOSED-FORM-ONLY (sim pending at freeze),"THEORY.md 5.1 T_pred = t_dense + t_compute + (1-eta_s)t_storage + (1-eta_h)t_h2d; substrate roofline_curves.csv (1xL4,dsv4_flash,8,steady_state,64); nominal anchored to the substrate tps_pred (reproduces FALSIFICATION P1/P1b/P14/P15b/P15c registered centers); range = T_pred sensitivity envelope at B_SSD 0.9-1.1x spec (Cell B_ssd 2.5e+09 B/s), COMPUTE_EFF 0.3-0.8, t_0 50-420us, eta_s 0.15-0.45, eta_h 0.3-0.7; horizon=steady_state; limiter=h2d",-
1xL4,dsv4_flash,8,64,host_hit_rate,0.54,0.47000000000000003,1.0,0.4,1.0,CLOSED-FORM-ONLY (sim pending at freeze),"FINITE/STEADY Che band: nominal = finite-window LRU prior (PREDECL_FINITE_HIT: 0.51 at 16 GiB pooled = P2 0.48-0.54 midpoint; saturation 0.536-0.54 = sealed-window repeat ceiling); upper edge = steady-Che (HOST_HIT_CURVE, cache_store_knees.csv) which over-predicts short windows by +25pp (known-failure 1) and governs >=512-token serving windows; pooled host budget basis, (5140 pooled slots); independent of cell and b; at host 16 GiB rows tagged P2 the P2 kill band 0.45-0.57 governs short-window measurements (registered-ID rule)",P2
1xL4,dsv4_flash,8,64,cold_records_per_tok,147.75,0.0,295.5,0.0,369.375,CLOSED-FORM-ONLY (sim pending at freeze),"FALSIFICATION.md P4 bracket [steady-Che, 2x finite-Che] on roofline_curves.csv (1xL4,dsv4_flash,8,steady_state,64) (order-clamped min/max at b=8); nominal = finite-Che (anchor: 162 vs 155.06 measured, +4.5%); corrected anchor bracket 67.84-323.92","P3,P4"
1xL4,dsv4_flash,8,64,usd_per_1k_tok,0.07668257639925796,0.032317098470739984,0.09511822151808408,0.01939025908244399,0.1588474299352004,CLOSED-FORM-ONLY (sim pending at freeze),"THEORY.md 6 cost frontier: $/1k tok = 1000 * rate_s / TPS with the steady-horizon TPS at the row's own b (economics convention); nominal = substrate rs tps_pred -> reproduces serve_cost_frontier.csv exactly and the registered P14 (0.07-0.13) / P15b (0.70/0.74/0.93 ratios) / P15c (1.08-2.29 ratios) identities; range = relative T_s envelope; rate_s from serve_cost_frontier.csv (0.00051772 $/s); dense-baseline comparison carried under BOTH price readings (0.12892 vs 0.03581 $/1k tok, 3.57x ambiguity)",-
1xL4,dsv4_flash,8,256,decode_tps,6.7514685122787546,5.442910850699306,16.020002552789375,3.810037595489514,22.908603650488804,CLOSED-FORM-ONLY (sim pending at freeze),"THEORY.md 5.1 T_pred = t_dense + t_compute + (1-eta_s)t_storage + (1-eta_h)t_h2d; substrate roofline_curves.csv (1xL4,dsv4_flash,8,steady_state,256); nominal anchored to the substrate tps_pred (reproduces FALSIFICATION P1/P1b/P14/P15b/P15c registered centers); range = T_pred sensitivity envelope at B_SSD 0.9-1.1x spec (Cell B_ssd 2.5e+09 B/s), COMPUTE_EFF 0.3-0.8, t_0 50-420us, eta_s 0.15-0.45, eta_h 0.3-0.7; horizon=steady_state; limiter=h2d",-
1xL4,dsv4_flash,8,256,host_hit_rate,0.54,0.47000000000000003,1.0,0.4,1.0,CLOSED-FORM-ONLY (sim pending at freeze),"FINITE/STEADY Che band: nominal = finite-window LRU prior (PREDECL_FINITE_HIT: 0.51 at 16 GiB pooled = P2 0.48-0.54 midpoint; saturation 0.536-0.54 = sealed-window repeat ceiling); upper edge = steady-Che (HOST_HIT_CURVE, cache_store_knees.csv) which over-predicts short windows by +25pp (known-failure 1) and governs >=512-token serving windows; pooled host budget basis, (20560 pooled slots); independent of cell and b; at host 16 GiB rows tagged P2 the P2 kill band 0.45-0.57 governs short-window measurements (registered-ID rule)",P2
1xL4,dsv4_flash,8,256,cold_records_per_tok,147.75,0.0,295.5,0.0,369.375,CLOSED-FORM-ONLY (sim pending at freeze),"FALSIFICATION.md P4 bracket [steady-Che, 2x finite-Che] on roofline_curves.csv (1xL4,dsv4_flash,8,steady_state,256) (order-clamped min/max at b=8); nominal = finite-Che (anchor: 162 vs 155.06 measured, +4.5%); corrected anchor bracket 67.84-323.92","P3,P4"
1xL4,dsv4_flash,8,256,usd_per_1k_tok,0.1398155080310661,0.058923835803986156,0.17342925980107132,0.035354301482391694,0.2896268638677891,CLOSED-FORM-ONLY (sim pending at freeze),"THEORY.md 6 cost frontier: $/1k tok = 1000 * rate_s / TPS with the steady-horizon TPS at the row's own b (economics convention); nominal = substrate rs tps_pred -> reproduces serve_cost_frontier.csv exactly and the registered P14 (0.07-0.13) / P15b (0.70/0.74/0.93 ratios) / P15c (1.08-2.29 ratios) identities; range = relative T_s envelope; rate_s from serve_cost_frontier.csv (0.00094396 $/s); dense-baseline comparison carried under BOTH price readings (0.12892 vs 0.03581 $/1k tok, 3.57x ambiguity)",P15
2xL4,dsv4_flash,8,16,decode_tps,14.627675607390909,13.548529389622589,78.29905936546174,9.483970572735812,111.96765489261028,CLOSED-FORM-ONLY (sim pending at freeze),"THEORY.md 5.1 T_pred = t_dense + t_compute + (1-eta_s)t_storage + (1-eta_h)t_h2d; substrate roofline_curves.csv (2xL4,dsv4_flash,8,steady_state,16); nominal anchored to the substrate tps_pred (reproduces FALSIFICATION P1/P1b/P14/P15b/P15c registered centers); range = T_pred sensitivity envelope at B_SSD 0.9-1.1x spec (Cell B_ssd 5e+09 B/s), COMPUTE_EFF 0.3-0.8, t_0 50-420us, eta_s 0.15-0.45, eta_h 0.3-0.7; horizon=steady_state; limiter=compute",-
2xL4,dsv4_flash,8,16,host_hit_rate,0.51,0.44,0.7531020871528816,0.37,0.8031020871528816,CLOSED-FORM-ONLY (sim pending at freeze),"FINITE/STEADY Che band: nominal = finite-window LRU prior (PREDECL_FINITE_HIT: 0.51 at 16 GiB pooled = P2 0.48-0.54 midpoint; saturation 0.536-0.54 = sealed-window repeat ceiling); upper edge = steady-Che (HOST_HIT_CURVE, cache_store_knees.csv) which over-predicts short windows by +25pp (known-failure 1) and governs >=512-token serving windows; pooled host budget basis, (1285 pooled slots); independent of cell and b; at host 16 GiB rows tagged P2 the P2 kill band 0.45-0.57 governs short-window measurements (registered-ID rule)","P2,P2b"
2xL4,dsv4_flash,8,16,cold_records_per_tok,147.75,0.0,295.5,0.0,369.375,CLOSED-FORM-ONLY (sim pending at freeze),"FALSIFICATION.md P4 bracket [steady-Che, 2x finite-Che] on roofline_curves.csv (2xL4,dsv4_flash,8,steady_state,16) (order-clamped min/max at b=8); nominal = finite-Che (anchor: 162 vs 155.06 measured, +4.5%); corrected anchor bracket 67.84-323.92","P3,P4"
2xL4,dsv4_flash,8,16,usd_per_1k_tok,0.05378845013506141,0.010048652006502429,0.058072723420642576,0.006029191203901457,0.0969814481124731,CLOSED-FORM-ONLY (sim pending at freeze),"THEORY.md 6 cost frontier: $/1k tok = 1000 * rate_s / TPS with the steady-horizon TPS at the row's own b (economics convention); nominal = substrate rs tps_pred -> reproduces serve_cost_frontier.csv exactly and the registered P14 (0.07-0.13) / P15b (0.70/0.74/0.93 ratios) / P15c (1.08-2.29 ratios) identities; range = relative T_s envelope; rate_s from serve_cost_frontier.csv (0.0007868 $/s); dense-baseline comparison carried under BOTH price readings (0.12892 vs 0.03581 $/1k tok, 3.57x ambiguity)",-
2xL4,dsv4_flash,8,64,decode_tps,14.627675607390909,13.548529389622589,78.29905936546174,9.483970572735812,111.96765489261028,CLOSED-FORM-ONLY (sim pending at freeze),"THEORY.md 5.1 T_pred = t_dense + t_compute + (1-eta_s)t_storage + (1-eta_h)t_h2d; substrate roofline_curves.csv (2xL4,dsv4_flash,8,steady_state,64); nominal anchored to the substrate tps_pred (reproduces FALSIFICATION P1/P1b/P14/P15b/P15c registered centers); range = T_pred sensitivity envelope at B_SSD 0.9-1.1x spec (Cell B_ssd 5e+09 B/s), COMPUTE_EFF 0.3-0.8, t_0 50-420us, eta_s 0.15-0.45, eta_h 0.3-0.7; horizon=steady_state; limiter=compute",-
2xL4,dsv4_flash,8,64,host_hit_rate,0.54,0.47000000000000003,1.0,0.4,1.0,CLOSED-FORM-ONLY (sim pending at freeze),"FINITE/STEADY Che band: nominal = finite-window LRU prior (PREDECL_FINITE_HIT: 0.51 at 16 GiB pooled = P2 0.48-0.54 midpoint; saturation 0.536-0.54 = sealed-window repeat ceiling); upper edge = steady-Che (HOST_HIT_CURVE, cache_store_knees.csv) which over-predicts short windows by +25pp (known-failure 1) and governs >=512-token serving windows; pooled host budget basis, (5140 pooled slots); independent of cell and b; at host 16 GiB rows tagged P2 the P2 kill band 0.45-0.57 governs short-window measurements (registered-ID rule)",P2
2xL4,dsv4_flash,8,64,cold_records_per_tok,147.75,0.0,295.5,0.0,369.375,CLOSED-FORM-ONLY (sim pending at freeze),"FALSIFICATION.md P4 bracket [steady-Che, 2x finite-Che] on roofline_curves.csv (2xL4,dsv4_flash,8,steady_state,64) (order-clamped min/max at b=8); nominal = finite-Che (anchor: 162 vs 155.06 measured, +4.5%); corrected anchor bracket 67.84-323.92","P3,P4"
2xL4,dsv4_flash,8,64,usd_per_1k_tok,0.0610732712413046,0.011409587895944344,0.06593778367446015,0.006845752737566606,0.11011609873634845,CLOSED-FORM-ONLY (sim pending at freeze),"THEORY.md 6 cost frontier: $/1k tok = 1000 * rate_s / TPS with the steady-horizon TPS at the row's own b (economics convention); nominal = substrate rs tps_pred -> reproduces serve_cost_frontier.csv exactly and the registered P14 (0.07-0.13) / P15b (0.70/0.74/0.93 ratios) / P15c (1.08-2.29 ratios) identities; range = relative T_s envelope; rate_s from serve_cost_frontier.csv (0.00089336 $/s); dense-baseline comparison carried under BOTH price readings (0.12892 vs 0.03581 $/1k tok, 3.57x ambiguity)",-
2xL4,dsv4_flash,8,256,decode_tps,14.627675607390909,13.548529389622589,78.29905936546174,9.483970572735812,111.96765489261028,CLOSED-FORM-ONLY (sim pending at freeze),"THEORY.md 5.1 T_pred = t_dense + t_compute + (1-eta_s)t_storage + (1-eta_h)t_h2d; substrate roofline_curves.csv (2xL4,dsv4_flash,8,steady_state,256); nominal anchored to the substrate tps_pred (reproduces FALSIFICATION P1/P1b/P14/P15b/P15c registered centers); range = T_pred sensitivity envelope at B_SSD 0.9-1.1x spec (Cell B_ssd 5e+09 B/s), COMPUTE_EFF 0.3-0.8, t_0 50-420us, eta_s 0.15-0.45, eta_h 0.3-0.7; horizon=steady_state; limiter=compute","P1b,P15b"
2xL4,dsv4_flash,8,256,host_hit_rate,0.54,0.47000000000000003,1.0,0.4,1.0,CLOSED-FORM-ONLY (sim pending at freeze),"FINITE/STEADY Che band: nominal = finite-window LRU prior (PREDECL_FINITE_HIT: 0.51 at 16 GiB pooled = P2 0.48-0.54 midpoint; saturation 0.536-0.54 = sealed-window repeat ceiling); upper edge = steady-Che (HOST_HIT_CURVE, cache_store_knees.csv) which over-predicts short windows by +25pp (known-failure 1) and governs >=512-token serving windows; pooled host budget basis, (20560 pooled slots); independent of cell and b; at host 16 GiB rows tagged P2 the P2 kill band 0.45-0.57 governs short-window measurements (registered-ID rule)",P2
2xL4,dsv4_flash,8,256,cold_records_per_tok,147.75,0.0,295.5,0.0,369.375,CLOSED-FORM-ONLY (sim pending at freeze),"FALSIFICATION.md P4 bracket [steady-Che, 2x finite-Che] on roofline_curves.csv (2xL4,dsv4_flash,8,steady_state,256) (order-clamped min/max at b=8); nominal = finite-Che (anchor: 162 vs 155.06 measured, +4.5%); corrected anchor bracket 67.84-323.92","P3,P4"
2xL4,dsv4_flash,8,256,usd_per_1k_tok,0.09021255566627737,0.016853331453712005,0.09739802468973048,0.010111998872227202,0.16265470123184989,CLOSED-FORM-ONLY (sim pending at freeze),"THEORY.md 6 cost frontier: $/1k tok = 1000 * rate_s / TPS with the steady-horizon TPS at the row's own b (economics convention); nominal = substrate rs tps_pred -> reproduces serve_cost_frontier.csv exactly and the registered P14 (0.07-0.13) / P15b (0.70/0.74/0.93 ratios) / P15c (1.08-2.29 ratios) identities; range = relative T_s envelope; rate_s from serve_cost_frontier.csv (0.0013196 $/s); dense-baseline comparison carried under BOTH price readings (0.12892 vs 0.03581 $/1k tok, 3.57x ambiguity)","P15b,P15"
1xA10,dsv4_flash,8,16,decode_tps,1.8543625562989932,1.417242290563842,2.95366139162878,0.9920696033946893,4.2237357900291554,CLOSED-FORM-ONLY (sim pending at freeze),"THEORY.md 5.1 T_pred = t_dense + t_compute + (1-eta_s)t_storage + (1-eta_h)t_h2d; substrate roofline_curves.csv (1xA10,dsv4_flash,8,steady_state,16); nominal anchored to the substrate tps_pred (reproduces FALSIFICATION P1/P1b/P14/P15b/P15c registered centers); range = T_pred sensitivity envelope at B_SSD 0.9-1.1x spec (Cell B_ssd 3e+09 B/s), COMPUTE_EFF 0.3-0.8, t_0 50-420us, eta_s 0.15-0.45, eta_h 0.3-0.7; horizon=steady_state; limiter=storage",-
1xA10,dsv4_flash,8,16,host_hit_rate,0.51,0.44,0.7531020871528816,0.37,0.8031020871528816,CLOSED-FORM-ONLY (sim pending at freeze),"FINITE/STEADY Che band: nominal = finite-window LRU prior (PREDECL_FINITE_HIT: 0.51 at 16 GiB pooled = P2 0.48-0.54 midpoint; saturation 0.536-0.54 = sealed-window repeat ceiling); upper edge = steady-Che (HOST_HIT_CURVE, cache_store_knees.csv) which over-predicts short windows by +25pp (known-failure 1) and governs >=512-token serving windows; pooled host budget basis, (1285 pooled slots); independent of cell and b; at host 16 GiB rows tagged P2 the P2 kill band 0.45-0.57 governs short-window measurements (registered-ID rule)","P2,P2b"
1xA10,dsv4_flash,8,16,cold_records_per_tok,156.10126617164872,124.012402171574,312.20253234329743,93.0093016286805,390.2531654291218,CLOSED-FORM-ONLY (sim pending at freeze),"FALSIFICATION.md P4 bracket [steady-Che, 2x finite-Che] on roofline_curves.csv (1xA10,dsv4_flash,8,steady_state,16) (order-clamped min/max at b=8); nominal = finite-Che (anchor: 162 vs 155.06 measured, +4.5%); corrected anchor bracket 67.84-323.92","P3,P4"
1xA10,dsv4_flash,8,16,usd_per_1k_tok,0.26702437358757886,0.16764277767362729,0.3493827437247892,0.10058566660417637,0.583469182020398,CLOSED-FORM-ONLY (sim pending at freeze),"THEORY.md 6 cost frontier: $/1k tok = 1000 * rate_s / TPS with the steady-horizon TPS at the row's own b (economics convention); nominal = substrate rs tps_pred -> reproduces serve_cost_frontier.csv exactly and the registered P14 (0.07-0.13) / P15b (0.70/0.74/0.93 ratios) / P15c (1.08-2.29 ratios) identities; range = relative T_s envelope; rate_s from serve_cost_frontier.csv (0.00049516 $/s); dense-baseline comparison carried under BOTH price readings (0.12892 vs 0.03581 $/1k tok, 3.57x ambiguity)",-
1xA10,dsv4_flash,8,64,decode_tps,6.76481796198488,5.451754829725478,16.09490725563519,3.8162283808078343,23.015717375558317,CLOSED-FORM-ONLY (sim pending at freeze),"THEORY.md 5.1 T_pred = t_dense + t_compute + (1-eta_s)t_storage + (1-eta_h)t_h2d; substrate roofline_curves.csv (1xA10,dsv4_flash,8,steady_state,64); nominal anchored to the substrate tps_pred (reproduces FALSIFICATION P1/P1b/P14/P15b/P15c registered centers); range = T_pred sensitivity envelope at B_SSD 0.9-1.1x spec (Cell B_ssd 3e+09 B/s), COMPUTE_EFF 0.3-0.8, t_0 50-420us, eta_s 0.15-0.45, eta_h 0.3-0.7; horizon=steady_state; limiter=h2d",-
1xA10,dsv4_flash,8,64,host_hit_rate,0.54,0.47000000000000003,1.0,0.4,1.0,CLOSED-FORM-ONLY (sim pending at freeze),"FINITE/STEADY Che band: nominal = finite-window LRU prior (PREDECL_FINITE_HIT: 0.51 at 16 GiB pooled = P2 0.48-0.54 midpoint; saturation 0.536-0.54 = sealed-window repeat ceiling); upper edge = steady-Che (HOST_HIT_CURVE, cache_store_knees.csv) which over-predicts short windows by +25pp (known-failure 1) and governs >=512-token serving windows; pooled host budget basis, (5140 pooled slots); independent of cell and b; at host 16 GiB rows tagged P2 the P2 kill band 0.45-0.57 governs short-window measurements (registered-ID rule)",P2
1xA10,dsv4_flash,8,64,cold_records_per_tok,147.75,0.0,295.5,0.0,369.375,CLOSED-FORM-ONLY (sim pending at freeze),"FALSIFICATION.md P4 bracket [steady-Che, 2x finite-Che] on roofline_curves.csv (1xA10,dsv4_flash,8,steady_state,64) (order-clamped min/max at b=8); nominal = finite-Che (anchor: 162 vs 155.06 measured, +4.5%); corrected anchor bracket 67.84-323.92","P3,P4"
1xA10,dsv4_flash,8,64,usd_per_1k_tok,0.08894843931963663,0.037385738882671986,0.11037180115274911,0.02243144332960319,0.184320907925091,CLOSED-FORM-ONLY (sim pending at freeze),"THEORY.md 6 cost frontier: $/1k tok = 1000 * rate_s / TPS with the steady-horizon TPS at the row's own b (economics convention); nominal = substrate rs tps_pred -> reproduces serve_cost_frontier.csv exactly and the registered P14 (0.07-0.13) / P15b (0.70/0.74/0.93 ratios) / P15c (1.08-2.29 ratios) identities; range = relative T_s envelope; rate_s from serve_cost_frontier.csv (0.00060172 $/s); dense-baseline comparison carried under BOTH price readings (0.12892 vs 0.03581 $/1k tok, 3.57x ambiguity)",-
1xA10,dsv4_flash,8,256,decode_tps,6.76481796198488,5.451754829725478,16.09490725563519,3.8162283808078343,23.015717375558317,CLOSED-FORM-ONLY (sim pending at freeze),"THEORY.md 5.1 T_pred = t_dense + t_compute + (1-eta_s)t_storage + (1-eta_h)t_h2d; substrate roofline_curves.csv (1xA10,dsv4_flash,8,steady_state,256); nominal anchored to the substrate tps_pred (reproduces FALSIFICATION P1/P1b/P14/P15b/P15c registered centers); range = T_pred sensitivity envelope at B_SSD 0.9-1.1x spec (Cell B_ssd 3e+09 B/s), COMPUTE_EFF 0.3-0.8, t_0 50-420us, eta_s 0.15-0.45, eta_h 0.3-0.7; horizon=steady_state; limiter=h2d",-
1xA10,dsv4_flash,8,256,host_hit_rate,0.54,0.47000000000000003,1.0,0.4,1.0,CLOSED-FORM-ONLY (sim pending at freeze),"FINITE/STEADY Che band: nominal = finite-window LRU prior (PREDECL_FINITE_HIT: 0.51 at 16 GiB pooled = P2 0.48-0.54 midpoint; saturation 0.536-0.54 = sealed-window repeat ceiling); upper edge = steady-Che (HOST_HIT_CURVE, cache_store_knees.csv) which over-predicts short windows by +25pp (known-failure 1) and governs >=512-token serving windows; pooled host budget basis, (20560 pooled slots); independent of cell and b; at host 16 GiB rows tagged P2 the P2 kill band 0.45-0.57 governs short-window measurements (registered-ID rule)",P2
1xA10,dsv4_flash,8,256,cold_records_per_tok,147.75,0.0,295.5,0.0,369.375,CLOSED-FORM-ONLY (sim pending at freeze),"FALSIFICATION.md P4 bracket [steady-Che, 2x finite-Che] on roofline_curves.csv (1xA10,dsv4_flash,8,steady_state,256) (order-clamped min/max at b=8); nominal = finite-Che (anchor: 162 vs 155.06 measured, +4.5%); corrected anchor bracket 67.84-323.92","P3,P4"
1xA10,dsv4_flash,8,256,usd_per_1k_tok,0.1519567866831976,0.06386865010608171,0.18855580122478888,0.03832119006364903,0.3148881880453974,CLOSED-FORM-ONLY (sim pending at freeze),"THEORY.md 6 cost frontier: $/1k tok = 1000 * rate_s / TPS with the steady-horizon TPS at the row's own b (economics convention); nominal = substrate rs tps_pred -> reproduces serve_cost_frontier.csv exactly and the registered P14 (0.07-0.13) / P15b (0.70/0.74/0.93 ratios) / P15c (1.08-2.29 ratios) identities; range = relative T_s envelope; rate_s from serve_cost_frontier.csv (0.00102796 $/s); dense-baseline comparison carried under BOTH price readings (0.12892 vs 0.03581 $/1k tok, 3.57x ambiguity)",P15
1xL40S,dsv4_flash,8,16,decode_tps,14.95894240917215,13.837954987263377,88.7560095892369,9.686568491084364,126.92109371260875,CLOSED-FORM-ONLY (sim pending at freeze),"THEORY.md 5.1 T_pred = t_dense + t_compute + (1-eta_s)t_storage + (1-eta_h)t_h2d; substrate roofline_curves.csv (1xL40S,dsv4_flash,8,steady_state,16); nominal anchored to the substrate tps_pred (reproduces FALSIFICATION P1/P1b/P14/P15b/P15c registered centers); range = T_pred sensitivity envelope at B_SSD 0.9-1.1x spec (Cell B_ssd 6e+09 B/s), COMPUTE_EFF 0.3-0.8, t_0 50-420us, eta_s 0.15-0.45, eta_h 0.3-0.7; horizon=steady_state; limiter=compute",-
1xL40S,dsv4_flash,8,16,host_hit_rate,0.51,0.44,0.7531020871528816,0.37,0.8031020871528816,CLOSED-FORM-ONLY (sim pending at freeze),"FINITE/STEADY Che band: nominal = finite-window LRU prior (PREDECL_FINITE_HIT: 0.51 at 16 GiB pooled = P2 0.48-0.54 midpoint; saturation 0.536-0.54 = sealed-window repeat ceiling); upper edge = steady-Che (HOST_HIT_CURVE, cache_store_knees.csv) which over-predicts short windows by +25pp (known-failure 1) and governs >=512-token serving windows; pooled host budget basis, (1285 pooled slots); independent of cell and b; at host 16 GiB rows tagged P2 the P2 kill band 0.45-0.57 governs short-window measurements (registered-ID rule)","P2,P2b"
1xL40S,dsv4_flash,8,16,cold_records_per_tok,147.75,0.0,295.5,0.0,369.375,CLOSED-FORM-ONLY (sim pending at freeze),"FALSIFICATION.md P4 bracket [steady-Che, 2x finite-Che] on roofline_curves.csv (1xL40S,dsv4_flash,8,steady_state,16) (order-clamped min/max at b=8); nominal = finite-Che (anchor: 162 vs 155.06 measured, +4.5%); corrected anchor bracket 67.84-323.92","P3,P4"
1xL40S,dsv4_flash,8,16,usd_per_1k_tok,0.05974219136320998,0.01006895199700791,0.06458179700848529,0.006041371198204745,0.10785160100417043,CLOSED-FORM-ONLY (sim pending at freeze),"THEORY.md 6 cost frontier: $/1k tok = 1000 * rate_s / TPS with the steady-horizon TPS at the row's own b (economics convention); nominal = substrate rs tps_pred -> reproduces serve_cost_frontier.csv exactly and the registered P14 (0.07-0.13) / P15b (0.70/0.74/0.93 ratios) / P15c (1.08-2.29 ratios) identities; range = relative T_s envelope; rate_s from serve_cost_frontier.csv (0.00089368 $/s); dense-baseline comparison carried under BOTH price readings (0.12892 vs 0.03581 $/1k tok, 3.57x ambiguity)",-
1xL40S,dsv4_flash,8,64,decode_tps,14.95894240917215,13.837954987263377,88.7560095892369,9.686568491084364,126.92109371260875,CLOSED-FORM-ONLY (sim pending at freeze),"THEORY.md 5.1 T_pred = t_dense + t_compute + (1-eta_s)t_storage + (1-eta_h)t_h2d; substrate roofline_curves.csv (1xL40S,dsv4_flash,8,steady_state,64); nominal anchored to the substrate tps_pred (reproduces FALSIFICATION P1/P1b/P14/P15b/P15c registered centers); range = T_pred sensitivity envelope at B_SSD 0.9-1.1x spec (Cell B_ssd 6e+09 B/s), COMPUTE_EFF 0.3-0.8, t_0 50-420us, eta_s 0.15-0.45, eta_h 0.3-0.7; horizon=steady_state; limiter=compute",-
1xL40S,dsv4_flash,8,64,host_hit_rate,0.54,0.47000000000000003,1.0,0.4,1.0,CLOSED-FORM-ONLY (sim pending at freeze),"FINITE/STEADY Che band: nominal = finite-window LRU prior (PREDECL_FINITE_HIT: 0.51 at 16 GiB pooled = P2 0.48-0.54 midpoint; saturation 0.536-0.54 = sealed-window repeat ceiling); upper edge = steady-Che (HOST_HIT_CURVE, cache_store_knees.csv) which over-predicts short windows by +25pp (known-failure 1) and governs >=512-token serving windows; pooled host budget basis, (5140 pooled slots); independent of cell and b; at host 16 GiB rows tagged P2 the P2 kill band 0.45-0.57 governs short-window measurements (registered-ID rule)",P2
1xL40S,dsv4_flash,8,64,cold_records_per_tok,147.75,0.0,295.5,0.0,369.375,CLOSED-FORM-ONLY (sim pending at freeze),"FALSIFICATION.md P4 bracket [steady-Che, 2x finite-Che] on roofline_curves.csv (1xL40S,dsv4_flash,8,steady_state,64) (order-clamped min/max at b=8); nominal = finite-Che (anchor: 162 vs 155.06 measured, +4.5%); corrected anchor bracket 67.84-323.92","P3,P4"
1xL40S,dsv4_flash,8,64,usd_per_1k_tok,0.06686568960829059,0.011269546756654718,0.0722823568164973,0.006761728053992831,0.12071153588355049,CLOSED-FORM-ONLY (sim pending at freeze),"THEORY.md 6 cost frontier: $/1k tok = 1000 * rate_s / TPS with the steady-horizon TPS at the row's own b (economics convention); nominal = substrate rs tps_pred -> reproduces serve_cost_frontier.csv exactly and the registered P14 (0.07-0.13) / P15b (0.70/0.74/0.93 ratios) / P15c (1.08-2.29 ratios) identities; range = relative T_s envelope; rate_s from serve_cost_frontier.csv (0.00100024 $/s); dense-baseline comparison carried under BOTH price readings (0.12892 vs 0.03581 $/1k tok, 3.57x ambiguity)",-
1xL40S,dsv4_flash,8,256,decode_tps,14.95894240917215,13.837954987263377,88.7560095892369,9.686568491084364,126.92109371260875,CLOSED-FORM-ONLY (sim pending at freeze),"THEORY.md 5.1 T_pred = t_dense + t_compute + (1-eta_s)t_storage + (1-eta_h)t_h2d; substrate roofline_curves.csv (1xL40S,dsv4_flash,8,steady_state,256); nominal anchored to the substrate tps_pred (reproduces FALSIFICATION P1/P1b/P14/P15b/P15c registered centers); range = T_pred sensitivity envelope at B_SSD 0.9-1.1x spec (Cell B_ssd 6e+09 B/s), COMPUTE_EFF 0.3-0.8, t_0 50-420us, eta_s 0.15-0.45, eta_h 0.3-0.7; horizon=steady_state; limiter=compute",P15b
1xL40S,dsv4_flash,8,256,host_hit_rate,0.54,0.47000000000000003,1.0,0.4,1.0,CLOSED-FORM-ONLY (sim pending at freeze),"FINITE/STEADY Che band: nominal = finite-window LRU prior (PREDECL_FINITE_HIT: 0.51 at 16 GiB pooled = P2 0.48-0.54 midpoint; saturation 0.536-0.54 = sealed-window repeat ceiling); upper edge = steady-Che (HOST_HIT_CURVE, cache_store_knees.csv) which over-predicts short windows by +25pp (known-failure 1) and governs >=512-token serving windows; pooled host budget basis, (20560 pooled slots); independent of cell and b; at host 16 GiB rows tagged P2 the P2 kill band 0.45-0.57 governs short-window measurements (registered-ID rule)",P2
1xL40S,dsv4_flash,8,256,cold_records_per_tok,147.75,0.0,295.5,0.0,369.375,CLOSED-FORM-ONLY (sim pending at freeze),"FALSIFICATION.md P4 bracket [steady-Che, 2x finite-Che] on roofline_curves.csv (1xL40S,dsv4_flash,8,steady_state,256) (order-clamped min/max at b=8); nominal = finite-Che (anchor: 162 vs 155.06 measured, +4.5%); corrected anchor bracket 67.84-323.92","P3,P4"
1xL40S,dsv4_flash,8,256,usd_per_1k_tok,0.09535968258861312,0.016071925795241967,0.10308459604854545,0.00964315547714518,0.1721512754010709,CLOSED-FORM-ONLY (sim pending at freeze),"THEORY.md 6 cost frontier: $/1k tok = 1000 * rate_s / TPS with the steady-horizon TPS at the row's own b (economics convention); nominal = substrate rs tps_pred -> reproduces serve_cost_frontier.csv exactly and the registered P14 (0.07-0.13) / P15b (0.70/0.74/0.93 ratios) / P15c (1.08-2.29 ratios) identities; range = relative T_s envelope; rate_s from serve_cost_frontier.csv (0.00142648 $/s); dense-baseline comparison carried under BOTH price readings (0.12892 vs 0.03581 $/1k tok, 3.57x ambiguity)","P14,P15b,P15"
1xRTXPRO6000,dsv4_flash,8,16,decode_tps,15.296261303738001,14.13192213393943,102.02394640662392,9.8923454937576,145.8942433614722,CLOSED-FORM-ONLY (sim pending at freeze),"THEORY.md 5.1 T_pred = t_dense + t_compute + (1-eta_s)t_storage + (1-eta_h)t_h2d; substrate roofline_curves.csv (1xRTXPRO6000,dsv4_flash,8,steady_state,16); nominal anchored to the substrate tps_pred (reproduces FALSIFICATION P1/P1b/P14/P15b/P15c registered centers); range = T_pred sensitivity envelope at B_SSD 0.9-1.1x spec (Cell B_ssd 8e+09 B/s), COMPUTE_EFF 0.3-0.8, t_0 50-420us, eta_s 0.15-0.45, eta_h 0.3-0.7; horizon=steady_state; limiter=compute",-
1xRTXPRO6000,dsv4_flash,8,16,host_hit_rate,0.51,0.44,0.7531020871528816,0.37,0.8031020871528816,CLOSED-FORM-ONLY (sim pending at freeze),"FINITE/STEADY Che band: nominal = finite-window LRU prior (PREDECL_FINITE_HIT: 0.51 at 16 GiB pooled = P2 0.48-0.54 midpoint; saturation 0.536-0.54 = sealed-window repeat ceiling); upper edge = steady-Che (HOST_HIT_CURVE, cache_store_knees.csv) which over-predicts short windows by +25pp (known-failure 1) and governs >=512-token serving windows; pooled host budget basis, (1285 pooled slots); independent of cell and b; at host 16 GiB rows tagged P2 the P2 kill band 0.45-0.57 governs short-window measurements (registered-ID rule)","P2,P2b"
1xRTXPRO6000,dsv4_flash,8,16,cold_records_per_tok,147.75,0.0,295.5,0.0,369.375,CLOSED-FORM-ONLY (sim pending at freeze),"FALSIFICATION.md P4 bracket [steady-Che, 2x finite-Che] on roofline_curves.csv (1xRTXPRO6000,dsv4_flash,8,steady_state,16) (order-clamped min/max at b=8); nominal = finite-Che (anchor: 162 vs 155.06 measured, +4.5%); corrected anchor bracket 67.84-323.92","P3,P4"
1xRTXPRO6000,dsv4_flash,8,16,usd_per_1k_tok,0.08500377799392429,0.01274445898042209,0.09200730004571174,0.007646675388253253,0.1536521910763386,CLOSED-FORM-ONLY (sim pending at freeze),"THEORY.md 6 cost frontier: $/1k tok = 1000 * rate_s / TPS with the steady-horizon TPS at the row's own b (economics convention); nominal = substrate rs tps_pred -> reproduces serve_cost_frontier.csv exactly and the registered P14 (0.07-0.13) / P15b (0.70/0.74/0.93 ratios) / P15c (1.08-2.29 ratios) identities; range = relative T_s envelope; rate_s from serve_cost_frontier.csv (0.00130024 $/s); dense-baseline comparison carried under BOTH price readings (0.12892 vs 0.03581 $/1k tok, 3.57x ambiguity)",-
1xRTXPRO6000,dsv4_flash,8,64,decode_tps,15.296261303738001,14.13192213393943,102.02394640662392,9.8923454937576,145.8942433614722,CLOSED-FORM-ONLY (sim pending at freeze),"THEORY.md 5.1 T_pred = t_dense + t_compute + (1-eta_s)t_storage + (1-eta_h)t_h2d; substrate roofline_curves.csv (1xRTXPRO6000,dsv4_flash,8,steady_state,64); nominal anchored to the substrate tps_pred (reproduces FALSIFICATION P1/P1b/P14/P15b/P15c registered centers); range = T_pred sensitivity envelope at B_SSD 0.9-1.1x spec (Cell B_ssd 8e+09 B/s), COMPUTE_EFF 0.3-0.8, t_0 50-420us, eta_s 0.15-0.45, eta_h 0.3-0.7; horizon=steady_state; limiter=compute",-
1xRTXPRO6000,dsv4_flash,8,64,host_hit_rate,0.54,0.47000000000000003,1.0,0.4,1.0,CLOSED-FORM-ONLY (sim pending at freeze),"FINITE/STEADY Che band: nominal = finite-window LRU prior (PREDECL_FINITE_HIT: 0.51 at 16 GiB pooled = P2 0.48-0.54 midpoint; saturation 0.536-0.54 = sealed-window repeat ceiling); upper edge = steady-Che (HOST_HIT_CURVE, cache_store_knees.csv) which over-predicts short windows by +25pp (known-failure 1) and governs >=512-token serving windows; pooled host budget basis, (5140 pooled slots); independent of cell and b; at host 16 GiB rows tagged P2 the P2 kill band 0.45-0.57 governs short-window measurements (registered-ID rule)",P2
1xRTXPRO6000,dsv4_flash,8,64,cold_records_per_tok,147.75,0.0,295.5,0.0,369.375,CLOSED-FORM-ONLY (sim pending at freeze),"FALSIFICATION.md P4 bracket [steady-Che, 2x finite-Che] on roofline_curves.csv (1xRTXPRO6000,dsv4_flash,8,steady_state,64) (order-clamped min/max at b=8); nominal = finite-Che (anchor: 162 vs 155.06 measured, +4.5%); corrected anchor bracket 67.84-323.92","P3,P4"
1xRTXPRO6000,dsv4_flash,8,64,usd_per_1k_tok,0.09197018618243762,0.013788919656107944,0.09954767558628197,0.008273351793664766,0.1662446182290909,CLOSED-FORM-ONLY (sim pending at freeze),"THEORY.md 6 cost frontier: $/1k tok = 1000 * rate_s / TPS with the steady-horizon TPS at the row's own b (economics convention); nominal = substrate rs tps_pred -> reproduces serve_cost_frontier.csv exactly and the registered P14 (0.07-0.13) / P15b (0.70/0.74/0.93 ratios) / P15c (1.08-2.29 ratios) identities; range = relative T_s envelope; rate_s from serve_cost_frontier.csv (0.0014068 $/s); dense-baseline comparison carried under BOTH price readings (0.12892 vs 0.03581 $/1k tok, 3.57x ambiguity)",-
1xRTXPRO6000,dsv4_flash,8,256,decode_tps,15.296261303738001,14.13192213393943,102.02394640662392,9.8923454937576,145.8942433614722,CLOSED-FORM-ONLY (sim pending at freeze),"THEORY.md 5.1 T_pred = t_dense + t_compute + (1-eta_s)t_storage + (1-eta_h)t_h2d; substrate roofline_curves.csv (1xRTXPRO6000,dsv4_flash,8,steady_state,256); nominal anchored to the substrate tps_pred (reproduces FALSIFICATION P1/P1b/P14/P15b/P15c registered centers); range = T_pred sensitivity envelope at B_SSD 0.9-1.1x spec (Cell B_ssd 8e+09 B/s), COMPUTE_EFF 0.3-0.8, t_0 50-420us, eta_s 0.15-0.45, eta_h 0.3-0.7; horizon=steady_state; limiter=compute",P15b
1xRTXPRO6000,dsv4_flash,8,256,host_hit_rate,0.54,0.47000000000000003,1.0,0.4,1.0,CLOSED-FORM-ONLY (sim pending at freeze),"FINITE/STEADY Che band: nominal = finite-window LRU prior (PREDECL_FINITE_HIT: 0.51 at 16 GiB pooled = P2 0.48-0.54 midpoint; saturation 0.536-0.54 = sealed-window repeat ceiling); upper edge = steady-Che (HOST_HIT_CURVE, cache_store_knees.csv) which over-predicts short windows by +25pp (known-failure 1) and governs >=512-token serving windows; pooled host budget basis, (20560 pooled slots); independent of cell and b; at host 16 GiB rows tagged P2 the P2 kill band 0.45-0.57 governs short-window measurements (registered-ID rule)",P2
1xRTXPRO6000,dsv4_flash,8,256,cold_records_per_tok,147.75,0.0,295.5,0.0,369.375,CLOSED-FORM-ONLY (sim pending at freeze),"FALSIFICATION.md P4 bracket [steady-Che, 2x finite-Che] on roofline_curves.csv (1xRTXPRO6000,dsv4_flash,8,steady_state,256) (order-clamped min/max at b=8); nominal = finite-Che (anchor: 162 vs 155.06 measured, +4.5%); corrected anchor bracket 67.84-323.92","P3,P4"
1xRTXPRO6000,dsv4_flash,8,256,usd_per_1k_tok,0.11983581893649094,0.01796676235885137,0.12970917774856291,0.010780057415310821,0.21661432684010007,CLOSED-FORM-ONLY (sim pending at freeze),"THEORY.md 6 cost frontier: $/1k tok = 1000 * rate_s / TPS with the steady-horizon TPS at the row's own b (economics convention); nominal = substrate rs tps_pred -> reproduces serve_cost_frontier.csv exactly and the registered P14 (0.07-0.13) / P15b (0.70/0.74/0.93 ratios) / P15c (1.08-2.29 ratios) identities; range = relative T_s envelope; rate_s from serve_cost_frontier.csv (0.00183304 $/s); dense-baseline comparison carried under BOTH price readings (0.12892 vs 0.03581 $/1k tok, 3.57x ambiguity)","P15b,P15"
2xT4,dsv4_flash,8,16,decode_tps,0.07794689731637328,0.058506225434437564,0.11107917064746937,0.04095435780410629,0.1588432140258812,REFERENCE-NON-PHASE6; CLOSED-FORM-ONLY (sim pending at freeze),"THEORY.md 5.1 T_pred = t_dense + t_compute + (1-eta_s)t_storage + (1-eta_h)t_h2d; substrate roofline_curves.csv (2xT4,dsv4_flash,8,steady_state,16); nominal anchored to the substrate tps_pred (reproduces FALSIFICATION P1/P1b/P14/P15b/P15c registered centers); range = T_pred sensitivity envelope at B_SSD 0.9-1.1x spec (Cell B_ssd 3.3e+08 B/s), COMPUTE_EFF 0.3-0.8, t_0 50-420us, eta_s 0.15-0.45, eta_h 0.3-0.7; horizon=steady_state; limiter=storage","P3c,P5"
2xT4,dsv4_flash,8,16,host_hit_rate,0.51,0.44,0.7531020871528816,0.37,0.8031020871528816,REFERENCE-NON-PHASE6; CLOSED-FORM-ONLY (sim pending at freeze),"FINITE/STEADY Che band: nominal = finite-window LRU prior (PREDECL_FINITE_HIT: 0.51 at 16 GiB pooled = P2 0.48-0.54 midpoint; saturation 0.536-0.54 = sealed-window repeat ceiling); upper edge = steady-Che (HOST_HIT_CURVE, cache_store_knees.csv) which over-predicts short windows by +25pp (known-failure 1) and governs >=512-token serving windows; pooled host budget basis, (1285 pooled slots); independent of cell and b; at host 16 GiB rows tagged P2 the P2 kill band 0.45-0.57 governs short-window measurements (registered-ID rule)","P2,P2b"
2xT4,dsv4_flash,8,16,cold_records_per_tok,179.40392611876635,179.40392611876635,840.8208828757402,134.55294458907477,1051.026103594675,REFERENCE-NON-PHASE6; CLOSED-FORM-ONLY (sim pending at freeze),"FALSIFICATION.md P4 bracket [steady-Che, 2x finite-Che] on roofline_curves.csv (2xT4,dsv4_flash,8,steady_state,16) (order-clamped min/max at b=8); nominal = finite-Che (anchor: 162 vs 155.06 measured, +4.5%); corrected anchor bracket 67.84-323.92","P3,P4,P3b"
2xT4,dsv4_flash,8,16,usd_per_1k_tok,1.9995664403085938,1.403143353443383,2.6639900086300674,0.8418860120660298,4.448863314412212,REFERENCE-NON-PHASE6; CLOSED-FORM-ONLY (sim pending at freeze),"THEORY.md 6 cost frontier: $/1k tok = 1000 * rate_s / TPS with the steady-horizon TPS at the row's own b (economics convention); nominal = substrate rs tps_pred -> reproduces serve_cost_frontier.csv exactly and the registered P14 (0.07-0.13) / P15b (0.70/0.74/0.93 ratios) / P15c (1.08-2.29 ratios) identities; range = relative T_s envelope; rate_s from serve_cost_frontier.csv (0.00015586 $/s); dense-baseline comparison carried under BOTH price readings (0.12892 vs 0.03581 $/1k tok, 3.57x ambiguity)",-
2xT4,dsv4_flash,8,64,decode_tps,1.3065478852782166,1.0005283481389833,2.070703303165825,0.7003698436972883,2.961105723527129,REFERENCE-NON-PHASE6; CLOSED-FORM-ONLY (sim pending at freeze),"THEORY.md 5.1 T_pred = t_dense + t_compute + (1-eta_s)t_storage + (1-eta_h)t_h2d; substrate roofline_curves.csv (2xT4,dsv4_flash,8,steady_state,64); nominal anchored to the substrate tps_pred (reproduces FALSIFICATION P1/P1b/P14/P15b/P15c registered centers); range = T_pred sensitivity envelope at B_SSD 0.9-1.1x spec (Cell B_ssd 3.3e+08 B/s), COMPUTE_EFF 0.3-0.8, t_0 50-420us, eta_s 0.15-0.45, eta_h 0.3-0.7; horizon=steady_state; limiter=h2d","P3c,P5"
2xT4,dsv4_flash,8,64,host_hit_rate,0.54,0.47000000000000003,1.0,0.4,1.0,REFERENCE-NON-PHASE6; CLOSED-FORM-ONLY (sim pending at freeze),"FINITE/STEADY Che band: nominal = finite-window LRU prior (PREDECL_FINITE_HIT: 0.51 at 16 GiB pooled = P2 0.48-0.54 midpoint; saturation 0.536-0.54 = sealed-window repeat ceiling); upper edge = steady-Che (HOST_HIT_CURVE, cache_store_knees.csv) which over-predicts short windows by +25pp (known-failure 1) and governs >=512-token serving windows; pooled host budget basis, (5140 pooled slots); independent of cell and b; at host 16 GiB rows tagged P2 the P2 kill band 0.45-0.57 governs short-window measurements (registered-ID rule)",P2
2xT4,dsv4_flash,8,64,cold_records_per_tok,147.75,0.0,295.5,0.0,369.375,REFERENCE-NON-PHASE6; CLOSED-FORM-ONLY (sim pending at freeze),"FALSIFICATION.md P4 bracket [steady-Che, 2x finite-Che] on roofline_curves.csv (2xT4,dsv4_flash,8,steady_state,64) (order-clamped min/max at b=8); nominal = finite-Che (anchor: 162 vs 155.06 measured, +4.5%); corrected anchor bracket 67.84-323.92","P3,P4,P3b"
2xT4,dsv4_flash,8,64,usd_per_1k_tok,0.2008498907363967,0.12672988911487,0.26228142409768807,0.07603793346892199,0.43800997824313903,REFERENCE-NON-PHASE6; CLOSED-FORM-ONLY (sim pending at freeze),"THEORY.md 6 cost frontier: $/1k tok = 1000 * rate_s / TPS with the steady-horizon TPS at the row's own b (economics convention); nominal = substrate rs tps_pred -> reproduces serve_cost_frontier.csv exactly and the registered P14 (0.07-0.13) / P15b (0.70/0.74/0.93 ratios) / P15c (1.08-2.29 ratios) identities; range = relative T_s envelope; rate_s from serve_cost_frontier.csv (0.00026242 $/s); dense-baseline comparison carried under BOTH price readings (0.12892 vs 0.03581 $/1k tok, 3.57x ambiguity)",-
2xT4,dsv4_flash,8,256,decode_tps,1.3065478852782166,1.0005283481389833,2.070703303165825,0.7003698436972883,2.961105723527129,REFERENCE-NON-PHASE6; CLOSED-FORM-ONLY (sim pending at freeze),"THEORY.md 5.1 T_pred = t_dense + t_compute + (1-eta_s)t_storage + (1-eta_h)t_h2d; substrate roofline_curves.csv (2xT4,dsv4_flash,8,steady_state,256); nominal anchored to the substrate tps_pred (reproduces FALSIFICATION P1/P1b/P14/P15b/P15c registered centers); range = T_pred sensitivity envelope at B_SSD 0.9-1.1x spec (Cell B_ssd 3.3e+08 B/s), COMPUTE_EFF 0.3-0.8, t_0 50-420us, eta_s 0.15-0.45, eta_h 0.3-0.7; horizon=steady_state; limiter=h2d","P3c,P5"
2xT4,dsv4_flash,8,256,host_hit_rate,0.54,0.47000000000000003,1.0,0.4,1.0,REFERENCE-NON-PHASE6; CLOSED-FORM-ONLY (sim pending at freeze),"FINITE/STEADY Che band: nominal = finite-window LRU prior (PREDECL_FINITE_HIT: 0.51 at 16 GiB pooled = P2 0.48-0.54 midpoint; saturation 0.536-0.54 = sealed-window repeat ceiling); upper edge = steady-Che (HOST_HIT_CURVE, cache_store_knees.csv) which over-predicts short windows by +25pp (known-failure 1) and governs >=512-token serving windows; pooled host budget basis, (20560 pooled slots); independent of cell and b; at host 16 GiB rows tagged P2 the P2 kill band 0.45-0.57 governs short-window measurements (registered-ID rule)",P2
2xT4,dsv4_flash,8,256,cold_records_per_tok,147.75,0.0,295.5,0.0,369.375,REFERENCE-NON-PHASE6; CLOSED-FORM-ONLY (sim pending at freeze),"FALSIFICATION.md P4 bracket [steady-Che, 2x finite-Che] on roofline_curves.csv (2xT4,dsv4_flash,8,steady_state,256) (order-clamped min/max at b=8); nominal = finite-Che (anchor: 162 vs 155.06 measured, +4.5%); corrected anchor bracket 67.84-323.92","P3,P4,P3b"
2xT4,dsv4_flash,8,256,usd_per_1k_tok,0.5270836283611271,0.33257299534275736,0.6882963399097397,0.1995437972056544,1.1494548876492652,REFERENCE-NON-PHASE6; CLOSED-FORM-ONLY (sim pending at freeze),"THEORY.md 6 cost frontier: $/1k tok = 1000 * rate_s / TPS with the steady-horizon TPS at the row's own b (economics convention); nominal = substrate rs tps_pred -> reproduces serve_cost_frontier.csv exactly and the registered P14 (0.07-0.13) / P15b (0.70/0.74/0.93 ratios) / P15c (1.08-2.29 ratios) identities; range = relative T_s envelope; rate_s from serve_cost_frontier.csv (0.00068866 $/s); dense-baseline comparison carried under BOTH price readings (0.12892 vs 0.03581 $/1k tok, 3.57x ambiguity)",P15
CPU-only,dsv4_flash,8,16,decode_tps,0.010339359046772287,0.005169679523386143,0.9305423142095058,0.0025848397616930717,2.0678718093544575,REFERENCE-NON-PHASE6; CLOSED-FORM-ONLY (sim pending at freeze),"roofline_curves.csv CPU-only row (compute-bound, CPU expert execution); CPU_EXEC_MS_PER_EXPERT 2750 ms MEASURED (portable-torch, AGENTS.md CPU 6/10); range upper edge = 25-30 ms/expert tuned-kernel bound (unbuilt, ~90x); horizon=steady_state",-
CPU-only,dsv4_flash,8,16,host_hit_rate,0.51,0.44,0.7531020871528816,0.37,0.8031020871528816,REFERENCE-NON-PHASE6; CLOSED-FORM-ONLY (sim pending at freeze),"FINITE/STEADY Che band (same construction as GPU rows) at 1285 pooled slots (single pooled tier); nominal = finite-window LRU prior, upper = steady-Che","P2,P2b"
CPU-only,dsv4_flash,8,16,cold_records_per_tok,190.3131312467146,190.3131312467146,1082.9758138180973,142.73484843503593,1353.7197672726215,REFERENCE-NON-PHASE6; CLOSED-FORM-ONLY (sim pending at freeze),"roofline_curves.csv CPU-only row cold count, P4 bracket [min(steady,finite), 2x max(steady,finite)]; CPU_EXEC_MS_PER_EXPERT 2750 ms MEASURED (portable-torch, AGENTS.md CPU 6/10); range upper edge = 25-30 ms/expert tuned-kernel bound (unbuilt, ~90x); horizon=steady_state","P3,P4"
CPU-only,dsv4_flash,8,16,usd_per_1k_tok,43.9795153590254,0.48866128176694884,87.9590307180508,0.2931967690601693,146.89158129914483,REFERENCE-NON-PHASE6; CLOSED-FORM-ONLY (sim pending at freeze),"1000 * rate_s / TPS with rate_s from serve_cost_frontier.csv (0.00045472 $/s, CPU cores + RAM only); CPU cost dominates; dense comparison meaningless here (360-5800x worse per THEORY.md 6)",-
CPU-only,dsv4_flash,8,64,decode_tps,0.01052536438413737,0.005262682192068685,0.9472827945723633,0.0026313410960343425,2.105072876827474,REFERENCE-NON-PHASE6; CLOSED-FORM-ONLY (sim pending at freeze),"roofline_curves.csv CPU-only row (compute-bound, CPU expert execution); CPU_EXEC_MS_PER_EXPERT 2750 ms MEASURED (portable-torch, AGENTS.md CPU 6/10); range upper edge = 25-30 ms/expert tuned-kernel bound (unbuilt, ~90x); horizon=steady_state",-
CPU-only,dsv4_flash,8,64,host_hit_rate,0.54,0.47000000000000003,1.0,0.4,1.0,REFERENCE-NON-PHASE6; CLOSED-FORM-ONLY (sim pending at freeze),"FINITE/STEADY Che band (same construction as GPU rows) at 5140 pooled slots (single pooled tier); nominal = finite-window LRU prior, upper = steady-Che",P2
CPU-only,dsv4_flash,8,64,cold_records_per_tok,147.75,0.0,295.5,0.0,369.375,REFERENCE-NON-PHASE6; CLOSED-FORM-ONLY (sim pending at freeze),"roofline_curves.csv CPU-only row cold count, P4 bracket [min(steady,finite), 2x max(steady,finite)]; CPU_EXEC_MS_PER_EXPERT 2750 ms MEASURED (portable-torch, AGENTS.md CPU 6/10); range upper edge = 25-30 ms/expert tuned-kernel bound (unbuilt, ~90x); horizon=steady_state","P3,P4"
CPU-only,dsv4_flash,8,64,usd_per_1k_tok,53.3264198288372,0.5925157758759689,106.6528396576744,0.3555094655255813,178.11024222831625,REFERENCE-NON-PHASE6; CLOSED-FORM-ONLY (sim pending at freeze),"1000 * rate_s / TPS with rate_s from serve_cost_frontier.csv (0.00056128 $/s, CPU cores + RAM only); CPU cost dominates; dense comparison meaningless here (360-5800x worse per THEORY.md 6)",-
CPU-only,dsv4_flash,8,256,decode_tps,0.01052536438413737,0.005262682192068685,0.9472827945723633,0.0026313410960343425,2.105072876827474,REFERENCE-NON-PHASE6; CLOSED-FORM-ONLY (sim pending at freeze),"roofline_curves.csv CPU-only row (compute-bound, CPU expert execution); CPU_EXEC_MS_PER_EXPERT 2750 ms MEASURED (portable-torch, AGENTS.md CPU 6/10); range upper edge = 25-30 ms/expert tuned-kernel bound (unbuilt, ~90x); horizon=steady_state",-
CPU-only,dsv4_flash,8,256,host_hit_rate,0.54,0.47000000000000003,1.0,0.4,1.0,REFERENCE-NON-PHASE6; CLOSED-FORM-ONLY (sim pending at freeze),"FINITE/STEADY Che band (same construction as GPU rows) at 20560 pooled slots (single pooled tier); nominal = finite-window LRU prior, upper = steady-Che",P2
CPU-only,dsv4_flash,8,256,cold_records_per_tok,147.75,0.0,295.5,0.0,369.375,REFERENCE-NON-PHASE6; CLOSED-FORM-ONLY (sim pending at freeze),"roofline_curves.csv CPU-only row cold count, P4 bracket [min(steady,finite), 2x max(steady,finite)]; CPU_EXEC_MS_PER_EXPERT 2750 ms MEASURED (portable-torch, AGENTS.md CPU 6/10); range upper edge = 25-30 ms/expert tuned-kernel bound (unbuilt, ~90x); horizon=steady_state","P3,P4"
CPU-only,dsv4_flash,8,256,usd_per_1k_tok,93.82288004093023,1.0424764448992248,187.64576008186046,0.6254858669395348,313.36841933670695,REFERENCE-NON-PHASE6; CLOSED-FORM-ONLY (sim pending at freeze),"1000 * rate_s / TPS with rate_s from serve_cost_frontier.csv (0.00098752 $/s, CPU cores + RAM only); CPU cost dominates; dense comparison meaningless here (360-5800x worse per THEORY.md 6)",P15
1xL4,mimo_v2_flash,1,16,decode_tps,1.1604225972860356,0.8979471861951673,1.8939631591068138,0.6285630303366171,2.7083673175227436,CLOSED-FORM-ONLY (sim pending at freeze),"THEORY.md 5.1 T_pred = t_dense + t_compute + (1-eta_s)t_storage + (1-eta_h)t_h2d; substrate roofline_curves.csv (1xL4,dsv4_flash,1,finite_16tok,16) scaled x1.1163 (MIMO_TOUCH_RATIO); nominal anchored to the substrate tps_pred (reproduces FALSIFICATION P1/P1b/P14/P15b/P15c registered centers); range = T_pred sensitivity envelope at B_SSD 0.9-1.1x spec (Cell B_ssd 2.5e+09 B/s), COMPUTE_EFF 0.3-0.8, t_0 50-420us, eta_s 0.15-0.45, eta_h 0.3-0.7; horizon=finite_16tok; limiter=compute",-
1xL4,mimo_v2_flash,1,16,host_hit_rate,0.51,0.39,0.758695295356939,0.27,0.8386952953569391,CLOSED-FORM-ONLY (sim pending at freeze),"FINITE/STEADY Che band: nominal = finite-window LRU prior (PREDECL_FINITE_HIT: 0.51 at 16 GiB pooled = P2 0.48-0.54 midpoint; saturation 0.536-0.54 = sealed-window repeat ceiling); upper edge = steady-Che (HOST_HIT_CURVE, cache_store_knees.csv) which over-predicts short windows by +25pp (known-failure 1) and governs >=512-token serving windows; pooled host budget basis, (1285 pooled slots); independent of cell and b; at host 16 GiB rows tagged P2 the P2 kill band 0.45-0.57 governs short-window measurements (registered-ID rule)","P2,P2b"
1xL4,mimo_v2_flash,1,16,cold_records_per_tok,174.25257619160786,17.58075590209027,348.5051523832157,13.185566926567702,435.63144047901966,CLOSED-FORM-ONLY (sim pending at freeze),"FALSIFICATION.md P4 bracket [steady-Che, 2x finite-Che] on roofline_curves.csv (1xL4,dsv4_flash,1,finite_16tok,16) scaled x1.1163 (MIMO_TOUCH_RATIO) (order-clamped min/max at b=8); nominal = finite-Che (anchor: 162 vs 155.06 measured, +4.5%); corrected anchor bracket 67.84-323.92","P3,P4"
1xL4,mimo_v2_flash,1,16,usd_per_1k_tok,0.09528509626841243,0.03575987355582319,0.11135743698242924,0.021455924133493915,0.18596691976065682,CLOSED-FORM-ONLY (sim pending at freeze),"THEORY.md 6 cost frontier: $/1k tok = 1000 * rate_s / TPS with the steady-horizon TPS at the row's own b (economics convention); nominal = substrate rs tps_pred -> reproduces serve_cost_frontier.csv exactly and the registered P14 (0.07-0.13) / P15b (0.70/0.74/0.93 ratios) / P15c (1.08-2.29 ratios) identities; range = relative T_s envelope; rate_s from serve_cost_frontier.csv (0.00041116 $/s); dense-baseline comparison carried under BOTH price readings (0.12892 vs 0.03581 $/1k tok, 3.57x ambiguity)",-
1xL4,mimo_v2_flash,1,64,decode_tps,1.2100035732556778,0.9376046126861063,1.9878485155533967,0.6563232288802744,2.842623377241357,CLOSED-FORM-ONLY (sim pending at freeze),"THEORY.md 5.1 T_pred = t_dense + t_compute + (1-eta_s)t_storage + (1-eta_h)t_h2d; substrate roofline_curves.csv (1xL4,dsv4_flash,1,finite_16tok,64) scaled x1.1163 (MIMO_TOUCH_RATIO); nominal anchored to the substrate tps_pred (reproduces FALSIFICATION P1/P1b/P14/P15b/P15c registered centers); range = T_pred sensitivity envelope at B_SSD 0.9-1.1x spec (Cell B_ssd 2.5e+09 B/s), COMPUTE_EFF 0.3-0.8, t_0 50-420us, eta_s 0.15-0.45, eta_h 0.3-0.7; horizon=finite_16tok; limiter=compute",P1
1xL4,mimo_v2_flash,1,64,host_hit_rate,0.54,0.42000000000000004,1.0,0.30000000000000004,1.0,CLOSED-FORM-ONLY (sim pending at freeze),"FINITE/STEADY Che band: nominal = finite-window LRU prior (PREDECL_FINITE_HIT: 0.51 at 16 GiB pooled = P2 0.48-0.54 midpoint; saturation 0.536-0.54 = sealed-window repeat ceiling); upper edge = steady-Che (HOST_HIT_CURVE, cache_store_knees.csv) which over-predicts short windows by +25pp (known-failure 1) and governs >=512-token serving windows; pooled host budget basis, (5140 pooled slots); independent of cell and b; at host 16 GiB rows tagged P2 the P2 kill band 0.45-0.57 governs short-window measurements (registered-ID rule)",P2
1xL4,mimo_v2_flash,1,64,cold_records_per_tok,164.93023255813952,2.9231684793791147e-09,329.86046511627904,2.192376359534336e-09,412.3255813953488,CLOSED-FORM-ONLY (sim pending at freeze),"FALSIFICATION.md P4 bracket [steady-Che, 2x finite-Che] on roofline_curves.csv (1xL4,dsv4_flash,1,finite_16tok,64) scaled x1.1163 (MIMO_TOUCH_RATIO) (order-clamped min/max at b=8); nominal = finite-Che (anchor: 162 vs 155.06 measured, +4.5%); corrected anchor bracket 67.84-323.92","P3,P4"
1xL4,mimo_v2_flash,1,64,usd_per_1k_tok,0.08550383837277323,0.020684946018576813,0.09423033036915981,0.012410967611146087,0.15736465171649688,CLOSED-FORM-ONLY (sim pending at freeze),"THEORY.md 6 cost frontier: $/1k tok = 1000 * rate_s / TPS with the steady-horizon TPS at the row's own b (economics convention); nominal = substrate rs tps_pred -> reproduces serve_cost_frontier.csv exactly and the registered P14 (0.07-0.13) / P15b (0.70/0.74/0.93 ratios) / P15c (1.08-2.29 ratios) identities; range = relative T_s envelope; rate_s from serve_cost_frontier.csv (0.00051772 $/s); dense-baseline comparison carried under BOTH price readings (0.12892 vs 0.03581 $/1k tok, 3.57x ambiguity)",-
1xL4,mimo_v2_flash,1,256,decode_tps,1.2100035732556778,0.9376046126861063,1.9878485155533967,0.6563232288802744,2.842623377241357,CLOSED-FORM-ONLY (sim pending at freeze),"THEORY.md 5.1 T_pred = t_dense + t_compute + (1-eta_s)t_storage + (1-eta_h)t_h2d; substrate roofline_curves.csv (1xL4,dsv4_flash,1,finite_16tok,256) scaled x1.1163 (MIMO_TOUCH_RATIO); nominal anchored to the substrate tps_pred (reproduces FALSIFICATION P1/P1b/P14/P15b/P15c registered centers); range = T_pred sensitivity envelope at B_SSD 0.9-1.1x spec (Cell B_ssd 2.5e+09 B/s), COMPUTE_EFF 0.3-0.8, t_0 50-420us, eta_s 0.15-0.45, eta_h 0.3-0.7; horizon=finite_16tok; limiter=compute",P15c
1xL4,mimo_v2_flash,1,256,host_hit_rate,0.54,0.42000000000000004,1.0,0.30000000000000004,1.0,CLOSED-FORM-ONLY (sim pending at freeze),"FINITE/STEADY Che band: nominal = finite-window LRU prior (PREDECL_FINITE_HIT: 0.51 at 16 GiB pooled = P2 0.48-0.54 midpoint; saturation 0.536-0.54 = sealed-window repeat ceiling); upper edge = steady-Che (HOST_HIT_CURVE, cache_store_knees.csv) which over-predicts short windows by +25pp (known-failure 1) and governs >=512-token serving windows; pooled host budget basis, (20560 pooled slots); independent of cell and b; at host 16 GiB rows tagged P2 the P2 kill band 0.45-0.57 governs short-window measurements (registered-ID rule)",P2
1xL4,mimo_v2_flash,1,256,cold_records_per_tok,164.93023255813952,2.9231684793791147e-09,329.86046511627904,2.192376359534336e-09,412.3255813953488,CLOSED-FORM-ONLY (sim pending at freeze),"FALSIFICATION.md P4 bracket [steady-Che, 2x finite-Che] on roofline_curves.csv (1xL4,dsv4_flash,1,finite_16tok,256) scaled x1.1163 (MIMO_TOUCH_RATIO) (order-clamped min/max at b=8); nominal = finite-Che (anchor: 162 vs 155.06 measured, +4.5%); corrected anchor bracket 67.84-323.92","P3,P4"
1xL4,mimo_v2_flash,1,256,usd_per_1k_tok,0.15589933413884532,0.037714906983882725,0.17181036594157476,0.022628944190329636,0.2869233111224298,CLOSED-FORM-ONLY (sim pending at freeze),"THEORY.md 6 cost frontier: $/1k tok = 1000 * rate_s / TPS with the steady-horizon TPS at the row's own b (economics convention); nominal = substrate rs tps_pred -> reproduces serve_cost_frontier.csv exactly and the registered P14 (0.07-0.13) / P15b (0.70/0.74/0.93 ratios) / P15c (1.08-2.29 ratios) identities; range = relative T_s envelope; rate_s from serve_cost_frontier.csv (0.00094396 $/s); dense-baseline comparison carried under BOTH price readings (0.12892 vs 0.03581 $/1k tok, 3.57x ambiguity)",P15c
2xL4,mimo_v2_flash,1,16,decode_tps,2.08526792127953,1.6546628821805218,3.863094458187101,1.1582640175263652,5.524225075207554,CLOSED-FORM-ONLY (sim pending at freeze),"THEORY.md 5.1 T_pred = t_dense + t_compute + (1-eta_s)t_storage + (1-eta_h)t_h2d; substrate roofline_curves.csv (2xL4,dsv4_flash,1,finite_16tok,16) scaled x1.1163 (MIMO_TOUCH_RATIO); nominal anchored to the substrate tps_pred (reproduces FALSIFICATION P1/P1b/P14/P15b/P15c registered centers); range = T_pred sensitivity envelope at B_SSD 0.9-1.1x spec (Cell B_ssd 5e+09 B/s), COMPUTE_EFF 0.3-0.8, t_0 50-420us, eta_s 0.15-0.45, eta_h 0.3-0.7; horizon=finite_16tok; limiter=compute",-
2xL4,mimo_v2_flash,1,16,host_hit_rate,0.51,0.39,0.758695295356939,0.27,0.8386952953569391,CLOSED-FORM-ONLY (sim pending at freeze),"FINITE/STEADY Che band: nominal = finite-window LRU prior (PREDECL_FINITE_HIT: 0.51 at 16 GiB pooled = P2 0.48-0.54 midpoint; saturation 0.536-0.54 = sealed-window repeat ceiling); upper edge = steady-Che (HOST_HIT_CURVE, cache_store_knees.csv) which over-predicts short windows by +25pp (known-failure 1) and governs >=512-token serving windows; pooled host budget basis, (1285 pooled slots); independent of cell and b; at host 16 GiB rows tagged P2 the P2 kill band 0.45-0.57 governs short-window measurements (registered-ID rule)","P2,P2b"
2xL4,mimo_v2_flash,1,16,cold_records_per_tok,164.93023255813952,0.0,329.86046511627904,0.0,412.3255813953488,CLOSED-FORM-ONLY (sim pending at freeze),"FALSIFICATION.md P4 bracket [steady-Che, 2x finite-Che] on roofline_curves.csv (2xL4,dsv4_flash,1,finite_16tok,16) scaled x1.1163 (MIMO_TOUCH_RATIO) (order-clamped min/max at b=8); nominal = finite-Che (anchor: 162 vs 155.06 measured, +4.5%); corrected anchor bracket 67.84-323.92","P3,P4"
2xL4,mimo_v2_flash,1,16,usd_per_1k_tok,0.11419863777645542,0.01971527473142293,0.12338151625089017,0.011829164838853759,0.20604713213898657,CLOSED-FORM-ONLY (sim pending at freeze),"THEORY.md 6 cost frontier: $/1k tok = 1000 * rate_s / TPS with the steady-horizon TPS at the row's own b (economics convention); nominal = substrate rs tps_pred -> reproduces serve_cost_frontier.csv exactly and the registered P14 (0.07-0.13) / P15b (0.70/0.74/0.93 ratios) / P15c (1.08-2.29 ratios) identities; range = relative T_s envelope; rate_s from serve_cost_frontier.csv (0.0007868 $/s); dense-baseline comparison carried under BOTH price readings (0.12892 vs 0.03581 $/1k tok, 3.57x ambiguity)",-
2xL4,mimo_v2_flash,1,64,decode_tps,2.08526792127953,1.6546628821805218,3.863094458187101,1.1582640175263652,5.524225075207554,CLOSED-FORM-ONLY (sim pending at freeze),"THEORY.md 5.1 T_pred = t_dense + t_compute + (1-eta_s)t_storage + (1-eta_h)t_h2d; substrate roofline_curves.csv (2xL4,dsv4_flash,1,finite_16tok,64) scaled x1.1163 (MIMO_TOUCH_RATIO); nominal anchored to the substrate tps_pred (reproduces FALSIFICATION P1/P1b/P14/P15b/P15c registered centers); range = T_pred sensitivity envelope at B_SSD 0.9-1.1x spec (Cell B_ssd 5e+09 B/s), COMPUTE_EFF 0.3-0.8, t_0 50-420us, eta_s 0.15-0.45, eta_h 0.3-0.7; horizon=finite_16tok; limiter=compute",-
2xL4,mimo_v2_flash,1,64,host_hit_rate,0.54,0.42000000000000004,1.0,0.30000000000000004,1.0,CLOSED-FORM-ONLY (sim pending at freeze),"FINITE/STEADY Che band: nominal = finite-window LRU prior (PREDECL_FINITE_HIT: 0.51 at 16 GiB pooled = P2 0.48-0.54 midpoint; saturation 0.536-0.54 = sealed-window repeat ceiling); upper edge = steady-Che (HOST_HIT_CURVE, cache_store_knees.csv) which over-predicts short windows by +25pp (known-failure 1) and governs >=512-token serving windows; pooled host budget basis, (5140 pooled slots); independent of cell and b; at host 16 GiB rows tagged P2 the P2 kill band 0.45-0.57 governs short-window measurements (registered-ID rule)",P2
2xL4,mimo_v2_flash,1,64,cold_records_per_tok,164.93023255813952,0.0,329.86046511627904,0.0,412.3255813953488,CLOSED-FORM-ONLY (sim pending at freeze),"FALSIFICATION.md P4 bracket [steady-Che, 2x finite-Che] on roofline_curves.csv (2xL4,dsv4_flash,1,finite_16tok,64) scaled x1.1163 (MIMO_TOUCH_RATIO) (order-clamped min/max at b=8); nominal = finite-Che (anchor: 162 vs 155.06 measured, +4.5%); corrected anchor bracket 67.84-323.92","P3,P4"
2xL4,mimo_v2_flash,1,64,usd_per_1k_tok,0.12966509283677455,0.022385406499827135,0.14009165144623187,0.01343124389989628,0.2339530579152072,CLOSED-FORM-ONLY (sim pending at freeze),"THEORY.md 6 cost frontier: $/1k tok = 1000 * rate_s / TPS with the steady-horizon TPS at the row's own b (economics convention); nominal = substrate rs tps_pred -> reproduces serve_cost_frontier.csv exactly and the registered P14 (0.07-0.13) / P15b (0.70/0.74/0.93 ratios) / P15c (1.08-2.29 ratios) identities; range = relative T_s envelope; rate_s from serve_cost_frontier.csv (0.00089336 $/s); dense-baseline comparison carried under BOTH price readings (0.12892 vs 0.03581 $/1k tok, 3.57x ambiguity)",-
2xL4,mimo_v2_flash,1,256,decode_tps,2.08526792127953,1.6546628821805218,3.863094458187101,1.1582640175263652,5.524225075207554,CLOSED-FORM-ONLY (sim pending at freeze),"THEORY.md 5.1 T_pred = t_dense + t_compute + (1-eta_s)t_storage + (1-eta_h)t_h2d; substrate roofline_curves.csv (2xL4,dsv4_flash,1,finite_16tok,256) scaled x1.1163 (MIMO_TOUCH_RATIO); nominal anchored to the substrate tps_pred (reproduces FALSIFICATION P1/P1b/P14/P15b/P15c registered centers); range = T_pred sensitivity envelope at B_SSD 0.9-1.1x spec (Cell B_ssd 5e+09 B/s), COMPUTE_EFF 0.3-0.8, t_0 50-420us, eta_s 0.15-0.45, eta_h 0.3-0.7; horizon=finite_16tok; limiter=compute",P15c
2xL4,mimo_v2_flash,1,256,host_hit_rate,0.54,0.42000000000000004,1.0,0.30000000000000004,1.0,CLOSED-FORM-ONLY (sim pending at freeze),"FINITE/STEADY Che band: nominal = finite-window LRU prior (PREDECL_FINITE_HIT: 0.51 at 16 GiB pooled = P2 0.48-0.54 midpoint; saturation 0.536-0.54 = sealed-window repeat ceiling); upper edge = steady-Che (HOST_HIT_CURVE, cache_store_knees.csv) which over-predicts short windows by +25pp (known-failure 1) and governs >=512-token serving windows; pooled host budget basis, (20560 pooled slots); independent of cell and b; at host 16 GiB rows tagged P2 the P2 kill band 0.45-0.57 governs short-window measurements (registered-ID rule)",P2
2xL4,mimo_v2_flash,1,256,cold_records_per_tok,164.93023255813952,0.0,329.86046511627904,0.0,412.3255813953488,CLOSED-FORM-ONLY (sim pending at freeze),"FALSIFICATION.md P4 bracket [steady-Che, 2x finite-Che] on roofline_curves.csv (2xL4,dsv4_flash,1,finite_16tok,256) scaled x1.1163 (MIMO_TOUCH_RATIO) (order-clamped min/max at b=8); nominal = finite-Che (anchor: 162 vs 155.06 measured, +4.5%); corrected anchor bracket 67.84-323.92","P3,P4"
2xL4,mimo_v2_flash,1,256,usd_per_1k_tok,0.19153091307805103,0.033065933573443944,0.20693219222759868,0.019839560144066366,0.3455767610200898,CLOSED-FORM-ONLY (sim pending at freeze),"THEORY.md 6 cost frontier: $/1k tok = 1000 * rate_s / TPS with the steady-horizon TPS at the row's own b (economics convention); nominal = substrate rs tps_pred -> reproduces serve_cost_frontier.csv exactly and the registered P14 (0.07-0.13) / P15b (0.70/0.74/0.93 ratios) / P15c (1.08-2.29 ratios) identities; range = relative T_s envelope; rate_s from serve_cost_frontier.csv (0.0013196 $/s); dense-baseline comparison carried under BOTH price readings (0.12892 vs 0.03581 $/1k tok, 3.57x ambiguity)",P15c
1xA10,mimo_v2_flash,1,16,decode_tps,1.3310580063619033,1.0347309512198894,2.2230049146061073,0.7243116658539226,3.1788970278867335,CLOSED-FORM-ONLY (sim pending at freeze),"THEORY.md 5.1 T_pred = t_dense + t_compute + (1-eta_s)t_storage + (1-eta_h)t_h2d; substrate roofline_curves.csv (1xA10,dsv4_flash,1,finite_16tok,16) scaled x1.1163 (MIMO_TOUCH_RATIO); nominal anchored to the substrate tps_pred (reproduces FALSIFICATION P1/P1b/P14/P15b/P15c registered centers); range = T_pred sensitivity envelope at B_SSD 0.9-1.1x spec (Cell B_ssd 3e+09 B/s), COMPUTE_EFF 0.3-0.8, t_0 50-420us, eta_s 0.15-0.45, eta_h 0.3-0.7; horizon=finite_16tok; limiter=compute",-
1xA10,mimo_v2_flash,1,16,host_hit_rate,0.51,0.39,0.758695295356939,0.27,0.8386952953569391,CLOSED-FORM-ONLY (sim pending at freeze),"FINITE/STEADY Che band: nominal = finite-window LRU prior (PREDECL_FINITE_HIT: 0.51 at 16 GiB pooled = P2 0.48-0.54 midpoint; saturation 0.536-0.54 = sealed-window repeat ceiling); upper edge = steady-Che (HOST_HIT_CURVE, cache_store_knees.csv) which over-predicts short windows by +25pp (known-failure 1) and governs >=512-token serving windows; pooled host budget basis, (1285 pooled slots); independent of cell and b; at host 16 GiB rows tagged P2 the P2 kill band 0.45-0.57 governs short-window measurements (registered-ID rule)","P2,P2b"
1xA10,mimo_v2_flash,1,16,cold_records_per_tok,174.25257619160786,17.58075590209027,348.5051523832157,13.185566926567702,435.63144047901966,CLOSED-FORM-ONLY (sim pending at freeze),"FALSIFICATION.md P4 bracket [steady-Che, 2x finite-Che] on roofline_curves.csv (1xA10,dsv4_flash,1,finite_16tok,16) scaled x1.1163 (MIMO_TOUCH_RATIO) (order-clamped min/max at b=8); nominal = finite-Che (anchor: 162 vs 155.06 measured, +4.5%); corrected anchor bracket 67.84-323.92","P3,P4"
1xA10,mimo_v2_flash,1,16,usd_per_1k_tok,0.10902481351222491,0.03895467042250381,0.12654251015340273,0.023372802253502287,0.21132599195618254,CLOSED-FORM-ONLY (sim pending at freeze),"THEORY.md 6 cost frontier: $/1k tok = 1000 * rate_s / TPS with the steady-horizon TPS at the row's own b (economics convention); nominal = substrate rs tps_pred -> reproduces serve_cost_frontier.csv exactly and the registered P14 (0.07-0.13) / P15b (0.70/0.74/0.93 ratios) / P15c (1.08-2.29 ratios) identities; range = relative T_s envelope; rate_s from serve_cost_frontier.csv (0.00049516 $/s); dense-baseline comparison carried under BOTH price readings (0.12892 vs 0.03581 $/1k tok, 3.57x ambiguity)",-
1xA10,mimo_v2_flash,1,64,decode_tps,1.3853177029908657,1.0785370769542548,2.3306716282629254,0.7549759538679783,3.3328604284159833,CLOSED-FORM-ONLY (sim pending at freeze),"THEORY.md 5.1 T_pred = t_dense + t_compute + (1-eta_s)t_storage + (1-eta_h)t_h2d; substrate roofline_curves.csv (1xA10,dsv4_flash,1,finite_16tok,64) scaled x1.1163 (MIMO_TOUCH_RATIO); nominal anchored to the substrate tps_pred (reproduces FALSIFICATION P1/P1b/P14/P15b/P15c registered centers); range = T_pred sensitivity envelope at B_SSD 0.9-1.1x spec (Cell B_ssd 3e+09 B/s), COMPUTE_EFF 0.3-0.8, t_0 50-420us, eta_s 0.15-0.45, eta_h 0.3-0.7; horizon=finite_16tok; limiter=compute",-
1xA10,mimo_v2_flash,1,64,host_hit_rate,0.54,0.42000000000000004,1.0,0.30000000000000004,1.0,CLOSED-FORM-ONLY (sim pending at freeze),"FINITE/STEADY Che band: nominal = finite-window LRU prior (PREDECL_FINITE_HIT: 0.51 at 16 GiB pooled = P2 0.48-0.54 midpoint; saturation 0.536-0.54 = sealed-window repeat ceiling); upper edge = steady-Che (HOST_HIT_CURVE, cache_store_knees.csv) which over-predicts short windows by +25pp (known-failure 1) and governs >=512-token serving windows; pooled host budget basis, (5140 pooled slots); independent of cell and b; at host 16 GiB rows tagged P2 the P2 kill band 0.45-0.57 governs short-window measurements (registered-ID rule)",P2
1xA10,mimo_v2_flash,1,64,cold_records_per_tok,164.93023255813952,2.9231684793791147e-09,329.86046511627904,2.192376359534336e-09,412.3255813953488,CLOSED-FORM-ONLY (sim pending at freeze),"FALSIFICATION.md P4 bracket [steady-Che, 2x finite-Che] on roofline_curves.csv (1xA10,dsv4_flash,1,finite_16tok,64) scaled x1.1163 (MIMO_TOUCH_RATIO) (order-clamped min/max at b=8); nominal = finite-Che (anchor: 162 vs 155.06 measured, +4.5%); corrected anchor bracket 67.84-323.92","P3,P4"
1xA10,mimo_v2_flash,1,64,usd_per_1k_tok,0.09909564872060102,0.023761094585150376,0.10923414583401078,0.014256656751090224,0.182421023542798,CLOSED-FORM-ONLY (sim pending at freeze),"THEORY.md 6 cost frontier: $/1k tok = 1000 * rate_s / TPS with the steady-horizon TPS at the row's own b (economics convention); nominal = substrate rs tps_pred -> reproduces serve_cost_frontier.csv exactly and the registered P14 (0.07-0.13) / P15b (0.70/0.74/0.93 ratios) / P15c (1.08-2.29 ratios) identities; range = relative T_s envelope; rate_s from serve_cost_frontier.csv (0.00060172 $/s); dense-baseline comparison carried under BOTH price readings (0.12892 vs 0.03581 $/1k tok, 3.57x ambiguity)",-
1xA10,mimo_v2_flash,1,256,decode_tps,1.3853177029908657,1.0785370769542548,2.3306716282629254,0.7549759538679783,3.3328604284159833,CLOSED-FORM-ONLY (sim pending at freeze),"THEORY.md 5.1 T_pred = t_dense + t_compute + (1-eta_s)t_storage + (1-eta_h)t_h2d; substrate roofline_curves.csv (1xA10,dsv4_flash,1,finite_16tok,256) scaled x1.1163 (MIMO_TOUCH_RATIO); nominal anchored to the substrate tps_pred (reproduces FALSIFICATION P1/P1b/P14/P15b/P15c registered centers); range = T_pred sensitivity envelope at B_SSD 0.9-1.1x spec (Cell B_ssd 3e+09 B/s), COMPUTE_EFF 0.3-0.8, t_0 50-420us, eta_s 0.15-0.45, eta_h 0.3-0.7; horizon=finite_16tok; limiter=compute",P15c
1xA10,mimo_v2_flash,1,256,host_hit_rate,0.54,0.42000000000000004,1.0,0.30000000000000004,1.0,CLOSED-FORM-ONLY (sim pending at freeze),"FINITE/STEADY Che band: nominal = finite-window LRU prior (PREDECL_FINITE_HIT: 0.51 at 16 GiB pooled = P2 0.48-0.54 midpoint; saturation 0.536-0.54 = sealed-window repeat ceiling); upper edge = steady-Che (HOST_HIT_CURVE, cache_store_knees.csv) which over-predicts short windows by +25pp (known-failure 1) and governs >=512-token serving windows; pooled host budget basis, (20560 pooled slots); independent of cell and b; at host 16 GiB rows tagged P2 the P2 kill band 0.45-0.57 governs short-window measurements (registered-ID rule)",P2
1xA10,mimo_v2_flash,1,256,cold_records_per_tok,164.93023255813952,2.9231684793791147e-09,329.86046511627904,2.192376359534336e-09,412.3255813953488,CLOSED-FORM-ONLY (sim pending at freeze),"FALSIFICATION.md P4 bracket [steady-Che, 2x finite-Che] on roofline_curves.csv (1xA10,dsv4_flash,1,finite_16tok,256) scaled x1.1163 (MIMO_TOUCH_RATIO) (order-clamped min/max at b=8); nominal = finite-Che (anchor: 162 vs 155.06 measured, +4.5%); corrected anchor bracket 67.84-323.92","P3,P4"
1xA10,mimo_v2_flash,1,256,usd_per_1k_tok,0.16929196812276312,0.04059272550314296,0.1866122657573784,0.024355635301885777,0.31164248381482196,CLOSED-FORM-ONLY (sim pending at freeze),"THEORY.md 6 cost frontier: $/1k tok = 1000 * rate_s / TPS with the steady-horizon TPS at the row's own b (economics convention); nominal = substrate rs tps_pred -> reproduces serve_cost_frontier.csv exactly and the registered P14 (0.07-0.13) / P15b (0.70/0.74/0.93 ratios) / P15c (1.08-2.29 ratios) identities; range = relative T_s envelope; rate_s from serve_cost_frontier.csv (0.00102796 $/s); dense-baseline comparison carried under BOTH price readings (0.12892 vs 0.03581 $/1k tok, 3.57x ambiguity)",P15c
1xL40S,mimo_v2_flash,1,16,decode_tps,2.352530973922246,1.8780981461678854,4.5519677717849465,1.3146687023175196,6.509313913652473,CLOSED-FORM-ONLY (sim pending at freeze),"THEORY.md 5.1 T_pred = t_dense + t_compute + (1-eta_s)t_storage + (1-eta_h)t_h2d; substrate roofline_curves.csv (1xL40S,dsv4_flash,1,finite_16tok,16) scaled x1.1163 (MIMO_TOUCH_RATIO); nominal anchored to the substrate tps_pred (reproduces FALSIFICATION P1/P1b/P14/P15b/P15c registered centers); range = T_pred sensitivity envelope at B_SSD 0.9-1.1x spec (Cell B_ssd 6e+09 B/s), COMPUTE_EFF 0.3-0.8, t_0 50-420us, eta_s 0.15-0.45, eta_h 0.3-0.7; horizon=finite_16tok; limiter=compute",-
1xL40S,mimo_v2_flash,1,16,host_hit_rate,0.51,0.39,0.758695295356939,0.27,0.8386952953569391,CLOSED-FORM-ONLY (sim pending at freeze),"FINITE/STEADY Che band: nominal = finite-window LRU prior (PREDECL_FINITE_HIT: 0.51 at 16 GiB pooled = P2 0.48-0.54 midpoint; saturation 0.536-0.54 = sealed-window repeat ceiling); upper edge = steady-Che (HOST_HIT_CURVE, cache_store_knees.csv) which over-predicts short windows by +25pp (known-failure 1) and governs >=512-token serving windows; pooled host budget basis, (1285 pooled slots); independent of cell and b; at host 16 GiB rows tagged P2 the P2 kill band 0.45-0.57 governs short-window measurements (registered-ID rule)","P2,P2b"
1xL40S,mimo_v2_flash,1,16,cold_records_per_tok,164.93023255813952,0.0,329.86046511627904,0.0,412.3255813953488,CLOSED-FORM-ONLY (sim pending at freeze),"FALSIFICATION.md P4 bracket [steady-Che, 2x finite-Che] on roofline_curves.csv (1xL40S,dsv4_flash,1,finite_16tok,16) scaled x1.1163 (MIMO_TOUCH_RATIO) (order-clamped min/max at b=8); nominal = finite-Che (anchor: 162 vs 155.06 measured, +4.5%); corrected anchor bracket 67.84-323.92","P3,P4"
1xL40S,mimo_v2_flash,1,16,usd_per_1k_tok,0.1275485296040989,0.02023960666904538,0.1379490749912114,0.012143764001427226,0.23037495523532303,CLOSED-FORM-ONLY (sim pending at freeze),"THEORY.md 6 cost frontier: $/1k tok = 1000 * rate_s / TPS with the steady-horizon TPS at the row's own b (economics convention); nominal = substrate rs tps_pred -> reproduces serve_cost_frontier.csv exactly and the registered P14 (0.07-0.13) / P15b (0.70/0.74/0.93 ratios) / P15c (1.08-2.29 ratios) identities; range = relative T_s envelope; rate_s from serve_cost_frontier.csv (0.00089368 $/s); dense-baseline comparison carried under BOTH price readings (0.12892 vs 0.03581 $/1k tok, 3.57x ambiguity)",-
1xL40S,mimo_v2_flash,1,64,decode_tps,2.352530973922246,1.8780981461678854,4.5519677717849465,1.3146687023175196,6.509313913652473,CLOSED-FORM-ONLY (sim pending at freeze),"THEORY.md 5.1 T_pred = t_dense + t_compute + (1-eta_s)t_storage + (1-eta_h)t_h2d; substrate roofline_curves.csv (1xL40S,dsv4_flash,1,finite_16tok,64) scaled x1.1163 (MIMO_TOUCH_RATIO); nominal anchored to the substrate tps_pred (reproduces FALSIFICATION P1/P1b/P14/P15b/P15c registered centers); range = T_pred sensitivity envelope at B_SSD 0.9-1.1x spec (Cell B_ssd 6e+09 B/s), COMPUTE_EFF 0.3-0.8, t_0 50-420us, eta_s 0.15-0.45, eta_h 0.3-0.7; horizon=finite_16tok; limiter=compute",-
1xL40S,mimo_v2_flash,1,64,host_hit_rate,0.54,0.42000000000000004,1.0,0.30000000000000004,1.0,CLOSED-FORM-ONLY (sim pending at freeze),"FINITE/STEADY Che band: nominal = finite-window LRU prior (PREDECL_FINITE_HIT: 0.51 at 16 GiB pooled = P2 0.48-0.54 midpoint; saturation 0.536-0.54 = sealed-window repeat ceiling); upper edge = steady-Che (HOST_HIT_CURVE, cache_store_knees.csv) which over-predicts short windows by +25pp (known-failure 1) and governs >=512-token serving windows; pooled host budget basis, (5140 pooled slots); independent of cell and b; at host 16 GiB rows tagged P2 the P2 kill band 0.45-0.57 governs short-window measurements (registered-ID rule)",P2
1xL40S,mimo_v2_flash,1,64,cold_records_per_tok,164.93023255813952,0.0,329.86046511627904,0.0,412.3255813953488,CLOSED-FORM-ONLY (sim pending at freeze),"FALSIFICATION.md P4 bracket [steady-Che, 2x finite-Che] on roofline_curves.csv (1xL40S,dsv4_flash,1,finite_16tok,64) scaled x1.1163 (MIMO_TOUCH_RATIO) (order-clamped min/max at b=8); nominal = finite-Che (anchor: 162 vs 155.06 measured, +4.5%); corrected anchor bracket 67.84-323.92","P3,P4"
1xL40S,mimo_v2_flash,1,64,usd_per_1k_tok,0.14275707328261106,0.022652922941820273,0.15439775173351675,0.013591753765092163,0.25784424539497297,CLOSED-FORM-ONLY (sim pending at freeze),"THEORY.md 6 cost frontier: $/1k tok = 1000 * rate_s / TPS with the steady-horizon TPS at the row's own b (economics convention); nominal = substrate rs tps_pred -> reproduces serve_cost_frontier.csv exactly and the registered P14 (0.07-0.13) / P15b (0.70/0.74/0.93 ratios) / P15c (1.08-2.29 ratios) identities; range = relative T_s envelope; rate_s from serve_cost_frontier.csv (0.00100024 $/s); dense-baseline comparison carried under BOTH price readings (0.12892 vs 0.03581 $/1k tok, 3.57x ambiguity)",-
1xL40S,mimo_v2_flash,1,256,decode_tps,2.352530973922246,1.8780981461678854,4.5519677717849465,1.3146687023175196,6.509313913652473,CLOSED-FORM-ONLY (sim pending at freeze),"THEORY.md 5.1 T_pred = t_dense + t_compute + (1-eta_s)t_storage + (1-eta_h)t_h2d; substrate roofline_curves.csv (1xL40S,dsv4_flash,1,finite_16tok,256) scaled x1.1163 (MIMO_TOUCH_RATIO); nominal anchored to the substrate tps_pred (reproduces FALSIFICATION P1/P1b/P14/P15b/P15c registered centers); range = T_pred sensitivity envelope at B_SSD 0.9-1.1x spec (Cell B_ssd 6e+09 B/s), COMPUTE_EFF 0.3-0.8, t_0 50-420us, eta_s 0.15-0.45, eta_h 0.3-0.7; horizon=finite_16tok; limiter=compute",P15c
1xL40S,mimo_v2_flash,1,256,host_hit_rate,0.54,0.42000000000000004,1.0,0.30000000000000004,1.0,CLOSED-FORM-ONLY (sim pending at freeze),"FINITE/STEADY Che band: nominal = finite-window LRU prior (PREDECL_FINITE_HIT: 0.51 at 16 GiB pooled = P2 0.48-0.54 midpoint; saturation 0.536-0.54 = sealed-window repeat ceiling); upper edge = steady-Che (HOST_HIT_CURVE, cache_store_knees.csv) which over-predicts short windows by +25pp (known-failure 1) and governs >=512-token serving windows; pooled host budget basis, (20560 pooled slots); independent of cell and b; at host 16 GiB rows tagged P2 the P2 kill band 0.45-0.57 governs short-window measurements (registered-ID rule)",P2
1xL40S,mimo_v2_flash,1,256,cold_records_per_tok,164.93023255813952,0.0,329.86046511627904,0.0,412.3255813953488,CLOSED-FORM-ONLY (sim pending at freeze),"FALSIFICATION.md P4 bracket [steady-Che, 2x finite-Che] on roofline_curves.csv (1xL40S,dsv4_flash,1,finite_16tok,256) scaled x1.1163 (MIMO_TOUCH_RATIO) (order-clamped min/max at b=8); nominal = finite-Che (anchor: 162 vs 155.06 measured, +4.5%); corrected anchor bracket 67.84-323.92","P3,P4"
1xL40S,mimo_v2_flash,1,256,usd_per_1k_tok,0.20359124799665987,0.03230618803291989,0.22019245870273835,0.019383712819751934,0.367721406033573,CLOSED-FORM-ONLY (sim pending at freeze),"THEORY.md 6 cost frontier: $/1k tok = 1000 * rate_s / TPS with the steady-horizon TPS at the row's own b (economics convention); nominal = substrate rs tps_pred -> reproduces serve_cost_frontier.csv exactly and the registered P14 (0.07-0.13) / P15b (0.70/0.74/0.93 ratios) / P15c (1.08-2.29 ratios) identities; range = relative T_s envelope; rate_s from serve_cost_frontier.csv (0.00142648 $/s); dense-baseline comparison carried under BOTH price readings (0.12892 vs 0.03581 $/1k tok, 3.57x ambiguity)",P15c
1xRTXPRO6000,mimo_v2_flash,1,16,decode_tps,2.8547616408317555,2.3096437825897946,5.98898723475668,1.6167506478128562,8.564251745702052,CLOSED-FORM-ONLY (sim pending at freeze),"THEORY.md 5.1 T_pred = t_dense + t_compute + (1-eta_s)t_storage + (1-eta_h)t_h2d; substrate roofline_curves.csv (1xRTXPRO6000,dsv4_flash,1,finite_16tok,16) scaled x1.1163 (MIMO_TOUCH_RATIO); nominal anchored to the substrate tps_pred (reproduces FALSIFICATION P1/P1b/P14/P15b/P15c registered centers); range = T_pred sensitivity envelope at B_SSD 0.9-1.1x spec (Cell B_ssd 8e+09 B/s), COMPUTE_EFF 0.3-0.8, t_0 50-420us, eta_s 0.15-0.45, eta_h 0.3-0.7; horizon=finite_16tok; limiter=compute",-
1xRTXPRO6000,mimo_v2_flash,1,16,host_hit_rate,0.51,0.39,0.758695295356939,0.27,0.8386952953569391,CLOSED-FORM-ONLY (sim pending at freeze),"FINITE/STEADY Che band: nominal = finite-window LRU prior (PREDECL_FINITE_HIT: 0.51 at 16 GiB pooled = P2 0.48-0.54 midpoint; saturation 0.536-0.54 = sealed-window repeat ceiling); upper edge = steady-Che (HOST_HIT_CURVE, cache_store_knees.csv) which over-predicts short windows by +25pp (known-failure 1) and governs >=512-token serving windows; pooled host budget basis, (1285 pooled slots); independent of cell and b; at host 16 GiB rows tagged P2 the P2 kill band 0.45-0.57 governs short-window measurements (registered-ID rule)","P2,P2b"
1xRTXPRO6000,mimo_v2_flash,1,16,cold_records_per_tok,164.93023255813952,0.0,329.86046511627904,0.0,412.3255813953488,CLOSED-FORM-ONLY (sim pending at freeze),"FALSIFICATION.md P4 bracket [steady-Che, 2x finite-Che] on roofline_curves.csv (1xRTXPRO6000,dsv4_flash,1,finite_16tok,16) scaled x1.1163 (MIMO_TOUCH_RATIO) (order-clamped min/max at b=8); nominal = finite-Che (anchor: 162 vs 155.06 measured, +4.5%); corrected anchor bracket 67.84-323.92","P3,P4"
1xRTXPRO6000,mimo_v2_flash,1,16,usd_per_1k_tok,0.18250946880622523,0.026395739883093877,0.19759936728800215,0.015837443929856327,0.3299909433709636,CLOSED-FORM-ONLY (sim pending at freeze),"THEORY.md 6 cost frontier: $/1k tok = 1000 * rate_s / TPS with the steady-horizon TPS at the row's own b (economics convention); nominal = substrate rs tps_pred -> reproduces serve_cost_frontier.csv exactly and the registered P14 (0.07-0.13) / P15b (0.70/0.74/0.93 ratios) / P15c (1.08-2.29 ratios) identities; range = relative T_s envelope; rate_s from serve_cost_frontier.csv (0.00130024 $/s); dense-baseline comparison carried under BOTH price readings (0.12892 vs 0.03581 $/1k tok, 3.57x ambiguity)",-
1xRTXPRO6000,mimo_v2_flash,1,64,decode_tps,2.8547616408317555,2.3096437825897946,5.98898723475668,1.6167506478128562,8.564251745702052,CLOSED-FORM-ONLY (sim pending at freeze),"THEORY.md 5.1 T_pred = t_dense + t_compute + (1-eta_s)t_storage + (1-eta_h)t_h2d; substrate roofline_curves.csv (1xRTXPRO6000,dsv4_flash,1,finite_16tok,64) scaled x1.1163 (MIMO_TOUCH_RATIO); nominal anchored to the substrate tps_pred (reproduces FALSIFICATION P1/P1b/P14/P15b/P15c registered centers); range = T_pred sensitivity envelope at B_SSD 0.9-1.1x spec (Cell B_ssd 8e+09 B/s), COMPUTE_EFF 0.3-0.8, t_0 50-420us, eta_s 0.15-0.45, eta_h 0.3-0.7; horizon=finite_16tok; limiter=compute",-
1xRTXPRO6000,mimo_v2_flash,1,64,host_hit_rate,0.54,0.42000000000000004,1.0,0.30000000000000004,1.0,CLOSED-FORM-ONLY (sim pending at freeze),"FINITE/STEADY Che band: nominal = finite-window LRU prior (PREDECL_FINITE_HIT: 0.51 at 16 GiB pooled = P2 0.48-0.54 midpoint; saturation 0.536-0.54 = sealed-window repeat ceiling); upper edge = steady-Che (HOST_HIT_CURVE, cache_store_knees.csv) which over-predicts short windows by +25pp (known-failure 1) and governs >=512-token serving windows; pooled host budget basis, (5140 pooled slots); independent of cell and b; at host 16 GiB rows tagged P2 the P2 kill band 0.45-0.57 governs short-window measurements (registered-ID rule)",P2
1xRTXPRO6000,mimo_v2_flash,1,64,cold_records_per_tok,164.93023255813952,0.0,329.86046511627904,0.0,412.3255813953488,CLOSED-FORM-ONLY (sim pending at freeze),"FALSIFICATION.md P4 bracket [steady-Che, 2x finite-Che] on roofline_curves.csv (1xRTXPRO6000,dsv4_flash,1,finite_16tok,64) scaled x1.1163 (MIMO_TOUCH_RATIO) (order-clamped min/max at b=8); nominal = finite-Che (anchor: 162 vs 155.06 measured, +4.5%); corrected anchor bracket 67.84-323.92","P3,P4"
1xRTXPRO6000,mimo_v2_flash,1,64,usd_per_1k_tok,0.1974668682063293,0.028558979009672414,0.21379344574906275,0.01713538740580345,0.3570350544009348,CLOSED-FORM-ONLY (sim pending at freeze),"THEORY.md 6 cost frontier: $/1k tok = 1000 * rate_s / TPS with the steady-horizon TPS at the row's own b (economics convention); nominal = substrate rs tps_pred -> reproduces serve_cost_frontier.csv exactly and the registered P14 (0.07-0.13) / P15b (0.70/0.74/0.93 ratios) / P15c (1.08-2.29 ratios) identities; range = relative T_s envelope; rate_s from serve_cost_frontier.csv (0.0014068 $/s); dense-baseline comparison carried under BOTH price readings (0.12892 vs 0.03581 $/1k tok, 3.57x ambiguity)",-
1xRTXPRO6000,mimo_v2_flash,1,256,decode_tps,2.8547616408317555,2.3096437825897946,5.98898723475668,1.6167506478128562,8.564251745702052,CLOSED-FORM-ONLY (sim pending at freeze),"THEORY.md 5.1 T_pred = t_dense + t_compute + (1-eta_s)t_storage + (1-eta_h)t_h2d; substrate roofline_curves.csv (1xRTXPRO6000,dsv4_flash,1,finite_16tok,256) scaled x1.1163 (MIMO_TOUCH_RATIO); nominal anchored to the substrate tps_pred (reproduces FALSIFICATION P1/P1b/P14/P15b/P15c registered centers); range = T_pred sensitivity envelope at B_SSD 0.9-1.1x spec (Cell B_ssd 8e+09 B/s), COMPUTE_EFF 0.3-0.8, t_0 50-420us, eta_s 0.15-0.45, eta_h 0.3-0.7; horizon=finite_16tok; limiter=compute",P15c
1xRTXPRO6000,mimo_v2_flash,1,256,host_hit_rate,0.54,0.42000000000000004,1.0,0.30000000000000004,1.0,CLOSED-FORM-ONLY (sim pending at freeze),"FINITE/STEADY Che band: nominal = finite-window LRU prior (PREDECL_FINITE_HIT: 0.51 at 16 GiB pooled = P2 0.48-0.54 midpoint; saturation 0.536-0.54 = sealed-window repeat ceiling); upper edge = steady-Che (HOST_HIT_CURVE, cache_store_knees.csv) which over-predicts short windows by +25pp (known-failure 1) and governs >=512-token serving windows; pooled host budget basis, (20560 pooled slots); independent of cell and b; at host 16 GiB rows tagged P2 the P2 kill band 0.45-0.57 governs short-window measurements (registered-ID rule)",P2
1xRTXPRO6000,mimo_v2_flash,1,256,cold_records_per_tok,164.93023255813952,0.0,329.86046511627904,0.0,412.3255813953488,CLOSED-FORM-ONLY (sim pending at freeze),"FALSIFICATION.md P4 bracket [steady-Che, 2x finite-Che] on roofline_curves.csv (1xRTXPRO6000,dsv4_flash,1,finite_16tok,256) scaled x1.1163 (MIMO_TOUCH_RATIO) (order-clamped min/max at b=8); nominal = finite-Che (anchor: 162 vs 155.06 measured, +4.5%); corrected anchor bracket 67.84-323.92","P3,P4"
1xRTXPRO6000,mimo_v2_flash,1,256,usd_per_1k_tok,0.25729646580674576,0.03721193551598659,0.27856975959330543,0.02232716130959195,0.46521149852082005,CLOSED-FORM-ONLY (sim pending at freeze),"THEORY.md 6 cost frontier: $/1k tok = 1000 * rate_s / TPS with the steady-horizon TPS at the row's own b (economics convention); nominal = substrate rs tps_pred -> reproduces serve_cost_frontier.csv exactly and the registered P14 (0.07-0.13) / P15b (0.70/0.74/0.93 ratios) / P15c (1.08-2.29 ratios) identities; range = relative T_s envelope; rate_s from serve_cost_frontier.csv (0.00183304 $/s); dense-baseline comparison carried under BOTH price readings (0.12892 vs 0.03581 $/1k tok, 3.57x ambiguity)",P15c
2xT4,mimo_v2_flash,1,16,decode_tps,0.15937221788927575,0.12081520176574753,0.22745095341926966,0.08457064123602327,0.3252548633895556,REFERENCE-NON-PHASE6; CLOSED-FORM-ONLY (sim pending at freeze),"THEORY.md 5.1 T_pred = t_dense + t_compute + (1-eta_s)t_storage + (1-eta_h)t_h2d; substrate roofline_curves.csv (2xT4,dsv4_flash,1,finite_16tok,16) scaled x1.1163 (MIMO_TOUCH_RATIO); nominal anchored to the substrate tps_pred (reproduces FALSIFICATION P1/P1b/P14/P15b/P15c registered centers); range = T_pred sensitivity envelope at B_SSD 0.9-1.1x spec (Cell B_ssd 3.3e+08 B/s), COMPUTE_EFF 0.3-0.8, t_0 50-420us, eta_s 0.15-0.45, eta_h 0.3-0.7; horizon=finite_16tok; limiter=storage","P3c,P5"
2xT4,mimo_v2_flash,1,16,host_hit_rate,0.51,0.39,0.758695295356939,0.27,0.8386952953569391,REFERENCE-NON-PHASE6; CLOSED-FORM-ONLY (sim pending at freeze),"FINITE/STEADY Che band: nominal = finite-window LRU prior (PREDECL_FINITE_HIT: 0.51 at 16 GiB pooled = P2 0.48-0.54 midpoint; saturation 0.536-0.54 = sealed-window repeat ceiling); upper edge = steady-Che (HOST_HIT_CURVE, cache_store_knees.csv) which over-predicts short windows by +25pp (known-failure 1) and governs >=512-token serving windows; pooled host budget basis, (1285 pooled slots); independent of cell and b; at host 16 GiB rows tagged P2 the P2 kill band 0.45-0.57 governs short-window measurements (registered-ID rule)","P2,P2b"
2xT4,mimo_v2_flash,1,16,cold_records_per_tok,200.26484776048338,82.72564104622646,400.52969552096675,62.04423078466984,500.66211940120843,REFERENCE-NON-PHASE6; CLOSED-FORM-ONLY (sim pending at freeze),"FALSIFICATION.md P4 bracket [steady-Che, 2x finite-Che] on roofline_curves.csv (2xT4,dsv4_flash,1,finite_16tok,16) scaled x1.1163 (MIMO_TOUCH_RATIO) (order-clamped min/max at b=8); nominal = finite-Che (anchor: 162 vs 155.06 measured, +4.5%); corrected anchor bracket 67.84-323.92","P3,P4,P3b"
2xT4,mimo_v2_flash,1,16,usd_per_1k_tok,0.44446320127321076,0.30931161743941876,0.5778872899333097,0.18558697046365125,0.9650717741886272,REFERENCE-NON-PHASE6; CLOSED-FORM-ONLY (sim pending at freeze),"THEORY.md 6 cost frontier: $/1k tok = 1000 * rate_s / TPS with the steady-horizon TPS at the row's own b (economics convention); nominal = substrate rs tps_pred -> reproduces serve_cost_frontier.csv exactly and the registered P14 (0.07-0.13) / P15b (0.70/0.74/0.93 ratios) / P15c (1.08-2.29 ratios) identities; range = relative T_s envelope; rate_s from serve_cost_frontier.csv (0.00015586 $/s); dense-baseline comparison carried under BOTH price readings (0.12892 vs 0.03581 $/1k tok, 3.57x ambiguity)",-
2xT4,mimo_v2_flash,1,64,decode_tps,0.19008962882393599,0.14441383865055402,0.2717028789253028,0.1010896870553878,0.388535116863183,REFERENCE-NON-PHASE6; CLOSED-FORM-ONLY (sim pending at freeze),"THEORY.md 5.1 T_pred = t_dense + t_compute + (1-eta_s)t_storage + (1-eta_h)t_h2d; substrate roofline_curves.csv (2xT4,dsv4_flash,1,finite_16tok,64) scaled x1.1163 (MIMO_TOUCH_RATIO); nominal anchored to the substrate tps_pred (reproduces FALSIFICATION P1/P1b/P14/P15b/P15c registered centers); range = T_pred sensitivity envelope at B_SSD 0.9-1.1x spec (Cell B_ssd 3.3e+08 B/s), COMPUTE_EFF 0.3-0.8, t_0 50-420us, eta_s 0.15-0.45, eta_h 0.3-0.7; horizon=finite_16tok; limiter=h2d","P3c,P5"
2xT4,mimo_v2_flash,1,64,host_hit_rate,0.54,0.42000000000000004,1.0,0.30000000000000004,1.0,REFERENCE-NON-PHASE6; CLOSED-FORM-ONLY (sim pending at freeze),"FINITE/STEADY Che band: nominal = finite-window LRU prior (PREDECL_FINITE_HIT: 0.51 at 16 GiB pooled = P2 0.48-0.54 midpoint; saturation 0.536-0.54 = sealed-window repeat ceiling); upper edge = steady-Che (HOST_HIT_CURVE, cache_store_knees.csv) which over-predicts short windows by +25pp (known-failure 1) and governs >=512-token serving windows; pooled host budget basis, (5140 pooled slots); independent of cell and b; at host 16 GiB rows tagged P2 the P2 kill band 0.45-0.57 governs short-window measurements (registered-ID rule)",P2
2xT4,mimo_v2_flash,1,64,cold_records_per_tok,164.93023255813952,0.0,329.86046511627904,0.0,412.3255813953488,REFERENCE-NON-PHASE6; CLOSED-FORM-ONLY (sim pending at freeze),"FALSIFICATION.md P4 bracket [steady-Che, 2x finite-Che] on roofline_curves.csv (2xT4,dsv4_flash,1,finite_16tok,64) scaled x1.1163 (MIMO_TOUCH_RATIO) (order-clamped min/max at b=8); nominal = finite-Che (anchor: 162 vs 155.06 measured, +4.5%); corrected anchor bracket 67.84-323.92","P3,P4,P3b"
2xT4,mimo_v2_flash,1,64,usd_per_1k_tok,0.12539264763164565,0.08085425463587581,0.14200675947027241,0.048512552781525484,0.23715128831535492,REFERENCE-NON-PHASE6; CLOSED-FORM-ONLY (sim pending at freeze),"THEORY.md 6 cost frontier: $/1k tok = 1000 * rate_s / TPS with the steady-horizon TPS at the row's own b (economics convention); nominal = substrate rs tps_pred -> reproduces serve_cost_frontier.csv exactly and the registered P14 (0.07-0.13) / P15b (0.70/0.74/0.93 ratios) / P15c (1.08-2.29 ratios) identities; range = relative T_s envelope; rate_s from serve_cost_frontier.csv (0.00026242 $/s); dense-baseline comparison carried under BOTH price readings (0.12892 vs 0.03581 $/1k tok, 3.57x ambiguity)",-
2xT4,mimo_v2_flash,1,256,decode_tps,0.19008962882393599,0.14441383865055402,0.2717028789253028,0.1010896870553878,0.388535116863183,REFERENCE-NON-PHASE6; CLOSED-FORM-ONLY (sim pending at freeze),"THEORY.md 5.1 T_pred = t_dense + t_compute + (1-eta_s)t_storage + (1-eta_h)t_h2d; substrate roofline_curves.csv (2xT4,dsv4_flash,1,finite_16tok,256) scaled x1.1163 (MIMO_TOUCH_RATIO); nominal anchored to the substrate tps_pred (reproduces FALSIFICATION P1/P1b/P14/P15b/P15c registered centers); range = T_pred sensitivity envelope at B_SSD 0.9-1.1x spec (Cell B_ssd 3.3e+08 B/s), COMPUTE_EFF 0.3-0.8, t_0 50-420us, eta_s 0.15-0.45, eta_h 0.3-0.7; horizon=finite_16tok; limiter=h2d","P3c,P5"
2xT4,mimo_v2_flash,1,256,host_hit_rate,0.54,0.42000000000000004,1.0,0.30000000000000004,1.0,REFERENCE-NON-PHASE6; CLOSED-FORM-ONLY (sim pending at freeze),"FINITE/STEADY Che band: nominal = finite-window LRU prior (PREDECL_FINITE_HIT: 0.51 at 16 GiB pooled = P2 0.48-0.54 midpoint; saturation 0.536-0.54 = sealed-window repeat ceiling); upper edge = steady-Che (HOST_HIT_CURVE, cache_store_knees.csv) which over-predicts short windows by +25pp (known-failure 1) and governs >=512-token serving windows; pooled host budget basis, (20560 pooled slots); independent of cell and b; at host 16 GiB rows tagged P2 the P2 kill band 0.45-0.57 governs short-window measurements (registered-ID rule)",P2
2xT4,mimo_v2_flash,1,256,cold_records_per_tok,164.93023255813952,0.0,329.86046511627904,0.0,412.3255813953488,REFERENCE-NON-PHASE6; CLOSED-FORM-ONLY (sim pending at freeze),"FALSIFICATION.md P4 bracket [steady-Che, 2x finite-Che] on roofline_curves.csv (2xT4,dsv4_flash,1,finite_16tok,256) scaled x1.1163 (MIMO_TOUCH_RATIO) (order-clamped min/max at b=8); nominal = finite-Che (anchor: 162 vs 155.06 measured, +4.5%); corrected anchor bracket 67.84-323.92","P3,P4,P3b"
2xT4,mimo_v2_flash,1,256,usd_per_1k_tok,0.32906371739200174,0.21218310722331465,0.37266357357212787,0.12730986433398878,0.6223481678654535,REFERENCE-NON-PHASE6; CLOSED-FORM-ONLY (sim pending at freeze),"THEORY.md 6 cost frontier: $/1k tok = 1000 * rate_s / TPS with the steady-horizon TPS at the row's own b (economics convention); nominal = substrate rs tps_pred -> reproduces serve_cost_frontier.csv exactly and the registered P14 (0.07-0.13) / P15b (0.70/0.74/0.93 ratios) / P15c (1.08-2.29 ratios) identities; range = relative T_s envelope; rate_s from serve_cost_frontier.csv (0.00068866 $/s); dense-baseline comparison carried under BOTH price readings (0.12892 vs 0.03581 $/1k tok, 3.57x ambiguity)",-
CPU-only,mimo_v2_flash,1,16,decode_tps,0.0011790487688526175,0.0005895243844263087,0.10611438919673558,0.00029476219221315436,0.2358097537705235,REFERENCE-NON-PHASE6; CLOSED-FORM-ONLY (sim pending at freeze),"roofline_curves.csv CPU-only row (compute-bound, CPU expert execution); CPU_EXEC_MS_PER_EXPERT 2750 ms MEASURED (portable-torch, AGENTS.md CPU 6/10); range upper edge = 25-30 ms/expert tuned-kernel bound (unbuilt, ~90x); horizon=finite_16tok",-
CPU-only,mimo_v2_flash,1,16,host_hit_rate,0.51,0.39,0.758695295356939,0.27,0.8386952953569391,REFERENCE-NON-PHASE6; CLOSED-FORM-ONLY (sim pending at freeze),"FINITE/STEADY Che band (same construction as GPU rows) at 1285 pooled slots (single pooled tier); nominal = finite-window LRU prior, upper = steady-Che","P2,P2b"
CPU-only,mimo_v2_flash,1,16,cold_records_per_tok,212.44256511261165,96.95289558879723,424.8851302252233,72.71467169159793,531.1064127815291,REFERENCE-NON-PHASE6; CLOSED-FORM-ONLY (sim pending at freeze),"roofline_curves.csv CPU-only row cold count, P4 bracket [min(steady,finite), 2x max(steady,finite)]; CPU_EXEC_MS_PER_EXPERT 2750 ms MEASURED (portable-torch, AGENTS.md CPU 6/10); range upper edge = 25-30 ms/expert tuned-kernel bound (unbuilt, ~90x); horizon=finite_16tok","P3,P4"
CPU-only,mimo_v2_flash,1,16,usd_per_1k_tok,385.5010639747768,4.283345155275298,771.0021279495536,2.5700070931651786,1287.5735536757545,REFERENCE-NON-PHASE6; CLOSED-FORM-ONLY (sim pending at freeze),"1000 * rate_s / TPS with rate_s from serve_cost_frontier.csv (0.00045472 $/s, CPU cores + RAM only); CPU cost dominates; dense comparison meaningless here (360-5800x worse per THEORY.md 6)",-
CPU-only,mimo_v2_flash,1,64,decode_tps,0.001179257291187324,0.000589628645593662,0.10613315620685916,0.000294814322796831,0.2358514582374648,REFERENCE-NON-PHASE6; CLOSED-FORM-ONLY (sim pending at freeze),"roofline_curves.csv CPU-only row (compute-bound, CPU expert execution); CPU_EXEC_MS_PER_EXPERT 2750 ms MEASURED (portable-torch, AGENTS.md CPU 6/10); range upper edge = 25-30 ms/expert tuned-kernel bound (unbuilt, ~90x); horizon=finite_16tok",-
CPU-only,mimo_v2_flash,1,64,host_hit_rate,0.54,0.42000000000000004,1.0,0.30000000000000004,1.0,REFERENCE-NON-PHASE6; CLOSED-FORM-ONLY (sim pending at freeze),"FINITE/STEADY Che band (same construction as GPU rows) at 5140 pooled slots (single pooled tier); nominal = finite-window LRU prior, upper = steady-Che",P2
CPU-only,mimo_v2_flash,1,64,cold_records_per_tok,164.93023255813952,0.0,329.86046511627904,0.0,412.3255813953488,REFERENCE-NON-PHASE6; CLOSED-FORM-ONLY (sim pending at freeze),"roofline_curves.csv CPU-only row cold count, P4 bracket [min(steady,finite), 2x max(steady,finite)]; CPU_EXEC_MS_PER_EXPERT 2750 ms MEASURED (portable-torch, AGENTS.md CPU 6/10); range upper edge = 25-30 ms/expert tuned-kernel bound (unbuilt, ~90x); horizon=finite_16tok","P3,P4"
CPU-only,mimo_v2_flash,1,64,usd_per_1k_tok,475.6683896177392,5.285204329085992,951.3367792354784,3.171122597451595,1588.732421323249,REFERENCE-NON-PHASE6; CLOSED-FORM-ONLY (sim pending at freeze),"1000 * rate_s / TPS with rate_s from serve_cost_frontier.csv (0.00056128 $/s, CPU cores + RAM only); CPU cost dominates; dense comparison meaningless here (360-5800x worse per THEORY.md 6)",-
CPU-only,mimo_v2_flash,1,256,decode_tps,0.001179257291187324,0.000589628645593662,0.10613315620685916,0.000294814322796831,0.2358514582374648,REFERENCE-NON-PHASE6; CLOSED-FORM-ONLY (sim pending at freeze),"roofline_curves.csv CPU-only row (compute-bound, CPU expert execution); CPU_EXEC_MS_PER_EXPERT 2750 ms MEASURED (portable-torch, AGENTS.md CPU 6/10); range upper edge = 25-30 ms/expert tuned-kernel bound (unbuilt, ~90x); horizon=finite_16tok",-
CPU-only,mimo_v2_flash,1,256,host_hit_rate,0.54,0.42000000000000004,1.0,0.30000000000000004,1.0,REFERENCE-NON-PHASE6; CLOSED-FORM-ONLY (sim pending at freeze),"FINITE/STEADY Che band (same construction as GPU rows) at 20560 pooled slots (single pooled tier); nominal = finite-window LRU prior, upper = steady-Che",P2
CPU-only,mimo_v2_flash,1,256,cold_records_per_tok,164.93023255813952,0.0,329.86046511627904,0.0,412.3255813953488,REFERENCE-NON-PHASE6; CLOSED-FORM-ONLY (sim pending at freeze),"roofline_curves.csv CPU-only row cold count, P4 bracket [min(steady,finite), 2x max(steady,finite)]; CPU_EXEC_MS_PER_EXPERT 2750 ms MEASURED (portable-torch, AGENTS.md CPU 6/10); range upper edge = 25-30 ms/expert tuned-kernel bound (unbuilt, ~90x); horizon=finite_16tok","P3,P4"
CPU-only,mimo_v2_flash,1,256,usd_per_1k_tok,836.8943274574364,9.298825860638182,1673.7886549148727,5.579295516382909,2795.2270537078375,REFERENCE-NON-PHASE6; CLOSED-FORM-ONLY (sim pending at freeze),"1000 * rate_s / TPS with rate_s from serve_cost_frontier.csv (0.00098752 $/s, CPU cores + RAM only); CPU cost dominates; dense comparison meaningless here (360-5800x worse per THEORY.md 6)",-
1xL4,mimo_v2_flash,8,16,decode_tps,1.4499199467916704,1.1055193999433564,2.2728715952317615,0.7738635799603494,3.250206381181419,CLOSED-FORM-ONLY (sim pending at freeze),"THEORY.md 5.1 T_pred = t_dense + t_compute + (1-eta_s)t_storage + (1-eta_h)t_h2d; substrate roofline_curves.csv (1xL4,dsv4_flash,8,steady_state,16) scaled x1.1163 (MIMO_TOUCH_RATIO); nominal anchored to the substrate tps_pred (reproduces FALSIFICATION P1/P1b/P14/P15b/P15c registered centers); range = T_pred sensitivity envelope at B_SSD 0.9-1.1x spec (Cell B_ssd 2.5e+09 B/s), COMPUTE_EFF 0.3-0.8, t_0 50-420us, eta_s 0.15-0.45, eta_h 0.3-0.7; horizon=steady_state; limiter=storage",-
1xL4,mimo_v2_flash,8,16,host_hit_rate,0.51,0.39,0.758695295356939,0.27,0.8386952953569391,CLOSED-FORM-ONLY (sim pending at freeze),"FINITE/STEADY Che band: nominal = finite-window LRU prior (PREDECL_FINITE_HIT: 0.51 at 16 GiB pooled = P2 0.48-0.54 midpoint; saturation 0.536-0.54 = sealed-window repeat ceiling); upper edge = steady-Che (HOST_HIT_CURVE, cache_store_knees.csv) which over-predicts short windows by +25pp (known-failure 1) and governs >=512-token serving windows; pooled host budget basis, (1285 pooled slots); independent of cell and b; at host 16 GiB rows tagged P2 the P2 kill band 0.45-0.57 governs short-window measurements (registered-ID rule)","P2,P2b"
1xL4,mimo_v2_flash,8,16,cold_records_per_tok,174.25257619160786,138.4324489357105,348.5051523832157,103.82433670178288,435.63144047901966,CLOSED-FORM-ONLY (sim pending at freeze),"FALSIFICATION.md P4 bracket [steady-Che, 2x finite-Che] on roofline_curves.csv (1xL4,dsv4_flash,8,steady_state,16) scaled x1.1163 (MIMO_TOUCH_RATIO) (order-clamped min/max at b=8); nominal = finite-Che (anchor: 162 vs 155.06 measured, +4.5%); corrected anchor bracket 67.84-323.92","P3,P4"
1xL4,mimo_v2_flash,8,16,usd_per_1k_tok,0.2835742765728548,0.18089891257498628,0.3719156805579953,0.10853934754499177,0.6210991865318521,CLOSED-FORM-ONLY (sim pending at freeze),"THEORY.md 6 cost frontier: $/1k tok = 1000 * rate_s / TPS with the steady-horizon TPS at the row's own b (economics convention); nominal = substrate rs tps_pred -> reproduces serve_cost_frontier.csv exactly and the registered P14 (0.07-0.13) / P15b (0.70/0.74/0.93 ratios) / P15c (1.08-2.29 ratios) identities; range = relative T_s envelope; rate_s from serve_cost_frontier.csv (0.00041116 $/s); dense-baseline comparison carried under BOTH price readings (0.12892 vs 0.03581 $/1k tok, 3.57x ambiguity)",-
1xL4,mimo_v2_flash,8,64,decode_tps,6.048190542249718,4.875940970418128,14.351252286873814,3.4131586792926893,20.522290770229553,CLOSED-FORM-ONLY (sim pending at freeze),"THEORY.md 5.1 T_pred = t_dense + t_compute + (1-eta_s)t_storage + (1-eta_h)t_h2d; substrate roofline_curves.csv (1xL4,dsv4_flash,8,steady_state,64) scaled x1.1163 (MIMO_TOUCH_RATIO); nominal anchored to the substrate tps_pred (reproduces FALSIFICATION P1/P1b/P14/P15b/P15c registered centers); range = T_pred sensitivity envelope at B_SSD 0.9-1.1x spec (Cell B_ssd 2.5e+09 B/s), COMPUTE_EFF 0.3-0.8, t_0 50-420us, eta_s 0.15-0.45, eta_h 0.3-0.7; horizon=steady_state; limiter=h2d",-
1xL4,mimo_v2_flash,8,64,host_hit_rate,0.54,0.42000000000000004,1.0,0.30000000000000004,1.0,CLOSED-FORM-ONLY (sim pending at freeze),"FINITE/STEADY Che band: nominal = finite-window LRU prior (PREDECL_FINITE_HIT: 0.51 at 16 GiB pooled = P2 0.48-0.54 midpoint; saturation 0.536-0.54 = sealed-window repeat ceiling); upper edge = steady-Che (HOST_HIT_CURVE, cache_store_knees.csv) which over-predicts short windows by +25pp (known-failure 1) and governs >=512-token serving windows; pooled host budget basis, (5140 pooled slots); independent of cell and b; at host 16 GiB rows tagged P2 the P2 kill band 0.45-0.57 governs short-window measurements (registered-ID rule)",P2
1xL4,mimo_v2_flash,8,64,cold_records_per_tok,164.93023255813952,0.0,329.86046511627904,0.0,412.3255813953488,CLOSED-FORM-ONLY (sim pending at freeze),"FALSIFICATION.md P4 bracket [steady-Che, 2x finite-Che] on roofline_curves.csv (1xL4,dsv4_flash,8,steady_state,64) scaled x1.1163 (MIMO_TOUCH_RATIO) (order-clamped min/max at b=8); nominal = finite-Che (anchor: 162 vs 155.06 measured, +4.5%); corrected anchor bracket 67.84-323.92","P3,P4"
1xL4,mimo_v2_flash,8,64,usd_per_1k_tok,0.08559915505033446,0.03607490061850044,0.10617847983414035,0.021644940371100263,0.17731806132301436,CLOSED-FORM-ONLY (sim pending at freeze),"THEORY.md 6 cost frontier: $/1k tok = 1000 * rate_s / TPS with the steady-horizon TPS at the row's own b (economics convention); nominal = substrate rs tps_pred -> reproduces serve_cost_frontier.csv exactly and the registered P14 (0.07-0.13) / P15b (0.70/0.74/0.93 ratios) / P15c (1.08-2.29 ratios) identities; range = relative T_s envelope; rate_s from serve_cost_frontier.csv (0.00051772 $/s); dense-baseline comparison carried under BOTH price readings (0.12892 vs 0.03581 $/1k tok, 3.57x ambiguity)",-
1xL4,mimo_v2_flash,8,256,decode_tps,6.048190542249718,4.875940970418128,14.351252286873814,3.4131586792926893,20.522290770229553,CLOSED-FORM-ONLY (sim pending at freeze),"THEORY.md 5.1 T_pred = t_dense + t_compute + (1-eta_s)t_storage + (1-eta_h)t_h2d; substrate roofline_curves.csv (1xL4,dsv4_flash,8,steady_state,256) scaled x1.1163 (MIMO_TOUCH_RATIO); nominal anchored to the substrate tps_pred (reproduces FALSIFICATION P1/P1b/P14/P15b/P15c registered centers); range = T_pred sensitivity envelope at B_SSD 0.9-1.1x spec (Cell B_ssd 2.5e+09 B/s), COMPUTE_EFF 0.3-0.8, t_0 50-420us, eta_s 0.15-0.45, eta_h 0.3-0.7; horizon=steady_state; limiter=h2d",-
1xL4,mimo_v2_flash,8,256,host_hit_rate,0.54,0.42000000000000004,1.0,0.30000000000000004,1.0,CLOSED-FORM-ONLY (sim pending at freeze),"FINITE/STEADY Che band: nominal = finite-window LRU prior (PREDECL_FINITE_HIT: 0.51 at 16 GiB pooled = P2 0.48-0.54 midpoint; saturation 0.536-0.54 = sealed-window repeat ceiling); upper edge = steady-Che (HOST_HIT_CURVE, cache_store_knees.csv) which over-predicts short windows by +25pp (known-failure 1) and governs >=512-token serving windows; pooled host budget basis, (20560 pooled slots); independent of cell and b; at host 16 GiB rows tagged P2 the P2 kill band 0.45-0.57 governs short-window measurements (registered-ID rule)",P2
1xL4,mimo_v2_flash,8,256,cold_records_per_tok,164.93023255813952,0.0,329.86046511627904,0.0,412.3255813953488,CLOSED-FORM-ONLY (sim pending at freeze),"FALSIFICATION.md P4 bracket [steady-Che, 2x finite-Che] on roofline_curves.csv (1xL4,dsv4_flash,8,steady_state,256) scaled x1.1163 (MIMO_TOUCH_RATIO) (order-clamped min/max at b=8); nominal = finite-Che (anchor: 162 vs 155.06 measured, +4.5%); corrected anchor bracket 67.84-323.92","P3,P4"
1xL4,mimo_v2_flash,8,256,usd_per_1k_tok,0.15607312524398073,0.06577544461840314,0.19359545280119586,0.03946526677104188,0.32330440617799705,CLOSED-FORM-ONLY (sim pending at freeze),"THEORY.md 6 cost frontier: $/1k tok = 1000 * rate_s / TPS with the steady-horizon TPS at the row's own b (economics convention); nominal = substrate rs tps_pred -> reproduces serve_cost_frontier.csv exactly and the registered P14 (0.07-0.13) / P15b (0.70/0.74/0.93 ratios) / P15c (1.08-2.29 ratios) identities; range = relative T_s envelope; rate_s from serve_cost_frontier.csv (0.00094396 $/s); dense-baseline comparison carried under BOTH price readings (0.12892 vs 0.03581 $/1k tok, 3.57x ambiguity)",P15
2xL4,mimo_v2_flash,8,16,decode_tps,13.103959398287689,12.137224244870234,70.14290734822615,8.496056971409164,100.30435750796339,CLOSED-FORM-ONLY (sim pending at freeze),"THEORY.md 5.1 T_pred = t_dense + t_compute + (1-eta_s)t_storage + (1-eta_h)t_h2d; substrate roofline_curves.csv (2xL4,dsv4_flash,8,steady_state,16) scaled x1.1163 (MIMO_TOUCH_RATIO); nominal anchored to the substrate tps_pred (reproduces FALSIFICATION P1/P1b/P14/P15b/P15c registered centers); range = T_pred sensitivity envelope at B_SSD 0.9-1.1x spec (Cell B_ssd 5e+09 B/s), COMPUTE_EFF 0.3-0.8, t_0 50-420us, eta_s 0.15-0.45, eta_h 0.3-0.7; horizon=steady_state; limiter=compute",-
2xL4,mimo_v2_flash,8,16,host_hit_rate,0.51,0.39,0.758695295356939,0.27,0.8386952953569391,CLOSED-FORM-ONLY (sim pending at freeze),"FINITE/STEADY Che band: nominal = finite-window LRU prior (PREDECL_FINITE_HIT: 0.51 at 16 GiB pooled = P2 0.48-0.54 midpoint; saturation 0.536-0.54 = sealed-window repeat ceiling); upper edge = steady-Che (HOST_HIT_CURVE, cache_store_knees.csv) which over-predicts short windows by +25pp (known-failure 1) and governs >=512-token serving windows; pooled host budget basis, (1285 pooled slots); independent of cell and b; at host 16 GiB rows tagged P2 the P2 kill band 0.45-0.57 governs short-window measurements (registered-ID rule)","P2,P2b"
2xL4,mimo_v2_flash,8,16,cold_records_per_tok,164.93023255813952,0.0,329.86046511627904,0.0,412.3255813953488,CLOSED-FORM-ONLY (sim pending at freeze),"FALSIFICATION.md P4 bracket [steady-Che, 2x finite-Che] on roofline_curves.csv (2xL4,dsv4_flash,8,steady_state,16) scaled x1.1163 (MIMO_TOUCH_RATIO) (order-clamped min/max at b=8); nominal = finite-Che (anchor: 162 vs 155.06 measured, +4.5%); corrected anchor bracket 67.84-323.92","P3,P4"
2xL4,mimo_v2_flash,8,16,usd_per_1k_tok,0.06004292108099879,0.011217099914235272,0.06482536567885684,0.006730259948541163,0.10825836068369092,CLOSED-FORM-ONLY (sim pending at freeze),"THEORY.md 6 cost frontier: $/1k tok = 1000 * rate_s / TPS with the steady-horizon TPS at the row's own b (economics convention); nominal = substrate rs tps_pred -> reproduces serve_cost_frontier.csv exactly and the registered P14 (0.07-0.13) / P15b (0.70/0.74/0.93 ratios) / P15c (1.08-2.29 ratios) identities; range = relative T_s envelope; rate_s from serve_cost_frontier.csv (0.0007868 $/s); dense-baseline comparison carried under BOTH price readings (0.12892 vs 0.03581 $/1k tok, 3.57x ambiguity)",-
2xL4,mimo_v2_flash,8,64,decode_tps,13.103959398287689,12.137224244870234,70.14290734822615,8.496056971409164,100.30435750796339,CLOSED-FORM-ONLY (sim pending at freeze),"THEORY.md 5.1 T_pred = t_dense + t_compute + (1-eta_s)t_storage + (1-eta_h)t_h2d; substrate roofline_curves.csv (2xL4,dsv4_flash,8,steady_state,64) scaled x1.1163 (MIMO_TOUCH_RATIO); nominal anchored to the substrate tps_pred (reproduces FALSIFICATION P1/P1b/P14/P15b/P15c registered centers); range = T_pred sensitivity envelope at B_SSD 0.9-1.1x spec (Cell B_ssd 5e+09 B/s), COMPUTE_EFF 0.3-0.8, t_0 50-420us, eta_s 0.15-0.45, eta_h 0.3-0.7; horizon=steady_state; limiter=compute",-
2xL4,mimo_v2_flash,8,64,host_hit_rate,0.54,0.42000000000000004,1.0,0.30000000000000004,1.0,CLOSED-FORM-ONLY (sim pending at freeze),"FINITE/STEADY Che band: nominal = finite-window LRU prior (PREDECL_FINITE_HIT: 0.51 at 16 GiB pooled = P2 0.48-0.54 midpoint; saturation 0.536-0.54 = sealed-window repeat ceiling); upper edge = steady-Che (HOST_HIT_CURVE, cache_store_knees.csv) which over-predicts short windows by +25pp (known-failure 1) and governs >=512-token serving windows; pooled host budget basis, (5140 pooled slots); independent of cell and b; at host 16 GiB rows tagged P2 the P2 kill band 0.45-0.57 governs short-window measurements (registered-ID rule)",P2
2xL4,mimo_v2_flash,8,64,cold_records_per_tok,164.93023255813952,0.0,329.86046511627904,0.0,412.3255813953488,CLOSED-FORM-ONLY (sim pending at freeze),"FALSIFICATION.md P4 bracket [steady-Che, 2x finite-Che] on roofline_curves.csv (2xL4,dsv4_flash,8,steady_state,64) scaled x1.1163 (MIMO_TOUCH_RATIO) (order-clamped min/max at b=8); nominal = finite-Che (anchor: 162 vs 155.06 measured, +4.5%); corrected anchor bracket 67.84-323.92","P3,P4"
2xL4,mimo_v2_flash,8,64,usd_per_1k_tok,0.06817481440889817,0.012736284162914618,0.0736049678226532,0.00764177049774877,0.12292029626383084,CLOSED-FORM-ONLY (sim pending at freeze),"THEORY.md 6 cost frontier: $/1k tok = 1000 * rate_s / TPS with the steady-horizon TPS at the row's own b (economics convention); nominal = substrate rs tps_pred -> reproduces serve_cost_frontier.csv exactly and the registered P14 (0.07-0.13) / P15b (0.70/0.74/0.93 ratios) / P15c (1.08-2.29 ratios) identities; range = relative T_s envelope; rate_s from serve_cost_frontier.csv (0.00089336 $/s); dense-baseline comparison carried under BOTH price readings (0.12892 vs 0.03581 $/1k tok, 3.57x ambiguity)",-
2xL4,mimo_v2_flash,8,256,decode_tps,13.103959398287689,12.137224244870234,70.14290734822615,8.496056971409164,100.30435750796339,CLOSED-FORM-ONLY (sim pending at freeze),"THEORY.md 5.1 T_pred = t_dense + t_compute + (1-eta_s)t_storage + (1-eta_h)t_h2d; substrate roofline_curves.csv (2xL4,dsv4_flash,8,steady_state,256) scaled x1.1163 (MIMO_TOUCH_RATIO); nominal anchored to the substrate tps_pred (reproduces FALSIFICATION P1/P1b/P14/P15b/P15c registered centers); range = T_pred sensitivity envelope at B_SSD 0.9-1.1x spec (Cell B_ssd 5e+09 B/s), COMPUTE_EFF 0.3-0.8, t_0 50-420us, eta_s 0.15-0.45, eta_h 0.3-0.7; horizon=steady_state; limiter=compute","P1b,P15b"
2xL4,mimo_v2_flash,8,256,host_hit_rate,0.54,0.42000000000000004,1.0,0.30000000000000004,1.0,CLOSED-FORM-ONLY (sim pending at freeze),"FINITE/STEADY Che band: nominal = finite-window LRU prior (PREDECL_FINITE_HIT: 0.51 at 16 GiB pooled = P2 0.48-0.54 midpoint; saturation 0.536-0.54 = sealed-window repeat ceiling); upper edge = steady-Che (HOST_HIT_CURVE, cache_store_knees.csv) which over-predicts short windows by +25pp (known-failure 1) and governs >=512-token serving windows; pooled host budget basis, (20560 pooled slots); independent of cell and b; at host 16 GiB rows tagged P2 the P2 kill band 0.45-0.57 governs short-window measurements (registered-ID rule)",P2
2xL4,mimo_v2_flash,8,256,cold_records_per_tok,164.93023255813952,0.0,329.86046511627904,0.0,412.3255813953488,CLOSED-FORM-ONLY (sim pending at freeze),"FALSIFICATION.md P4 bracket [steady-Che, 2x finite-Che] on roofline_curves.csv (2xL4,dsv4_flash,8,steady_state,256) scaled x1.1163 (MIMO_TOUCH_RATIO) (order-clamped min/max at b=8); nominal = finite-Che (anchor: 162 vs 155.06 measured, +4.5%); corrected anchor bracket 67.84-323.92","P3,P4"
2xL4,mimo_v2_flash,8,256,usd_per_1k_tok,0.10070238772049567,0.018813021157632007,0.10872337639783868,0.011287812694579204,0.18156803858439058,CLOSED-FORM-ONLY (sim pending at freeze),"THEORY.md 6 cost frontier: $/1k tok = 1000 * rate_s / TPS with the steady-horizon TPS at the row's own b (economics convention); nominal = substrate rs tps_pred -> reproduces serve_cost_frontier.csv exactly and the registered P14 (0.07-0.13) / P15b (0.70/0.74/0.93 ratios) / P15c (1.08-2.29 ratios) identities; range = relative T_s envelope; rate_s from serve_cost_frontier.csv (0.0013196 $/s); dense-baseline comparison carried under BOTH price readings (0.12892 vs 0.03581 $/1k tok, 3.57x ambiguity)","P15b,P15"
1xA10,mimo_v2_flash,8,16,decode_tps,1.6611997900178481,1.2696128852967752,2.645988330000782,0.8887290197077425,3.783763311901118,CLOSED-FORM-ONLY (sim pending at freeze),"THEORY.md 5.1 T_pred = t_dense + t_compute + (1-eta_s)t_storage + (1-eta_h)t_h2d; substrate roofline_curves.csv (1xA10,dsv4_flash,8,steady_state,16) scaled x1.1163 (MIMO_TOUCH_RATIO); nominal anchored to the substrate tps_pred (reproduces FALSIFICATION P1/P1b/P14/P15b/P15c registered centers); range = T_pred sensitivity envelope at B_SSD 0.9-1.1x spec (Cell B_ssd 3e+09 B/s), COMPUTE_EFF 0.3-0.8, t_0 50-420us, eta_s 0.15-0.45, eta_h 0.3-0.7; horizon=steady_state; limiter=storage",-
1xA10,mimo_v2_flash,8,16,host_hit_rate,0.51,0.39,0.758695295356939,0.27,0.8386952953569391,CLOSED-FORM-ONLY (sim pending at freeze),"FINITE/STEADY Che band: nominal = finite-window LRU prior (PREDECL_FINITE_HIT: 0.51 at 16 GiB pooled = P2 0.48-0.54 midpoint; saturation 0.536-0.54 = sealed-window repeat ceiling); upper edge = steady-Che (HOST_HIT_CURVE, cache_store_knees.csv) which over-predicts short windows by +25pp (known-failure 1) and governs >=512-token serving windows; pooled host budget basis, (1285 pooled slots); independent of cell and b; at host 16 GiB rows tagged P2 the P2 kill band 0.45-0.57 governs short-window measurements (registered-ID rule)","P2,P2b"
1xA10,mimo_v2_flash,8,16,cold_records_per_tok,174.25257619160786,138.4324489357105,348.5051523832157,103.82433670178288,435.63144047901966,CLOSED-FORM-ONLY (sim pending at freeze),"FALSIFICATION.md P4 bracket [steady-Che, 2x finite-Che] on roofline_curves.csv (1xA10,dsv4_flash,8,steady_state,16) scaled x1.1163 (MIMO_TOUCH_RATIO) (order-clamped min/max at b=8); nominal = finite-Che (anchor: 162 vs 155.06 measured, +4.5%); corrected anchor bracket 67.84-323.92","P3,P4"
1xA10,mimo_v2_flash,8,16,usd_per_1k_tok,0.29807371935357635,0.1871361239147467,0.3900086441579042,0.11228167434884802,0.6513144357437,CLOSED-FORM-ONLY (sim pending at freeze),"THEORY.md 6 cost frontier: $/1k tok = 1000 * rate_s / TPS with the steady-horizon TPS at the row's own b (economics convention); nominal = substrate rs tps_pred -> reproduces serve_cost_frontier.csv exactly and the registered P14 (0.07-0.13) / P15b (0.70/0.74/0.93 ratios) / P15c (1.08-2.29 ratios) identities; range = relative T_s envelope; rate_s from serve_cost_frontier.csv (0.00049516 $/s); dense-baseline comparison carried under BOTH price readings (0.12892 vs 0.03581 $/1k tok, 3.57x ambiguity)",-
1xA10,mimo_v2_flash,8,64,decode_tps,6.060149424278122,4.883863701629073,14.418354416506526,3.418704591140351,20.61824681560433,CLOSED-FORM-ONLY (sim pending at freeze),"THEORY.md 5.1 T_pred = t_dense + t_compute + (1-eta_s)t_storage + (1-eta_h)t_h2d; substrate roofline_curves.csv (1xA10,dsv4_flash,8,steady_state,64) scaled x1.1163 (MIMO_TOUCH_RATIO); nominal anchored to the substrate tps_pred (reproduces FALSIFICATION P1/P1b/P14/P15b/P15c registered centers); range = T_pred sensitivity envelope at B_SSD 0.9-1.1x spec (Cell B_ssd 3e+09 B/s), COMPUTE_EFF 0.3-0.8, t_0 50-420us, eta_s 0.15-0.45, eta_h 0.3-0.7; horizon=steady_state; limiter=h2d",-
1xA10,mimo_v2_flash,8,64,host_hit_rate,0.54,0.42000000000000004,1.0,0.30000000000000004,1.0,CLOSED-FORM-ONLY (sim pending at freeze),"FINITE/STEADY Che band: nominal = finite-window LRU prior (PREDECL_FINITE_HIT: 0.51 at 16 GiB pooled = P2 0.48-0.54 midpoint; saturation 0.536-0.54 = sealed-window repeat ceiling); upper edge = steady-Che (HOST_HIT_CURVE, cache_store_knees.csv) which over-predicts short windows by +25pp (known-failure 1) and governs >=512-token serving windows; pooled host budget basis, (5140 pooled slots); independent of cell and b; at host 16 GiB rows tagged P2 the P2 kill band 0.45-0.57 governs short-window measurements (registered-ID rule)",P2
1xA10,mimo_v2_flash,8,64,cold_records_per_tok,164.93023255813952,0.0,329.86046511627904,0.0,412.3255813953488,CLOSED-FORM-ONLY (sim pending at freeze),"FALSIFICATION.md P4 bracket [steady-Che, 2x finite-Che] on roofline_curves.csv (1xA10,dsv4_flash,8,steady_state,64) scaled x1.1163 (MIMO_TOUCH_RATIO) (order-clamped min/max at b=8); nominal = finite-Che (anchor: 162 vs 155.06 measured, +4.5%); corrected anchor bracket 67.84-323.92","P3,P4"
1xA10,mimo_v2_flash,8,64,usd_per_1k_tok,0.09929128110098973,0.04173291782251756,0.12320573151934786,0.025039750693510537,0.20575357163731092,CLOSED-FORM-ONLY (sim pending at freeze),"THEORY.md 6 cost frontier: $/1k tok = 1000 * rate_s / TPS with the steady-horizon TPS at the row's own b (economics convention); nominal = substrate rs tps_pred -> reproduces serve_cost_frontier.csv exactly and the registered P14 (0.07-0.13) / P15b (0.70/0.74/0.93 ratios) / P15c (1.08-2.29 ratios) identities; range = relative T_s envelope; rate_s from serve_cost_frontier.csv (0.00060172 $/s); dense-baseline comparison carried under BOTH price readings (0.12892 vs 0.03581 $/1k tok, 3.57x ambiguity)",-
1xA10,mimo_v2_flash,8,256,decode_tps,6.060149424278122,4.883863701629073,14.418354416506526,3.418704591140351,20.61824681560433,CLOSED-FORM-ONLY (sim pending at freeze),"THEORY.md 5.1 T_pred = t_dense + t_compute + (1-eta_s)t_storage + (1-eta_h)t_h2d; substrate roofline_curves.csv (1xA10,dsv4_flash,8,steady_state,256) scaled x1.1163 (MIMO_TOUCH_RATIO); nominal anchored to the substrate tps_pred (reproduces FALSIFICATION P1/P1b/P14/P15b/P15c registered centers); range = T_pred sensitivity envelope at B_SSD 0.9-1.1x spec (Cell B_ssd 3e+09 B/s), COMPUTE_EFF 0.3-0.8, t_0 50-420us, eta_s 0.15-0.45, eta_h 0.3-0.7; horizon=steady_state; limiter=h2d",-
1xA10,mimo_v2_flash,8,256,host_hit_rate,0.54,0.42000000000000004,1.0,0.30000000000000004,1.0,CLOSED-FORM-ONLY (sim pending at freeze),"FINITE/STEADY Che band: nominal = finite-window LRU prior (PREDECL_FINITE_HIT: 0.51 at 16 GiB pooled = P2 0.48-0.54 midpoint; saturation 0.536-0.54 = sealed-window repeat ceiling); upper edge = steady-Che (HOST_HIT_CURVE, cache_store_knees.csv) which over-predicts short windows by +25pp (known-failure 1) and governs >=512-token serving windows; pooled host budget basis, (20560 pooled slots); independent of cell and b; at host 16 GiB rows tagged P2 the P2 kill band 0.45-0.57 governs short-window measurements (registered-ID rule)",P2
1xA10,mimo_v2_flash,8,256,cold_records_per_tok,164.93023255813952,0.0,329.86046511627904,0.0,412.3255813953488,CLOSED-FORM-ONLY (sim pending at freeze),"FALSIFICATION.md P4 bracket [steady-Che, 2x finite-Che] on roofline_curves.csv (1xA10,dsv4_flash,8,steady_state,256) scaled x1.1163 (MIMO_TOUCH_RATIO) (order-clamped min/max at b=8); nominal = finite-Che (anchor: 162 vs 155.06 measured, +4.5%); corrected anchor bracket 67.84-323.92","P3,P4"
1xA10,mimo_v2_flash,8,256,usd_per_1k_tok,0.16962618048356942,0.07129523732771913,0.21048089439046203,0.042777142396631475,0.35150309363207155,CLOSED-FORM-ONLY (sim pending at freeze),"THEORY.md 6 cost frontier: $/1k tok = 1000 * rate_s / TPS with the steady-horizon TPS at the row's own b (economics convention); nominal = substrate rs tps_pred -> reproduces serve_cost_frontier.csv exactly and the registered P14 (0.07-0.13) / P15b (0.70/0.74/0.93 ratios) / P15c (1.08-2.29 ratios) identities; range = relative T_s envelope; rate_s from serve_cost_frontier.csv (0.00102796 $/s); dense-baseline comparison carried under BOTH price readings (0.12892 vs 0.03581 $/1k tok, 3.57x ambiguity)",P15
1xL40S,mimo_v2_flash,8,16,decode_tps,13.400719241550052,12.396501342756773,79.51059192369138,8.677550939929741,113.70014645087866,CLOSED-FORM-ONLY (sim pending at freeze),"THEORY.md 5.1 T_pred = t_dense + t_compute + (1-eta_s)t_storage + (1-eta_h)t_h2d; substrate roofline_curves.csv (1xL40S,dsv4_flash,8,steady_state,16) scaled x1.1163 (MIMO_TOUCH_RATIO); nominal anchored to the substrate tps_pred (reproduces FALSIFICATION P1/P1b/P14/P15b/P15c registered centers); range = T_pred sensitivity envelope at B_SSD 0.9-1.1x spec (Cell B_ssd 6e+09 B/s), COMPUTE_EFF 0.3-0.8, t_0 50-420us, eta_s 0.15-0.45, eta_h 0.3-0.7; horizon=steady_state; limiter=compute",-
1xL40S,mimo_v2_flash,8,16,host_hit_rate,0.51,0.39,0.758695295356939,0.27,0.8386952953569391,CLOSED-FORM-ONLY (sim pending at freeze),"FINITE/STEADY Che band: nominal = finite-window LRU prior (PREDECL_FINITE_HIT: 0.51 at 16 GiB pooled = P2 0.48-0.54 midpoint; saturation 0.536-0.54 = sealed-window repeat ceiling); upper edge = steady-Che (HOST_HIT_CURVE, cache_store_knees.csv) which over-predicts short windows by +25pp (known-failure 1) and governs >=512-token serving windows; pooled host budget basis, (1285 pooled slots); independent of cell and b; at host 16 GiB rows tagged P2 the P2 kill band 0.45-0.57 governs short-window measurements (registered-ID rule)","P2,P2b"
1xL40S,mimo_v2_flash,8,16,cold_records_per_tok,164.93023255813952,0.0,329.86046511627904,0.0,412.3255813953488,CLOSED-FORM-ONLY (sim pending at freeze),"FALSIFICATION.md P4 bracket [steady-Che, 2x finite-Che] on roofline_curves.csv (1xL40S,dsv4_flash,8,steady_state,16) scaled x1.1163 (MIMO_TOUCH_RATIO) (order-clamped min/max at b=8); nominal = finite-Che (anchor: 162 vs 155.06 measured, +4.5%); corrected anchor bracket 67.84-323.92","P3,P4"
1xL40S,mimo_v2_flash,8,16,usd_per_1k_tok,0.06668895780079254,0.011239760368753017,0.07209130828854173,0.006743856221251811,0.12039248484186467,CLOSED-FORM-ONLY (sim pending at freeze),"THEORY.md 6 cost frontier: $/1k tok = 1000 * rate_s / TPS with the steady-horizon TPS at the row's own b (economics convention); nominal = substrate rs tps_pred -> reproduces serve_cost_frontier.csv exactly and the registered P14 (0.07-0.13) / P15b (0.70/0.74/0.93 ratios) / P15c (1.08-2.29 ratios) identities; range = relative T_s envelope; rate_s from serve_cost_frontier.csv (0.00089368 $/s); dense-baseline comparison carried under BOTH price readings (0.12892 vs 0.03581 $/1k tok, 3.57x ambiguity)",-
1xL40S,mimo_v2_flash,8,64,decode_tps,13.400719241550052,12.396501342756773,79.51059192369138,8.677550939929741,113.70014645087866,CLOSED-FORM-ONLY (sim pending at freeze),"THEORY.md 5.1 T_pred = t_dense + t_compute + (1-eta_s)t_storage + (1-eta_h)t_h2d; substrate roofline_curves.csv (1xL40S,dsv4_flash,8,steady_state,64) scaled x1.1163 (MIMO_TOUCH_RATIO); nominal anchored to the substrate tps_pred (reproduces FALSIFICATION P1/P1b/P14/P15b/P15c registered centers); range = T_pred sensitivity envelope at B_SSD 0.9-1.1x spec (Cell B_ssd 6e+09 B/s), COMPUTE_EFF 0.3-0.8, t_0 50-420us, eta_s 0.15-0.45, eta_h 0.3-0.7; horizon=steady_state; limiter=compute",-
1xL40S,mimo_v2_flash,8,64,host_hit_rate,0.54,0.42000000000000004,1.0,0.30000000000000004,1.0,CLOSED-FORM-ONLY (sim pending at freeze),"FINITE/STEADY Che band: nominal = finite-window LRU prior (PREDECL_FINITE_HIT: 0.51 at 16 GiB pooled = P2 0.48-0.54 midpoint; saturation 0.536-0.54 = sealed-window repeat ceiling); upper edge = steady-Che (HOST_HIT_CURVE, cache_store_knees.csv) which over-predicts short windows by +25pp (known-failure 1) and governs >=512-token serving windows; pooled host budget basis, (5140 pooled slots); independent of cell and b; at host 16 GiB rows tagged P2 the P2 kill band 0.45-0.57 governs short-window measurements (registered-ID rule)",P2
1xL40S,mimo_v2_flash,8,64,cold_records_per_tok,164.93023255813952,0.0,329.86046511627904,0.0,412.3255813953488,CLOSED-FORM-ONLY (sim pending at freeze),"FALSIFICATION.md P4 bracket [steady-Che, 2x finite-Che] on roofline_curves.csv (1xL40S,dsv4_flash,8,steady_state,64) scaled x1.1163 (MIMO_TOUCH_RATIO) (order-clamped min/max at b=8); nominal = finite-Che (anchor: 162 vs 155.06 measured, +4.5%); corrected anchor bracket 67.84-323.92","P3,P4"
1xL40S,mimo_v2_flash,8,64,usd_per_1k_tok,0.07464076979530113,0.012579959170219222,0.08068728202771792,0.007547975502131533,0.13474776098628893,CLOSED-FORM-ONLY (sim pending at freeze),"THEORY.md 6 cost frontier: $/1k tok = 1000 * rate_s / TPS with the steady-horizon TPS at the row's own b (economics convention); nominal = substrate rs tps_pred -> reproduces serve_cost_frontier.csv exactly and the registered P14 (0.07-0.13) / P15b (0.70/0.74/0.93 ratios) / P15c (1.08-2.29 ratios) identities; range = relative T_s envelope; rate_s from serve_cost_frontier.csv (0.00100024 $/s); dense-baseline comparison carried under BOTH price readings (0.12892 vs 0.03581 $/1k tok, 3.57x ambiguity)",-
1xL40S,mimo_v2_flash,8,256,decode_tps,13.400719241550052,12.396501342756773,79.51059192369138,8.677550939929741,113.70014645087866,CLOSED-FORM-ONLY (sim pending at freeze),"THEORY.md 5.1 T_pred = t_dense + t_compute + (1-eta_s)t_storage + (1-eta_h)t_h2d; substrate roofline_curves.csv (1xL40S,dsv4_flash,8,steady_state,256) scaled x1.1163 (MIMO_TOUCH_RATIO); nominal anchored to the substrate tps_pred (reproduces FALSIFICATION P1/P1b/P14/P15b/P15c registered centers); range = T_pred sensitivity envelope at B_SSD 0.9-1.1x spec (Cell B_ssd 6e+09 B/s), COMPUTE_EFF 0.3-0.8, t_0 50-420us, eta_s 0.15-0.45, eta_h 0.3-0.7; horizon=steady_state; limiter=compute",P15b
1xL40S,mimo_v2_flash,8,256,host_hit_rate,0.54,0.42000000000000004,1.0,0.30000000000000004,1.0,CLOSED-FORM-ONLY (sim pending at freeze),"FINITE/STEADY Che band: nominal = finite-window LRU prior (PREDECL_FINITE_HIT: 0.51 at 16 GiB pooled = P2 0.48-0.54 midpoint; saturation 0.536-0.54 = sealed-window repeat ceiling); upper edge = steady-Che (HOST_HIT_CURVE, cache_store_knees.csv) which over-predicts short windows by +25pp (known-failure 1) and governs >=512-token serving windows; pooled host budget basis, (20560 pooled slots); independent of cell and b; at host 16 GiB rows tagged P2 the P2 kill band 0.45-0.57 governs short-window measurements (registered-ID rule)",P2
1xL40S,mimo_v2_flash,8,256,cold_records_per_tok,164.93023255813952,0.0,329.86046511627904,0.0,412.3255813953488,CLOSED-FORM-ONLY (sim pending at freeze),"FALSIFICATION.md P4 bracket [steady-Che, 2x finite-Che] on roofline_curves.csv (1xL40S,dsv4_flash,8,steady_state,256) scaled x1.1163 (MIMO_TOUCH_RATIO) (order-clamped min/max at b=8); nominal = finite-Che (anchor: 162 vs 155.06 measured, +4.5%); corrected anchor bracket 67.84-323.92","P3,P4"
1xL40S,mimo_v2_flash,8,256,usd_per_1k_tok,0.10644801777333558,0.017940754376084063,0.11507117698442283,0.010764452625650437,0.19216886556398613,CLOSED-FORM-ONLY (sim pending at freeze),"THEORY.md 6 cost frontier: $/1k tok = 1000 * rate_s / TPS with the steady-horizon TPS at the row's own b (economics convention); nominal = substrate rs tps_pred -> reproduces serve_cost_frontier.csv exactly and the registered P14 (0.07-0.13) / P15b (0.70/0.74/0.93 ratios) / P15c (1.08-2.29 ratios) identities; range = relative T_s envelope; rate_s from serve_cost_frontier.csv (0.00142648 $/s); dense-baseline comparison carried under BOTH price readings (0.12892 vs 0.03581 $/1k tok, 3.57x ambiguity)","P14,P15b,P15"
1xRTXPRO6000,mimo_v2_flash,8,16,decode_tps,13.702900751265293,12.659846911654075,91.39645198926726,8.861892838157852,130.69692634465218,CLOSED-FORM-ONLY (sim pending at freeze),"THEORY.md 5.1 T_pred = t_dense + t_compute + (1-eta_s)t_storage + (1-eta_h)t_h2d; substrate roofline_curves.csv (1xRTXPRO6000,dsv4_flash,8,steady_state,16) scaled x1.1163 (MIMO_TOUCH_RATIO); nominal anchored to the substrate tps_pred (reproduces FALSIFICATION P1/P1b/P14/P15b/P15c registered centers); range = T_pred sensitivity envelope at B_SSD 0.9-1.1x spec (Cell B_ssd 8e+09 B/s), COMPUTE_EFF 0.3-0.8, t_0 50-420us, eta_s 0.15-0.45, eta_h 0.3-0.7; horizon=steady_state; limiter=compute",-
1xRTXPRO6000,mimo_v2_flash,8,16,host_hit_rate,0.51,0.39,0.758695295356939,0.27,0.8386952953569391,CLOSED-FORM-ONLY (sim pending at freeze),"FINITE/STEADY Che band: nominal = finite-window LRU prior (PREDECL_FINITE_HIT: 0.51 at 16 GiB pooled = P2 0.48-0.54 midpoint; saturation 0.536-0.54 = sealed-window repeat ceiling); upper edge = steady-Che (HOST_HIT_CURVE, cache_store_knees.csv) which over-predicts short windows by +25pp (known-failure 1) and governs >=512-token serving windows; pooled host budget basis, (1285 pooled slots); independent of cell and b; at host 16 GiB rows tagged P2 the P2 kill band 0.45-0.57 governs short-window measurements (registered-ID rule)","P2,P2b"
1xRTXPRO6000,mimo_v2_flash,8,16,cold_records_per_tok,164.93023255813952,0.0,329.86046511627904,0.0,412.3255813953488,CLOSED-FORM-ONLY (sim pending at freeze),"FALSIFICATION.md P4 bracket [steady-Che, 2x finite-Che] on roofline_curves.csv (1xRTXPRO6000,dsv4_flash,8,steady_state,16) scaled x1.1163 (MIMO_TOUCH_RATIO) (order-clamped min/max at b=8); nominal = finite-Che (anchor: 162 vs 155.06 measured, +4.5%); corrected anchor bracket 67.84-323.92","P3,P4"
1xRTXPRO6000,mimo_v2_flash,8,16,usd_per_1k_tok,0.09488793822577596,0.01422637281535489,0.102705823306841,0.008535823689212935,0.17151872492242445,CLOSED-FORM-ONLY (sim pending at freeze),"THEORY.md 6 cost frontier: $/1k tok = 1000 * rate_s / TPS with the steady-horizon TPS at the row's own b (economics convention); nominal = substrate rs tps_pred -> reproduces serve_cost_frontier.csv exactly and the registered P14 (0.07-0.13) / P15b (0.70/0.74/0.93 ratios) / P15c (1.08-2.29 ratios) identities; range = relative T_s envelope; rate_s from serve_cost_frontier.csv (0.00130024 $/s); dense-baseline comparison carried under BOTH price readings (0.12892 vs 0.03581 $/1k tok, 3.57x ambiguity)",-
1xRTXPRO6000,mimo_v2_flash,8,64,decode_tps,13.702900751265293,12.659846911654075,91.39645198926726,8.861892838157852,130.69692634465218,CLOSED-FORM-ONLY (sim pending at freeze),"THEORY.md 5.1 T_pred = t_dense + t_compute + (1-eta_s)t_storage + (1-eta_h)t_h2d; substrate roofline_curves.csv (1xRTXPRO6000,dsv4_flash,8,steady_state,64) scaled x1.1163 (MIMO_TOUCH_RATIO); nominal anchored to the substrate tps_pred (reproduces FALSIFICATION P1/P1b/P14/P15b/P15c registered centers); range = T_pred sensitivity envelope at B_SSD 0.9-1.1x spec (Cell B_ssd 8e+09 B/s), COMPUTE_EFF 0.3-0.8, t_0 50-420us, eta_s 0.15-0.45, eta_h 0.3-0.7; horizon=steady_state; limiter=compute",-
1xRTXPRO6000,mimo_v2_flash,8,64,host_hit_rate,0.54,0.42000000000000004,1.0,0.30000000000000004,1.0,CLOSED-FORM-ONLY (sim pending at freeze),"FINITE/STEADY Che band: nominal = finite-window LRU prior (PREDECL_FINITE_HIT: 0.51 at 16 GiB pooled = P2 0.48-0.54 midpoint; saturation 0.536-0.54 = sealed-window repeat ceiling); upper edge = steady-Che (HOST_HIT_CURVE, cache_store_knees.csv) which over-predicts short windows by +25pp (known-failure 1) and governs >=512-token serving windows; pooled host budget basis, (5140 pooled slots); independent of cell and b; at host 16 GiB rows tagged P2 the P2 kill band 0.45-0.57 governs short-window measurements (registered-ID rule)",P2
1xRTXPRO6000,mimo_v2_flash,8,64,cold_records_per_tok,164.93023255813952,0.0,329.86046511627904,0.0,412.3255813953488,CLOSED-FORM-ONLY (sim pending at freeze),"FALSIFICATION.md P4 bracket [steady-Che, 2x finite-Che] on roofline_curves.csv (1xRTXPRO6000,dsv4_flash,8,steady_state,64) scaled x1.1163 (MIMO_TOUCH_RATIO) (order-clamped min/max at b=8); nominal = finite-Che (anchor: 162 vs 155.06 measured, +4.5%); corrected anchor bracket 67.84-323.92","P3,P4"
1xRTXPRO6000,mimo_v2_flash,8,64,usd_per_1k_tok,0.10266439387806989,0.015392282406818168,0.11112298670096589,0.0092353694440909,0.18557538779061303,CLOSED-FORM-ONLY (sim pending at freeze),"THEORY.md 6 cost frontier: $/1k tok = 1000 * rate_s / TPS with the steady-horizon TPS at the row's own b (economics convention); nominal = substrate rs tps_pred -> reproduces serve_cost_frontier.csv exactly and the registered P14 (0.07-0.13) / P15b (0.70/0.74/0.93 ratios) / P15c (1.08-2.29 ratios) identities; range = relative T_s envelope; rate_s from serve_cost_frontier.csv (0.0014068 $/s); dense-baseline comparison carried under BOTH price readings (0.12892 vs 0.03581 $/1k tok, 3.57x ambiguity)",-
1xRTXPRO6000,mimo_v2_flash,8,256,decode_tps,13.702900751265293,12.659846911654075,91.39645198926726,8.861892838157852,130.69692634465218,CLOSED-FORM-ONLY (sim pending at freeze),"THEORY.md 5.1 T_pred = t_dense + t_compute + (1-eta_s)t_storage + (1-eta_h)t_h2d; substrate roofline_curves.csv (1xRTXPRO6000,dsv4_flash,8,steady_state,256) scaled x1.1163 (MIMO_TOUCH_RATIO); nominal anchored to the substrate tps_pred (reproduces FALSIFICATION P1/P1b/P14/P15b/P15c registered centers); range = T_pred sensitivity envelope at B_SSD 0.9-1.1x spec (Cell B_ssd 8e+09 B/s), COMPUTE_EFF 0.3-0.8, t_0 50-420us, eta_s 0.15-0.45, eta_h 0.3-0.7; horizon=steady_state; limiter=compute",P15b
1xRTXPRO6000,mimo_v2_flash,8,256,host_hit_rate,0.54,0.42000000000000004,1.0,0.30000000000000004,1.0,CLOSED-FORM-ONLY (sim pending at freeze),"FINITE/STEADY Che band: nominal = finite-window LRU prior (PREDECL_FINITE_HIT: 0.51 at 16 GiB pooled = P2 0.48-0.54 midpoint; saturation 0.536-0.54 = sealed-window repeat ceiling); upper edge = steady-Che (HOST_HIT_CURVE, cache_store_knees.csv) which over-predicts short windows by +25pp (known-failure 1) and governs >=512-token serving windows; pooled host budget basis, (20560 pooled slots); independent of cell and b; at host 16 GiB rows tagged P2 the P2 kill band 0.45-0.57 governs short-window measurements (registered-ID rule)",P2
1xRTXPRO6000,mimo_v2_flash,8,256,cold_records_per_tok,164.93023255813952,0.0,329.86046511627904,0.0,412.3255813953488,CLOSED-FORM-ONLY (sim pending at freeze),"FALSIFICATION.md P4 bracket [steady-Che, 2x finite-Che] on roofline_curves.csv (1xRTXPRO6000,dsv4_flash,8,steady_state,256) scaled x1.1163 (MIMO_TOUCH_RATIO) (order-clamped min/max at b=8); nominal = finite-Che (anchor: 162 vs 155.06 measured, +4.5%); corrected anchor bracket 67.84-323.92","P3,P4"
1xRTXPRO6000,mimo_v2_flash,8,256,usd_per_1k_tok,0.1337702164872457,0.0200559207726713,0.14479164027746558,0.012033552463602779,0.2418020392633675,CLOSED-FORM-ONLY (sim pending at freeze),"THEORY.md 6 cost frontier: $/1k tok = 1000 * rate_s / TPS with the steady-horizon TPS at the row's own b (economics convention); nominal = substrate rs tps_pred -> reproduces serve_cost_frontier.csv exactly and the registered P14 (0.07-0.13) / P15b (0.70/0.74/0.93 ratios) / P15c (1.08-2.29 ratios) identities; range = relative T_s envelope; rate_s from serve_cost_frontier.csv (0.00183304 $/s); dense-baseline comparison carried under BOTH price readings (0.12892 vs 0.03581 $/1k tok, 3.57x ambiguity)","P15b,P15"
2xT4,mimo_v2_flash,8,16,decode_tps,0.06982742884591772,0.05241182695168362,0.09950842370502465,0.036688278866178536,0.14229704589818523,REFERENCE-NON-PHASE6; CLOSED-FORM-ONLY (sim pending at freeze),"THEORY.md 5.1 T_pred = t_dense + t_compute + (1-eta_s)t_storage + (1-eta_h)t_h2d; substrate roofline_curves.csv (2xT4,dsv4_flash,8,steady_state,16) scaled x1.1163 (MIMO_TOUCH_RATIO); nominal anchored to the substrate tps_pred (reproduces FALSIFICATION P1/P1b/P14/P15b/P15c registered centers); range = T_pred sensitivity envelope at B_SSD 0.9-1.1x spec (Cell B_ssd 3.3e+08 B/s), COMPUTE_EFF 0.3-0.8, t_0 50-420us, eta_s 0.15-0.45, eta_h 0.3-0.7; horizon=steady_state; limiter=storage","P3c,P5"
2xT4,mimo_v2_flash,8,16,host_hit_rate,0.51,0.39,0.758695295356939,0.27,0.8386952953569391,REFERENCE-NON-PHASE6; CLOSED-FORM-ONLY (sim pending at freeze),"FINITE/STEADY Che band: nominal = finite-window LRU prior (PREDECL_FINITE_HIT: 0.51 at 16 GiB pooled = P2 0.48-0.54 midpoint; saturation 0.536-0.54 = sealed-window repeat ceiling); upper edge = steady-Che (HOST_HIT_CURVE, cache_store_knees.csv) which over-predicts short windows by +25pp (known-failure 1) and governs >=512-token serving windows; pooled host budget basis, (1285 pooled slots); independent of cell and b; at host 16 GiB rows tagged P2 the P2 kill band 0.45-0.57 governs short-window measurements (registered-ID rule)","P2,P2b"
2xT4,mimo_v2_flash,8,16,cold_records_per_tok,200.26484776048338,200.26484776048338,938.5907529775704,150.19863582036254,1173.238441221963,REFERENCE-NON-PHASE6; CLOSED-FORM-ONLY (sim pending at freeze),"FALSIFICATION.md P4 bracket [steady-Che, 2x finite-Che] on roofline_curves.csv (2xT4,dsv4_flash,8,steady_state,16) scaled x1.1163 (MIMO_TOUCH_RATIO) (order-clamped min/max at b=8); nominal = finite-Che (anchor: 162 vs 155.06 measured, +4.5%); corrected anchor bracket 67.84-323.92","P3,P4,P3b"
2xT4,mimo_v2_flash,8,16,usd_per_1k_tok,2.2320741659258725,1.5662995573321488,2.973756288703333,0.9397797343992892,4.966173002134566,REFERENCE-NON-PHASE6; CLOSED-FORM-ONLY (sim pending at freeze),"THEORY.md 6 cost frontier: $/1k tok = 1000 * rate_s / TPS with the steady-horizon TPS at the row's own b (economics convention); nominal = substrate rs tps_pred -> reproduces serve_cost_frontier.csv exactly and the registered P14 (0.07-0.13) / P15b (0.70/0.74/0.93 ratios) / P15c (1.08-2.29 ratios) identities; range = relative T_s envelope; rate_s from serve_cost_frontier.csv (0.00015586 $/s); dense-baseline comparison carried under BOTH price readings (0.12892 vs 0.03581 $/1k tok, 3.57x ambiguity)",-
2xT4,mimo_v2_flash,8,64,decode_tps,1.1704491472284024,0.8963066452078392,1.855005042419385,0.6274146516454874,2.6526572106597204,REFERENCE-NON-PHASE6; CLOSED-FORM-ONLY (sim pending at freeze),"THEORY.md 5.1 T_pred = t_dense + t_compute + (1-eta_s)t_storage + (1-eta_h)t_h2d; substrate roofline_curves.csv (2xT4,dsv4_flash,8,steady_state,64) scaled x1.1163 (MIMO_TOUCH_RATIO); nominal anchored to the substrate tps_pred (reproduces FALSIFICATION P1/P1b/P14/P15b/P15c registered centers); range = T_pred sensitivity envelope at B_SSD 0.9-1.1x spec (Cell B_ssd 3.3e+08 B/s), COMPUTE_EFF 0.3-0.8, t_0 50-420us, eta_s 0.15-0.45, eta_h 0.3-0.7; horizon=steady_state; limiter=h2d","P3c,P5"
2xT4,mimo_v2_flash,8,64,host_hit_rate,0.54,0.42000000000000004,1.0,0.30000000000000004,1.0,REFERENCE-NON-PHASE6; CLOSED-FORM-ONLY (sim pending at freeze),"FINITE/STEADY Che band: nominal = finite-window LRU prior (PREDECL_FINITE_HIT: 0.51 at 16 GiB pooled = P2 0.48-0.54 midpoint; saturation 0.536-0.54 = sealed-window repeat ceiling); upper edge = steady-Che (HOST_HIT_CURVE, cache_store_knees.csv) which over-predicts short windows by +25pp (known-failure 1) and governs >=512-token serving windows; pooled host budget basis, (5140 pooled slots); independent of cell and b; at host 16 GiB rows tagged P2 the P2 kill band 0.45-0.57 governs short-window measurements (registered-ID rule)",P2
2xT4,mimo_v2_flash,8,64,cold_records_per_tok,164.93023255813952,0.0,329.86046511627904,0.0,412.3255813953488,REFERENCE-NON-PHASE6; CLOSED-FORM-ONLY (sim pending at freeze),"FALSIFICATION.md P4 bracket [steady-Che, 2x finite-Che] on roofline_curves.csv (2xT4,dsv4_flash,8,steady_state,64) scaled x1.1163 (MIMO_TOUCH_RATIO) (order-clamped min/max at b=8); nominal = finite-Che (anchor: 162 vs 155.06 measured, +4.5%); corrected anchor bracket 67.84-323.92","P3,P4,P3b"
2xT4,mimo_v2_flash,8,64,usd_per_1k_tok,0.22420452919411724,0.1414659227328781,0.29277926410904714,0.08487955363972687,0.4889413710621087,REFERENCE-NON-PHASE6; CLOSED-FORM-ONLY (sim pending at freeze),"THEORY.md 6 cost frontier: $/1k tok = 1000 * rate_s / TPS with the steady-horizon TPS at the row's own b (economics convention); nominal = substrate rs tps_pred -> reproduces serve_cost_frontier.csv exactly and the registered P14 (0.07-0.13) / P15b (0.70/0.74/0.93 ratios) / P15c (1.08-2.29 ratios) identities; range = relative T_s envelope; rate_s from serve_cost_frontier.csv (0.00026242 $/s); dense-baseline comparison carried under BOTH price readings (0.12892 vs 0.03581 $/1k tok, 3.57x ambiguity)",-
2xT4,mimo_v2_flash,8,256,decode_tps,1.1704491472284024,0.8963066452078392,1.855005042419385,0.6274146516454874,2.6526572106597204,REFERENCE-NON-PHASE6; CLOSED-FORM-ONLY (sim pending at freeze),"THEORY.md 5.1 T_pred = t_dense + t_compute + (1-eta_s)t_storage + (1-eta_h)t_h2d; substrate roofline_curves.csv (2xT4,dsv4_flash,8,steady_state,256) scaled x1.1163 (MIMO_TOUCH_RATIO); nominal anchored to the substrate tps_pred (reproduces FALSIFICATION P1/P1b/P14/P15b/P15c registered centers); range = T_pred sensitivity envelope at B_SSD 0.9-1.1x spec (Cell B_ssd 3.3e+08 B/s), COMPUTE_EFF 0.3-0.8, t_0 50-420us, eta_s 0.15-0.45, eta_h 0.3-0.7; horizon=steady_state; limiter=h2d","P3c,P5"
2xT4,mimo_v2_flash,8,256,host_hit_rate,0.54,0.42000000000000004,1.0,0.30000000000000004,1.0,REFERENCE-NON-PHASE6; CLOSED-FORM-ONLY (sim pending at freeze),"FINITE/STEADY Che band: nominal = finite-window LRU prior (PREDECL_FINITE_HIT: 0.51 at 16 GiB pooled = P2 0.48-0.54 midpoint; saturation 0.536-0.54 = sealed-window repeat ceiling); upper edge = steady-Che (HOST_HIT_CURVE, cache_store_knees.csv) which over-predicts short windows by +25pp (known-failure 1) and governs >=512-token serving windows; pooled host budget basis, (20560 pooled slots); independent of cell and b; at host 16 GiB rows tagged P2 the P2 kill band 0.45-0.57 governs short-window measurements (registered-ID rule)",P2
2xT4,mimo_v2_flash,8,256,cold_records_per_tok,164.93023255813952,0.0,329.86046511627904,0.0,412.3255813953488,REFERENCE-NON-PHASE6; CLOSED-FORM-ONLY (sim pending at freeze),"FALSIFICATION.md P4 bracket [steady-Che, 2x finite-Che] on roofline_curves.csv (2xT4,dsv4_flash,8,steady_state,256) scaled x1.1163 (MIMO_TOUCH_RATIO) (order-clamped min/max at b=8); nominal = finite-Che (anchor: 162 vs 155.06 measured, +4.5%); corrected anchor bracket 67.84-323.92","P3,P4,P3b"
2xT4,mimo_v2_flash,8,256,usd_per_1k_tok,0.5883724223566069,0.37124427387098485,0.7683307980387791,0.2227465643225909,1.2831124327247612,REFERENCE-NON-PHASE6; CLOSED-FORM-ONLY (sim pending at freeze),"THEORY.md 6 cost frontier: $/1k tok = 1000 * rate_s / TPS with the steady-horizon TPS at the row's own b (economics convention); nominal = substrate rs tps_pred -> reproduces serve_cost_frontier.csv exactly and the registered P14 (0.07-0.13) / P15b (0.70/0.74/0.93 ratios) / P15c (1.08-2.29 ratios) identities; range = relative T_s envelope; rate_s from serve_cost_frontier.csv (0.00068866 $/s); dense-baseline comparison carried under BOTH price readings (0.12892 vs 0.03581 $/1k tok, 3.57x ambiguity)",P15
CPU-only,mimo_v2_flash,8,16,decode_tps,0.009262342479400174,0.004631171239700087,0.8336108231460156,0.0023155856198500435,1.8524684958800348,REFERENCE-NON-PHASE6; CLOSED-FORM-ONLY (sim pending at freeze),"roofline_curves.csv CPU-only row (compute-bound, CPU expert execution); CPU_EXEC_MS_PER_EXPERT 2750 ms MEASURED (portable-torch, AGENTS.md CPU 6/10); range upper edge = 25-30 ms/expert tuned-kernel bound (unbuilt, ~90x); horizon=steady_state",-
CPU-only,mimo_v2_flash,8,16,host_hit_rate,0.51,0.39,0.758695295356939,0.27,0.8386952953569391,REFERENCE-NON-PHASE6; CLOSED-FORM-ONLY (sim pending at freeze),"FINITE/STEADY Che band (same construction as GPU rows) at 1285 pooled slots (single pooled tier); nominal = finite-window LRU prior, upper = steady-Che","P2,P2b"
CPU-only,mimo_v2_flash,8,16,cold_records_per_tok,212.44256511261165,212.44256511261165,1208.903234029504,159.33192383445873,1511.1290425368798,REFERENCE-NON-PHASE6; CLOSED-FORM-ONLY (sim pending at freeze),"roofline_curves.csv CPU-only row cold count, P4 bracket [min(steady,finite), 2x max(steady,finite)]; CPU_EXEC_MS_PER_EXPERT 2750 ms MEASURED (portable-torch, AGENTS.md CPU 6/10); range upper edge = 25-30 ms/expert tuned-kernel bound (unbuilt, ~90x); horizon=steady_state","P3,P4"
CPU-only,mimo_v2_flash,8,16,usd_per_1k_tok,49.09341249379579,0.5454823610421754,98.18682498759158,0.32728941662530525,163.97199772927792,REFERENCE-NON-PHASE6; CLOSED-FORM-ONLY (sim pending at freeze),"1000 * rate_s / TPS with rate_s from serve_cost_frontier.csv (0.00045472 $/s, CPU cores + RAM only); CPU cost dominates; dense comparison meaningless here (360-5800x worse per THEORY.md 6)",-
CPU-only,mimo_v2_flash,8,64,decode_tps,0.009428972260789727,0.004714486130394864,0.8486075034710755,0.002357243065197432,1.8857944521579455,REFERENCE-NON-PHASE6; CLOSED-FORM-ONLY (sim pending at freeze),"roofline_curves.csv CPU-only row (compute-bound, CPU expert execution); CPU_EXEC_MS_PER_EXPERT 2750 ms MEASURED (portable-torch, AGENTS.md CPU 6/10); range upper edge = 25-30 ms/expert tuned-kernel bound (unbuilt, ~90x); horizon=steady_state",-
CPU-only,mimo_v2_flash,8,64,host_hit_rate,0.54,0.42000000000000004,1.0,0.30000000000000004,1.0,REFERENCE-NON-PHASE6; CLOSED-FORM-ONLY (sim pending at freeze),"FINITE/STEADY Che band (same construction as GPU rows) at 5140 pooled slots (single pooled tier); nominal = finite-window LRU prior, upper = steady-Che",P2
CPU-only,mimo_v2_flash,8,64,cold_records_per_tok,164.93023255813952,0.0,329.86046511627904,0.0,412.3255813953488,REFERENCE-NON-PHASE6; CLOSED-FORM-ONLY (sim pending at freeze),"roofline_curves.csv CPU-only row cold count, P4 bracket [min(steady,finite), 2x max(steady,finite)]; CPU_EXEC_MS_PER_EXPERT 2750 ms MEASURED (portable-torch, AGENTS.md CPU 6/10); range upper edge = 25-30 ms/expert tuned-kernel bound (unbuilt, ~90x); horizon=steady_state","P3,P4"
CPU-only,mimo_v2_flash,8,64,usd_per_1k_tok,59.52716632056246,0.6614129591173605,119.05433264112492,0.39684777547041633,198.8207355106786,REFERENCE-NON-PHASE6; CLOSED-FORM-ONLY (sim pending at freeze),"1000 * rate_s / TPS with rate_s from serve_cost_frontier.csv (0.00056128 $/s, CPU cores + RAM only); CPU cost dominates; dense comparison meaningless here (360-5800x worse per THEORY.md 6)",-
CPU-only,mimo_v2_flash,8,256,decode_tps,0.009428972260789727,0.004714486130394864,0.8486075034710755,0.002357243065197432,1.8857944521579455,REFERENCE-NON-PHASE6; CLOSED-FORM-ONLY (sim pending at freeze),"roofline_curves.csv CPU-only row (compute-bound, CPU expert execution); CPU_EXEC_MS_PER_EXPERT 2750 ms MEASURED (portable-torch, AGENTS.md CPU 6/10); range upper edge = 25-30 ms/expert tuned-kernel bound (unbuilt, ~90x); horizon=steady_state",-
CPU-only,mimo_v2_flash,8,256,host_hit_rate,0.54,0.42000000000000004,1.0,0.30000000000000004,1.0,REFERENCE-NON-PHASE6; CLOSED-FORM-ONLY (sim pending at freeze),"FINITE/STEADY Che band (same construction as GPU rows) at 20560 pooled slots (single pooled tier); nominal = finite-window LRU prior, upper = steady-Che",P2
CPU-only,mimo_v2_flash,8,256,cold_records_per_tok,164.93023255813952,0.0,329.86046511627904,0.0,412.3255813953488,REFERENCE-NON-PHASE6; CLOSED-FORM-ONLY (sim pending at freeze),"roofline_curves.csv CPU-only row cold count, P4 bracket [min(steady,finite), 2x max(steady,finite)]; CPU_EXEC_MS_PER_EXPERT 2750 ms MEASURED (portable-torch, AGENTS.md CPU 6/10); range upper edge = 25-30 ms/expert tuned-kernel bound (unbuilt, ~90x); horizon=steady_state","P3,P4"
CPU-only,mimo_v2_flash,8,256,usd_per_1k_tok,104.73251725499189,1.1636946361665765,209.46503450998378,0.6982167816999459,349.8066076316729,REFERENCE-NON-PHASE6; CLOSED-FORM-ONLY (sim pending at freeze),"1000 * rate_s / TPS with rate_s from serve_cost_frontier.csv (0.00098752 $/s, CPU cores + RAM only); CPU cost dominates; dense comparison meaningless here (360-5800x worse per THEORY.md 6)",P15
