cell,model,batch,horizon,host_gib_total,host_records_per_gpu,vram_slots_per_gpu,cold_bytes_per_tok,spill_bytes_per_tok,cold_mib_per_tok,cold_records_per_tok,t_storage,t_h2d,t_compute,t_dense,t_bound,tps_bound,t_pred,tps_pred,limiter,H_v,H_h,U_per_layer,popularity_source,B_ssd,B_h2d,price_gpu_s
2xT4,dsv4_flash,1,steady_state,2,80.31372549019608,281,2296998986.4057612,2496741584.3916764,2190.5889381463635,171.81089710951872,6.960602989108367,0.21831596895869473,0.12634162121612186,0.1925581395348837,6.960602989108367,0.14366571424411853,5.3582505992936715,0.18662807598655815,storage,0.4139988512964153,0.08000131020150447,6.927989130434782,sealed_dsv4_empirical_inclusion,330000000.0,11436367189.722427,0.0
2xT4,dsv4_flash,1,finite_16tok,2,80.31372549019608,281,3342254021.577709,3523203344.6231923,3187.4218192841618,249.99386817914996,10.128042489629422,0.30807014904080776,0.12634162121612186,0.1925581395348837,10.128042489629422,0.09873576271268085,7.646624066815548,0.13077666578899202,storage,0.29802699277219735,0.05135931859330002,6.927989130434782,sealed_dsv4_empirical_inclusion,330000000.0,11436367189.722427,0.0
2xT4,dsv4_flash,1,steady_state,4,160.62745098039215,281,2098978994.8605661,2496741584.3916764,2001.7423580747281,156.999400633312,6.360542408668382,0.21831596895869473,0.12634162121612186,0.1925581395348837,6.360542408668382,0.15721929605204157,4.933227883543399,0.2027070355569563,storage,0.4139988512964153,0.15931267857983922,6.927989130434782,sealed_dsv4_empirical_inclusion,330000000.0,11436367189.722427,0.0
2xT4,dsv4_flash,1,finite_16tok,4,160.62745098039215,281,3171770054.989129,3523203344.6231923,3024.8356389895716,237.2420109011429,9.611424409057967,0.30807014904080776,0.12634162121612186,0.1925581395348837,9.611424409057967,0.10404285124040337,7.280703646831997,0.13734936188964691,storage,0.29802699277219735,0.09974822775142674,6.927989130434782,sealed_dsv4_empirical_inclusion,330000000.0,11436367189.722427,0.0
2xT4,dsv4_flash,1,steady_state,8,321.2549019607843,281,1713877799.693194,2496741584.3916764,1634.4812390262546,128.19460698245135,5.193569089979375,0.21831596895869473,0.12634162121612186,0.1925581395348837,5.193569089979375,0.1925458163114513,4.106661057984499,0.24350682607606977,storage,0.4139988512964153,0.31355418982586625,6.927989130434782,sealed_dsv4_empirical_inclusion,330000000.0,11436367189.722427,0.0
2xT4,dsv4_flash,1,finite_16tok,8,321.2549019607843,281,2865749892.233423,3523203344.6231923,2732.9920694669945,214.3523191738819,8.684090582525524,0.30807014904080776,0.12634162121612186,0.1925581395348837,8.684090582525524,0.11515310561272128,6.623873396341429,0.15096906902724486,storage,0.29802699277219735,0.1866067291838598,6.927989130434782,sealed_dsv4_empirical_inclusion,330000000.0,11436367189.722427,0.0
2xT4,dsv4_flash,1,steady_state,16,642.5098039215686,281,990780516.0209045,2496741584.3916764,944.8819313248678,74.10838677057787,3.002365200063347,0.21831596895869473,0.12634162121612186,0.1925581395348837,3.002365200063347,0.33307074035460477,2.5546320488937804,0.39144580544702123,storage,0.4139988512964153,0.6031705795206252,6.927989130434782,sealed_dsv4_empirical_inclusion,330000000.0,11436367189.722427,0.0
2xT4,dsv4_flash,1,finite_16tok,16,642.5098039215686,281,2398512803.2323723,3523203344.6231923,2287.400058014271,179.40392611876635,7.2682206158556735,0.30807014904080776,0.12634162121612186,0.1925581395348837,7.2682206158556735,0.13758525681216846,5.621013155227066,0.17790387113221479,storage,0.29802699277219735,0.31922385152909916,6.927989130434782,sealed_dsv4_empirical_inclusion,330000000.0,11436367189.722427,0.0
2xT4,dsv4_flash,1,steady_state,32,1285.0196078431372,281,0.0,2496741584.3916764,0.0,0.0,0.0,0.21831596895869473,0.12634162121612186,0.1925581395348837,0.21831596895869473,4.580516967080862,0.42805774523035295,2.3361334099021263,h2d,0.4139988512964153,1.0,6.927989130434782,sealed_dsv4_empirical_inclusion,330000000.0,11436367189.722427,0.0
2xT4,dsv4_flash,1,finite_16tok,32,1285.0196078431372,281,1975320576.0,3523203344.6231923,1883.8125,147.75,5.985819927272727,0.30807014904080776,0.12634162121612186,0.1925581395348837,5.985819927272727,0.1670614906812979,4.712689160769883,0.21219307403602156,storage,0.29802699277219735,0.4393396058122607,6.927989130434782,sealed_dsv4_empirical_inclusion,330000000.0,11436367189.722427,0.0
2xT4,dsv4_flash,1,steady_state,64,2570.0392156862745,281,0.0,2496741584.3916764,0.0,0.0,0.0,0.21831596895869473,0.12634162121612186,0.1925581395348837,0.21831596895869473,4.580516967080862,0.42805774523035295,2.3361334099021263,h2d,0.4139988512964153,1.0,6.927989130434782,sealed_dsv4_empirical_inclusion,330000000.0,11436367189.722427,0.0
2xT4,dsv4_flash,1,finite_16tok,64,2570.0392156862745,281,1975320576.0,3523203344.6231923,1883.8125,147.75,5.985819927272727,0.30807014904080776,0.12634162121612186,0.1925581395348837,5.985819927272727,0.1670614906812979,4.712689160769883,0.21219307403602156,storage,0.29802699277219735,0.4393396058122607,6.927989130434782,sealed_dsv4_empirical_inclusion,330000000.0,11436367189.722427,0.0
2xT4,dsv4_flash,1,steady_state,128,5140.078431372549,281,0.0,2496741584.3916764,0.0,0.0,0.0,0.21831596895869473,0.12634162121612186,0.1925581395348837,0.21831596895869473,4.580516967080862,0.42805774523035295,2.3361334099021263,h2d,0.4139988512964153,1.0,6.927989130434782,sealed_dsv4_empirical_inclusion,330000000.0,11436367189.722427,0.0
2xT4,dsv4_flash,1,finite_16tok,128,5140.078431372549,281,1975320576.0,3523203344.6231923,1883.8125,147.75,5.985819927272727,0.30807014904080776,0.12634162121612186,0.1925581395348837,5.985819927272727,0.1670614906812979,4.712689160769883,0.21219307403602156,storage,0.29802699277219735,0.4393396058122607,6.927989130434782,sealed_dsv4_empirical_inclusion,330000000.0,11436367189.722427,0.0
2xT4,dsv4_flash,1,steady_state,256,10280.156862745098,281,0.0,2496741584.3916764,0.0,0.0,0.0,0.21831596895869473,0.12634162121612186,0.1925581395348837,0.21831596895869473,4.580516967080862,0.42805774523035295,2.3361334099021263,h2d,0.4139988512964153,1.0,6.927989130434782,sealed_dsv4_empirical_inclusion,330000000.0,11436367189.722427,0.0
2xT4,dsv4_flash,1,finite_16tok,256,10280.156862745098,281,1975320576.0,3523203344.6231923,1883.8125,147.75,5.985819927272727,0.30807014904080776,0.12634162121612186,0.1925581395348837,5.985819927272727,0.1670614906812979,4.712689160769883,0.21219307403602156,storage,0.29802699277219735,0.4393396058122607,6.927989130434782,sealed_dsv4_empirical_inclusion,330000000.0,11436367189.722427,0.0
2xT4,dsv4_flash,4,steady_state,2,80.31372549019608,281,7552746686.205121,8173100760.229661,7202.860532956239,564.9302378789207,22.887111170318548,0.7146588269371605,0.08795380247677856,0.14201162790697675,22.887111170318548,0.04369271388417352,16.798228310194375,0.0595300874314899,storage,0.30408933320574877,0.07590192415627417,19.097012395444125,sealed_dsv4_empirical_inclusion,330000000.0,11436367189.722427,0.0
2xT4,dsv4_flash,4,finite_16tok,2,80.31372549019608,281,3342254021.577709,3523203344.6231923,3187.4218192841618,249.99386817914996,10.128042489629422,0.30807014904080776,0.08795380247677856,0.14201162790697675,10.128042489629422,0.09873576271268085,7.557689736448298,0.13231556664430438,storage,0.29802699277219735,0.05135931859330002,19.097012395444125,sealed_dsv4_empirical_inclusion,330000000.0,11436367189.722427,0.0
2xT4,dsv4_flash,4,steady_state,4,160.62745098039215,281,6934720541.410264,8173100760.229661,6613.464871797813,518.7031271998285,21.014304670940195,0.7146588269371605,0.08795380247677856,0.14201162790697675,21.014304670940195,0.047586632803647236,15.471720070214827,0.06463405461459559,storage,0.30408933320574877,0.1515190201551605,19.097012395444125,sealed_dsv4_empirical_inclusion,330000000.0,11436367189.722427,0.0
2xT4,dsv4_flash,4,finite_16tok,4,160.62745098039215,281,3171770054.989129,3523203344.6231923,3024.8356389895716,237.2420109011429,9.611424409057967,0.30807014904080776,0.08795380247677856,0.14201162790697675,9.611424409057967,0.10404285124040337,7.191769316464747,0.1390478414971699,storage,0.29802699277219735,0.09974822775142674,19.097012395444125,sealed_dsv4_empirical_inclusion,330000000.0,11436367189.722427,0.0
2xT4,dsv4_flash,4,steady_state,8,321.2549019607843,281,5723022271.110102,8173100760.229661,5457.899352178671,428.07053742577807,17.34249173063667,0.7146588269371605,0.08795380247677856,0.14201162790697675,17.34249173063667,0.05766184095872643,12.870976147875343,0.07769418484743859,storage,0.30408933320574877,0.2997734349540445,19.097012395444125,sealed_dsv4_empirical_inclusion,330000000.0,11436367189.722427,0.0
2xT4,dsv4_flash,4,finite_16tok,8,321.2549019607843,281,2865749892.233423,3523203344.6231923,2732.9920694669945,214.3523191738819,8.684090582525524,0.30807014904080776,0.08795380247677856,0.14201162790697675,8.684090582525524,0.11515310561272128,6.534939065974179,0.15302361504895343,storage,0.29802699277219735,0.1866067291838598,19.097012395444125,sealed_dsv4_empirical_inclusion,330000000.0,11436367189.722427,0.0
2xT4,dsv4_flash,4,steady_state,16,642.5098039215686,281,3396653835.548009,8173100760.229661,3239.3015246849145,254.06286468116977,10.292890410751543,0.7146588269371605,0.08795380247677856,0.14201162790697675,10.292890410751543,0.09715443962712747,7.877745804803423,0.1269398664006465,storage,0.30408933320574877,0.5844106251477847,19.097012395444125,sealed_dsv4_empirical_inclusion,330000000.0,11436367189.722427,0.0
2xT4,dsv4_flash,4,finite_16tok,16,642.5098039215686,281,2398512803.2323723,3523203344.6231923,2287.400058014271,179.40392611876635,7.2682206158556735,0.30807014904080776,0.08795380247677856,0.14201162790697675,7.2682206158556735,0.13758525681216846,5.532078824859816,0.1807638740623585,storage,0.29802699277219735,0.31922385152909916,19.097012395444125,sealed_dsv4_empirical_inclusion,330000000.0,11436367189.722427,0.0
2xT4,dsv4_flash,4,steady_state,32,1285.0196078431372,281,0.0,8173100760.229661,0.0,0.0,0.0,0.7146588269371605,0.08795380247677856,0.14201162790697675,0.7146588269371605,1.3992690810043396,0.5872948438523355,1.7027222535116135,h2d,0.30408933320574877,1.0,19.097012395444125,sealed_dsv4_empirical_inclusion,330000000.0,11436367189.722427,0.0
2xT4,dsv4_flash,4,finite_16tok,32,1285.0196078431372,281,1975320576.0,3523203344.6231923,1883.8125,147.75,5.985819927272727,0.30807014904080776,0.08795380247677856,0.14201162790697675,5.985819927272727,0.1670614906812979,4.623754830402633,0.21627444288885897,storage,0.29802699277219735,0.4393396058122607,19.097012395444125,sealed_dsv4_empirical_inclusion,330000000.0,11436367189.722427,0.0
2xT4,dsv4_flash,4,steady_state,64,2570.0392156862745,281,0.0,8173100760.229661,0.0,0.0,0.0,0.7146588269371605,0.08795380247677856,0.14201162790697675,0.7146588269371605,1.3992690810043396,0.5872948438523355,1.7027222535116135,h2d,0.30408933320574877,1.0,19.097012395444125,sealed_dsv4_empirical_inclusion,330000000.0,11436367189.722427,0.0
2xT4,dsv4_flash,4,finite_16tok,64,2570.0392156862745,281,1975320576.0,3523203344.6231923,1883.8125,147.75,5.985819927272727,0.30807014904080776,0.08795380247677856,0.14201162790697675,5.985819927272727,0.1670614906812979,4.623754830402633,0.21627444288885897,storage,0.29802699277219735,0.4393396058122607,19.097012395444125,sealed_dsv4_empirical_inclusion,330000000.0,11436367189.722427,0.0
2xT4,dsv4_flash,4,steady_state,128,5140.078431372549,281,0.0,8173100760.229661,0.0,0.0,0.0,0.7146588269371605,0.08795380247677856,0.14201162790697675,0.7146588269371605,1.3992690810043396,0.5872948438523355,1.7027222535116135,h2d,0.30408933320574877,1.0,19.097012395444125,sealed_dsv4_empirical_inclusion,330000000.0,11436367189.722427,0.0
2xT4,dsv4_flash,4,finite_16tok,128,5140.078431372549,281,1975320576.0,3523203344.6231923,1883.8125,147.75,5.985819927272727,0.30807014904080776,0.08795380247677856,0.14201162790697675,5.985819927272727,0.1670614906812979,4.623754830402633,0.21627444288885897,storage,0.29802699277219735,0.4393396058122607,19.097012395444125,sealed_dsv4_empirical_inclusion,330000000.0,11436367189.722427,0.0
2xT4,dsv4_flash,4,steady_state,256,10280.156862745098,281,0.0,8173100760.229661,0.0,0.0,0.0,0.7146588269371605,0.08795380247677856,0.14201162790697675,0.7146588269371605,1.3992690810043396,0.5872948438523355,1.7027222535116135,h2d,0.30408933320574877,1.0,19.097012395444125,sealed_dsv4_empirical_inclusion,330000000.0,11436367189.722427,0.0
2xT4,dsv4_flash,4,finite_16tok,256,10280.156862745098,281,1975320576.0,3523203344.6231923,1883.8125,147.75,5.985819927272727,0.30807014904080776,0.08795380247677856,0.14201162790697675,5.985819927272727,0.1670614906812979,4.623754830402633,0.21627444288885897,storage,0.29802699277219735,0.4393396058122607,19.097012395444125,sealed_dsv4_empirical_inclusion,330000000.0,11436367189.722427,0.0
2xT4,dsv4_flash,8,steady_state,2,80.31372549019608,281,11997425479.912846,12926149947.780489,11441.636543190809,897.3832582894752,36.35583478761468,1.130267132328253,0.06665492278976594,0.13358720930232557,36.35583478761468,0.02750590120793126,26.516201762301684,0.03771279193620063,storage,0.2659682908146905,0.07184849871149102,28.634291287810218,sealed_dsv4_empirical_inclusion,330000000.0,11436367189.722427,0.0
2xT4,dsv4_flash,8,finite_16tok,2,80.31372549019608,281,3342254021.577709,3523203344.6231923,3187.4218192841618,249.99386817914996,10.128042489629422,0.30807014904080776,0.06665492278976594,0.13358720930232557,10.128042489629422,0.09873576271268085,7.527966438156634,0.13283799924124914,storage,0.29802699277219735,0.05135931859330002,28.634291287810218,sealed_dsv4_empirical_inclusion,330000000.0,11436367189.722427,0.0
2xT4,dsv4_flash,8,steady_state,4,160.62745098039215,281,11067398564.443905,12926149947.780489,10554.693760341554,827.819118458161,33.53757140740577,1.130267132328253,0.06665492278976594,0.13358720930232557,33.53757140740577,0.029817305130781766,24.520026718312547,0.04078298981840667,storage,0.2659682908146905,0.14379775809855488,28.634291287810218,sealed_dsv4_empirical_inclusion,330000000.0,11436367189.722427,0.0
2xT4,dsv4_flash,8,finite_16tok,4,160.62745098039215,281,3171770054.989129,3523203344.6231923,3024.8356389895716,237.2420109011429,9.611424409057967,0.30807014904080776,0.06665492278976594,0.13358720930232557,9.611424409057967,0.10404285124040337,7.162046018173083,0.1396249057130581,storage,0.29802699277219735,0.09974822775142674,28.634291287810218,sealed_dsv4_empirical_inclusion,330000000.0,11436367189.722427,0.0
2xT4,dsv4_flash,8,steady_state,8,321.2549019607843,281,9228477085.689575,12926149947.780489,8800.961576165748,690.2714961698625,27.965082077847196,1.130267132328253,0.06665492278976594,0.13358720930232557,27.965082077847196,0.03575887949179879,20.57303432197519,0.0486073169543029,storage,0.2659682908146905,0.2860614240921623,28.634291287810218,sealed_dsv4_empirical_inclusion,330000000.0,11436367189.722427,0.0
2xT4,dsv4_flash,8,finite_16tok,8,321.2549019607843,281,2865749892.233423,3523203344.6231923,2732.9920694669945,214.3523191738819,8.684090582525524,0.30807014904080776,0.06665492278976594,0.13358720930232557,8.684090582525524,0.11515310561272128,6.505215767682515,0.15372280270362967,storage,0.29802699277219735,0.1866067291838598,28.634291287810218,sealed_dsv4_empirical_inclusion,330000000.0,11436367189.722427,0.0
2xT4,dsv4_flash,8,steady_state,16,642.5098039215686,281,5620611812.774739,12926149947.780489,5360.233128332843,420.4104414378701,17.0321570084083,1.130267132328253,0.06665492278976594,0.13358720930232557,17.0321570084083,0.058712469566029005,12.829247018533259,0.07794689731637328,storage,0.2659682908146905,0.5651751035319037,28.634291287810218,sealed_dsv4_empirical_inclusion,330000000.0,11436367189.722427,0.0
2xT4,dsv4_flash,8,finite_16tok,16,642.5098039215686,281,2398512803.2323723,3523203344.6231923,2287.400058014271,179.40392611876635,7.2682206158556735,0.30807014904080776,0.06665492278976594,0.13358720930232557,7.2682206158556735,0.13758525681216846,5.502355526568152,0.181740346506418,storage,0.29802699277219735,0.31922385152909916,28.634291287810218,sealed_dsv4_empirical_inclusion,330000000.0,11436367189.722427,0.0
2xT4,dsv4_flash,8,steady_state,32,1285.0196078431372,281,0.0,12926149947.780489,0.0,0.0,0.0,1.130267132328253,0.06665492278976594,0.13358720930232557,1.130267132328253,0.8847465978596459,0.765375698256218,1.3065478852782166,h2d,0.2659682908146905,1.0,28.634291287810218,sealed_dsv4_empirical_inclusion,330000000.0,11436367189.722427,0.0
2xT4,dsv4_flash,8,finite_16tok,32,1285.0196078431372,281,1975320576.0,3523203344.6231923,1883.8125,147.75,5.985819927272727,0.30807014904080776,0.06665492278976594,0.13358720930232557,5.985819927272727,0.1670614906812979,4.594031532110969,0.21767373449883518,storage,0.29802699277219735,0.4393396058122607,28.634291287810218,sealed_dsv4_empirical_inclusion,330000000.0,11436367189.722427,0.0
2xT4,dsv4_flash,8,steady_state,64,2570.0392156862745,281,0.0,12926149947.780489,0.0,0.0,0.0,1.130267132328253,0.06665492278976594,0.13358720930232557,1.130267132328253,0.8847465978596459,0.765375698256218,1.3065478852782166,h2d,0.2659682908146905,1.0,28.634291287810218,sealed_dsv4_empirical_inclusion,330000000.0,11436367189.722427,0.0
2xT4,dsv4_flash,8,finite_16tok,64,2570.0392156862745,281,1975320576.0,3523203344.6231923,1883.8125,147.75,5.985819927272727,0.30807014904080776,0.06665492278976594,0.13358720930232557,5.985819927272727,0.1670614906812979,4.594031532110969,0.21767373449883518,storage,0.29802699277219735,0.4393396058122607,28.634291287810218,sealed_dsv4_empirical_inclusion,330000000.0,11436367189.722427,0.0
2xT4,dsv4_flash,8,steady_state,128,5140.078431372549,281,0.0,12926149947.780489,0.0,0.0,0.0,1.130267132328253,0.06665492278976594,0.13358720930232557,1.130267132328253,0.8847465978596459,0.765375698256218,1.3065478852782166,h2d,0.2659682908146905,1.0,28.634291287810218,sealed_dsv4_empirical_inclusion,330000000.0,11436367189.722427,0.0
2xT4,dsv4_flash,8,finite_16tok,128,5140.078431372549,281,1975320576.0,3523203344.6231923,1883.8125,147.75,5.985819927272727,0.30807014904080776,0.06665492278976594,0.13358720930232557,5.985819927272727,0.1670614906812979,4.594031532110969,0.21767373449883518,storage,0.29802699277219735,0.4393396058122607,28.634291287810218,sealed_dsv4_empirical_inclusion,330000000.0,11436367189.722427,0.0
2xT4,dsv4_flash,8,steady_state,256,10280.156862745098,281,0.0,12926149947.780489,0.0,0.0,0.0,1.130267132328253,0.06665492278976594,0.13358720930232557,1.130267132328253,0.8847465978596459,0.765375698256218,1.3065478852782166,h2d,0.2659682908146905,1.0,28.634291287810218,sealed_dsv4_empirical_inclusion,330000000.0,11436367189.722427,0.0
2xT4,dsv4_flash,8,finite_16tok,256,10280.156862745098,281,1975320576.0,3523203344.6231923,1883.8125,147.75,5.985819927272727,0.30807014904080776,0.06665492278976594,0.13358720930232557,5.985819927272727,0.1670614906812979,4.594031532110969,0.21767373449883518,storage,0.29802699277219735,0.4393396058122607,28.634291287810218,sealed_dsv4_empirical_inclusion,330000000.0,11436367189.722427,0.0
2xT4,dsv4_flash,16,steady_state,2,80.31372549019608,281,16880175966.830402,18129624173.291023,16098.190275984194,1262.6031589007212,51.152048384334556,1.5852607626645336,0.04638219389794536,0.129375,51.152048384334556,0.01954955923732377,37.19936696160835,0.026882177888458456,storage,0.2454734749139895,0.0689174907608584,39.07026525246758,sealed_dsv4_empirical_inclusion,330000000.0,11436367189.722427,0.0
2xT4,dsv4_flash,16,finite_16tok,2,80.31372549019608,281,3342254021.577709,3523203344.6231923,3187.4218192841618,249.99386817914996,10.128042489629422,0.30807014904080776,0.04638219389794536,0.129375,10.128042489629422,0.09873576271268085,7.503481499962488,0.1332714687182209,storage,0.29802699277219735,0.05135931859330002,39.07026525246758,sealed_dsv4_empirical_inclusion,330000000.0,11436367189.722427,0.0
2xT4,dsv4_flash,16,steady_state,4,160.62745098039215,281,15624527576.539213,18129624173.291023,14900.710655726636,1168.683188684442,47.34705326224004,1.5852607626645336,0.04638219389794536,0.129375,47.34705326224004,0.021120638584651148,34.50429014282556,0.02898190328972552,storage,0.2454734749139895,0.13817697337832158,39.07026525246758,sealed_dsv4_empirical_inclusion,330000000.0,11436367189.722427,0.0
2xT4,dsv4_flash,16,finite_16tok,4,160.62745098039215,281,3171770054.989129,3523203344.6231923,3024.8356389895716,237.2420109011429,9.611424409057967,0.30807014904080776,0.04638219389794536,0.129375,9.611424409057967,0.10404285124040337,7.137561079978937,0.14010387985400624,storage,0.29802699277219735,0.09974822775142674,39.07026525246758,sealed_dsv4_empirical_inclusion,330000000.0,11436367189.722427,0.0
2xT4,dsv4_flash,16,steady_state,8,321.2549019607843,281,13127046215.132048,18129624173.291023,12518.926825649307,981.8766137764162,39.778927924642566,1.5852607626645336,0.04638219389794536,0.129375,39.778927924642566,0.025138937929508956,29.14378940510741,0.03431262785012958,storage,0.2454734749139895,0.2759339030054957,39.07026525246758,sealed_dsv4_empirical_inclusion,330000000.0,11436367189.722427,0.0
2xT4,dsv4_flash,16,finite_16tok,8,321.2549019607843,281,2865749892.233423,3523203344.6231923,2732.9920694669945,214.3523191738819,8.684090582525524,0.30807014904080776,0.04638219389794536,0.129375,8.684090582525524,0.11515310561272128,6.480730829488369,0.15430358493672333,storage,0.29802699277219735,0.1866067291838598,39.07026525246758,sealed_dsv4_empirical_inclusion,330000000.0,11436367189.722427,0.0
2xT4,dsv4_flash,16,steady_state,16,642.5098039215686,281,8154411233.927684,18129624173.291023,7776.652559211429,609.9335340557984,24.710337072508132,1.5852607626645336,0.04638219389794536,0.129375,24.710337072508132,0.04046889352685381,18.470711360540818,0.054139766491956065,storage,0.2454734749139895,0.5502162010649427,39.07026525246758,sealed_dsv4_empirical_inclusion,330000000.0,11436367189.722427,0.0
2xT4,dsv4_flash,16,finite_16tok,16,642.5098039215686,281,2398512803.2323723,3523203344.6231923,2287.400058014271,179.40392611876635,7.2682206158556735,0.30807014904080776,0.04638219389794536,0.129375,7.2682206158556735,0.13758525681216846,5.477870588374007,0.18255268792263116,storage,0.29802699277219735,0.31922385152909916,39.07026525246758,sealed_dsv4_empirical_inclusion,330000000.0,11436367189.722427,0.0
2xT4,dsv4_flash,16,steady_state,32,1285.0196078431372,281,0.0,18129624173.291023,0.0,0.0,0.0,1.5852607626645336,0.04638219389794536,0.129375,1.5852607626645336,0.6308110460762195,0.9683875752302122,1.0326443931937817,h2d,0.2454734749139895,1.0,39.07026525246758,sealed_dsv4_empirical_inclusion,330000000.0,11436367189.722427,0.0
2xT4,dsv4_flash,16,finite_16tok,32,1285.0196078431372,281,1975320576.0,3523203344.6231923,1883.8125,147.75,5.985819927272727,0.30807014904080776,0.04638219389794536,0.129375,5.985819927272727,0.1670614906812979,4.569546593916823,0.21884009265410337,storage,0.29802699277219735,0.4393396058122607,39.07026525246758,sealed_dsv4_empirical_inclusion,330000000.0,11436367189.722427,0.0
2xT4,dsv4_flash,16,steady_state,64,2570.0392156862745,281,0.0,18129624173.291023,0.0,0.0,0.0,1.5852607626645336,0.04638219389794536,0.129375,1.5852607626645336,0.6308110460762195,0.9683875752302122,1.0326443931937817,h2d,0.2454734749139895,1.0,39.07026525246758,sealed_dsv4_empirical_inclusion,330000000.0,11436367189.722427,0.0
2xT4,dsv4_flash,16,finite_16tok,64,2570.0392156862745,281,1975320576.0,3523203344.6231923,1883.8125,147.75,5.985819927272727,0.30807014904080776,0.04638219389794536,0.129375,5.985819927272727,0.1670614906812979,4.569546593916823,0.21884009265410337,storage,0.29802699277219735,0.4393396058122607,39.07026525246758,sealed_dsv4_empirical_inclusion,330000000.0,11436367189.722427,0.0
2xT4,dsv4_flash,16,steady_state,128,5140.078431372549,281,0.0,18129624173.291023,0.0,0.0,0.0,1.5852607626645336,0.04638219389794536,0.129375,1.5852607626645336,0.6308110460762195,0.9683875752302122,1.0326443931937817,h2d,0.2454734749139895,1.0,39.07026525246758,sealed_dsv4_empirical_inclusion,330000000.0,11436367189.722427,0.0
2xT4,dsv4_flash,16,finite_16tok,128,5140.078431372549,281,1975320576.0,3523203344.6231923,1883.8125,147.75,5.985819927272727,0.30807014904080776,0.04638219389794536,0.129375,5.985819927272727,0.1670614906812979,4.569546593916823,0.21884009265410337,storage,0.29802699277219735,0.4393396058122607,39.07026525246758,sealed_dsv4_empirical_inclusion,330000000.0,11436367189.722427,0.0
2xT4,dsv4_flash,16,steady_state,256,10280.156862745098,281,0.0,18129624173.291023,0.0,0.0,0.0,1.5852607626645336,0.04638219389794536,0.129375,1.5852607626645336,0.6308110460762195,0.9683875752302122,1.0326443931937817,h2d,0.2454734749139895,1.0,39.07026525246758,sealed_dsv4_empirical_inclusion,330000000.0,11436367189.722427,0.0
2xT4,dsv4_flash,16,finite_16tok,256,10280.156862745098,281,1975320576.0,3523203344.6231923,1883.8125,147.75,5.985819927272727,0.30807014904080776,0.04638219389794536,0.129375,5.985819927272727,0.1670614906812979,4.569546593916823,0.21884009265410337,storage,0.29802699277219735,0.4393396058122607,39.07026525246758,sealed_dsv4_empirical_inclusion,330000000.0,11436367189.722427,0.0
1xL4,dsv4_flash,1,steady_state,2,160.62745098039215,1766,523936149.3208935,569305703.1389723,499.66444904412606,39.189368552480474,0.20957445972835742,0.02277222812555889,0.12367462416762477,0.01289025562175668,0.20957445972835742,4.7715737943266685,0.2963925161403447,3.3739043516418965,storage,0.8663803262265831,0.07969277941170361,6.927989130434782,sealed_dsv4_empirical_inclusion,2500000000.0,25000000000.0,0.000222
1xL4,dsv4_flash,1,finite_16tok,2,160.62745098039215,1766,2195085635.084358,2207174480.929661,2093.3967924922545,164.1879837248827,0.8780342540337434,0.08828697923718644,0.12367462416762477,0.01289025562175668,0.8780342540337434,1.138907730997895,0.8026197485849812,1.245920003542151,storage,0.5602363087503357,0.005477068509876265,6.927989130434782,sealed_dsv4_empirical_inclusion,2500000000.0,25000000000.0,0.000222
1xL4,dsv4_flash,1,steady_state,4,321.2549019607843,1766,478419752.36820626,569305703.1389723,456.2566302949965,35.78483374862718,0.1913679009472825,0.02277222812555889,0.12367462416762477,0.01289025562175668,0.1913679009472825,5.225536754335186,0.2834968164229503,3.52737647151598,storage,0.8663803262265831,0.159643492537752,6.927989130434782,sealed_dsv4_empirical_inclusion,2500000000.0,25000000000.0,0.000222
1xL4,dsv4_flash,1,finite_16tok,4,321.2549019607843,1766,2182019587.949608,2207174480.929661,2080.9360389228896,163.21066971944234,0.8728078351798433,0.08828697923718644,0.12367462416762477,0.01289025562175668,0.8728078351798433,1.1457275699111347,0.7989178777950282,1.2516931061299417,storage,0.5602363087503357,0.011396875597011032,6.927989130434782,sealed_dsv4_empirical_inclusion,2500000000.0,25000000000.0,0.000222
1xL4,dsv4_flash,1,steady_state,8,642.5098039215686,1766,388198555.31461096,569305703.1389723,370.21499186955543,29.036469950553368,0.1552794221258444,0.02277222812555889,0.12367462416762477,0.01289025562175668,0.1552794221258444,6.440003358523332,0.2579353585035896,3.8769403535889526,storage,0.8663803262265831,0.3181193282023941,6.927989130434782,sealed_dsv4_empirical_inclusion,2500000000.0,25000000000.0,0.000222
1xL4,dsv4_flash,1,finite_16tok,8,642.5098039215686,1766,2153066161.041323,2207174480.929661,2053.323899308513,161.0450117104716,0.8612264644165294,0.08828697923718644,0.12367462416762477,0.01289025562175668,0.8612264644165294,1.1611347785015966,0.7907147966155825,1.2646784963177622,storage,0.5602363087503357,0.024514745144002776,6.927989130434782,sealed_dsv4_empirical_inclusion,2500000000.0,25000000000.0,0.000222
1xL4,dsv4_flash,1,steady_state,16,1285.0196078431372,1766,210559509.53558815,569305703.1389723,200.8051963191873,15.7494271622892,0.08422380381423526,0.02277222812555889,0.12367462416762477,0.01289025562175668,0.12367462416762477,8.085733081708264,0.20760668695184228,4.816800531246694,compute,0.8663803262265831,0.6301468466333127,6.927989130434782,sealed_dsv4_empirical_inclusion,2500000000.0,25000000000.0,0.000222
1xL4,dsv4_flash,1,finite_16tok,16,1285.0196078431372,1766,2086971526.2843347,2207174480.929661,1990.291143688521,156.10126617164872,0.8347886105137339,0.08828697923718644,0.12367462416762477,0.01289025562175668,0.8347886105137339,1.1979080540935916,0.7719888732160884,1.2953554574355746,storage,0.5602363087503357,0.054460105299285924,6.927989130434782,sealed_dsv4_empirical_inclusion,2500000000.0,25000000000.0,0.000222
1xL4,dsv4_flash,1,steady_state,32,2570.0392156862745,1766,0.035009923619653764,569305703.1389723,3.338806497540833e-08,2.6186717627771237e-09,1.4003969447861506e-11,0.02277222812555889,0.12367462416762477,0.01289025562175668,0.12367462416762477,8.085733081708264,0.1479509938620799,6.75899481237822,compute,0.8663803262265831,0.9999999999385042,6.927989130434782,sealed_dsv4_empirical_inclusion,2500000000.0,25000000000.0,0.000222
1xL4,dsv4_flash,1,finite_16tok,32,2570.0392156862745,1766,1975320576.0,2207174480.929661,1883.8125,147.75,0.7901282304,0.08828697923718644,0.12367462416762477,0.01289025562175668,0.7901282304,1.265617353646196,0.7403559403737734,1.3507016631691287,storage,0.5602363087503357,0.10504557158163776,6.927989130434782,sealed_dsv4_empirical_inclusion,2500000000.0,25000000000.0,0.000222
1xL4,dsv4_flash,1,steady_state,64,5140.078431372549,1766,0.035009923619653764,569305703.1389723,3.338806497540833e-08,2.6186717627771237e-09,1.4003969447861506e-11,0.02277222812555889,0.12367462416762477,0.01289025562175668,0.12367462416762477,8.085733081708264,0.1479509938620799,6.75899481237822,compute,0.8663803262265831,0.9999999999385042,6.927989130434782,sealed_dsv4_empirical_inclusion,2500000000.0,25000000000.0,0.000222
1xL4,dsv4_flash,1,finite_16tok,64,5140.078431372549,1766,1975320576.0,2207174480.929661,1883.8125,147.75,0.7901282304,0.08828697923718644,0.12367462416762477,0.01289025562175668,0.7901282304,1.265617353646196,0.7403559403737734,1.3507016631691287,storage,0.5602363087503357,0.10504557158163776,6.927989130434782,sealed_dsv4_empirical_inclusion,2500000000.0,25000000000.0,0.000222
1xL4,dsv4_flash,1,steady_state,128,10280.156862745098,1766,0.035009923619653764,569305703.1389723,3.338806497540833e-08,2.6186717627771237e-09,1.4003969447861506e-11,0.02277222812555889,0.12367462416762477,0.01289025562175668,0.12367462416762477,8.085733081708264,0.1479509938620799,6.75899481237822,compute,0.8663803262265831,0.9999999999385042,6.927989130434782,sealed_dsv4_empirical_inclusion,2500000000.0,25000000000.0,0.000222
1xL4,dsv4_flash,1,finite_16tok,128,10280.156862745098,1766,1975320576.0,2207174480.929661,1883.8125,147.75,0.7901282304,0.08828697923718644,0.12367462416762477,0.01289025562175668,0.7901282304,1.265617353646196,0.7403559403737734,1.3507016631691287,storage,0.5602363087503357,0.10504557158163776,6.927989130434782,sealed_dsv4_empirical_inclusion,2500000000.0,25000000000.0,0.000222
1xL4,dsv4_flash,1,steady_state,256,20560.313725490196,1766,0.035009923619653764,569305703.1389723,3.338806497540833e-08,2.6186717627771237e-09,1.4003969447861506e-11,0.02277222812555889,0.12367462416762477,0.01289025562175668,0.12367462416762477,8.085733081708264,0.1479509938620799,6.75899481237822,compute,0.8663803262265831,0.9999999999385042,6.927989130434782,sealed_dsv4_empirical_inclusion,2500000000.0,25000000000.0,0.000222
1xL4,dsv4_flash,1,finite_16tok,256,20560.313725490196,1766,1975320576.0,2207174480.929661,1883.8125,147.75,0.7901282304,0.08828697923718644,0.12367462416762477,0.01289025562175668,0.7901282304,1.265617353646196,0.7403559403737734,1.3507016631691287,storage,0.5602363087503357,0.10504557158163776,6.927989130434782,sealed_dsv4_empirical_inclusion,2500000000.0,25000000000.0,0.000222
1xL4,dsv4_flash,4,steady_state,2,160.62745098039215,1766,1948043071.494077,2105667576.261622,1857.7986445370454,145.70969761074866,0.7792172285976308,0.08422670305046488,0.08528680542828146,0.009506563521045553,0.7792172285976308,1.2833391810390478,0.6888260323799167,1.4517453652919692,storage,0.8207098419520666,0.07485725978047764,19.097012395444125,sealed_dsv4_empirical_inclusion,2500000000.0,25000000000.0,0.000222
1xL4,dsv4_flash,4,finite_16tok,2,160.62745098039215,1766,2195085635.084358,2207174480.929661,2093.3967924922545,164.1879837248827,0.8780342540337434,0.08828697923718644,0.08528680542828146,0.009506563521045553,0.8780342540337434,1.138907730997895,0.7608482377449267,1.314322555262655,storage,0.5602363087503357,0.005477068509876265,19.097012395444125,sealed_dsv4_empirical_inclusion,2500000000.0,25000000000.0,0.000222
1xL4,dsv4_flash,4,steady_state,4,321.2549019607843,1766,1789934673.885841,2105667576.261622,1707.0147265299233,133.88350796313125,0.7159738695543364,0.08422670305046488,0.08528680542828146,0.009506563521045553,0.7159738695543364,1.3966990172734348,0.6440307815503399,1.5527208149783696,storage,0.8207098419520666,0.14994432451504502,19.097012395444125,sealed_dsv4_empirical_inclusion,2500000000.0,25000000000.0,0.000222
1xL4,dsv4_flash,4,finite_16tok,4,321.2549019607843,1766,2182019587.949608,2207174480.929661,2080.9360389228896,163.21066971944234,0.8728078351798433,0.08828697923718644,0.08528680542828146,0.009506563521045553,0.8728078351798433,1.1457275699111347,0.7571463669549737,1.320748594517747,storage,0.5602363087503357,0.011396875597011032,19.097012395444125,sealed_dsv4_empirical_inclusion,2500000000.0,25000000000.0,0.000222
1xL4,dsv4_flash,4,steady_state,8,642.5098039215686,1766,1476625040.1252434,2105667576.261622,1408.219375729793,110.44857848861122,0.5906500160500974,0.08422670305046488,0.08528680542828146,0.009506563521045553,0.5906500160500974,1.6930499836220823,0.5552639365001204,1.8009453419631245,storage,0.8207098419520666,0.2987378175111446,19.097012395444125,sealed_dsv4_empirical_inclusion,2500000000.0,25000000000.0,0.000222
1xL4,dsv4_flash,4,finite_16tok,8,642.5098039215686,1766,2153066161.041323,2207174480.929661,2053.323899308513,161.0450117104716,0.8612264644165294,0.08828697923718644,0.08528680542828146,0.009506563521045553,0.8612264644165294,1.1611347785015966,0.748943285775528,1.3352145869957344,storage,0.5602363087503357,0.024514745144002776,19.097012395444125,sealed_dsv4_empirical_inclusion,2500000000.0,25000000000.0,0.000222
1xL4,dsv4_flash,4,steady_state,16,1285.0196078431372,1766,859460831.0014112,2105667576.261622,819.6457204832184,64.28593886142889,0.3437843324005645,0.08422670305046488,0.08528680542828146,0.009506563521045553,0.3437843324005645,2.908800389526879,0.3804090523260283,2.6287492210962253,storage,0.8207098419520666,0.5918345133436076,19.097012395444125,sealed_dsv4_empirical_inclusion,2500000000.0,25000000000.0,0.000222
1xL4,dsv4_flash,4,finite_16tok,16,1285.0196078431372,1766,2086971526.2843347,2207174480.929661,1990.291143688521,156.10126617164872,0.8347886105137339,0.08828697923718644,0.08528680542828146,0.009506563521045553,0.8347886105137339,1.1979080540935916,0.730217362376034,1.3694552492508913,storage,0.5602363087503357,0.054460105299285924,19.097012395444125,sealed_dsv4_empirical_inclusion,2500000000.0,25000000000.0,0.000222
1xL4,dsv4_flash,4,steady_state,32,2570.0392156862745,1766,0.0,2105667576.261622,0.0,0.0,0.0,0.08422670305046488,0.08528680542828146,0.009506563521045553,0.08528680542828146,11.725143121240603,0.13690672047455946,7.304243331033731,compute,0.8207098419520666,1.0,19.097012395444125,sealed_dsv4_empirical_inclusion,2500000000.0,25000000000.0,0.000222
1xL4,dsv4_flash,4,finite_16tok,32,2570.0392156862745,1766,1975320576.0,2207174480.929661,1883.8125,147.75,0.7901282304,0.08828697923718644,0.08528680542828146,0.009506563521045553,0.7901282304,1.265617353646196,0.6985844295337189,1.4314662018268367,storage,0.5602363087503357,0.10504557158163776,19.097012395444125,sealed_dsv4_empirical_inclusion,2500000000.0,25000000000.0,0.000222
1xL4,dsv4_flash,4,steady_state,64,5140.078431372549,1766,0.0,2105667576.261622,0.0,0.0,0.0,0.08422670305046488,0.08528680542828146,0.009506563521045553,0.08528680542828146,11.725143121240603,0.13690672047455946,7.304243331033731,compute,0.8207098419520666,1.0,19.097012395444125,sealed_dsv4_empirical_inclusion,2500000000.0,25000000000.0,0.000222
1xL4,dsv4_flash,4,finite_16tok,64,5140.078431372549,1766,1975320576.0,2207174480.929661,1883.8125,147.75,0.7901282304,0.08828697923718644,0.08528680542828146,0.009506563521045553,0.7901282304,1.265617353646196,0.6985844295337189,1.4314662018268367,storage,0.5602363087503357,0.10504557158163776,19.097012395444125,sealed_dsv4_empirical_inclusion,2500000000.0,25000000000.0,0.000222
1xL4,dsv4_flash,4,steady_state,128,10280.156862745098,1766,0.0,2105667576.261622,0.0,0.0,0.0,0.08422670305046488,0.08528680542828146,0.009506563521045553,0.08528680542828146,11.725143121240603,0.13690672047455946,7.304243331033731,compute,0.8207098419520666,1.0,19.097012395444125,sealed_dsv4_empirical_inclusion,2500000000.0,25000000000.0,0.000222
1xL4,dsv4_flash,4,finite_16tok,128,10280.156862745098,1766,1975320576.0,2207174480.929661,1883.8125,147.75,0.7901282304,0.08828697923718644,0.08528680542828146,0.009506563521045553,0.7901282304,1.265617353646196,0.6985844295337189,1.4314662018268367,storage,0.5602363087503357,0.10504557158163776,19.097012395444125,sealed_dsv4_empirical_inclusion,2500000000.0,25000000000.0,0.000222
1xL4,dsv4_flash,4,steady_state,256,20560.313725490196,1766,0.0,2105667576.261622,0.0,0.0,0.0,0.08422670305046488,0.08528680542828146,0.009506563521045553,0.08528680542828146,11.725143121240603,0.13690672047455946,7.304243331033731,compute,0.8207098419520666,1.0,19.097012395444125,sealed_dsv4_empirical_inclusion,2500000000.0,25000000000.0,0.000222
1xL4,dsv4_flash,4,finite_16tok,256,20560.313725490196,1766,1975320576.0,2207174480.929661,1883.8125,147.75,0.7901282304,0.08828697923718644,0.08528680542828146,0.009506563521045553,0.7901282304,1.265617353646196,0.6985844295337189,1.4314662018268367,storage,0.5602363087503357,0.10504557158163776,19.097012395444125,sealed_dsv4_empirical_inclusion,2500000000.0,25000000000.0,0.000222
1xL4,dsv4_flash,8,steady_state,2,160.62745098039215,1766,3495202016.003391,3759269192.8812127,3333.2843933137806,261.4340700638259,1.3980808064013563,0.15037076771524852,0.06398792574126884,0.008942614837593697,1.3980808064013563,0.7152662388478018,1.1383761090654045,0.8784442962537136,storage,0.7865239996374878,0.07024428508016312,28.634291287810218,sealed_dsv4_empirical_inclusion,2500000000.0,25000000000.0,0.000222
1xL4,dsv4_flash,8,finite_16tok,2,160.62745098039215,1766,2195085635.084358,2207174480.929661,2093.3967924922545,164.1879837248827,0.8780342540337434,0.08828697923718644,0.06398792574126884,0.008942614837593697,0.8780342540337434,1.138907730997895,0.7389854093744622,1.3532066903005324,storage,0.5602363087503357,0.005477068509876265,28.634291287810218,sealed_dsv4_empirical_inclusion,2500000000.0,25000000000.0,0.000222
1xL4,dsv4_flash,8,steady_state,4,321.2549019607843,1766,3230000566.803196,3759269192.8812127,3080.368582537838,241.59753588532064,1.2920002267212785,0.15037076771524852,0.06398792574126884,0.008942614837593697,1.2920002267212785,0.7739936722284559,1.063239268663506,0.9405220720045472,storage,0.7865239996374878,0.14079029697587842,28.634291287810218,sealed_dsv4_empirical_inclusion,2500000000.0,25000000000.0,0.000222
1xL4,dsv4_flash,8,finite_16tok,4,321.2549019607843,1766,2182019587.949608,2207174480.929661,2080.9360389228896,163.21066971944234,0.8728078351798433,0.08828697923718644,0.06398792574126884,0.008942614837593697,0.8728078351798433,1.1457275699111347,0.7352835385845092,1.360019567315617,storage,0.5602363087503357,0.011396875597011032,28.634291287810218,sealed_dsv4_empirical_inclusion,2500000000.0,25000000000.0,0.000222
1xL4,dsv4_flash,8,steady_state,8,642.5098039215686,1766,2703195090.025907,3759269192.8812127,2577.9677295931883,202.19354741907358,1.0812780360103629,0.15037076771524852,0.06398792574126884,0.008942614837593697,1.0812780360103629,0.9248315111344924,0.9139848088902437,1.0941100883440236,storage,0.7865239996374878,0.2809253737016636,28.634291287810218,sealed_dsv4_empirical_inclusion,2500000000.0,25000000000.0,0.000222
1xL4,dsv4_flash,8,finite_16tok,8,642.5098039215686,1766,2153066161.041323,2207174480.929661,2053.323899308513,161.0450117104716,0.8612264644165294,0.08828697923718644,0.06398792574126884,0.008942614837593697,0.8612264644165294,1.1611347785015966,0.7270804574050636,1.3753636063455497,storage,0.5602363087503357,0.024514745144002776,28.634291287810218,sealed_dsv4_empirical_inclusion,2500000000.0,25000000000.0,0.000222
1xL4,dsv4_flash,8,steady_state,16,1285.0196078431372,1766,1657964464.8981197,3759269192.8812127,1581.1581276875684,124.012402171574,0.6631857859592479,0.15037076771524852,0.06398792574126884,0.008942614837593697,0.6631857859592479,1.507873089519818,0.6178502029133405,1.6185152894418646,storage,0.7865239996374878,0.5589662831175419,28.634291287810218,sealed_dsv4_empirical_inclusion,2500000000.0,25000000000.0,0.000222
1xL4,dsv4_flash,8,finite_16tok,16,1285.0196078431372,1766,2086971526.2843347,2207174480.929661,1990.291143688521,156.10126617164872,0.8347886105137339,0.08828697923718644,0.06398792574126884,0.008942614837593697,0.8347886105137339,1.1979080540935916,0.7083545340055695,1.411722452519994,storage,0.5602363087503357,0.054460105299285924,28.634291287810218,sealed_dsv4_empirical_inclusion,2500000000.0,25000000000.0,0.000222
1xL4,dsv4_flash,8,steady_state,32,2570.0392156862745,1766,0.0,3759269192.8812127,0.0,0.0,0.0,0.15037076771524852,0.06398792574126884,0.008942614837593697,0.15037076771524852,6.65022873257961,0.1481159244364868,6.7514685122787546,h2d,0.7865239996374878,1.0,28.634291287810218,sealed_dsv4_empirical_inclusion,2500000000.0,25000000000.0,0.000222
1xL4,dsv4_flash,8,finite_16tok,32,2570.0392156862745,1766,1975320576.0,2207174480.929661,1883.8125,147.75,0.7901282304,0.08828697923718644,0.06398792574126884,0.008942614837593697,0.7901282304,1.265617353646196,0.6767216011632544,1.4777125457219695,storage,0.5602363087503357,0.10504557158163776,28.634291287810218,sealed_dsv4_empirical_inclusion,2500000000.0,25000000000.0,0.000222
1xL4,dsv4_flash,8,steady_state,64,5140.078431372549,1766,0.0,3759269192.8812127,0.0,0.0,0.0,0.15037076771524852,0.06398792574126884,0.008942614837593697,0.15037076771524852,6.65022873257961,0.1481159244364868,6.7514685122787546,h2d,0.7865239996374878,1.0,28.634291287810218,sealed_dsv4_empirical_inclusion,2500000000.0,25000000000.0,0.000222
1xL4,dsv4_flash,8,finite_16tok,64,5140.078431372549,1766,1975320576.0,2207174480.929661,1883.8125,147.75,0.7901282304,0.08828697923718644,0.06398792574126884,0.008942614837593697,0.7901282304,1.265617353646196,0.6767216011632544,1.4777125457219695,storage,0.5602363087503357,0.10504557158163776,28.634291287810218,sealed_dsv4_empirical_inclusion,2500000000.0,25000000000.0,0.000222
1xL4,dsv4_flash,8,steady_state,128,10280.156862745098,1766,0.0,3759269192.8812127,0.0,0.0,0.0,0.15037076771524852,0.06398792574126884,0.008942614837593697,0.15037076771524852,6.65022873257961,0.1481159244364868,6.7514685122787546,h2d,0.7865239996374878,1.0,28.634291287810218,sealed_dsv4_empirical_inclusion,2500000000.0,25000000000.0,0.000222
1xL4,dsv4_flash,8,finite_16tok,128,10280.156862745098,1766,1975320576.0,2207174480.929661,1883.8125,147.75,0.7901282304,0.08828697923718644,0.06398792574126884,0.008942614837593697,0.7901282304,1.265617353646196,0.6767216011632544,1.4777125457219695,storage,0.5602363087503357,0.10504557158163776,28.634291287810218,sealed_dsv4_empirical_inclusion,2500000000.0,25000000000.0,0.000222
1xL4,dsv4_flash,8,steady_state,256,20560.313725490196,1766,0.0,3759269192.8812127,0.0,0.0,0.0,0.15037076771524852,0.06398792574126884,0.008942614837593697,0.15037076771524852,6.65022873257961,0.1481159244364868,6.7514685122787546,h2d,0.7865239996374878,1.0,28.634291287810218,sealed_dsv4_empirical_inclusion,2500000000.0,25000000000.0,0.000222
1xL4,dsv4_flash,8,finite_16tok,256,20560.313725490196,1766,1975320576.0,2207174480.929661,1883.8125,147.75,0.7901282304,0.08828697923718644,0.06398792574126884,0.008942614837593697,0.7901282304,1.265617353646196,0.6767216011632544,1.4777125457219695,storage,0.5602363087503357,0.10504557158163776,28.634291287810218,sealed_dsv4_empirical_inclusion,2500000000.0,25000000000.0,0.000222
1xL4,dsv4_flash,16,steady_state,2,160.62745098039215,1766,5385164718.016932,5779032755.749075,5135.693281189853,402.7994730344983,2.1540658872067726,0.231161310229963,0.043715196849448267,0.00866064049586777,2.1540658872067726,0.46423835312517914,1.693680666200133,0.5904300733641578,storage,0.7594857200637688,0.06815466434937834,39.07026525246758,sealed_dsv4_empirical_inclusion,2500000000.0,25000000000.0,0.000222
1xL4,dsv4_flash,16,finite_16tok,2,160.62745098039215,1766,2195085635.084358,2207174480.929661,2093.3967924922545,164.1879837248827,0.8780342540337434,0.08828697923718644,0.043715196849448267,0.00866064049586777,0.8780342540337434,1.138907730997895,0.7184307061409158,1.3919226885102767,storage,0.5602363087503357,0.005477068509876265,39.07026525246758,sealed_dsv4_empirical_inclusion,2500000000.0,25000000000.0,0.000222
1xL4,dsv4_flash,16,steady_state,4,321.2549019607843,1766,4988976620.886471,5779032755.749075,4757.858868490668,373.16540145024845,1.9955906483545882,0.231161310229963,0.043715196849448267,0.00866064049586777,1.9955906483545882,0.501104773578952,1.5814327055913209,0.632338003675019,storage,0.7594857200637688,0.13671079024022526,39.07026525246758,sealed_dsv4_empirical_inclusion,2500000000.0,25000000000.0,0.000222
1xL4,dsv4_flash,16,finite_16tok,4,321.2549019607843,1766,2182019587.949608,2207174480.929661,2080.9360389228896,163.21066971944234,0.8728078351798433,0.08828697923718644,0.043715196849448267,0.00866064049586777,0.8728078351798433,1.1457275699111347,0.7147288353509628,1.3991320211796923,storage,0.5602363087503357,0.011396875597011032,39.07026525246758,sealed_dsv4_empirical_inclusion,2500000000.0,25000000000.0,0.000222
1xL4,dsv4_flash,16,steady_state,8,642.5098039215686,1766,4199753931.2779346,5779032755.749075,4005.1974594859453,314.13313407732903,1.679901572511174,0.231161310229963,0.043715196849448267,0.00866064049586777,1.679901572511174,0.5952729709664871,1.357830234905311,0.7364690918594367,storage,0.7594857200637688,0.27327736166576444,39.07026525246758,sealed_dsv4_empirical_inclusion,2500000000.0,25000000000.0,0.000222
1xL4,dsv4_flash,16,finite_16tok,8,642.5098039215686,1766,2153066161.041323,2207174480.929661,2053.323899308513,161.0450117104716,0.8612264644165294,0.08828697923718644,0.043715196849448267,0.00866064049586777,0.8612264644165294,1.1611347785015966,0.7065257541715171,1.4153765720438816,storage,0.5602363087503357,0.024514745144002776,39.07026525246758,sealed_dsv4_empirical_inclusion,2500000000.0,25000000000.0,0.000222
1xL4,dsv4_flash,16,steady_state,16,1285.0196078431372,1766,2622293257.5388823,5779032755.749075,2500.813729800112,196.14225331765584,1.048917303015553,0.231161310229963,0.043715196849448267,0.00866064049586777,1.048917303015553,0.9533640041260454,0.9109042801623921,1.0978101890373424,storage,0.7594857200637688,0.546240111733199,39.07026525246758,sealed_dsv4_empirical_inclusion,2500000000.0,25000000000.0,0.000222
1xL4,dsv4_flash,16,finite_16tok,16,1285.0196078431372,1766,2086971526.2843347,2207174480.929661,1990.291143688521,156.10126617164872,0.8347886105137339,0.08828697923718644,0.043715196849448267,0.00866064049586777,0.8347886105137339,1.1979080540935916,0.687799830772023,1.4539113783694115,storage,0.5602363087503357,0.054460105299285924,39.07026525246758,sealed_dsv4_empirical_inclusion,2500000000.0,25000000000.0,0.000222
1xL4,dsv4_flash,16,steady_state,32,2570.0392156862745,1766,0.0,5779032755.749075,0.0,0.0,0.0,0.231161310229963,0.043715196849448267,0.00866064049586777,0.231161310229963,4.325983439898242,0.16795649246029754,5.953922860328757,h2d,0.7594857200637688,1.0,39.07026525246758,sealed_dsv4_empirical_inclusion,2500000000.0,25000000000.0,0.000222
1xL4,dsv4_flash,16,finite_16tok,32,2570.0392156862745,1766,1975320576.0,2207174480.929661,1883.8125,147.75,0.7901282304,0.08828697923718644,0.043715196849448267,0.00866064049586777,0.7901282304,1.265617353646196,0.656166897929708,1.5240025108781474,storage,0.5602363087503357,0.10504557158163776,39.07026525246758,sealed_dsv4_empirical_inclusion,2500000000.0,25000000000.0,0.000222
1xL4,dsv4_flash,16,steady_state,64,5140.078431372549,1766,0.0,5779032755.749075,0.0,0.0,0.0,0.231161310229963,0.043715196849448267,0.00866064049586777,0.231161310229963,4.325983439898242,0.16795649246029754,5.953922860328757,h2d,0.7594857200637688,1.0,39.07026525246758,sealed_dsv4_empirical_inclusion,2500000000.0,25000000000.0,0.000222
1xL4,dsv4_flash,16,finite_16tok,64,5140.078431372549,1766,1975320576.0,2207174480.929661,1883.8125,147.75,0.7901282304,0.08828697923718644,0.043715196849448267,0.00866064049586777,0.7901282304,1.265617353646196,0.656166897929708,1.5240025108781474,storage,0.5602363087503357,0.10504557158163776,39.07026525246758,sealed_dsv4_empirical_inclusion,2500000000.0,25000000000.0,0.000222
1xL4,dsv4_flash,16,steady_state,128,10280.156862745098,1766,0.0,5779032755.749075,0.0,0.0,0.0,0.231161310229963,0.043715196849448267,0.00866064049586777,0.231161310229963,4.325983439898242,0.16795649246029754,5.953922860328757,h2d,0.7594857200637688,1.0,39.07026525246758,sealed_dsv4_empirical_inclusion,2500000000.0,25000000000.0,0.000222
1xL4,dsv4_flash,16,finite_16tok,128,10280.156862745098,1766,1975320576.0,2207174480.929661,1883.8125,147.75,0.7901282304,0.08828697923718644,0.043715196849448267,0.00866064049586777,0.7901282304,1.265617353646196,0.656166897929708,1.5240025108781474,storage,0.5602363087503357,0.10504557158163776,39.07026525246758,sealed_dsv4_empirical_inclusion,2500000000.0,25000000000.0,0.000222
1xL4,dsv4_flash,16,steady_state,256,20560.313725490196,1766,0.0,5779032755.749075,0.0,0.0,0.0,0.231161310229963,0.043715196849448267,0.00866064049586777,0.231161310229963,4.325983439898242,0.16795649246029754,5.953922860328757,h2d,0.7594857200637688,1.0,39.07026525246758,sealed_dsv4_empirical_inclusion,2500000000.0,25000000000.0,0.000222
1xL4,dsv4_flash,16,finite_16tok,256,20560.313725490196,1766,1975320576.0,2207174480.929661,1883.8125,147.75,0.7901282304,0.08828697923718644,0.043715196849448267,0.00866064049586777,0.7901282304,1.265617353646196,0.656166897929708,1.5240025108781474,storage,0.5602363087503357,0.10504557158163776,39.07026525246758,sealed_dsv4_empirical_inclusion,2500000000.0,25000000000.0,0.000222
2xL4,dsv4_flash,1,steady_state,2,80.31372549019608,1766,0.0,0.0,0.0,0.0,0.0,0.0,0.12357895244002147,0.00644512781087834,0.12357895244002147,8.091992853599773,0.13002408025089982,7.690883089273608,compute,1.0,1.0,6.927989130434782,sealed_dsv4_empirical_inclusion,5000000000.0,50000000000.0,0.000222
2xL4,dsv4_flash,1,finite_16tok,2,80.31372549019608,1766,1975320576.0,1975320576.0,1883.8125,147.75,0.3950641152,0.03950641152,0.12357895244002147,0.00644512781087834,0.3950641152,2.531234707292392,0.42960107149379917,2.327740935381801,storage,0.6064315370585075,0.0,6.927989130434782,sealed_dsv4_empirical_inclusion,5000000000.0,50000000000.0,0.000222
2xL4,dsv4_flash,1,steady_state,4,160.62745098039215,1766,0.0,0.0,0.0,0.0,0.0,0.0,0.12357895244002147,0.00644512781087834,0.12357895244002147,8.091992853599773,0.13002408025089982,7.690883089273608,compute,1.0,1.0,6.927989130434782,sealed_dsv4_empirical_inclusion,5000000000.0,50000000000.0,0.000222
2xL4,dsv4_flash,1,finite_16tok,4,160.62745098039215,1766,1975320576.0,1975320576.0,1883.8125,147.75,0.3950641152,0.03950641152,0.12357895244002147,0.00644512781087834,0.3950641152,2.531234707292392,0.42960107149379917,2.327740935381801,storage,0.6064315370585075,0.0,6.927989130434782,sealed_dsv4_empirical_inclusion,5000000000.0,50000000000.0,0.000222
2xL4,dsv4_flash,1,steady_state,8,321.2549019607843,1766,0.0,0.0,0.0,0.0,0.0,0.0,0.12357895244002147,0.00644512781087834,0.12357895244002147,8.091992853599773,0.13002408025089982,7.690883089273608,compute,1.0,1.0,6.927989130434782,sealed_dsv4_empirical_inclusion,5000000000.0,50000000000.0,0.000222
2xL4,dsv4_flash,1,finite_16tok,8,321.2549019607843,1766,1975320576.0,1975320576.0,1883.8125,147.75,0.3950641152,0.03950641152,0.12357895244002147,0.00644512781087834,0.3950641152,2.531234707292392,0.42960107149379917,2.327740935381801,storage,0.6064315370585075,0.0,6.927989130434782,sealed_dsv4_empirical_inclusion,5000000000.0,50000000000.0,0.000222
2xL4,dsv4_flash,1,steady_state,16,642.5098039215686,1766,0.0,0.0,0.0,0.0,0.0,0.0,0.12357895244002147,0.00644512781087834,0.12357895244002147,8.091992853599773,0.13002408025089982,7.690883089273608,compute,1.0,1.0,6.927989130434782,sealed_dsv4_empirical_inclusion,5000000000.0,50000000000.0,0.000222
2xL4,dsv4_flash,1,finite_16tok,16,642.5098039215686,1766,1975320576.0,1975320576.0,1883.8125,147.75,0.3950641152,0.03950641152,0.12357895244002147,0.00644512781087834,0.3950641152,2.531234707292392,0.42960107149379917,2.327740935381801,storage,0.6064315370585075,0.0,6.927989130434782,sealed_dsv4_empirical_inclusion,5000000000.0,50000000000.0,0.000222
2xL4,dsv4_flash,1,steady_state,32,1285.0196078431372,1766,0.0,0.0,0.0,0.0,0.0,0.0,0.12357895244002147,0.00644512781087834,0.12357895244002147,8.091992853599773,0.13002408025089982,7.690883089273608,compute,1.0,1.0,6.927989130434782,sealed_dsv4_empirical_inclusion,5000000000.0,50000000000.0,0.000222
2xL4,dsv4_flash,1,finite_16tok,32,1285.0196078431372,1766,1975320576.0,1975320576.0,1883.8125,147.75,0.3950641152,0.03950641152,0.12357895244002147,0.00644512781087834,0.3950641152,2.531234707292392,0.42960107149379917,2.327740935381801,storage,0.6064315370585075,0.0,6.927989130434782,sealed_dsv4_empirical_inclusion,5000000000.0,50000000000.0,0.000222
2xL4,dsv4_flash,1,steady_state,64,2570.0392156862745,1766,0.0,0.0,0.0,0.0,0.0,0.0,0.12357895244002147,0.00644512781087834,0.12357895244002147,8.091992853599773,0.13002408025089982,7.690883089273608,compute,1.0,1.0,6.927989130434782,sealed_dsv4_empirical_inclusion,5000000000.0,50000000000.0,0.000222
2xL4,dsv4_flash,1,finite_16tok,64,2570.0392156862745,1766,1975320576.0,1975320576.0,1883.8125,147.75,0.3950641152,0.03950641152,0.12357895244002147,0.00644512781087834,0.3950641152,2.531234707292392,0.42960107149379917,2.327740935381801,storage,0.6064315370585075,0.0,6.927989130434782,sealed_dsv4_empirical_inclusion,5000000000.0,50000000000.0,0.000222
2xL4,dsv4_flash,1,steady_state,128,5140.078431372549,1766,0.0,0.0,0.0,0.0,0.0,0.0,0.12357895244002147,0.00644512781087834,0.12357895244002147,8.091992853599773,0.13002408025089982,7.690883089273608,compute,1.0,1.0,6.927989130434782,sealed_dsv4_empirical_inclusion,5000000000.0,50000000000.0,0.000222
2xL4,dsv4_flash,1,finite_16tok,128,5140.078431372549,1766,1975320576.0,1975320576.0,1883.8125,147.75,0.3950641152,0.03950641152,0.12357895244002147,0.00644512781087834,0.3950641152,2.531234707292392,0.42960107149379917,2.327740935381801,storage,0.6064315370585075,0.0,6.927989130434782,sealed_dsv4_empirical_inclusion,5000000000.0,50000000000.0,0.000222
2xL4,dsv4_flash,1,steady_state,256,10280.156862745098,1766,0.0,0.0,0.0,0.0,0.0,0.0,0.12357895244002147,0.00644512781087834,0.12357895244002147,8.091992853599773,0.13002408025089982,7.690883089273608,compute,1.0,1.0,6.927989130434782,sealed_dsv4_empirical_inclusion,5000000000.0,50000000000.0,0.000222
2xL4,dsv4_flash,1,finite_16tok,256,10280.156862745098,1766,1975320576.0,1975320576.0,1883.8125,147.75,0.3950641152,0.03950641152,0.12357895244002147,0.00644512781087834,0.3950641152,2.531234707292392,0.42960107149379917,2.327740935381801,storage,0.6064315370585075,0.0,6.927989130434782,sealed_dsv4_empirical_inclusion,5000000000.0,50000000000.0,0.000222
2xL4,dsv4_flash,4,steady_state,2,80.31372549019608,1766,0.0,0.0,0.0,0.0,0.0,0.0,0.08519113370067816,0.0047532817605227765,0.08519113370067816,11.738310743856665,0.08994441546120094,11.117977640661493,compute,1.0,1.0,19.097012395444125,sealed_dsv4_empirical_inclusion,5000000000.0,50000000000.0,0.000222
2xL4,dsv4_flash,4,finite_16tok,2,80.31372549019608,1766,1975320576.0,1975320576.0,1883.8125,147.75,0.3950641152,0.03950641152,0.08519113370067816,0.0047532817605227765,0.3950641152,2.531234707292392,0.38952140670410024,2.5672530001917186,storage,0.6064315370585075,0.0,19.097012395444125,sealed_dsv4_empirical_inclusion,5000000000.0,50000000000.0,0.000222
2xL4,dsv4_flash,4,steady_state,4,160.62745098039215,1766,0.0,0.0,0.0,0.0,0.0,0.0,0.08519113370067816,0.0047532817605227765,0.08519113370067816,11.738310743856665,0.08994441546120094,11.117977640661493,compute,1.0,1.0,19.097012395444125,sealed_dsv4_empirical_inclusion,5000000000.0,50000000000.0,0.000222
2xL4,dsv4_flash,4,finite_16tok,4,160.62745098039215,1766,1975320576.0,1975320576.0,1883.8125,147.75,0.3950641152,0.03950641152,0.08519113370067816,0.0047532817605227765,0.3950641152,2.531234707292392,0.38952140670410024,2.5672530001917186,storage,0.6064315370585075,0.0,19.097012395444125,sealed_dsv4_empirical_inclusion,5000000000.0,50000000000.0,0.000222
2xL4,dsv4_flash,4,steady_state,8,321.2549019607843,1766,0.0,0.0,0.0,0.0,0.0,0.0,0.08519113370067816,0.0047532817605227765,0.08519113370067816,11.738310743856665,0.08994441546120094,11.117977640661493,compute,1.0,1.0,19.097012395444125,sealed_dsv4_empirical_inclusion,5000000000.0,50000000000.0,0.000222
2xL4,dsv4_flash,4,finite_16tok,8,321.2549019607843,1766,1975320576.0,1975320576.0,1883.8125,147.75,0.3950641152,0.03950641152,0.08519113370067816,0.0047532817605227765,0.3950641152,2.531234707292392,0.38952140670410024,2.5672530001917186,storage,0.6064315370585075,0.0,19.097012395444125,sealed_dsv4_empirical_inclusion,5000000000.0,50000000000.0,0.000222
2xL4,dsv4_flash,4,steady_state,16,642.5098039215686,1766,0.0,0.0,0.0,0.0,0.0,0.0,0.08519113370067816,0.0047532817605227765,0.08519113370067816,11.738310743856665,0.08994441546120094,11.117977640661493,compute,1.0,1.0,19.097012395444125,sealed_dsv4_empirical_inclusion,5000000000.0,50000000000.0,0.000222
2xL4,dsv4_flash,4,finite_16tok,16,642.5098039215686,1766,1975320576.0,1975320576.0,1883.8125,147.75,0.3950641152,0.03950641152,0.08519113370067816,0.0047532817605227765,0.3950641152,2.531234707292392,0.38952140670410024,2.5672530001917186,storage,0.6064315370585075,0.0,19.097012395444125,sealed_dsv4_empirical_inclusion,5000000000.0,50000000000.0,0.000222
2xL4,dsv4_flash,4,steady_state,32,1285.0196078431372,1766,0.0,0.0,0.0,0.0,0.0,0.0,0.08519113370067816,0.0047532817605227765,0.08519113370067816,11.738310743856665,0.08994441546120094,11.117977640661493,compute,1.0,1.0,19.097012395444125,sealed_dsv4_empirical_inclusion,5000000000.0,50000000000.0,0.000222
2xL4,dsv4_flash,4,finite_16tok,32,1285.0196078431372,1766,1975320576.0,1975320576.0,1883.8125,147.75,0.3950641152,0.03950641152,0.08519113370067816,0.0047532817605227765,0.3950641152,2.531234707292392,0.38952140670410024,2.5672530001917186,storage,0.6064315370585075,0.0,19.097012395444125,sealed_dsv4_empirical_inclusion,5000000000.0,50000000000.0,0.000222
2xL4,dsv4_flash,4,steady_state,64,2570.0392156862745,1766,0.0,0.0,0.0,0.0,0.0,0.0,0.08519113370067816,0.0047532817605227765,0.08519113370067816,11.738310743856665,0.08994441546120094,11.117977640661493,compute,1.0,1.0,19.097012395444125,sealed_dsv4_empirical_inclusion,5000000000.0,50000000000.0,0.000222
2xL4,dsv4_flash,4,finite_16tok,64,2570.0392156862745,1766,1975320576.0,1975320576.0,1883.8125,147.75,0.3950641152,0.03950641152,0.08519113370067816,0.0047532817605227765,0.3950641152,2.531234707292392,0.38952140670410024,2.5672530001917186,storage,0.6064315370585075,0.0,19.097012395444125,sealed_dsv4_empirical_inclusion,5000000000.0,50000000000.0,0.000222
2xL4,dsv4_flash,4,steady_state,128,5140.078431372549,1766,0.0,0.0,0.0,0.0,0.0,0.0,0.08519113370067816,0.0047532817605227765,0.08519113370067816,11.738310743856665,0.08994441546120094,11.117977640661493,compute,1.0,1.0,19.097012395444125,sealed_dsv4_empirical_inclusion,5000000000.0,50000000000.0,0.000222
2xL4,dsv4_flash,4,finite_16tok,128,5140.078431372549,1766,1975320576.0,1975320576.0,1883.8125,147.75,0.3950641152,0.03950641152,0.08519113370067816,0.0047532817605227765,0.3950641152,2.531234707292392,0.38952140670410024,2.5672530001917186,storage,0.6064315370585075,0.0,19.097012395444125,sealed_dsv4_empirical_inclusion,5000000000.0,50000000000.0,0.000222
2xL4,dsv4_flash,4,steady_state,256,10280.156862745098,1766,0.0,0.0,0.0,0.0,0.0,0.0,0.08519113370067816,0.0047532817605227765,0.08519113370067816,11.738310743856665,0.08994441546120094,11.117977640661493,compute,1.0,1.0,19.097012395444125,sealed_dsv4_empirical_inclusion,5000000000.0,50000000000.0,0.000222
2xL4,dsv4_flash,4,finite_16tok,256,10280.156862745098,1766,1975320576.0,1975320576.0,1883.8125,147.75,0.3950641152,0.03950641152,0.08519113370067816,0.0047532817605227765,0.3950641152,2.531234707292392,0.38952140670410024,2.5672530001917186,storage,0.6064315370585075,0.0,19.097012395444125,sealed_dsv4_empirical_inclusion,5000000000.0,50000000000.0,0.000222
2xL4,dsv4_flash,8,steady_state,2,80.31372549019608,1766,0.0,0.0,0.0,0.0,0.0,0.0,0.06389225401366554,0.004471307418796849,0.06389225401366554,15.651349532701037,0.06836356143246239,14.627675607390909,compute,1.0,1.0,28.634291287810218,sealed_dsv4_empirical_inclusion,5000000000.0,50000000000.0,0.000222
2xL4,dsv4_flash,8,finite_16tok,2,80.31372549019608,1766,1975320576.0,1975320576.0,1883.8125,147.75,0.3950641152,0.03950641152,0.06389225401366554,0.004471307418796849,0.3950641152,2.531234707292392,0.3679405526753617,2.717830347127602,storage,0.6064315370585075,0.0,28.634291287810218,sealed_dsv4_empirical_inclusion,5000000000.0,50000000000.0,0.000222
2xL4,dsv4_flash,8,steady_state,4,160.62745098039215,1766,0.0,0.0,0.0,0.0,0.0,0.0,0.06389225401366554,0.004471307418796849,0.06389225401366554,15.651349532701037,0.06836356143246239,14.627675607390909,compute,1.0,1.0,28.634291287810218,sealed_dsv4_empirical_inclusion,5000000000.0,50000000000.0,0.000222
2xL4,dsv4_flash,8,finite_16tok,4,160.62745098039215,1766,1975320576.0,1975320576.0,1883.8125,147.75,0.3950641152,0.03950641152,0.06389225401366554,0.004471307418796849,0.3950641152,2.531234707292392,0.3679405526753617,2.717830347127602,storage,0.6064315370585075,0.0,28.634291287810218,sealed_dsv4_empirical_inclusion,5000000000.0,50000000000.0,0.000222
2xL4,dsv4_flash,8,steady_state,8,321.2549019607843,1766,0.0,0.0,0.0,0.0,0.0,0.0,0.06389225401366554,0.004471307418796849,0.06389225401366554,15.651349532701037,0.06836356143246239,14.627675607390909,compute,1.0,1.0,28.634291287810218,sealed_dsv4_empirical_inclusion,5000000000.0,50000000000.0,0.000222
2xL4,dsv4_flash,8,finite_16tok,8,321.2549019607843,1766,1975320576.0,1975320576.0,1883.8125,147.75,0.3950641152,0.03950641152,0.06389225401366554,0.004471307418796849,0.3950641152,2.531234707292392,0.3679405526753617,2.717830347127602,storage,0.6064315370585075,0.0,28.634291287810218,sealed_dsv4_empirical_inclusion,5000000000.0,50000000000.0,0.000222
2xL4,dsv4_flash,8,steady_state,16,642.5098039215686,1766,0.0,0.0,0.0,0.0,0.0,0.0,0.06389225401366554,0.004471307418796849,0.06389225401366554,15.651349532701037,0.06836356143246239,14.627675607390909,compute,1.0,1.0,28.634291287810218,sealed_dsv4_empirical_inclusion,5000000000.0,50000000000.0,0.000222
2xL4,dsv4_flash,8,finite_16tok,16,642.5098039215686,1766,1975320576.0,1975320576.0,1883.8125,147.75,0.3950641152,0.03950641152,0.06389225401366554,0.004471307418796849,0.3950641152,2.531234707292392,0.3679405526753617,2.717830347127602,storage,0.6064315370585075,0.0,28.634291287810218,sealed_dsv4_empirical_inclusion,5000000000.0,50000000000.0,0.000222
2xL4,dsv4_flash,8,steady_state,32,1285.0196078431372,1766,0.0,0.0,0.0,0.0,0.0,0.0,0.06389225401366554,0.004471307418796849,0.06389225401366554,15.651349532701037,0.06836356143246239,14.627675607390909,compute,1.0,1.0,28.634291287810218,sealed_dsv4_empirical_inclusion,5000000000.0,50000000000.0,0.000222
2xL4,dsv4_flash,8,finite_16tok,32,1285.0196078431372,1766,1975320576.0,1975320576.0,1883.8125,147.75,0.3950641152,0.03950641152,0.06389225401366554,0.004471307418796849,0.3950641152,2.531234707292392,0.3679405526753617,2.717830347127602,storage,0.6064315370585075,0.0,28.634291287810218,sealed_dsv4_empirical_inclusion,5000000000.0,50000000000.0,0.000222
2xL4,dsv4_flash,8,steady_state,64,2570.0392156862745,1766,0.0,0.0,0.0,0.0,0.0,0.0,0.06389225401366554,0.004471307418796849,0.06389225401366554,15.651349532701037,0.06836356143246239,14.627675607390909,compute,1.0,1.0,28.634291287810218,sealed_dsv4_empirical_inclusion,5000000000.0,50000000000.0,0.000222
2xL4,dsv4_flash,8,finite_16tok,64,2570.0392156862745,1766,1975320576.0,1975320576.0,1883.8125,147.75,0.3950641152,0.03950641152,0.06389225401366554,0.004471307418796849,0.3950641152,2.531234707292392,0.3679405526753617,2.717830347127602,storage,0.6064315370585075,0.0,28.634291287810218,sealed_dsv4_empirical_inclusion,5000000000.0,50000000000.0,0.000222
2xL4,dsv4_flash,8,steady_state,128,5140.078431372549,1766,0.0,0.0,0.0,0.0,0.0,0.0,0.06389225401366554,0.004471307418796849,0.06389225401366554,15.651349532701037,0.06836356143246239,14.627675607390909,compute,1.0,1.0,28.634291287810218,sealed_dsv4_empirical_inclusion,5000000000.0,50000000000.0,0.000222
2xL4,dsv4_flash,8,finite_16tok,128,5140.078431372549,1766,1975320576.0,1975320576.0,1883.8125,147.75,0.3950641152,0.03950641152,0.06389225401366554,0.004471307418796849,0.3950641152,2.531234707292392,0.3679405526753617,2.717830347127602,storage,0.6064315370585075,0.0,28.634291287810218,sealed_dsv4_empirical_inclusion,5000000000.0,50000000000.0,0.000222
2xL4,dsv4_flash,8,steady_state,256,10280.156862745098,1766,0.0,0.0,0.0,0.0,0.0,0.0,0.06389225401366554,0.004471307418796849,0.06389225401366554,15.651349532701037,0.06836356143246239,14.627675607390909,compute,1.0,1.0,28.634291287810218,sealed_dsv4_empirical_inclusion,5000000000.0,50000000000.0,0.000222
2xL4,dsv4_flash,8,finite_16tok,256,10280.156862745098,1766,1975320576.0,1975320576.0,1883.8125,147.75,0.3950641152,0.03950641152,0.06389225401366554,0.004471307418796849,0.3950641152,2.531234707292392,0.3679405526753617,2.717830347127602,storage,0.6064315370585075,0.0,28.634291287810218,sealed_dsv4_empirical_inclusion,5000000000.0,50000000000.0,0.000222
2xL4,dsv4_flash,16,steady_state,2,80.31372549019608,1766,0.0,0.0,0.0,0.0,0.0,0.0,0.04361952512184496,0.004330320247933885,0.04361952512184496,22.9255132238749,0.047949845369778844,20.855124605475076,compute,1.0,1.0,39.07026525246758,sealed_dsv4_empirical_inclusion,5000000000.0,50000000000.0,0.000222
2xL4,dsv4_flash,16,finite_16tok,2,80.31372549019608,1766,1975320576.0,1975320576.0,1883.8125,147.75,0.3950641152,0.03950641152,0.04361952512184496,0.004330320247933885,0.3950641152,2.531234707292392,0.3475268366126782,2.877475621010843,storage,0.6064315370585075,0.0,39.07026525246758,sealed_dsv4_empirical_inclusion,5000000000.0,50000000000.0,0.000222
2xL4,dsv4_flash,16,steady_state,4,160.62745098039215,1766,0.0,0.0,0.0,0.0,0.0,0.0,0.04361952512184496,0.004330320247933885,0.04361952512184496,22.9255132238749,0.047949845369778844,20.855124605475076,compute,1.0,1.0,39.07026525246758,sealed_dsv4_empirical_inclusion,5000000000.0,50000000000.0,0.000222
2xL4,dsv4_flash,16,finite_16tok,4,160.62745098039215,1766,1975320576.0,1975320576.0,1883.8125,147.75,0.3950641152,0.03950641152,0.04361952512184496,0.004330320247933885,0.3950641152,2.531234707292392,0.3475268366126782,2.877475621010843,storage,0.6064315370585075,0.0,39.07026525246758,sealed_dsv4_empirical_inclusion,5000000000.0,50000000000.0,0.000222
2xL4,dsv4_flash,16,steady_state,8,321.2549019607843,1766,0.0,0.0,0.0,0.0,0.0,0.0,0.04361952512184496,0.004330320247933885,0.04361952512184496,22.9255132238749,0.047949845369778844,20.855124605475076,compute,1.0,1.0,39.07026525246758,sealed_dsv4_empirical_inclusion,5000000000.0,50000000000.0,0.000222
2xL4,dsv4_flash,16,finite_16tok,8,321.2549019607843,1766,1975320576.0,1975320576.0,1883.8125,147.75,0.3950641152,0.03950641152,0.04361952512184496,0.004330320247933885,0.3950641152,2.531234707292392,0.3475268366126782,2.877475621010843,storage,0.6064315370585075,0.0,39.07026525246758,sealed_dsv4_empirical_inclusion,5000000000.0,50000000000.0,0.000222
2xL4,dsv4_flash,16,steady_state,16,642.5098039215686,1766,0.0,0.0,0.0,0.0,0.0,0.0,0.04361952512184496,0.004330320247933885,0.04361952512184496,22.9255132238749,0.047949845369778844,20.855124605475076,compute,1.0,1.0,39.07026525246758,sealed_dsv4_empirical_inclusion,5000000000.0,50000000000.0,0.000222
2xL4,dsv4_flash,16,finite_16tok,16,642.5098039215686,1766,1975320576.0,1975320576.0,1883.8125,147.75,0.3950641152,0.03950641152,0.04361952512184496,0.004330320247933885,0.3950641152,2.531234707292392,0.3475268366126782,2.877475621010843,storage,0.6064315370585075,0.0,39.07026525246758,sealed_dsv4_empirical_inclusion,5000000000.0,50000000000.0,0.000222
2xL4,dsv4_flash,16,steady_state,32,1285.0196078431372,1766,0.0,0.0,0.0,0.0,0.0,0.0,0.04361952512184496,0.004330320247933885,0.04361952512184496,22.9255132238749,0.047949845369778844,20.855124605475076,compute,1.0,1.0,39.07026525246758,sealed_dsv4_empirical_inclusion,5000000000.0,50000000000.0,0.000222
2xL4,dsv4_flash,16,finite_16tok,32,1285.0196078431372,1766,1975320576.0,1975320576.0,1883.8125,147.75,0.3950641152,0.03950641152,0.04361952512184496,0.004330320247933885,0.3950641152,2.531234707292392,0.3475268366126782,2.877475621010843,storage,0.6064315370585075,0.0,39.07026525246758,sealed_dsv4_empirical_inclusion,5000000000.0,50000000000.0,0.000222
2xL4,dsv4_flash,16,steady_state,64,2570.0392156862745,1766,0.0,0.0,0.0,0.0,0.0,0.0,0.04361952512184496,0.004330320247933885,0.04361952512184496,22.9255132238749,0.047949845369778844,20.855124605475076,compute,1.0,1.0,39.07026525246758,sealed_dsv4_empirical_inclusion,5000000000.0,50000000000.0,0.000222
2xL4,dsv4_flash,16,finite_16tok,64,2570.0392156862745,1766,1975320576.0,1975320576.0,1883.8125,147.75,0.3950641152,0.03950641152,0.04361952512184496,0.004330320247933885,0.3950641152,2.531234707292392,0.3475268366126782,2.877475621010843,storage,0.6064315370585075,0.0,39.07026525246758,sealed_dsv4_empirical_inclusion,5000000000.0,50000000000.0,0.000222
2xL4,dsv4_flash,16,steady_state,128,5140.078431372549,1766,0.0,0.0,0.0,0.0,0.0,0.0,0.04361952512184496,0.004330320247933885,0.04361952512184496,22.9255132238749,0.047949845369778844,20.855124605475076,compute,1.0,1.0,39.07026525246758,sealed_dsv4_empirical_inclusion,5000000000.0,50000000000.0,0.000222
2xL4,dsv4_flash,16,finite_16tok,128,5140.078431372549,1766,1975320576.0,1975320576.0,1883.8125,147.75,0.3950641152,0.03950641152,0.04361952512184496,0.004330320247933885,0.3950641152,2.531234707292392,0.3475268366126782,2.877475621010843,storage,0.6064315370585075,0.0,39.07026525246758,sealed_dsv4_empirical_inclusion,5000000000.0,50000000000.0,0.000222
2xL4,dsv4_flash,16,steady_state,256,10280.156862745098,1766,0.0,0.0,0.0,0.0,0.0,0.0,0.04361952512184496,0.004330320247933885,0.04361952512184496,22.9255132238749,0.047949845369778844,20.855124605475076,compute,1.0,1.0,39.07026525246758,sealed_dsv4_empirical_inclusion,5000000000.0,50000000000.0,0.000222
2xL4,dsv4_flash,16,finite_16tok,256,10280.156862745098,1766,1975320576.0,1975320576.0,1883.8125,147.75,0.3950641152,0.03950641152,0.04361952512184496,0.004330320247933885,0.3950641152,2.531234707292392,0.3475268366126782,2.877475621010843,storage,0.6064315370585075,0.0,39.07026525246758,sealed_dsv4_empirical_inclusion,5000000000.0,50000000000.0,0.000222
1xA10,dsv4_flash,1,steady_state,2,160.62745098039215,1766,523936149.3208935,569305703.1389723,499.66444904412606,39.189368552480474,0.1746453831069645,0.02277222812555889,0.12366850117705817,0.012477767441860464,0.1746453831069645,5.725888553192003,0.27123365125518456,3.68685815853716,storage,0.8663803262265831,0.07969277941170361,6.927989130434782,sealed_dsv4_empirical_inclusion,3000000000.0,25000000000.0,0.000306
1xA10,dsv4_flash,1,finite_16tok,2,160.62745098039215,1766,2195085635.084358,2207174480.929661,2093.3967924922545,164.1879837248827,0.7316952116947861,0.08828697923718644,0.12366850117705817,0.012477767441860464,0.7316952116947861,1.3666892771974741,0.6985492408850172,1.4315383103602888,storage,0.5602363087503357,0.005477068509876265,6.927989130434782,sealed_dsv4_empirical_inclusion,3000000000.0,25000000000.0,0.000306
1xA10,dsv4_flash,1,steady_state,4,321.2549019607843,1766,478419752.36820626,569305703.1389723,456.2566302949965,35.78483374862718,0.15947325078940208,0.02277222812555889,0.12366850117705817,0.012477767441860464,0.15947325078940208,6.270644105202224,0.2604872348240226,3.8389597120779073,storage,0.8663803262265831,0.159643492537752,6.927989130434782,sealed_dsv4_empirical_inclusion,3000000000.0,25000000000.0,0.000306
1xA10,dsv4_flash,1,finite_16tok,4,321.2549019607843,1766,2182019587.949608,2207174480.929661,2080.9360389228896,163.21066971944234,0.7273398626498694,0.08828697923718644,0.12366850117705817,0.012477767441860464,0.7273398626498694,1.3748730838933616,0.6954643485600565,1.4378882283045535,storage,0.5602363087503357,0.011396875597011032,6.927989130434782,sealed_dsv4_empirical_inclusion,3000000000.0,25000000000.0,0.000306
1xA10,dsv4_flash,1,steady_state,8,642.5098039215686,1766,388198555.31461096,569305703.1389723,370.21499186955543,29.036469950553368,0.12939951843820366,0.02277222812555889,0.12366850117705817,0.012477767441860464,0.12939951843820366,7.728004030227998,0.239186019891222,4.18084635738654,storage,0.8663803262265831,0.3181193282023941,6.927989130434782,sealed_dsv4_empirical_inclusion,3000000000.0,25000000000.0,0.000306
1xA10,dsv4_flash,1,finite_16tok,8,642.5098039215686,1766,2153066161.041323,2207174480.929661,2053.323899308513,161.0450117104716,0.7176887203471078,0.08828697923718644,0.12366850117705817,0.012477767441860464,0.7176887203471078,1.3933617342019158,0.6886284475771851,1.4521619075109655,storage,0.5602363087503357,0.024514745144002776,6.927989130434782,sealed_dsv4_empirical_inclusion,3000000000.0,25000000000.0,0.000306
1xA10,dsv4_flash,1,steady_state,16,1285.0196078431372,1766,210559509.53558815,569305703.1389723,200.8051963191873,15.7494271622892,0.07018650317852938,0.02277222812555889,0.12366850117705817,0.012477767441860464,0.12366850117705817,8.086133417015251,0.1972454602647659,5.069825174468823,compute,0.8663803262265831,0.6301468466333127,6.927989130434782,sealed_dsv4_empirical_inclusion,3000000000.0,25000000000.0,0.000306
1xA10,dsv4_flash,1,finite_16tok,16,1285.0196078431372,1766,2086971526.2843347,2207174480.929661,1990.291143688521,156.10126617164872,0.6956571754281116,0.08828697923718644,0.12366850117705817,0.012477767441860464,0.6956571754281116,1.43748966491231,0.67302351141094,1.485832193148171,storage,0.5602363087503357,0.054460105299285924,6.927989130434782,sealed_dsv4_empirical_inclusion,3000000000.0,25000000000.0,0.000306
1xA10,dsv4_flash,1,steady_state,32,2570.0392156862745,1766,0.035009923619653764,569305703.1389723,3.338806497540833e-08,2.6186717627771237e-09,1.1669974539884588e-11,0.02277222812555889,0.12366850117705817,0.012477767441860464,0.12366850117705817,8.086133417015251,0.1475323826899639,6.778172912054693,compute,0.8663803262265831,0.9999999999385042,6.927989130434782,sealed_dsv4_empirical_inclusion,3000000000.0,25000000000.0,0.000306
1xA10,dsv4_flash,1,finite_16tok,32,2570.0392156862745,1766,1975320576.0,2207174480.929661,1883.8125,147.75,0.658440192,0.08828697923718644,0.12366850117705817,0.012477767441860464,0.658440192,1.5187408243754354,0.6466627340423442,1.5464011568270128,storage,0.5602363087503357,0.10504557158163776,6.927989130434782,sealed_dsv4_empirical_inclusion,3000000000.0,25000000000.0,0.000306
1xA10,dsv4_flash,1,steady_state,64,5140.078431372549,1766,0.035009923619653764,569305703.1389723,3.338806497540833e-08,2.6186717627771237e-09,1.1669974539884588e-11,0.02277222812555889,0.12366850117705817,0.012477767441860464,0.12366850117705817,8.086133417015251,0.1475323826899639,6.778172912054693,compute,0.8663803262265831,0.9999999999385042,6.927989130434782,sealed_dsv4_empirical_inclusion,3000000000.0,25000000000.0,0.000306
1xA10,dsv4_flash,1,finite_16tok,64,5140.078431372549,1766,1975320576.0,2207174480.929661,1883.8125,147.75,0.658440192,0.08828697923718644,0.12366850117705817,0.012477767441860464,0.658440192,1.5187408243754354,0.6466627340423442,1.5464011568270128,storage,0.5602363087503357,0.10504557158163776,6.927989130434782,sealed_dsv4_empirical_inclusion,3000000000.0,25000000000.0,0.000306
1xA10,dsv4_flash,1,steady_state,128,10280.156862745098,1766,0.035009923619653764,569305703.1389723,3.338806497540833e-08,2.6186717627771237e-09,1.1669974539884588e-11,0.02277222812555889,0.12366850117705817,0.012477767441860464,0.12366850117705817,8.086133417015251,0.1475323826899639,6.778172912054693,compute,0.8663803262265831,0.9999999999385042,6.927989130434782,sealed_dsv4_empirical_inclusion,3000000000.0,25000000000.0,0.000306
1xA10,dsv4_flash,1,finite_16tok,128,10280.156862745098,1766,1975320576.0,2207174480.929661,1883.8125,147.75,0.658440192,0.08828697923718644,0.12366850117705817,0.012477767441860464,0.658440192,1.5187408243754354,0.6466627340423442,1.5464011568270128,storage,0.5602363087503357,0.10504557158163776,6.927989130434782,sealed_dsv4_empirical_inclusion,3000000000.0,25000000000.0,0.000306
1xA10,dsv4_flash,1,steady_state,256,20560.313725490196,1766,0.035009923619653764,569305703.1389723,3.338806497540833e-08,2.6186717627771237e-09,1.1669974539884588e-11,0.02277222812555889,0.12366850117705817,0.012477767441860464,0.12366850117705817,8.086133417015251,0.1475323826899639,6.778172912054693,compute,0.8663803262265831,0.9999999999385042,6.927989130434782,sealed_dsv4_empirical_inclusion,3000000000.0,25000000000.0,0.000306
1xA10,dsv4_flash,1,finite_16tok,256,20560.313725490196,1766,1975320576.0,2207174480.929661,1883.8125,147.75,0.658440192,0.08828697923718644,0.12366850117705817,0.012477767441860464,0.658440192,1.5187408243754354,0.6466627340423442,1.5464011568270128,storage,0.5602363087503357,0.10504557158163776,6.927989130434782,sealed_dsv4_empirical_inclusion,3000000000.0,25000000000.0,0.000306
1xA10,dsv4_flash,4,steady_state,2,160.62745098039215,1766,1948043071.494077,2105667576.261622,1857.7986445370454,145.70969761074866,0.6493476904980257,0.08422670305046488,0.08528068243771486,0.009202353488372093,0.6493476904980257,1.5400070172468574,0.5965291473724504,1.6763640207770727,storage,0.8207098419520666,0.07485725978047764,19.097012395444125,sealed_dsv4_empirical_inclusion,3000000000.0,25000000000.0,0.000306
1xA10,dsv4_flash,4,finite_16tok,2,160.62745098039215,1766,2195085635.084358,2207174480.929661,2093.3967924922545,164.1879837248827,0.7316952116947861,0.08828697923718644,0.08528068243771486,0.009202353488372093,0.7316952116947861,1.3666892771974741,0.6568860081921856,1.5223341455423867,storage,0.5602363087503357,0.005477068509876265,19.097012395444125,sealed_dsv4_empirical_inclusion,3000000000.0,25000000000.0,0.000306
1xA10,dsv4_flash,4,steady_state,4,321.2549019607843,1766,1789934673.885841,2105667576.261622,1707.0147265299233,133.88350796313125,0.5966448912952803,0.08422670305046488,0.08528068243771486,0.009202353488372093,0.5966448912952803,1.6760388207281218,0.5591997716811364,1.7882696857934592,storage,0.8207098419520666,0.14994432451504502,19.097012395444125,sealed_dsv4_empirical_inclusion,3000000000.0,25000000000.0,0.000306
1xA10,dsv4_flash,4,finite_16tok,4,321.2549019607843,1766,2182019587.949608,2207174480.929661,2080.9360389228896,163.21066971944234,0.7273398626498694,0.08828697923718644,0.08528068243771486,0.009202353488372093,0.7273398626498694,1.3748730838933616,0.6538011158672248,1.529517120315044,storage,0.5602363087503357,0.011396875597011032,19.097012395444125,sealed_dsv4_empirical_inclusion,3000000000.0,25000000000.0,0.000306
1xA10,dsv4_flash,4,steady_state,8,642.5098039215686,1766,1476625040.1252434,2105667576.261622,1408.219375729793,110.44857848861122,0.4922083467084145,0.08422670305046488,0.08528068243771486,0.009202353488372093,0.4922083467084145,2.0316599803464985,0.4852274008059535,2.060889385758139,storage,0.8207098419520666,0.2987378175111446,19.097012395444125,sealed_dsv4_empirical_inclusion,3000000000.0,25000000000.0,0.000306
1xA10,dsv4_flash,4,finite_16tok,8,642.5098039215686,1766,2153066161.041323,2207174480.929661,2053.323899308513,161.0450117104716,0.7176887203471078,0.08828697923718644,0.08528068243771486,0.009202353488372093,0.7176887203471078,1.3933617342019158,0.6469652148843534,1.545678155476647,storage,0.5602363087503357,0.024514745144002776,19.097012395444125,sealed_dsv4_empirical_inclusion,3000000000.0,25000000000.0,0.000306
1xA10,dsv4_flash,4,steady_state,16,1285.0196078431372,1766,859460831.0014112,2105667576.261622,819.6457204832184,64.28593886142889,0.28648694366713706,0.08422670305046488,0.08528068243771486,0.009202353488372093,0.28648694366713706,3.490560467432255,0.3395149973275434,2.945377988811672,storage,0.8207098419520666,0.5918345133436076,19.097012395444125,sealed_dsv4_empirical_inclusion,3000000000.0,25000000000.0,0.000306
1xA10,dsv4_flash,4,finite_16tok,16,1285.0196078431372,1766,2086971526.2843347,2207174480.929661,1990.291143688521,156.10126617164872,0.6956571754281116,0.08828697923718644,0.08528068243771486,0.009202353488372093,0.6956571754281116,1.43748966491231,0.6313602787181083,1.583881713354481,storage,0.5602363087503357,0.054460105299285924,19.097012395444125,sealed_dsv4_empirical_inclusion,3000000000.0,25000000000.0,0.000306
1xA10,dsv4_flash,4,steady_state,32,2570.0392156862745,1766,0.0,2105667576.261622,0.0,0.0,0.0,0.08422670305046488,0.08528068243771486,0.009202353488372093,0.08528068243771486,11.72598496418406,0.13659638745131938,7.3208378249123385,compute,0.8207098419520666,1.0,19.097012395444125,sealed_dsv4_empirical_inclusion,3000000000.0,25000000000.0,0.000306
1xA10,dsv4_flash,4,finite_16tok,32,2570.0392156862745,1766,1975320576.0,2207174480.929661,1883.8125,147.75,0.658440192,0.08828697923718644,0.08528068243771486,0.009202353488372093,0.658440192,1.5187408243754354,0.6049995013495125,1.6528939243245637,storage,0.5602363087503357,0.10504557158163776,19.097012395444125,sealed_dsv4_empirical_inclusion,3000000000.0,25000000000.0,0.000306
1xA10,dsv4_flash,4,steady_state,64,5140.078431372549,1766,0.0,2105667576.261622,0.0,0.0,0.0,0.08422670305046488,0.08528068243771486,0.009202353488372093,0.08528068243771486,11.72598496418406,0.13659638745131938,7.3208378249123385,compute,0.8207098419520666,1.0,19.097012395444125,sealed_dsv4_empirical_inclusion,3000000000.0,25000000000.0,0.000306
1xA10,dsv4_flash,4,finite_16tok,64,5140.078431372549,1766,1975320576.0,2207174480.929661,1883.8125,147.75,0.658440192,0.08828697923718644,0.08528068243771486,0.009202353488372093,0.658440192,1.5187408243754354,0.6049995013495125,1.6528939243245637,storage,0.5602363087503357,0.10504557158163776,19.097012395444125,sealed_dsv4_empirical_inclusion,3000000000.0,25000000000.0,0.000306
1xA10,dsv4_flash,4,steady_state,128,10280.156862745098,1766,0.0,2105667576.261622,0.0,0.0,0.0,0.08422670305046488,0.08528068243771486,0.009202353488372093,0.08528068243771486,11.72598496418406,0.13659638745131938,7.3208378249123385,compute,0.8207098419520666,1.0,19.097012395444125,sealed_dsv4_empirical_inclusion,3000000000.0,25000000000.0,0.000306
1xA10,dsv4_flash,4,finite_16tok,128,10280.156862745098,1766,1975320576.0,2207174480.929661,1883.8125,147.75,0.658440192,0.08828697923718644,0.08528068243771486,0.009202353488372093,0.658440192,1.5187408243754354,0.6049995013495125,1.6528939243245637,storage,0.5602363087503357,0.10504557158163776,19.097012395444125,sealed_dsv4_empirical_inclusion,3000000000.0,25000000000.0,0.000306
1xA10,dsv4_flash,4,steady_state,256,20560.313725490196,1766,0.0,2105667576.261622,0.0,0.0,0.0,0.08422670305046488,0.08528068243771486,0.009202353488372093,0.08528068243771486,11.72598496418406,0.13659638745131938,7.3208378249123385,compute,0.8207098419520666,1.0,19.097012395444125,sealed_dsv4_empirical_inclusion,3000000000.0,25000000000.0,0.000306
1xA10,dsv4_flash,4,finite_16tok,256,20560.313725490196,1766,1975320576.0,2207174480.929661,1883.8125,147.75,0.658440192,0.08828697923718644,0.08528068243771486,0.009202353488372093,0.658440192,1.5187408243754354,0.6049995013495125,1.6528939243245637,storage,0.5602363087503357,0.10504557158163776,19.097012395444125,sealed_dsv4_empirical_inclusion,3000000000.0,25000000000.0,0.000306
1xA10,dsv4_flash,8,steady_state,2,160.62745098039215,1766,3495202016.003391,3759269192.8812127,3333.2843933137806,261.4340700638259,1.165067338667797,0.15037076771524852,0.06398180275070224,0.008656451162790697,1.165067338667797,0.8583194866173622,0.9730404582952153,1.0277064961430467,storage,0.7865239996374878,0.07024428508016312,28.634291287810218,sealed_dsv4_empirical_inclusion,3000000000.0,25000000000.0,0.000306
1xA10,dsv4_flash,8,finite_16tok,2,160.62745098039215,1766,2195085635.084358,2207174480.929661,2093.3967924922545,164.1879837248827,0.7316952116947861,0.08828697923718644,0.06398180275070224,0.008656451162790697,0.7316952116947861,1.3666892771974741,0.6350412261795915,1.574700915113812,storage,0.5602363087503357,0.005477068509876265,28.634291287810218,sealed_dsv4_empirical_inclusion,3000000000.0,25000000000.0,0.000306
1xA10,dsv4_flash,8,steady_state,4,321.2549019607843,1766,3230000566.803196,3759269192.8812127,3080.368582537838,241.59753588532064,1.0766668556010655,0.15037076771524852,0.06398180275070224,0.008656451162790697,1.0766668556010655,0.9287924066741471,0.9104264246269665,1.0983863966928846,storage,0.7865239996374878,0.14079029697587842,28.634291287810218,sealed_dsv4_empirical_inclusion,3000000000.0,25000000000.0,0.000306
1xA10,dsv4_flash,8,finite_16tok,4,321.2549019607843,1766,2182019587.949608,2207174480.929661,2080.9360389228896,163.21066971944234,0.7273398626498694,0.08828697923718644,0.06398180275070224,0.008656451162790697,0.7273398626498694,1.3748730838933616,0.6319563338546308,1.5823878113547485,storage,0.5602363087503357,0.011396875597011032,28.634291287810218,sealed_dsv4_empirical_inclusion,3000000000.0,25000000000.0,0.000306
1xA10,dsv4_flash,8,steady_state,8,642.5098039215686,1766,2703195090.025907,3759269192.8812127,2577.9677295931883,202.19354741907358,0.9010650300086357,0.15037076771524852,0.06398180275070224,0.008656451162790697,0.9010650300086357,1.109797813361391,0.786047708149248,1.2721874125865762,storage,0.7865239996374878,0.2809253737016636,28.634291287810218,sealed_dsv4_empirical_inclusion,3000000000.0,25000000000.0,0.000306
1xA10,dsv4_flash,8,finite_16tok,8,642.5098039215686,1766,2153066161.041323,2207174480.929661,2053.323899308513,161.0450117104716,0.7176887203471078,0.08828697923718644,0.06398180275070224,0.008656451162790697,0.7176887203471078,1.3933617342019158,0.6251204328717594,1.5996917512455482,storage,0.5602363087503357,0.024514745144002776,28.634291287810218,sealed_dsv4_empirical_inclusion,3000000000.0,25000000000.0,0.000306
1xA10,dsv4_flash,8,steady_state,16,1285.0196078431372,1766,1657964464.8981197,3759269192.8812127,1581.1581276875684,124.012402171574,0.5526548216327066,0.15037076771524852,0.06398180275070224,0.008656451162790697,0.5526548216327066,1.8094477074237818,0.539268869835162,1.8543625562989932,storage,0.7865239996374878,0.5589662831175419,28.634291287810218,sealed_dsv4_empirical_inclusion,3000000000.0,25000000000.0,0.000306
1xA10,dsv4_flash,8,finite_16tok,16,1285.0196078431372,1766,2086971526.2843347,2207174480.929661,1990.291143688521,156.10126617164872,0.6956571754281116,0.08828697923718644,0.06398180275070224,0.008656451162790697,0.6956571754281116,1.43748966491231,0.6095154967055143,1.6406473755057736,storage,0.5602363087503357,0.054460105299285924,28.634291287810218,sealed_dsv4_empirical_inclusion,3000000000.0,25000000000.0,0.000306
1xA10,dsv4_flash,8,steady_state,32,2570.0392156862745,1766,0.0,3759269192.8812127,0.0,0.0,0.0,0.15037076771524852,0.06398180275070224,0.008656451162790697,0.15037076771524852,6.65022873257961,0.14782363777111718,6.76481796198488,h2d,0.7865239996374878,1.0,28.634291287810218,sealed_dsv4_empirical_inclusion,3000000000.0,25000000000.0,0.000306
1xA10,dsv4_flash,8,finite_16tok,32,2570.0392156862745,1766,1975320576.0,2207174480.929661,1883.8125,147.75,0.658440192,0.08828697923718644,0.06398180275070224,0.008656451162790697,0.658440192,1.5187408243754354,0.5831547193369184,1.7148107814973348,storage,0.5602363087503357,0.10504557158163776,28.634291287810218,sealed_dsv4_empirical_inclusion,3000000000.0,25000000000.0,0.000306
1xA10,dsv4_flash,8,steady_state,64,5140.078431372549,1766,0.0,3759269192.8812127,0.0,0.0,0.0,0.15037076771524852,0.06398180275070224,0.008656451162790697,0.15037076771524852,6.65022873257961,0.14782363777111718,6.76481796198488,h2d,0.7865239996374878,1.0,28.634291287810218,sealed_dsv4_empirical_inclusion,3000000000.0,25000000000.0,0.000306
1xA10,dsv4_flash,8,finite_16tok,64,5140.078431372549,1766,1975320576.0,2207174480.929661,1883.8125,147.75,0.658440192,0.08828697923718644,0.06398180275070224,0.008656451162790697,0.658440192,1.5187408243754354,0.5831547193369184,1.7148107814973348,storage,0.5602363087503357,0.10504557158163776,28.634291287810218,sealed_dsv4_empirical_inclusion,3000000000.0,25000000000.0,0.000306
1xA10,dsv4_flash,8,steady_state,128,10280.156862745098,1766,0.0,3759269192.8812127,0.0,0.0,0.0,0.15037076771524852,0.06398180275070224,0.008656451162790697,0.15037076771524852,6.65022873257961,0.14782363777111718,6.76481796198488,h2d,0.7865239996374878,1.0,28.634291287810218,sealed_dsv4_empirical_inclusion,3000000000.0,25000000000.0,0.000306
1xA10,dsv4_flash,8,finite_16tok,128,10280.156862745098,1766,1975320576.0,2207174480.929661,1883.8125,147.75,0.658440192,0.08828697923718644,0.06398180275070224,0.008656451162790697,0.658440192,1.5187408243754354,0.5831547193369184,1.7148107814973348,storage,0.5602363087503357,0.10504557158163776,28.634291287810218,sealed_dsv4_empirical_inclusion,3000000000.0,25000000000.0,0.000306
1xA10,dsv4_flash,8,steady_state,256,20560.313725490196,1766,0.0,3759269192.8812127,0.0,0.0,0.0,0.15037076771524852,0.06398180275070224,0.008656451162790697,0.15037076771524852,6.65022873257961,0.14782363777111718,6.76481796198488,h2d,0.7865239996374878,1.0,28.634291287810218,sealed_dsv4_empirical_inclusion,3000000000.0,25000000000.0,0.000306
1xA10,dsv4_flash,8,finite_16tok,256,20560.313725490196,1766,1975320576.0,2207174480.929661,1883.8125,147.75,0.658440192,0.08828697923718644,0.06398180275070224,0.008656451162790697,0.658440192,1.5187408243754354,0.5831547193369184,1.7148107814973348,storage,0.5602363087503357,0.10504557158163776,28.634291287810218,sealed_dsv4_empirical_inclusion,3000000000.0,25000000000.0,0.000306
1xA10,dsv4_flash,16,steady_state,2,160.62745098039215,1766,5385164718.016932,5779032755.749075,5135.693281189853,402.7994730344983,1.795054906005644,0.231161310229963,0.043709073858881654,0.008383499999999999,1.795054906005644,0.5570860237502149,1.439110040423726,0.6948738956095142,storage,0.7594857200637688,0.06815466434937834,39.07026525246758,sealed_dsv4_empirical_inclusion,3000000000.0,25000000000.0,0.000306
1xA10,dsv4_flash,16,finite_16tok,2,160.62745098039215,1766,2195085635.084358,2207174480.929661,2093.3967924922545,164.1879837248827,0.7316952116947861,0.08828697923718644,0.043709073858881654,0.008383499999999999,0.7316952116947861,1.3666892771974741,0.6144955461249803,1.627351095229278,storage,0.5602363087503357,0.005477068509876265,39.07026525246758,sealed_dsv4_empirical_inclusion,3000000000.0,25000000000.0,0.000306
1xA10,dsv4_flash,16,steady_state,4,321.2549019607843,1766,4988976620.886471,5779032755.749075,4757.858868490668,373.16540145024845,1.662992206962157,0.231161310229963,0.043709073858881654,0.008383499999999999,1.662992206962157,0.6013257282947424,1.3455700732497156,0.7431794299533419,storage,0.7594857200637688,0.13671079024022526,39.07026525246758,sealed_dsv4_empirical_inclusion,3000000000.0,25000000000.0,0.000306
1xA10,dsv4_flash,16,finite_16tok,4,321.2549019607843,1766,2182019587.949608,2207174480.929661,2080.9360389228896,163.21066971944234,0.7273398626498694,0.08828697923718644,0.043709073858881654,0.008383499999999999,0.7273398626498694,1.3748730838933616,0.6114106538000195,1.6355619480701435,storage,0.5602363087503357,0.011396875597011032,39.07026525246758,sealed_dsv4_empirical_inclusion,3000000000.0,25000000000.0,0.000306
1xA10,dsv4_flash,16,steady_state,8,642.5098039215686,1766,4199753931.2779346,5779032755.749075,4005.1974594859453,314.13313407732903,1.3999179770926449,0.231161310229963,0.043709073858881654,0.008383499999999999,1.3999179770926449,0.7143275651597845,1.1592346810113745,0.8626380976866133,storage,0.7594857200637688,0.27327736166576444,39.07026525246758,sealed_dsv4_empirical_inclusion,3000000000.0,25000000000.0,0.000306
1xA10,dsv4_flash,16,finite_16tok,8,642.5098039215686,1766,2153066161.041323,2207174480.929661,2053.323899308513,161.0450117104716,0.7176887203471078,0.08828697923718644,0.043709073858881654,0.008383499999999999,0.7176887203471078,1.3933617342019158,0.6045747528171481,1.6540551773627357,storage,0.5602363087503357,0.024514745144002776,39.07026525246758,sealed_dsv4_empirical_inclusion,3000000000.0,25000000000.0,0.000306
1xA10,dsv4_flash,16,steady_state,16,1285.0196078431372,1766,2622293257.5388823,5779032755.749075,2500.813729800112,196.14225331765584,0.8740977525129607,0.231161310229963,0.043709073858881654,0.008383499999999999,0.8740977525129607,1.1440368049512546,0.7867963853922753,1.2709768608067857,storage,0.7594857200637688,0.546240111733199,39.07026525246758,sealed_dsv4_empirical_inclusion,3000000000.0,25000000000.0,0.000306
1xA10,dsv4_flash,16,finite_16tok,16,1285.0196078431372,1766,2086971526.2843347,2207174480.929661,1990.291143688521,156.10126617164872,0.6956571754281116,0.08828697923718644,0.043709073858881654,0.008383499999999999,0.6956571754281116,1.43748966491231,0.588969816650903,1.697879877251375,storage,0.5602363087503357,0.054460105299285924,39.07026525246758,sealed_dsv4_empirical_inclusion,3000000000.0,25000000000.0,0.000306
1xA10,dsv4_flash,16,steady_state,32,2570.0392156862745,1766,0.0,5779032755.749075,0.0,0.0,0.0,0.231161310229963,0.043709073858881654,0.008383499999999999,0.231161310229963,4.325983439898242,0.16767322897386316,5.963981287411597,h2d,0.7594857200637688,1.0,39.07026525246758,sealed_dsv4_empirical_inclusion,3000000000.0,25000000000.0,0.000306
1xA10,dsv4_flash,16,finite_16tok,32,2570.0392156862745,1766,1975320576.0,2207174480.929661,1883.8125,147.75,0.658440192,0.08828697923718644,0.043709073858881654,0.008383499999999999,0.658440192,1.5187408243754354,0.5626090392823072,1.7774332265895532,storage,0.5602363087503357,0.10504557158163776,39.07026525246758,sealed_dsv4_empirical_inclusion,3000000000.0,25000000000.0,0.000306
1xA10,dsv4_flash,16,steady_state,64,5140.078431372549,1766,0.0,5779032755.749075,0.0,0.0,0.0,0.231161310229963,0.043709073858881654,0.008383499999999999,0.231161310229963,4.325983439898242,0.16767322897386316,5.963981287411597,h2d,0.7594857200637688,1.0,39.07026525246758,sealed_dsv4_empirical_inclusion,3000000000.0,25000000000.0,0.000306
1xA10,dsv4_flash,16,finite_16tok,64,5140.078431372549,1766,1975320576.0,2207174480.929661,1883.8125,147.75,0.658440192,0.08828697923718644,0.043709073858881654,0.008383499999999999,0.658440192,1.5187408243754354,0.5626090392823072,1.7774332265895532,storage,0.5602363087503357,0.10504557158163776,39.07026525246758,sealed_dsv4_empirical_inclusion,3000000000.0,25000000000.0,0.000306
1xA10,dsv4_flash,16,steady_state,128,10280.156862745098,1766,0.0,5779032755.749075,0.0,0.0,0.0,0.231161310229963,0.043709073858881654,0.008383499999999999,0.231161310229963,4.325983439898242,0.16767322897386316,5.963981287411597,h2d,0.7594857200637688,1.0,39.07026525246758,sealed_dsv4_empirical_inclusion,3000000000.0,25000000000.0,0.000306
1xA10,dsv4_flash,16,finite_16tok,128,10280.156862745098,1766,1975320576.0,2207174480.929661,1883.8125,147.75,0.658440192,0.08828697923718644,0.043709073858881654,0.008383499999999999,0.658440192,1.5187408243754354,0.5626090392823072,1.7774332265895532,storage,0.5602363087503357,0.10504557158163776,39.07026525246758,sealed_dsv4_empirical_inclusion,3000000000.0,25000000000.0,0.000306
1xA10,dsv4_flash,16,steady_state,256,20560.313725490196,1766,0.0,5779032755.749075,0.0,0.0,0.0,0.231161310229963,0.043709073858881654,0.008383499999999999,0.231161310229963,4.325983439898242,0.16767322897386316,5.963981287411597,h2d,0.7594857200637688,1.0,39.07026525246758,sealed_dsv4_empirical_inclusion,3000000000.0,25000000000.0,0.000306
1xA10,dsv4_flash,16,finite_16tok,256,20560.313725490196,1766,1975320576.0,2207174480.929661,1883.8125,147.75,0.658440192,0.08828697923718644,0.043709073858881654,0.008383499999999999,0.658440192,1.5187408243754354,0.5626090392823072,1.7774332265895532,storage,0.5602363087503357,0.10504557158163776,39.07026525246758,sealed_dsv4_empirical_inclusion,3000000000.0,25000000000.0,0.000306
1xL40S,dsv4_flash,1,steady_state,2,160.62745098039215,3855,0.0,0.0,0.0,0.0,0.0,0.0,0.1235472380551806,0.004308621354233586,0.1235472380551806,8.09407005564434,0.12785585940941419,7.821307561649136,compute,1.0,1.0,6.927989130434782,sealed_dsv4_empirical_inclusion,6000000000.0,50000000000.0,0.000542
1xL40S,dsv4_flash,1,finite_16tok,2,160.62745098039215,3855,1975320576.0,1975320576.0,1883.8125,147.75,0.329220096,0.03950641152,0.1235472380551806,0.004308621354233586,0.329220096,3.037481648750871,0.38079555307183033,2.626081087169019,storage,0.6064315370585075,0.0,6.927989130434782,sealed_dsv4_empirical_inclusion,6000000000.0,50000000000.0,0.000542
1xL40S,dsv4_flash,1,steady_state,4,321.2549019607843,3855,0.0,0.0,0.0,0.0,0.0,0.0,0.1235472380551806,0.004308621354233586,0.1235472380551806,8.09407005564434,0.12785585940941419,7.821307561649136,compute,1.0,1.0,6.927989130434782,sealed_dsv4_empirical_inclusion,6000000000.0,50000000000.0,0.000542
1xL40S,dsv4_flash,1,finite_16tok,4,321.2549019607843,3855,1975320576.0,1975320576.0,1883.8125,147.75,0.329220096,0.03950641152,0.1235472380551806,0.004308621354233586,0.329220096,3.037481648750871,0.38079555307183033,2.626081087169019,storage,0.6064315370585075,0.0,6.927989130434782,sealed_dsv4_empirical_inclusion,6000000000.0,50000000000.0,0.000542
1xL40S,dsv4_flash,1,steady_state,8,642.5098039215686,3855,0.0,0.0,0.0,0.0,0.0,0.0,0.1235472380551806,0.004308621354233586,0.1235472380551806,8.09407005564434,0.12785585940941419,7.821307561649136,compute,1.0,1.0,6.927989130434782,sealed_dsv4_empirical_inclusion,6000000000.0,50000000000.0,0.000542
1xL40S,dsv4_flash,1,finite_16tok,8,642.5098039215686,3855,1975320576.0,1975320576.0,1883.8125,147.75,0.329220096,0.03950641152,0.1235472380551806,0.004308621354233586,0.329220096,3.037481648750871,0.38079555307183033,2.626081087169019,storage,0.6064315370585075,0.0,6.927989130434782,sealed_dsv4_empirical_inclusion,6000000000.0,50000000000.0,0.000542
1xL40S,dsv4_flash,1,steady_state,16,1285.0196078431372,3855,0.0,0.0,0.0,0.0,0.0,0.0,0.1235472380551806,0.004308621354233586,0.1235472380551806,8.09407005564434,0.12785585940941419,7.821307561649136,compute,1.0,1.0,6.927989130434782,sealed_dsv4_empirical_inclusion,6000000000.0,50000000000.0,0.000542
1xL40S,dsv4_flash,1,finite_16tok,16,1285.0196078431372,3855,1975320576.0,1975320576.0,1883.8125,147.75,0.329220096,0.03950641152,0.1235472380551806,0.004308621354233586,0.329220096,3.037481648750871,0.38079555307183033,2.626081087169019,storage,0.6064315370585075,0.0,6.927989130434782,sealed_dsv4_empirical_inclusion,6000000000.0,50000000000.0,0.000542
1xL40S,dsv4_flash,1,steady_state,32,2570.0392156862745,3855,0.0,0.0,0.0,0.0,0.0,0.0,0.1235472380551806,0.004308621354233586,0.1235472380551806,8.09407005564434,0.12785585940941419,7.821307561649136,compute,1.0,1.0,6.927989130434782,sealed_dsv4_empirical_inclusion,6000000000.0,50000000000.0,0.000542
1xL40S,dsv4_flash,1,finite_16tok,32,2570.0392156862745,3855,1975320576.0,1975320576.0,1883.8125,147.75,0.329220096,0.03950641152,0.1235472380551806,0.004308621354233586,0.329220096,3.037481648750871,0.38079555307183033,2.626081087169019,storage,0.6064315370585075,0.0,6.927989130434782,sealed_dsv4_empirical_inclusion,6000000000.0,50000000000.0,0.000542
1xL40S,dsv4_flash,1,steady_state,64,5140.078431372549,3855,0.0,0.0,0.0,0.0,0.0,0.0,0.1235472380551806,0.004308621354233586,0.1235472380551806,8.09407005564434,0.12785585940941419,7.821307561649136,compute,1.0,1.0,6.927989130434782,sealed_dsv4_empirical_inclusion,6000000000.0,50000000000.0,0.000542
1xL40S,dsv4_flash,1,finite_16tok,64,5140.078431372549,3855,1975320576.0,1975320576.0,1883.8125,147.75,0.329220096,0.03950641152,0.1235472380551806,0.004308621354233586,0.329220096,3.037481648750871,0.38079555307183033,2.626081087169019,storage,0.6064315370585075,0.0,6.927989130434782,sealed_dsv4_empirical_inclusion,6000000000.0,50000000000.0,0.000542
1xL40S,dsv4_flash,1,steady_state,128,10280.156862745098,3855,0.0,0.0,0.0,0.0,0.0,0.0,0.1235472380551806,0.004308621354233586,0.1235472380551806,8.09407005564434,0.12785585940941419,7.821307561649136,compute,1.0,1.0,6.927989130434782,sealed_dsv4_empirical_inclusion,6000000000.0,50000000000.0,0.000542
1xL40S,dsv4_flash,1,finite_16tok,128,10280.156862745098,3855,1975320576.0,1975320576.0,1883.8125,147.75,0.329220096,0.03950641152,0.1235472380551806,0.004308621354233586,0.329220096,3.037481648750871,0.38079555307183033,2.626081087169019,storage,0.6064315370585075,0.0,6.927989130434782,sealed_dsv4_empirical_inclusion,6000000000.0,50000000000.0,0.000542
1xL40S,dsv4_flash,1,steady_state,256,20560.313725490196,3855,0.0,0.0,0.0,0.0,0.0,0.0,0.1235472380551806,0.004308621354233586,0.1235472380551806,8.09407005564434,0.12785585940941419,7.821307561649136,compute,1.0,1.0,6.927989130434782,sealed_dsv4_empirical_inclusion,6000000000.0,50000000000.0,0.000542
1xL40S,dsv4_flash,1,finite_16tok,256,20560.313725490196,3855,1975320576.0,1975320576.0,1883.8125,147.75,0.329220096,0.03950641152,0.1235472380551806,0.004308621354233586,0.329220096,3.037481648750871,0.38079555307183033,2.626081087169019,storage,0.6064315370585075,0.0,6.927989130434782,sealed_dsv4_empirical_inclusion,6000000000.0,50000000000.0,0.000542
1xL40S,dsv4_flash,4,steady_state,2,160.62745098039215,3855,0.0,0.0,0.0,0.0,0.0,0.0,0.08515941931583729,0.0031776082487472703,0.08515941931583729,11.74268223097228,0.08833702756458456,11.320281285997366,compute,1.0,1.0,19.097012395444125,sealed_dsv4_empirical_inclusion,6000000000.0,50000000000.0,0.000542
1xL40S,dsv4_flash,4,finite_16tok,2,160.62745098039215,3855,1975320576.0,1975320576.0,1883.8125,147.75,0.329220096,0.03950641152,0.08515941931583729,0.0031776082487472703,0.329220096,3.037481648750871,0.3412767212270007,2.930173486209886,storage,0.6064315370585075,0.0,19.097012395444125,sealed_dsv4_empirical_inclusion,6000000000.0,50000000000.0,0.000542
1xL40S,dsv4_flash,4,steady_state,4,321.2549019607843,3855,0.0,0.0,0.0,0.0,0.0,0.0,0.08515941931583729,0.0031776082487472703,0.08515941931583729,11.74268223097228,0.08833702756458456,11.320281285997366,compute,1.0,1.0,19.097012395444125,sealed_dsv4_empirical_inclusion,6000000000.0,50000000000.0,0.000542
1xL40S,dsv4_flash,4,finite_16tok,4,321.2549019607843,3855,1975320576.0,1975320576.0,1883.8125,147.75,0.329220096,0.03950641152,0.08515941931583729,0.0031776082487472703,0.329220096,3.037481648750871,0.3412767212270007,2.930173486209886,storage,0.6064315370585075,0.0,19.097012395444125,sealed_dsv4_empirical_inclusion,6000000000.0,50000000000.0,0.000542
1xL40S,dsv4_flash,4,steady_state,8,642.5098039215686,3855,0.0,0.0,0.0,0.0,0.0,0.0,0.08515941931583729,0.0031776082487472703,0.08515941931583729,11.74268223097228,0.08833702756458456,11.320281285997366,compute,1.0,1.0,19.097012395444125,sealed_dsv4_empirical_inclusion,6000000000.0,50000000000.0,0.000542
1xL40S,dsv4_flash,4,finite_16tok,8,642.5098039215686,3855,1975320576.0,1975320576.0,1883.8125,147.75,0.329220096,0.03950641152,0.08515941931583729,0.0031776082487472703,0.329220096,3.037481648750871,0.3412767212270007,2.930173486209886,storage,0.6064315370585075,0.0,19.097012395444125,sealed_dsv4_empirical_inclusion,6000000000.0,50000000000.0,0.000542
1xL40S,dsv4_flash,4,steady_state,16,1285.0196078431372,3855,0.0,0.0,0.0,0.0,0.0,0.0,0.08515941931583729,0.0031776082487472703,0.08515941931583729,11.74268223097228,0.08833702756458456,11.320281285997366,compute,1.0,1.0,19.097012395444125,sealed_dsv4_empirical_inclusion,6000000000.0,50000000000.0,0.000542
1xL40S,dsv4_flash,4,finite_16tok,16,1285.0196078431372,3855,1975320576.0,1975320576.0,1883.8125,147.75,0.329220096,0.03950641152,0.08515941931583729,0.0031776082487472703,0.329220096,3.037481648750871,0.3412767212270007,2.930173486209886,storage,0.6064315370585075,0.0,19.097012395444125,sealed_dsv4_empirical_inclusion,6000000000.0,50000000000.0,0.000542
1xL40S,dsv4_flash,4,steady_state,32,2570.0392156862745,3855,0.0,0.0,0.0,0.0,0.0,0.0,0.08515941931583729,0.0031776082487472703,0.08515941931583729,11.74268223097228,0.08833702756458456,11.320281285997366,compute,1.0,1.0,19.097012395444125,sealed_dsv4_empirical_inclusion,6000000000.0,50000000000.0,0.000542
1xL40S,dsv4_flash,4,finite_16tok,32,2570.0392156862745,3855,1975320576.0,1975320576.0,1883.8125,147.75,0.329220096,0.03950641152,0.08515941931583729,0.0031776082487472703,0.329220096,3.037481648750871,0.3412767212270007,2.930173486209886,storage,0.6064315370585075,0.0,19.097012395444125,sealed_dsv4_empirical_inclusion,6000000000.0,50000000000.0,0.000542
1xL40S,dsv4_flash,4,steady_state,64,5140.078431372549,3855,0.0,0.0,0.0,0.0,0.0,0.0,0.08515941931583729,0.0031776082487472703,0.08515941931583729,11.74268223097228,0.08833702756458456,11.320281285997366,compute,1.0,1.0,19.097012395444125,sealed_dsv4_empirical_inclusion,6000000000.0,50000000000.0,0.000542
1xL40S,dsv4_flash,4,finite_16tok,64,5140.078431372549,3855,1975320576.0,1975320576.0,1883.8125,147.75,0.329220096,0.03950641152,0.08515941931583729,0.0031776082487472703,0.329220096,3.037481648750871,0.3412767212270007,2.930173486209886,storage,0.6064315370585075,0.0,19.097012395444125,sealed_dsv4_empirical_inclusion,6000000000.0,50000000000.0,0.000542
1xL40S,dsv4_flash,4,steady_state,128,10280.156862745098,3855,0.0,0.0,0.0,0.0,0.0,0.0,0.08515941931583729,0.0031776082487472703,0.08515941931583729,11.74268223097228,0.08833702756458456,11.320281285997366,compute,1.0,1.0,19.097012395444125,sealed_dsv4_empirical_inclusion,6000000000.0,50000000000.0,0.000542
1xL40S,dsv4_flash,4,finite_16tok,128,10280.156862745098,3855,1975320576.0,1975320576.0,1883.8125,147.75,0.329220096,0.03950641152,0.08515941931583729,0.0031776082487472703,0.329220096,3.037481648750871,0.3412767212270007,2.930173486209886,storage,0.6064315370585075,0.0,19.097012395444125,sealed_dsv4_empirical_inclusion,6000000000.0,50000000000.0,0.000542
1xL40S,dsv4_flash,4,steady_state,256,20560.313725490196,3855,0.0,0.0,0.0,0.0,0.0,0.0,0.08515941931583729,0.0031776082487472703,0.08515941931583729,11.74268223097228,0.08833702756458456,11.320281285997366,compute,1.0,1.0,19.097012395444125,sealed_dsv4_empirical_inclusion,6000000000.0,50000000000.0,0.000542
1xL40S,dsv4_flash,4,finite_16tok,256,20560.313725490196,3855,1975320576.0,1975320576.0,1883.8125,147.75,0.329220096,0.03950641152,0.08515941931583729,0.0031776082487472703,0.329220096,3.037481648750871,0.3412767212270007,2.930173486209886,storage,0.6064315370585075,0.0,19.097012395444125,sealed_dsv4_empirical_inclusion,6000000000.0,50000000000.0,0.000542
1xL40S,dsv4_flash,8,steady_state,2,160.62745098039215,3855,0.0,0.0,0.0,0.0,0.0,0.0,0.06386053962882467,0.0029891060644995503,0.06386053962882467,15.659122296997175,0.06684964569332422,14.95894240917215,compute,1.0,1.0,28.634291287810218,sealed_dsv4_empirical_inclusion,6000000000.0,50000000000.0,0.000542
1xL40S,dsv4_flash,8,finite_16tok,2,160.62745098039215,3855,1975320576.0,1975320576.0,1883.8125,147.75,0.329220096,0.03950641152,0.06386053962882467,0.0029891060644995503,0.329220096,3.037481648750871,0.31978933935574033,3.12705858805249,storage,0.6064315370585075,0.0,28.634291287810218,sealed_dsv4_empirical_inclusion,6000000000.0,50000000000.0,0.000542
1xL40S,dsv4_flash,8,steady_state,4,321.2549019607843,3855,0.0,0.0,0.0,0.0,0.0,0.0,0.06386053962882467,0.0029891060644995503,0.06386053962882467,15.659122296997175,0.06684964569332422,14.95894240917215,compute,1.0,1.0,28.634291287810218,sealed_dsv4_empirical_inclusion,6000000000.0,50000000000.0,0.000542
1xL40S,dsv4_flash,8,finite_16tok,4,321.2549019607843,3855,1975320576.0,1975320576.0,1883.8125,147.75,0.329220096,0.03950641152,0.06386053962882467,0.0029891060644995503,0.329220096,3.037481648750871,0.31978933935574033,3.12705858805249,storage,0.6064315370585075,0.0,28.634291287810218,sealed_dsv4_empirical_inclusion,6000000000.0,50000000000.0,0.000542
1xL40S,dsv4_flash,8,steady_state,8,642.5098039215686,3855,0.0,0.0,0.0,0.0,0.0,0.0,0.06386053962882467,0.0029891060644995503,0.06386053962882467,15.659122296997175,0.06684964569332422,14.95894240917215,compute,1.0,1.0,28.634291287810218,sealed_dsv4_empirical_inclusion,6000000000.0,50000000000.0,0.000542
1xL40S,dsv4_flash,8,finite_16tok,8,642.5098039215686,3855,1975320576.0,1975320576.0,1883.8125,147.75,0.329220096,0.03950641152,0.06386053962882467,0.0029891060644995503,0.329220096,3.037481648750871,0.31978933935574033,3.12705858805249,storage,0.6064315370585075,0.0,28.634291287810218,sealed_dsv4_empirical_inclusion,6000000000.0,50000000000.0,0.000542
1xL40S,dsv4_flash,8,steady_state,16,1285.0196078431372,3855,0.0,0.0,0.0,0.0,0.0,0.0,0.06386053962882467,0.0029891060644995503,0.06386053962882467,15.659122296997175,0.06684964569332422,14.95894240917215,compute,1.0,1.0,28.634291287810218,sealed_dsv4_empirical_inclusion,6000000000.0,50000000000.0,0.000542
1xL40S,dsv4_flash,8,finite_16tok,16,1285.0196078431372,3855,1975320576.0,1975320576.0,1883.8125,147.75,0.329220096,0.03950641152,0.06386053962882467,0.0029891060644995503,0.329220096,3.037481648750871,0.31978933935574033,3.12705858805249,storage,0.6064315370585075,0.0,28.634291287810218,sealed_dsv4_empirical_inclusion,6000000000.0,50000000000.0,0.000542
1xL40S,dsv4_flash,8,steady_state,32,2570.0392156862745,3855,0.0,0.0,0.0,0.0,0.0,0.0,0.06386053962882467,0.0029891060644995503,0.06386053962882467,15.659122296997175,0.06684964569332422,14.95894240917215,compute,1.0,1.0,28.634291287810218,sealed_dsv4_empirical_inclusion,6000000000.0,50000000000.0,0.000542
1xL40S,dsv4_flash,8,finite_16tok,32,2570.0392156862745,3855,1975320576.0,1975320576.0,1883.8125,147.75,0.329220096,0.03950641152,0.06386053962882467,0.0029891060644995503,0.329220096,3.037481648750871,0.31978933935574033,3.12705858805249,storage,0.6064315370585075,0.0,28.634291287810218,sealed_dsv4_empirical_inclusion,6000000000.0,50000000000.0,0.000542
1xL40S,dsv4_flash,8,steady_state,64,5140.078431372549,3855,0.0,0.0,0.0,0.0,0.0,0.0,0.06386053962882467,0.0029891060644995503,0.06386053962882467,15.659122296997175,0.06684964569332422,14.95894240917215,compute,1.0,1.0,28.634291287810218,sealed_dsv4_empirical_inclusion,6000000000.0,50000000000.0,0.000542
1xL40S,dsv4_flash,8,finite_16tok,64,5140.078431372549,3855,1975320576.0,1975320576.0,1883.8125,147.75,0.329220096,0.03950641152,0.06386053962882467,0.0029891060644995503,0.329220096,3.037481648750871,0.31978933935574033,3.12705858805249,storage,0.6064315370585075,0.0,28.634291287810218,sealed_dsv4_empirical_inclusion,6000000000.0,50000000000.0,0.000542
1xL40S,dsv4_flash,8,steady_state,128,10280.156862745098,3855,0.0,0.0,0.0,0.0,0.0,0.0,0.06386053962882467,0.0029891060644995503,0.06386053962882467,15.659122296997175,0.06684964569332422,14.95894240917215,compute,1.0,1.0,28.634291287810218,sealed_dsv4_empirical_inclusion,6000000000.0,50000000000.0,0.000542
1xL40S,dsv4_flash,8,finite_16tok,128,10280.156862745098,3855,1975320576.0,1975320576.0,1883.8125,147.75,0.329220096,0.03950641152,0.06386053962882467,0.0029891060644995503,0.329220096,3.037481648750871,0.31978933935574033,3.12705858805249,storage,0.6064315370585075,0.0,28.634291287810218,sealed_dsv4_empirical_inclusion,6000000000.0,50000000000.0,0.000542
1xL40S,dsv4_flash,8,steady_state,256,20560.313725490196,3855,0.0,0.0,0.0,0.0,0.0,0.0,0.06386053962882467,0.0029891060644995503,0.06386053962882467,15.659122296997175,0.06684964569332422,14.95894240917215,compute,1.0,1.0,28.634291287810218,sealed_dsv4_empirical_inclusion,6000000000.0,50000000000.0,0.000542
1xL40S,dsv4_flash,8,finite_16tok,256,20560.313725490196,3855,1975320576.0,1975320576.0,1883.8125,147.75,0.329220096,0.03950641152,0.06386053962882467,0.0029891060644995503,0.329220096,3.037481648750871,0.31978933935574033,3.12705858805249,storage,0.6064315370585075,0.0,28.634291287810218,sealed_dsv4_empirical_inclusion,6000000000.0,50000000000.0,0.000542
1xL40S,dsv4_flash,16,steady_state,2,160.62745098039215,3855,0.0,0.0,0.0,0.0,0.0,0.0,0.04358781073700409,0.002894854972375691,0.04358781073700409,22.94219377141245,0.04648266570937978,21.5133961174307,compute,1.0,1.0,39.07026525246758,sealed_dsv4_empirical_inclusion,6000000000.0,50000000000.0,0.000542
1xL40S,dsv4_flash,16,finite_16tok,2,160.62745098039215,3855,1975320576.0,1975320576.0,1883.8125,147.75,0.329220096,0.03950641152,0.04358781073700409,0.002894854972375691,0.329220096,3.037481648750871,0.2994223593717959,3.3397639444764695,storage,0.6064315370585075,0.0,39.07026525246758,sealed_dsv4_empirical_inclusion,6000000000.0,50000000000.0,0.000542
1xL40S,dsv4_flash,16,steady_state,4,321.2549019607843,3855,0.0,0.0,0.0,0.0,0.0,0.0,0.04358781073700409,0.002894854972375691,0.04358781073700409,22.94219377141245,0.04648266570937978,21.5133961174307,compute,1.0,1.0,39.07026525246758,sealed_dsv4_empirical_inclusion,6000000000.0,50000000000.0,0.000542
1xL40S,dsv4_flash,16,finite_16tok,4,321.2549019607843,3855,1975320576.0,1975320576.0,1883.8125,147.75,0.329220096,0.03950641152,0.04358781073700409,0.002894854972375691,0.329220096,3.037481648750871,0.2994223593717959,3.3397639444764695,storage,0.6064315370585075,0.0,39.07026525246758,sealed_dsv4_empirical_inclusion,6000000000.0,50000000000.0,0.000542
1xL40S,dsv4_flash,16,steady_state,8,642.5098039215686,3855,0.0,0.0,0.0,0.0,0.0,0.0,0.04358781073700409,0.002894854972375691,0.04358781073700409,22.94219377141245,0.04648266570937978,21.5133961174307,compute,1.0,1.0,39.07026525246758,sealed_dsv4_empirical_inclusion,6000000000.0,50000000000.0,0.000542
1xL40S,dsv4_flash,16,finite_16tok,8,642.5098039215686,3855,1975320576.0,1975320576.0,1883.8125,147.75,0.329220096,0.03950641152,0.04358781073700409,0.002894854972375691,0.329220096,3.037481648750871,0.2994223593717959,3.3397639444764695,storage,0.6064315370585075,0.0,39.07026525246758,sealed_dsv4_empirical_inclusion,6000000000.0,50000000000.0,0.000542
1xL40S,dsv4_flash,16,steady_state,16,1285.0196078431372,3855,0.0,0.0,0.0,0.0,0.0,0.0,0.04358781073700409,0.002894854972375691,0.04358781073700409,22.94219377141245,0.04648266570937978,21.5133961174307,compute,1.0,1.0,39.07026525246758,sealed_dsv4_empirical_inclusion,6000000000.0,50000000000.0,0.000542
1xL40S,dsv4_flash,16,finite_16tok,16,1285.0196078431372,3855,1975320576.0,1975320576.0,1883.8125,147.75,0.329220096,0.03950641152,0.04358781073700409,0.002894854972375691,0.329220096,3.037481648750871,0.2994223593717959,3.3397639444764695,storage,0.6064315370585075,0.0,39.07026525246758,sealed_dsv4_empirical_inclusion,6000000000.0,50000000000.0,0.000542
1xL40S,dsv4_flash,16,steady_state,32,2570.0392156862745,3855,0.0,0.0,0.0,0.0,0.0,0.0,0.04358781073700409,0.002894854972375691,0.04358781073700409,22.94219377141245,0.04648266570937978,21.5133961174307,compute,1.0,1.0,39.07026525246758,sealed_dsv4_empirical_inclusion,6000000000.0,50000000000.0,0.000542
1xL40S,dsv4_flash,16,finite_16tok,32,2570.0392156862745,3855,1975320576.0,1975320576.0,1883.8125,147.75,0.329220096,0.03950641152,0.04358781073700409,0.002894854972375691,0.329220096,3.037481648750871,0.2994223593717959,3.3397639444764695,storage,0.6064315370585075,0.0,39.07026525246758,sealed_dsv4_empirical_inclusion,6000000000.0,50000000000.0,0.000542
1xL40S,dsv4_flash,16,steady_state,64,5140.078431372549,3855,0.0,0.0,0.0,0.0,0.0,0.0,0.04358781073700409,0.002894854972375691,0.04358781073700409,22.94219377141245,0.04648266570937978,21.5133961174307,compute,1.0,1.0,39.07026525246758,sealed_dsv4_empirical_inclusion,6000000000.0,50000000000.0,0.000542
1xL40S,dsv4_flash,16,finite_16tok,64,5140.078431372549,3855,1975320576.0,1975320576.0,1883.8125,147.75,0.329220096,0.03950641152,0.04358781073700409,0.002894854972375691,0.329220096,3.037481648750871,0.2994223593717959,3.3397639444764695,storage,0.6064315370585075,0.0,39.07026525246758,sealed_dsv4_empirical_inclusion,6000000000.0,50000000000.0,0.000542
1xL40S,dsv4_flash,16,steady_state,128,10280.156862745098,3855,0.0,0.0,0.0,0.0,0.0,0.0,0.04358781073700409,0.002894854972375691,0.04358781073700409,22.94219377141245,0.04648266570937978,21.5133961174307,compute,1.0,1.0,39.07026525246758,sealed_dsv4_empirical_inclusion,6000000000.0,50000000000.0,0.000542
1xL40S,dsv4_flash,16,finite_16tok,128,10280.156862745098,3855,1975320576.0,1975320576.0,1883.8125,147.75,0.329220096,0.03950641152,0.04358781073700409,0.002894854972375691,0.329220096,3.037481648750871,0.2994223593717959,3.3397639444764695,storage,0.6064315370585075,0.0,39.07026525246758,sealed_dsv4_empirical_inclusion,6000000000.0,50000000000.0,0.000542
1xL40S,dsv4_flash,16,steady_state,256,20560.313725490196,3855,0.0,0.0,0.0,0.0,0.0,0.0,0.04358781073700409,0.002894854972375691,0.04358781073700409,22.94219377141245,0.04648266570937978,21.5133961174307,compute,1.0,1.0,39.07026525246758,sealed_dsv4_empirical_inclusion,6000000000.0,50000000000.0,0.000542
1xL40S,dsv4_flash,16,finite_16tok,256,20560.313725490196,3855,1975320576.0,1975320576.0,1883.8125,147.75,0.329220096,0.03950641152,0.04358781073700409,0.002894854972375691,0.329220096,3.037481648750871,0.2994223593717959,3.3397639444764695,storage,0.6064315370585075,0.0,39.07026525246758,sealed_dsv4_empirical_inclusion,6000000000.0,50000000000.0,0.000542
1xRTXPRO6000,dsv4_flash,1,steady_state,2,160.62745098039215,7710,0.0,0.0,0.0,0.0,0.0,0.0,0.1235163557953896,0.002228172757475083,0.1235163557953896,8.096093780944647,0.12574452855286467,7.952632305425414,compute,1.0,1.0,6.927989130434782,sealed_dsv4_empirical_inclusion,8000000000.0,75000000000.0,0.000842
1xRTXPRO6000,dsv4_flash,1,finite_16tok,2,160.62745098039215,7710,1975320576.0,1975320576.0,1883.8125,147.75,0.246915072,0.02633760768,0.1235163557953896,0.002228172757475083,0.246915072,4.049975531667828,0.3138031983196768,3.186710668835448,storage,0.6064315370585075,0.0,6.927989130434782,sealed_dsv4_empirical_inclusion,8000000000.0,75000000000.0,0.000842
1xRTXPRO6000,dsv4_flash,1,steady_state,4,321.2549019607843,7710,0.0,0.0,0.0,0.0,0.0,0.0,0.1235163557953896,0.002228172757475083,0.1235163557953896,8.096093780944647,0.12574452855286467,7.952632305425414,compute,1.0,1.0,6.927989130434782,sealed_dsv4_empirical_inclusion,8000000000.0,75000000000.0,0.000842
1xRTXPRO6000,dsv4_flash,1,finite_16tok,4,321.2549019607843,7710,1975320576.0,1975320576.0,1883.8125,147.75,0.246915072,0.02633760768,0.1235163557953896,0.002228172757475083,0.246915072,4.049975531667828,0.3138031983196768,3.186710668835448,storage,0.6064315370585075,0.0,6.927989130434782,sealed_dsv4_empirical_inclusion,8000000000.0,75000000000.0,0.000842
1xRTXPRO6000,dsv4_flash,1,steady_state,8,642.5098039215686,7710,0.0,0.0,0.0,0.0,0.0,0.0,0.1235163557953896,0.002228172757475083,0.1235163557953896,8.096093780944647,0.12574452855286467,7.952632305425414,compute,1.0,1.0,6.927989130434782,sealed_dsv4_empirical_inclusion,8000000000.0,75000000000.0,0.000842
1xRTXPRO6000,dsv4_flash,1,finite_16tok,8,642.5098039215686,7710,1975320576.0,1975320576.0,1883.8125,147.75,0.246915072,0.02633760768,0.1235163557953896,0.002228172757475083,0.246915072,4.049975531667828,0.3138031983196768,3.186710668835448,storage,0.6064315370585075,0.0,6.927989130434782,sealed_dsv4_empirical_inclusion,8000000000.0,75000000000.0,0.000842
1xRTXPRO6000,dsv4_flash,1,steady_state,16,1285.0196078431372,7710,0.0,0.0,0.0,0.0,0.0,0.0,0.1235163557953896,0.002228172757475083,0.1235163557953896,8.096093780944647,0.12574452855286467,7.952632305425414,compute,1.0,1.0,6.927989130434782,sealed_dsv4_empirical_inclusion,8000000000.0,75000000000.0,0.000842
1xRTXPRO6000,dsv4_flash,1,finite_16tok,16,1285.0196078431372,7710,1975320576.0,1975320576.0,1883.8125,147.75,0.246915072,0.02633760768,0.1235163557953896,0.002228172757475083,0.246915072,4.049975531667828,0.3138031983196768,3.186710668835448,storage,0.6064315370585075,0.0,6.927989130434782,sealed_dsv4_empirical_inclusion,8000000000.0,75000000000.0,0.000842
1xRTXPRO6000,dsv4_flash,1,steady_state,32,2570.0392156862745,7710,0.0,0.0,0.0,0.0,0.0,0.0,0.1235163557953896,0.002228172757475083,0.1235163557953896,8.096093780944647,0.12574452855286467,7.952632305425414,compute,1.0,1.0,6.927989130434782,sealed_dsv4_empirical_inclusion,8000000000.0,75000000000.0,0.000842
1xRTXPRO6000,dsv4_flash,1,finite_16tok,32,2570.0392156862745,7710,1975320576.0,1975320576.0,1883.8125,147.75,0.246915072,0.02633760768,0.1235163557953896,0.002228172757475083,0.246915072,4.049975531667828,0.3138031983196768,3.186710668835448,storage,0.6064315370585075,0.0,6.927989130434782,sealed_dsv4_empirical_inclusion,8000000000.0,75000000000.0,0.000842
1xRTXPRO6000,dsv4_flash,1,steady_state,64,5140.078431372549,7710,0.0,0.0,0.0,0.0,0.0,0.0,0.1235163557953896,0.002228172757475083,0.1235163557953896,8.096093780944647,0.12574452855286467,7.952632305425414,compute,1.0,1.0,6.927989130434782,sealed_dsv4_empirical_inclusion,8000000000.0,75000000000.0,0.000842
1xRTXPRO6000,dsv4_flash,1,finite_16tok,64,5140.078431372549,7710,1975320576.0,1975320576.0,1883.8125,147.75,0.246915072,0.02633760768,0.1235163557953896,0.002228172757475083,0.246915072,4.049975531667828,0.3138031983196768,3.186710668835448,storage,0.6064315370585075,0.0,6.927989130434782,sealed_dsv4_empirical_inclusion,8000000000.0,75000000000.0,0.000842
1xRTXPRO6000,dsv4_flash,1,steady_state,128,10280.156862745098,7710,0.0,0.0,0.0,0.0,0.0,0.0,0.1235163557953896,0.002228172757475083,0.1235163557953896,8.096093780944647,0.12574452855286467,7.952632305425414,compute,1.0,1.0,6.927989130434782,sealed_dsv4_empirical_inclusion,8000000000.0,75000000000.0,0.000842
1xRTXPRO6000,dsv4_flash,1,finite_16tok,128,10280.156862745098,7710,1975320576.0,1975320576.0,1883.8125,147.75,0.246915072,0.02633760768,0.1235163557953896,0.002228172757475083,0.246915072,4.049975531667828,0.3138031983196768,3.186710668835448,storage,0.6064315370585075,0.0,6.927989130434782,sealed_dsv4_empirical_inclusion,8000000000.0,75000000000.0,0.000842
1xRTXPRO6000,dsv4_flash,1,steady_state,256,20560.313725490196,7710,0.0,0.0,0.0,0.0,0.0,0.0,0.1235163557953896,0.002228172757475083,0.1235163557953896,8.096093780944647,0.12574452855286467,7.952632305425414,compute,1.0,1.0,6.927989130434782,sealed_dsv4_empirical_inclusion,8000000000.0,75000000000.0,0.000842
1xRTXPRO6000,dsv4_flash,1,finite_16tok,256,20560.313725490196,7710,1975320576.0,1975320576.0,1883.8125,147.75,0.246915072,0.02633760768,0.1235163557953896,0.002228172757475083,0.246915072,4.049975531667828,0.3138031983196768,3.186710668835448,storage,0.6064315370585075,0.0,6.927989130434782,sealed_dsv4_empirical_inclusion,8000000000.0,75000000000.0,0.000842
1xRTXPRO6000,dsv4_flash,4,steady_state,2,160.62745098039215,7710,0.0,0.0,0.0,0.0,0.0,0.0,0.08512853705604628,0.0016432774086378738,0.08512853705604628,11.746942148690135,0.08677181446468415,11.52447953484938,compute,1.0,1.0,19.097012395444125,sealed_dsv4_empirical_inclusion,8000000000.0,75000000000.0,0.000842
1xRTXPRO6000,dsv4_flash,4,finite_16tok,2,160.62745098039215,7710,1975320576.0,1975320576.0,1883.8125,147.75,0.246915072,0.02633760768,0.08512853705604628,0.0016432774086378738,0.246915072,4.049975531667828,0.2748304842314963,3.638606549765695,storage,0.6064315370585075,0.0,19.097012395444125,sealed_dsv4_empirical_inclusion,8000000000.0,75000000000.0,0.000842
1xRTXPRO6000,dsv4_flash,4,steady_state,4,321.2549019607843,7710,0.0,0.0,0.0,0.0,0.0,0.0,0.08512853705604628,0.0016432774086378738,0.08512853705604628,11.746942148690135,0.08677181446468415,11.52447953484938,compute,1.0,1.0,19.097012395444125,sealed_dsv4_empirical_inclusion,8000000000.0,75000000000.0,0.000842
1xRTXPRO6000,dsv4_flash,4,finite_16tok,4,321.2549019607843,7710,1975320576.0,1975320576.0,1883.8125,147.75,0.246915072,0.02633760768,0.08512853705604628,0.0016432774086378738,0.246915072,4.049975531667828,0.2748304842314963,3.638606549765695,storage,0.6064315370585075,0.0,19.097012395444125,sealed_dsv4_empirical_inclusion,8000000000.0,75000000000.0,0.000842
1xRTXPRO6000,dsv4_flash,4,steady_state,8,642.5098039215686,7710,0.0,0.0,0.0,0.0,0.0,0.0,0.08512853705604628,0.0016432774086378738,0.08512853705604628,11.746942148690135,0.08677181446468415,11.52447953484938,compute,1.0,1.0,19.097012395444125,sealed_dsv4_empirical_inclusion,8000000000.0,75000000000.0,0.000842
1xRTXPRO6000,dsv4_flash,4,finite_16tok,8,642.5098039215686,7710,1975320576.0,1975320576.0,1883.8125,147.75,0.246915072,0.02633760768,0.08512853705604628,0.0016432774086378738,0.246915072,4.049975531667828,0.2748304842314963,3.638606549765695,storage,0.6064315370585075,0.0,19.097012395444125,sealed_dsv4_empirical_inclusion,8000000000.0,75000000000.0,0.000842
1xRTXPRO6000,dsv4_flash,4,steady_state,16,1285.0196078431372,7710,0.0,0.0,0.0,0.0,0.0,0.0,0.08512853705604628,0.0016432774086378738,0.08512853705604628,11.746942148690135,0.08677181446468415,11.52447953484938,compute,1.0,1.0,19.097012395444125,sealed_dsv4_empirical_inclusion,8000000000.0,75000000000.0,0.000842
1xRTXPRO6000,dsv4_flash,4,finite_16tok,16,1285.0196078431372,7710,1975320576.0,1975320576.0,1883.8125,147.75,0.246915072,0.02633760768,0.08512853705604628,0.0016432774086378738,0.246915072,4.049975531667828,0.2748304842314963,3.638606549765695,storage,0.6064315370585075,0.0,19.097012395444125,sealed_dsv4_empirical_inclusion,8000000000.0,75000000000.0,0.000842
1xRTXPRO6000,dsv4_flash,4,steady_state,32,2570.0392156862745,7710,0.0,0.0,0.0,0.0,0.0,0.0,0.08512853705604628,0.0016432774086378738,0.08512853705604628,11.746942148690135,0.08677181446468415,11.52447953484938,compute,1.0,1.0,19.097012395444125,sealed_dsv4_empirical_inclusion,8000000000.0,75000000000.0,0.000842
1xRTXPRO6000,dsv4_flash,4,finite_16tok,32,2570.0392156862745,7710,1975320576.0,1975320576.0,1883.8125,147.75,0.246915072,0.02633760768,0.08512853705604628,0.0016432774086378738,0.246915072,4.049975531667828,0.2748304842314963,3.638606549765695,storage,0.6064315370585075,0.0,19.097012395444125,sealed_dsv4_empirical_inclusion,8000000000.0,75000000000.0,0.000842
1xRTXPRO6000,dsv4_flash,4,steady_state,64,5140.078431372549,7710,0.0,0.0,0.0,0.0,0.0,0.0,0.08512853705604628,0.0016432774086378738,0.08512853705604628,11.746942148690135,0.08677181446468415,11.52447953484938,compute,1.0,1.0,19.097012395444125,sealed_dsv4_empirical_inclusion,8000000000.0,75000000000.0,0.000842
1xRTXPRO6000,dsv4_flash,4,finite_16tok,64,5140.078431372549,7710,1975320576.0,1975320576.0,1883.8125,147.75,0.246915072,0.02633760768,0.08512853705604628,0.0016432774086378738,0.246915072,4.049975531667828,0.2748304842314963,3.638606549765695,storage,0.6064315370585075,0.0,19.097012395444125,sealed_dsv4_empirical_inclusion,8000000000.0,75000000000.0,0.000842
1xRTXPRO6000,dsv4_flash,4,steady_state,128,10280.156862745098,7710,0.0,0.0,0.0,0.0,0.0,0.0,0.08512853705604628,0.0016432774086378738,0.08512853705604628,11.746942148690135,0.08677181446468415,11.52447953484938,compute,1.0,1.0,19.097012395444125,sealed_dsv4_empirical_inclusion,8000000000.0,75000000000.0,0.000842
1xRTXPRO6000,dsv4_flash,4,finite_16tok,128,10280.156862745098,7710,1975320576.0,1975320576.0,1883.8125,147.75,0.246915072,0.02633760768,0.08512853705604628,0.0016432774086378738,0.246915072,4.049975531667828,0.2748304842314963,3.638606549765695,storage,0.6064315370585075,0.0,19.097012395444125,sealed_dsv4_empirical_inclusion,8000000000.0,75000000000.0,0.000842
1xRTXPRO6000,dsv4_flash,4,steady_state,256,20560.313725490196,7710,0.0,0.0,0.0,0.0,0.0,0.0,0.08512853705604628,0.0016432774086378738,0.08512853705604628,11.746942148690135,0.08677181446468415,11.52447953484938,compute,1.0,1.0,19.097012395444125,sealed_dsv4_empirical_inclusion,8000000000.0,75000000000.0,0.000842
1xRTXPRO6000,dsv4_flash,4,finite_16tok,256,20560.313725490196,7710,1975320576.0,1975320576.0,1883.8125,147.75,0.246915072,0.02633760768,0.08512853705604628,0.0016432774086378738,0.246915072,4.049975531667828,0.2748304842314963,3.638606549765695,storage,0.6064315370585075,0.0,19.097012395444125,sealed_dsv4_empirical_inclusion,8000000000.0,75000000000.0,0.000842
1xRTXPRO6000,dsv4_flash,8,steady_state,2,160.62745098039215,7710,0.0,0.0,0.0,0.0,0.0,0.0,0.06382965736903366,0.001545794850498339,0.06382965736903366,15.666698541376478,0.065375452219532,15.296261303738001,compute,1.0,1.0,28.634291287810218,sealed_dsv4_empirical_inclusion,8000000000.0,75000000000.0,0.000842
1xRTXPRO6000,dsv4_flash,8,finite_16tok,2,160.62745098039215,7710,1975320576.0,1975320576.0,1883.8125,147.75,0.246915072,0.02633760768,0.06382965736903366,0.001545794850498339,0.246915072,4.049975531667828,0.25343412198634413,3.945798585298168,storage,0.6064315370585075,0.0,28.634291287810218,sealed_dsv4_empirical_inclusion,8000000000.0,75000000000.0,0.000842
1xRTXPRO6000,dsv4_flash,8,steady_state,4,321.2549019607843,7710,0.0,0.0,0.0,0.0,0.0,0.0,0.06382965736903366,0.001545794850498339,0.06382965736903366,15.666698541376478,0.065375452219532,15.296261303738001,compute,1.0,1.0,28.634291287810218,sealed_dsv4_empirical_inclusion,8000000000.0,75000000000.0,0.000842
1xRTXPRO6000,dsv4_flash,8,finite_16tok,4,321.2549019607843,7710,1975320576.0,1975320576.0,1883.8125,147.75,0.246915072,0.02633760768,0.06382965736903366,0.001545794850498339,0.246915072,4.049975531667828,0.25343412198634413,3.945798585298168,storage,0.6064315370585075,0.0,28.634291287810218,sealed_dsv4_empirical_inclusion,8000000000.0,75000000000.0,0.000842
1xRTXPRO6000,dsv4_flash,8,steady_state,8,642.5098039215686,7710,0.0,0.0,0.0,0.0,0.0,0.0,0.06382965736903366,0.001545794850498339,0.06382965736903366,15.666698541376478,0.065375452219532,15.296261303738001,compute,1.0,1.0,28.634291287810218,sealed_dsv4_empirical_inclusion,8000000000.0,75000000000.0,0.000842
1xRTXPRO6000,dsv4_flash,8,finite_16tok,8,642.5098039215686,7710,1975320576.0,1975320576.0,1883.8125,147.75,0.246915072,0.02633760768,0.06382965736903366,0.001545794850498339,0.246915072,4.049975531667828,0.25343412198634413,3.945798585298168,storage,0.6064315370585075,0.0,28.634291287810218,sealed_dsv4_empirical_inclusion,8000000000.0,75000000000.0,0.000842
1xRTXPRO6000,dsv4_flash,8,steady_state,16,1285.0196078431372,7710,0.0,0.0,0.0,0.0,0.0,0.0,0.06382965736903366,0.001545794850498339,0.06382965736903366,15.666698541376478,0.065375452219532,15.296261303738001,compute,1.0,1.0,28.634291287810218,sealed_dsv4_empirical_inclusion,8000000000.0,75000000000.0,0.000842
1xRTXPRO6000,dsv4_flash,8,finite_16tok,16,1285.0196078431372,7710,1975320576.0,1975320576.0,1883.8125,147.75,0.246915072,0.02633760768,0.06382965736903366,0.001545794850498339,0.246915072,4.049975531667828,0.25343412198634413,3.945798585298168,storage,0.6064315370585075,0.0,28.634291287810218,sealed_dsv4_empirical_inclusion,8000000000.0,75000000000.0,0.000842
1xRTXPRO6000,dsv4_flash,8,steady_state,32,2570.0392156862745,7710,0.0,0.0,0.0,0.0,0.0,0.0,0.06382965736903366,0.001545794850498339,0.06382965736903366,15.666698541376478,0.065375452219532,15.296261303738001,compute,1.0,1.0,28.634291287810218,sealed_dsv4_empirical_inclusion,8000000000.0,75000000000.0,0.000842
1xRTXPRO6000,dsv4_flash,8,finite_16tok,32,2570.0392156862745,7710,1975320576.0,1975320576.0,1883.8125,147.75,0.246915072,0.02633760768,0.06382965736903366,0.001545794850498339,0.246915072,4.049975531667828,0.25343412198634413,3.945798585298168,storage,0.6064315370585075,0.0,28.634291287810218,sealed_dsv4_empirical_inclusion,8000000000.0,75000000000.0,0.000842
1xRTXPRO6000,dsv4_flash,8,steady_state,64,5140.078431372549,7710,0.0,0.0,0.0,0.0,0.0,0.0,0.06382965736903366,0.001545794850498339,0.06382965736903366,15.666698541376478,0.065375452219532,15.296261303738001,compute,1.0,1.0,28.634291287810218,sealed_dsv4_empirical_inclusion,8000000000.0,75000000000.0,0.000842
1xRTXPRO6000,dsv4_flash,8,finite_16tok,64,5140.078431372549,7710,1975320576.0,1975320576.0,1883.8125,147.75,0.246915072,0.02633760768,0.06382965736903366,0.001545794850498339,0.246915072,4.049975531667828,0.25343412198634413,3.945798585298168,storage,0.6064315370585075,0.0,28.634291287810218,sealed_dsv4_empirical_inclusion,8000000000.0,75000000000.0,0.000842
1xRTXPRO6000,dsv4_flash,8,steady_state,128,10280.156862745098,7710,0.0,0.0,0.0,0.0,0.0,0.0,0.06382965736903366,0.001545794850498339,0.06382965736903366,15.666698541376478,0.065375452219532,15.296261303738001,compute,1.0,1.0,28.634291287810218,sealed_dsv4_empirical_inclusion,8000000000.0,75000000000.0,0.000842
1xRTXPRO6000,dsv4_flash,8,finite_16tok,128,10280.156862745098,7710,1975320576.0,1975320576.0,1883.8125,147.75,0.246915072,0.02633760768,0.06382965736903366,0.001545794850498339,0.246915072,4.049975531667828,0.25343412198634413,3.945798585298168,storage,0.6064315370585075,0.0,28.634291287810218,sealed_dsv4_empirical_inclusion,8000000000.0,75000000000.0,0.000842
1xRTXPRO6000,dsv4_flash,8,steady_state,256,20560.313725490196,7710,0.0,0.0,0.0,0.0,0.0,0.0,0.06382965736903366,0.001545794850498339,0.06382965736903366,15.666698541376478,0.065375452219532,15.296261303738001,compute,1.0,1.0,28.634291287810218,sealed_dsv4_empirical_inclusion,8000000000.0,75000000000.0,0.000842
1xRTXPRO6000,dsv4_flash,8,finite_16tok,256,20560.313725490196,7710,1975320576.0,1975320576.0,1883.8125,147.75,0.246915072,0.02633760768,0.06382965736903366,0.001545794850498339,0.246915072,4.049975531667828,0.25343412198634413,3.945798585298168,storage,0.6064315370585075,0.0,28.634291287810218,sealed_dsv4_empirical_inclusion,8000000000.0,75000000000.0,0.000842
1xRTXPRO6000,dsv4_flash,16,steady_state,2,160.62745098039215,7710,0.0,0.0,0.0,0.0,0.0,0.0,0.04355692847721308,0.0014970535714285715,0.04355692847721308,22.958459996166912,0.04505398204864165,22.195596360835975,compute,1.0,1.0,39.07026525246758,sealed_dsv4_empirical_inclusion,8000000000.0,75000000000.0,0.000842
1xRTXPRO6000,dsv4_flash,16,finite_16tok,2,160.62745098039215,7710,1975320576.0,1975320576.0,1883.8125,147.75,0.246915072,0.02633760768,0.04355692847721308,0.0014970535714285715,0.246915072,4.049975531667828,0.23311265181545374,4.289771456899136,storage,0.6064315370585075,0.0,39.07026525246758,sealed_dsv4_empirical_inclusion,8000000000.0,75000000000.0,0.000842
1xRTXPRO6000,dsv4_flash,16,steady_state,4,321.2549019607843,7710,0.0,0.0,0.0,0.0,0.0,0.0,0.04355692847721308,0.0014970535714285715,0.04355692847721308,22.958459996166912,0.04505398204864165,22.195596360835975,compute,1.0,1.0,39.07026525246758,sealed_dsv4_empirical_inclusion,8000000000.0,75000000000.0,0.000842
1xRTXPRO6000,dsv4_flash,16,finite_16tok,4,321.2549019607843,7710,1975320576.0,1975320576.0,1883.8125,147.75,0.246915072,0.02633760768,0.04355692847721308,0.0014970535714285715,0.246915072,4.049975531667828,0.23311265181545374,4.289771456899136,storage,0.6064315370585075,0.0,39.07026525246758,sealed_dsv4_empirical_inclusion,8000000000.0,75000000000.0,0.000842
1xRTXPRO6000,dsv4_flash,16,steady_state,8,642.5098039215686,7710,0.0,0.0,0.0,0.0,0.0,0.0,0.04355692847721308,0.0014970535714285715,0.04355692847721308,22.958459996166912,0.04505398204864165,22.195596360835975,compute,1.0,1.0,39.07026525246758,sealed_dsv4_empirical_inclusion,8000000000.0,75000000000.0,0.000842
1xRTXPRO6000,dsv4_flash,16,finite_16tok,8,642.5098039215686,7710,1975320576.0,1975320576.0,1883.8125,147.75,0.246915072,0.02633760768,0.04355692847721308,0.0014970535714285715,0.246915072,4.049975531667828,0.23311265181545374,4.289771456899136,storage,0.6064315370585075,0.0,39.07026525246758,sealed_dsv4_empirical_inclusion,8000000000.0,75000000000.0,0.000842
1xRTXPRO6000,dsv4_flash,16,steady_state,16,1285.0196078431372,7710,0.0,0.0,0.0,0.0,0.0,0.0,0.04355692847721308,0.0014970535714285715,0.04355692847721308,22.958459996166912,0.04505398204864165,22.195596360835975,compute,1.0,1.0,39.07026525246758,sealed_dsv4_empirical_inclusion,8000000000.0,75000000000.0,0.000842
1xRTXPRO6000,dsv4_flash,16,finite_16tok,16,1285.0196078431372,7710,1975320576.0,1975320576.0,1883.8125,147.75,0.246915072,0.02633760768,0.04355692847721308,0.0014970535714285715,0.246915072,4.049975531667828,0.23311265181545374,4.289771456899136,storage,0.6064315370585075,0.0,39.07026525246758,sealed_dsv4_empirical_inclusion,8000000000.0,75000000000.0,0.000842
1xRTXPRO6000,dsv4_flash,16,steady_state,32,2570.0392156862745,7710,0.0,0.0,0.0,0.0,0.0,0.0,0.04355692847721308,0.0014970535714285715,0.04355692847721308,22.958459996166912,0.04505398204864165,22.195596360835975,compute,1.0,1.0,39.07026525246758,sealed_dsv4_empirical_inclusion,8000000000.0,75000000000.0,0.000842
1xRTXPRO6000,dsv4_flash,16,finite_16tok,32,2570.0392156862745,7710,1975320576.0,1975320576.0,1883.8125,147.75,0.246915072,0.02633760768,0.04355692847721308,0.0014970535714285715,0.246915072,4.049975531667828,0.23311265181545374,4.289771456899136,storage,0.6064315370585075,0.0,39.07026525246758,sealed_dsv4_empirical_inclusion,8000000000.0,75000000000.0,0.000842
1xRTXPRO6000,dsv4_flash,16,steady_state,64,5140.078431372549,7710,0.0,0.0,0.0,0.0,0.0,0.0,0.04355692847721308,0.0014970535714285715,0.04355692847721308,22.958459996166912,0.04505398204864165,22.195596360835975,compute,1.0,1.0,39.07026525246758,sealed_dsv4_empirical_inclusion,8000000000.0,75000000000.0,0.000842
1xRTXPRO6000,dsv4_flash,16,finite_16tok,64,5140.078431372549,7710,1975320576.0,1975320576.0,1883.8125,147.75,0.246915072,0.02633760768,0.04355692847721308,0.0014970535714285715,0.246915072,4.049975531667828,0.23311265181545374,4.289771456899136,storage,0.6064315370585075,0.0,39.07026525246758,sealed_dsv4_empirical_inclusion,8000000000.0,75000000000.0,0.000842
1xRTXPRO6000,dsv4_flash,16,steady_state,128,10280.156862745098,7710,0.0,0.0,0.0,0.0,0.0,0.0,0.04355692847721308,0.0014970535714285715,0.04355692847721308,22.958459996166912,0.04505398204864165,22.195596360835975,compute,1.0,1.0,39.07026525246758,sealed_dsv4_empirical_inclusion,8000000000.0,75000000000.0,0.000842
1xRTXPRO6000,dsv4_flash,16,finite_16tok,128,10280.156862745098,7710,1975320576.0,1975320576.0,1883.8125,147.75,0.246915072,0.02633760768,0.04355692847721308,0.0014970535714285715,0.246915072,4.049975531667828,0.23311265181545374,4.289771456899136,storage,0.6064315370585075,0.0,39.07026525246758,sealed_dsv4_empirical_inclusion,8000000000.0,75000000000.0,0.000842
1xRTXPRO6000,dsv4_flash,16,steady_state,256,20560.313725490196,7710,0.0,0.0,0.0,0.0,0.0,0.0,0.04355692847721308,0.0014970535714285715,0.04355692847721308,22.958459996166912,0.04505398204864165,22.195596360835975,compute,1.0,1.0,39.07026525246758,sealed_dsv4_empirical_inclusion,8000000000.0,75000000000.0,0.000842
1xRTXPRO6000,dsv4_flash,16,finite_16tok,256,20560.313725490196,7710,1975320576.0,1975320576.0,1883.8125,147.75,0.246915072,0.02633760768,0.04355692847721308,0.0014970535714285715,0.246915072,4.049975531667828,0.23311265181545374,4.289771456899136,storage,0.6064315370585075,0.0,39.07026525246758,sealed_dsv4_empirical_inclusion,8000000000.0,75000000000.0,0.000842
CPU-only,dsv4_flash,1,steady_state,2,160.62745098039215,0,3674858202.774594,4260642816.0,3504.617884420961,274.87199093497736,1.224952734258198,0.0,759.0,0.1925581395348837,759.0,0.0013175230566534915,760.060191766457,0.0013156852718149842,compute,0.0,0.1374873789057388,6.927989130434782,sealed_dsv4_empirical_inclusion,3000000000.0,0.0,0.0
CPU-only,dsv4_flash,1,finite_16tok,2,160.62745098039215,0,4507966289.848126,5019001170.054749,4299.131669853331,337.18679763555537,1.5026554299493755,0.0,759.0,0.1925581395348837,759.0,0.0013175230566534915,760.2568884963226,0.0013153448724126057,compute,0.0,0.10182003607722764,6.927989130434782,sealed_dsv4_empirical_inclusion,3000000000.0,0.0,0.0
CPU-only,dsv4_flash,1,steady_state,4,321.2549019607843,0,3154616081.3652897,4260642816.0,3008.4763349202058,235.95892822903576,1.05153869378843,0.0,759.0,0.1925581395348837,759.0,0.0013175230566534915,759.9373626574766,0.0013158979267752175,compute,0.0,0.2595915176182443,6.927989130434782,sealed_dsv4_empirical_inclusion,3000000000.0,0.0,0.0
CPU-only,dsv4_flash,1,finite_16tok,4,321.2549019607843,0,4065600212.559307,5019001170.054749,3877.258503493602,304.09870615636095,1.3552000708531025,0.0,759.0,0.1925581395348837,759.0,0.0013175230566534915,760.1524459129937,0.0013155255967096618,compute,0.0,0.18995830548591836,6.927989130434782,sealed_dsv4_empirical_inclusion,3000000000.0,0.0,0.0
CPU-only,dsv4_flash,1,steady_state,8,642.5098039215686,0,2307328700.7739625,4260642816.0,2200.4401214351296,172.5835389360886,0.7691095669246542,0.0,759.0,0.1925581395348837,759.0,0.0013175230566534915,759.7373181979345,0.0013162444124397608,compute,0.0,0.45845526123212055,6.927989130434782,sealed_dsv4_empirical_inclusion,3000000000.0,0.0,0.0
CPU-only,dsv4_flash,1,finite_16tok,8,642.5098039215686,0,3371188262.7606745,5019001170.054749,3215.0156619650597,252.1580911345145,1.1237294209202249,0.0,759.0,0.1925581395348837,759.0,0.0013175230566534915,759.9884953262399,0.0013158093920497185,compute,0.0,0.3283149079792103,6.927989130434782,sealed_dsv4_empirical_inclusion,3000000000.0,0.0,0.0
CPU-only,dsv4_flash,1,steady_state,16,1285.0196078431372,0,1161176132.4099302,4260642816.0,1107.3838543032934,86.85363563163085,0.38705871080331006,0.0,759.0,0.1925581395348837,759.0,0.0013175230566534915,759.4667116996634,0.0013167134050708167,compute,0.0,0.7274645675414604,6.927989130434782,sealed_dsv4_empirical_inclusion,3000000000.0,0.0,0.0
CPU-only,dsv4_flash,1,finite_16tok,16,1285.0196078431372,0,2544361719.3544765,5019001170.054749,2426.4924233956112,190.3131312467146,0.8481205731181588,0.0,759.0,0.1925581395348837,759.0,0.0013175230566534915,759.7932816681594,0.0013161474629052475,compute,0.0,0.4930541689180914,6.927989130434782,sealed_dsv4_empirical_inclusion,3000000000.0,0.0,0.0
CPU-only,dsv4_flash,1,steady_state,32,2570.0392156862745,0,0.0,4260642816.0,0.0,0.0,0.0,0.0,759.0,0.1925581395348837,759.0,0.0013175230566534915,759.1925581395349,0.0013171888861115604,compute,0.0,1.0,6.927989130434782,sealed_dsv4_empirical_inclusion,3000000000.0,0.0,0.0
CPU-only,dsv4_flash,1,finite_16tok,32,2570.0392156862745,0,1975320576.0,5019001170.054749,1883.8125,147.75,0.658440192,0.0,759.0,0.1925581395348837,759.0,0.0013175230566534915,759.6589311153397,0.0013163802320230592,compute,0.0,0.6064315370585075,6.927989130434782,sealed_dsv4_empirical_inclusion,3000000000.0,0.0,0.0
CPU-only,dsv4_flash,1,steady_state,64,5140.078431372549,0,0.0,4260642816.0,0.0,0.0,0.0,0.0,759.0,0.1925581395348837,759.0,0.0013175230566534915,759.1925581395349,0.0013171888861115604,compute,0.0,1.0,6.927989130434782,sealed_dsv4_empirical_inclusion,3000000000.0,0.0,0.0
CPU-only,dsv4_flash,1,finite_16tok,64,5140.078431372549,0,1975320576.0,5019001170.054749,1883.8125,147.75,0.658440192,0.0,759.0,0.1925581395348837,759.0,0.0013175230566534915,759.6589311153397,0.0013163802320230592,compute,0.0,0.6064315370585075,6.927989130434782,sealed_dsv4_empirical_inclusion,3000000000.0,0.0,0.0
CPU-only,dsv4_flash,1,steady_state,128,10280.156862745098,0,0.0,4260642816.0,0.0,0.0,0.0,0.0,759.0,0.1925581395348837,759.0,0.0013175230566534915,759.1925581395349,0.0013171888861115604,compute,0.0,1.0,6.927989130434782,sealed_dsv4_empirical_inclusion,3000000000.0,0.0,0.0
CPU-only,dsv4_flash,1,finite_16tok,128,10280.156862745098,0,1975320576.0,5019001170.054749,1883.8125,147.75,0.658440192,0.0,759.0,0.1925581395348837,759.0,0.0013175230566534915,759.6589311153397,0.0013163802320230592,compute,0.0,0.6064315370585075,6.927989130434782,sealed_dsv4_empirical_inclusion,3000000000.0,0.0,0.0
CPU-only,dsv4_flash,1,steady_state,256,20560.313725490196,0,0.0,4260642816.0,0.0,0.0,0.0,0.0,759.0,0.1925581395348837,759.0,0.0013175230566534915,759.1925581395349,0.0013171888861115604,compute,0.0,1.0,6.927989130434782,sealed_dsv4_empirical_inclusion,3000000000.0,0.0,0.0
CPU-only,dsv4_flash,1,finite_16tok,256,20560.313725490196,0,1975320576.0,5019001170.054749,1883.8125,147.75,0.658440192,0.0,759.0,0.1925581395348837,759.0,0.0013175230566534915,759.6589311153397,0.0013163802320230592,compute,0.0,0.6064315370585075,6.927989130434782,sealed_dsv4_empirical_inclusion,3000000000.0,0.0,0.0
CPU-only,dsv4_flash,4,steady_state,2,160.62745098039215,0,10688218453.481234,11744468292.0,10193.079427224382,799.4572099783829,3.562739484493745,0.0,189.75,0.14201162790697675,189.75,0.005270092226613966,192.4154988566464,0.005197086544182291,compute,0.0,0.0899359436508721,19.097012395444125,sealed_dsv4_empirical_inclusion,3000000000.0,0.0,0.0
CPU-only,dsv4_flash,4,finite_16tok,2,160.62745098039215,0,4507966289.848126,5019001170.054749,4299.131669853331,337.18679763555537,1.5026554299493755,0.0,189.75,0.14201162790697675,189.75,0.005270092226613966,190.95634198469477,0.005236799100813056,compute,0.0,0.10182003607722764,19.097012395444125,sealed_dsv4_empirical_inclusion,3000000000.0,0.0,0.0
CPU-only,dsv4_flash,4,steady_state,4,321.2549019607843,0,9656067193.825907,11744468292.0,9208.743280244738,722.2543749211559,3.2186890646086357,0.0,189.75,0.14201162790697675,189.75,0.005270092226613966,192.17180805511538,0.005203676908286138,compute,0.0,0.17781997841457442,19.097012395444125,sealed_dsv4_empirical_inclusion,3000000000.0,0.0,0.0
CPU-only,dsv4_flash,4,finite_16tok,4,321.2549019607843,0,4065600212.559307,5019001170.054749,3877.258503493602,304.09870615636095,1.3552000708531025,0.0,189.75,0.14201162790697675,189.75,0.005270092226613966,190.8518994013658,0.005239664908427123,compute,0.0,0.18995830548591836,19.097012395444125,sealed_dsv4_empirical_inclusion,3000000000.0,0.0,0.0
CPU-only,dsv4_flash,4,steady_state,8,642.5098039215686,0,7698945220.264018,11744468292.0,7342.286319984453,575.8655937242709,2.5663150734213396,0.0,189.75,0.14201162790697675,189.75,0.005270092226613966,191.70973176739128,0.0052162192851708655,compute,0.0,0.3444620029747688,19.097012395444125,sealed_dsv4_empirical_inclusion,3000000000.0,0.0,0.0
CPU-only,dsv4_flash,4,finite_16tok,8,642.5098039215686,0,3371188262.7606745,5019001170.054749,3215.0156619650597,252.1580911345145,1.1237294209202249,0.0,189.75,0.14201162790697675,189.75,0.005270092226613966,190.687948814612,0.005244169892310322,compute,0.0,0.3283149079792103,19.097012395444125,sealed_dsv4_empirical_inclusion,3000000000.0,0.0,0.0
CPU-only,dsv4_flash,4,steady_state,16,1285.0196078431372,0,4238785486.4080515,11744468292.0,4042.4208511429324,317.05261577591625,1.4129284954693504,0.0,189.75,0.14201162790697675,189.75,0.005270092226613966,190.89278842591796,0.005238542577987863,compute,0.0,0.6390823849134667,19.097012395444125,sealed_dsv4_empirical_inclusion,3000000000.0,0.0,0.0
CPU-only,dsv4_flash,4,finite_16tok,16,1285.0196078431372,0,2544361719.3544765,5019001170.054749,2426.4924233956112,190.3131312467146,0.8481205731181588,0.0,189.75,0.14201162790697675,189.75,0.005270092226613966,190.49273515653147,0.005249544026853734,compute,0.0,0.4930541689180914,19.097012395444125,sealed_dsv4_empirical_inclusion,3000000000.0,0.0,0.0
CPU-only,dsv4_flash,4,steady_state,32,2570.0392156862745,0,0.0,11744468292.0,0.0,0.0,0.0,0.0,189.75,0.14201162790697675,189.75,0.005270092226613966,189.89201162790698,0.005266150963524985,compute,0.0,1.0,19.097012395444125,sealed_dsv4_empirical_inclusion,3000000000.0,0.0,0.0
CPU-only,dsv4_flash,4,finite_16tok,32,2570.0392156862745,0,1975320576.0,5019001170.054749,1883.8125,147.75,0.658440192,0.0,189.75,0.14201162790697675,189.75,0.005270092226613966,190.3583846037118,0.005253249033825332,compute,0.0,0.6064315370585075,19.097012395444125,sealed_dsv4_empirical_inclusion,3000000000.0,0.0,0.0
CPU-only,dsv4_flash,4,steady_state,64,5140.078431372549,0,0.0,11744468292.0,0.0,0.0,0.0,0.0,189.75,0.14201162790697675,189.75,0.005270092226613966,189.89201162790698,0.005266150963524985,compute,0.0,1.0,19.097012395444125,sealed_dsv4_empirical_inclusion,3000000000.0,0.0,0.0
CPU-only,dsv4_flash,4,finite_16tok,64,5140.078431372549,0,1975320576.0,5019001170.054749,1883.8125,147.75,0.658440192,0.0,189.75,0.14201162790697675,189.75,0.005270092226613966,190.3583846037118,0.005253249033825332,compute,0.0,0.6064315370585075,19.097012395444125,sealed_dsv4_empirical_inclusion,3000000000.0,0.0,0.0
CPU-only,dsv4_flash,4,steady_state,128,10280.156862745098,0,0.0,11744468292.0,0.0,0.0,0.0,0.0,189.75,0.14201162790697675,189.75,0.005270092226613966,189.89201162790698,0.005266150963524985,compute,0.0,1.0,19.097012395444125,sealed_dsv4_empirical_inclusion,3000000000.0,0.0,0.0
CPU-only,dsv4_flash,4,finite_16tok,128,10280.156862745098,0,1975320576.0,5019001170.054749,1883.8125,147.75,0.658440192,0.0,189.75,0.14201162790697675,189.75,0.005270092226613966,190.3583846037118,0.005253249033825332,compute,0.0,0.6064315370585075,19.097012395444125,sealed_dsv4_empirical_inclusion,3000000000.0,0.0,0.0
CPU-only,dsv4_flash,4,steady_state,256,20560.313725490196,0,0.0,11744468292.0,0.0,0.0,0.0,0.0,189.75,0.14201162790697675,189.75,0.005270092226613966,189.89201162790698,0.005266150963524985,compute,0.0,1.0,19.097012395444125,sealed_dsv4_empirical_inclusion,3000000000.0,0.0,0.0
CPU-only,dsv4_flash,4,finite_16tok,256,20560.313725490196,0,1975320576.0,5019001170.054749,1883.8125,147.75,0.658440192,0.0,189.75,0.14201162790697675,189.75,0.005270092226613966,190.3583846037118,0.005253249033825332,compute,0.0,0.6064315370585075,19.097012395444125,sealed_dsv4_empirical_inclusion,3000000000.0,0.0,0.0
CPU-only,dsv4_flash,8,steady_state,2,160.62745098039215,0,16257276676.913486,17609797759.45514,15504.14722148274,1216.01154678296,5.419092225637828,0.0,94.875,0.13358720930232557,94.875,0.010540184453227932,98.84692848636632,0.010116652235055814,compute,0.0,0.07680503211999978,28.634291287810218,sealed_dsv4_empirical_inclusion,3000000000.0,0.0,0.0
CPU-only,dsv4_flash,8,finite_16tok,2,160.62745098039215,0,4507966289.848126,5019001170.054749,4299.131669853331,337.18679763555537,1.5026554299493755,0.0,94.875,0.13358720930232557,94.875,0.010540184453227932,96.07291756609011,0.010408760609482728,compute,0.0,0.10182003607722764,28.634291287810218,sealed_dsv4_empirical_inclusion,3000000000.0,0.0,0.0
CPU-only,dsv4_flash,8,steady_state,4,321.2549019607843,0,14911081087.521223,17609797759.45514,14220.315063019965,1115.318828472154,4.9703603625070745,0.0,94.875,0.13358720930232557,94.875,0.010540184453227932,98.52909185231903,0.010149286684777898,compute,0.0,0.15325086118521203,28.634291287810218,sealed_dsv4_empirical_inclusion,3000000000.0,0.0,0.0
CPU-only,dsv4_flash,8,finite_16tok,4,321.2549019607843,0,4065600212.559307,5019001170.054749,3877.258503493602,304.09870615636095,1.3552000708531025,0.0,94.875,0.13358720930232557,94.875,0.010540184453227932,95.96847498276115,0.010420088473632934,compute,0.0,0.18995830548591836,28.634291287810218,sealed_dsv4_empirical_inclusion,3000000000.0,0.0,0.0
CPU-only,dsv4_flash,8,steady_state,8,642.5098039215686,0,12276022071.045946,17609797759.45514,11707.32695679278,918.2217221013946,4.092007357015316,0.0,94.875,0.13358720930232557,94.875,0.010540184453227932,97.90695470158703,0.01021377902160193,compute,0.0,0.30288682251023324,28.634291287810218,sealed_dsv4_empirical_inclusion,3000000000.0,0.0,0.0
CPU-only,dsv4_flash,8,finite_16tok,8,642.5098039215686,0,3371188262.7606745,5019001170.054749,3215.0156619650597,252.1580911345145,1.1237294209202249,0.0,94.875,0.13358720930232557,94.875,0.010540184453227932,95.80452439600737,0.010437920404118981,compute,0.0,0.3283149079792103,28.634291287810218,sealed_dsv4_empirical_inclusion,3000000000.0,0.0,0.0
CPU-only,dsv4_flash,8,steady_state,16,1285.0196078431372,0,7239338099.307048,17609797759.45514,6903.97081309037,541.4879069090487,2.413112699769016,0.0,94.875,0.13358720930232557,94.875,0.010540184453227932,96.71779415689963,0.010339359046772287,compute,0.0,0.588902825677253,28.634291287810218,sealed_dsv4_empirical_inclusion,3000000000.0,0.0,0.0
CPU-only,dsv4_flash,8,finite_16tok,16,1285.0196078431372,0,2544361719.3544765,5019001170.054749,2426.4924233956112,190.3131312467146,0.8481205731181588,0.0,94.875,0.13358720930232557,94.875,0.010540184453227932,95.60931073792679,0.010459232393601128,compute,0.0,0.4930541689180914,28.634291287810218,sealed_dsv4_empirical_inclusion,3000000000.0,0.0,0.0
CPU-only,dsv4_flash,8,steady_state,32,2570.0392156862745,0,0.0,17609797759.45514,0.0,0.0,0.0,0.0,94.875,0.13358720930232557,94.875,0.010540184453227932,95.00858720930232,0.01052536438413737,compute,0.0,1.0,28.634291287810218,sealed_dsv4_empirical_inclusion,3000000000.0,0.0,0.0
CPU-only,dsv4_flash,8,finite_16tok,32,2570.0392156862745,0,1975320576.0,5019001170.054749,1883.8125,147.75,0.658440192,0.0,94.875,0.13358720930232557,94.875,0.010540184453227932,95.47496018510715,0.010473950427014548,compute,0.0,0.6064315370585075,28.634291287810218,sealed_dsv4_empirical_inclusion,3000000000.0,0.0,0.0
CPU-only,dsv4_flash,8,steady_state,64,5140.078431372549,0,0.0,17609797759.45514,0.0,0.0,0.0,0.0,94.875,0.13358720930232557,94.875,0.010540184453227932,95.00858720930232,0.01052536438413737,compute,0.0,1.0,28.634291287810218,sealed_dsv4_empirical_inclusion,3000000000.0,0.0,0.0
CPU-only,dsv4_flash,8,finite_16tok,64,5140.078431372549,0,1975320576.0,5019001170.054749,1883.8125,147.75,0.658440192,0.0,94.875,0.13358720930232557,94.875,0.010540184453227932,95.47496018510715,0.010473950427014548,compute,0.0,0.6064315370585075,28.634291287810218,sealed_dsv4_empirical_inclusion,3000000000.0,0.0,0.0
CPU-only,dsv4_flash,8,steady_state,128,10280.156862745098,0,0.0,17609797759.45514,0.0,0.0,0.0,0.0,94.875,0.13358720930232557,94.875,0.010540184453227932,95.00858720930232,0.01052536438413737,compute,0.0,1.0,28.634291287810218,sealed_dsv4_empirical_inclusion,3000000000.0,0.0,0.0
CPU-only,dsv4_flash,8,finite_16tok,128,10280.156862745098,0,1975320576.0,5019001170.054749,1883.8125,147.75,0.658440192,0.0,94.875,0.13358720930232557,94.875,0.010540184453227932,95.47496018510715,0.010473950427014548,compute,0.0,0.6064315370585075,28.634291287810218,sealed_dsv4_empirical_inclusion,3000000000.0,0.0,0.0
CPU-only,dsv4_flash,8,steady_state,256,20560.313725490196,0,0.0,17609797759.45514,0.0,0.0,0.0,0.0,94.875,0.13358720930232557,94.875,0.010540184453227932,95.00858720930232,0.01052536438413737,compute,0.0,1.0,28.634291287810218,sealed_dsv4_empirical_inclusion,3000000000.0,0.0,0.0
CPU-only,dsv4_flash,8,finite_16tok,256,20560.313725490196,0,1975320576.0,5019001170.054749,1883.8125,147.75,0.658440192,0.0,94.875,0.13358720930232557,94.875,0.010540184453227932,95.47496018510715,0.010473950427014548,compute,0.0,0.6064315370585075,28.634291287810218,sealed_dsv4_empirical_inclusion,3000000000.0,0.0,0.0
CPU-only,dsv4_flash,16,steady_state,2,160.62745098039215,0,22342546515.02061,24027815551.248352,21307.512774487124,1671.177472508794,7.44751550500687,0.0,47.4375,0.129375,47.4375,0.021080368906455864,52.84194783216193,0.01892435916965491,compute,0.0,0.07013825425092313,39.07026525246758,sealed_dsv4_empirical_inclusion,3000000000.0,0.0,0.0
CPU-only,dsv4_flash,16,finite_16tok,2,160.62745098039215,0,4507966289.848126,5019001170.054749,4299.131669853331,337.18679763555537,1.5026554299493755,0.0,47.4375,0.129375,47.4375,0.021080368906455864,48.63120535678779,0.020562928528367705,compute,0.0,0.10182003607722764,39.07026525246758,sealed_dsv4_empirical_inclusion,3000000000.0,0.0,0.0
CPU-only,dsv4_flash,16,steady_state,4,321.2549019607843,0,20651389087.42498,24027815551.248352,19694.69937078951,1544.6823035913342,6.883796362474994,0.0,47.4375,0.129375,47.4375,0.021080368906455864,52.442665745170586,0.019068443333128796,compute,0.0,0.14052157411571065,39.07026525246758,sealed_dsv4_empirical_inclusion,3000000000.0,0.0,0.0
CPU-only,dsv4_flash,16,finite_16tok,4,321.2549019607843,0,4065600212.559307,5019001170.054749,3877.258503493602,304.09870615636095,1.3552000708531025,0.0,47.4375,0.129375,47.4375,0.021080368906455864,48.52676277345883,0.02060718545492878,compute,0.0,0.18995830548591836,39.07026525246758,sealed_dsv4_empirical_inclusion,3000000000.0,0.0,0.0
CPU-only,dsv4_flash,16,steady_state,8,642.5098039215686,0,17296013458.852085,24027815551.248352,16494.763811924062,1293.706965641103,5.765337819617362,0.0,47.4375,0.129375,47.4375,0.021080368906455864,51.65046191969869,0.019360911070934978,compute,0.0,0.28016704548268934,39.07026525246758,sealed_dsv4_empirical_inclusion,3000000000.0,0.0,0.0
CPU-only,dsv4_flash,16,finite_16tok,8,642.5098039215686,0,3371188262.7606745,5019001170.054749,3215.0156619650597,252.1580911345145,1.1237294209202249,0.0,47.4375,0.129375,47.4375,0.021080368906455864,48.36281218670504,0.02067704409204931,compute,0.0,0.3283149079792103,39.07026525246758,sealed_dsv4_empirical_inclusion,3000000000.0,0.0,0.0
CPU-only,dsv4_flash,16,steady_state,16,1285.0196078431372,0,10652248003.0192,24027815551.248352,10158.775332469177,796.7666927426806,3.5507493343397334,0.0,47.4375,0.129375,47.4375,0.021080368906455864,50.08186960924927,0.019967305689708458,compute,0.0,0.556670144221006,39.07026525246758,sealed_dsv4_empirical_inclusion,3000000000.0,0.0,0.0
CPU-only,dsv4_flash,16,finite_16tok,16,1285.0196078431372,0,2544361719.3544765,5019001170.054749,2426.4924233956112,190.3131312467146,0.8481205731181588,0.0,47.4375,0.129375,47.4375,0.021080368906455864,48.167598528624474,0.02076084402268325,compute,0.0,0.4930541689180914,39.07026525246758,sealed_dsv4_empirical_inclusion,3000000000.0,0.0,0.0
CPU-only,dsv4_flash,16,steady_state,32,2570.0392156862745,0,0.0,24027815551.248352,0.0,0.0,0.0,0.0,47.4375,0.129375,47.4375,0.021080368906455864,47.566875,0.021023033360926063,compute,0.0,1.0,39.07026525246758,sealed_dsv4_empirical_inclusion,3000000000.0,0.0,0.0
CPU-only,dsv4_flash,16,finite_16tok,32,2570.0392156862745,0,1975320576.0,5019001170.054749,1883.8125,147.75,0.658440192,0.0,47.4375,0.129375,47.4375,0.021080368906455864,48.033247975804834,0.02081891277691063,compute,0.0,0.6064315370585075,39.07026525246758,sealed_dsv4_empirical_inclusion,3000000000.0,0.0,0.0
CPU-only,dsv4_flash,16,steady_state,64,5140.078431372549,0,0.0,24027815551.248352,0.0,0.0,0.0,0.0,47.4375,0.129375,47.4375,0.021080368906455864,47.566875,0.021023033360926063,compute,0.0,1.0,39.07026525246758,sealed_dsv4_empirical_inclusion,3000000000.0,0.0,0.0
CPU-only,dsv4_flash,16,finite_16tok,64,5140.078431372549,0,1975320576.0,5019001170.054749,1883.8125,147.75,0.658440192,0.0,47.4375,0.129375,47.4375,0.021080368906455864,48.033247975804834,0.02081891277691063,compute,0.0,0.6064315370585075,39.07026525246758,sealed_dsv4_empirical_inclusion,3000000000.0,0.0,0.0
CPU-only,dsv4_flash,16,steady_state,128,10280.156862745098,0,0.0,24027815551.248352,0.0,0.0,0.0,0.0,47.4375,0.129375,47.4375,0.021080368906455864,47.566875,0.021023033360926063,compute,0.0,1.0,39.07026525246758,sealed_dsv4_empirical_inclusion,3000000000.0,0.0,0.0
CPU-only,dsv4_flash,16,finite_16tok,128,10280.156862745098,0,1975320576.0,5019001170.054749,1883.8125,147.75,0.658440192,0.0,47.4375,0.129375,47.4375,0.021080368906455864,48.033247975804834,0.02081891277691063,compute,0.0,0.6064315370585075,39.07026525246758,sealed_dsv4_empirical_inclusion,3000000000.0,0.0,0.0
CPU-only,dsv4_flash,16,steady_state,256,20560.313725490196,0,0.0,24027815551.248352,0.0,0.0,0.0,0.0,47.4375,0.129375,47.4375,0.021080368906455864,47.566875,0.021023033360926063,compute,0.0,1.0,39.07026525246758,sealed_dsv4_empirical_inclusion,3000000000.0,0.0,0.0
CPU-only,dsv4_flash,16,finite_16tok,256,20560.313725490196,0,1975320576.0,5019001170.054749,1883.8125,147.75,0.658440192,0.0,47.4375,0.129375,47.4375,0.021080368906455864,48.033247975804834,0.02081891277691063,compute,0.0,0.6064315370585075,39.07026525246758,sealed_dsv4_empirical_inclusion,3000000000.0,0.0,0.0
2xT4,mimo_v2_flash,1,steady_state,2,80.31372549019608,281,67718878.71400966,69339986.34894457,64.58175536538091,5.065235714931836,0.20520872337578683,0.006063112979728271,0.003816155107596899,0.20093023255813952,0.20520872337578683,4.873087184353065,0.3531272167921597,2.831840629799347,storage,0.13558478325557632,0.023379116730379845,0.125,zipf_mandelbrot_transferred (ASSUMPTION),330000000.0,11436367189.722427,0.0
2xT4,mimo_v2_flash,1,finite_16tok,2,80.31372549019608,281,110082790.25813834,110082790.25813834,104.98312974752268,8.233970960590014,0.33358421290344953,0.00962567819237799,0.003816155107596899,0.20093023255813952,0.33358421290344953,2.9977437819859705,0.4458368172606756,2.242973126679468,storage,0.0,0.0,0.125,zipf_mandelbrot_transferred (ASSUMPTION),330000000.0,11436367189.722427,0.0
2xT4,mimo_v2_flash,1,steady_state,4,160.62745098039215,281,66124952.8079443,69339986.34894457,63.06166916651182,4.946013267961711,0.20037864487255846,0.006063112979728271,0.003816155107596899,0.20093023255813952,0.20093023255813952,4.976851851851852,0.3497060737448629,2.8595442718263335,dense,0.13558478325557632,0.04636622691012693,0.125,zipf_mandelbrot_transferred (ASSUMPTION),330000000.0,11436367189.722427,0.0
2xT4,mimo_v2_flash,1,finite_16tok,4,160.62745098039215,281,110082790.25813834,110082790.25813834,104.98312974752268,8.233970960590014,0.33358421290344953,0.00962567819237799,0.003816155107596899,0.20093023255813952,0.33358421290344953,2.9977437819859705,0.4458368172606756,2.242973126679468,storage,0.0,0.0,0.125,zipf_mandelbrot_transferred (ASSUMPTION),330000000.0,11436367189.722427,0.0
2xT4,mimo_v2_flash,1,steady_state,8,321.2549019607843,281,63055001.03365658,69339986.34894457,60.13393500676783,4.716387059354339,0.19107576070805024,0.006063112979728271,0.003816155107596899,0.20093023255813952,0.20093023255813952,4.976851851851852,0.34311684388908675,2.914459076579907,dense,0.13558478325557632,0.09064012911193275,0.125,zipf_mandelbrot_transferred (ASSUMPTION),330000000.0,11436367189.722427,0.0
2xT4,mimo_v2_flash,1,finite_16tok,8,321.2549019607843,281,110082790.25813834,110082790.25813834,104.98312974752268,8.233970960590014,0.33358421290344953,0.00962567819237799,0.003816155107596899,0.20093023255813952,0.33358421290344953,2.9977437819859705,0.4458368172606756,2.242973126679468,storage,0.0,0.0,0.125,zipf_mandelbrot_transferred (ASSUMPTION),330000000.0,11436367189.722427,0.0
2xT4,mimo_v2_flash,1,steady_state,16,642.5098039215686,281,57310658.11811641,69339986.34894457,54.65570270358697,4.286721780673488,0.1736686609639891,0.006063112979728271,0.003816155107596899,0.20093023255813952,0.20093023255813952,4.976851851851852,0.3307874007499758,3.0230897480761234,dense,0.13558478325557632,0.17348327947877162,0.125,zipf_mandelbrot_transferred (ASSUMPTION),330000000.0,11436367189.722427,0.0
2xT4,mimo_v2_flash,1,finite_16tok,16,642.5098039215686,281,110082790.25813834,110082790.25813834,104.98312974752268,8.233970960590014,0.33358421290344953,0.00962567819237799,0.003816155107596899,0.20093023255813952,0.33358421290344953,2.9977437819859705,0.4458368172606756,2.242973126679468,storage,0.0,0.0,0.125,zipf_mandelbrot_transferred (ASSUMPTION),330000000.0,11436367189.722427,0.0
2xT4,mimo_v2_flash,1,steady_state,32,1285.0196078431372,281,47225533.73023172,69339986.34894457,45.037778597099035,3.5323747919293362,0.14310767797039914,0.006063112979728271,0.003816155107596899,0.20093023255813952,0.20093023255813952,4.976851851851852,0.3091410663441906,3.23476920043558,dense,0.13558478325557632,0.3189278478859904,0.125,zipf_mandelbrot_transferred (ASSUMPTION),330000000.0,11436367189.722427,0.0
2xT4,mimo_v2_flash,1,finite_16tok,32,1285.0196078431372,281,110082790.25813834,110082790.25813834,104.98312974752268,8.233970960590014,0.33358421290344953,0.00962567819237799,0.003816155107596899,0.20093023255813952,0.33358421290344953,2.9977437819859705,0.4458368172606756,2.242973126679468,storage,0.0,0.0,0.125,zipf_mandelbrot_transferred (ASSUMPTION),330000000.0,11436367189.722427,0.0
2xT4,mimo_v2_flash,1,steady_state,64,2570.0392156862745,281,31024107.571794342,69339986.34894457,29.586894580644934,2.320540751423132,0.09401244718725559,0.006063112979728271,0.003816155107596899,0.20093023255813952,0.20093023255813952,4.976851851851852,0.2743669302019065,3.6447541227512383,dense,0.13558478325557632,0.5525798430984756,0.125,zipf_mandelbrot_transferred (ASSUMPTION),330000000.0,11436367189.722427,0.0
2xT4,mimo_v2_flash,1,finite_16tok,64,2570.0392156862745,281,110082790.25813834,110082790.25813834,104.98312974752268,8.233970960590014,0.33358421290344953,0.00962567819237799,0.003816155107596899,0.20093023255813952,0.33358421290344953,2.9977437819859705,0.4458368172606756,2.242973126679468,storage,0.0,0.0,0.125,zipf_mandelbrot_transferred (ASSUMPTION),330000000.0,11436367189.722427,0.0
2xT4,mimo_v2_flash,1,steady_state,128,5140.078431372549,281,7157744.084986773,69339986.34894457,6.8261566972606404,0.5353848390008346,0.02169013359086901,0.006063112979728271,0.003816155107596899,0.20093023255813952,0.20093023255813952,4.976851851851852,0.22314105878815618,4.481470175999172,dense,0.13558478325557632,0.8967732117949037,0.125,zipf_mandelbrot_transferred (ASSUMPTION),330000000.0,11436367189.722427,0.0
2xT4,mimo_v2_flash,1,finite_16tok,128,5140.078431372549,281,110082790.25813834,110082790.25813834,104.98312974752268,8.233970960590014,0.33358421290344953,0.00962567819237799,0.003816155107596899,0.20093023255813952,0.33358421290344953,2.9977437819859705,0.4458368172606756,2.242973126679468,storage,0.0,0.0,0.125,zipf_mandelbrot_transferred (ASSUMPTION),330000000.0,11436367189.722427,0.0
2xT4,mimo_v2_flash,1,steady_state,256,10280.156862745098,281,0.0,69339986.34894457,0.0,0.0,0.0,0.006063112979728271,0.003816155107596899,0.20093023255813952,0.20093023255813952,4.976851851851852,0.20777794415560055,4.812830370730403,dense,0.13558478325557632,1.0,0.125,zipf_mandelbrot_transferred (ASSUMPTION),330000000.0,11436367189.722427,0.0
2xT4,mimo_v2_flash,1,finite_16tok,256,10280.156862745098,281,110082790.25813834,110082790.25813834,104.98312974752268,8.233970960590014,0.33358421290344953,0.00962567819237799,0.003816155107596899,0.20093023255813952,0.33358421290344953,2.9977437819859705,0.4458368172606756,2.242973126679468,storage,0.0,0.0,0.125,zipf_mandelbrot_transferred (ASSUMPTION),330000000.0,11436367189.722427,0.0
2xT4,mimo_v2_flash,4,steady_state,2,80.31372549019608,281,270601364.0859568,277070566.65208936,258.06557091327363,20.2404369343744,0.8200041335938085,0.02422714853901208,0.0038089652249965232,0.1481860465116279,0.8200041335938085,1.2195060476309172,0.7449172495763027,1.3424309889035118,storage,0.13380784758151967,0.023348573774188308,0.4984536869431582,zipf_mandelbrot_transferred (ASSUMPTION),330000000.0,11436367189.722427,0.0
2xT4,mimo_v2_flash,4,finite_16tok,2,80.31372549019608,281,110082790.25813834,110082790.25813834,104.98312974752268,8.233970960590014,0.33358421290344953,0.00962567819237799,0.0038089652249965232,0.1481860465116279,0.33358421290344953,2.9977437819859705,0.39308544133156365,2.543976181393373,storage,0.0,0.0,0.4984536869431582,zipf_mandelbrot_transferred (ASSUMPTION),330000000.0,11436367189.722427,0.0
2xT4,mimo_v2_flash,4,steady_state,4,160.62745098039215,281,264240181.21493217,277070566.65208936,251.99907418721406,19.764633269585417,0.8007278218634308,0.02422714853901208,0.0038089652249965232,0.1481860465116279,0.8007278218634308,1.2488638120164586,0.7312638441896555,1.367495477789063,storage,0.13380784758151967,0.046307284069144306,0.4984536869431582,zipf_mandelbrot_transferred (ASSUMPTION),330000000.0,11436367189.722427,0.0
2xT4,mimo_v2_flash,4,finite_16tok,4,160.62745098039215,281,110082790.25813834,110082790.25813834,104.98312974752268,8.233970960590014,0.33358421290344953,0.00962567819237799,0.0038089652249965232,0.1481860465116279,0.33358421290344953,2.9977437819859705,0.39308544133156365,2.543976181393373,storage,0.0,0.0,0.4984536869431582,zipf_mandelbrot_transferred (ASSUMPTION),330000000.0,11436367189.722427,0.0
2xT4,mimo_v2_flash,4,steady_state,8,321.2549019607843,281,251987001.76486468,277070566.65208936,240.31353165136784,18.848120129519046,0.7635969750450445,0.02422714853901208,0.0038089652249965232,0.1481860465116279,0.7635969750450445,1.3095913586365504,0.7049640773539696,1.4185119953252454,storage,0.13380784758151967,0.09053132272516484,0.4984536869431582,zipf_mandelbrot_transferred (ASSUMPTION),330000000.0,11436367189.722427,0.0
2xT4,mimo_v2_flash,4,finite_16tok,8,321.2549019607843,281,110082790.25813834,110082790.25813834,104.98312974752268,8.233970960590014,0.33358421290344953,0.00962567819237799,0.0038089652249965232,0.1481860465116279,0.33358421290344953,2.9977437819859705,0.39308544133156365,2.543976181393373,storage,0.0,0.0,0.4984536869431582,zipf_mandelbrot_transferred (ASSUMPTION),330000000.0,11436367189.722427,0.0
2xT4,mimo_v2_flash,4,steady_state,16,642.5098039215686,281,229054608.67222592,277070566.65208936,218.44349734518616,17.132823321191072,0.6941048747643209,0.02422714853901208,0.0038089652249965232,0.1481860465116279,0.6941048747643209,1.4407044761636978,0.6557428451196397,1.524988045912344,storage,0.13380784758151967,0.1732986601935087,0.4984536869431582,zipf_mandelbrot_transferred (ASSUMPTION),330000000.0,11436367189.722427,0.0
2xT4,mimo_v2_flash,4,finite_16tok,16,642.5098039215686,281,110082790.25813834,110082790.25813834,104.98312974752268,8.233970960590014,0.33358421290344953,0.00962567819237799,0.0038089652249965232,0.1481860465116279,0.33358421290344953,2.9977437819859705,0.39308544133156365,2.543976181393373,storage,0.0,0.0,0.4984536869431582,zipf_mandelbrot_transferred (ASSUMPTION),330000000.0,11436367189.722427,0.0
2xT4,mimo_v2_flash,4,steady_state,32,1285.0196078431372,281,188776332.59979358,277070566.65208936,180.03113994578703,14.120089407512708,0.5720494927266472,0.02422714853901208,0.0038089652249965232,0.1481860465116279,0.5720494927266472,1.7481004925527452,0.5692910573558915,1.7565707155924135,storage,0.13380784758151967,0.3186705651169529,0.4984536869431582,zipf_mandelbrot_transferred (ASSUMPTION),330000000.0,11436367189.722427,0.0
2xT4,mimo_v2_flash,4,finite_16tok,32,1285.0196078431372,281,110082790.25813834,110082790.25813834,104.98312974752268,8.233970960590014,0.33358421290344953,0.00962567819237799,0.0038089652249965232,0.1481860465116279,0.33358421290344953,2.9977437819859705,0.39308544133156365,2.543976181393373,storage,0.0,0.0,0.4984536869431582,zipf_mandelbrot_transferred (ASSUMPTION),330000000.0,11436367189.722427,0.0
2xT4,mimo_v2_flash,4,steady_state,64,2570.0392156862745,281,124032594.25317253,277070566.65208936,118.28669953648809,9.277388198940242,0.37585634622173497,0.02422714853901208,0.0038089652249965232,0.1481860465116279,0.37585634622173497,2.660590967938729,0.4303275149116153,2.3238114351237553,storage,0.13380784758151967,0.5523429437060443,0.4984536869431582,zipf_mandelbrot_transferred (ASSUMPTION),330000000.0,11436367189.722427,0.0
2xT4,mimo_v2_flash,4,finite_16tok,64,2570.0392156862745,281,110082790.25813834,110082790.25813834,104.98312974752268,8.233970960590014,0.33358421290344953,0.00962567819237799,0.0038089652249965232,0.1481860465116279,0.33358421290344953,2.9977437819859705,0.39308544133156365,2.543976181393373,storage,0.0,0.0,0.4984536869431582,zipf_mandelbrot_transferred (ASSUMPTION),330000000.0,11436367189.722427,0.0
2xT4,mimo_v2_flash,4,steady_state,128,5140.078431372549,281,28618550.37978354,277070566.65208936,27.292776469977895,2.1406099192139525,0.086722879938738,0.02422714853901208,0.0038089652249965232,0.1481860465116279,0.1481860465116279,6.7482736974262405,0.22553437391944547,4.433913920177737,dense,0.13380784758151967,0.8967102470479329,0.4984536869431582,zipf_mandelbrot_transferred (ASSUMPTION),330000000.0,11436367189.722427,0.0
2xT4,mimo_v2_flash,4,finite_16tok,128,5140.078431372549,281,110082790.25813834,110082790.25813834,104.98312974752268,8.233970960590014,0.33358421290344953,0.00962567819237799,0.0038089652249965232,0.1481860465116279,0.33358421290344953,2.9977437819859705,0.39308544133156365,2.543976181393373,storage,0.0,0.0,0.4984536869431582,zipf_mandelbrot_transferred (ASSUMPTION),330000000.0,11436367189.722427,0.0
2xT4,mimo_v2_flash,4,steady_state,256,10280.156862745098,281,0.0,277070566.65208936,0.0,0.0,0.0,0.02422714853901208,0.0038089652249965232,0.1481860465116279,0.1481860465116279,6.7482736974262405,0.16410858600613046,6.093526392108722,dense,0.13380784758151967,1.0,0.4984536869431582,zipf_mandelbrot_transferred (ASSUMPTION),330000000.0,11436367189.722427,0.0
2xT4,mimo_v2_flash,4,finite_16tok,256,10280.156862745098,281,110082790.25813834,110082790.25813834,104.98312974752268,8.233970960590014,0.33358421290344953,0.00962567819237799,0.0038089652249965232,0.1481860465116279,0.33358421290344953,2.9977437819859705,0.39308544133156365,2.543976181393373,storage,0.0,0.0,0.4984536869431582,zipf_mandelbrot_transferred (ASSUMPTION),330000000.0,11436367189.722427,0.0
2xT4,mimo_v2_flash,8,steady_state,2,80.31372549019608,281,540468448.1753899,553366243.9264181,515.4308778528117,40.425951204142095,1.6377831762890602,0.04838654047621995,0.003799662506386769,0.13939534883720928,1.6377831762890602,0.6105814337804049,1.3274295775556602,0.7533356321933162,storage,0.1315332050601476,0.023307883147175135,0.9929059413039162,zipf_mandelbrot_transferred (ASSUMPTION),330000000.0,11436367189.722427,0.0
2xT4,mimo_v2_flash,8,finite_16tok,2,80.31372549019608,281,110082790.25813834,110082790.25813834,104.98312974752268,8.233970960590014,0.33358421290344953,0.00962567819237799,0.003799662506386769,0.13939534883720928,0.33358421290344953,2.9977437819859705,0.3842854409385352,2.6022323342714033,storage,0.0,0.0,0.9929059413039162,zipf_mandelbrot_transferred (ASSUMPTION),330000000.0,11436367189.722427,0.0
2xT4,mimo_v2_flash,8,steady_state,4,160.62745098039215,281,527784813.22938585,553366243.9264181,503.3348209661349,39.47724086008901,1.5993479188769268,0.04838654047621995,0.003799662506386769,0.13939534883720928,1.5993479188769268,0.6252548230420101,1.3002058971167822,0.7691089559103743,storage,0.1315332050601476,0.04622875171336582,0.9929059413039162,zipf_mandelbrot_transferred (ASSUMPTION),330000000.0,11436367189.722427,0.0
2xT4,mimo_v2_flash,8,finite_16tok,4,160.62745098039215,281,110082790.25813834,110082790.25813834,104.98312974752268,8.233970960590014,0.33358421290344953,0.00962567819237799,0.003799662506386769,0.13939534883720928,0.33358421290344953,2.9977437819859705,0.3842854409385352,2.6022323342714033,storage,0.0,0.0,0.9929059413039162,zipf_mandelbrot_transferred (ASSUMPTION),330000000.0,11436367189.722427,0.0
2xT4,mimo_v2_flash,8,steady_state,8,321.2549019607843,281,503349498.2972081,553366243.9264181,480.0314887020188,37.649528525648535,1.5253015099915397,0.04838654047621995,0.003799662506386769,0.13939534883720928,1.5253015099915397,0.6556080836801549,1.2477588495654393,0.8014369125478638,storage,0.1315332050601476,0.0903863330627388,0.9929059413039162,zipf_mandelbrot_transferred (ASSUMPTION),330000000.0,11436367189.722427,0.0
2xT4,mimo_v2_flash,8,finite_16tok,8,321.2549019607843,281,110082790.25813834,110082790.25813834,104.98312974752268,8.233970960590014,0.33358421290344953,0.00962567819237799,0.003799662506386769,0.13939534883720928,0.33358421290344953,2.9977437819859705,0.3842854409385352,2.6022323342714033,storage,0.0,0.0,0.9929059413039162,zipf_mandelbrot_transferred (ASSUMPTION),330000000.0,11436367189.722427,0.0
2xT4,mimo_v2_flash,8,steady_state,16,642.5098039215686,281,457604823.91842926,553366243.9264181,436.4059676346104,34.22791903016552,1.3866812846013008,0.04838654047621995,0.003799662506386769,0.13939534883720928,1.3866812846013008,0.7211462439889498,1.1495741885932513,0.8698873112519279,storage,0.1315332050601476,0.17305251460318993,0.9929059413039162,zipf_mandelbrot_transferred (ASSUMPTION),330000000.0,11436367189.722427,0.0
2xT4,mimo_v2_flash,8,finite_16tok,16,642.5098039215686,281,110082790.25813834,110082790.25813834,104.98312974752268,8.233970960590014,0.33358421290344953,0.00962567819237799,0.003799662506386769,0.13939534883720928,0.33358421290344953,2.9977437819859705,0.3842854409385352,2.6022323342714033,storage,0.0,0.0,0.9929059413039162,zipf_mandelbrot_transferred (ASSUMPTION),330000000.0,11436367189.722427,0.0
2xT4,mimo_v2_flash,8,steady_state,32,1285.0196078431372,281,377214751.0046819,553366243.9264181,359.7400198027438,28.21490351394069,1.1430750030444905,0.04838654047621995,0.003799662506386769,0.13939534883720928,1.1430750030444905,0.8748332325845448,0.9770279378710607,1.023512185515386,storage,0.1315332050601476,0.31832713840990867,0.9929059413039162,zipf_mandelbrot_transferred (ASSUMPTION),330000000.0,11436367189.722427,0.0
2xT4,mimo_v2_flash,8,finite_16tok,32,1285.0196078431372,281,110082790.25813834,110082790.25813834,104.98312974752268,8.233970960590014,0.33358421290344953,0.00962567819237799,0.003799662506386769,0.13939534883720928,0.33358421290344953,2.9977437819859705,0.3842854409385352,2.6022323342714033,storage,0.0,0.0,0.9929059413039162,zipf_mandelbrot_transferred (ASSUMPTION),330000000.0,11436367189.722427,0.0
2xT4,mimo_v2_flash,8,steady_state,64,2570.0392156862745,281,247893988.58599395,553366243.9264181,236.41013010596652,18.541970988703255,0.7511939048060423,0.04838654047621995,0.003799662506386769,0.13939534883720928,0.7511939048060423,1.3312142092768966,0.6994586822762702,1.4296770135809436,storage,0.1315332050601476,0.5520254599791656,0.9929059413039162,zipf_mandelbrot_transferred (ASSUMPTION),330000000.0,11436367189.722427,0.0
2xT4,mimo_v2_flash,8,finite_16tok,64,2570.0392156862745,281,110082790.25813834,110082790.25813834,104.98312974752268,8.233970960590014,0.33358421290344953,0.00962567819237799,0.003799662506386769,0.13939534883720928,0.33358421290344953,2.9977437819859705,0.3842854409385352,2.6022323342714033,storage,0.0,0.0,0.9929059413039162,zipf_mandelbrot_transferred (ASSUMPTION),330000000.0,11436367189.722427,0.0
2xT4,mimo_v2_flash,8,steady_state,128,5140.078431372549,281,57204263.77791494,553366243.9264181,54.55423715392584,4.278763698347125,0.17334625387246952,0.04838654047621995,0.003799662506386769,0.13939534883720928,0.17334625387246952,5.768800753754379,0.2901693773370568,3.4462630384267383,storage,0.1315332050601476,0.8966249488367392,0.9929059413039162,zipf_mandelbrot_transferred (ASSUMPTION),330000000.0,11436367189.722427,0.0
2xT4,mimo_v2_flash,8,finite_16tok,128,5140.078431372549,281,110082790.25813834,110082790.25813834,104.98312974752268,8.233970960590014,0.33358421290344953,0.00962567819237799,0.003799662506386769,0.13939534883720928,0.33358421290344953,2.9977437819859705,0.3842854409385352,2.6022323342714033,storage,0.0,0.0,0.9929059413039162,zipf_mandelbrot_transferred (ASSUMPTION),330000000.0,11436367189.722427,0.0
2xT4,mimo_v2_flash,8,steady_state,256,10280.156862745098,281,0.0,553366243.9264181,0.0,0.0,0.0,0.04838654047621995,0.003799662506386769,0.13939534883720928,0.13939534883720928,7.173840507173842,0.16738828158170602,5.974133855432869,dense,0.1315332050601476,1.0,0.9929059413039162,zipf_mandelbrot_transferred (ASSUMPTION),330000000.0,11436367189.722427,0.0
2xT4,mimo_v2_flash,8,finite_16tok,256,10280.156862745098,281,110082790.25813834,110082790.25813834,104.98312974752268,8.233970960590014,0.33358421290344953,0.00962567819237799,0.003799662506386769,0.13939534883720928,0.33358421290344953,2.9977437819859705,0.3842854409385352,2.6022323342714033,storage,0.0,0.0,0.9929059413039162,zipf_mandelbrot_transferred (ASSUMPTION),330000000.0,11436367189.722427,0.0
2xT4,mimo_v2_flash,16,steady_state,2,80.31372549019608,281,1077977080.9851892,1103610106.9980817,1028.039055810155,80.63051418118863,3.266597215106634,0.09650005886396058,0.0037819456157889165,0.13499999999999998,3.266597215106634,0.30612895748989866,2.5007617298150153,0.3998781603531542,storage,0.12728518785408152,0.02322652343463627,1.970570543753891,zipf_mandelbrot_transferred (ASSUMPTION),330000000.0,11436367189.722427,0.0
2xT4,mimo_v2_flash,16,finite_16tok,2,80.31372549019608,281,110082790.25813834,110082790.25813834,104.98312974752268,8.233970960590014,0.33358421290344953,0.00962567819237799,0.0037819456157889165,0.13499999999999998,0.33358421290344953,2.9977437819859705,0.37987237521072814,2.632463072486558,storage,0.0,0.0,1.970570543753891,zipf_mandelbrot_transferred (ASSUMPTION),330000000.0,11436367189.722427,0.0
2xT4,mimo_v2_flash,16,steady_state,4,160.62745098039215,281,1052764963.3109088,1103610106.9980817,1003.9949067219818,78.74469856642995,3.1901968585179055,0.09650005886396058,0.0037819456157889165,0.13499999999999998,3.1901968585179055,0.3134602798350751,2.4466473818639782,0.4087225676297293,storage,0.12728518785408152,0.046071654622189095,1.970570543753891,zipf_mandelbrot_transferred (ASSUMPTION),330000000.0,11436367189.722427,0.0
2xT4,mimo_v2_flash,16,finite_16tok,4,160.62745098039215,281,110082790.25813834,110082790.25813834,104.98312974752268,8.233970960590014,0.33358421290344953,0.00962567819237799,0.0037819456157889165,0.13499999999999998,0.33358421290344953,2.9977437819859705,0.37987237521072814,2.632463072486558,storage,0.0,0.0,1.970570543753891,zipf_mandelbrot_transferred (ASSUMPTION),330000000.0,11436367189.722427,0.0
2xT4,mimo_v2_flash,16,steady_state,8,321.2549019607843,281,1004179174.4469701,1103610106.9980817,957.6598877401067,75.1105794305966,3.0429671952938486,0.09650005886396058,0.0037819456157889165,0.13499999999999998,3.0429671952938486,0.3286266120602833,2.342364658848573,0.42691900948145545,storage,0.12728518785408152,0.09009606918295854,1.970570543753891,zipf_mandelbrot_transferred (ASSUMPTION),330000000.0,11436367189.722427,0.0
2xT4,mimo_v2_flash,16,finite_16tok,8,321.2549019607843,281,110082790.25813834,110082790.25813834,104.98312974752268,8.233970960590014,0.33358421290344953,0.00962567819237799,0.0037819456157889165,0.13499999999999998,0.33358421290344953,2.9977437819859705,0.37987237521072814,2.632463072486558,storage,0.0,0.0,1.970570543753891,zipf_mandelbrot_transferred (ASSUMPTION),330000000.0,11436367189.722427,0.0
2xT4,mimo_v2_flash,16,steady_state,16,642.5098039215686,281,913172390.7661101,1103610106.9980817,870.869055524931,68.3034553352887,2.7671890629276064,0.09650005886396058,0.0037819456157889165,0.13499999999999998,2.7671890629276064,0.3613775485734353,2.1470310965657533,0.4657594394415306,storage,0.12728518785408152,0.1725588729428903,1.970570543753891,zipf_mandelbrot_transferred (ASSUMPTION),330000000.0,11436367189.722427,0.0
2xT4,mimo_v2_flash,16,finite_16tok,16,642.5098039215686,281,110082790.25813834,110082790.25813834,104.98312974752268,8.233970960590014,0.33358421290344953,0.00962567819237799,0.0037819456157889165,0.13499999999999998,0.33358421290344953,2.9977437819859705,0.37987237521072814,2.632463072486558,storage,0.0,0.0,1.970570543753891,zipf_mandelbrot_transferred (ASSUMPTION),330000000.0,11436367189.722427,0.0
2xT4,mimo_v2_flash,16,steady_state,32,1285.0196078431372,281,753064370.7888008,1103610106.9980817,718.1781490219124,56.32769796250294,2.282013244814548,0.09650005886396058,0.0037819456157889165,0.13499999999999998,2.282013244814548,0.4382095512689572,1.803381220948909,0.5545139254992445,storage,0.12728518785408152,0.31763548918811235,1.970570543753891,zipf_mandelbrot_transferred (ASSUMPTION),330000000.0,11436367189.722427,0.0
2xT4,mimo_v2_flash,16,finite_16tok,32,1285.0196078431372,281,110082790.25813834,110082790.25813834,104.98312974752268,8.233970960590014,0.33358421290344953,0.00962567819237799,0.0037819456157889165,0.13499999999999998,0.33358421290344953,2.9977437819859705,0.37987237521072814,2.632463072486558,storage,0.0,0.0,1.970570543753891,zipf_mandelbrot_transferred (ASSUMPTION),330000000.0,11436367189.722427,0.0
2xT4,mimo_v2_flash,16,steady_state,64,2570.0392156862745,281,495101765.30718654,1103610106.9980817,472.16583758085875,37.032614712224216,1.500308379718747,0.09650005886396058,0.0037819456157889165,0.13499999999999998,1.500308379718747,0.6665296371852988,1.2496999169135632,0.8001920992919183,storage,0.12728518785408152,0.5513798195869122,1.970570543753891,zipf_mandelbrot_transferred (ASSUMPTION),330000000.0,11436367189.722427,0.0
2xT4,mimo_v2_flash,16,finite_16tok,64,2570.0392156862745,281,110082790.25813834,110082790.25813834,104.98312974752268,8.233970960590014,0.33358421290344953,0.00962567819237799,0.0037819456157889165,0.13499999999999998,0.33358421290344953,2.9977437819859705,0.37987237521072814,2.632463072486558,storage,0.0,0.0,1.970570543753891,zipf_mandelbrot_transferred (ASSUMPTION),330000000.0,11436367189.722427,0.0
2xT4,mimo_v2_flash,16,steady_state,128,5140.078431372549,281,114279723.10800833,1103610106.9980817,108.98563681412537,8.547893083460814,0.3463021912363889,0.09650005886396058,0.0037819456157889165,0.13499999999999998,0.3463021912363889,2.8876513787849274,0.43231770550124793,2.3131136830043926,storage,0.12728518785408152,0.8964491876403167,1.970570543753891,zipf_mandelbrot_transferred (ASSUMPTION),330000000.0,11436367189.722427,0.0
2xT4,mimo_v2_flash,16,finite_16tok,128,5140.078431372549,281,110082790.25813834,110082790.25813834,104.98312974752268,8.233970960590014,0.33358421290344953,0.00962567819237799,0.0037819456157889165,0.13499999999999998,0.33358421290344953,2.9977437819859705,0.37987237521072814,2.632463072486558,storage,0.0,0.0,1.970570543753891,zipf_mandelbrot_transferred (ASSUMPTION),330000000.0,11436367189.722427,0.0
2xT4,mimo_v2_flash,16,steady_state,256,10280.156862745098,281,0.0,1103610106.9980817,0.0,0.0,0.0,0.09650005886396058,0.0037819456157889165,0.13499999999999998,0.13499999999999998,7.407407407407408,0.1870319750477692,5.346679356535659,dense,0.12728518785408152,1.0,1.970570543753891,zipf_mandelbrot_transferred (ASSUMPTION),330000000.0,11436367189.722427,0.0
2xT4,mimo_v2_flash,16,finite_16tok,256,10280.156862745098,281,110082790.25813834,110082790.25813834,104.98312974752268,8.233970960590014,0.33358421290344953,0.00962567819237799,0.0037819456157889165,0.13499999999999998,0.33358421290344953,2.9977437819859705,0.37987237521072814,2.632463072486558,storage,0.0,0.0,1.970570543753891,zipf_mandelbrot_transferred (ASSUMPTION),330000000.0,11436367189.722427,0.0
1xL4,mimo_v2_flash,1,steady_state,2,160.62745098039215,1766,54959335.46254996,55887156.546647094,52.41330667738911,4.110847582540322,0.021983734185019987,0.0022354862618658836,0.0024246783866418943,0.013450701518354796,0.021983734185019987,45.48817737622635,0.032564194874706735,30.708574366649554,storage,0.303292211561925,0.016601687067809734,0.125,zipf_mandelbrot_transferred (ASSUMPTION),2500000000.0,25000000000.0,0.000222
1xL4,mimo_v2_flash,1,finite_16tok,2,160.62745098039215,1766,110082790.25813834,110082790.25813834,104.98312974752268,8.233970960590014,0.04403311610325534,0.004403311610325534,0.0024246783866418943,0.013450701518354796,0.04403311610325534,22.710180166560384,0.04926567765599449,20.29810707126898,storage,0.0,0.0,0.125,zipf_mandelbrot_transferred (ASSUMPTION),2500000000.0,25000000000.0,0.000222
1xL4,mimo_v2_flash,1,steady_state,4,321.2549019607843,1766,54030286.81637206,55887156.546647094,51.527296844837245,4.0413566152813525,0.021612114726548823,0.0022354862618658836,0.0024246783866418943,0.013450701518354796,0.021612114726548823,46.270344788220875,0.0323009769320296,30.95881595483267,storage,0.303292211561925,0.033225339147916144,0.125,zipf_mandelbrot_transferred (ASSUMPTION),2500000000.0,25000000000.0,0.000222
1xL4,mimo_v2_flash,1,finite_16tok,4,321.2549019607843,1766,110082790.25813834,110082790.25813834,104.98312974752268,8.233970960590014,0.04403311610325534,0.004403311610325534,0.0024246783866418943,0.013450701518354796,0.04403311610325534,22.710180166560384,0.04926567765599449,20.29810707126898,storage,0.0,0.0,0.125,zipf_mandelbrot_transferred (ASSUMPTION),2500000000.0,25000000000.0,0.000222
1xL4,mimo_v2_flash,1,steady_state,8,642.5098039215686,1766,52191695.019400716,55887156.546647094,49.77387906971046,3.903833652526311,0.020876678007760288,0.0022354862618658836,0.0024246783866418943,0.013450701518354796,0.020876678007760288,47.90034121464534,0.031780067341113334,31.466264349487926,storage,0.303292211561925,0.06612362760237955,0.125,zipf_mandelbrot_transferred (ASSUMPTION),2500000000.0,25000000000.0,0.000222
1xL4,mimo_v2_flash,1,finite_16tok,8,642.5098039215686,1766,110082790.25813834,110082790.25813834,104.98312974752268,8.233970960590014,0.04403311610325534,0.004403311610325534,0.0024246783866418943,0.013450701518354796,0.04403311610325534,22.710180166560384,0.04926567765599449,20.29810707126898,storage,0.0,0.0,0.125,zipf_mandelbrot_transferred (ASSUMPTION),2500000000.0,25000000000.0,0.000222
1xL4,mimo_v2_flash,1,steady_state,16,1285.0196078431372,1766,48564868.06487059,55887156.546647094,46.31506735312518,3.6325543022058966,0.019425947225948238,0.0022354862618658836,0.0024246783866418943,0.013450701518354796,0.019425947225948238,51.47754126832222,0.03075251519586799,32.517665421212875,storage,0.303292211561925,0.13101916315360995,0.125,zipf_mandelbrot_transferred (ASSUMPTION),2500000000.0,25000000000.0,0.000222
1xL4,mimo_v2_flash,1,finite_16tok,16,1285.0196078431372,1766,110082790.25813834,110082790.25813834,104.98312974752268,8.233970960590014,0.04403311610325534,0.004403311610325534,0.0024246783866418943,0.013450701518354796,0.04403311610325534,22.710180166560384,0.04926567765599449,20.29810707126898,storage,0.0,0.0,0.125,zipf_mandelbrot_transferred (ASSUMPTION),2500000000.0,25000000000.0,0.000222
1xL4,mimo_v2_flash,1,steady_state,32,2570.0392156862745,1766,41549386.76502715,55887156.546647094,39.62458302023616,3.107810432959699,0.01661975470601086,0.0022354862618658836,0.0024246783866418943,0.013450701518354796,0.01661975470601086,60.169359758259866,0.02876488993831923,34.76460372851443,storage,0.303292211561925,0.2565485644211062,0.125,zipf_mandelbrot_transferred (ASSUMPTION),2500000000.0,25000000000.0,0.000222
1xL4,mimo_v2_flash,1,finite_16tok,32,2570.0392156862745,1766,110082790.25813834,110082790.25813834,104.98312974752268,8.233970960590014,0.04403311610325534,0.004403311610325534,0.0024246783866418943,0.013450701518354796,0.04403311610325534,22.710180166560384,0.04926567765599449,20.29810707126898,storage,0.0,0.0,0.125,zipf_mandelbrot_transferred (ASSUMPTION),2500000000.0,25000000000.0,0.000222
1xL4,mimo_v2_flash,1,steady_state,64,5140.078431372549,1766,28501508.809180625,55887156.546647094,27.181156930142045,2.131855445501337,0.011400603523672252,0.0022354862618658836,0.0024246783866418943,0.013450701518354796,0.013450701518354796,74.34556470050298,0.025068166837791117,39.891229640791515,dense,0.303292211561925,0.4900168380298362,0.125,zipf_mandelbrot_transferred (ASSUMPTION),2500000000.0,25000000000.0,0.000222
1xL4,mimo_v2_flash,1,finite_16tok,64,5140.078431372549,1766,110082790.25813834,110082790.25813834,104.98312974752268,8.233970960590014,0.04403311610325534,0.004403311610325534,0.0024246783866418943,0.013450701518354796,0.04403311610325534,22.710180166560384,0.04926567765599449,20.29810707126898,storage,0.0,0.0,0.125,zipf_mandelbrot_transferred (ASSUMPTION),2500000000.0,25000000000.0,0.000222
1xL4,mimo_v2_flash,1,steady_state,128,10280.156862745098,1766,6715928.539290982,55887156.546647094,6.404808558741553,0.5023379261758081,0.002686371415716393,0.0022354862618658836,0.0024246783866418943,0.013450701518354796,0.013450701518354796,74.34556470050298,0.018895879043972188,52.92159193403609,dense,0.303292211561925,0.8798305558149944,0.125,zipf_mandelbrot_transferred (ASSUMPTION),2500000000.0,25000000000.0,0.000222
1xL4,mimo_v2_flash,1,finite_16tok,128,10280.156862745098,1766,110082790.25813834,110082790.25813834,104.98312974752268,8.233970960590014,0.04403311610325534,0.004403311610325534,0.0024246783866418943,0.013450701518354796,0.04403311610325534,22.710180166560384,0.04926567765599449,20.29810707126898,storage,0.0,0.0,0.125,zipf_mandelbrot_transferred (ASSUMPTION),2500000000.0,25000000000.0,0.000222
1xL4,mimo_v2_flash,1,steady_state,256,20560.313725490196,1766,0.0,55887156.546647094,0.0,0.0,0.0,0.0022354862618658836,0.0024246783866418943,0.013450701518354796,0.013450701518354796,74.34556470050298,0.016993123035929633,58.84733476510685,dense,0.303292211561925,1.0,0.125,zipf_mandelbrot_transferred (ASSUMPTION),2500000000.0,25000000000.0,0.000222
1xL4,mimo_v2_flash,1,finite_16tok,256,20560.313725490196,1766,110082790.25813834,110082790.25813834,104.98312974752268,8.233970960590014,0.04403311610325534,0.004403311610325534,0.0024246783866418943,0.013450701518354796,0.04403311610325534,22.710180166560384,0.04926567765599449,20.29810707126898,storage,0.0,0.0,0.125,zipf_mandelbrot_transferred (ASSUMPTION),2500000000.0,25000000000.0,0.000222
1xL4,mimo_v2_flash,4,steady_state,2,160.62745098039215,1766,219689633.62627503,223397263.4610116,209.51236117007736,16.432342052555086,0.08787585345051001,0.008935890538440464,0.0024174885040415188,0.009919892369786663,0.08787585345051001,11.379690332830517,0.0790477648231946,12.650579080087725,storage,0.30160406852355665,0.01659657677670512,0.4984536869431582,zipf_mandelbrot_transferred (ASSUMPTION),2500000000.0,25000000000.0,0.000222
1xL4,mimo_v2_flash,4,finite_16tok,2,160.62745098039215,1766,110082790.25813834,110082790.25813834,104.98312974752268,8.233970960590014,0.04403311610325534,0.004403311610325534,0.0024174885040415188,0.009919892369786663,0.04403311610325534,22.710180166560384,0.045727678624825976,21.86859316005363,storage,0.0,0.0,0.4984536869431582,zipf_mandelbrot_transferred (ASSUMPTION),2500000000.0,25000000000.0,0.000222
1xL4,mimo_v2_flash,4,steady_state,4,321.2549019607843,1766,215977072.07884043,223397263.4610116,205.97178657421154,16.15464992738914,0.08639082883153618,0.008935890538440464,0.0024174885040415188,0.009919892369786663,0.08639082883153618,11.575302766802015,0.0779959223641391,12.82118307840897,storage,0.30160406852355665,0.033215229529730106,0.4984536869431582,zipf_mandelbrot_transferred (ASSUMPTION),2500000000.0,25000000000.0,0.000222
1xL4,mimo_v2_flash,4,finite_16tok,4,321.2549019607843,1766,110082790.25813834,110082790.25813834,104.98312974752268,8.233970960590014,0.04403311610325534,0.004403311610325534,0.0024174885040415188,0.009919892369786663,0.04403311610325534,22.710180166560384,0.045727678624825976,21.86859316005363,storage,0.0,0.0,0.4984536869431582,zipf_mandelbrot_transferred (ASSUMPTION),2500000000.0,25000000000.0,0.000222
1xL4,mimo_v2_flash,4,steady_state,8,642.5098039215686,1766,208629837.12341854,223397263.4610116,198.96491730062345,15.605091552990075,0.08345193484936742,0.008935890538440464,0.0024174885040415188,0.009919892369786663,0.08345193484936742,11.98294565374694,0.07591430470365619,13.172747928123195,storage,0.30160406852355665,0.0661038819760219,0.4984536869431582,zipf_mandelbrot_transferred (ASSUMPTION),2500000000.0,25000000000.0,0.000222
1xL4,mimo_v2_flash,4,finite_16tok,8,642.5098039215686,1766,110082790.25813834,110082790.25813834,104.98312974752268,8.233970960590014,0.04403311610325534,0.004403311610325534,0.0024174885040415188,0.009919892369786663,0.04403311610325534,22.710180166560384,0.045727678624825976,21.86859316005363,storage,0.0,0.0,0.4984536869431582,zipf_mandelbrot_transferred (ASSUMPTION),2500000000.0,25000000000.0,0.000222
1xL4,mimo_v2_flash,4,steady_state,16,1285.0196078431372,1766,194136240.1919612,223397263.4610116,185.14274615474815,14.52099969841162,0.07765449607678448,0.008935890538440464,0.0024174885040415188,0.009919892369786663,0.07765449607678448,12.877554430476293,0.07180798068931683,13.92602870043906,storage,0.30160406852355665,0.13098201301000767,0.4984536869431582,zipf_mandelbrot_transferred (ASSUMPTION),2500000000.0,25000000000.0,0.000222
1xL4,mimo_v2_flash,4,finite_16tok,16,1285.0196078431372,1766,110082790.25813834,110082790.25813834,104.98312974752268,8.233970960590014,0.04403311610325534,0.004403311610325534,0.0024174885040415188,0.009919892369786663,0.04403311610325534,22.710180166560384,0.045727678624825976,21.86859316005363,storage,0.0,0.0,0.4984536869431582,zipf_mandelbrot_transferred (ASSUMPTION),2500000000.0,25000000000.0,0.000222
1xL4,mimo_v2_flash,4,steady_state,32,2570.0392156862745,1766,166099520.4637956,223397263.4610116,158.4048466337162,12.423909539899311,0.06643980818551824,0.008935890538440464,0.0024174885040415188,0.009919892369786663,0.06643980818551824,15.051217444934888,0.06386462086997541,15.658121607516325,storage,0.30160406852355665,0.25648363865126667,0.4984536869431582,zipf_mandelbrot_transferred (ASSUMPTION),2500000000.0,25000000000.0,0.000222
1xL4,mimo_v2_flash,4,finite_16tok,32,2570.0392156862745,1766,110082790.25813834,110082790.25813834,104.98312974752268,8.233970960590014,0.04403311610325534,0.004403311610325534,0.0024174885040415188,0.009919892369786663,0.04403311610325534,22.710180166560384,0.045727678624825976,21.86859316005363,storage,0.0,0.0,0.4984536869431582,zipf_mandelbrot_transferred (ASSUMPTION),2500000000.0,25000000000.0,0.000222
1xL4,mimo_v2_flash,4,steady_state,64,5140.078431372549,1766,113949910.06829682,223397263.4610116,108.67110258893663,8.523223732465619,0.04557996402731873,0.008935890538440464,0.0024174885040415188,0.009919892369786663,0.04557996402731873,21.93946444101276,0.04908959997501072,20.3709136051028,storage,0.30160406852355665,0.4899225339517914,0.4984536869431582,zipf_mandelbrot_transferred (ASSUMPTION),2500000000.0,25000000000.0,0.000222
1xL4,mimo_v2_flash,4,finite_16tok,64,5140.078431372549,1766,110082790.25813834,110082790.25813834,104.98312974752268,8.233970960590014,0.04403311610325534,0.004403311610325534,0.0024174885040415188,0.009919892369786663,0.04403311610325534,22.710180166560384,0.045727678624825976,21.86859316005363,storage,0.0,0.0,0.4984536869431582,zipf_mandelbrot_transferred (ASSUMPTION),2500000000.0,25000000000.0,0.000222
1xL4,mimo_v2_flash,4,steady_state,128,10280.156862745098,1766,26857001.804541957,223397263.4610116,25.612832836667973,2.0088496342484685,0.010742800721816784,0.008935890538440464,0.0024174885040415188,0.009919892369786663,0.010742800721816784,93.0855952646661,0.02441444843233903,40.959352523213845,storage,0.30160406852355665,0.8797791817658984,0.4984536869431582,zipf_mandelbrot_transferred (ASSUMPTION),2500000000.0,25000000000.0,0.000222
1xL4,mimo_v2_flash,4,finite_16tok,128,10280.156862745098,1766,110082790.25813834,110082790.25813834,104.98312974752268,8.233970960590014,0.04403311610325534,0.004403311610325534,0.0024174885040415188,0.009919892369786663,0.04403311610325534,22.710180166560384,0.045727678624825976,21.86859316005363,storage,0.0,0.0,0.4984536869431582,zipf_mandelbrot_transferred (ASSUMPTION),2500000000.0,25000000000.0,0.000222
1xL4,mimo_v2_flash,4,steady_state,256,20560.313725490196,1766,0.0,223397263.4610116,0.0,0.0,0.0,0.008935890538440464,0.0024174885040415188,0.009919892369786663,0.009919892369786663,100.80754535661418,0.016805326143048416,59.504944532936285,dense,0.30160406852355665,1.0,0.4984536869431582,zipf_mandelbrot_transferred (ASSUMPTION),2500000000.0,25000000000.0,0.000222
1xL4,mimo_v2_flash,4,finite_16tok,256,20560.313725490196,1766,110082790.25813834,110082790.25813834,104.98312974752268,8.233970960590014,0.04403311610325534,0.004403311610325534,0.0024174885040415188,0.009919892369786663,0.04403311610325534,22.710180166560384,0.045727678624825976,21.86859316005363,storage,0.0,0.0,0.4984536869431582,zipf_mandelbrot_transferred (ASSUMPTION),2500000000.0,25000000000.0,0.000222
1xL4,mimo_v2_flash,8,steady_state,2,160.62745098039215,1766,438992888.0685204,446398648.3313135,418.65624243595164,32.83578372046679,0.17559715522740818,0.01785594593325254,0.0024081857854317645,0.009331424178358638,0.17559715522740818,5.694853078371024,0.14504299139009555,6.894507555421849,storage,0.2994108194403545,0.016590014979831702,0.9929059413039162,zipf_mandelbrot_transferred (ASSUMPTION),2500000000.0,25000000000.0,0.000222
1xL4,mimo_v2_flash,8,finite_16tok,2,160.62745098039215,1766,110082790.25813834,110082790.25813834,104.98312974752268,8.233970960590014,0.04403311610325534,0.004403311610325534,0.0024081857854317645,0.009331424178358638,0.04403311610325534,22.710180166560384,0.0451299077147882,22.158254927526016,storage,0.0,0.0,0.9929059413039162,zipf_mandelbrot_transferred (ASSUMPTION),2500000000.0,25000000000.0,0.000222
1xL4,mimo_v2_flash,8,steady_state,4,321.2549019607843,1766,431577210.86998075,446398648.3313135,411.5841015529449,32.28110600415254,0.1726308843479923,0.01785594593325254,0.0024081857854317645,0.009331424178358638,0.1726308843479923,5.792706234327009,0.142941982682115,6.995845315955036,storage,0.2994108194403545,0.033202245384785334,0.9929059413039162,zipf_mandelbrot_transferred (ASSUMPTION),2500000000.0,25000000000.0,0.000222
1xL4,mimo_v2_flash,8,finite_16tok,4,321.2549019607843,1766,110082790.25813834,110082790.25813834,104.98312974752268,8.233970960590014,0.04403311610325534,0.004403311610325534,0.0024081857854317645,0.009331424178358638,0.04403311610325534,22.710180166560384,0.0451299077147882,22.158254927526016,storage,0.0,0.0,0.9929059413039162,zipf_mandelbrot_transferred (ASSUMPTION),2500000000.0,25000000000.0,0.000222
1xL4,mimo_v2_flash,8,steady_state,8,642.5098039215686,1766,416901287.3787978,446398648.3313135,397.5880502498606,31.183376490185147,0.16676051495151914,0.01785594593325254,0.0024081857854317645,0.009331424178358638,0.16676051495151914,5.996623363094804,0.1387840019303768,7.205441449236101,storage,0.2994108194403545,0.06607851762719263,0.9929059413039162,zipf_mandelbrot_transferred (ASSUMPTION),2500000000.0,25000000000.0,0.000222
1xL4,mimo_v2_flash,8,finite_16tok,8,642.5098039215686,1766,110082790.25813834,110082790.25813834,104.98312974752268,8.233970960590014,0.04403311610325534,0.004403311610325534,0.0024081857854317645,0.009331424178358638,0.04403311610325534,22.710180166560384,0.0451299077147882,22.158254927526016,storage,0.0,0.0,0.9929059413039162,zipf_mandelbrot_transferred (ASSUMPTION),2500000000.0,25000000000.0,0.000222
1xL4,mimo_v2_flash,8,steady_state,16,1285.0196078431372,1766,387949780.15352416,446398648.3313135,369.9777413878671,29.017862069636635,0.15517991206140966,0.01785594593325254,0.0024081857854317645,0.009331424178358638,0.15517991206140966,6.444133049928962,0.1305814646352744,7.658054707787882,storage,0.2994108194403545,0.1309342409442268,0.9929059413039162,zipf_mandelbrot_transferred (ASSUMPTION),2500000000.0,25000000000.0,0.000222
1xL4,mimo_v2_flash,8,finite_16tok,16,1285.0196078431372,1766,110082790.25813834,110082790.25813834,104.98312974752268,8.233970960590014,0.04403311610325534,0.004403311610325534,0.0024081857854317645,0.009331424178358638,0.04403311610325534,22.710180166560384,0.0451299077147882,22.158254927526016,storage,0.0,0.0,0.9929059413039162,zipf_mandelbrot_transferred (ASSUMPTION),2500000000.0,25000000000.0,0.000222
1xL4,mimo_v2_flash,8,steady_state,32,2570.0392156862745,1766,331942045.65956926,446398648.3313135,316.56460348088194,24.82859635144172,0.1327768182638277,0.01785594593325254,0.0024081857854317645,0.009331424178358638,0.1327768182638277,7.531435178790011,0.11471336051806237,8.717380394784472,storage,0.2994108194403545,0.2563999758950781,0.9929059413039162,zipf_mandelbrot_transferred (ASSUMPTION),2500000000.0,25000000000.0,0.000222
1xL4,mimo_v2_flash,8,finite_16tok,32,2570.0392156862745,1766,110082790.25813834,110082790.25813834,104.98312974752268,8.233970960590014,0.04403311610325534,0.004403311610325534,0.0024081857854317645,0.009331424178358638,0.04403311610325534,22.710180166560384,0.0451299077147882,22.158254927526016,storage,0.0,0.0,0.9929059413039162,zipf_mandelbrot_transferred (ASSUMPTION),2500000000.0,25000000000.0,0.000222
1xL4,mimo_v2_flash,8,steady_state,64,5140.078431372549,1766,227752334.72831482,446398648.3313135,217.20155213195306,17.035415853486516,0.09110093389132594,0.01785594593325254,0.0024081857854317645,0.009331424178358638,0.09110093389132594,10.97683588175833,0.0851943450474792,11.737868275678338,storage,0.2994108194403545,0.48980057269510624,0.9929059413039162,zipf_mandelbrot_transferred (ASSUMPTION),2500000000.0,25000000000.0,0.000222
1xL4,mimo_v2_flash,8,finite_16tok,64,5140.078431372549,1766,110082790.25813834,110082790.25813834,104.98312974752268,8.233970960590014,0.04403311610325534,0.004403311610325534,0.0024081857854317645,0.009331424178358638,0.04403311610325534,22.710180166560384,0.0451299077147882,22.158254927526016,storage,0.0,0.0,0.9929059413039162,zipf_mandelbrot_transferred (ASSUMPTION),2500000000.0,25000000000.0,0.000222
1xL4,mimo_v2_flash,8,steady_state,128,10280.156862745098,1766,53696616.99367617,446398648.3313135,51.20908450477235,4.016398784688027,0.02147864679747047,0.01785594593325254,0.0024081857854317645,0.009331424178358638,0.02147864679747047,46.55786788755098,0.03588090153536179,27.869979772232526,storage,0.2994108194403545,0.8797115152691435,0.9929059413039162,zipf_mandelbrot_transferred (ASSUMPTION),2500000000.0,25000000000.0,0.000222
1xL4,mimo_v2_flash,8,finite_16tok,128,10280.156862745098,1766,110082790.25813834,110082790.25813834,104.98312974752268,8.233970960590014,0.04403311610325534,0.004403311610325534,0.0024081857854317645,0.009331424178358638,0.04403311610325534,22.710180166560384,0.0451299077147882,22.158254927526016,storage,0.0,0.0,0.9929059413039162,zipf_mandelbrot_transferred (ASSUMPTION),2500000000.0,25000000000.0,0.000222
1xL4,mimo_v2_flash,8,steady_state,256,20560.313725490196,1766,0.0,446398648.3313135,0.0,0.0,0.0,0.01785594593325254,0.0024081857854317645,0.009331424178358638,0.01785594593325254,56.00375380492909,0.02066758293041667,48.38495161078032,h2d,0.2994108194403545,1.0,0.9929059413039162,zipf_mandelbrot_transferred (ASSUMPTION),2500000000.0,25000000000.0,0.000222
1xL4,mimo_v2_flash,8,finite_16tok,256,20560.313725490196,1766,110082790.25813834,110082790.25813834,104.98312974752268,8.233970960590014,0.04403311610325534,0.004403311610325534,0.0024081857854317645,0.009331424178358638,0.04403311610325534,22.710180166560384,0.0451299077147882,22.158254927526016,storage,0.0,0.0,0.9929059413039162,zipf_mandelbrot_transferred (ASSUMPTION),2500000000.0,25000000000.0,0.000222
1xL4,mimo_v2_flash,16,steady_state,2,160.62745098039215,1766,876440727.6310931,891214262.7190549,835.8390117941791,65.55600092503366,0.35057629105243726,0.035648570508762197,0.002390468894833912,0.009037190082644628,0.35057629105243726,2.8524461736929765,0.27756501820767515,3.6027594776075,storage,0.29524396076233544,0.01657686114996426,1.970570543753891,zipf_mandelbrot_transferred (ASSUMPTION),2500000000.0,25000000000.0,0.000222
1xL4,mimo_v2_flash,16,finite_16tok,2,160.62745098039215,1766,110082790.25813834,110082790.25813834,104.98312974752268,8.233970960590014,0.04403311610325534,0.004403311610325534,0.002390468894833912,0.009037190082644628,0.04403311610325534,22.710180166560384,0.04481795672847634,22.31248528482384,storage,0.0,0.0,1.970570543753891,zipf_mandelbrot_transferred (ASSUMPTION),2500000000.0,25000000000.0,0.000222
1xL4,mimo_v2_flash,16,steady_state,4,321.2549019607843,1766,861647144.774973,891214262.7190549,821.7307517766695,64.44947072758193,0.34465885790998924,0.035648570508762197,0.002390468894833912,0.009037190082644628,0.34465885790998924,2.901419699653154,0.2733737022198297,3.6579963320534166,storage,0.29524396076233544,0.03317621719144592,1.970570543753891,zipf_mandelbrot_transferred (ASSUMPTION),2500000000.0,25000000000.0,0.000222
1xL4,mimo_v2_flash,16,finite_16tok,4,321.2549019607843,1766,110082790.25813834,110082790.25813834,104.98312974752268,8.233970960590014,0.04403311610325534,0.004403311610325534,0.002390468894833912,0.009037190082644628,0.04403311610325534,22.710180166560384,0.04481795672847634,22.31248528482384,storage,0.0,0.0,1.970570543753891,zipf_mandelbrot_transferred (ASSUMPTION),2500000000.0,25000000000.0,0.000222
1xL4,mimo_v2_flash,16,steady_state,8,642.5098039215686,1766,832369461.9239925,891214262.7190549,793.8093775978017,62.25955902727856,0.332947784769597,0.035648570508762197,0.002390468894833912,0.009037190082644628,0.332947784769597,3.0034739552089507,0.2650787528884973,3.7724638021842507,storage,0.29524396076233544,0.06602766950287509,1.970570543753891,zipf_mandelbrot_transferred (ASSUMPTION),2500000000.0,25000000000.0,0.000222
1xL4,mimo_v2_flash,16,finite_16tok,8,642.5098039215686,1766,110082790.25813834,110082790.25813834,104.98312974752268,8.233970960590014,0.04403311610325534,0.004403311610325534,0.002390468894833912,0.009037190082644628,0.04403311610325534,22.710180166560384,0.04481795672847634,22.31248528482384,storage,0.0,0.0,1.970570543753891,zipf_mandelbrot_transferred (ASSUMPTION),2500000000.0,25000000000.0,0.000222
1xL4,mimo_v2_flash,16,steady_state,16,1285.0196078431372,1766,774609151.8880895,891214262.7190549,738.7248534088989,57.939204188933246,0.30984366075523584,0.035648570508762197,0.002390468894833912,0.009037190082644628,0.30984366075523584,3.2274341116501337,0.24871410929465437,4.020680623371025,storage,0.29524396076233544,0.13083847028570683,1.970570543753891,zipf_mandelbrot_transferred (ASSUMPTION),2500000000.0,25000000000.0,0.000222
1xL4,mimo_v2_flash,16,finite_16tok,16,1285.0196078431372,1766,110082790.25813834,110082790.25813834,104.98312974752268,8.233970960590014,0.04403311610325534,0.004403311610325534,0.002390468894833912,0.009037190082644628,0.04403311610325534,22.710180166560384,0.04481795672847634,22.31248528482384,storage,0.0,0.0,1.970570543753891,zipf_mandelbrot_transferred (ASSUMPTION),2500000000.0,25000000000.0,0.000222
1xL4,mimo_v2_flash,16,steady_state,32,2570.0392156862745,1766,662856440.0398369,891214262.7190549,632.1491623304719,49.58032645729191,0.26514257601593477,0.035648570508762197,0.002390468894833912,0.009037190082644628,0.26514257601593477,3.771555723060868,0.21705234537916757,4.607183572483888,storage,0.29524396076233544,0.25623223531287365,1.970570543753891,zipf_mandelbrot_transferred (ASSUMPTION),2500000000.0,25000000000.0,0.000222
1xL4,mimo_v2_flash,16,finite_16tok,32,2570.0392156862745,1766,110082790.25813834,110082790.25813834,104.98312974752268,8.233970960590014,0.04403311610325534,0.004403311610325534,0.002390468894833912,0.009037190082644628,0.04403311610325534,22.710180166560384,0.04481795672847634,22.31248528482384,storage,0.0,0.0,1.970570543753891,zipf_mandelbrot_transferred (ASSUMPTION),2500000000.0,25000000000.0,0.000222
1xL4,mimo_v2_flash,16,steady_state,64,5140.078431372549,1766,454915092.5138586,891214262.7190549,433.8408398760401,34.026732539297264,0.18196603700554345,0.035648570508762197,0.002390468894833912,0.009037190082644628,0.18196603700554345,5.495531014776872,0.15813842960255756,6.323573608978264,storage,0.29524396076233544,0.4895558660316621,1.970570543753891,zipf_mandelbrot_transferred (ASSUMPTION),2500000000.0,25000000000.0,0.000222
1xL4,mimo_v2_flash,16,finite_16tok,64,5140.078431372549,1766,110082790.25813834,110082790.25813834,104.98312974752268,8.233970960590014,0.04403311610325534,0.004403311610325534,0.002390468894833912,0.009037190082644628,0.04403311610325534,22.710180166560384,0.04481795672847634,22.31248528482384,storage,0.0,0.0,1.970570543753891,zipf_mandelbrot_transferred (ASSUMPTION),2500000000.0,25000000000.0,0.000222
1xL4,mimo_v2_flash,16,steady_state,128,10280.156862745098,1766,107324478.41166955,891214262.7190549,102.3525985829063,8.02765479081618,0.042929791364667826,0.035648570508762197,0.002390468894833912,0.009037190082644628,0.042929791364667826,23.293847191230988,0.059659101620910274,16.76190175229699,storage,0.29524396076233544,0.8795749990757247,1.970570543753891,zipf_mandelbrot_transferred (ASSUMPTION),2500000000.0,25000000000.0,0.000222
1xL4,mimo_v2_flash,16,finite_16tok,128,10280.156862745098,1766,110082790.25813834,110082790.25813834,104.98312974752268,8.233970960590014,0.04403311610325534,0.004403311610325534,0.002390468894833912,0.009037190082644628,0.04403311610325534,22.710180166560384,0.04481795672847634,22.31248528482384,storage,0.0,0.0,1.970570543753891,zipf_mandelbrot_transferred (ASSUMPTION),2500000000.0,25000000000.0,0.000222
1xL4,mimo_v2_flash,16,steady_state,256,20560.313725490196,1766,0.0,891214262.7190549,0.0,0.0,0.0,0.035648570508762197,0.002390468894833912,0.009037190082644628,0.035648570508762197,28.05161569533921,0.029251944231859638,34.18576187872169,h2d,0.29524396076233544,1.0,1.970570543753891,zipf_mandelbrot_transferred (ASSUMPTION),2500000000.0,25000000000.0,0.000222
1xL4,mimo_v2_flash,16,finite_16tok,256,20560.313725490196,1766,110082790.25813834,110082790.25813834,104.98312974752268,8.233970960590014,0.04403311610325534,0.004403311610325534,0.002390468894833912,0.009037190082644628,0.04403311610325534,22.710180166560384,0.04481795672847634,22.31248528482384,storage,0.0,0.0,1.970570543753891,zipf_mandelbrot_transferred (ASSUMPTION),2500000000.0,25000000000.0,0.000222
2xL4,mimo_v2_flash,1,steady_state,2,80.31372549019608,1766,41453769.14639436,42051749.28125152,39.533394953150136,3.10065842769805,0.008290753829278873,0.0008410349856250304,0.0023747627026749524,0.006725350759177398,0.008290753829278873,120.61629383669442,0.015392969220166884,64.96472419953025,storage,0.47576897713092076,0.01422010130560214,0.125,zipf_mandelbrot_transferred (ASSUMPTION),5000000000.0,50000000000.0,0.000222
2xL4,mimo_v2_flash,1,finite_16tok,2,80.31372549019608,1766,110082790.25813834,110082790.25813834,104.98312974752268,8.233970960590014,0.02201655805162767,0.002201655805162767,0.0023747627026749524,0.006725350759177398,0.02201655805162767,45.42036033312077,0.02579526233735125,38.76680868455489,storage,0.0,0.0,0.125,zipf_mandelbrot_transferred (ASSUMPTION),5000000000.0,50000000000.0,0.000222
2xL4,mimo_v2_flash,1,steady_state,4,160.62745098039215,1766,40852798.6818869,42051749.28125152,38.96026485623064,3.055707047547501,0.00817055973637738,0.0008410349856250304,0.0023747627026749524,0.006725350759177398,0.00817055973637738,122.39063568041114,0.015307835782898474,65.32602088122572,storage,0.47576897713092076,0.028511313318877463,0.125,zipf_mandelbrot_transferred (ASSUMPTION),5000000000.0,50000000000.0,0.000222
2xL4,mimo_v2_flash,1,finite_16tok,4,160.62745098039215,1766,110082790.25813834,110082790.25813834,104.98312974752268,8.233970960590014,0.02201655805162767,0.002201655805162767,0.0023747627026749524,0.006725350759177398,0.02201655805162767,45.42036033312077,0.02579526233735125,38.76680868455489,storage,0.0,0.0,0.125,zipf_mandelbrot_transferred (ASSUMPTION),5000000000.0,50000000000.0,0.000222
2xL4,mimo_v2_flash,1,steady_state,8,321.2549019607843,1766,39656900.02394421,42051749.28125152,37.81976702112599,2.9662562369510583,0.007931380004788843,0.0008410349856250304,0.0023747627026749524,0.006725350759177398,0.007931380004788843,126.0814636792356,0.015138424856092313,66.05707063357782,storage,0.47576897713092076,0.056950050788376005,0.125,zipf_mandelbrot_transferred (ASSUMPTION),5000000000.0,50000000000.0,0.000222
2xL4,mimo_v2_flash,1,finite_16tok,8,321.2549019607843,1766,110082790.25813834,110082790.25813834,104.98312974752268,8.233970960590014,0.02201655805162767,0.002201655805162767,0.0023747627026749524,0.006725350759177398,0.02201655805162767,45.42036033312077,0.02579526233735125,38.76680868455489,storage,0.0,0.0,0.125,zipf_mandelbrot_transferred (ASSUMPTION),5000000000.0,50000000000.0,0.000222
2xL4,mimo_v2_flash,1,steady_state,16,642.5098039215686,1766,37270655.043118656,42051749.28125152,35.54406647025934,2.787769919236027,0.007454131008623732,0.0008410349856250304,0.0023747627026749524,0.006725350759177398,0.007454131008623732,134.15379993229172,0.014800389545906702,67.56578919076944,storage,0.47576897713092076,0.11369548995823808,0.125,zipf_mandelbrot_transferred (ASSUMPTION),5000000000.0,50000000000.0,0.000222
2xL4,mimo_v2_flash,1,finite_16tok,16,642.5098039215686,1766,110082790.25813834,110082790.25813834,104.98312974752268,8.233970960590014,0.02201655805162767,0.002201655805162767,0.0023747627026749524,0.006725350759177398,0.02201655805162767,45.42036033312077,0.02579526233735125,38.76680868455489,storage,0.0,0.0,0.125,zipf_mandelbrot_transferred (ASSUMPTION),5000000000.0,50000000000.0,0.000222
2xL4,mimo_v2_flash,1,steady_state,32,1285.0196078431372,1766,32542099.907054726,42051749.28125152,31.034564883284308,2.434083520257593,0.006508419981410945,0.0008410349856250304,0.0023747627026749524,0.006725350759177398,0.006725350759177398,148.69112940100595,0.01413054273009648,70.76869014168236,dense,0.47576897713092076,0.22614158832238207,0.125,zipf_mandelbrot_transferred (ASSUMPTION),5000000000.0,50000000000.0,0.000222
2xL4,mimo_v2_flash,1,finite_16tok,32,1285.0196078431372,1766,110082790.25813834,110082790.25813834,104.98312974752268,8.233970960590014,0.02201655805162767,0.002201655805162767,0.0023747627026749524,0.006725350759177398,0.02201655805162767,45.42036033312077,0.02579526233735125,38.76680868455489,storage,0.0,0.0,0.125,zipf_mandelbrot_transferred (ASSUMPTION),5000000000.0,50000000000.0,0.000222
2xL4,mimo_v2_flash,1,steady_state,64,2570.0392156862745,1766,23270092.760976925,42051749.28125152,22.192089806534696,1.7405560632576234,0.004654018552195386,0.0008410349856250304,0.0023747627026749524,0.006725350759177398,0.006725350759177398,148.69112940100595,0.01281707079538203,78.02094690467797,dense,0.47576897713092076,0.4466319913271306,0.125,zipf_mandelbrot_transferred (ASSUMPTION),5000000000.0,50000000000.0,0.000222
2xL4,mimo_v2_flash,1,finite_16tok,64,2570.0392156862745,1766,110082790.25813834,110082790.25813834,104.98312974752268,8.233970960590014,0.02201655805162767,0.002201655805162767,0.0023747627026749524,0.006725350759177398,0.02201655805162767,45.42036033312077,0.02579526233735125,38.76680868455489,storage,0.0,0.0,0.125,zipf_mandelbrot_transferred (ASSUMPTION),5000000000.0,50000000000.0,0.000222
2xL4,mimo_v2_flash,1,steady_state,128,5140.078431372549,1766,5844323.847703634,42051749.28125152,5.573581550315508,0.43714365100513786,0.0011688647695407269,0.0008410349856250304,0.0023747627026749524,0.006725350759177398,0.006725350759177398,148.69112940100595,0.0103485374942525,96.6320120650278,dense,0.47576897713092076,0.8610206722052041,0.125,zipf_mandelbrot_transferred (ASSUMPTION),5000000000.0,50000000000.0,0.000222
2xL4,mimo_v2_flash,1,finite_16tok,128,5140.078431372549,1766,110082790.25813834,110082790.25813834,104.98312974752268,8.233970960590014,0.02201655805162767,0.002201655805162767,0.0023747627026749524,0.006725350759177398,0.02201655805162767,45.42036033312077,0.02579526233735125,38.76680868455489,storage,0.0,0.0,0.125,zipf_mandelbrot_transferred (ASSUMPTION),5000000000.0,50000000000.0,0.000222
2xL4,mimo_v2_flash,1,steady_state,256,10280.156862745098,1766,0.0028594920781334202,42051749.28125152,2.7270241528829768e-09,2.1388424728493936e-10,5.718984156266841e-13,0.0008410349856250304,0.0023747627026749524,0.006725350759177398,0.006725350759177398,148.69112940100595,0.00952063095506994,105.03505542009047,dense,0.47576897713092076,0.9999999999320006,0.125,zipf_mandelbrot_transferred (ASSUMPTION),5000000000.0,50000000000.0,0.000222
2xL4,mimo_v2_flash,1,finite_16tok,256,10280.156862745098,1766,110082790.25813834,110082790.25813834,104.98312974752268,8.233970960590014,0.02201655805162767,0.002201655805162767,0.0023747627026749524,0.006725350759177398,0.02201655805162767,45.42036033312077,0.02579526233735125,38.76680868455489,storage,0.0,0.0,0.125,zipf_mandelbrot_transferred (ASSUMPTION),5000000000.0,50000000000.0,0.000222
2xL4,mimo_v2_flash,4,steady_state,2,80.31372549019608,1766,165734561.7368223,168125035.49170867,158.05679486925345,12.396611362294388,0.033146912347364464,0.0033625007098341732,0.002367572820074577,0.004959946184893331,0.033146912347364464,30.16872248975886,0.03248671669360775,30.781811822699982,storage,0.474398929746808,0.01421842825427555,0.4984536869431582,zipf_mandelbrot_transferred (ASSUMPTION),5000000000.0,50000000000.0,0.000222
2xL4,mimo_v2_flash,4,finite_16tok,2,80.31372549019608,1766,110082790.25813834,110082790.25813834,104.98312974752268,8.233970960590014,0.02201655805162767,0.002201655805162767,0.002367572820074577,0.004959946184893331,0.02201655805162767,45.42036033312077,0.024022667880466808,41.627349842067915,storage,0.0,0.0,0.4984536869431582,zipf_mandelbrot_transferred (ASSUMPTION),5000000000.0,50000000000.0,0.000222
2xL4,mimo_v2_flash,4,steady_state,4,160.62745098039215,1766,163332130.9247225,168125035.49170867,155.76565830681085,12.216914377004771,0.032666426184944496,0.0033625007098341732,0.002367572820074577,0.004959946184893331,0.032666426184944496,30.612470257333694,0.03214638849960704,31.107693482029063,storage,0.474398929746808,0.028507976536442325,0.4984536869431582,zipf_mandelbrot_transferred (ASSUMPTION),5000000000.0,50000000000.0,0.000222
2xL4,mimo_v2_flash,4,finite_16tok,4,160.62745098039215,1766,110082790.25813834,110082790.25813834,104.98312974752268,8.233970960590014,0.02201655805162767,0.002201655805162767,0.002367572820074577,0.004959946184893331,0.02201655805162767,45.42036033312077,0.024022667880466808,41.627349842067915,storage,0.0,0.0,0.4984536869431582,zipf_mandelbrot_transferred (ASSUMPTION),5000000000.0,50000000000.0,0.000222
2xL4,mimo_v2_flash,4,steady_state,8,321.2549019607843,1766,158551413.60484597,168125035.49170867,151.2064109848461,11.859326351752633,0.03171028272096919,0.0033625007098341732,0.002367572820074577,0.004959946184893331,0.03171028272096919,31.535511959933608,0.031469152392199884,31.777150764564777,storage,0.474398929746808,0.05694346388604832,0.4984536869431582,zipf_mandelbrot_transferred (ASSUMPTION),5000000000.0,50000000000.0,0.000222
2xL4,mimo_v2_flash,4,finite_16tok,8,321.2549019607843,1766,110082790.25813834,110082790.25813834,104.98312974752268,8.233970960590014,0.02201655805162767,0.002201655805162767,0.002367572820074577,0.004959946184893331,0.02201655805162767,45.42036033312077,0.024022667880466808,41.627349842067915,storage,0.0,0.0,0.4984536869431582,zipf_mandelbrot_transferred (ASSUMPTION),5000000000.0,50000000000.0,0.000222
2xL4,mimo_v2_flash,4,steady_state,16,642.5098039215686,1766,149012155.21116313,168125035.49170867,142.10906525722802,11.14580903978259,0.029802431042232628,0.0033625007098341732,0.002367572820074577,0.004959946184893331,0.029802431042232628,33.55430966631257,0.030117821662974564,33.202932509204445,storage,0.474398929746808,0.11368253529075467,0.4984536869431582,zipf_mandelbrot_transferred (ASSUMPTION),5000000000.0,50000000000.0,0.000222
2xL4,mimo_v2_flash,4,finite_16tok,16,642.5098039215686,1766,110082790.25813834,110082790.25813834,104.98312974752268,8.233970960590014,0.02201655805162767,0.002201655805162767,0.002367572820074577,0.004959946184893331,0.02201655805162767,45.42036033312077,0.024022667880466808,41.627349842067915,storage,0.0,0.0,0.4984536869431582,zipf_mandelbrot_transferred (ASSUMPTION),5000000000.0,50000000000.0,0.000222
2xL4,mimo_v2_flash,4,steady_state,32,1285.0196078431372,1766,130109132.10622321,168125035.49170867,124.0817376196129,9.73190098977356,0.026021826421244645,0.0033625007098341732,0.002367572820074577,0.004959946184893331,0.026021826421244645,38.429277938138256,0.027440020628265456,36.44312129160423,storage,0.474398929746808,0.22611684972616863,0.4984536869431582,zipf_mandelbrot_transferred (ASSUMPTION),5000000000.0,50000000000.0,0.000222
2xL4,mimo_v2_flash,4,finite_16tok,32,1285.0196078431372,1766,110082790.25813834,110082790.25813834,104.98312974752268,8.233970960590014,0.02201655805162767,0.002201655805162767,0.002367572820074577,0.004959946184893331,0.02201655805162767,45.42036033312077,0.024022667880466808,41.627349842067915,storage,0.0,0.0,0.4984536869431582,zipf_mandelbrot_transferred (ASSUMPTION),5000000000.0,50000000000.0,0.000222
2xL4,mimo_v2_flash,4,steady_state,64,2570.0392156862745,1766,93042253.59933497,168125035.49170867,88.73200759824273,6.959373144960215,0.018608450719866994,0.0033625007098341732,0.002367572820074577,0.004959946184893331,0.018608450719866994,53.739025083499676,0.02218912900801222,45.067113704143694,storage,0.474398929746808,0.4465889430017489,0.4984536869431582,zipf_mandelbrot_transferred (ASSUMPTION),5000000000.0,50000000000.0,0.000222
2xL4,mimo_v2_flash,4,finite_16tok,64,2570.0392156862745,1766,110082790.25813834,110082790.25813834,104.98312974752268,8.233970960590014,0.02201655805162767,0.002201655805162767,0.002367572820074577,0.004959946184893331,0.02201655805162767,45.42036033312077,0.024022667880466808,41.627349842067915,storage,0.0,0.0,0.4984536869431582,zipf_mandelbrot_transferred (ASSUMPTION),5000000000.0,50000000000.0,0.000222
2xL4,mimo_v2_flash,4,steady_state,128,5140.078431372549,1766,23374160.02614519,168125035.49170867,22.29133608450431,1.7483400850591615,0.004674832005229038,0.0033625007098341732,0.002367572820074577,0.004959946184893331,0.004959946184893331,201.61509071322837,0.012319951362678556,81.16915161121089,dense,0.474398929746808,0.8609715682272797,0.4984536869431582,zipf_mandelbrot_transferred (ASSUMPTION),5000000000.0,50000000000.0,0.000222
2xL4,mimo_v2_flash,4,finite_16tok,128,5140.078431372549,1766,110082790.25813834,110082790.25813834,104.98312974752268,8.233970960590014,0.02201655805162767,0.002201655805162767,0.002367572820074577,0.004959946184893331,0.02201655805162767,45.42036033312077,0.024022667880466808,41.627349842067915,storage,0.0,0.0,0.4984536869431582,zipf_mandelbrot_transferred (ASSUMPTION),5000000000.0,50000000000.0,0.000222
2xL4,mimo_v2_flash,4,steady_state,256,10280.156862745098,1766,0.011281174263377871,168125035.49170867,1.0758566153886672e-08,8.438091101087586e-10,2.256234852675574e-12,0.0033625007098341732,0.002367572820074577,0.004959946184893331,0.004959946184893331,201.61509071322837,0.009008769361483086,111.00295277571331,dense,0.474398929746808,0.9999999999329001,0.4984536869431582,zipf_mandelbrot_transferred (ASSUMPTION),5000000000.0,50000000000.0,0.000222
2xL4,mimo_v2_flash,4,finite_16tok,256,10280.156862745098,1766,110082790.25813834,110082790.25813834,104.98312974752268,8.233970960590014,0.02201655805162767,0.002201655805162767,0.002367572820074577,0.004959946184893331,0.02201655805162767,45.42036033312077,0.024022667880466808,41.627349842067915,storage,0.0,0.0,0.4984536869431582,zipf_mandelbrot_transferred (ASSUMPTION),5000000000.0,50000000000.0,0.000222
2xL4,mimo_v2_flash,8,steady_state,2,80.31372549019608,1766,331239147.1987864,336015950.5168559,315.8942672717918,24.776020962493476,0.06624782943975728,0.006720319010337118,0.0023582701014648226,0.004665712089179319,0.06624782943975728,15.094834177312237,0.05730745793898423,17.449735792934824,storage,0.4726481804827159,0.01421600168302073,0.9929059413039162,zipf_mandelbrot_transferred (ASSUMPTION),5000000000.0,50000000000.0,0.000222
2xL4,mimo_v2_flash,8,finite_16tok,2,80.31372549019608,1766,110082790.25813834,110082790.25813834,104.98312974752268,8.233970960590014,0.02201655805162767,0.002201655805162767,0.0023582701014648226,0.004665712089179319,0.02201655805162767,45.42036033312077,0.02371913106614304,42.16006046812615,storage,0.0,0.0,0.9929059413039162,zipf_mandelbrot_transferred (ASSUMPTION),5000000000.0,50000000000.0,0.000222
2xL4,mimo_v2_flash,8,steady_state,4,160.62745098039215,1766,326438441.19496596,336015950.5168559,311.315957255331,24.416937823947528,0.0652876882389932,0.006720319010337118,0.0023582701014648226,0.004665712089179319,0.0652876882389932,15.316823538603225,0.056627390235897884,17.65929872159407,storage,0.4726481804827159,0.02850313893479728,0.9929059413039162,zipf_mandelbrot_transferred (ASSUMPTION),5000000000.0,50000000000.0,0.000222
2xL4,mimo_v2_flash,8,finite_16tok,4,160.62745098039215,1766,110082790.25813834,110082790.25813834,104.98312974752268,8.233970960590014,0.02201655805162767,0.002201655805162767,0.0023582701014648226,0.004665712089179319,0.02201655805162767,45.42036033312077,0.02371913106614304,42.16006046812615,storage,0.0,0.0,0.9929059413039162,zipf_mandelbrot_transferred (ASSUMPTION),5000000000.0,50000000000.0,0.000222
2xL4,mimo_v2_flash,8,steady_state,8,321.2549019607843,1766,316885244.0847346,336015950.5168559,302.20531853173696,23.7023779240578,0.06337704881694692,0.006720319010337118,0.0023582701014648226,0.004665712089179319,0.06337704881694692,15.778582604695245,0.05527408494898468,18.091660873679807,storage,0.4726481804827159,0.0569339235315901,0.9929059413039162,zipf_mandelbrot_transferred (ASSUMPTION),5000000000.0,50000000000.0,0.000222
2xL4,mimo_v2_flash,8,finite_16tok,8,321.2549019607843,1766,110082790.25813834,110082790.25813834,104.98312974752268,8.233970960590014,0.02201655805162767,0.002201655805162767,0.0023582701014648226,0.004665712089179319,0.02201655805162767,45.42036033312077,0.02371913106614304,42.16006046812615,storage,0.0,0.0,0.9929059413039162,zipf_mandelbrot_transferred (ASSUMPTION),5000000000.0,50000000000.0,0.000222
2xL4,mimo_v2_flash,8,steady_state,16,642.5098039215686,1766,297823104.20468146,336015950.5168559,284.02624531238695,22.276568259795056,0.0595646208409363,0.006720319010337118,0.0023582701014648226,0.004665712089179319,0.0595646208409363,16.78848930593278,0.05257374344216842,19.02090158559869,storage,0.4726481804827159,0.11366378963089874,0.9929059413039162,zipf_mandelbrot_transferred (ASSUMPTION),5000000000.0,50000000000.0,0.000222
2xL4,mimo_v2_flash,8,finite_16tok,16,642.5098039215686,1766,110082790.25813834,110082790.25813834,104.98312974752268,8.233970960590014,0.02201655805162767,0.002201655805162767,0.0023582701014648226,0.004665712089179319,0.02201655805162767,45.42036033312077,0.02371913106614304,42.16006046812615,storage,0.0,0.0,0.9929059413039162,zipf_mandelbrot_transferred (ASSUMPTION),5000000000.0,50000000000.0,0.000222
2xL4,mimo_v2_flash,8,steady_state,32,1285.0196078431372,1766,260049075.48307306,336015950.5168559,248.002124293397,19.451147003403687,0.05200981509661461,0.006720319010337118,0.0023582701014648226,0.004665712089179319,0.05200981509661461,19.22714007235706,0.04722267696807513,21.17626666264705,storage,0.4726481804827159,0.2260811575073487,0.9929059413039162,zipf_mandelbrot_transferred (ASSUMPTION),5000000000.0,50000000000.0,0.000222
2xL4,mimo_v2_flash,8,finite_16tok,32,1285.0196078431372,1766,110082790.25813834,110082790.25813834,104.98312974752268,8.233970960590014,0.02201655805162767,0.002201655805162767,0.0023582701014648226,0.004665712089179319,0.02201655805162767,45.42036033312077,0.02371913106614304,42.16006046812615,storage,0.0,0.0,0.9929059413039162,zipf_mandelbrot_transferred (ASSUMPTION),5000000000.0,50000000000.0,0.000222
2xL4,mimo_v2_flash,8,steady_state,64,2570.0392156862745,1766,185975601.41198882,336015950.5168559,177.36015454481966,13.910600356456444,0.03719512028239776,0.006720319010337118,0.0023582701014648226,0.004665712089179319,0.03719512028239776,26.885247107891207,0.0367294334053451,27.226121050222183,storage,0.4726481804827159,0.44652746059845294,0.9929059413039162,zipf_mandelbrot_transferred (ASSUMPTION),5000000000.0,50000000000.0,0.000222
2xL4,mimo_v2_flash,8,finite_16tok,64,2570.0392156862745,1766,110082790.25813834,110082790.25813834,104.98312974752268,8.233970960590014,0.02201655805162767,0.002201655805162767,0.0023582701014648226,0.004665712089179319,0.02201655805162767,45.42036033312077,0.02371913106614304,42.16006046812615,storage,0.0,0.0,0.9929059413039162,zipf_mandelbrot_transferred (ASSUMPTION),5000000000.0,50000000000.0,0.000222
2xL4,mimo_v2_flash,8,steady_state,128,5140.078431372549,1766,46738322.29818955,336015950.5168559,44.57313756770091,3.4959323582510518,0.00934766445963791,0.006720319010337118,0.0023582701014648226,0.004665712089179319,0.00934766445963791,106.97859388490886,0.017005089420198276,58.80592423184918,storage,0.4726481804827159,0.8609044534156869,0.9929059413039162,zipf_mandelbrot_transferred (ASSUMPTION),5000000000.0,50000000000.0,0.000222
2xL4,mimo_v2_flash,8,finite_16tok,128,5140.078431372549,1766,110082790.25813834,110082790.25813834,104.98312974752268,8.233970960590014,0.02201655805162767,0.002201655805162767,0.0023582701014648226,0.004665712089179319,0.02201655805162767,45.42036033312077,0.02371913106614304,42.16006046812615,storage,0.0,0.0,0.9929059413039162,zipf_mandelbrot_transferred (ASSUMPTION),5000000000.0,50000000000.0,0.000222
2xL4,mimo_v2_flash,8,steady_state,256,10280.156862745098,1766,0.022670552992940154,336015950.5168559,2.1620324128093866e-08,1.6957116963210876e-09,4.534110598588031e-12,0.006720319010337118,0.0023582701014648226,0.004665712089179319,0.006720319010337118,148.80245989242644,0.01038414169902421,96.30068897210535,h2d,0.4726481804827159,0.9999999999325313,0.9929059413039162,zipf_mandelbrot_transferred (ASSUMPTION),5000000000.0,50000000000.0,0.000222
2xL4,mimo_v2_flash,8,finite_16tok,256,10280.156862745098,1766,110082790.25813834,110082790.25813834,104.98312974752268,8.233970960590014,0.02201655805162767,0.002201655805162767,0.0023582701014648226,0.004665712089179319,0.02201655805162767,45.42036033312077,0.02371913106614304,42.16006046812615,storage,0.0,0.0,0.9929059413039162,zipf_mandelbrot_transferred (ASSUMPTION),5000000000.0,50000000000.0,0.000222
2xL4,mimo_v2_flash,16,steady_state,2,80.31372549019608,1766,661571372.2943242,671108646.196368,630.9236262267343,49.484205978567395,0.13231427445886484,0.01342217292392736,0.00234055321086697,0.004518595041322314,0.13231427445886484,7.557763545088174,0.1072883926738027,9.320672768771718,storage,0.46929948141931693,0.014211221917789452,1.970570543753891,zipf_mandelbrot_transferred (ASSUMPTION),5000000000.0,50000000000.0,0.000222
2xL4,mimo_v2_flash,16,finite_16tok,2,80.31372549019608,1766,110082790.25813834,110082790.25813834,104.98312974752268,8.233970960590014,0.02201655805162767,0.002201655805162767,0.00234055321086697,0.004518595041322314,0.02201655805162767,45.42036033312077,0.02355429712768818,42.45509830240256,storage,0.0,0.0,1.970570543753891,zipf_mandelbrot_transferred (ASSUMPTION),5000000000.0,50000000000.0,0.000222
2xL4,mimo_v2_flash,16,steady_state,4,160.62745098039215,1766,651986338.7808551,671108646.196368,621.7826259430457,48.76726477984672,0.13039726775617103,0.01342217292392736,0.00234055321086697,0.004518595041322314,0.13039726775617103,7.668872340714173,0.10593057744405876,9.440144896105124,storage,0.46929948141931693,0.028493609080872506,1.970570543753891,zipf_mandelbrot_transferred (ASSUMPTION),5000000000.0,50000000000.0,0.000222
2xL4,mimo_v2_flash,16,finite_16tok,4,160.62745098039215,1766,110082790.25813834,110082790.25813834,104.98312974752268,8.233970960590014,0.02201655805162767,0.002201655805162767,0.00234055321086697,0.004518595041322314,0.02201655805162767,45.42036033312077,0.02355429712768818,42.45509830240256,storage,0.0,0.0,1.970570543753891,zipf_mandelbrot_transferred (ASSUMPTION),5000000000.0,50000000000.0,0.000222
2xL4,mimo_v2_flash,16,steady_state,8,321.2549019607843,1766,632912413.4703456,671108646.196368,603.5923132613617,47.34057358912641,0.12658248269406913,0.01342217292392736,0.00234055321086697,0.004518595041322314,0.12658248269406913,7.8999872550837065,0.10322856641392365,9.687240990930958,storage,0.46929948141931693,0.05691512535638821,1.970570543753891,zipf_mandelbrot_transferred (ASSUMPTION),5000000000.0,50000000000.0,0.000222
2xL4,mimo_v2_flash,16,finite_16tok,8,321.2549019607843,1766,110082790.25813834,110082790.25813834,104.98312974752268,8.233970960590014,0.02201655805162767,0.002201655805162767,0.00234055321086697,0.004518595041322314,0.02201655805162767,45.42036033312077,0.02355429712768818,42.45509830240256,storage,0.0,0.0,1.970570543753891,zipf_mandelbrot_transferred (ASSUMPTION),5000000000.0,50000000000.0,0.000222
2xL4,mimo_v2_flash,16,steady_state,16,642.5098039215686,1766,594852689.5083165,671108646.196368,567.295732029263,44.49378290425592,0.1189705379016633,0.01342217292392736,0.00234055321086697,0.004518595041322314,0.1189705379016633,8.405442369492887,0.09783702837048598,10.221079039862428,storage,0.46929948141931693,0.1136268428670173,1.970570543753891,zipf_mandelbrot_transferred (ASSUMPTION),5000000000.0,50000000000.0,0.000222
2xL4,mimo_v2_flash,16,finite_16tok,16,642.5098039215686,1766,110082790.25813834,110082790.25813834,104.98312974752268,8.233970960590014,0.02201655805162767,0.002201655805162767,0.00234055321086697,0.004518595041322314,0.02201655805162767,45.42036033312077,0.02355429712768818,42.45509830240256,storage,0.0,0.0,1.970570543753891,zipf_mandelbrot_transferred (ASSUMPTION),5000000000.0,50000000000.0,0.000222
2xL4,mimo_v2_flash,16,steady_state,32,1285.0196078431372,1766,519430874.5069178,671108646.196368,495.36788416568544,38.852383071818466,0.10388617490138356,0.01342217292392736,0.00234055321086697,0.004518595041322314,0.10388617490138356,9.625919916189751,0.0871527789184708,11.474103435479373,storage,0.46929948141931693,0.22601075481460697,1.970570543753891,zipf_mandelbrot_transferred (ASSUMPTION),5000000000.0,50000000000.0,0.000222
2xL4,mimo_v2_flash,16,finite_16tok,32,1285.0196078431372,1766,110082790.25813834,110082790.25813834,104.98312974752268,8.233970960590014,0.02201655805162767,0.002201655805162767,0.00234055321086697,0.004518595041322314,0.02201655805162767,45.42036033312077,0.02355429712768818,42.45509830240256,storage,0.0,0.0,1.970570543753891,zipf_mandelbrot_transferred (ASSUMPTION),5000000000.0,50000000000.0,0.000222
2xL4,mimo_v2_flash,16,steady_state,64,2570.0392156862745,1766,371521797.58944434,671108646.196368,354.3107963461345,27.78908206636349,0.07430435951788887,0.01342217292392736,0.00234055321086697,0.004518595041322314,0.07430435951788887,13.458160550583155,0.06619998861536977,15.105742779052807,storage,0.46929948141931693,0.44640588421098026,1.970570543753891,zipf_mandelbrot_transferred (ASSUMPTION),5000000000.0,50000000000.0,0.000222
2xL4,mimo_v2_flash,16,finite_16tok,64,2570.0392156862745,1766,110082790.25813834,110082790.25813834,104.98312974752268,8.233970960590014,0.02201655805162767,0.002201655805162767,0.00234055321086697,0.004518595041322314,0.02201655805162767,45.42036033312077,0.02355429712768818,42.45509830240256,storage,0.0,0.0,1.970570543753891,zipf_mandelbrot_transferred (ASSUMPTION),5000000000.0,50000000000.0,0.000222
2xL4,mimo_v2_flash,16,steady_state,128,5140.078431372549,1766,93438348.71822393,671108646.196368,89.10975333998101,6.989000261959295,0.018687669743644785,0.01342217292392736,0.00234055321086697,0.004518595041322314,0.018687669743644785,53.511219628657834,0.026806705171292897,37.3040996127675,storage,0.46929948141931693,0.8607701610643775,1.970570543753891,zipf_mandelbrot_transferred (ASSUMPTION),5000000000.0,50000000000.0,0.000222
2xL4,mimo_v2_flash,16,finite_16tok,128,5140.078431372549,1766,110082790.25813834,110082790.25813834,104.98312974752268,8.233970960590014,0.02201655805162767,0.002201655805162767,0.00234055321086697,0.004518595041322314,0.02201655805162767,45.42036033312077,0.02355429712768818,42.45509830240256,storage,0.0,0.0,1.970570543753891,zipf_mandelbrot_transferred (ASSUMPTION),5000000000.0,50000000000.0,0.000222
2xL4,mimo_v2_flash,16,steady_state,256,10280.156862745098,1766,0.04262511346131757,671108646.196368,4.0650475941960875e-08,3.1882726228988924e-09,8.525022692263515e-12,0.01342217292392736,0.00234055321086697,0.004518595041322314,0.01342217292392736,74.50358490146748,0.013570234720191234,73.69069294815469,h2d,0.46929948141931693,0.9999999999364855,1.970570543753891,zipf_mandelbrot_transferred (ASSUMPTION),5000000000.0,50000000000.0,0.000222
2xL4,mimo_v2_flash,16,finite_16tok,256,10280.156862745098,1766,110082790.25813834,110082790.25813834,104.98312974752268,8.233970960590014,0.02201655805162767,0.002201655805162767,0.00234055321086697,0.004518595041322314,0.02201655805162767,45.42036033312077,0.02355429712768818,42.45509830240256,storage,0.0,0.0,1.970570543753891,zipf_mandelbrot_transferred (ASSUMPTION),5000000000.0,50000000000.0,0.000222
1xA10,mimo_v2_flash,1,steady_state,2,160.62745098039215,1766,54959335.46254996,55887156.546647094,52.41330667738911,4.110847582540322,0.018319778487516654,0.0022354862618658836,0.00242148378286801,0.013020279069767441,0.018319778487516654,54.58581285147163,0.029535399182549313,33.85767681077559,storage,0.303292211561925,0.016601687067809734,0.125,zipf_mandelbrot_transferred (ASSUMPTION),3000000000.0,25000000000.0,0.000306
1xA10,mimo_v2_flash,1,finite_16tok,2,160.62745098039215,1766,110082790.25813834,110082790.25813834,104.98312974752268,8.233970960590014,0.036694263419379446,0.004403311610325534,0.00242148378286801,0.013020279069767441,0.036694263419379446,27.25221619987246,0.04363395361266074,22.917932417424627,storage,0.0,0.0,0.125,zipf_mandelbrot_transferred (ASSUMPTION),3000000000.0,25000000000.0,0.000306
1xA10,mimo_v2_flash,1,steady_state,4,321.2549019607843,1766,54030286.81637206,55887156.546647094,51.527296844837245,4.0413566152813525,0.018010095605457355,0.0022354862618658836,0.00242148378286801,0.013020279069767441,0.018010095605457355,55.52441374586505,0.029316050896985035,34.11100640785296,storage,0.303292211561925,0.033225339147916144,0.125,zipf_mandelbrot_transferred (ASSUMPTION),3000000000.0,25000000000.0,0.000306
1xA10,mimo_v2_flash,1,finite_16tok,4,321.2549019607843,1766,110082790.25813834,110082790.25813834,104.98312974752268,8.233970960590014,0.036694263419379446,0.004403311610325534,0.00242148378286801,0.013020279069767441,0.036694263419379446,27.25221619987246,0.04363395361266074,22.917932417424627,storage,0.0,0.0,0.125,zipf_mandelbrot_transferred (ASSUMPTION),3000000000.0,25000000000.0,0.000306
1xA10,mimo_v2_flash,1,steady_state,8,642.5098039215686,1766,52191695.019400716,55887156.546647094,49.77387906971046,3.903833652526311,0.017397231673133572,0.0022354862618658836,0.00242148378286801,0.013020279069767441,0.017397231673133572,57.4804094575744,0.02888195957122148,34.623689488036625,storage,0.303292211561925,0.06612362760237955,0.125,zipf_mandelbrot_transferred (ASSUMPTION),3000000000.0,25000000000.0,0.000306
1xA10,mimo_v2_flash,1,finite_16tok,8,642.5098039215686,1766,110082790.25813834,110082790.25813834,104.98312974752268,8.233970960590014,0.036694263419379446,0.004403311610325534,0.00242148378286801,0.013020279069767441,0.036694263419379446,27.25221619987246,0.04363395361266074,22.917932417424627,storage,0.0,0.0,0.125,zipf_mandelbrot_transferred (ASSUMPTION),3000000000.0,25000000000.0,0.000306
1xA10,mimo_v2_flash,1,steady_state,16,1285.0196078431372,1766,48564868.06487059,55887156.546647094,46.31506735312518,3.6325543022058966,0.016188289354956864,0.0022354862618658836,0.00242148378286801,0.013020279069767441,0.016188289354956864,61.77304952198667,0.028025666116850357,35.681578301496735,storage,0.303292211561925,0.13101916315360995,0.125,zipf_mandelbrot_transferred (ASSUMPTION),3000000000.0,25000000000.0,0.000306
1xA10,mimo_v2_flash,1,finite_16tok,16,1285.0196078431372,1766,110082790.25813834,110082790.25813834,104.98312974752268,8.233970960590014,0.036694263419379446,0.004403311610325534,0.00242148378286801,0.013020279069767441,0.036694263419379446,27.25221619987246,0.04363395361266074,22.917932417424627,storage,0.0,0.0,0.125,zipf_mandelbrot_transferred (ASSUMPTION),3000000000.0,25000000000.0,0.000306
1xA10,mimo_v2_flash,1,steady_state,32,2570.0392156862745,1766,41549386.76502715,55887156.546647094,39.62458302023616,3.107810432959699,0.013849795588342385,0.0022354862618658836,0.00242148378286801,0.013020279069767441,0.013849795588342385,72.20323170991183,0.026369311735559724,37.922870722919676,storage,0.303292211561925,0.2565485644211062,0.125,zipf_mandelbrot_transferred (ASSUMPTION),3000000000.0,25000000000.0,0.000306
1xA10,mimo_v2_flash,1,finite_16tok,32,2570.0392156862745,1766,110082790.25813834,110082790.25813834,104.98312974752268,8.233970960590014,0.036694263419379446,0.004403311610325534,0.00242148378286801,0.013020279069767441,0.036694263419379446,27.25221619987246,0.04363395361266074,22.917932417424627,storage,0.0,0.0,0.125,zipf_mandelbrot_transferred (ASSUMPTION),3000000000.0,25000000000.0,0.000306
1xA10,mimo_v2_flash,1,steady_state,64,5140.078431372549,1766,28501508.809180625,55887156.546647094,27.181156930142045,2.131855445501337,0.009500502936393542,0.0022354862618658836,0.00242148378286801,0.013020279069767441,0.013020279069767441,76.80326931870142,0.023288709151786297,42.939262690877726,dense,0.303292211561925,0.4900168380298362,0.125,zipf_mandelbrot_transferred (ASSUMPTION),3000000000.0,25000000000.0,0.000306
1xA10,mimo_v2_flash,1,finite_16tok,64,5140.078431372549,1766,110082790.25813834,110082790.25813834,104.98312974752268,8.233970960590014,0.036694263419379446,0.004403311610325534,0.00242148378286801,0.013020279069767441,0.036694263419379446,27.25221619987246,0.04363395361266074,22.917932417424627,storage,0.0,0.0,0.125,zipf_mandelbrot_transferred (ASSUMPTION),3000000000.0,25000000000.0,0.000306
1xA10,mimo_v2_flash,1,steady_state,128,10280.156862745098,1766,6715928.539290982,55887156.546647094,6.404808558741553,0.5023379261758081,0.0022386428464303276,0.0022354862618658836,0.00242148378286801,0.013020279069767441,0.013020279069767441,76.80326931870142,0.018145135990270525,55.111187953410926,dense,0.303292211561925,0.8798305558149944,0.125,zipf_mandelbrot_transferred (ASSUMPTION),3000000000.0,25000000000.0,0.000306
1xA10,mimo_v2_flash,1,finite_16tok,128,10280.156862745098,1766,110082790.25813834,110082790.25813834,104.98312974752268,8.233970960590014,0.036694263419379446,0.004403311610325534,0.00242148378286801,0.013020279069767441,0.036694263419379446,27.25221619987246,0.04363395361266074,22.917932417424627,storage,0.0,0.0,0.125,zipf_mandelbrot_transferred (ASSUMPTION),3000000000.0,25000000000.0,0.000306
1xA10,mimo_v2_flash,1,steady_state,256,20560.313725490196,1766,0.0,55887156.546647094,0.0,0.0,0.0,0.0022354862618658836,0.00242148378286801,0.013020279069767441,0.013020279069767441,76.80326931870142,0.016559505983568392,60.38827492754171,dense,0.303292211561925,1.0,0.125,zipf_mandelbrot_transferred (ASSUMPTION),3000000000.0,25000000000.0,0.000306
1xA10,mimo_v2_flash,1,finite_16tok,256,20560.313725490196,1766,110082790.25813834,110082790.25813834,104.98312974752268,8.233970960590014,0.036694263419379446,0.004403311610325534,0.00242148378286801,0.013020279069767441,0.036694263419379446,27.25221619987246,0.04363395361266074,22.917932417424627,storage,0.0,0.0,0.125,zipf_mandelbrot_transferred (ASSUMPTION),3000000000.0,25000000000.0,0.000306
1xA10,mimo_v2_flash,4,steady_state,2,160.62745098039215,1766,219689633.62627503,223397263.4610116,209.51236117007736,16.432342052555086,0.07322987787542501,0.008935890538440464,0.0024142939002676344,0.009602455813953489,0.07322987787542501,13.65562839939662,0.06835339388356318,14.629851470191127,storage,0.30160406852355665,0.01659657677670512,0.4984536869431582,zipf_mandelbrot_transferred (ASSUMPTION),3000000000.0,25000000000.0,0.000306
1xA10,mimo_v2_flash,4,finite_16tok,2,160.62745098039215,1766,110082790.25813834,110082790.25813834,104.98312974752268,8.233970960590014,0.036694263419379446,0.004403311610325534,0.0024142939002676344,0.009602455813953489,0.036694263419379446,27.25221619987246,0.04020894047424641,24.870090785915984,storage,0.0,0.0,0.4984536869431582,zipf_mandelbrot_transferred (ASSUMPTION),3000000000.0,25000000000.0,0.000306
1xA10,mimo_v2_flash,4,steady_state,4,321.2549019607843,1766,215977072.07884043,223397263.4610116,205.97178657421154,16.15464992738914,0.07199235735961348,0.008935890538440464,0.0024142939002676344,0.009602455813953489,0.07199235735961348,13.890363320162418,0.06747685850101692,14.819895623696372,storage,0.30160406852355665,0.033215229529730106,0.4984536869431582,zipf_mandelbrot_transferred (ASSUMPTION),3000000000.0,25000000000.0,0.000306
1xA10,mimo_v2_flash,4,finite_16tok,4,321.2549019607843,1766,110082790.25813834,110082790.25813834,104.98312974752268,8.233970960590014,0.036694263419379446,0.004403311610325534,0.0024142939002676344,0.009602455813953489,0.036694263419379446,27.25221619987246,0.04020894047424641,24.870090785915984,storage,0.0,0.0,0.4984536869431582,zipf_mandelbrot_transferred (ASSUMPTION),3000000000.0,25000000000.0,0.000306
1xA10,mimo_v2_flash,4,steady_state,8,642.5098039215686,1766,208629837.12341854,223397263.4610116,198.96491730062345,15.605091552990075,0.06954327904113951,0.008935890538440464,0.0024142939002676344,0.009602455813953489,0.06954327904113951,14.379534784496329,0.06574217711728116,15.210935260267453,storage,0.30160406852355665,0.0661038819760219,0.4984536869431582,zipf_mandelbrot_transferred (ASSUMPTION),3000000000.0,25000000000.0,0.000306
1xA10,mimo_v2_flash,4,finite_16tok,8,642.5098039215686,1766,110082790.25813834,110082790.25813834,104.98312974752268,8.233970960590014,0.036694263419379446,0.004403311610325534,0.0024142939002676344,0.009602455813953489,0.036694263419379446,27.25221619987246,0.04020894047424641,24.870090785915984,storage,0.0,0.0,0.4984536869431582,zipf_mandelbrot_transferred (ASSUMPTION),3000000000.0,25000000000.0,0.000306
1xA10,mimo_v2_flash,4,steady_state,16,1285.0196078431372,1766,194136240.1919612,223397263.4610116,185.14274615474815,14.52099969841162,0.06471208006398707,0.008935890538440464,0.0024142939002676344,0.009602455813953489,0.06471208006398707,15.453065316571552,0.062320240438665034,16.046151185571727,storage,0.30160406852355665,0.13098201301000767,0.4984536869431582,zipf_mandelbrot_transferred (ASSUMPTION),3000000000.0,25000000000.0,0.000306
1xA10,mimo_v2_flash,4,finite_16tok,16,1285.0196078431372,1766,110082790.25813834,110082790.25813834,104.98312974752268,8.233970960590014,0.036694263419379446,0.004403311610325534,0.0024142939002676344,0.009602455813953489,0.036694263419379446,27.25221619987246,0.04020894047424641,24.870090785915984,storage,0.0,0.0,0.4984536869431582,zipf_mandelbrot_transferred (ASSUMPTION),3000000000.0,25000000000.0,0.000306
1xA10,mimo_v2_flash,4,steady_state,32,2570.0392156862745,1766,166099520.4637956,223397263.4610116,158.4048466337162,12.423909539899311,0.055366506821265205,0.008935890538440464,0.0024142939002676344,0.009602455813953489,0.055366506821265205,18.061460933921865,0.055700773922547187,17.953071915850146,storage,0.30160406852355665,0.25648363865126667,0.4984536869431582,zipf_mandelbrot_transferred (ASSUMPTION),3000000000.0,25000000000.0,0.000306
1xA10,mimo_v2_flash,4,finite_16tok,32,2570.0392156862745,1766,110082790.25813834,110082790.25813834,104.98312974752268,8.233970960590014,0.036694263419379446,0.004403311610325534,0.0024142939002676344,0.009602455813953489,0.036694263419379446,27.25221619987246,0.04020894047424641,24.870090785915984,storage,0.0,0.0,0.4984536869431582,zipf_mandelbrot_transferred (ASSUMPTION),3000000000.0,25000000000.0,0.000306
1xA10,mimo_v2_flash,4,steady_state,64,5140.078431372549,1766,113949910.06829682,223397263.4610116,108.67110258893663,8.523223732465619,0.03798330335609894,0.008935890538440464,0.0024142939002676344,0.009602455813953489,0.03798330335609894,26.327357329215314,0.04338825651007661,23.047711072874225,storage,0.30160406852355665,0.4899225339517914,0.4984536869431582,zipf_mandelbrot_transferred (ASSUMPTION),3000000000.0,25000000000.0,0.000306
1xA10,mimo_v2_flash,4,finite_16tok,64,5140.078431372549,1766,110082790.25813834,110082790.25813834,104.98312974752268,8.233970960590014,0.036694263419379446,0.004403311610325534,0.0024142939002676344,0.009602455813953489,0.036694263419379446,27.25221619987246,0.04020894047424641,24.870090785915984,storage,0.0,0.0,0.4984536869431582,zipf_mandelbrot_transferred (ASSUMPTION),3000000000.0,25000000000.0,0.000306
1xA10,mimo_v2_flash,4,steady_state,128,10280.156862745098,1766,26857001.804541957,223397263.4610116,25.612832836667973,2.0088496342484685,0.00895233393484732,0.008935890538440464,0.0024142939002676344,0.009602455813953489,0.009602455813953489,104.14002619484937,0.02282563022451687,43.81040042109795,dense,0.30160406852355665,0.8797791817658984,0.4984536869431582,zipf_mandelbrot_transferred (ASSUMPTION),3000000000.0,25000000000.0,0.000306
1xA10,mimo_v2_flash,4,finite_16tok,128,10280.156862745098,1766,110082790.25813834,110082790.25813834,104.98312974752268,8.233970960590014,0.036694263419379446,0.004403311610325534,0.0024142939002676344,0.009602455813953489,0.036694263419379446,27.25221619987246,0.04020894047424641,24.870090785915984,storage,0.0,0.0,0.4984536869431582,zipf_mandelbrot_transferred (ASSUMPTION),3000000000.0,25000000000.0,0.000306
1xA10,mimo_v2_flash,4,steady_state,256,20560.313725490196,1766,0.0,223397263.4610116,0.0,0.0,0.0,0.008935890538440464,0.0024142939002676344,0.009602455813953489,0.009602455813953489,104.14002619484937,0.016484694983441357,60.662329573248755,dense,0.30160406852355665,1.0,0.4984536869431582,zipf_mandelbrot_transferred (ASSUMPTION),3000000000.0,25000000000.0,0.000306
1xA10,mimo_v2_flash,4,finite_16tok,256,20560.313725490196,1766,110082790.25813834,110082790.25813834,104.98312974752268,8.233970960590014,0.036694263419379446,0.004403311610325534,0.0024142939002676344,0.009602455813953489,0.036694263419379446,27.25221619987246,0.04020894047424641,24.870090785915984,storage,0.0,0.0,0.4984536869431582,zipf_mandelbrot_transferred (ASSUMPTION),3000000000.0,25000000000.0,0.000306
1xA10,mimo_v2_flash,8,steady_state,2,160.62745098039215,1766,438992888.0685204,446398648.3313135,418.65624243595164,32.83578372046679,0.14633096268950682,0.01785594593325254,0.00240499118165788,0.009032818604651162,0.14633096268950682,6.833823694045228,0.12401195646933438,8.063738598038162,storage,0.2994108194403545,0.016590014979831702,0.9929059413039162,zipf_mandelbrot_transferred (ASSUMPTION),3000000000.0,25000000000.0,0.000306
1xA10,mimo_v2_flash,8,finite_16tok,2,160.62745098039215,1766,110082790.25813834,110082790.25813834,104.98312974752268,8.233970960590014,0.036694263419379446,0.004403311610325534,0.00240499118165788,0.009032818604651162,0.036694263419379446,27.25221619987246,0.03963000054633433,25.23340868569575,storage,0.0,0.0,0.9929059413039162,zipf_mandelbrot_transferred (ASSUMPTION),3000000000.0,25000000000.0,0.000306
1xA10,mimo_v2_flash,8,steady_state,4,321.2549019607843,1766,431577210.86998075,446398648.3313135,411.5841015529449,32.28110600415254,0.1438590702899936,0.01785594593325254,0.00240499118165788,0.009032818604651162,0.1438590702899936,6.951247481192412,0.1222611158793506,8.179215385100996,storage,0.2994108194403545,0.033202245384785334,0.9929059413039162,zipf_mandelbrot_transferred (ASSUMPTION),3000000000.0,25000000000.0,0.000306
1xA10,mimo_v2_flash,8,finite_16tok,4,321.2549019607843,1766,110082790.25813834,110082790.25813834,104.98312974752268,8.233970960590014,0.036694263419379446,0.004403311610325534,0.00240499118165788,0.009032818604651162,0.036694263419379446,27.25221619987246,0.03963000054633433,25.23340868569575,storage,0.0,0.0,0.9929059413039162,zipf_mandelbrot_transferred (ASSUMPTION),3000000000.0,25000000000.0,0.000306
1xA10,mimo_v2_flash,8,steady_state,8,642.5098039215686,1766,416901287.3787978,446398648.3313135,397.5880502498606,31.183376490185147,0.13896709579293262,0.01785594593325254,0.00240499118165788,0.009032818604651162,0.13896709579293262,7.195948035713764,0.11879613191956877,8.417782497135956,storage,0.2994108194403545,0.06607851762719263,0.9929059413039162,zipf_mandelbrot_transferred (ASSUMPTION),3000000000.0,25000000000.0,0.000306
1xA10,mimo_v2_flash,8,finite_16tok,8,642.5098039215686,1766,110082790.25813834,110082790.25813834,104.98312974752268,8.233970960590014,0.036694263419379446,0.004403311610325534,0.00240499118165788,0.009032818604651162,0.036694263419379446,27.25221619987246,0.03963000054633433,25.23340868569575,storage,0.0,0.0,0.9929059413039162,zipf_mandelbrot_transferred (ASSUMPTION),3000000000.0,25000000000.0,0.000306
1xA10,mimo_v2_flash,8,steady_state,16,1285.0196078431372,1766,387949780.15352416,446398648.3313135,369.9777413878671,29.017862069636635,0.12931659338450804,0.01785594593325254,0.00240499118165788,0.009032818604651162,0.12931659338450804,7.732959659914755,0.11196068417365007,8.931706762786556,storage,0.2994108194403545,0.1309342409442268,0.9929059413039162,zipf_mandelbrot_transferred (ASSUMPTION),3000000000.0,25000000000.0,0.000306
1xA10,mimo_v2_flash,8,finite_16tok,16,1285.0196078431372,1766,110082790.25813834,110082790.25813834,104.98312974752268,8.233970960590014,0.036694263419379446,0.004403311610325534,0.00240499118165788,0.009032818604651162,0.036694263419379446,27.25221619987246,0.03963000054633433,25.23340868569575,storage,0.0,0.0,0.9929059413039162,zipf_mandelbrot_transferred (ASSUMPTION),3000000000.0,25000000000.0,0.000306
1xA10,mimo_v2_flash,8,steady_state,32,2570.0392156862745,1766,331942045.65956926,446398648.3313135,316.56460348088194,24.82859635144172,0.11064734855318975,0.01785594593325254,0.00240499118165788,0.009032818604651162,0.11064734855318975,9.037722214548014,0.09873726407597339,10.127888486261378,storage,0.2994108194403545,0.2563999758950781,0.9929059413039162,zipf_mandelbrot_transferred (ASSUMPTION),3000000000.0,25000000000.0,0.000306
1xA10,mimo_v2_flash,8,finite_16tok,32,2570.0392156862745,1766,110082790.25813834,110082790.25813834,104.98312974752268,8.233970960590014,0.036694263419379446,0.004403311610325534,0.00240499118165788,0.009032818604651162,0.036694263419379446,27.25221619987246,0.03963000054633433,25.23340868569575,storage,0.0,0.0,0.9929059413039162,zipf_mandelbrot_transferred (ASSUMPTION),3000000000.0,25000000000.0,0.000306
1xA10,mimo_v2_flash,8,steady_state,64,5140.078431372549,1766,227752334.72831482,446398648.3313135,217.20155213195306,17.035415853486516,0.07591744490943828,0.01785594593325254,0.00240499118165788,0.009032818604651162,0.07591744490943828,13.172203058109996,0.07413808451715408,13.488344169029885,storage,0.2994108194403545,0.48980057269510624,0.9929059413039162,zipf_mandelbrot_transferred (ASSUMPTION),3000000000.0,25000000000.0,0.000306
1xA10,mimo_v2_flash,8,finite_16tok,64,5140.078431372549,1766,110082790.25813834,110082790.25813834,104.98312974752268,8.233970960590014,0.036694263419379446,0.004403311610325534,0.00240499118165788,0.009032818604651162,0.036694263419379446,27.25221619987246,0.03963000054633433,25.23340868569575,storage,0.0,0.0,0.9929059413039162,zipf_mandelbrot_transferred (ASSUMPTION),3000000000.0,25000000000.0,0.000306
1xA10,mimo_v2_flash,8,steady_state,128,10280.156862745098,1766,53696616.99367617,446398648.3313135,51.20908450477235,4.016398784688027,0.01789887233122539,0.01785594593325254,0.00240499118165788,0.009032818604651162,0.01789887233122539,55.86944146506117,0.03304354825705624,30.2630937882543,storage,0.2994108194403545,0.8797115152691435,0.9929059413039162,zipf_mandelbrot_transferred (ASSUMPTION),3000000000.0,25000000000.0,0.000306
1xA10,mimo_v2_flash,8,finite_16tok,128,10280.156862745098,1766,110082790.25813834,110082790.25813834,104.98312974752268,8.233970960590014,0.036694263419379446,0.004403311610325534,0.00240499118165788,0.009032818604651162,0.036694263419379446,27.25221619987246,0.03963000054633433,25.23340868569575,storage,0.0,0.0,0.9929059413039162,zipf_mandelbrot_transferred (ASSUMPTION),3000000000.0,25000000000.0,0.000306
1xA10,mimo_v2_flash,8,steady_state,256,20560.313725490196,1766,0.0,446398648.3313135,0.0,0.0,0.0,0.01785594593325254,0.00240499118165788,0.009032818604651162,0.01785594593325254,56.00375380492909,0.02036578275293531,49.10196736022191,h2d,0.2994108194403545,1.0,0.9929059413039162,zipf_mandelbrot_transferred (ASSUMPTION),3000000000.0,25000000000.0,0.000306
1xA10,mimo_v2_flash,8,finite_16tok,256,20560.313725490196,1766,110082790.25813834,110082790.25813834,104.98312974752268,8.233970960590014,0.036694263419379446,0.004403311610325534,0.00240499118165788,0.009032818604651162,0.036694263419379446,27.25221619987246,0.03963000054633433,25.23340868569575,storage,0.0,0.0,0.9929059413039162,zipf_mandelbrot_transferred (ASSUMPTION),3000000000.0,25000000000.0,0.000306
1xA10,mimo_v2_flash,16,steady_state,2,160.62745098039215,1766,876440727.6310931,891214262.7190549,835.8390117941791,65.55600092503366,0.2921469092103644,0.035648570508762197,0.0023872742910600276,0.008747999999999999,0.2921469092103644,3.422935408431572,0.23588712119195404,4.239315800485124,storage,0.29524396076233544,0.01657686114996426,1.970570543753891,zipf_mandelbrot_transferred (ASSUMPTION),3000000000.0,25000000000.0,0.000306
1xA10,mimo_v2_flash,16,finite_16tok,2,160.62745098039215,1766,110082790.25813834,110082790.25813834,104.98312974752268,8.233970960590014,0.036694263419379446,0.004403311610325534,0.0023872742910600276,0.008747999999999999,0.036694263419379446,27.25221619987246,0.039327465051085315,25.427522437589786,storage,0.0,0.0,1.970570543753891,zipf_mandelbrot_transferred (ASSUMPTION),3000000000.0,25000000000.0,0.000306
1xA10,mimo_v2_flash,16,steady_state,4,321.2549019607843,1766,861647144.774973,891214262.7190549,821.7307517766695,64.44947072758193,0.28721571492499104,0.035648570508762197,0.0023872742910600276,0.008747999999999999,0.28721571492499104,3.4817036395837846,0.2323943578687495,4.303030457240166,storage,0.29524396076233544,0.03317621719144592,1.970570543753891,zipf_mandelbrot_transferred (ASSUMPTION),3000000000.0,25000000000.0,0.000306
1xA10,mimo_v2_flash,16,finite_16tok,4,321.2549019607843,1766,110082790.25813834,110082790.25813834,104.98312974752268,8.233970960590014,0.036694263419379446,0.004403311610325534,0.0023872742910600276,0.008747999999999999,0.036694263419379446,27.25221619987246,0.039327465051085315,25.427522437589786,storage,0.0,0.0,1.970570543753891,zipf_mandelbrot_transferred (ASSUMPTION),3000000000.0,25000000000.0,0.000306
1xA10,mimo_v2_flash,16,steady_state,8,642.5098039215686,1766,832369461.9239925,891214262.7190549,793.8093775978017,62.25955902727856,0.2774564873079975,0.035648570508762197,0.0023872742910600276,0.008747999999999999,0.2774564873079975,3.6041687462507412,0.22548190009263916,4.4349457743133724,storage,0.29524396076233544,0.06602766950287509,1.970570543753891,zipf_mandelbrot_transferred (ASSUMPTION),3000000000.0,25000000000.0,0.000306
1xA10,mimo_v2_flash,16,finite_16tok,8,642.5098039215686,1766,110082790.25813834,110082790.25813834,104.98312974752268,8.233970960590014,0.036694263419379446,0.004403311610325534,0.0023872742910600276,0.008747999999999999,0.036694263419379446,27.25221619987246,0.039327465051085315,25.427522437589786,storage,0.0,0.0,1.970570543753891,zipf_mandelbrot_transferred (ASSUMPTION),3000000000.0,25000000000.0,0.000306
1xA10,mimo_v2_flash,16,steady_state,16,1285.0196078431372,1766,774609151.8880895,891214262.7190549,738.7248534088989,57.939204188933246,0.25820305062936316,0.035648570508762197,0.0023872742910600276,0.008747999999999999,0.25820305062936316,3.872920933980161,0.21184469709777004,4.720439141030198,storage,0.29524396076233544,0.13083847028570683,1.970570543753891,zipf_mandelbrot_transferred (ASSUMPTION),3000000000.0,25000000000.0,0.000306
1xA10,mimo_v2_flash,16,finite_16tok,16,1285.0196078431372,1766,110082790.25813834,110082790.25813834,104.98312974752268,8.233970960590014,0.036694263419379446,0.004403311610325534,0.0023872742910600276,0.008747999999999999,0.036694263419379446,27.25221619987246,0.039327465051085315,25.427522437589786,storage,0.0,0.0,1.970570543753891,zipf_mandelbrot_transferred (ASSUMPTION),3000000000.0,25000000000.0,0.000306
1xA10,mimo_v2_flash,16,steady_state,32,2570.0392156862745,1766,662856440.0398369,891214262.7190549,632.1491623304719,49.58032645729191,0.22095214667994562,0.035648570508762197,0.0023872742910600276,0.008747999999999999,0.22095214667994562,4.5258668676730425,0.18545989383486436,5.392001361169826,storage,0.29524396076233544,0.25623223531287365,1.970570543753891,zipf_mandelbrot_transferred (ASSUMPTION),3000000000.0,25000000000.0,0.000306
1xA10,mimo_v2_flash,16,finite_16tok,32,2570.0392156862745,1766,110082790.25813834,110082790.25813834,104.98312974752268,8.233970960590014,0.036694263419379446,0.004403311610325534,0.0023872742910600276,0.008747999999999999,0.036694263419379446,27.25221619987246,0.039327465051085315,25.427522437589786,storage,0.0,0.0,1.970570543753891,zipf_mandelbrot_transferred (ASSUMPTION),3000000000.0,25000000000.0,0.000306
1xA10,mimo_v2_flash,16,steady_state,64,5140.078431372549,1766,454915092.5138586,891214262.7190549,433.8408398760401,34.026732539297264,0.1516383641712862,0.035648570508762197,0.0023872742910600276,0.008747999999999999,0.1516383641712862,6.594637217732246,0.13636496402102272,7.333261935564584,storage,0.29524396076233544,0.4895558660316621,1.970570543753891,zipf_mandelbrot_transferred (ASSUMPTION),3000000000.0,25000000000.0,0.000306
1xA10,mimo_v2_flash,16,finite_16tok,64,5140.078431372549,1766,110082790.25813834,110082790.25813834,104.98312974752268,8.233970960590014,0.036694263419379446,0.004403311610325534,0.0023872742910600276,0.008747999999999999,0.036694263419379446,27.25221619987246,0.039327465051085315,25.427522437589786,storage,0.0,0.0,1.970570543753891,zipf_mandelbrot_transferred (ASSUMPTION),3000000000.0,25000000000.0,0.000306
1xA10,mimo_v2_flash,16,steady_state,128,10280.156862745098,1766,107324478.41166955,891214262.7190549,102.3525985829063,8.02765479081618,0.03577482613722319,0.035648570508762197,0.0023872742910600276,0.008747999999999999,0.03577482613722319,27.952616629477188,0.05429885736965,18.416593800350274,storage,0.29524396076233544,0.8795749990757247,1.970570543753891,zipf_mandelbrot_transferred (ASSUMPTION),3000000000.0,25000000000.0,0.000306
1xA10,mimo_v2_flash,16,finite_16tok,128,10280.156862745098,1766,110082790.25813834,110082790.25813834,104.98312974752268,8.233970960590014,0.036694263419379446,0.004403311610325534,0.0023872742910600276,0.008747999999999999,0.036694263419379446,27.25221619987246,0.039327465051085315,25.427522437589786,storage,0.0,0.0,1.970570543753891,zipf_mandelbrot_transferred (ASSUMPTION),3000000000.0,25000000000.0,0.000306
1xA10,mimo_v2_flash,16,steady_state,256,20560.313725490196,1766,0.0,891214262.7190549,0.0,0.0,0.0,0.035648570508762197,0.0023872742910600276,0.008747999999999999,0.035648570508762197,28.05161569533921,0.028959559545441126,34.530911923258934,h2d,0.29524396076233544,1.0,1.970570543753891,zipf_mandelbrot_transferred (ASSUMPTION),3000000000.0,25000000000.0,0.000306
1xA10,mimo_v2_flash,16,finite_16tok,256,20560.313725490196,1766,110082790.25813834,110082790.25813834,104.98312974752268,8.233970960590014,0.036694263419379446,0.004403311610325534,0.0023872742910600276,0.008747999999999999,0.036694263419379446,27.25221619987246,0.039327465051085315,25.427522437589786,storage,0.0,0.0,1.970570543753891,zipf_mandelbrot_transferred (ASSUMPTION),3000000000.0,25000000000.0,0.000306
1xL40S,mimo_v2_flash,1,steady_state,2,160.62745098039215,3855,39324074.47773733,39883351.0262303,37.50235984586461,2.941361556538401,0.006554012412956222,0.0007976670205246059,0.0023582160671058003,0.004495952717461133,0.006554012412956222,152.57828899181848,0.011895207174831765,84.06747232749589,storage,0.502800947373455,0.01402280736453565,0.125,zipf_mandelbrot_transferred (ASSUMPTION),6000000000.0,50000000000.0,0.000542
1xL40S,mimo_v2_flash,1,finite_16tok,2,160.62745098039215,3855,110082790.25813834,110082790.25813834,104.98312974752268,8.233970960590014,0.018347131709689723,0.002201655805162767,0.0023582160671058003,0.004495952717461133,0.018347131709689723,54.50443239974492,0.020950264164579575,47.7320950296508,storage,0.0,0.0,0.125,zipf_mandelbrot_transferred (ASSUMPTION),6000000000.0,50000000000.0,0.000542
1xL40S,mimo_v2_flash,1,steady_state,4,321.2549019607843,3855,38761860.675189696,39883351.0262303,36.96619098204584,2.899309096631046,0.006460310112531616,0.0007976670205246059,0.0023582160671058003,0.004495952717461133,0.006460310112531616,154.79133084651997,0.011828837865637494,84.5391585681445,storage,0.502800947373455,0.02811926084904559,0.125,zipf_mandelbrot_transferred (ASSUMPTION),6000000000.0,50000000000.0,0.000542
1xL40S,mimo_v2_flash,1,finite_16tok,4,321.2549019607843,3855,110082790.25813834,110082790.25813834,104.98312974752268,8.233970960590014,0.018347131709689723,0.002201655805162767,0.0023582160671058003,0.004495952717461133,0.018347131709689723,54.50443239974492,0.020950264164579575,47.7320950296508,storage,0.0,0.0,0.125,zipf_mandelbrot_transferred (ASSUMPTION),6000000000.0,50000000000.0,0.000542
1xL40S,mimo_v2_flash,1,steady_state,8,642.5098039215686,3855,37642662.73354387,39883351.0262303,35.898840650123475,2.815595345107724,0.006273777122257313,0.0007976670205246059,0.0023582160671058003,0.004495952717461133,0.006273777122257313,159.39361257388734,0.011696716608738281,85.49407782120058,storage,0.502800947373455,0.05618104384490641,0.125,zipf_mandelbrot_transferred (ASSUMPTION),6000000000.0,50000000000.0,0.000542
1xL40S,mimo_v2_flash,1,finite_16tok,8,642.5098039215686,3855,110082790.25813834,110082790.25813834,104.98312974752268,8.233970960590014,0.018347131709689723,0.002201655805162767,0.0023582160671058003,0.004495952717461133,0.018347131709689723,54.50443239974492,0.020950264164579575,47.7320950296508,storage,0.0,0.0,0.125,zipf_mandelbrot_transferred (ASSUMPTION),6000000000.0,50000000000.0,0.000542
1xL40S,mimo_v2_flash,1,steady_state,16,1285.0196078431372,3855,35407610.59703677,39883351.0262303,33.76732883170774,2.6484179475849206,0.005901268432839462,0.0007976670205246059,0.0023582160671058003,0.004495952717461133,0.005901268432839462,169.45509450734116,0.01143286882406817,87.46711043293234,storage,0.502800947373455,0.1122207716761301,0.125,zipf_mandelbrot_transferred (ASSUMPTION),6000000000.0,50000000000.0,0.000542
1xL40S,mimo_v2_flash,1,finite_16tok,16,1285.0196078431372,3855,110082790.25813834,110082790.25813834,104.98312974752268,8.233970960590014,0.018347131709689723,0.002201655805162767,0.0023582160671058003,0.004495952717461133,0.018347131709689723,54.50443239974492,0.020950264164579575,47.7320950296508,storage,0.0,0.0,0.125,zipf_mandelbrot_transferred (ASSUMPTION),6000000000.0,50000000000.0,0.000542
1xL40S,mimo_v2_flash,1,steady_state,32,2570.0392156862745,3855,30971076.75140514,39883351.0262303,29.536320449261797,2.316574152883278,0.00516184612523419,0.0007976670205246059,0.0023582160671058003,0.004495952717461133,0.00516184612523419,193.7291379360191,0.0109091362418774,91.66628574691865,storage,0.502800947373455,0.2234585120233199,0.125,zipf_mandelbrot_transferred (ASSUMPTION),6000000000.0,50000000000.0,0.000542
1xL40S,mimo_v2_flash,1,finite_16tok,32,2570.0392156862745,3855,110082790.25813834,110082790.25813834,104.98312974752268,8.233970960590014,0.018347131709689723,0.002201655805162767,0.0023582160671058003,0.004495952717461133,0.018347131709689723,54.50443239974492,0.020950264164579575,47.7320950296508,storage,0.0,0.0,0.125,zipf_mandelbrot_transferred (ASSUMPTION),6000000000.0,50000000000.0,0.000542
1xL40S,mimo_v2_flash,1,steady_state,64,5140.078431372549,3855,22237381.521935996,39883351.0262303,21.207219621597286,1.6633113428703754,0.0037062302536559994,0.0007976670205246059,0.0023582160671058003,0.004495952717461133,0.004495952717461133,222.42226794695932,0.009878123989124967,101.23379713606762,dense,0.502800947373455,0.4424394904201754,0.125,zipf_mandelbrot_transferred (ASSUMPTION),6000000000.0,50000000000.0,0.000542
1xL40S,mimo_v2_flash,1,finite_16tok,64,5140.078431372549,3855,110082790.25813834,110082790.25813834,104.98312974752268,8.233970960590014,0.018347131709689723,0.002201655805162767,0.0023582160671058003,0.004495952717461133,0.018347131709689723,54.50443239974492,0.020950264164579575,47.7320950296508,storage,0.0,0.0,0.125,zipf_mandelbrot_transferred (ASSUMPTION),6000000000.0,50000000000.0,0.000542
1xL40S,mimo_v2_flash,1,steady_state,128,10280.156862745098,3855,5632273.301108445,39883351.0262303,5.371354390247769,0.42128269727433487,0.0009387122168514076,0.0007976670205246059,0.0023582160671058003,0.004495952717461133,0.004495952717461133,222.42226794695932,0.007917891855515929,126.2962437790002,dense,0.502800947373455,0.8587813421845061,0.125,zipf_mandelbrot_transferred (ASSUMPTION),6000000000.0,50000000000.0,0.000542
1xL40S,mimo_v2_flash,1,finite_16tok,128,10280.156862745098,3855,110082790.25813834,110082790.25813834,104.98312974752268,8.233970960590014,0.018347131709689723,0.002201655805162767,0.0023582160671058003,0.004495952717461133,0.018347131709689723,54.50443239974492,0.020950264164579575,47.7320950296508,storage,0.0,0.0,0.125,zipf_mandelbrot_transferred (ASSUMPTION),6000000000.0,50000000000.0,0.000542
1xL40S,mimo_v2_flash,1,steady_state,256,20560.313725490196,3855,0.0031521064967306536,39883351.0262303,3.0060830085093056e-09,2.3577121635367103e-10,5.253510827884422e-13,0.0007976670205246059,0.0023582160671058003,0.004495952717461133,0.004495952717461133,222.42226794695932,0.007253002295201342,137.87393954936562,dense,0.502800947373455,0.9999999999209669,0.125,zipf_mandelbrot_transferred (ASSUMPTION),6000000000.0,50000000000.0,0.000542
1xL40S,mimo_v2_flash,1,finite_16tok,256,20560.313725490196,3855,110082790.25813834,110082790.25813834,104.98312974752268,8.233970960590014,0.018347131709689723,0.002201655805162767,0.0023582160671058003,0.004495952717461133,0.018347131709689723,54.50443239974492,0.020950264164579575,47.7320950296508,storage,0.0,0.0,0.125,zipf_mandelbrot_transferred (ASSUMPTION),6000000000.0,50000000000.0,0.000542
1xL40S,mimo_v2_flash,4,steady_state,2,160.62745098039215,3855,157213137.61534268,159448780.28534997,149.93013154539364,11.759226003560286,0.026202189602557116,0.0031889756057069995,0.002351026184505425,0.003315765129127586,0.026202189602557116,38.16474940332499,0.0258202815680668,38.72924458100212,storage,0.501523081773987,0.01402107100478489,0.4984536869431582,zipf_mandelbrot_transferred (ASSUMPTION),6000000000.0,50000000000.0,0.000542
1xL40S,mimo_v2_flash,4,finite_16tok,2,160.62745098039215,3855,110082790.25813834,110082790.25813834,104.98312974752268,8.233970960590014,0.018347131709689723,0.002201655805162767,0.002351026184505425,0.003315765129127586,0.018347131709689723,54.50443239974492,0.019762886693645655,50.59989542527354,storage,0.0,0.0,0.4984536869431582,zipf_mandelbrot_transferred (ASSUMPTION),6000000000.0,50000000000.0,0.000542
1xL40S,mimo_v2_flash,4,steady_state,4,321.2549019607843,3855,154965750.6053345,159448780.28534997,147.7868562749238,11.591125982346965,0.02582762510088908,0.0031889756057069995,0.002351026184505425,0.003315765129127586,0.02582762510088908,38.71823274860747,0.025554977652242395,39.13131968292886,storage,0.501523081773987,0.028115797888153105,0.4984536869431582,zipf_mandelbrot_transferred (ASSUMPTION),6000000000.0,50000000000.0,0.000542
1xL40S,mimo_v2_flash,4,finite_16tok,4,321.2549019607843,3855,110082790.25813834,110082790.25813834,104.98312974752268,8.233970960590014,0.018347131709689723,0.002201655805162767,0.002351026184505425,0.003315765129127586,0.018347131709689723,54.50443239974492,0.019762886693645655,50.59989542527354,storage,0.0,0.0,0.4984536869431582,zipf_mandelbrot_transferred (ASSUMPTION),6000000000.0,50000000000.0,0.000542
1xL40S,mimo_v2_flash,4,steady_state,8,642.5098039215686,3855,150491871.1436969,159448780.28534997,143.5202323376626,11.256488810797066,0.025081978523949482,0.0031889756057069995,0.002351026184505425,0.003315765129127586,0.025081978523949482,39.869263066514144,0.025026836422087948,39.95710776762138,storage,0.501523081773987,0.05617420920764482,0.4984536869431582,zipf_mandelbrot_transferred (ASSUMPTION),6000000000.0,50000000000.0,0.000542
1xL40S,mimo_v2_flash,4,finite_16tok,8,642.5098039215686,3855,110082790.25813834,110082790.25813834,104.98312974752268,8.233970960590014,0.018347131709689723,0.002201655805162767,0.002351026184505425,0.003315765129127586,0.018347131709689723,54.50443239974492,0.019762886693645655,50.59989542527354,storage,0.0,0.0,0.4984536869431582,zipf_mandelbrot_transferred (ASSUMPTION),6000000000.0,50000000000.0,0.000542
1xL40S,mimo_v2_flash,4,steady_state,16,1285.0196078431372,3855,141557461.42450494,159448780.28534997,134.99971525621885,10.588212961272067,0.02359291023741749,0.0031889756057069995,0.002351026184505425,0.003315765129127586,0.02359291023741749,42.38561457390859,0.023972129834604106,41.715108624035814,storage,0.501523081773987,0.11220731089210367,0.4984536869431582,zipf_mandelbrot_transferred (ASSUMPTION),6000000000.0,50000000000.0,0.000542
1xL40S,mimo_v2_flash,4,finite_16tok,16,1285.0196078431372,3855,110082790.25813834,110082790.25813834,104.98312974752268,8.233970960590014,0.018347131709689723,0.002201655805162767,0.002351026184505425,0.003315765129127586,0.018347131709689723,54.50443239974492,0.019762886693645655,50.59989542527354,storage,0.0,0.0,0.4984536869431582,zipf_mandelbrot_transferred (ASSUMPTION),6000000000.0,50000000000.0,0.000542
1xL40S,mimo_v2_flash,4,steady_state,32,2570.0392156862745,3855,123822701.12940763,159448780.28534997,118.08652985516322,9.261688616091233,0.020637116854901272,0.0031889756057069995,0.002351026184505425,0.003315765129127586,0.020637116854901272,48.45638114233491,0.021878542334301088,45.70688415709506,storage,0.501523081773987,0.22343274807236402,0.4984536869431582,zipf_mandelbrot_transferred (ASSUMPTION),6000000000.0,50000000000.0,0.000542
1xL40S,mimo_v2_flash,4,finite_16tok,32,2570.0392156862745,3855,110082790.25813834,110082790.25813834,104.98312974752268,8.233970960590014,0.018347131709689723,0.002201655805162767,0.002351026184505425,0.003315765129127586,0.018347131709689723,54.50443239974492,0.019762886693645655,50.59989542527354,storage,0.0,0.0,0.4984536869431582,zipf_mandelbrot_transferred (ASSUMPTION),6000000000.0,50000000000.0,0.000542
1xL40S,mimo_v2_flash,4,steady_state,64,5140.078431372549,3855,88909523.71589255,159448780.28534997,84.7907292517591,6.650253274647772,0.014818253952648758,0.0031889756057069995,0.002351026184505425,0.003315765129127586,0.014818253952648758,67.48433406496251,0.0177570436158209,56.3156807875966,storage,0.501523081773987,0.4423944569737075,0.4984536869431582,zipf_mandelbrot_transferred (ASSUMPTION),6000000000.0,50000000000.0,0.000542
1xL40S,mimo_v2_flash,4,finite_16tok,64,5140.078431372549,3855,110082790.25813834,110082790.25813834,104.98312974752268,8.233970960590014,0.018347131709689723,0.002201655805162767,0.002351026184505425,0.003315765129127586,0.018347131709689723,54.50443239974492,0.019762886693645655,50.59989542527354,storage,0.0,0.0,0.4984536869431582,zipf_mandelbrot_transferred (ASSUMPTION),6000000000.0,50000000000.0,0.000542
1xL40S,mimo_v2_flash,4,steady_state,128,10280.156862745098,3855,22525653.938760318,159448780.28534997,21.482137621651,1.6848735389530194,0.003754275656460053,0.0031889756057069995,0.002351026184505425,0.003315765129127586,0.003754275656460053,266.36296625669485,0.009920431354105254,100.80206840866671,storage,0.501523081773987,0.8587279633092937,0.4984536869431582,zipf_mandelbrot_transferred (ASSUMPTION),6000000000.0,50000000000.0,0.000542
1xL40S,mimo_v2_flash,4,finite_16tok,128,10280.156862745098,3855,110082790.25813834,110082790.25813834,104.98312974752268,8.233970960590014,0.018347131709689723,0.002201655805162767,0.002351026184505425,0.003315765129127586,0.018347131709689723,54.50443239974492,0.019762886693645655,50.59989542527354,storage,0.0,0.0,0.4984536869431582,zipf_mandelbrot_transferred (ASSUMPTION),6000000000.0,50000000000.0,0.000542
1xL40S,mimo_v2_flash,4,steady_state,256,20560.313725490196,3855,0.012290134185280289,159448780.28534997,1.1720785317688264e-08,9.192772798186873e-10,2.0483556975467147e-12,0.0031889756057069995,0.002351026184505425,0.003315765129127586,0.003315765129127586,301.5895158602838,0.00726127911793736,137.71678291910368,dense,0.501523081773987,0.9999999999229211,0.4984536869431582,zipf_mandelbrot_transferred (ASSUMPTION),6000000000.0,50000000000.0,0.000542
1xL40S,mimo_v2_flash,4,finite_16tok,256,20560.313725490196,3855,110082790.25813834,110082790.25813834,104.98312974752268,8.233970960590014,0.018347131709689723,0.002201655805162767,0.002351026184505425,0.003315765129127586,0.018347131709689723,54.50443239974492,0.019762886693645655,50.59989542527354,storage,0.0,0.0,0.4984536869431582,zipf_mandelbrot_transferred (ASSUMPTION),6000000000.0,50000000000.0,0.000542
1xL40S,mimo_v2_flash,8,steady_state,2,160.62745098039215,3855,314219569.6801597,318687217.81655675,299.66313331619233,23.50299084832881,0.052369928280026616,0.006373744356331135,0.0023417234658956705,0.003119067197738661,0.052369928280026616,19.09492781148968,0.04574126616582306,21.86209704765846,storage,0.4998443260983479,0.014018912233149883,0.9929059413039162,zipf_mandelbrot_transferred (ASSUMPTION),6000000000.0,50000000000.0,0.000542
1xL40S,mimo_v2_flash,8,finite_16tok,2,160.62745098039215,3855,110082790.25813834,110082790.25813834,104.98312974752268,8.233970960590014,0.018347131709689723,0.002201655805162767,0.0023417234658956705,0.003119067197738661,0.018347131709689723,54.50443239974492,0.019556886043646977,51.132884742908665,storage,0.0,0.0,0.9929059413039162,zipf_mandelbrot_transferred (ASSUMPTION),6000000000.0,50000000000.0,0.000542
1xL40S,mimo_v2_flash,8,steady_state,4,321.2549019607843,3855,309728445.04037243,318687217.81655675,295.38006309544795,23.167063772191995,0.051621407506728736,0.006373744356331135,0.0023417234658956705,0.003119067197738661,0.051621407506728736,19.371808098600415,0.045211089143314294,22.118467370474253,storage,0.4998443260983479,0.028111490751226764,0.9929059413039162,zipf_mandelbrot_transferred (ASSUMPTION),6000000000.0,50000000000.0,0.000542
1xL40S,mimo_v2_flash,8,finite_16tok,4,321.2549019607843,3855,110082790.25813834,110082790.25813834,104.98312974752268,8.233970960590014,0.018347131709689723,0.002201655805162767,0.0023417234658956705,0.003119067197738661,0.018347131709689723,54.50443239974492,0.019556886043646977,51.132884742908665,storage,0.0,0.0,0.9929059413039162,zipf_mandelbrot_transferred (ASSUMPTION),6000000000.0,50000000000.0,0.000542
1xL40S,mimo_v2_flash,8,steady_state,8,642.5098039215686,3855,300787926.9194506,318687217.81655675,286.8537205881601,22.49833102652236,0.050131321153241766,0.006373744356331135,0.0023417234658956705,0.003119067197738661,0.050131321153241766,19.947609139268305,0.04415566145933431,22.647152526997292,storage,0.4998443260983479,0.05616570071351079,0.9929059413039162,zipf_mandelbrot_transferred (ASSUMPTION),6000000000.0,50000000000.0,0.000542
1xL40S,mimo_v2_flash,8,finite_16tok,8,642.5098039215686,3855,110082790.25813834,110082790.25813834,104.98312974752268,8.233970960590014,0.018347131709689723,0.002201655805162767,0.0023417234658956705,0.003119067197738661,0.018347131709689723,54.50443239974492,0.019556886043646977,51.132884742908665,storage,0.0,0.0,0.9929059413039162,zipf_mandelbrot_transferred (ASSUMPTION),6000000000.0,50000000000.0,0.000542
1xL40S,mimo_v2_flash,8,steady_state,16,1285.0196078431372,3855,282933527.7176953,318687217.81655675,269.82643863458185,21.162857932124066,0.04715558795294922,0.006373744356331135,0.0023417234658956705,0.003119067197738661,0.04715558795294922,21.206394478588145,0.04204795059252612,23.782371932717847,storage,0.4998443260983479,0.11219053699054238,0.9929059413039162,zipf_mandelbrot_transferred (ASSUMPTION),6000000000.0,50000000000.0,0.000542
1xL40S,mimo_v2_flash,8,finite_16tok,16,1285.0196078431372,3855,110082790.25813834,110082790.25813834,104.98312974752268,8.233970960590014,0.018347131709689723,0.002201655805162767,0.0023417234658956705,0.003119067197738661,0.018347131709689723,54.50443239974492,0.019556886043646977,51.132884742908665,storage,0.0,0.0,0.9929059413039162,zipf_mandelbrot_transferred (ASSUMPTION),6000000000.0,50000000000.0,0.000542
1xL40S,mimo_v2_flash,8,steady_state,32,2570.0392156862745,3855,247492317.93929127,318687217.81655675,236.02706712655188,18.51192683345505,0.04124871965654855,0.006373744356331135,0.0023417234658956705,0.003119067197738661,0.04124871965654855,24.24317671739521,0.03786411768173139,26.410228501969772,storage,0.4998443260983479,0.2234005504364056,0.9929059413039162,zipf_mandelbrot_transferred (ASSUMPTION),6000000000.0,50000000000.0,0.000542
1xL40S,mimo_v2_flash,8,finite_16tok,32,2570.0392156862745,3855,110082790.25813834,110082790.25813834,104.98312974752268,8.233970960590014,0.018347131709689723,0.002201655805162767,0.0023417234658956705,0.003119067197738661,0.018347131709689723,54.50443239974492,0.019556886043646977,51.132884742908665,storage,0.0,0.0,0.9929059413039162,zipf_mandelbrot_transferred (ASSUMPTION),6000000000.0,50000000000.0,0.000542
1xL40S,mimo_v2_flash,8,steady_state,64,5140.078431372549,3855,177719864.9913741,318687217.81655675,169.48687075745974,13.293087902545862,0.02961997749856235,0.006373744356331135,0.0023417234658956705,0.003119067197738661,0.02961997749856235,33.76099796323398,0.029627483358705242,33.75244491382616,storage,0.4998443260983479,0.44233764313172574,0.9929059413039162,zipf_mandelbrot_transferred (ASSUMPTION),6000000000.0,50000000000.0,0.000542
1xL40S,mimo_v2_flash,8,finite_16tok,64,5140.078431372549,3855,110082790.25813834,110082790.25813834,104.98312974752268,8.233970960590014,0.018347131709689723,0.002201655805162767,0.0023417234658956705,0.003119067197738661,0.018347131709689723,54.50443239974492,0.019556886043646977,51.132884742908665,storage,0.0,0.0,0.9929059413039162,zipf_mandelbrot_transferred (ASSUMPTION),6000000000.0,50000000000.0,0.000542
1xL40S,mimo_v2_flash,8,steady_state,128,10280.156862745098,3855,45043921.21664081,318687217.81655675,42.9572307745369,3.369194570551914,0.007507320202773468,0.006373744356331135,0.0023417234658956705,0.003119067197738661,0.007507320202773468,133.20332328845717,0.013965095322117259,71.60710162975023,storage,0.4998443260983479,0.8586578980943972,0.9929059413039162,zipf_mandelbrot_transferred (ASSUMPTION),6000000000.0,50000000000.0,0.000542
1xL40S,mimo_v2_flash,8,finite_16tok,128,10280.156862745098,3855,110082790.25813834,110082790.25813834,104.98312974752268,8.233970960590014,0.018347131709689723,0.002201655805162767,0.0023417234658956705,0.003119067197738661,0.018347131709689723,54.50443239974492,0.019556886043646977,51.132884742908665,storage,0.0,0.0,0.9929059413039162,zipf_mandelbrot_transferred (ASSUMPTION),6000000000.0,50000000000.0,0.000542
1xL40S,mimo_v2_flash,8,steady_state,256,20560.313725490196,3855,0.02410898780870052,318687217.81655675,2.2992122467709085e-08,1.8033037229575752e-09,4.01816463478342e-12,0.006373744356331135,0.0023417234658956705,0.003119067197738661,0.006373744356331135,156.89364745335058,0.008647662844645965,115.63818085474168,h2d,0.4998443260983479,0.9999999999243491,0.9929059413039162,zipf_mandelbrot_transferred (ASSUMPTION),6000000000.0,50000000000.0,0.000542
1xL40S,mimo_v2_flash,8,finite_16tok,256,20560.313725490196,3855,110082790.25813834,110082790.25813834,104.98312974752268,8.233970960590014,0.018347131709689723,0.002201655805162767,0.0023417234658956705,0.003119067197738661,0.018347131709689723,54.50443239974492,0.019556886043646977,51.132884742908665,storage,0.0,0.0,0.9929059413039162,zipf_mandelbrot_transferred (ASSUMPTION),6000000000.0,50000000000.0,0.000542
1xL40S,mimo_v2_flash,16,steady_state,2,160.62745098039215,3855,627609127.3879398,636529819.4306188,598.5347055320166,46.94389847309934,0.1046015212313233,0.012730596388612375,0.002324006575297818,0.003020718232044199,0.1046015212313233,9.560090410047941,0.08579924678093503,11.655113972657908,storage,0.49664378908172374,0.014014570520291203,1.970570543753891,zipf_mandelbrot_transferred (ASSUMPTION),6000000000.0,50000000000.0,0.000542
1xL40S,mimo_v2_flash,16,finite_16tok,2,160.62745098039215,3855,110082790.25813834,110082790.25813834,104.98312974752268,8.233970960590014,0.018347131709689723,0.002201655805162767,0.002324006575297818,0.003020718232044199,0.018347131709689723,54.50443239974492,0.01944082018735466,51.43815900578377,storage,0.0,0.0,1.970570543753891,zipf_mandelbrot_transferred (ASSUMPTION),6000000000.0,50000000000.0,0.000542
1xL40S,mimo_v2_flash,16,steady_state,4,321.2549019607843,3855,618641531.1841323,636529819.4306188,589.9825393525432,46.273140341375935,0.10310692186402205,0.012730596388612375,0.002324006575297818,0.003020718232044199,0.10310692186402205,9.698669904226268,0.08474062253072477,11.800715762235823,storage,0.49664378908172374,0.02810282833644362,1.970570543753891,zipf_mandelbrot_transferred (ASSUMPTION),6000000000.0,50000000000.0,0.000542
1xL40S,mimo_v2_flash,16,finite_16tok,4,321.2549019607843,3855,110082790.25813834,110082790.25813834,104.98312974752268,8.233970960590014,0.018347131709689723,0.002201655805162767,0.002324006575297818,0.003020718232044199,0.018347131709689723,54.50443239974492,0.01944082018735466,51.43815900578377,storage,0.0,0.0,1.970570543753891,zipf_mandelbrot_transferred (ASSUMPTION),6000000000.0,50000000000.0,0.000542
1xL40S,mimo_v2_flash,16,steady_state,8,642.5098039215686,3855,600789568.1522187,636529819.4306188,572.9575807115733,44.93784946757438,0.10013159469203646,0.012730596388612375,0.002324006575297818,0.003020718232044199,0.10013159469203646,9.986857825200808,0.08263319925363556,12.10167352870588,storage,0.49664378908172374,0.056148589095746826,1.970570543753891,zipf_mandelbrot_transferred (ASSUMPTION),6000000000.0,50000000000.0,0.000542
1xL40S,mimo_v2_flash,16,finite_16tok,8,642.5098039215686,3855,110082790.25813834,110082790.25813834,104.98312974752268,8.233970960590014,0.018347131709689723,0.002201655805162767,0.002324006575297818,0.003020718232044199,0.018347131709689723,54.50443239974492,0.01944082018735466,51.43815900578377,storage,0.0,0.0,1.970570543753891,zipf_mandelbrot_transferred (ASSUMPTION),6000000000.0,50000000000.0,0.000542
1xL40S,mimo_v2_flash,16,steady_state,16,1285.0196078431372,3855,565138670.7273233,636529819.4306188,538.9582354806168,42.2712341553425,0.09418977845455388,0.012730596388612375,0.002324006575297818,0.003020718232044199,0.09418977845455388,10.616863277606022,0.07842461272743483,12.75109898821567,storage,0.49664378908172374,0.11215680165173592,1.970570543753891,zipf_mandelbrot_transferred (ASSUMPTION),6000000000.0,50000000000.0,0.000542
1xL40S,mimo_v2_flash,16,finite_16tok,16,1285.0196078431372,3855,110082790.25813834,110082790.25813834,104.98312974752268,8.233970960590014,0.018347131709689723,0.002201655805162767,0.002324006575297818,0.003020718232044199,0.018347131709689723,54.50443239974492,0.01944082018735466,51.43815900578377,storage,0.0,0.0,1.970570543753891,zipf_mandelbrot_transferred (ASSUMPTION),6000000000.0,50000000000.0,0.000542
1xL40S,mimo_v2_flash,16,steady_state,32,2570.0392156862745,3855,494369926.35110146,636529819.4306188,471.46790156469484,36.977874632525086,0.08239498772518358,0.012730596388612375,0.002324006575297818,0.003020718232044199,0.08239498772518358,12.136660585900609,0.07007036625480809,14.271368246649946,storage,0.49664378908172374,0.22333579471057663,1.970570543753891,zipf_mandelbrot_transferred (ASSUMPTION),6000000000.0,50000000000.0,0.000542
1xL40S,mimo_v2_flash,16,finite_16tok,32,2570.0392156862745,3855,110082790.25813834,110082790.25813834,104.98312974752268,8.233970960590014,0.018347131709689723,0.002201655805162767,0.002324006575297818,0.003020718232044199,0.018347131709689723,54.50443239974492,0.01944082018735466,51.43815900578377,storage,0.0,0.0,1.970570543753891,zipf_mandelbrot_transferred (ASSUMPTION),6000000000.0,50000000000.0,0.000542
1xL40S,mimo_v2_flash,16,steady_state,64,5140.078431372549,3855,355041442.0559683,636529819.4306188,338.5939045486148,26.556384670479588,0.05917357367599471,0.012730596388612375,0.002324006575297818,0.003020718232044199,0.05917357367599471,16.89943564124598,0.05362264616709455,18.648837226045895,storage,0.49664378908172374,0.44222339438306923,1.970570543753891,zipf_mandelbrot_transferred (ASSUMPTION),6000000000.0,50000000000.0,0.000542
1xL40S,mimo_v2_flash,16,finite_16tok,64,5140.078431372549,3855,110082790.25813834,110082790.25813834,104.98312974752268,8.233970960590014,0.018347131709689723,0.002201655805162767,0.002324006575297818,0.003020718232044199,0.018347131709689723,54.50443239974492,0.01944082018735466,51.43815900578377,storage,0.0,0.0,1.970570543753891,zipf_mandelbrot_transferred (ASSUMPTION),6000000000.0,50000000000.0,0.000542
1xL40S,mimo_v2_flash,16,steady_state,128,10280.156862745098,3855,90058167.97825965,636529819.4306188,85.88616178346601,6.736169551644393,0.015009694663043275,0.012730596388612375,0.002324006575297818,0.003020718232044199,0.015009694663043275,66.62360710522582,0.022341384894461396,44.75998263867285,storage,0.49664378908172374,0.8585169693089674,1.970570543753891,zipf_mandelbrot_transferred (ASSUMPTION),6000000000.0,50000000000.0,0.000542
1xL40S,mimo_v2_flash,16,finite_16tok,128,10280.156862745098,3855,110082790.25813834,110082790.25813834,104.98312974752268,8.233970960590014,0.018347131709689723,0.002201655805162767,0.002324006575297818,0.003020718232044199,0.018347131709689723,54.50443239974492,0.01944082018735466,51.43815900578377,storage,0.0,0.0,1.970570543753891,zipf_mandelbrot_transferred (ASSUMPTION),6000000000.0,50000000000.0,0.000542
1xL40S,mimo_v2_flash,16,steady_state,256,20560.313725490196,3855,0.04547095061164083,636529819.4306188,4.3364477740898925e-08,3.401135509090112e-09,7.578491768606806e-12,0.012730596388612375,0.002324006575297818,0.003020718232044199,0.012730596388612375,78.55091540679966,0.011710023007016047,85.39692871660894,h2d,0.49664378908172374,0.9999999999285643,1.970570543753891,zipf_mandelbrot_transferred (ASSUMPTION),6000000000.0,50000000000.0,0.000542
1xL40S,mimo_v2_flash,16,finite_16tok,256,20560.313725490196,3855,110082790.25813834,110082790.25813834,104.98312974752268,8.233970960590014,0.018347131709689723,0.002201655805162767,0.002324006575297818,0.003020718232044199,0.018347131709689723,54.50443239974492,0.01944082018735466,51.43815900578377,storage,0.0,0.0,1.970570543753891,zipf_mandelbrot_transferred (ASSUMPTION),6000000000.0,50000000000.0,0.000542
1xRTXPRO6000,mimo_v2_flash,1,steady_state,2,160.62745098039215,7710,18276942.003459282,18532660.531646546,17.43025017114571,1.3670784447957418,0.0022846177504324103,0.0002471021404219539,0.0023421035837365815,0.002325049833887043,0.0023421035837365815,426.96659829391683,0.006408898504225546,156.03305300289512,compute,0.7689657207358548,0.013798263220252904,0.125,zipf_mandelbrot_transferred (ASSUMPTION),8000000000.0,75000000000.0,0.000842
1xRTXPRO6000,mimo_v2_flash,1,finite_16tok,2,160.62745098039215,7710,110082790.25813834,110082790.25813834,104.98312974752268,8.233970960590014,0.013760348782267293,0.0014677705367751779,0.0023421035837365815,0.002325049833887043,0.013760348782267293,72.67257653299323,0.015147489294084658,66.01754129580513,storage,0.0,0.0,0.125,zipf_mandelbrot_transferred (ASSUMPTION),8000000000.0,75000000000.0,0.000842
1xRTXPRO6000,mimo_v2_flash,1,steady_state,4,321.2549019607843,7710,18019676.880170427,18532660.531646546,17.18490303055804,1.3478355318084736,0.0022524596100213035,0.0002471021404219539,0.0023421035837365815,0.002325049833887043,0.0023421035837365815,426.96659829391683,0.0063861209037356335,156.58958154316161,compute,0.7689657207358548,0.027679978846001818,0.125,zipf_mandelbrot_transferred (ASSUMPTION),8000000000.0,75000000000.0,0.000842
1xRTXPRO6000,mimo_v2_flash,1,finite_16tok,4,321.2549019607843,7710,110082790.25813834,110082790.25813834,104.98312974752268,8.233970960590014,0.013760348782267293,0.0014677705367751779,0.0023421035837365815,0.002325049833887043,0.013760348782267293,72.67257653299323,0.015147489294084658,66.01754129580513,storage,0.0,0.0,0.125,zipf_mandelbrot_transferred (ASSUMPTION),8000000000.0,75000000000.0,0.000842
1xRTXPRO6000,mimo_v2_flash,1,steady_state,8,642.5098039215686,7710,17506879.25078986,18532660.531646546,16.69586110190378,1.3094793021101003,0.002188359906348732,0.0002471021404219539,0.0023421035837365815,0.002325049833887043,0.0023421035837365815,426.96659829391683,0.006340719104281105,157.71081852921435,compute,0.7689657207358548,0.05534992016419027,0.125,zipf_mandelbrot_transferred (ASSUMPTION),8000000000.0,75000000000.0,0.000842
1xRTXPRO6000,mimo_v2_flash,1,finite_16tok,8,642.5098039215686,7710,110082790.25813834,110082790.25813834,104.98312974752268,8.233970960590014,0.013760348782267293,0.0014677705367751779,0.0023421035837365815,0.002325049833887043,0.013760348782267293,72.67257653299323,0.015147489294084658,66.01754129580513,storage,0.0,0.0,0.125,zipf_mandelbrot_transferred (ASSUMPTION),8000000000.0,75000000000.0,0.000842
1xRTXPRO6000,mimo_v2_flash,1,steady_state,16,1285.0196078431372,7710,16480321.10038241,18532660.531646546,15.716858959562693,1.2326948203578583,0.0020600401375478012,0.0002471021404219539,0.0023421035837365815,0.002325049833887043,0.0023421035837365815,426.96659829391683,0.006249830253391701,160.00434563119742,compute,0.7689657207358548,0.11074175927193675,0.125,zipf_mandelbrot_transferred (ASSUMPTION),8000000000.0,75000000000.0,0.000842
1xRTXPRO6000,mimo_v2_flash,1,finite_16tok,16,1285.0196078431372,7710,110082790.25813834,110082790.25813834,104.98312974752268,8.233970960590014,0.013760348782267293,0.0014677705367751779,0.0023421035837365815,0.002325049833887043,0.013760348782267293,72.67257653299323,0.015147489294084658,66.01754129580513,storage,0.0,0.0,0.125,zipf_mandelbrot_transferred (ASSUMPTION),8000000000.0,75000000000.0,0.000842
1xRTXPRO6000,mimo_v2_flash,1,steady_state,32,2570.0392156862745,7710,14431558.191561151,18532660.531646546,13.763006393014098,1.0794514818050274,0.001803944773945144,0.0002471021404219539,0.0023421035837365815,0.002325049833887043,0.0023421035837365815,426.96659829391683,0.006068437989881166,164.78705091284658,compute,0.7689657207358548,0.22129053370843887,0.125,zipf_mandelbrot_transferred (ASSUMPTION),8000000000.0,75000000000.0,0.000842
1xRTXPRO6000,mimo_v2_flash,1,finite_16tok,32,2570.0392156862745,7710,110082790.25813834,110082790.25813834,104.98312974752268,8.233970960590014,0.013760348782267293,0.0014677705367751779,0.0023421035837365815,0.002325049833887043,0.013760348782267293,72.67257653299323,0.015147489294084658,66.01754129580513,storage,0.0,0.0,0.125,zipf_mandelbrot_transferred (ASSUMPTION),8000000000.0,75000000000.0,0.000842
1xRTXPRO6000,mimo_v2_flash,1,steady_state,64,5140.078431372549,7710,10349718.66809826,18532660.531646546,9.870260875795612,0.7741381079055382,0.0012937148335122825,0.0002471021404219539,0.0023421035837365815,0.002325049833887043,0.0023421035837365815,426.96659829391683,0.00570704228749914,175.22211149379902,compute,0.7689657207358548,0.44154166907525294,0.125,zipf_mandelbrot_transferred (ASSUMPTION),8000000000.0,75000000000.0,0.000842
1xRTXPRO6000,mimo_v2_flash,1,finite_16tok,64,5140.078431372549,7710,110082790.25813834,110082790.25813834,104.98312974752268,8.233970960590014,0.013760348782267293,0.0014677705367751779,0.0023421035837365815,0.002325049833887043,0.013760348782267293,72.67257653299323,0.015147489294084658,66.01754129580513,storage,0.0,0.0,0.125,zipf_mandelbrot_transferred (ASSUMPTION),8000000000.0,75000000000.0,0.000842
1xRTXPRO6000,mimo_v2_flash,1,steady_state,128,10280.156862745098,7710,2318797.2079217327,18532660.531646546,2.2113773421494796,0.17344136016858663,0.0002898496509902166,0.0002471021404219539,0.0023421035837365815,0.002325049833887043,0.0023421035837365815,426.96659829391683,0.004996004902224098,200.15993169959157,compute,0.7689657207358548,0.8748805006187788,0.125,zipf_mandelbrot_transferred (ASSUMPTION),8000000000.0,75000000000.0,0.000842
1xRTXPRO6000,mimo_v2_flash,1,finite_16tok,128,10280.156862745098,7710,110082790.25813834,110082790.25813834,104.98312974752268,8.233970960590014,0.013760348782267293,0.0014677705367751779,0.0023421035837365815,0.002325049833887043,0.013760348782267293,72.67257653299323,0.015147489294084658,66.01754129580513,storage,0.0,0.0,0.125,zipf_mandelbrot_transferred (ASSUMPTION),8000000000.0,75000000000.0,0.000842
1xRTXPRO6000,mimo_v2_flash,1,steady_state,256,20560.313725490196,7710,0.006497516216325129,18532660.531646546,6.196514335942391e-09,4.860011243876385e-10,8.121895270406411e-13,0.0002471021404219539,0.0023421035837365815,0.002325049833887043,0.0023421035837365815,426.96659829391683,0.004790704488409875,208.7375671822995,compute,0.7689657207358548,0.9999999996494019,0.125,zipf_mandelbrot_transferred (ASSUMPTION),8000000000.0,75000000000.0,0.000842
1xRTXPRO6000,mimo_v2_flash,1,finite_16tok,256,20560.313725490196,7710,110082790.25813834,110082790.25813834,104.98312974752268,8.233970960590014,0.013760348782267293,0.0014677705367751779,0.0023421035837365815,0.002325049833887043,0.013760348782267293,72.67257653299323,0.015147489294084658,66.01754129580513,storage,0.0,0.0,0.125,zipf_mandelbrot_transferred (ASSUMPTION),8000000000.0,75000000000.0,0.000842
1xRTXPRO6000,mimo_v2_flash,4,steady_state,2,160.62745098039215,7710,73054822.95123826,74076877.15248908,69.67050833820177,5.46435359515308,0.009131852868904783,0.000987691695366521,0.002334913701136206,0.0017147242524916942,0.009131852868904783,109.5068015610652,0.011011572245527849,90.81355302428607,storage,0.7684170843533733,0.01379720960897024,0.4984536869431582,zipf_mandelbrot_transferred (ASSUMPTION),8000000000.0,75000000000.0,0.000842
1xRTXPRO6000,mimo_v2_flash,4,finite_16tok,2,160.62745098039215,7710,110082790.25813834,110082790.25813834,104.98312974752268,8.233970960590014,0.013760348782267293,0.0014677705367751779,0.002334913701136206,0.0017147242524916942,0.013760348782267293,72.67257653299323,0.014529973830088935,68.82324852706766,storage,0.0,0.0,0.4984536869431582,zipf_mandelbrot_transferred (ASSUMPTION),8000000000.0,75000000000.0,0.000842
1xRTXPRO6000,mimo_v2_flash,4,steady_state,4,321.2549019607843,7710,72026587.68570606,74076877.15248908,68.68990677424055,5.387443668567887,0.009003323460713258,0.000987691695366521,0.002334913701136206,0.0017147242524916942,0.009003323460713258,111.07009587777027,0.010920534907125648,91.57060606504724,storage,0.7684170843533733,0.027677860428193424,0.4984536869431582,zipf_mandelbrot_transferred (ASSUMPTION),8000000000.0,75000000000.0,0.000842
1xRTXPRO6000,mimo_v2_flash,4,finite_16tok,4,321.2549019607843,7710,110082790.25813834,110082790.25813834,104.98312974752268,8.233970960590014,0.013760348782267293,0.0014677705367751779,0.002334913701136206,0.0017147242524916942,0.013760348782267293,72.67257653299323,0.014529973830088935,68.82324852706766,storage,0.0,0.0,0.4984536869431582,zipf_mandelbrot_transferred (ASSUMPTION),8000000000.0,75000000000.0,0.000842
1xRTXPRO6000,mimo_v2_flash,4,steady_state,8,642.5098039215686,7710,69977041.67786613,74076877.15248908,66.73530738627065,5.2341417557859335,0.008747130209733268,0.000987691695366521,0.002334913701136206,0.0017147242524916942,0.008747130209733268,114.32320955817733,0.010739073310017291,93.11790422989391,storage,0.7684170843533733,0.05534568454044486,0.4984536869431582,zipf_mandelbrot_transferred (ASSUMPTION),8000000000.0,75000000000.0,0.000842
1xRTXPRO6000,mimo_v2_flash,4,finite_16tok,8,642.5098039215686,7710,110082790.25813834,110082790.25813834,104.98312974752268,8.233970960590014,0.013760348782267293,0.0014677705367751779,0.002334913701136206,0.0017147242524916942,0.013760348782267293,72.67257653299323,0.014529973830088935,68.82324852706766,storage,0.0,0.0,0.4984536869431582,zipf_mandelbrot_transferred (ASSUMPTION),8000000000.0,75000000000.0,0.000842
1xRTXPRO6000,mimo_v2_flash,4,steady_state,16,1285.0196078431372,7710,65874097.98324026,74076877.15248908,62.82243536304499,4.9272498323956855,0.008234262247905032,0.000987691695366521,0.002334913701136206,0.0017147242524916942,0.008234262247905032,121.44378814925658,0.01037580909793105,96.37802609527591,storage,0.7684170843533733,0.11073332846312078,0.4984536869431582,zipf_mandelbrot_transferred (ASSUMPTION),8000000000.0,75000000000.0,0.000842
1xRTXPRO6000,mimo_v2_flash,4,finite_16tok,16,1285.0196078431372,7710,110082790.25813834,110082790.25813834,104.98312974752268,8.233970960590014,0.013760348782267293,0.0014677705367751779,0.002334913701136206,0.0017147242524916942,0.013760348782267293,72.67257653299323,0.014529973830088935,68.82324852706766,storage,0.0,0.0,0.4984536869431582,zipf_mandelbrot_transferred (ASSUMPTION),8000000000.0,75000000000.0,0.000842
1xRTXPRO6000,mimo_v2_flash,4,steady_state,32,2570.0392156862745,7710,57685610.60499642,74076877.15248908,55.01328526019709,4.314767471388007,0.007210701325624552,0.000987691695366521,0.002334913701136206,0.0017147242524916942,0.007210701325624552,138.6827653568615,0.009650821226532267,103.61812497891643,storage,0.7684170843533733,0.2212737250485174,0.4984536869431582,zipf_mandelbrot_transferred (ASSUMPTION),8000000000.0,75000000000.0,0.000842
1xRTXPRO6000,mimo_v2_flash,4,finite_16tok,32,2570.0392156862745,7710,110082790.25813834,110082790.25813834,104.98312974752268,8.233970960590014,0.013760348782267293,0.0014677705367751779,0.002334913701136206,0.0017147242524916942,0.013760348782267293,72.67257653299323,0.014529973830088935,68.82324852706766,storage,0.0,0.0,0.4984536869431582,zipf_mandelbrot_transferred (ASSUMPTION),8000000000.0,75000000000.0,0.000842
1xRTXPRO6000,mimo_v2_flash,4,steady_state,64,5140.078431372549,7710,41371276.77218668,74076877.15248908,39.4547240945689,3.094488164279914,0.005171409596523335,0.000987691695366521,0.002334913701136206,0.0017147242524916942,0.005171409596523335,193.37087525851476,0.008206391551991507,121.85623774645782,storage,0.7684170843533733,0.4415088977492547,0.4984536869431582,zipf_mandelbrot_transferred (ASSUMPTION),8000000000.0,75000000000.0,0.000842
1xRTXPRO6000,mimo_v2_flash,4,finite_16tok,64,5140.078431372549,7710,110082790.25813834,110082790.25813834,104.98312974752268,8.233970960590014,0.013760348782267293,0.0014677705367751779,0.002334913701136206,0.0017147242524916942,0.013760348782267293,72.67257653299323,0.014529973830088935,68.82324852706766,storage,0.0,0.0,0.4984536869431582,zipf_mandelbrot_transferred (ASSUMPTION),8000000000.0,75000000000.0,0.000842
1xRTXPRO6000,mimo_v2_flash,4,steady_state,128,10280.156862745098,7710,9273266.155609604,74076877.15248908,8.843675761804203,0.6936216283768002,0.0011591582694512005,0.000987691695366521,0.002334913701136206,0.0017147242524916942,0.002334913701136206,428.28135340221957,0.005364515230013399,186.4101334646602,compute,0.7684170843533733,0.8748156440704113,0.4984536869431582,zipf_mandelbrot_transferred (ASSUMPTION),8000000000.0,75000000000.0,0.000842
1xRTXPRO6000,mimo_v2_flash,4,finite_16tok,128,10280.156862745098,7710,110082790.25813834,110082790.25813834,104.98312974752268,8.233970960590014,0.013760348782267293,0.0014677705367751779,0.002334913701136206,0.0017147242524916942,0.013760348782267293,72.67257653299323,0.014529973830088935,68.82324852706766,storage,0.0,0.0,0.4984536869431582,zipf_mandelbrot_transferred (ASSUMPTION),8000000000.0,75000000000.0,0.000842
1xRTXPRO6000,mimo_v2_flash,4,steady_state,256,20560.313725490196,7710,0.025840330030449547,74076877.15248908,2.4643259077500865e-08,1.9328046335294795e-09,3.2300412538061934e-12,0.000987691695366521,0.002334913701136206,0.0017147242524916942,0.002334913701136206,428.28135340221957,0.004543483803598999,220.09542527869843,compute,0.7684170843533733,0.9999999996511687,0.4984536869431582,zipf_mandelbrot_transferred (ASSUMPTION),8000000000.0,75000000000.0,0.000842
1xRTXPRO6000,mimo_v2_flash,4,finite_16tok,256,20560.313725490196,7710,110082790.25813834,110082790.25813834,104.98312974752268,8.233970960590014,0.013760348782267293,0.0014677705367751779,0.002334913701136206,0.0017147242524916942,0.013760348782267293,72.67257653299323,0.014529973830088935,68.82324852706766,storage,0.0,0.0,0.4984536869431582,zipf_mandelbrot_transferred (ASSUMPTION),8000000000.0,75000000000.0,0.000842
1xRTXPRO6000,mimo_v2_flash,8,steady_state,2,160.62745098039215,7710,146048598.74183857,148091535.10521343,139.2827975672136,10.924140985663811,0.01825607484272982,0.001974553801402846,0.0023256109825264518,0.0016130033222591358,0.01825607484272982,54.77628726956241,0.017856663133394537,56.00150445409118,storage,0.7675814485213718,0.013795092082226845,0.9929059413039162,zipf_mandelbrot_transferred (ASSUMPTION),8000000000.0,75000000000.0,0.000842
1xRTXPRO6000,mimo_v2_flash,8,finite_16tok,2,160.62745098039215,7710,110082790.25813834,110082790.25813834,104.98312974752268,8.233970960590014,0.013760348782267293,0.0014677705367751779,0.0023256109825264518,0.0016130033222591358,0.013760348782267293,72.67257653299323,0.014418950181246622,69.35317671744274,storage,0.0,0.0,0.9929059413039162,zipf_mandelbrot_transferred (ASSUMPTION),8000000000.0,75000000000.0,0.000842
1xRTXPRO6000,mimo_v2_flash,8,steady_state,4,321.2549019607843,7710,143993308.0333253,148091535.10521343,137.3227196057561,10.770409380843615,0.017999163504165663,0.001974553801402846,0.0023256109825264518,0.0016130033222591358,0.017999163504165663,55.558137452807934,0.017674692915081724,56.57806926572994,storage,0.7675814485213718,0.027673607873511252,0.9929059413039162,zipf_mandelbrot_transferred (ASSUMPTION),8000000000.0,75000000000.0,0.000842
1xRTXPRO6000,mimo_v2_flash,8,finite_16tok,4,321.2549019607843,7710,110082790.25813834,110082790.25813834,104.98312974752268,8.233970960590014,0.013760348782267293,0.0014677705367751779,0.0023256109825264518,0.0016130033222591358,0.013760348782267293,72.67257653299323,0.014418950181246622,69.35317671744274,storage,0.0,0.0,0.9929059413039162,zipf_mandelbrot_transferred (ASSUMPTION),8000000000.0,75000000000.0,0.000842
1xRTXPRO6000,mimo_v2_flash,8,steady_state,8,642.5098039215686,7710,139896565.77806482,148091535.10521343,133.41576173597795,10.463981312625721,0.0174870707222581,0.001974553801402846,0.0023256109825264518,0.0016130033222591358,0.0174870707222581,57.18510640705353,0.01731197776268349,57.763475306416545,storage,0.7675814485213718,0.05533718940333954,0.9929059413039162,zipf_mandelbrot_transferred (ASSUMPTION),8000000000.0,75000000000.0,0.000842
1xRTXPRO6000,mimo_v2_flash,8,finite_16tok,8,642.5098039215686,7710,110082790.25813834,110082790.25813834,104.98312974752268,8.233970960590014,0.013760348782267293,0.0014677705367751779,0.0023256109825264518,0.0016130033222591358,0.013760348782267293,72.67257653299323,0.014418950181246622,69.35317671744274,storage,0.0,0.0,0.9929059413039162,zipf_mandelbrot_transferred (ASSUMPTION),8000000000.0,75000000000.0,0.000842
1xRTXPRO6000,mimo_v2_flash,8,steady_state,16,1285.0196078431372,7710,131695369.67481741,148091535.10521343,125.59449164849988,9.850548364588226,0.016461921209352175,0.001974553801402846,0.0023256109825264518,0.0016130033222591358,0.016461921209352175,60.746251138165476,0.01658586469305664,60.292304230519335,storage,0.7675814485213718,0.11071642561303086,0.9929059413039162,zipf_mandelbrot_transferred (ASSUMPTION),8000000000.0,75000000000.0,0.000842
1xRTXPRO6000,mimo_v2_flash,8,finite_16tok,16,1285.0196078431372,7710,110082790.25813834,110082790.25813834,104.98312974752268,8.233970960590014,0.013760348782267293,0.0014677705367751779,0.0023256109825264518,0.0016130033222591358,0.013760348782267293,72.67257653299323,0.014418950181246622,69.35317671744274,storage,0.0,0.0,0.9929059413039162,zipf_mandelbrot_transferred (ASSUMPTION),8000000000.0,75000000000.0,0.000842
1xRTXPRO6000,mimo_v2_flash,8,steady_state,32,2570.0392156862745,7710,115327741.19659032,148091535.10521343,109.98510474833519,8.626282725359623,0.01441596764957379,0.001974553801402846,0.0023256109825264518,0.0016130033222591358,0.01441596764957379,69.36752525450937,0.015136716445994082,66.06452618491437,storage,0.7675814485213718,0.22124015316166168,0.9929059413039162,zipf_mandelbrot_transferred (ASSUMPTION),8000000000.0,75000000000.0,0.000842
1xRTXPRO6000,mimo_v2_flash,8,finite_16tok,32,2570.0392156862745,7710,110082790.25813834,110082790.25813834,104.98312974752268,8.233970960590014,0.013760348782267293,0.0014677705367751779,0.0023256109825264518,0.0016130033222591358,0.013760348782267293,72.67257653299323,0.014418950181246622,69.35317671744274,storage,0.0,0.0,0.9929059413039162,zipf_mandelbrot_transferred (ASSUMPTION),8000000000.0,75000000000.0,0.000842
1xRTXPRO6000,mimo_v2_flash,8,steady_state,64,5140.078431372549,7710,82717441.25361226,148091535.10521343,78.88549924241282,6.187097979797084,0.010339680156701534,0.001974553801402846,0.0023256109825264518,0.0016130033222591358,0.010339680156701534,96.71479048139246,0.012249483328416027,81.63609624907416,storage,0.7675814485213718,0.4414438259766521,0.9929059413039162,zipf_mandelbrot_transferred (ASSUMPTION),8000000000.0,75000000000.0,0.000842
1xRTXPRO6000,mimo_v2_flash,8,finite_16tok,64,5140.078431372549,7710,110082790.25813834,110082790.25813834,104.98312974752268,8.233970960590014,0.013760348782267293,0.0014677705367751779,0.0023256109825264518,0.0016130033222591358,0.013760348782267293,72.67257653299323,0.014418950181246622,69.35317671744274,storage,0.0,0.0,0.9929059413039162,zipf_mandelbrot_transferred (ASSUMPTION),8000000000.0,75000000000.0,0.000842
1xRTXPRO6000,mimo_v2_flash,8,steady_state,128,10280.156862745098,7710,18556689.566628255,148091535.10521343,17.697038237217193,1.3880029989974267,0.002319586195828532,0.001974553801402846,0.0023256109825264518,0.0016130033222591358,0.0023256109825264518,429.9945294004587,0.0065688533604831055,152.23357032382515,compute,0.7675814485213718,0.8746944614123661,0.9929059413039162,zipf_mandelbrot_transferred (ASSUMPTION),8000000000.0,75000000000.0,0.000842
1xRTXPRO6000,mimo_v2_flash,8,finite_16tok,128,10280.156862745098,7710,110082790.25813834,110082790.25813834,104.98312974752268,8.233970960590014,0.013760348782267293,0.0014677705367751779,0.0023256109825264518,0.0016130033222591358,0.013760348782267293,72.67257653299323,0.014418950181246622,69.35317671744274,storage,0.0,0.0,0.9929059413039162,zipf_mandelbrot_transferred (ASSUMPTION),8000000000.0,75000000000.0,0.000842
1xRTXPRO6000,mimo_v2_flash,8,steady_state,256,20560.313725490196,7710,0.051262832405477785,148091535.10521343,4.8888046651342186e-08,3.83435660010527e-09,6.407854050684723e-12,0.001974553801402846,0.0023256109825264518,0.0016130033222591358,0.0023256109825264518,429.9945294004587,0.004925891210025691,203.00894952058522,compute,0.7675814485213718,0.9999999996538436,0.9929059413039162,zipf_mandelbrot_transferred (ASSUMPTION),8000000000.0,75000000000.0,0.000842
1xRTXPRO6000,mimo_v2_flash,8,finite_16tok,256,20560.313725490196,7710,110082790.25813834,110082790.25813834,104.98312974752268,8.233970960590014,0.013760348782267293,0.0014677705367751779,0.0023256109825264518,0.0016130033222591358,0.013760348782267293,72.67257653299323,0.014418950181246622,69.35317671744274,storage,0.0,0.0,0.9929059413039162,zipf_mandelbrot_transferred (ASSUMPTION),8000000000.0,75000000000.0,0.000842
1xRTXPRO6000,mimo_v2_flash,16,steady_state,2,160.62745098039215,7710,291812124.3199183,295892792.71927327,278.2937281798537,21.826959072929704,0.03647651553998979,0.0039452372362569765,0.0023078940919285993,0.0015621428571428568,0.03647651553998979,27.414899290577356,0.03167895976926215,31.56669307589741,storage,0.7660133580003715,0.013791036820644309,1.970570543753891,zipf_mandelbrot_transferred (ASSUMPTION),8000000000.0,75000000000.0,0.000842
1xRTXPRO6000,mimo_v2_flash,16,finite_16tok,2,160.62745098039215,7710,110082790.25813834,110082790.25813834,104.98312974752268,8.233970960590014,0.013760348782267293,0.0014677705367751779,0.0023078940919285993,0.0015621428571428568,0.013760348782267293,72.67257653299323,0.014350372825532491,69.68460068304138,storage,0.0,0.0,1.970570543753891,zipf_mandelbrot_transferred (ASSUMPTION),8000000000.0,75000000000.0,0.000842
1xRTXPRO6000,mimo_v2_flash,16,steady_state,4,321.2549019607843,7710,287706781.6319008,295892792.71927327,274.3785682982452,21.519887709666293,0.0359633477039876,0.0039452372362569765,0.0023078940919285993,0.0015621428571428568,0.0359633477039876,27.80608769325222,0.03131548315639514,31.933085464650848,storage,0.7660133580003715,0.027665462927103812,1.970570543753891,zipf_mandelbrot_transferred (ASSUMPTION),8000000000.0,75000000000.0,0.000842
1xRTXPRO6000,mimo_v2_flash,16,finite_16tok,4,321.2549019607843,7710,110082790.25813834,110082790.25813834,104.98312974752268,8.233970960590014,0.013760348782267293,0.0014677705367751779,0.0023078940919285993,0.0015621428571428568,0.013760348782267293,72.67257653299323,0.014350372825532491,69.68460068304138,storage,0.0,0.0,1.970570543753891,zipf_mandelbrot_transferred (ASSUMPTION),8000000000.0,75000000000.0,0.000842
1xRTXPRO6000,mimo_v2_flash,16,steady_state,8,642.5098039215686,7710,279523732.06591934,295892792.71927327,266.5746040972894,20.907812086061917,0.03494046650823992,0.0039452372362569765,0.0023078940919285993,0.0015621428571428568,0.03494046650823992,28.620110145471944,0.030590976735080485,32.68937793847036,storage,0.7660133580003715,0.05532091708933162,1.970570543753891,zipf_mandelbrot_transferred (ASSUMPTION),8000000000.0,75000000000.0,0.000842
1xRTXPRO6000,mimo_v2_flash,16,finite_16tok,8,642.5098039215686,7710,110082790.25813834,110082790.25813834,104.98312974752268,8.233970960590014,0.013760348782267293,0.0014677705367751779,0.0023078940919285993,0.0015621428571428568,0.013760348782267293,72.67257653299323,0.014350372825532491,69.68460068304138,storage,0.0,0.0,1.970570543753891,zipf_mandelbrot_transferred (ASSUMPTION),8000000000.0,75000000000.0,0.000842
1xRTXPRO6000,mimo_v2_flash,16,steady_state,16,1285.0196078431372,7710,263142181.13483953,295892792.71927327,250.9519397114177,19.68250507540531,0.032892772641854945,0.0039452372362569765,0.0023078940919285993,0.0015621428571428568,0.032892772641854945,30.40181534370057,0.029140595829409303,34.31638823907571,storage,0.7660133580003715,0.11068404635156326,1.970570543753891,zipf_mandelbrot_transferred (ASSUMPTION),8000000000.0,75000000000.0,0.000842
1xRTXPRO6000,mimo_v2_flash,16,finite_16tok,16,1285.0196078431372,7710,110082790.25813834,110082790.25813834,104.98312974752268,8.233970960590014,0.013760348782267293,0.0014677705367751779,0.0023078940919285993,0.0015621428571428568,0.013760348782267293,72.67257653299323,0.014350372825532491,69.68460068304138,storage,0.0,0.0,1.970570543753891,zipf_mandelbrot_transferred (ASSUMPTION),8000000000.0,75000000000.0,0.000842
1xRTXPRO6000,mimo_v2_flash,16,steady_state,32,2570.0392156862745,7710,230448462.79988092,295892792.71927327,219.77278022754757,17.237080802160595,0.028806057849985117,0.0039452372362569765,0.0023078940919285993,0.0015621428571428568,0.028806057849985117,34.714920216009936,0.026245977059311573,38.10107727139154,storage,0.7660133580003715,0.22117581613919923,1.970570543753891,zipf_mandelbrot_transferred (ASSUMPTION),8000000000.0,75000000000.0,0.000842
1xRTXPRO6000,mimo_v2_flash,16,finite_16tok,32,2570.0392156862745,7710,110082790.25813834,110082790.25813834,104.98312974752268,8.233970960590014,0.013760348782267293,0.0014677705367751779,0.0023078940919285993,0.0015621428571428568,0.013760348782267293,72.67257653299323,0.014350372825532491,69.68460068304138,storage,0.0,0.0,1.970570543753891,zipf_mandelbrot_transferred (ASSUMPTION),8000000000.0,75000000000.0,0.000842
1xRTXPRO6000,mimo_v2_flash,16,steady_state,64,5140.078431372549,7710,165309671.89997214,295892792.71927327,157.6515883445474,12.364830458395875,0.020663708987496518,0.0039452372362569765,0.0023078940919285993,0.0015621428571428568,0.020663708987496518,48.39402261254714,0.020478753983962157,48.831095914485104,storage,0.7660133580003715,0.4413190318670285,1.970570543753891,zipf_mandelbrot_transferred (ASSUMPTION),8000000000.0,75000000000.0,0.000842
1xRTXPRO6000,mimo_v2_flash,16,finite_16tok,64,5140.078431372549,7710,110082790.25813834,110082790.25813834,104.98312974752268,8.233970960590014,0.013760348782267293,0.0014677705367751779,0.0023078940919285993,0.0015621428571428568,0.013760348782267293,72.67257653299323,0.014350372825532491,69.68460068304138,storage,0.0,0.0,1.970570543753891,zipf_mandelbrot_transferred (ASSUMPTION),8000000000.0,75000000000.0,0.000842
1xRTXPRO6000,mimo_v2_flash,16,steady_state,128,10280.156862745098,7710,37146286.47716426,295892792.71927327,35.425459363140355,2.778467401030616,0.0046432858096455325,0.0039452372362569765,0.0023078940919285993,0.0015621428571428568,0.0046432858096455325,215.36473113989504,0.009131493409827779,109.5111122703926,storage,0.7660133580003715,0.8744603201186903,1.970570543753891,zipf_mandelbrot_transferred (ASSUMPTION),8000000000.0,75000000000.0,0.000842
1xRTXPRO6000,mimo_v2_flash,16,finite_16tok,128,10280.156862745098,7710,110082790.25813834,110082790.25813834,104.98312974752268,8.233970960590014,0.013760348782267293,0.0014677705367751779,0.0023078940919285993,0.0015621428571428568,0.013760348782267293,72.67257653299323,0.014350372825532491,69.68460068304138,storage,0.0,0.0,1.970570543753891,zipf_mandelbrot_transferred (ASSUMPTION),8000000000.0,75000000000.0,0.000842
1xRTXPRO6000,mimo_v2_flash,16,steady_state,256,20560.313725490196,7710,0.10086653884863313,295892792.71927327,9.619382748473466e-08,7.544613920371346e-09,1.2608317356079141e-11,0.0039452372362569765,0.0023078940919285993,0.0015621428571428568,0.0039452372362569765,253.47018192212565,0.005842655576130411,171.15504875649364,h2d,0.7660133580003715,0.9999999996591112,1.970570543753891,zipf_mandelbrot_transferred (ASSUMPTION),8000000000.0,75000000000.0,0.000842
1xRTXPRO6000,mimo_v2_flash,16,finite_16tok,256,20560.313725490196,7710,110082790.25813834,110082790.25813834,104.98312974752268,8.233970960590014,0.013760348782267293,0.0014677705367751779,0.0023078940919285993,0.0015621428571428568,0.013760348782267293,72.67257653299323,0.014350372825532491,69.68460068304138,storage,0.0,0.0,1.970570543753891,zipf_mandelbrot_transferred (ASSUMPTION),8000000000.0,75000000000.0,0.000842
CPU-only,mimo_v2_flash,1,steady_state,2,160.62745098039215,0,76317410.46852982,80216064.0,72.78195425847036,5.7083885692917935,0.025439136822843274,0.0,792.0,0.20093023255813952,792.0,0.0012626262626262627,792.2189487649717,0.0012622773054834753,compute,0.0,0.048601905118034416,0.125,zipf_mandelbrot_transferred (ASSUMPTION),3000000000.0,0.0,0.0
CPU-only,mimo_v2_flash,1,finite_16tok,2,160.62745098039215,0,110082790.25813834,110082790.25813834,104.98312974752268,8.233970960590014,0.036694263419379446,0.0,792.0,0.20093023255813952,792.0,0.0012626262626262627,792.226920767513,0.0012622646034689095,compute,0.0,0.0,0.125,zipf_mandelbrot_transferred (ASSUMPTION),3000000000.0,0.0,0.0
CPU-only,mimo_v2_flash,1,steady_state,4,321.2549019607843,0,73184436.89743449,80216064.0,69.79411782973717,5.4740484572342885,0.02439481229914483,0.0,792.0,0.20093023255813952,792.0,0.0012626262626262627,792.2182090702481,0.0012622784840727226,compute,0.0,0.08765859046095192,0.125,zipf_mandelbrot_transferred (ASSUMPTION),3000000000.0,0.0,0.0
CPU-only,mimo_v2_flash,1,finite_16tok,4,321.2549019607843,0,110082790.25813834,110082790.25813834,104.98312974752268,8.233970960590014,0.036694263419379446,0.0,792.0,0.20093023255813952,792.0,0.0012626262626262627,792.226920767513,0.0012622646034689095,compute,0.0,0.0,0.125,zipf_mandelbrot_transferred (ASSUMPTION),3000000000.0,0.0,0.0
CPU-only,mimo_v2_flash,1,steady_state,8,642.5098039215686,0,68209872.42474951,80216064.0,65.05000345683051,5.1019610554376875,0.022736624141583173,0.0,792.0,0.20093023255813952,792.0,0.0012626262626262627,792.2170345761104,0.0012622803554521742,compute,0.0,0.14967315742705212,0.125,zipf_mandelbrot_transferred (ASSUMPTION),3000000000.0,0.0,0.0
CPU-only,mimo_v2_flash,1,finite_16tok,8,642.5098039215686,0,110082790.25813834,110082790.25813834,104.98312974752268,8.233970960590014,0.036694263419379446,0.0,792.0,0.20093023255813952,792.0,0.0012626262626262627,792.226920767513,0.0012622646034689095,compute,0.0,0.0,0.125,zipf_mandelbrot_transferred (ASSUMPTION),3000000000.0,0.0,0.0
CPU-only,mimo_v2_flash,1,steady_state,16,1285.0196078431372,0,60586194.46360598,80216064.0,57.77949758873556,4.531725301077299,0.020195398154535325,0.0,792.0,0.20093023255813952,792.0,0.0012626262626262627,792.2152346265628,0.0012622832234113542,compute,0.0,0.24471244982045015,0.125,zipf_mandelbrot_transferred (ASSUMPTION),3000000000.0,0.0,0.0
CPU-only,mimo_v2_flash,1,finite_16tok,16,1285.0196078431372,0,110082790.25813834,110082790.25813834,104.98312974752268,8.233970960590014,0.036694263419379446,0.0,792.0,0.20093023255813952,792.0,0.0012626262626262627,792.226920767513,0.0012622646034689095,compute,0.0,0.0,0.125,zipf_mandelbrot_transferred (ASSUMPTION),3000000000.0,0.0,0.0
CPU-only,mimo_v2_flash,1,steady_state,32,2570.0392156862745,0,49087524.76370215,80216064.0,46.81351162309851,3.671647970439099,0.016362508254567382,0.0,792.0,0.20093023255813952,792.0,0.0012626262626262627,792.2125197918818,0.001262287549132277,compute,0.0,0.3880586715934835,0.125,zipf_mandelbrot_transferred (ASSUMPTION),3000000000.0,0.0,0.0
CPU-only,mimo_v2_flash,1,finite_16tok,32,2570.0392156862745,0,110082790.25813834,110082790.25813834,104.98312974752268,8.233970960590014,0.036694263419379446,0.0,792.0,0.20093023255813952,792.0,0.0012626262626262627,792.226920767513,0.0012622646034689095,compute,0.0,0.0,0.125,zipf_mandelbrot_transferred (ASSUMPTION),3000000000.0,0.0,0.0
CPU-only,mimo_v2_flash,1,steady_state,64,5140.078431372549,0,31962409.341321886,80216064.0,30.48172887928189,2.390723833669168,0.010654136447107295,0.0,792.0,0.20093023255813952,792.0,0.0012626262626262627,792.2084765539702,0.0012622939915385692,compute,0.0,0.6015460277218054,0.125,zipf_mandelbrot_transferred (ASSUMPTION),3000000000.0,0.0,0.0
CPU-only,mimo_v2_flash,1,finite_16tok,64,5140.078431372549,0,110082790.25813834,110082790.25813834,104.98312974752268,8.233970960590014,0.036694263419379446,0.0,792.0,0.20093023255813952,792.0,0.0012626262626262627,792.226920767513,0.0012622646034689095,compute,0.0,0.0,0.125,zipf_mandelbrot_transferred (ASSUMPTION),3000000000.0,0.0,0.0
CPU-only,mimo_v2_flash,1,steady_state,128,10280.156862745098,0,7332773.506277795,80216064.0,6.993077760961337,0.5484766871342225,0.0024442578354259316,0.0,792.0,0.20093023255813952,792.0,0.0012626262626262627,792.2026614995953,0.0012623032572335166,compute,0.0,0.9085872188109629,0.125,zipf_mandelbrot_transferred (ASSUMPTION),3000000000.0,0.0,0.0
CPU-only,mimo_v2_flash,1,finite_16tok,128,10280.156862745098,0,110082790.25813834,110082790.25813834,104.98312974752268,8.233970960590014,0.036694263419379446,0.0,792.0,0.20093023255813952,792.0,0.0012626262626262627,792.226920767513,0.0012622646034689095,compute,0.0,0.0,0.125,zipf_mandelbrot_transferred (ASSUMPTION),3000000000.0,0.0,0.0
CPU-only,mimo_v2_flash,1,steady_state,256,20560.313725490196,0,0.0,80216064.0,0.0,0.0,0.0,0.0,792.0,0.20093023255813952,792.0,0.0012626262626262627,792.2009302325581,0.001262306015856912,compute,0.0,1.0,0.125,zipf_mandelbrot_transferred (ASSUMPTION),3000000000.0,0.0,0.0
CPU-only,mimo_v2_flash,1,finite_16tok,256,20560.313725490196,0,110082790.25813834,110082790.25813834,104.98312974752268,8.233970960590014,0.036694263419379446,0.0,792.0,0.20093023255813952,792.0,0.0012626262626262627,792.226920767513,0.0012622646034689095,compute,0.0,0.0,0.125,zipf_mandelbrot_transferred (ASSUMPTION),3000000000.0,0.0,0.0
CPU-only,mimo_v2_flash,4,steady_state,2,160.62745098039215,0,304691694.64622843,319871942.8229468,290.57664360640376,22.790324988737552,0.10156389821540948,0.0,198.0,0.1481860465116279,198.0,0.005050505050505051,198.22012372288765,0.005044896457627093,compute,0.0,0.047457266938603526,0.4984536869431582,zipf_mandelbrot_transferred (ASSUMPTION),3000000000.0,0.0,0.0
CPU-only,mimo_v2_flash,4,finite_16tok,2,160.62745098039215,0,110082790.25813834,110082790.25813834,104.98312974752268,8.233970960590014,0.036694263419379446,0.0,198.0,0.1481860465116279,198.0,0.005050505050505051,198.1741765814665,0.005046066128544829,compute,0.0,0.0,0.4984536869431582,zipf_mandelbrot_transferred (ASSUMPTION),3000000000.0,0.0,0.0
CPU-only,mimo_v2_flash,4,steady_state,4,321.2549019607843,0,292337310.3589222,319871942.8229468,278.79458461658686,21.866241930712693,0.09744577011964073,0.0,198.0,0.1481860465116279,198.0,0.005050505050505051,198.2172068540845,0.005044970695889885,compute,0.0,0.08608017390029543,0.4984536869431582,zipf_mandelbrot_transferred (ASSUMPTION),3000000000.0,0.0,0.0
CPU-only,mimo_v2_flash,4,finite_16tok,4,321.2549019607843,0,110082790.25813834,110082790.25813834,104.98312974752268,8.233970960590014,0.036694263419379446,0.0,198.0,0.1481860465116279,198.0,0.005050505050505051,198.1741765814665,0.005046066128544829,compute,0.0,0.0,0.4984536869431582,zipf_mandelbrot_transferred (ASSUMPTION),3000000000.0,0.0,0.0
CPU-only,mimo_v2_flash,4,steady_state,8,642.5098039215686,0,272569957.4388025,319871942.8229468,259.9429678333306,20.387683751633773,0.09085665247960083,0.0,198.0,0.1481860465116279,198.0,0.005050505050505051,198.2125397841835,0.00504508948368662,compute,0.0,0.14787788190077855,0.4984536869431582,zipf_mandelbrot_transferred (ASSUMPTION),3000000000.0,0.0,0.0
CPU-only,mimo_v2_flash,4,finite_16tok,8,642.5098039215686,0,110082790.25813834,110082790.25813834,104.98312974752268,8.233970960590014,0.036694263419379446,0.0,198.0,0.1481860465116279,198.0,0.005050505050505051,198.1741765814665,0.005046066128544829,compute,0.0,0.0,0.4984536869431582,zipf_mandelbrot_transferred (ASSUMPTION),3000000000.0,0.0,0.0
CPU-only,mimo_v2_flash,4,steady_state,16,1285.0196078431372,0,242161392.79827335,319871942.8229468,230.94310073687873,18.1131843715199,0.08072046426609111,0.0,198.0,0.1481860465116279,198.0,0.005050505050505051,198.20536032533835,0.00504527222855416,compute,0.0,0.2429426893114136,0.4984536869431582,zipf_mandelbrot_transferred (ASSUMPTION),3000000000.0,0.0,0.0
CPU-only,mimo_v2_flash,4,finite_16tok,16,1285.0196078431372,0,110082790.25813834,110082790.25813834,104.98312974752268,8.233970960590014,0.036694263419379446,0.0,198.0,0.1481860465116279,198.0,0.005050505050505051,198.1741765814665,0.005046066128544829,compute,0.0,0.0,0.4984536869431582,zipf_mandelbrot_transferred (ASSUMPTION),3000000000.0,0.0,0.0
CPU-only,mimo_v2_flash,4,steady_state,32,2570.0392156862745,0,196242539.40374446,319871942.8229468,187.15146961569258,14.678546636524908,0.06541417980124815,0.0,198.0,0.1481860465116279,198.0,0.005050505050505051,198.1945188889845,0.005045548209938813,compute,0.0,0.38649655336489697,0.4984536869431582,zipf_mandelbrot_transferred (ASSUMPTION),3000000000.0,0.0,0.0
CPU-only,mimo_v2_flash,4,finite_16tok,32,2570.0392156862745,0,110082790.25813834,110082790.25813834,104.98312974752268,8.233970960590014,0.036694263419379446,0.0,198.0,0.1481860465116279,198.0,0.005050505050505051,198.1741765814665,0.005046066128544829,compute,0.0,0.0,0.4984536869431582,zipf_mandelbrot_transferred (ASSUMPTION),3000000000.0,0.0,0.0
CPU-only,mimo_v2_flash,4,steady_state,64,5140.078431372549,0,127779872.37688181,319871942.8229468,121.86038243950063,9.55767705407848,0.04259329079229394,0.0,198.0,0.1481860465116279,198.0,0.005050505050505051,198.1783548606537,0.005045959740170089,compute,0.0,0.6005280386607412,0.4984536869431582,zipf_mandelbrot_transferred (ASSUMPTION),3000000000.0,0.0,0.0
CPU-only,mimo_v2_flash,4,finite_16tok,64,5140.078431372549,0,110082790.25813834,110082790.25813834,104.98312974752268,8.233970960590014,0.036694263419379446,0.0,198.0,0.1481860465116279,198.0,0.005050505050505051,198.1741765814665,0.005046066128544829,compute,0.0,0.0,0.4984536869431582,zipf_mandelbrot_transferred (ASSUMPTION),3000000000.0,0.0,0.0
CPU-only,mimo_v2_flash,4,steady_state,128,10280.156862745098,0,29296542.758140776,319871942.8229468,27.93936038793638,2.191322383367559,0.009765514252713593,0.0,198.0,0.1481860465116279,198.0,0.005050505050505051,198.1551029571098,0.005046551842858408,compute,0.0,0.9084116521768313,0.4984536869431582,zipf_mandelbrot_transferred (ASSUMPTION),3000000000.0,0.0,0.0
CPU-only,mimo_v2_flash,4,finite_16tok,128,10280.156862745098,0,110082790.25813834,110082790.25813834,104.98312974752268,8.233970960590014,0.036694263419379446,0.0,198.0,0.1481860465116279,198.0,0.005050505050505051,198.1741765814665,0.005046066128544829,compute,0.0,0.0,0.4984536869431582,zipf_mandelbrot_transferred (ASSUMPTION),3000000000.0,0.0,0.0
CPU-only,mimo_v2_flash,4,steady_state,256,20560.313725490196,0,0.0,319871942.8229468,0.0,0.0,0.0,0.0,198.0,0.1481860465116279,198.0,0.005050505050505051,198.14818604651163,0.005046728006711444,compute,0.0,1.0,0.4984536869431582,zipf_mandelbrot_transferred (ASSUMPTION),3000000000.0,0.0,0.0
CPU-only,mimo_v2_flash,4,finite_16tok,256,20560.313725490196,0,110082790.25813834,110082790.25813834,104.98312974752268,8.233970960590014,0.036694263419379446,0.0,198.0,0.1481860465116279,198.0,0.005050505050505051,198.1741765814665,0.005046066128544829,compute,0.0,0.0,0.4984536869431582,zipf_mandelbrot_transferred (ASSUMPTION),3000000000.0,0.0,0.0
CPU-only,mimo_v2_flash,8,steady_state,2,160.62745098039215,0,607843755.3885982,637176052.2689215,579.6849779020292,45.465488462904254,0.20261458512953273,0.0,99.0,0.13939534883720928,99.0,0.010101010101010102,99.28290719418993,0.010072227216756203,compute,0.0,0.04603483884222237,0.9929059413039162,zipf_mandelbrot_transferred (ASSUMPTION),3000000000.0,0.0,0.0
CPU-only,mimo_v2_flash,8,finite_16tok,2,160.62745098039215,0,110082790.25813834,110082790.25813834,104.98312974752268,8.233970960590014,0.036694263419379446,0.0,99.0,0.13939534883720928,99.0,0.010101010101010102,99.16538588379207,0.010084163855035666,compute,0.0,0.0,0.9929059413039162,zipf_mandelbrot_transferred (ASSUMPTION),3000000000.0,0.0,0.0
CPU-only,mimo_v2_flash,8,steady_state,4,321.2549019607843,0,583599737.8855993,637176052.2689215,556.5640810829155,43.65208479081691,0.1945332459618664,0.0,99.0,0.13939534883720928,99.0,0.010101010101010102,99.27718318426177,0.010072807949677284,compute,0.0,0.08408400502897462,0.9929059413039162,zipf_mandelbrot_transferred (ASSUMPTION),3000000000.0,0.0,0.0
CPU-only,mimo_v2_flash,8,finite_16tok,4,321.2549019607843,0,110082790.25813834,110082790.25813834,104.98312974752268,8.233970960590014,0.036694263419379446,0.0,99.0,0.13939534883720928,99.0,0.010101010101010102,99.16538588379207,0.010084163855035666,compute,0.0,0.0,0.9929059413039162,zipf_mandelbrot_transferred (ASSUMPTION),3000000000.0,0.0,0.0
CPU-only,mimo_v2_flash,8,steady_state,8,642.5098039215686,0,544421314.3137462,637176052.2689215,519.2006247651541,40.721617628639535,0.1814737714379154,0.0,99.0,0.13939534883720928,99.0,0.010101010101010102,99.267933162665,0.010073746557827027,compute,0.0,0.1455716008548733,0.9929059413039162,zipf_mandelbrot_transferred (ASSUMPTION),3000000000.0,0.0,0.0
CPU-only,mimo_v2_flash,8,finite_16tok,8,642.5098039215686,0,110082790.25813834,110082790.25813834,104.98312974752268,8.233970960590014,0.036694263419379446,0.0,99.0,0.13939534883720928,99.0,0.010101010101010102,99.16538588379207,0.010084163855035666,compute,0.0,0.0,0.9929059413039162,zipf_mandelbrot_transferred (ASSUMPTION),3000000000.0,0.0,0.0
CPU-only,mimo_v2_flash,8,steady_state,16,1285.0196078431372,0,483839409.8521571,637176052.2689215,461.42521844115936,36.190213211071324,0.1612798032840524,0.0,99.0,0.13939534883720928,99.0,0.010101010101010102,99.25362978152931,0.010075198279409383,compute,0.0,0.24065035380841382,0.9929059413039162,zipf_mandelbrot_transferred (ASSUMPTION),3000000000.0,0.0,0.0
CPU-only,mimo_v2_flash,8,finite_16tok,16,1285.0196078431372,0,110082790.25813834,110082790.25813834,104.98312974752268,8.233970960590014,0.036694263419379446,0.0,99.0,0.13939534883720928,99.0,0.010101010101010102,99.16538588379207,0.010084163855035666,compute,0.0,0.0,0.9929059413039162,zipf_mandelbrot_transferred (ASSUMPTION),3000000000.0,0.0,0.0
CPU-only,mimo_v2_flash,8,steady_state,32,2570.0392156862745,0,392178608.83156925,637176052.2689215,374.0106666866009,29.334169936203995,0.13072620294385642,0.0,99.0,0.13939534883720928,99.0,0.010101010101010102,99.23198867625456,0.010077395538877194,compute,0.0,0.38450510273407223,0.9929059413039162,zipf_mandelbrot_transferred (ASSUMPTION),3000000000.0,0.0,0.0
CPU-only,mimo_v2_flash,8,finite_16tok,32,2570.0392156862745,0,110082790.25813834,110082790.25813834,104.98312974752268,8.233970960590014,0.036694263419379446,0.0,99.0,0.13939534883720928,99.0,0.010101010101010102,99.16538588379207,0.010084163855035666,compute,0.0,0.0,0.9929059413039162,zipf_mandelbrot_transferred (ASSUMPTION),3000000000.0,0.0,0.0
CPU-only,mimo_v2_flash,8,steady_state,64,5140.078431372549,0,255411903.83262497,637176052.2689215,243.57977278959748,19.10429590506647,0.08513730127754165,0.0,99.0,0.13939534883720928,99.0,0.010101010101010102,99.19969807189577,0.010080675843138575,compute,0.0,0.5991501831822961,0.9929059413039162,zipf_mandelbrot_transferred (ASSUMPTION),3000000000.0,0.0,0.0
CPU-only,mimo_v2_flash,8,finite_16tok,64,5140.078431372549,0,110082790.25813834,110082790.25813834,104.98312974752268,8.233970960590014,0.036694263419379446,0.0,99.0,0.13939534883720928,99.0,0.010101010101010102,99.16538588379207,0.010084163855035666,compute,0.0,0.0,0.9929059413039162,zipf_mandelbrot_transferred (ASSUMPTION),3000000000.0,0.0,0.0
CPU-only,mimo_v2_flash,8,steady_state,128,10280.156862745098,0,58577459.16489502,637176052.2689215,55.86381832589628,4.38147594712912,0.019525819721631674,0.0,99.0,0.13939534883720928,99.0,0.010101010101010102,99.15322548065366,0.010085400602475767,compute,0.0,0.90806707352496,0.9929059413039162,zipf_mandelbrot_transferred (ASSUMPTION),3000000000.0,0.0,0.0
CPU-only,mimo_v2_flash,8,finite_16tok,128,10280.156862745098,0,110082790.25813834,110082790.25813834,104.98312974752268,8.233970960590014,0.036694263419379446,0.0,99.0,0.13939534883720928,99.0,0.010101010101010102,99.16538588379207,0.010084163855035666,compute,0.0,0.0,0.9929059413039162,zipf_mandelbrot_transferred (ASSUMPTION),3000000000.0,0.0,0.0
CPU-only,mimo_v2_flash,8,steady_state,256,20560.313725490196,0,0.0,637176052.2689215,0.0,0.0,0.0,0.0,99.0,0.13939534883720928,99.0,0.010101010101010102,99.13939534883721,0.010086807534798313,compute,0.0,1.0,0.9929059413039162,zipf_mandelbrot_transferred (ASSUMPTION),3000000000.0,0.0,0.0
CPU-only,mimo_v2_flash,8,finite_16tok,256,20560.313725490196,0,110082790.25813834,110082790.25813834,104.98312974752268,8.233970960590014,0.036694263419379446,0.0,99.0,0.13939534883720928,99.0,0.010101010101010102,99.16538588379207,0.010084163855035666,compute,0.0,0.0,0.9929059413039162,zipf_mandelbrot_transferred (ASSUMPTION),3000000000.0,0.0,0.0
CPU-only,mimo_v2_flash,16,steady_state,2,160.62745098039215,0,1209552704.5083582,1264571302.8342154,1153.5193486293394,90.47210577485015,0.4031842348361194,0.0,49.5,0.13499999999999998,49.5,0.020202020202020204,49.92057526360437,0.020031820441161276,compute,0.0,0.04350770747568511,1.970570543753891,zipf_mandelbrot_transferred (ASSUMPTION),3000000000.0,0.0,0.0
CPU-only,mimo_v2_flash,16,finite_16tok,2,160.62745098039215,0,110082790.25813834,110082790.25813834,104.98312974752268,8.233970960590014,0.036694263419379446,0.0,49.5,0.13499999999999998,49.5,0.020202020202020204,49.66099053495486,0.02013652948174947,compute,0.0,0.0,1.970570543753891,zipf_mandelbrot_transferred (ASSUMPTION),3000000000.0,0.0,0.0
CPU-only,mimo_v2_flash,16,steady_state,4,321.2549019607843,0,1162853510.381068,1264571302.8342154,1108.9835265932732,86.9791001249626,0.38761783679368933,0.0,49.5,0.13499999999999998,49.5,0.020202020202020204,49.909549588887344,0.020036245733274578,compute,0.0,0.08043658133406373,1.970570543753891,zipf_mandelbrot_transferred (ASSUMPTION),3000000000.0,0.0,0.0
CPU-only,mimo_v2_flash,16,finite_16tok,4,321.2549019607843,0,110082790.25813834,110082790.25813834,104.98312974752268,8.233970960590014,0.036694263419379446,0.0,49.5,0.13499999999999998,49.5,0.020202020202020204,49.66099053495486,0.02013652948174947,compute,0.0,0.0,1.970570543753891,zipf_mandelbrot_transferred (ASSUMPTION),3000000000.0,0.0,0.0
CPU-only,mimo_v2_flash,16,steady_state,8,642.5098039215686,0,1085953885.464003,1264571302.8342154,1035.6463293685943,81.22716308773288,0.361984628488001,0.0,49.5,0.13499999999999998,49.5,0.020202020202020204,49.891393595704976,0.020043537129940732,compute,0.0,0.14124740690373627,1.970570543753891,zipf_mandelbrot_transferred (ASSUMPTION),3000000000.0,0.0,0.0
CPU-only,mimo_v2_flash,16,finite_16tok,8,642.5098039215686,0,110082790.25813834,110082790.25813834,104.98312974752268,8.233970960590014,0.036694263419379446,0.0,49.5,0.13499999999999998,49.5,0.020202020202020204,49.66099053495486,0.02013652948174947,compute,0.0,0.0,1.970570543753891,zipf_mandelbrot_transferred (ASSUMPTION),3000000000.0,0.0,0.0
CPU-only,mimo_v2_flash,16,steady_state,16,1285.0196078431372,0,965743333.0218982,1264571302.8342154,921.0046129435522,72.23565591714134,0.3219144443406327,0.0,49.5,0.13499999999999998,49.5,0.020202020202020204,49.863011897186404,0.02005494577948723,compute,0.0,0.23630772669170197,1.970570543753891,zipf_mandelbrot_transferred (ASSUMPTION),3000000000.0,0.0,0.0
CPU-only,mimo_v2_flash,16,finite_16tok,16,1285.0196078431372,0,110082790.25813834,110082790.25813834,104.98312974752268,8.233970960590014,0.036694263419379446,0.0,49.5,0.13499999999999998,49.5,0.020202020202020204,49.66099053495486,0.02013652948174947,compute,0.0,0.0,1.970570543753891,zipf_mandelbrot_transferred (ASSUMPTION),3000000000.0,0.0,0.0
CPU-only,mimo_v2_flash,16,steady_state,32,2570.0392156862745,0,783146368.2921884,1264571302.8342154,746.8665774270901,58.5777707785953,0.26104878943072946,0.0,49.5,0.13499999999999998,49.5,0.020202020202020204,49.819900773428266,0.020072300114522827,compute,0.0,0.38070208731056543,1.970570543753891,zipf_mandelbrot_transferred (ASSUMPTION),3000000000.0,0.0,0.0
CPU-only,mimo_v2_flash,16,finite_16tok,32,2570.0392156862745,0,110082790.25813834,110082790.25813834,104.98312974752268,8.233970960590014,0.036694263419379446,0.0,49.5,0.13499999999999998,49.5,0.020202020202020204,49.66099053495486,0.02013652948174947,compute,0.0,0.0,1.970570543753891,zipf_mandelbrot_transferred (ASSUMPTION),3000000000.0,0.0,0.0
CPU-only,mimo_v2_flash,16,steady_state,64,5140.078431372549,0,510217971.0441561,1264571302.8342154,486.5817747537194,38.16327645127211,0.1700726570147187,0.0,49.5,0.13499999999999998,49.5,0.020202020202020204,49.75546240815595,0.02009829577698949,compute,0.0,0.5965289027984171,1.970570543753891,zipf_mandelbrot_transferred (ASSUMPTION),3000000000.0,0.0,0.0
CPU-only,mimo_v2_flash,16,finite_16tok,64,5140.078431372549,0,110082790.25813834,110082790.25813834,104.98312974752268,8.233970960590014,0.036694263419379446,0.0,49.5,0.13499999999999998,49.5,0.020202020202020204,49.66099053495486,0.02013652948174947,compute,0.0,0.0,1.970570543753891,zipf_mandelbrot_transferred (ASSUMPTION),3000000000.0,0.0,0.0
CPU-only,mimo_v2_flash,16,steady_state,128,10280.156862745098,0,117061014.0340162,1264571302.8342154,111.63808253671284,8.755928042095125,0.03902033801133874,0.0,49.5,0.13499999999999998,49.5,0.020202020202020204,49.66263809283875,0.020135861452438588,compute,0.0,0.907430277935571,1.970570543753891,zipf_mandelbrot_transferred (ASSUMPTION),3000000000.0,0.0,0.0
CPU-only,mimo_v2_flash,16,finite_16tok,128,10280.156862745098,0,110082790.25813834,110082790.25813834,104.98312974752268,8.233970960590014,0.036694263419379446,0.0,49.5,0.13499999999999998,49.5,0.020202020202020204,49.66099053495486,0.02013652948174947,compute,0.0,0.0,1.970570543753891,zipf_mandelbrot_transferred (ASSUMPTION),3000000000.0,0.0,0.0
CPU-only,mimo_v2_flash,16,steady_state,256,20560.313725490196,0,0.0,1264571302.8342154,0.0,0.0,0.0,0.0,49.5,0.13499999999999998,49.5,0.020202020202020204,49.635,0.020147073637554146,compute,0.0,1.0,1.970570543753891,zipf_mandelbrot_transferred (ASSUMPTION),3000000000.0,0.0,0.0
CPU-only,mimo_v2_flash,16,finite_16tok,256,20560.313725490196,0,110082790.25813834,110082790.25813834,104.98312974752268,8.233970960590014,0.036694263419379446,0.0,49.5,0.13499999999999998,49.5,0.020202020202020204,49.66099053495486,0.02013652948174947,compute,0.0,0.0,1.970570543753891,zipf_mandelbrot_transferred (ASSUMPTION),3000000000.0,0.0,0.0
2xT4,mimo_v2_pro,1,steady_state,2,53.54248366013072,187,112245794.85392998,113467667.32634586,107.04593167679785,5.597172898133221,0.3401387722846363,0.009921653042787606,0.005587083463152455,0.2930232558139535,0.3401387722846363,2.9399765080682303,0.544491348594674,1.8365764719329127,storage,0.05698300591141932,0.010768463838263576,0.08571428571428576,zipf_mandelbrot_transferred (ASSUMPTION),330000000.0,11436367189.722427,0.0
2xT4,mimo_v2_pro,1,finite_16tok,2,53.54248366013072,187,165270368.9782178,165270368.9782178,157.61410615751058,8.241260452680292,0.5008192999339934,0.014451299633570886,0.005587083463152455,0.2930232558139535,0.5008192999339934,1.9967281614981633,0.6605661378432395,1.5138529553831177,storage,0.0,0.0,0.08571428571428576,zipf_mandelbrot_transferred (ASSUMPTION),330000000.0,11436367189.722427,0.0
2xT4,mimo_v2_pro,1,steady_state,4,107.08496732026144,187,111056004.28056543,113467667.32634586,105.9112589650778,5.53784360601714,0.33653334630474374,0.009921653042787606,0.005587083463152455,0.2930232558139535,0.33653334630474374,2.9714737364970127,0.5419376265349998,1.8452307997024033,storage,0.05698300591141932,0.021254187228897714,0.08571428571428576,zipf_mandelbrot_transferred (ASSUMPTION),330000000.0,11436367189.722427,0.0
2xT4,mimo_v2_pro,1,finite_16tok,4,107.08496732026144,187,165270368.9782178,165270368.9782178,157.61410615751058,8.241260452680292,0.5008192999339934,0.014451299633570886,0.005587083463152455,0.2930232558139535,0.5008192999339934,1.9967281614981633,0.6605661378432395,1.5138529553831177,storage,0.0,0.0,0.08571428571428576,zipf_mandelbrot_transferred (ASSUMPTION),330000000.0,11436367189.722427,0.0
2xT4,mimo_v2_pro,1,steady_state,8,214.16993464052288,187,108766895.75014676,113467667.32634586,103.72819495215107,5.42369646808633,0.32959665378832353,0.009921653042787606,0.005587083463152455,0.2930232558139535,0.32959665378832353,3.0340113848432115,0.537024369461036,1.8621128888501126,storage,0.05698300591141932,0.041428291309445475,0.08571428571428576,zipf_mandelbrot_transferred (ASSUMPTION),330000000.0,11436367189.722427,0.0
2xT4,mimo_v2_pro,1,finite_16tok,8,214.16993464052288,187,165270368.9782178,165270368.9782178,157.61410615751058,8.241260452680292,0.5008192999339934,0.014451299633570886,0.005587083463152455,0.2930232558139535,0.5008192999339934,1.9967281614981633,0.6605661378432395,1.5138529553831177,storage,0.0,0.0,0.08571428571428576,zipf_mandelbrot_transferred (ASSUMPTION),330000000.0,11436367189.722427,0.0
2xT4,mimo_v2_pro,1,steady_state,16,428.33986928104576,187,104513328.65728517,113467667.32634586,99.67167726257817,5.211590967977943,0.3167070565372278,0.009921653042787606,0.005587083463152455,0.2930232558139535,0.3167070565372278,3.15749200833627,0.5278946718818833,1.8943172819591376,storage,0.05698300591141932,0.07891533227088388,0.08571428571428576,zipf_mandelbrot_transferred (ASSUMPTION),330000000.0,11436367189.722427,0.0
2xT4,mimo_v2_pro,1,finite_16tok,16,428.33986928104576,187,165270368.9782178,165270368.9782178,157.61410615751058,8.241260452680292,0.5008192999339934,0.014451299633570886,0.005587083463152455,0.2930232558139535,0.5008192999339934,1.9967281614981633,0.6605661378432395,1.5138529553831177,storage,0.0,0.0,0.08571428571428576,zipf_mandelbrot_transferred (ASSUMPTION),330000000.0,11436367189.722427,0.0
2xT4,mimo_v2_pro,1,steady_state,32,856.6797385620915,187,97040879.18417934,113467667.32634586,92.54539411943372,4.838974855918103,0.2940632702550889,0.009921653042787606,0.005587083463152455,0.2930232558139535,0.2940632702550889,3.4006287120881757,0.511856085355425,1.9536741451566708,storage,0.05698300591141932,0.14477065166873682,0.08571428571428576,zipf_mandelbrot_transferred (ASSUMPTION),330000000.0,11436367189.722427,0.0
2xT4,mimo_v2_pro,1,finite_16tok,32,856.6797385620915,187,165270368.9782178,165270368.9782178,157.61410615751058,8.241260452680292,0.5008192999339934,0.014451299633570886,0.005587083463152455,0.2930232558139535,0.5008192999339934,1.9967281614981633,0.6605661378432395,1.5138529553831177,storage,0.0,0.0,0.08571428571428576,zipf_mandelbrot_transferred (ASSUMPTION),330000000.0,11436367189.722427,0.0
2xT4,mimo_v2_pro,1,steady_state,64,1713.359477124183,187,84866067.73184521,113467667.32634586,80.934589130254,4.231873941451189,0.2571699022177128,0.009921653042787606,0.005587083463152455,0.2930232558139535,0.2930232558139535,3.4126984126984126,0.48572452466379884,2.058780129935099,dense,0.05698300591141932,0.25206827873035587,0.08571428571428576,zipf_mandelbrot_transferred (ASSUMPTION),330000000.0,11436367189.722427,0.0
2xT4,mimo_v2_pro,1,finite_16tok,64,1713.359477124183,187,165270368.9782178,165270368.9782178,157.61410615751058,8.241260452680292,0.5008192999339934,0.014451299633570886,0.005587083463152455,0.2930232558139535,0.5008192999339934,1.9967281614981633,0.6605661378432395,1.5138529553831177,storage,0.0,0.0,0.08571428571428576,zipf_mandelbrot_transferred (ASSUMPTION),330000000.0,11436367189.722427,0.0
2xT4,mimo_v2_pro,1,steady_state,128,3426.718954248366,187,66095208.393555224,113467667.32634586,63.033302682452415,3.2958589637883615,0.20028851028350067,0.009921653042787606,0.005587083463152455,0.2930232558139535,0.2930232558139535,3.4126984126984126,0.4454354530873792,2.2449941805683666,dense,0.05698300591141932,0.4174974250289475,0.08571428571428576,zipf_mandelbrot_transferred (ASSUMPTION),330000000.0,11436367189.722427,0.0
2xT4,mimo_v2_pro,1,finite_16tok,128,3426.718954248366,187,165270368.9782178,165270368.9782178,157.61410615751058,8.241260452680292,0.5008192999339934,0.014451299633570886,0.005587083463152455,0.2930232558139535,0.5008192999339934,1.9967281614981633,0.6605661378432395,1.5138529553831177,storage,0.0,0.0,0.08571428571428576,zipf_mandelbrot_transferred (ASSUMPTION),330000000.0,11436367189.722427,0.0
2xT4,mimo_v2_pro,1,steady_state,256,6853.437908496732,187,38032139.46431431,113467667.32634586,36.270274605097114,1.8964849466717446,0.11524890746761914,0.009921653042787606,0.005587083463152455,0.2930232558139535,0.2930232558139535,3.4126984126984126,0.38520192981773094,2.596040991988742,dense,0.05698300591141932,0.6648195881657673,0.08571428571428576,zipf_mandelbrot_transferred (ASSUMPTION),330000000.0,11436367189.722427,0.0
2xT4,mimo_v2_pro,1,finite_16tok,256,6853.437908496732,187,165270368.9782178,165270368.9782178,157.61410615751058,8.241260452680292,0.5008192999339934,0.014451299633570886,0.005587083463152455,0.2930232558139535,0.5008192999339934,1.9967281614981633,0.6605661378432395,1.5138529553831177,storage,0.0,0.0,0.08571428571428576,zipf_mandelbrot_transferred (ASSUMPTION),330000000.0,11436367189.722427,0.0
2xT4,mimo_v2_pro,4,steady_state,2,53.54248366013072,187,448636037.201616,453505874.13970566,427.8526660934601,22.37138123364497,1.3595031430352,0.03965471435258391,0.00558317789798971,0.2161046511627907,1.3595031430352,0.7355628452372825,1.2044508243357694,0.8302539047631771,storage,0.05615536199107695,0.010738200353694771,0.34228116908245343,zipf_mandelbrot_transferred (ASSUMPTION),330000000.0,11436367189.722427,0.0
2xT4,mimo_v2_pro,4,finite_16tok,2,53.54248366013072,187,165270368.9782178,165270368.9782178,157.61410615751058,8.241260452680292,0.5008192999339934,0.014451299633570886,0.00558317789798971,0.2161046511627907,0.5008192999339934,1.9967281614981633,0.5836436276269139,1.7133743138188362,storage,0.0,0.0,0.34228116908245343,zipf_mandelbrot_transferred (ASSUMPTION),330000000.0,11436367189.722427,0.0
2xT4,mimo_v2_pro,4,steady_state,4,107.08496732026144,187,443893441.58116376,453505874.13970566,423.329774457134,22.134890167693282,1.3451316411550418,0.03965471435258391,0.00558317789798971,0.2161046511627907,1.3451316411550418,0.7434216617946158,1.19427149418541,0.8373305440753914,storage,0.05615536199107695,0.021195828117500204,0.34228116908245343,zipf_mandelbrot_transferred (ASSUMPTION),330000000.0,11436367189.722427,0.0
2xT4,mimo_v2_pro,4,finite_16tok,4,107.08496732026144,187,165270368.9782178,165270368.9782178,157.61410615751058,8.241260452680292,0.5008192999339934,0.014451299633570886,0.00558317789798971,0.2161046511627907,0.5008192999339934,1.9967281614981633,0.5836436276269139,1.7133743138188362,storage,0.0,0.0,0.34228116908245343,zipf_mandelbrot_transferred (ASSUMPTION),330000000.0,11436367189.722427,0.0
2xT4,mimo_v2_pro,4,steady_state,8,214.16993464052288,187,434767114.73410165,453505874.13970566,414.62623093996206,21.679802924965337,1.3174761052548536,0.03965471435258391,0.00558317789798971,0.2161046511627907,1.3174761052548536,0.7590270487725918,1.1746830870195726,0.8512934348422588,storage,0.05615536199107695,0.04131977218851057,0.34228116908245343,zipf_mandelbrot_transferred (ASSUMPTION),330000000.0,11436367189.722427,0.0
2xT4,mimo_v2_pro,4,finite_16tok,8,214.16993464052288,187,165270368.9782178,165270368.9782178,157.61410615751058,8.241260452680292,0.5008192999339934,0.014451299633570886,0.00558317789798971,0.2161046511627907,0.5008192999339934,1.9967281614981633,0.5836436276269139,1.7133743138188362,storage,0.0,0.0,0.34228116908245343,zipf_mandelbrot_transferred (ASSUMPTION),330000000.0,11436367189.722427,0.0
2xT4,mimo_v2_pro,4,steady_state,16,428.33986928104576,187,417802545.59373546,453505874.13970566,398.44755706189676,20.833859192778917,1.2660683199810168,0.03965471435258391,0.00558317789798971,0.2161046511627907,1.2660683199810168,0.7898467912181816,1.1382709692767736,0.8785254363777483,storage,0.05615536199107695,0.07872737836902088,0.34228116908245343,zipf_mandelbrot_transferred (ASSUMPTION),330000000.0,11436367189.722427,0.0
2xT4,mimo_v2_pro,4,finite_16tok,16,428.33986928104576,187,165270368.9782178,165270368.9782178,157.61410615751058,8.241260452680292,0.5008192999339934,0.014451299633570886,0.00558317789798971,0.2161046511627907,0.5008192999339934,1.9967281614981633,0.5836436276269139,1.7133743138188362,storage,0.0,0.0,0.34228116908245343,zipf_mandelbrot_transferred (ASSUMPTION),330000000.0,11436367189.722427,0.0
2xT4,mimo_v2_pro,4,steady_state,32,856.6797385620915,187,387980516.7634577,453505874.13970566,370.00705410333416,19.34677407076257,1.1756985356468417,0.03965471435258391,0.00558317789798971,0.2161046511627907,1.1756985356468417,0.8505581742940792,1.074262080155421,0.9308715428690576,storage,0.05615536199107695,0.14448623736252286,0.34228116908245343,zipf_mandelbrot_transferred (ASSUMPTION),330000000.0,11436367189.722427,0.0
2xT4,mimo_v2_pro,4,finite_16tok,32,856.6797385620915,187,165270368.9782178,165270368.9782178,157.61410615751058,8.241260452680292,0.5008192999339934,0.014451299633570886,0.00558317789798971,0.2161046511627907,0.5008192999339934,1.9967281614981633,0.5836436276269139,1.7133743138188362,storage,0.0,0.0,0.34228116908245343,zipf_mandelbrot_transferred (ASSUMPTION),330000000.0,11436367189.722427,0.0
2xT4,mimo_v2_pro,4,steady_state,64,1713.359477124183,187,339347974.12315726,453505874.13970566,323.6274472457478,16.921696588012956,1.0283271943125978,0.03965471435258391,0.00558317789798971,0.2161046511627907,1.0283271943125978,0.9724531311928072,0.9698790065802269,1.0310564443764787,storage,0.05615536199107695,0.251723090099118,0.34228116908245343,zipf_mandelbrot_transferred (ASSUMPTION),330000000.0,11436367189.722427,0.0
2xT4,mimo_v2_pro,4,finite_16tok,64,1713.359477124183,187,165270368.9782178,165270368.9782178,157.61410615751058,8.241260452680292,0.5008192999339934,0.014451299633570886,0.00558317789798971,0.2161046511627907,0.5008192999339934,1.9967281614981633,0.5836436276269139,1.7133743138188362,storage,0.0,0.0,0.34228116908245343,zipf_mandelbrot_transferred (ASSUMPTION),330000000.0,11436367189.722427,0.0
2xT4,mimo_v2_pro,4,steady_state,128,3426.718954248366,187,264312869.02403635,453505874.13970566,252.06839468387255,13.180046780856081,0.8009480879516253,0.03965471435258391,0.00558317789798971,0.2161046511627907,0.8009480879516253,1.248520366104422,0.8088264588198827,1.236359158501131,storage,0.05615536199107695,0.41717873109045345,0.34228116908245343,zipf_mandelbrot_transferred (ASSUMPTION),330000000.0,11436367189.722427,0.0
2xT4,mimo_v2_pro,4,finite_16tok,128,3426.718954248366,187,165270368.9782178,165270368.9782178,157.61410615751058,8.241260452680292,0.5008192999339934,0.014451299633570886,0.00558317789798971,0.2161046511627907,0.5008192999339934,1.9967281614981633,0.5836436276269139,1.7133743138188362,storage,0.0,0.0,0.34228116908245343,zipf_mandelbrot_transferred (ASSUMPTION),330000000.0,11436367189.722427,0.0
2xT4,mimo_v2_pro,4,steady_state,256,6853.437908496732,187,152096189.28112718,453505874.13970566,145.05022934067458,7.584325717159455,0.460897543276143,0.03965471435258391,0.00558317789798971,0.2161046511627907,0.460897543276143,2.169679605779235,0.5679687676108401,1.760660193000574,storage,0.05615536199107695,0.6646213468135301,0.34228116908245343,zipf_mandelbrot_transferred (ASSUMPTION),330000000.0,11436367189.722427,0.0
2xT4,mimo_v2_pro,4,finite_16tok,256,6853.437908496732,187,165270368.9782178,165270368.9782178,157.61410615751058,8.241260452680292,0.5008192999339934,0.014451299633570886,0.00558317789798971,0.2161046511627907,0.5008192999339934,1.9967281614981633,0.5836436276269139,1.7133743138188362,storage,0.0,0.0,0.34228116908245343,zipf_mandelbrot_transferred (ASSUMPTION),330000000.0,11436367189.722427,0.0
2xT4,mimo_v2_pro,8,steady_state,2,53.54248366013072,187,896340655.7496183,906032320.8981842,854.8170621391471,44.69631697459592,2.7161838053018736,0.07922378722785435,0.0055780802750055505,0.20328488372093023,2.7161838053018736,0.3681635970467253,2.1723469715884822,0.46033161970841674,storage,0.0550992207114425,0.010696820549357722,0.6830587928239465,zipf_mandelbrot_transferred (ASSUMPTION),330000000.0,11436367189.722427,0.0
2xT4,mimo_v2_pro,8,finite_16tok,2,53.54248366013072,187,165270368.9782178,165270368.9782178,157.61410615751058,8.241260452680292,0.5008192999339934,0.014451299633570886,0.0055780802750055505,0.20328488372093023,0.5008192999339934,1.9967281614981633,0.5708187625620693,1.7518695347566868,storage,0.0,0.0,0.6830587928239465,zipf_mandelbrot_transferred (ASSUMPTION),330000000.0,11436367189.722427,0.0
2xT4,mimo_v2_pro,8,steady_state,4,107.08496732026144,187,886900476.2262933,906032320.8981842,845.8142053854879,44.225579366561455,2.6875772006857375,0.07922378722785435,0.0055780802750055505,0.20328488372093023,2.6875772006857375,0.3720823348794778,2.1520849227576297,0.46466567811767584,storage,0.0550992207114425,0.021116073047951378,0.6830587928239465,zipf_mandelbrot_transferred (ASSUMPTION),330000000.0,11436367189.722427,0.0
2xT4,mimo_v2_pro,8,finite_16tok,4,107.08496732026144,187,165270368.9782178,165270368.9782178,157.61410615751058,8.241260452680292,0.5008192999339934,0.014451299633570886,0.0055780802750055505,0.20328488372093023,0.5008192999339934,1.9967281614981633,0.5708187625620693,1.7518695347566868,storage,0.0,0.0,0.6830587928239465,zipf_mandelbrot_transferred (ASSUMPTION),330000000.0,11436367189.722427,0.0
2xT4,mimo_v2_pro,8,steady_state,8,214.16993464052288,187,868729499.1295315,906032320.8981842,828.4850112242999,43.319477711074505,2.632513633725853,0.07922378722785435,0.0055780802750055505,0.20328488372093023,2.632513633725853,0.37986507921126267,2.1130834160247147,0.47324208425300707,storage,0.0550992207114425,0.04117162369182703,0.6830587928239465,zipf_mandelbrot_transferred (ASSUMPTION),330000000.0,11436367189.722427,0.0
2xT4,mimo_v2_pro,8,finite_16tok,8,214.16993464052288,187,165270368.9782178,165270368.9782178,157.61410615751058,8.241260452680292,0.5008192999339934,0.014451299633570886,0.0055780802750055505,0.20328488372093023,0.5008192999339934,1.9967281614981633,0.5708187625620693,1.7518695347566868,storage,0.0,0.0,0.6830587928239465,zipf_mandelbrot_transferred (ASSUMPTION),330000000.0,11436367189.722427,0.0
2xT4,mimo_v2_pro,8,steady_state,16,428.33986928104576,187,834934934.0835171,906032320.8981842,796.2560025057955,41.63430078461676,2.530105860859143,0.07922378722785435,0.0055780802750055505,0.20328488372093023,2.530105860859143,0.3952403792544997,2.0405480235051265,0.490064428026674,storage,0.0550992207114425,0.078471137480157,0.6830587928239465,zipf_mandelbrot_transferred (ASSUMPTION),330000000.0,11436367189.722427,0.0
2xT4,mimo_v2_pro,8,finite_16tok,16,428.33986928104576,187,165270368.9782178,165270368.9782178,157.61410615751058,8.241260452680292,0.5008192999339934,0.014451299633570886,0.0055780802750055505,0.20328488372093023,0.5008192999339934,1.9967281614981633,0.5708187625620693,1.7518695347566868,storage,0.0,0.0,0.6830587928239465,zipf_mandelbrot_transferred (ASSUMPTION),330000000.0,11436367189.722427,0.0
2xT4,mimo_v2_pro,8,steady_state,32,856.6797385620915,187,775473118.5264143,906032320.8981842,739.548796202101,38.669218102070644,2.3499185409891346,0.07922378722785435,0.0055780802750055505,0.20328488372093023,2.3499185409891346,0.4255466657916904,1.9129214029083195,0.5227606311893657,storage,0.0550992207114425,0.14409993921888087,0.6830587928239465,zipf_mandelbrot_transferred (ASSUMPTION),330000000.0,11436367189.722427,0.0
2xT4,mimo_v2_pro,8,finite_16tok,32,856.6797385620915,187,165270368.9782178,165270368.9782178,157.61410615751058,8.241260452680292,0.5008192999339934,0.014451299633570886,0.0055780802750055505,0.20328488372093023,0.5008192999339934,1.9967281614981633,0.5708187625620693,1.7518695347566868,storage,0.0,0.0,0.6830587928239465,zipf_mandelbrot_transferred (ASSUMPTION),330000000.0,11436367189.722427,0.0
2xT4,mimo_v2_pro,8,steady_state,64,1713.359477124183,187,678385788.5790694,906032320.8981842,646.9591031828588,33.82792696380961,2.055714510845665,0.07922378722785435,0.0055780802750055505,0.20328488372093023,2.055714510845665,0.48644886958969186,1.7045367831678153,0.5866696511773356,storage,0.0550992207114425,0.2512565248151857,0.6830587928239465,zipf_mandelbrot_transferred (ASSUMPTION),330000000.0,11436367189.722427,0.0
2xT4,mimo_v2_pro,8,finite_16tok,64,1713.359477124183,187,165270368.9782178,165270368.9782178,157.61410615751058,8.241260452680292,0.5008192999339934,0.014451299633570886,0.0055780802750055505,0.20328488372093023,0.5008192999339934,1.9967281614981633,0.5708187625620693,1.7518695347566868,storage,0.0,0.0,0.6830587928239465,zipf_mandelbrot_transferred (ASSUMPTION),330000000.0,11436367189.722427,0.0
2xT4,mimo_v2_pro,8,steady_state,128,3426.718954248366,187,528443531.04995346,906032320.8981842,503.9630232333693,26.35100775076441,1.6013440334847076,0.07922378722785435,0.0055780802750055505,0.20328488372093023,1.6013440334847076,0.6244754275718539,1.382706320478363,0.7232193743455506,storage,0.0550992207114425,0.4167498014573173,0.6830587928239465,zipf_mandelbrot_transferred (ASSUMPTION),330000000.0,11436367189.722427,0.0
2xT4,mimo_v2_pro,8,finite_16tok,128,3426.718954248366,187,165270368.9782178,165270368.9782178,157.61410615751058,8.241260452680292,0.5008192999339934,0.014451299633570886,0.0055780802750055505,0.20328488372093023,0.5008192999339934,1.9967281614981633,0.5708187625620693,1.7518695347566868,storage,0.0,0.0,0.6830587928239465,zipf_mandelbrot_transferred (ASSUMPTION),330000000.0,11436367189.722427,0.0
2xT4,mimo_v2_pro,8,steady_state,256,6853.437908496732,187,304101638.83823913,906032320.8981842,290.01392253707803,15.164126668605387,0.9215201176916338,0.07922378722785435,0.0055780802750055505,0.20328488372093023,0.9215201176916338,1.085163504086004,0.9011872600020099,1.1096472890637288,storage,0.0550992207114425,0.6643589507526932,0.6830587928239465,zipf_mandelbrot_transferred (ASSUMPTION),330000000.0,11436367189.722427,0.0
2xT4,mimo_v2_pro,8,finite_16tok,256,6853.437908496732,187,165270368.9782178,165270368.9782178,157.61410615751058,8.241260452680292,0.5008192999339934,0.014451299633570886,0.0055780802750055505,0.20328488372093023,0.5008192999339934,1.9967281614981633,0.5708187625620693,1.7518695347566868,storage,0.0,0.0,0.6830587928239465,zipf_mandelbrot_transferred (ASSUMPTION),330000000.0,11436367189.722427,0.0
2xT4,mimo_v2_pro,16,steady_state,2,53.54248366013072,187,1788935362.474843,1808121759.0458798,1706.061708903163,89.20584098840068,5.421016249923767,0.15810280739068897,0.005568237320681703,0.196875,5.421016249923767,0.1844672574102803,4.121198703861721,0.2426478488074263,storage,0.05313078936540229,0.010611230396984639,1.360311221324406,zipf_mandelbrot_transferred (ASSUMPTION),330000000.0,11436367189.722427,0.0
2xT4,mimo_v2_pro,16,finite_16tok,2,53.54248366013072,187,165270368.9782178,165270368.9782178,157.61410615751058,8.241260452680292,0.5008192999339934,0.014451299633570886,0.005568237320681703,0.196875,0.5008192999339934,1.9967281614981633,0.5643990358868153,1.771796081169317,storage,0.0,0.0,1.360311221324406,zipf_mandelbrot_transferred (ASSUMPTION),330000000.0,11436367189.722427,0.0
2xT4,mimo_v2_pro,16,steady_state,4,107.08496732026144,187,1770239374.8599734,1808121759.0458798,1688.2318256950125,88.2735595134647,5.36436174199992,0.15810280739068897,0.005568237320681703,0.196875,5.36436174199992,0.18641546713201038,4.081070334156728,0.24503375784299739,storage,0.05313078936540229,0.020951235167866455,1.360311221324406,zipf_mandelbrot_transferred (ASSUMPTION),330000000.0,11436367189.722427,0.0
2xT4,mimo_v2_pro,16,finite_16tok,4,107.08496732026144,187,165270368.9782178,165270368.9782178,157.61410615751058,8.241260452680292,0.5008192999339934,0.014451299633570886,0.005568237320681703,0.196875,0.5008192999339934,1.9967281614981633,0.5643990358868153,1.771796081169317,storage,0.0,0.0,1.360311221324406,zipf_mandelbrot_transferred (ASSUMPTION),330000000.0,11436367189.722427,0.0
2xT4,mimo_v2_pro,16,steady_state,8,214.16993464052288,187,1734231297.7523024,1808121759.0458798,1653.8918473742508,86.4780050914641,5.255246356825159,0.15810280739068897,0.005568237320681703,0.196875,5.255246356825159,0.19028603648642797,4.003783942000941,0.249763727135645,storage,0.05313078936540229,0.040865865876515084,1.360311221324406,zipf_mandelbrot_transferred (ASSUMPTION),330000000.0,11436367189.722427,0.0
2xT4,mimo_v2_pro,16,finite_16tok,8,214.16993464052288,187,165270368.9782178,165270368.9782178,157.61410615751058,8.241260452680292,0.5008192999339934,0.014451299633570886,0.005568237320681703,0.196875,0.5008192999339934,1.9967281614981633,0.5643990358868153,1.771796081169317,storage,0.0,0.0,1.360311221324406,zipf_mandelbrot_transferred (ASSUMPTION),330000000.0,11436367189.722427,0.0
2xT4,mimo_v2_pro,16,steady_state,16,428.33986928104576,187,1667188848.2188296,1808121759.0458798,1589.9551851452156,83.1349116415799,5.0520874188449385,0.15810280739068897,0.005568237320681703,0.196875,5.0520874188449385,0.19793798426168774,3.8598865316994972,0.2590749732634505,storage,0.05313078936540229,0.07794436968748086,1.360311221324406,zipf_mandelbrot_transferred (ASSUMPTION),330000000.0,11436367189.722427,0.0
2xT4,mimo_v2_pro,16,finite_16tok,16,428.33986928104576,187,165270368.9782178,165270368.9782178,157.61410615751058,8.241260452680292,0.5008192999339934,0.014451299633570886,0.005568237320681703,0.196875,0.5008192999339934,1.9967281614981633,0.5643990358868153,1.771796081169317,storage,0.0,0.0,1.360311221324406,zipf_mandelbrot_transferred (ASSUMPTION),330000000.0,11436367189.722427,0.0
2xT4,mimo_v2_pro,16,steady_state,32,856.6797385620915,187,1549001991.6727889,1808121759.0458798,1477.2434155204667,77.24148577884793,4.693945429311482,0.15810280739068897,0.005568237320681703,0.196875,4.693945429311482,0.2130403974778808,3.6062146759276956,0.2772990766953581,storage,0.05313078936540229,0.14330880433064697,1.360311221324406,zipf_mandelbrot_transferred (ASSUMPTION),330000000.0,11436367189.722427,0.0
2xT4,mimo_v2_pro,16,finite_16tok,32,856.6797385620915,187,165270368.9782178,165270368.9782178,157.61410615751058,8.241260452680292,0.5008192999339934,0.014451299633570886,0.005568237320681703,0.196875,0.5008192999339934,1.9967281614981633,0.5643990358868153,1.771796081169317,storage,0.0,0.0,1.360311221324406,zipf_mandelbrot_transferred (ASSUMPTION),330000000.0,11436367189.722427,0.0
2xT4,mimo_v2_pro,16,steady_state,64,1713.359477124183,187,1355537571.2765477,1808121759.0458798,1292.74136665015,67.59431982484445,4.107689609928933,0.15810280739068897,0.005568237320681703,0.196875,4.107689609928933,0.2434458527691193,3.190969867985687,0.31338434437528995,storage,0.05313078936540229,0.25030625592833666,1.360311221324406,zipf_mandelbrot_transferred (ASSUMPTION),330000000.0,11436367189.722427,0.0
2xT4,mimo_v2_pro,16,finite_16tok,64,1713.359477124183,187,165270368.9782178,165270368.9782178,157.61410615751058,8.241260452680292,0.5008192999339934,0.014451299633570886,0.005568237320681703,0.196875,0.5008192999339934,1.9967281614981633,0.5643990358868153,1.771796081169317,storage,0.0,0.0,1.360311221324406,zipf_mandelbrot_transferred (ASSUMPTION),330000000.0,11436367189.722427,0.0
2xT4,mimo_v2_pro,16,steady_state,128,3426.718954248366,187,1056164384.3592612,1808121759.0458798,1007.2368472664463,52.6659789420364,3.2004981344220034,0.15810280739068897,0.005568237320681703,0.196875,3.2004981344220034,0.3124513616317404,2.5484064382354212,0.39240208508201085,storage,0.05313078936540229,0.41587762047806787,1.360311221324406,zipf_mandelbrot_transferred (ASSUMPTION),330000000.0,11436367189.722427,0.0
2xT4,mimo_v2_pro,16,finite_16tok,128,3426.718954248366,187,165270368.9782178,165270368.9782178,157.61410615751058,8.241260452680292,0.5008192999339934,0.014451299633570886,0.005568237320681703,0.196875,0.5008192999339934,1.9967281614981633,0.5643990358868153,1.771796081169317,storage,0.0,0.0,1.360311221324406,zipf_mandelbrot_transferred (ASSUMPTION),330000000.0,11436367189.722427,0.0
2xT4,mimo_v2_pro,16,steady_state,256,6853.437908496732,187,607864032.017208,1808121759.0458798,579.7043152019577,30.311336742586025,1.8420122182339638,0.15810280739068897,0.005568237320681703,0.196875,1.8420122182339638,0.5428845640116078,1.5861913015847566,0.6304409808583016,storage,0.05313078936540229,0.6638146579586715,1.360311221324406,zipf_mandelbrot_transferred (ASSUMPTION),330000000.0,11436367189.722427,0.0
2xT4,mimo_v2_pro,16,finite_16tok,256,6853.437908496732,187,165270368.9782178,165270368.9782178,157.61410615751058,8.241260452680292,0.5008192999339934,0.014451299633570886,0.005568237320681703,0.196875,0.5008192999339934,1.9967281614981633,0.5643990358868153,1.771796081169317,storage,0.0,0.0,1.360311221324406,zipf_mandelbrot_transferred (ASSUMPTION),330000000.0,11436367189.722427,0.0
1xL4,mimo_v2_pro,1,steady_state,2,107.08496732026144,1177,103014439.82633974,103773294.55158117,98.24222548135732,5.136848391182082,0.0412057759305359,0.004150931782063247,0.0025432281360633835,0.01961560638093408,0.0412057759305359,24.268442406855424,0.05342033822066486,18.71946216194425,storage,0.13755184537948975,0.007312620540000592,0.08571428571428576,zipf_mandelbrot_transferred (ASSUMPTION),2500000000.0,25000000000.0,0.000222
1xL4,mimo_v2_pro,1,finite_16tok,2,107.08496732026144,1177,165270368.9782178,165270368.9782178,157.61410615751058,8.241260452680292,0.06610814759128714,0.006610814759128713,0.0025432281360633835,0.01961560638093408,0.06610814759128714,15.126728496198208,0.07228862153147578,13.83343573047083,storage,0.0,0.0,0.08571428571428576,zipf_mandelbrot_transferred (ASSUMPTION),2500000000.0,25000000000.0,0.000222
1xL4,mimo_v2_pro,1,steady_state,4,214.16993464052288,1177,102261220.04579517,103773294.55158117,97.52389912204282,5.099288842982631,0.04090448801831807,0.004150931782063247,0.0025432281360633835,0.01961560638093408,0.04090448801831807,24.447195123238664,0.05320693608953393,18.7945420934829,storage,0.13755184537948975,0.01457094055190089,0.08571428571428576,zipf_mandelbrot_transferred (ASSUMPTION),2500000000.0,25000000000.0,0.000222
1xL4,mimo_v2_pro,1,finite_16tok,4,214.16993464052288,1177,165270368.9782178,165270368.9782178,157.61410615751058,8.241260452680292,0.06610814759128714,0.006610814759128713,0.0025432281360633835,0.01961560638093408,0.06610814759128714,15.126728496198208,0.07228862153147578,13.83343573047083,storage,0.0,0.0,0.08571428571428576,zipf_mandelbrot_transferred (ASSUMPTION),2500000000.0,25000000000.0,0.000222
1xL4,mimo_v2_pro,1,steady_state,8,428.33986928104576,1177,100771506.80941825,103773294.55158117,96.10319786969971,5.025003810180377,0.0403086027237673,0.004150931782063247,0.0025432281360633835,0.01961560638093408,0.0403086027237673,24.80859996197205,0.05278487072743347,18.944822374648304,storage,0.13755184537948975,0.028926399177496065,0.08571428571428576,zipf_mandelbrot_transferred (ASSUMPTION),2500000000.0,25000000000.0,0.000222
1xL4,mimo_v2_pro,1,finite_16tok,8,428.33986928104576,1177,165270368.9782178,165270368.9782178,157.61410615751058,8.241260452680292,0.06610814759128714,0.006610814759128713,0.0025432281360633835,0.01961560638093408,0.06610814759128714,15.126728496198208,0.07228862153147578,13.83343573047083,storage,0.0,0.0,0.08571428571428576,zipf_mandelbrot_transferred (ASSUMPTION),2500000000.0,25000000000.0,0.000222
1xL4,mimo_v2_pro,1,steady_state,16,856.6797385620915,1177,97857759.99246551,103773294.55158117,93.32443236586143,4.879708881875107,0.03914310399698621,0.004150931782063247,0.0025432281360633835,0.01961560638093408,0.03914310399698621,25.547284141722493,0.05195934835484774,19.245814885334322,storage,0.13755184537948975,0.05700440161100695,0.08571428571428576,zipf_mandelbrot_transferred (ASSUMPTION),2500000000.0,25000000000.0,0.000222
1xL4,mimo_v2_pro,1,finite_16tok,16,856.6797385620915,1177,165270368.9782178,165270368.9782178,157.61410615751058,8.241260452680292,0.06610814759128714,0.006610814759128713,0.0025432281360633835,0.01961560638093408,0.06610814759128714,15.126728496198208,0.07228862153147578,13.83343573047083,storage,0.0,0.0,0.08571428571428576,zipf_mandelbrot_transferred (ASSUMPTION),2500000000.0,25000000000.0,0.000222
1xL4,mimo_v2_pro,1,steady_state,32,1713.359477124183,1177,92275651.06693001,103773294.55158117,88.00091845219613,4.601355213186726,0.03691026042677201,0.004150931782063247,0.0025432281360633835,0.01961560638093408,0.03691026042677201,27.092737586719196,0.050377825973620616,19.850003065309544,storage,0.13755184537948975,0.11079578358125819,0.08571428571428576,zipf_mandelbrot_transferred (ASSUMPTION),2500000000.0,25000000000.0,0.000222
1xL4,mimo_v2_pro,1,finite_16tok,32,1713.359477124183,1177,165270368.9782178,165270368.9782178,157.61410615751058,8.241260452680292,0.06610814759128714,0.006610814759128713,0.0025432281360633835,0.01961560638093408,0.06610814759128714,15.126728496198208,0.07228862153147578,13.83343573047083,storage,0.0,0.0,0.08571428571428576,zipf_mandelbrot_transferred (ASSUMPTION),2500000000.0,25000000000.0,0.000222
1xL4,mimo_v2_pro,1,steady_state,64,3426.718954248366,1177,82040163.33876166,103773294.55158117,78.23959668995062,4.090959304049705,0.032816065335504664,0.004150931782063247,0.0025432281360633835,0.01961560638093408,0.032816065335504664,30.472879358820347,0.04747790890987022,21.062427199528774,storage,0.13755184537948975,0.20942894129680845,0.08571428571428576,zipf_mandelbrot_transferred (ASSUMPTION),2500000000.0,25000000000.0,0.000222
1xL4,mimo_v2_pro,1,finite_16tok,64,3426.718954248366,1177,165270368.9782178,165270368.9782178,157.61410615751058,8.241260452680292,0.06610814759128714,0.006610814759128713,0.0025432281360633835,0.01961560638093408,0.06610814759128714,15.126728496198208,0.07228862153147578,13.83343573047083,storage,0.0,0.0,0.08571428571428576,zipf_mandelbrot_transferred (ASSUMPTION),2500000000.0,25000000000.0,0.000222
1xL4,mimo_v2_pro,1,steady_state,128,6853.437908496732,1177,64567413.47564386,103773294.55158117,61.57628390850435,3.2196749756080707,0.025826965390257545,0.004150931782063247,0.0025432281360633835,0.01961560638093408,0.025826965390257545,38.71922174709771,0.04252753167095725,23.514179184843602,storage,0.13755184537948975,0.3778031838090077,0.08571428571428576,zipf_mandelbrot_transferred (ASSUMPTION),2500000000.0,25000000000.0,0.000222
1xL4,mimo_v2_pro,1,finite_16tok,128,6853.437908496732,1177,165270368.9782178,165270368.9782178,157.61410615751058,8.241260452680292,0.06610814759128714,0.006610814759128713,0.0025432281360633835,0.01961560638093408,0.06610814759128714,15.126728496198208,0.07228862153147578,13.83343573047083,storage,0.0,0.0,0.08571428571428576,zipf_mandelbrot_transferred (ASSUMPTION),2500000000.0,25000000000.0,0.000222
1xL4,mimo_v2_pro,1,steady_state,256,13706.875816993464,1177,37326549.29942233,103773294.55158117,35.59737138693078,1.8613004646761193,0.014930619719768935,0.004150931782063247,0.0025432281360633835,0.01961560638093408,0.01961560638093408,50.9798157946306,0.034809653544003734,28.727663110345972,dense,0.13755184537948975,0.6403067912538043,0.08571428571428576,zipf_mandelbrot_transferred (ASSUMPTION),2500000000.0,25000000000.0,0.000222
1xL4,mimo_v2_pro,1,finite_16tok,256,13706.875816993464,1177,165270368.9782178,165270368.9782178,157.61410615751058,8.241260452680292,0.06610814759128714,0.006610814759128713,0.0025432281360633835,0.01961560638093408,0.06610814759128714,15.126728496198208,0.07228862153147578,13.83343573047083,storage,0.0,0.0,0.08571428571428576,zipf_mandelbrot_transferred (ASSUMPTION),2500000000.0,25000000000.0,0.000222
1xL4,mimo_v2_pro,4,steady_state,2,107.08496732026144,1177,411861280.667661,414893222.99882627,392.7815252949343,20.537596093852773,0.1647445122670644,0.016595728919953052,0.0025393225709006385,0.014466509705938884,0.1647445122670644,6.070004919975227,0.1419921816850534,7.042641278785728,storage,0.1365167107999816,0.007307765379367948,0.34228116908245343,zipf_mandelbrot_transferred (ASSUMPTION),2500000000.0,25000000000.0,0.000222
1xL4,mimo_v2_pro,4,finite_16tok,2,107.08496732026144,1177,165270368.9782178,165270368.9782178,157.61410615751058,8.241260452680292,0.06610814759128714,0.006610814759128713,0.0025393225709006385,0.014466509705938884,0.06610814759128714,15.126728496198208,0.06713561929131784,14.895222693347863,storage,0.0,0.0,0.34228116908245343,zipf_mandelbrot_transferred (ASSUMPTION),2500000000.0,25000000000.0,0.000222
1xL4,mimo_v2_pro,4,steady_state,4,214.16993464052288,1177,408851818.42800033,414893222.99882627,389.91147845077546,20.387528285007868,0.16354072737120015,0.016595728919953052,0.0025393225709006385,0.014466509705938884,0.16354072737120015,6.114684800992893,0.14113954123124414,7.085186697338006,storage,0.1365167107999816,0.014561347922626866,0.34228116908245343,zipf_mandelbrot_transferred (ASSUMPTION),2500000000.0,25000000000.0,0.000222
1xL4,mimo_v2_pro,4,finite_16tok,4,214.16993464052288,1177,165270368.9782178,165270368.9782178,157.61410615751058,8.241260452680292,0.06610814759128714,0.006610814759128713,0.0025393225709006385,0.014466509705938884,0.06610814759128714,15.126728496198208,0.06713561929131784,14.895222693347863,storage,0.0,0.0,0.34228116908245343,zipf_mandelbrot_transferred (ASSUMPTION),2500000000.0,25000000000.0,0.000222
1xL4,mimo_v2_pro,4,steady_state,8,428.33986928104576,1177,402899621.873863,414893222.99882627,384.2350214708929,20.09072007690943,0.1611598487495452,0.016595728919953052,0.0025393225709006385,0.014466509705938884,0.1611598487495452,6.205019474509913,0.13945316567078728,7.170866255992642,storage,0.1365167107999816,0.028907681446985745,0.34228116908245343,zipf_mandelbrot_transferred (ASSUMPTION),2500000000.0,25000000000.0,0.000222
1xL4,mimo_v2_pro,4,finite_16tok,8,428.33986928104576,1177,165270368.9782178,165270368.9782178,157.61410615751058,8.241260452680292,0.06610814759128714,0.006610814759128713,0.0025393225709006385,0.014466509705938884,0.06610814759128714,15.126728496198208,0.06713561929131784,14.895222693347863,storage,0.0,0.0,0.34228116908245343,zipf_mandelbrot_transferred (ASSUMPTION),2500000000.0,25000000000.0,0.000222
1xL4,mimo_v2_pro,4,steady_state,16,856.6797385620915,1177,391257250.5986277,414893222.99882627,373.1319910036351,19.51016946424236,0.1565029002394511,0.016595728919953052,0.0025393225709006385,0.014466509705938884,0.1565029002394511,6.389657945443755,0.13615465054183468,7.344589377009502,storage,0.1365167107999816,0.056968808093222134,0.34228116908245343,zipf_mandelbrot_transferred (ASSUMPTION),2500000000.0,25000000000.0,0.000222
1xL4,mimo_v2_pro,4,finite_16tok,16,856.6797385620915,1177,165270368.9782178,165270368.9782178,157.61410615751058,8.241260452680292,0.06610814759128714,0.006610814759128713,0.0025393225709006385,0.014466509705938884,0.06610814759128714,15.126728496198208,0.06713561929131784,14.895222693347863,storage,0.0,0.0,0.34228116908245343,zipf_mandelbrot_transferred (ASSUMPTION),2500000000.0,25000000000.0,0.000222
1xL4,mimo_v2_pro,4,steady_state,32,1713.359477124183,1177,368951510.4073177,414893222.99882627,351.85957947475214,18.397886508483772,0.1475806041629271,0.016595728919953052,0.0025393225709006385,0.014466509705938884,0.1475806041629271,6.775958166535305,0.1298349911061296,7.702083941166376,storage,0.1365167107999816,0.11073141243292495,0.34228116908245343,zipf_mandelbrot_transferred (ASSUMPTION),2500000000.0,25000000000.0,0.000222
1xL4,mimo_v2_pro,4,finite_16tok,32,1713.359477124183,1177,165270368.9782178,165270368.9782178,157.61410615751058,8.241260452680292,0.06610814759128714,0.006610814759128713,0.0025393225709006385,0.014466509705938884,0.06610814759128714,15.126728496198208,0.06713561929131784,14.895222693347863,storage,0.0,0.0,0.34228116908245343,zipf_mandelbrot_transferred (ASSUMPTION),2500000000.0,25000000000.0,0.000222
1xL4,mimo_v2_pro,4,steady_state,64,3426.718954248366,1177,328045725.8069317,414893222.99882627,312.8487833089177,16.358106316806154,0.13121829032277268,0.016595728919953052,0.0025393225709006385,0.014466509705938884,0.13121829032277268,7.620888807041955,0.1182455694860633,8.456976479933672,storage,0.1365167107999816,0.20932493561636278,0.34228116908245343,zipf_mandelbrot_transferred (ASSUMPTION),2500000000.0,25000000000.0,0.000222
1xL4,mimo_v2_pro,4,finite_16tok,64,3426.718954248366,1177,165270368.9782178,165270368.9782178,157.61410615751058,8.241260452680292,0.06610814759128714,0.006610814759128713,0.0025393225709006385,0.014466509705938884,0.06610814759128714,15.126728496198208,0.06713561929131784,14.895222693347863,storage,0.0,0.0,0.34228116908245343,zipf_mandelbrot_transferred (ASSUMPTION),2500000000.0,25000000000.0,0.000222
1xL4,mimo_v2_pro,4,steady_state,128,6853.437908496732,1177,258199132.72604072,414893222.99882627,246.2378813991935,12.875183341134301,0.1032796530904163,0.016595728919953052,0.0025393225709006385,0.014466509705938884,0.1032796530904163,9.682449253819131,0.09845664173788335,10.156755119296621,storage,0.1365167107999816,0.3776732942037687,0.34228116908245343,zipf_mandelbrot_transferred (ASSUMPTION),2500000000.0,25000000000.0,0.000222
1xL4,mimo_v2_pro,4,finite_16tok,128,6853.437908496732,1177,165270368.9782178,165270368.9782178,157.61410615751058,8.241260452680292,0.06610814759128714,0.006610814759128713,0.0025393225709006385,0.014466509705938884,0.06610814759128714,15.126728496198208,0.06713561929131784,14.895222693347863,storage,0.0,0.0,0.34228116908245343,zipf_mandelbrot_transferred (ASSUMPTION),2500000000.0,25000000000.0,0.000222
1xL4,mimo_v2_pro,4,steady_state,256,13706.875816993464,1177,149277661.11046618,414893222.99882627,142.3622714142477,7.443778897477003,0.059711064444186474,0.016595728919953052,0.0025393225709006385,0.014466509705938884,0.059711064444186474,16.747314912376527,0.06759702444016098,14.793550578328068,storage,0.1365167107999816,0.6402022187022117,0.34228116908245343,zipf_mandelbrot_transferred (ASSUMPTION),2500000000.0,25000000000.0,0.000222
1xL4,mimo_v2_pro,4,finite_16tok,256,13706.875816993464,1177,165270368.9782178,165270368.9782178,157.61410615751058,8.241260452680292,0.06610814759128714,0.006610814759128713,0.0025393225709006385,0.014466509705938884,0.06610814759128714,15.126728496198208,0.06713561929131784,14.895222693347863,storage,0.0,0.0,0.34228116908245343,zipf_mandelbrot_transferred (ASSUMPTION),2500000000.0,25000000000.0,0.000222
1xL4,mimo_v2_pro,8,steady_state,2,107.08496732026144,1177,823203770.3814781,829258547.8890489,785.0682929816037,41.049322508842025,0.3292815081525913,0.03317034191556196,0.0025342249479164787,0.013608326926773018,0.3292815081525913,3.036915147802935,0.2659577089427763,3.7599962940542584,storage,0.13516656077425554,0.007301435147076485,0.6830587928239465,zipf_mandelbrot_transferred (ASSUMPTION),2500000000.0,25000000000.0,0.000222
1xL4,mimo_v2_pro,8,finite_16tok,2,107.08496732026144,1177,165270368.9782178,165270368.9782178,157.61410615751058,8.241260452680292,0.06610814759128714,0.006610814759128713,0.0025342249479164787,0.013608326926773018,0.06610814759128714,15.126728496198208,0.06627233888916781,15.089251666104238,storage,0.0,0.0,0.6830587928239465,zipf_mandelbrot_transferred (ASSUMPTION),2500000000.0,25000000000.0,0.000222
1xL4,mimo_v2_pro,8,steady_state,4,214.16993464052288,1177,817193798.2794178,829258547.8890489,779.3367369455507,40.74963330434252,0.3268775193117671,0.03317034191556196,0.0025342249479164787,0.013608326926773018,0.3268775193117671,3.0592498441173817,0.2642549644215294,3.78422408142478,storage,0.13516656077425554,0.014548839611413067,0.6830587928239465,zipf_mandelbrot_transferred (ASSUMPTION),2500000000.0,25000000000.0,0.000222
1xL4,mimo_v2_pro,8,finite_16tok,4,214.16993464052288,1177,165270368.9782178,165270368.9782178,157.61410615751058,8.241260452680292,0.06610814759128714,0.006610814759128713,0.0025342249479164787,0.013608326926773018,0.06610814759128714,15.126728496198208,0.06627233888916781,15.089251666104238,storage,0.0,0.0,0.6830587928239465,zipf_mandelbrot_transferred (ASSUMPTION),2500000000.0,25000000000.0,0.000222
1xL4,mimo_v2_pro,8,steady_state,8,428.33986928104576,1177,805306850.0296986,829258547.8890489,768.0004596993433,40.15688678166501,0.32212274001187946,0.03317034191556196,0.0025342249479164787,0.013608326926773018,0.32212274001187946,3.104406723856631,0.26088715577569294,3.8330748672801116,storage,0.13516656077425554,0.0288832691810309,0.6830587928239465,zipf_mandelbrot_transferred (ASSUMPTION),2500000000.0,25000000000.0,0.000222
1xL4,mimo_v2_pro,8,finite_16tok,8,428.33986928104576,1177,165270368.9782178,165270368.9782178,157.61410615751058,8.241260452680292,0.06610814759128714,0.006610814759128713,0.0025342249479164787,0.013608326926773018,0.06610814759128714,15.126728496198208,0.06627233888916781,15.089251666104238,storage,0.0,0.0,0.6830587928239465,zipf_mandelbrot_transferred (ASSUMPTION),2500000000.0,25000000000.0,0.000222
1xL4,mimo_v2_pro,8,steady_state,16,856.6797385620915,1177,782055190.7451546,829258547.8890489,745.8259494258448,38.99743526409646,0.31282207629806186,0.03317034191556196,0.0025342249479164787,0.013608326926773018,0.31282207629806186,3.196705334335752,0.25429949866442547,3.9323711027822497,storage,0.13516656077425554,0.05692236427837194,0.6830587928239465,zipf_mandelbrot_transferred (ASSUMPTION),2500000000.0,25000000000.0,0.000222
1xL4,mimo_v2_pro,8,finite_16tok,16,856.6797385620915,1177,165270368.9782178,165270368.9782178,157.61410615751058,8.241260452680292,0.06610814759128714,0.006610814759128713,0.0025342249479164787,0.013608326926773018,0.06610814759128714,15.126728496198208,0.06627233888916781,15.089251666104238,storage,0.0,0.0,0.6830587928239465,zipf_mandelbrot_transferred (ASSUMPTION),2500000000.0,25000000000.0,0.000222
1xL4,mimo_v2_pro,8,steady_state,32,1713.359477124183,1177,737503273.0333397,829258547.8890489,703.3379297574422,36.775839464441425,0.29500130921333595,0.03317034191556196,0.0025342249479164787,0.013608326926773018,0.29500130921333595,3.389815464435212,0.2416770550812299,4.137753166778247,storage,0.13516656077425554,0.11064736696327127,0.6830587928239465,zipf_mandelbrot_transferred (ASSUMPTION),2500000000.0,25000000000.0,0.000222
1xL4,mimo_v2_pro,8,finite_16tok,32,1713.359477124183,1177,165270368.9782178,165270368.9782178,157.61410615751058,8.241260452680292,0.06610814759128714,0.006610814759128713,0.0025342249479164787,0.013608326926773018,0.06610814759128714,15.126728496198208,0.06627233888916781,15.089251666104238,storage,0.0,0.0,0.6830587928239465,zipf_mandelbrot_transferred (ASSUMPTION),2500000000.0,25000000000.0,0.000222
1xL4,mimo_v2_pro,8,steady_state,64,3426.718954248366,1177,655786806.7072132,829258547.8890489,625.4070345947391,32.70102141671838,0.26231472268288525,0.03317034191556196,0.0025342249479164787,0.013608326926773018,0.26231472268288525,3.812214540504116,0.2185251563752827,4.576132178954522,storage,0.13516656077425554,0.20918896962041977,0.6830587928239465,zipf_mandelbrot_transferred (ASSUMPTION),2500000000.0,25000000000.0,0.000222
1xL4,mimo_v2_pro,8,finite_16tok,64,3426.718954248366,1177,165270368.9782178,165270368.9782178,157.61410615751058,8.241260452680292,0.06610814759128714,0.006610814759128713,0.0025342249479164787,0.013608326926773018,0.06610814759128714,15.126728496198208,0.06627233888916781,15.089251666104238,storage,0.0,0.0,0.6830587928239465,zipf_mandelbrot_transferred (ASSUMPTION),2500000000.0,25000000000.0,0.000222
1xL4,mimo_v2_pro,8,steady_state,128,6853.437908496732,1177,516211056.12665814,829258547.8890489,492.29722607293905,25.74103142865041,0.20648442245066329,0.03317034191556196,0.0025342249479164787,0.013608326926773018,0.20648442245066329,4.8429803475317215,0.17898057271265813,5.58719857045846,storage,0.13516656077425554,0.3775028820134333,0.6830587928239465,zipf_mandelbrot_transferred (ASSUMPTION),2500000000.0,25000000000.0,0.000222
1xL4,mimo_v2_pro,8,finite_16tok,128,6853.437908496732,1177,165270368.9782178,165270368.9782178,157.61410615751058,8.241260452680292,0.06610814759128714,0.006610814759128713,0.0025342249479164787,0.013608326926773018,0.06610814759128714,15.126728496198208,0.06627233888916781,15.089251666104238,storage,0.0,0.0,0.6830587928239465,zipf_mandelbrot_transferred (ASSUMPTION),2500000000.0,25000000000.0,0.000222
1xL4,mimo_v2_pro,8,steady_state,256,13706.875816993464,1177,298478929.0713326,829258547.8890489,284.6516886437727,14.88374842581818,0.11939157162853305,0.03317034191556196,0.0025342249479164787,0.013608326926773018,0.11939157162853305,8.375800622772042,0.1172927345418631,8.52567726301145,storage,0.13516656077425554,0.6400652970884205,0.6830587928239465,zipf_mandelbrot_transferred (ASSUMPTION),2500000000.0,25000000000.0,0.000222
1xL4,mimo_v2_pro,8,finite_16tok,256,13706.875816993464,1177,165270368.9782178,165270368.9782178,157.61410615751058,8.241260452680292,0.06610814759128714,0.006610814759128713,0.0025342249479164787,0.013608326926773018,0.06610814759128714,15.126728496198208,0.06627233888916781,15.089251666104238,storage,0.0,0.0,0.6830587928239465,zipf_mandelbrot_transferred (ASSUMPTION),2500000000.0,25000000000.0,0.000222
1xL4,mimo_v2_pro,16,steady_state,2,107.08496732026144,1177,1644338508.5491192,1656411930.8743331,1568.163403081054,81.9954720565257,0.6577354034196478,0.06625647723497333,0.0025243819935926305,0.013179235537190085,0.6577354034196478,1.5203682131156029,0.5147056304287632,1.9428580937942606,storage,0.1325775216043331,0.007288900846567192,1.360311221324406,zipf_mandelbrot_transferred (ASSUMPTION),2500000000.0,25000000000.0,0.000222
1xL4,mimo_v2_pro,16,finite_16tok,2,107.08496732026144,1177,165270368.9782178,165270368.9782178,157.61410615751058,8.241260452680292,0.06610814759128714,0.006610814759128713,0.0025243819935926305,0.013179235537190085,0.06610814759128714,15.126728496198208,0.06583340454526103,15.189856986850671,storage,0.0,0.0,1.360311221324406,zipf_mandelbrot_transferred (ASSUMPTION),2500000000.0,25000000000.0,0.000222
1xL4,mimo_v2_pro,16,steady_state,4,214.16993464052288,1177,1632354085.3120193,1656411930.8743331,1556.7341664428895,81.39786491204651,0.6529416341248078,0.06625647723497333,0.0025243819935926305,0.013179235537190085,0.6529416341248078,1.5315304580636577,0.5113102051820668,1.9557599083005217,storage,0.1325775216043331,0.014524071647814663,1.360311221324406,zipf_mandelbrot_transferred (ASSUMPTION),2500000000.0,25000000000.0,0.000222
1xL4,mimo_v2_pro,16,finite_16tok,4,214.16993464052288,1177,165270368.9782178,165270368.9782178,157.61410615751058,8.241260452680292,0.06610814759128714,0.006610814759128713,0.0025243819935926305,0.013179235537190085,0.06610814759128714,15.126728496198208,0.06583340454526103,15.189856986850671,storage,0.0,0.0,1.360311221324406,zipf_mandelbrot_transferred (ASSUMPTION),2500000000.0,25000000000.0,0.000222
1xL4,mimo_v2_pro,16,steady_state,8,428.33986928104576,1177,1608649413.1067255,1656411930.8743331,1534.1276293818717,80.21582375852924,0.6434597652426902,0.06625647723497333,0.0025243819935926305,0.013179235537190085,0.6434597652426902,1.5540987238305963,0.5045942005084876,1.9817905140254963,storage,0.1325775216043331,0.028834927397797916,1.360311221324406,zipf_mandelbrot_transferred (ASSUMPTION),2500000000.0,25000000000.0,0.000222
1xL4,mimo_v2_pro,16,finite_16tok,8,428.33986928104576,1177,165270368.9782178,165270368.9782178,157.61410615751058,8.241260452680292,0.06610814759128714,0.006610814759128713,0.0025243819935926305,0.013179235537190085,0.06610814759128714,15.126728496198208,0.06583340454526103,15.189856986850671,storage,0.0,0.0,1.360311221324406,zipf_mandelbrot_transferred (ASSUMPTION),2500000000.0,25000000000.0,0.000222
1xL4,mimo_v2_pro,16,steady_state,16,856.6797385620915,1177,1562277403.2925797,1656411930.8743331,1489.9038346219822,77.9034684769664,0.6249109613170319,0.06625647723497333,0.0025243819935926305,0.013179235537190085,0.6249109613170319,1.6002279715056504,0.49145608866547663,2.034769785262907,storage,0.1325775216043331,0.056830384898317376,1.360311221324406,zipf_mandelbrot_transferred (ASSUMPTION),2500000000.0,25000000000.0,0.000222
1xL4,mimo_v2_pro,16,finite_16tok,16,856.6797385620915,1177,165270368.9782178,165270368.9782178,157.61410615751058,8.241260452680292,0.06610814759128714,0.006610814759128713,0.0025243819935926305,0.013179235537190085,0.06610814759128714,15.126728496198208,0.06583340454526103,15.189856986850671,storage,0.0,0.0,1.360311221324406,zipf_mandelbrot_transferred (ASSUMPTION),2500000000.0,25000000000.0,0.000222
1xL4,mimo_v2_pro,16,steady_state,32,1713.359477124183,1177,1473410064.9005764,1656411930.8743331,1405.1533364301456,73.47206987870042,0.5893640259602306,0.06625647723497333,0.0025243819935926305,0.013179235537190085,0.5893640259602306,1.696744212324012,0.46627820580760054,2.1446423777581147,storage,0.1325775216043331,0.1104808909925925,1.360311221324406,zipf_mandelbrot_transferred (ASSUMPTION),2500000000.0,25000000000.0,0.000222
1xL4,mimo_v2_pro,16,finite_16tok,32,1713.359477124183,1177,165270368.9782178,165270368.9782178,157.61410615751058,8.241260452680292,0.06610814759128714,0.006610814759128713,0.0025243819935926305,0.013179235537190085,0.06610814759128714,15.126728496198208,0.06583340454526103,15.189856986850671,storage,0.0,0.0,1.360311221324406,zipf_mandelbrot_transferred (ASSUMPTION),2500000000.0,25000000000.0,0.000222
1xL4,mimo_v2_pro,16,steady_state,64,3426.718954248366,1177,1310355076.3582563,1656411930.8743331,1249.6519816954196,65.3412800886494,0.5241420305433027,0.06625647723497333,0.0025243819935926305,0.013179235537190085,0.5241420305433027,1.9078798144912055,0.420081487472214,2.3804905234395606,storage,0.1325775216043331,0.2089195616536108,1.360311221324406,zipf_mandelbrot_transferred (ASSUMPTION),2500000000.0,25000000000.0,0.000222
1xL4,mimo_v2_pro,16,finite_16tok,64,3426.718954248366,1177,165270368.9782178,165270368.9782178,157.61410615751058,8.241260452680292,0.06610814759128714,0.006610814759128713,0.0025243819935926305,0.013179235537190085,0.06610814759128714,15.126728496198208,0.06583340454526103,15.189856986850671,storage,0.0,0.0,1.360311221324406,zipf_mandelbrot_transferred (ASSUMPTION),2500000000.0,25000000000.0,0.000222
1xL4,mimo_v2_pro,16,steady_state,128,6853.437908496732,1177,1031671264.0310471,1656411930.8743331,983.8783874807807,51.44462156762252,0.41266850561241886,0.06625647723497333,0.0025243819935926305,0.013179235537190085,0.41266850561241886,2.4232525293296963,0.3411248256870986,2.931478229371859,storage,0.1325775216043331,0.3771650367873879,1.360311221324406,zipf_mandelbrot_transferred (ASSUMPTION),2500000000.0,25000000000.0,0.000222
1xL4,mimo_v2_pro,16,finite_16tok,128,6853.437908496732,1177,165270368.9782178,165270368.9782178,157.61410615751058,8.241260452680292,0.06610814759128714,0.006610814759128713,0.0025243819935926305,0.013179235537190085,0.06610814759128714,15.126728496198208,0.06583340454526103,15.189856986850671,storage,0.0,0.0,1.360311221324406,zipf_mandelbrot_transferred (ASSUMPTION),2500000000.0,25000000000.0,0.000222
1xL4,mimo_v2_pro,16,steady_state,256,13706.875816993464,1177,596649091.0039839,1656411930.8743331,569.0089139976347,29.7521000783077,0.23865963640159354,0.06625647723497333,0.0025243819935926305,0.013179235537190085,0.23865963640159354,4.190067558459261,0.21787439970112477,4.589800368339638,storage,0.1325775216043331,0.6397942565596928,1.360311221324406,zipf_mandelbrot_transferred (ASSUMPTION),2500000000.0,25000000000.0,0.000222
1xL4,mimo_v2_pro,16,finite_16tok,256,13706.875816993464,1177,165270368.9782178,165270368.9782178,157.61410615751058,8.241260452680292,0.06610814759128714,0.006610814759128713,0.0025243819935926305,0.013179235537190085,0.06610814759128714,15.126728496198208,0.06583340454526103,15.189856986850671,storage,0.0,0.0,1.360311221324406,zipf_mandelbrot_transferred (ASSUMPTION),2500000000.0,25000000000.0,0.000222
2xL4,mimo_v2_pro,1,steady_state,2,53.54248366013072,1177,93027123.78929389,93575644.15630043,88.71757868699444,4.638827643764415,0.018605424757858778,0.0018715128831260086,0.0024340375773856974,0.00980780319046704,0.018605424757858778,53.747765128426224,0.02635581356962769,37.94229297297789,storage,0.22230336842671666,0.005861785638262118,0.08571428571428576,zipf_mandelbrot_transferred (ASSUMPTION),5000000000.0,50000000000.0,0.000222
2xL4,mimo_v2_pro,1,finite_16tok,2,53.54248366013072,1177,165270368.9782178,165270368.9782178,157.61410615751058,8.241260452680292,0.03305407379564357,0.0033054073795643563,0.0024340375773856974,0.00980780319046704,0.03305407379564357,30.253456992396416,0.037306734275091895,26.804812038121952,storage,0.0,0.0,0.08571428571428576,zipf_mandelbrot_transferred (ASSUMPTION),5000000000.0,50000000000.0,0.000222
2xL4,mimo_v2_pro,1,steady_state,4,107.08496732026144,1177,92480293.8365264,93575644.15630043,88.19608100559844,4.611559791142402,0.018496058767305278,0.0018715128831260086,0.0024340375773856974,0.00980780319046704,0.018496058767305278,54.06557216219808,0.026278349673762906,38.05414009687336,storage,0.22230336842671666,0.011705506594690829,0.08571428571428576,zipf_mandelbrot_transferred (ASSUMPTION),5000000000.0,50000000000.0,0.000222
2xL4,mimo_v2_pro,1,finite_16tok,4,107.08496732026144,1177,165270368.9782178,165270368.9782178,157.61410615751058,8.241260452680292,0.03305407379564357,0.0033054073795643563,0.0024340375773856974,0.00980780319046704,0.03305407379564357,30.253456992396416,0.037306734275091895,26.804812038121952,storage,0.0,0.0,0.08571428571428576,zipf_mandelbrot_transferred (ASSUMPTION),5000000000.0,50000000000.0,0.000222
2xL4,mimo_v2_pro,1,steady_state,8,214.16993464052288,1177,91391697.16080903,93575644.15630043,87.15791431504157,4.557276565492369,0.018278339432161807,0.0018715128831260086,0.0024340375773856974,0.00980780319046704,0.018278339432161807,54.70956504070832,0.026124139138842963,38.27877330943851,storage,0.22230336842671666,0.02333884009223086,0.08571428571428576,zipf_mandelbrot_transferred (ASSUMPTION),5000000000.0,50000000000.0,0.000222
2xL4,mimo_v2_pro,1,finite_16tok,8,214.16993464052288,1177,165270368.9782178,165270368.9782178,157.61410615751058,8.241260452680292,0.03305407379564357,0.0033054073795643563,0.0024340375773856974,0.00980780319046704,0.03305407379564357,30.253456992396416,0.037306734275091895,26.804812038121952,storage,0.0,0.0,0.08571428571428576,zipf_mandelbrot_transferred (ASSUMPTION),5000000000.0,50000000000.0,0.000222
2xL4,mimo_v2_pro,1,steady_state,16,428.33986928104576,1177,89234721.79624856,93575644.15630043,85.10086230873924,4.449718290653032,0.017846944359249713,0.0018715128831260086,0.0024340375773856974,0.00980780319046704,0.017846944359249713,56.032000765538335,0.025818582147720592,38.7317938017865,storage,0.22230336842671666,0.04638944673254042,0.08571428571428576,zipf_mandelbrot_transferred (ASSUMPTION),5000000000.0,50000000000.0,0.000222
2xL4,mimo_v2_pro,1,finite_16tok,16,428.33986928104576,1177,165270368.9782178,165270368.9782178,157.61410615751058,8.241260452680292,0.03305407379564357,0.0033054073795643563,0.0024340375773856974,0.00980780319046704,0.03305407379564357,30.253456992396416,0.037306734275091895,26.804812038121952,storage,0.0,0.0,0.08571428571428576,zipf_mandelbrot_transferred (ASSUMPTION),5000000000.0,50000000000.0,0.000222
2xL4,mimo_v2_pro,1,steady_state,32,856.6797385620915,1177,84996733.35612074,93575644.15630043,81.05920158016275,4.238389625106549,0.01699934667122415,0.0018715128831260086,0.0024340375773856974,0.00980780319046704,0.01699934667122415,58.82579015185107,0.0252182289784387,39.653855187649725,storage,0.22230336842671666,0.09167888586318695,0.08571428571428576,zipf_mandelbrot_transferred (ASSUMPTION),5000000000.0,50000000000.0,0.000222
2xL4,mimo_v2_pro,1,finite_16tok,32,856.6797385620915,1177,165270368.9782178,165270368.9782178,157.61410615751058,8.241260452680292,0.03305407379564357,0.0033054073795643563,0.0024340375773856974,0.00980780319046704,0.03305407379564357,30.253456992396416,0.037306734275091895,26.804812038121952,storage,0.0,0.0,0.08571428571428576,zipf_mandelbrot_transferred (ASSUMPTION),5000000000.0,50000000000.0,0.000222
2xL4,mimo_v2_pro,1,steady_state,64,1713.359477124183,1177,76846593.7965524,93575644.15630043,73.28662280707589,3.8319802774941643,0.015369318759310484,0.0018715128831260086,0.0024340375773856974,0.00980780319046704,0.015369318759310484,65.06469256447792,0.02406368073372263,41.556402408489774,storage,0.22230336842671666,0.1787756900909524,0.08571428571428576,zipf_mandelbrot_transferred (ASSUMPTION),5000000000.0,50000000000.0,0.000222
2xL4,mimo_v2_pro,1,finite_16tok,64,1713.359477124183,1177,165270368.9782178,165270368.9782178,157.61410615751058,8.241260452680292,0.03305407379564357,0.0033054073795643563,0.0024340375773856974,0.00980780319046704,0.03305407379564357,30.253456992396416,0.037306734275091895,26.804812038121952,storage,0.0,0.0,0.08571428571428576,zipf_mandelbrot_transferred (ASSUMPTION),5000000000.0,50000000000.0,0.000222
2xL4,mimo_v2_pro,1,steady_state,128,3426.718954248366,1177,61797875.2071113,93575644.15630043,58.93504639350061,3.081571053254934,0.01235957504142226,0.0018715128831260086,0.0024340375773856974,0.00980780319046704,0.01235957504142226,80.9089306589077,0.02193188022826164,45.59572592920647,storage,0.22230336842671666,0.3395944450685304,0.08571428571428576,zipf_mandelbrot_transferred (ASSUMPTION),5000000000.0,50000000000.0,0.000222
2xL4,mimo_v2_pro,1,finite_16tok,128,3426.718954248366,1177,165270368.9782178,165270368.9782178,157.61410615751058,8.241260452680292,0.03305407379564357,0.0033054073795643563,0.0024340375773856974,0.00980780319046704,0.03305407379564357,30.253456992396416,0.037306734275091895,26.804812038121952,storage,0.0,0.0,0.08571428571428576,zipf_mandelbrot_transferred (ASSUMPTION),5000000000.0,50000000000.0,0.000222
2xL4,mimo_v2_pro,1,steady_state,256,6853.437908496732,1177,36231960.8587974,93575644.15630043,34.55349050407162,1.8067184577292348,0.00724639217175948,0.0018715128831260086,0.0024340375773856974,0.00980780319046704,0.00980780319046704,101.9596315892612,0.018310214449452494,54.614324849150066,dense,0.22230336842671666,0.6128056484625555,0.08571428571428576,zipf_mandelbrot_transferred (ASSUMPTION),5000000000.0,50000000000.0,0.000222
2xL4,mimo_v2_pro,1,finite_16tok,256,6853.437908496732,1177,165270368.9782178,165270368.9782178,157.61410615751058,8.241260452680292,0.03305407379564357,0.0033054073795643563,0.0024340375773856974,0.00980780319046704,0.03305407379564357,30.253456992396416,0.037306734275091895,26.804812038121952,storage,0.0,0.0,0.08571428571428576,zipf_mandelbrot_transferred (ASSUMPTION),5000000000.0,50000000000.0,0.000222
2xL4,mimo_v2_pro,4,steady_state,2,53.54248366013072,1177,371971866.38978213,374164537.7685788,354.74001540163243,18.548497537340257,0.07439437327795644,0.007483290755371576,0.0024301320122229525,0.007233254852969442,0.07439437327795644,13.441876797103241,0.06609854286134303,15.128926549829261,storage,0.22128198807592725,0.005860179566650747,0.34228116908245343,zipf_mandelbrot_transferred (ASSUMPTION),5000000000.0,50000000000.0,0.000222
2xL4,mimo_v2_pro,4,finite_16tok,2,53.54248366013072,1177,165270368.9782178,165270368.9782178,157.61410615751058,8.241260452680292,0.03305407379564357,0.0033054073795643563,0.0024301320122229525,0.007233254852969442,0.03305407379564357,30.253456992396416,0.03472828037243155,28.79497600445062,storage,0.0,0.0,0.34228116908245343,zipf_mandelbrot_transferred (ASSUMPTION),5000000000.0,50000000000.0,0.000222
2xL4,mimo_v2_pro,4,steady_state,4,107.08496732026144,1177,369785946.8321392,374164537.7685788,352.65536006177825,18.439495950942653,0.07395718936642784,0.007483290755371576,0.0024301320122229525,0.007233254852969442,0.07395718936642784,13.521335904821992,0.06578888563769411,15.200135863481542,storage,0.22128198807592725,0.01170231407431721,0.34228116908245343,zipf_mandelbrot_transferred (ASSUMPTION),5000000000.0,50000000000.0,0.000222
2xL4,mimo_v2_pro,4,finite_16tok,4,107.08496732026144,1177,165270368.9782178,165270368.9782178,157.61410615751058,8.241260452680292,0.03305407379564357,0.0033054073795643563,0.0024301320122229525,0.007233254852969442,0.03305407379564357,30.253456992396416,0.03472828037243155,28.79497600445062,storage,0.0,0.0,0.34228116908245343,zipf_mandelbrot_transferred (ASSUMPTION),5000000000.0,50000000000.0,0.000222
2xL4,mimo_v2_pro,4,steady_state,8,214.16993464052288,1177,365434330.93135524,374164537.7685788,348.50533574233555,18.22250121528552,0.07308686618627105,0.007483290755371576,0.0024301320122229525,0.007233254852969442,0.07308686618627105,13.682348856651952,0.06517243600965918,15.343910113345931,storage,0.22128198807592725,0.023332534101944358,0.34228116908245343,zipf_mandelbrot_transferred (ASSUMPTION),5000000000.0,50000000000.0,0.000222
2xL4,mimo_v2_pro,4,finite_16tok,8,214.16993464052288,1177,165270368.9782178,165270368.9782178,157.61410615751058,8.241260452680292,0.03305407379564357,0.0033054073795643563,0.0024301320122229525,0.007233254852969442,0.03305407379564357,30.253456992396416,0.03472828037243155,28.79497600445062,storage,0.0,0.0,0.34228116908245343,zipf_mandelbrot_transferred (ASSUMPTION),5000000000.0,50000000000.0,0.000222
2xL4,mimo_v2_pro,4,steady_state,16,428.33986928104576,1177,356811850.96127284,374164537.7685788,340.28229805114063,17.79253846019036,0.07136237019225458,0.007483290755371576,0.0024301320122229525,0.007233254852969442,0.07136237019225458,14.012987479338745,0.06395097605283295,15.636977912172165,storage,0.22128198807592725,0.04637715511681828,0.34228116908245343,zipf_mandelbrot_transferred (ASSUMPTION),5000000000.0,50000000000.0,0.000222
2xL4,mimo_v2_pro,4,finite_16tok,16,428.33986928104576,1177,165270368.9782178,165270368.9782178,157.61410615751058,8.241260452680292,0.03305407379564357,0.0033054073795643563,0.0024301320122229525,0.007233254852969442,0.03305407379564357,30.253456992396416,0.03472828037243155,28.79497600445062,storage,0.0,0.0,0.34228116908245343,zipf_mandelbrot_transferred (ASSUMPTION),5000000000.0,50000000000.0,0.000222
2xL4,mimo_v2_pro,4,steady_state,32,856.6797385620915,1177,339870261.44894755,374164537.7685788,324.1255392541385,16.947740614595478,0.06797405228978952,0.007483290755371576,0.0024301320122229525,0.007233254852969442,0.06797405228978952,14.711496024052865,0.0615510315744354,16.246681402742563,storage,0.22128198807592725,0.09165560297123165,0.34228116908245343,zipf_mandelbrot_transferred (ASSUMPTION),5000000000.0,50000000000.0,0.000222
2xL4,mimo_v2_pro,4,finite_16tok,32,856.6797385620915,1177,165270368.9782178,165270368.9782178,157.61410615751058,8.241260452680292,0.03305407379564357,0.0033054073795643563,0.0024301320122229525,0.007233254852969442,0.03305407379564357,30.253456992396416,0.03472828037243155,28.79497600445062,storage,0.0,0.0,0.34228116908245343,zipf_mandelbrot_transferred (ASSUMPTION),5000000000.0,50000000000.0,0.000222
2xL4,mimo_v2_pro,4,steady_state,64,1713.359477124183,1177,307288582.90107465,374164537.7685788,293.05322923762765,15.323044666019747,0.06145771658021494,0.007483290755371576,0.0024301320122229525,0.007233254852969442,0.06145771658021494,16.271349728634885,0.05693551309129641,17.563730362743804,storage,0.22128198807592725,0.1787340811781234,0.34228116908245343,zipf_mandelbrot_transferred (ASSUMPTION),5000000000.0,50000000000.0,0.000222
2xL4,mimo_v2_pro,4,finite_16tok,64,1713.359477124183,1177,165270368.9782178,165270368.9782178,157.61410615751058,8.241260452680292,0.03305407379564357,0.0033054073795643563,0.0024301320122229525,0.007233254852969442,0.03305407379564357,30.253456992396416,0.03472828037243155,28.79497600445062,storage,0.0,0.0,0.34228116908245343,zipf_mandelbrot_transferred (ASSUMPTION),5000000000.0,50000000000.0,0.000222
2xL4,mimo_v2_pro,4,steady_state,128,3426.718954248366,1177,247124599.97089028,374164537.7685788,235.67638394440678,12.3229481800997,0.04942491999417806,0.007483290755371576,0.0024301320122229525,0.007233254852969442,0.04942491999417806,20.232708522700566,0.04841268714709243,20.655742511496967,storage,0.22128198807592725,0.3395296052248087,0.34228116908245343,zipf_mandelbrot_transferred (ASSUMPTION),5000000000.0,50000000000.0,0.000222
2xL4,mimo_v2_pro,4,finite_16tok,128,3426.718954248366,1177,165270368.9782178,165270368.9782178,157.61410615751058,8.241260452680292,0.03305407379564357,0.0033054073795643563,0.0024301320122229525,0.007233254852969442,0.03305407379564357,30.253456992396416,0.03472828037243155,28.79497600445062,storage,0.0,0.0,0.34228116908245343,zipf_mandelbrot_transferred (ASSUMPTION),5000000000.0,50000000000.0,0.000222
2xL4,mimo_v2_pro,4,steady_state,256,6853.437908496732,1177,144897974.24873188,374164537.7685788,138.1854765403098,7.225384394264565,0.028979594849746382,0.007483290755371576,0.0024301320122229525,0.007233254852969442,0.028979594849746382,34.50703866582012,0.033931269935996725,29.471340208788597,storage,0.22128198807592725,0.6127426315896579,0.34228116908245343,zipf_mandelbrot_transferred (ASSUMPTION),5000000000.0,50000000000.0,0.000222
2xL4,mimo_v2_pro,4,finite_16tok,256,6853.437908496732,1177,165270368.9782178,165270368.9782178,157.61410615751058,8.241260452680292,0.03305407379564357,0.0033054073795643563,0.0024301320122229525,0.007233254852969442,0.03305407379564357,30.253456992396416,0.03472828037243155,28.79497600445062,storage,0.0,0.0,0.34228116908245343,zipf_mandelbrot_transferred (ASSUMPTION),5000000000.0,50000000000.0,0.000222
2xL4,mimo_v2_pro,8,steady_state,2,53.54248366013072,1177,743580228.6043823,747961824.0400566,709.1333662074874,37.07886882130653,0.14871604572087646,0.014959236480801132,0.0024250343892387926,0.006804163463386509,0.14871604572087646,6.724223974303951,0.12204434335192783,8.193743130858541,storage,0.21995088462968676,0.005858046888017943,0.6830587928239465,zipf_mandelbrot_transferred (ASSUMPTION),5000000000.0,50000000000.0,0.000222
2xL4,mimo_v2_pro,8,finite_16tok,2,53.54248366013072,1177,165270368.9782178,165270368.9782178,157.61410615751058,8.241260452680292,0.03305407379564357,0.0033054073795643563,0.0024250343892387926,0.006804163463386509,0.03305407379564357,30.253456992396416,0.034294091359864456,29.159542076986884,storage,0.0,0.0,0.6830587928239465,zipf_mandelbrot_transferred (ASSUMPTION),5000000000.0,50000000000.0,0.000222
2xL4,mimo_v2_pro,8,steady_state,4,107.08496732026144,1177,739212110.7281976,747961824.0400566,704.967604377935,36.86105120930379,0.14784242214563953,0.014959236480801132,0.0024250343892387926,0.006804163463386509,0.14784242214563953,6.763958446344313,0.12142555605512122,8.235498625561569,storage,0.21995088462968676,0.011698074728731411,0.6830587928239465,zipf_mandelbrot_transferred (ASSUMPTION),5000000000.0,50000000000.0,0.000222
2xL4,mimo_v2_pro,8,finite_16tok,4,107.08496732026144,1177,165270368.9782178,165270368.9782178,157.61410615751058,8.241260452680292,0.03305407379564357,0.0033054073795643563,0.0024250343892387926,0.006804163463386509,0.03305407379564357,30.253456992396416,0.034294091359864456,29.159542076986884,storage,0.0,0.0,0.6830587928239465,zipf_mandelbrot_transferred (ASSUMPTION),5000000000.0,50000000000.0,0.000222
2xL4,mimo_v2_pro,8,steady_state,8,214.16993464052288,1177,730516242.631085,747961824.0400566,696.6745783148623,36.42742893149607,0.146103248526217,0.014959236480801132,0.0024250343892387926,0.006804163463386509,0.146103248526217,6.844474781274684,0.12019369994094989,8.319903626323935,storage,0.21995088462968676,0.023324160202108146,0.6830587928239465,zipf_mandelbrot_transferred (ASSUMPTION),5000000000.0,50000000000.0,0.000222
2xL4,mimo_v2_pro,8,finite_16tok,8,214.16993464052288,1177,165270368.9782178,165270368.9782178,157.61410615751058,8.241260452680292,0.03305407379564357,0.0033054073795643563,0.0024250343892387926,0.006804163463386509,0.03305407379564357,30.253456992396416,0.034294091359864456,29.159542076986884,storage,0.0,0.0,0.6830587928239465,zipf_mandelbrot_transferred (ASSUMPTION),5000000000.0,50000000000.0,0.000222
2xL4,mimo_v2_pro,8,steady_state,16,428.33986928104576,1177,713285691.5516363,747961824.0400566,680.2422442928661,35.56822192380999,0.14265713831032728,0.014959236480801132,0.0024250343892387926,0.006804163463386509,0.14265713831032728,7.009813962654035,0.1177528211855778,8.49236553257612,storage,0.21995088462968676,0.04636083202899255,0.6830587928239465,zipf_mandelbrot_transferred (ASSUMPTION),5000000000.0,50000000000.0,0.000222
2xL4,mimo_v2_pro,8,finite_16tok,16,428.33986928104576,1177,165270368.9782178,165270368.9782178,157.61410615751058,8.241260452680292,0.03305407379564357,0.0033054073795643563,0.0024250343892387926,0.006804163463386509,0.03305407379564357,30.253456992396416,0.034294091359864456,29.159542076986884,storage,0.0,0.0,0.6830587928239465,zipf_mandelbrot_transferred (ASSUMPTION),5000000000.0,50000000000.0,0.000222
2xL4,mimo_v2_pro,8,steady_state,32,856.6797385620915,1177,679430060.611037,747961824.0400566,647.9549985990877,33.87999992674968,0.1358860121222074,0.014959236480801132,0.0024250343892387926,0.006804163463386509,0.1358860121222074,7.359109185577264,0.11295683468859388,8.852939290985441,storage,0.21995088462968676,0.09162468086786901,0.6830587928239465,zipf_mandelbrot_transferred (ASSUMPTION),5000000000.0,50000000000.0,0.000222
2xL4,mimo_v2_pro,8,finite_16tok,32,856.6797385620915,1177,165270368.9782178,165270368.9782178,157.61410615751058,8.241260452680292,0.03305407379564357,0.0033054073795643563,0.0024250343892387926,0.006804163463386509,0.03305407379564357,30.253456992396416,0.034294091359864456,29.159542076986884,storage,0.0,0.0,0.6830587928239465,zipf_mandelbrot_transferred (ASSUMPTION),5000000000.0,50000000000.0,0.000222
2xL4,mimo_v2_pro,8,steady_state,64,1713.359477124183,1177,614316895.8206805,747961824.0400566,585.858245678597,30.633110885155396,0.1228633791641361,0.014959236480801132,0.0024250343892387926,0.006804163463386509,0.1228633791641361,8.139121736706235,0.10373290796106234,9.640142358443905,storage,0.21995088462968676,0.1786788094310795,0.6830587928239465,zipf_mandelbrot_transferred (ASSUMPTION),5000000000.0,50000000000.0,0.000222
2xL4,mimo_v2_pro,8,finite_16tok,64,1713.359477124183,1177,165270368.9782178,165270368.9782178,157.61410615751058,8.241260452680292,0.03305407379564357,0.0033054073795643563,0.0024250343892387926,0.006804163463386509,0.03305407379564357,30.253456992396416,0.034294091359864456,29.159542076986884,storage,0.0,0.0,0.6830587928239465,zipf_mandelbrot_transferred (ASSUMPTION),5000000000.0,50000000000.0,0.000222
2xL4,mimo_v2_pro,8,steady_state,128,3426.718954248366,1177,494071092.9257085,747961824.0400566,471.18291180201385,24.63701499618373,0.0988142185851417,0.014959236480801132,0.0024250343892387926,0.006804163463386509,0.0988142185851417,10.120001092133982,0.08669889527303694,11.534172342689546,storage,0.21995088462968676,0.33944343541890587,0.6830587928239465,zipf_mandelbrot_transferred (ASSUMPTION),5000000000.0,50000000000.0,0.000222
2xL4,mimo_v2_pro,8,finite_16tok,128,3426.718954248366,1177,165270368.9782178,165270368.9782178,157.61410615751058,8.241260452680292,0.03305407379564357,0.0033054073795643563,0.0024250343892387926,0.006804163463386509,0.03305407379564357,30.253456992396416,0.034294091359864456,29.159542076986884,storage,0.0,0.0,0.6830587928239465,zipf_mandelbrot_transferred (ASSUMPTION),5000000000.0,50000000000.0,0.000222
2xL4,mimo_v2_pro,8,steady_state,256,6853.437908496732,1177,289716435.7123342,747961824.0400566,276.2951237796156,14.44680385775768,0.05794328714246685,0.014959236480801132,0.0024250343892387926,0.006804163463386509,0.05794328714246685,17.25825456780301,0.05775002770324625,17.31600900935651,storage,0.21995088462968676,0.6126587930016884,0.6830587928239465,zipf_mandelbrot_transferred (ASSUMPTION),5000000000.0,50000000000.0,0.000222
2xL4,mimo_v2_pro,8,finite_16tok,256,6853.437908496732,1177,165270368.9782178,165270368.9782178,157.61410615751058,8.241260452680292,0.03305407379564357,0.0033054073795643563,0.0024250343892387926,0.006804163463386509,0.03305407379564357,30.253456992396416,0.034294091359864456,29.159542076986884,storage,0.0,0.0,0.6830587928239465,zipf_mandelbrot_transferred (ASSUMPTION),5000000000.0,50000000000.0,0.000222
2xL4,mimo_v2_pro,16,steady_state,2,53.54248366013072,1177,1485745961.3336957,1494494768.0585177,1416.917764028259,74.08720334788282,0.29714919226673914,0.029889895361170354,0.0024151914349149445,0.0065896177685950425,0.29714919226673914,3.365312866482031,0.23442043400740387,4.265839726106882,storage,0.21736958573197618,0.005854022986100826,1.360311221324406,zipf_mandelbrot_transferred (ASSUMPTION),5000000000.0,50000000000.0,0.000222
2xL4,mimo_v2_pro,16,finite_16tok,2,53.54248366013072,1177,165270368.9782178,165270368.9782178,157.61410615751058,8.241260452680292,0.03305407379564357,0.0033054073795643563,0.0024151914349149445,0.0065896177685950425,0.03305407379564357,30.253456992396416,0.03406970271074915,29.35159160295506,storage,0.0,0.0,1.360311221324406,zipf_mandelbrot_transferred (ASSUMPTION),5000000000.0,50000000000.0,0.000222
2xL4,mimo_v2_pro,16,steady_state,4,107.08496732026144,1177,1477024012.0392423,1494494768.0585177,1408.5998649971411,73.65228052272633,0.29540480240784844,0.029889895361170354,0.0024151914349149445,0.0065896177685950425,0.29540480240784844,3.3851853180753557,0.2331848832324982,4.288442656048783,storage,0.21736958573197618,0.011690075062605554,1.360311221324406,zipf_mandelbrot_transferred (ASSUMPTION),5000000000.0,50000000000.0,0.000222
2xL4,mimo_v2_pro,16,finite_16tok,4,107.08496732026144,1177,165270368.9782178,165270368.9782178,157.61410615751058,8.241260452680292,0.03305407379564357,0.0033054073795643563,0.0024151914349149445,0.0065896177685950425,0.03305407379564357,30.253456992396416,0.03406970271074915,29.35159160295506,storage,0.0,0.0,1.360311221324406,zipf_mandelbrot_transferred (ASSUMPTION),5000000000.0,50000000000.0,0.000222
2xL4,mimo_v2_pro,16,steady_state,8,214.16993464052288,1177,1459660554.003786,1494494768.0585177,1392.0407810247289,72.78644606665249,0.29193211080075726,0.029889895361170354,0.0024151914349149445,0.0065896177685950425,0.29193211080075726,3.4254539428946096,0.23072517688630423,4.334160725306436,storage,0.21736958573197618,0.023308354635449335,1.360311221324406,zipf_mandelbrot_transferred (ASSUMPTION),5000000000.0,50000000000.0,0.000222
2xL4,mimo_v2_pro,16,finite_16tok,8,214.16993464052288,1177,165270368.9782178,165270368.9782178,157.61410615751058,8.241260452680292,0.03305407379564357,0.0033054073795643563,0.0024151914349149445,0.0065896177685950425,0.03305407379564357,30.253456992396416,0.03406970271074915,29.35159160295506,storage,0.0,0.0,1.360311221324406,zipf_mandelbrot_transferred (ASSUMPTION),5000000000.0,50000000000.0,0.000222
2xL4,mimo_v2_pro,16,steady_state,16,428.33986928104576,1177,1425254817.8326921,1494494768.0585177,1359.228914101307,71.07079289418598,0.2850509635665384,0.029889895361170354,0.0024151914349149445,0.0065896177685950425,0.2850509635665384,3.5081446050491025,0.22585126251782378,4.427692760500206,storage,0.21736958573197618,0.04633000509983343,1.360311221324406,zipf_mandelbrot_transferred (ASSUMPTION),5000000000.0,50000000000.0,0.000222
2xL4,mimo_v2_pro,16,finite_16tok,16,428.33986928104576,1177,165270368.9782178,165270368.9782178,157.61410615751058,8.241260452680292,0.03305407379564357,0.0033054073795643563,0.0024151914349149445,0.0065896177685950425,0.03305407379564357,30.253456992396416,0.03406970271074915,29.35159160295506,storage,0.0,0.0,1.360311221324406,zipf_mandelbrot_transferred (ASSUMPTION),5000000000.0,50000000000.0,0.000222
2xL4,mimo_v2_pro,16,steady_state,32,856.6797385620915,1177,1357649557.5217774,1494494768.0585177,1294.7555136888288,67.69963470268387,0.2715299115043555,0.029889895361170354,0.0024151914349149445,0.0065896177685950425,0.2715299115043555,3.6828355095750083,0.2162743056994704,4.623757763391349,storage,0.21736958573197618,0.09156620247959402,1.360311221324406,zipf_mandelbrot_transferred (ASSUMPTION),5000000000.0,50000000000.0,0.000222
2xL4,mimo_v2_pro,16,finite_16tok,32,856.6797385620915,1177,165270368.9782178,165270368.9782178,157.61410615751058,8.241260452680292,0.03305407379564357,0.0033054073795643563,0.0024151914349149445,0.0065896177685950425,0.03305407379564357,30.253456992396416,0.03406970271074915,29.35159160295506,storage,0.0,0.0,1.360311221324406,zipf_mandelbrot_transferred (ASSUMPTION),5000000000.0,50000000000.0,0.000222
2xL4,mimo_v2_pro,16,steady_state,64,1713.359477124183,1177,1227616761.0993564,1494494768.0585177,1170.7465754502834,61.21550721308672,0.24552335221987132,0.029889895361170354,0.0024151914349149445,0.0065896177685950425,0.24552335221987132,4.07293233396585,0.19785386813913738,5.054235276799172,storage,0.21736958573197618,0.1785740657398618,1.360311221324406,zipf_mandelbrot_transferred (ASSUMPTION),5000000000.0,50000000000.0,0.000222
2xL4,mimo_v2_pro,16,finite_16tok,64,1713.359477124183,1177,165270368.9782178,165270368.9782178,157.61410615751058,8.241260452680292,0.03305407379564357,0.0033054073795643563,0.0024151914349149445,0.0065896177685950425,0.03305407379564357,30.253456992396416,0.03406970271074915,29.35159160295506,storage,0.0,0.0,1.360311221324406,zipf_mandelbrot_transferred (ASSUMPTION),5000000000.0,50000000000.0,0.000222
2xL4,mimo_v2_pro,16,steady_state,128,3426.718954248366,1177,987443151.4422017,1494494768.0585177,941.6991724416749,49.23917241525098,0.19748863028844035,0.029889895361170354,0.0024151914349149445,0.0065896177685950425,0.19748863028844035,5.063582640375086,0.16383089007476204,6.103855015032045,storage,0.21736958573197618,0.33927961974401644,1.360311221324406,zipf_mandelbrot_transferred (ASSUMPTION),5000000000.0,50000000000.0,0.000222
2xL4,mimo_v2_pro,16,finite_16tok,128,3426.718954248366,1177,165270368.9782178,165270368.9782178,157.61410615751058,8.241260452680292,0.03305407379564357,0.0033054073795643563,0.0024151914349149445,0.0065896177685950425,0.03305407379564357,30.253456992396416,0.03406970271074915,29.35159160295506,storage,0.0,0.0,1.360311221324406,zipf_mandelbrot_transferred (ASSUMPTION),5000000000.0,50000000000.0,0.000222
2xL4,mimo_v2_pro,16,steady_state,256,6853.437908496732,1177,579121220.300259,1494494768.0585177,552.2930338862028,28.87806713130472,0.1158242440600518,0.029889895361170354,0.0024151914349149445,0.0065896177685950425,0.1158242440600518,8.63377100463981,0.1059880316263386,9.435027565428383,storage,0.21736958573197618,0.6124969905029582,1.360311221324406,zipf_mandelbrot_transferred (ASSUMPTION),5000000000.0,50000000000.0,0.000222
2xL4,mimo_v2_pro,16,finite_16tok,256,6853.437908496732,1177,165270368.9782178,165270368.9782178,157.61410615751058,8.241260452680292,0.03305407379564357,0.0033054073795643563,0.0024151914349149445,0.0065896177685950425,0.03305407379564357,30.253456992396416,0.03406970271074915,29.35159160295506,storage,0.0,0.0,1.360311221324406,zipf_mandelbrot_transferred (ASSUMPTION),5000000000.0,50000000000.0,0.000222
1xA10,mimo_v2_pro,1,steady_state,2,107.08496732026144,1177,103014439.82633974,103773294.55158117,98.24222548135732,5.136848391182082,0.034338146608779915,0.004150931782063247,0.002536239940308011,0.018987906976744184,0.034338146608779915,29.12213088822651,0.04792131098528029,20.867542632695592,storage,0.13755184537948975,0.007312620540000592,0.08571428571428576,zipf_mandelbrot_transferred (ASSUMPTION),3000000000.0,25000000000.0,0.000306
1xA10,mimo_v2_pro,1,finite_16tok,2,107.08496732026144,1177,165270368.9782178,165270368.9782178,157.61410615751058,8.241260452680292,0.05509012299273927,0.006610814759128713,0.002536239940308011,0.018987906976744184,0.05509012299273927,18.15207419543785,0.06384987065904485,15.661738852063625,storage,0.0,0.0,0.08571428571428576,zipf_mandelbrot_transferred (ASSUMPTION),3000000000.0,25000000000.0,0.000306
1xA10,mimo_v2_pro,1,steady_state,4,214.16993464052288,1177,102261220.04579517,103773294.55158117,97.52389912204282,5.099288842982631,0.03408707334859839,0.004150931782063247,0.002536239940308011,0.018987906976744184,0.03408707334859839,29.336634147886404,0.047743475876004526,20.94527014742535,storage,0.13755184537948975,0.01457094055190089,0.08571428571428576,zipf_mandelbrot_transferred (ASSUMPTION),3000000000.0,25000000000.0,0.000306
1xA10,mimo_v2_pro,1,finite_16tok,4,214.16993464052288,1177,165270368.9782178,165270368.9782178,157.61410615751058,8.241260452680292,0.05509012299273927,0.006610814759128713,0.002536239940308011,0.018987906976744184,0.05509012299273927,18.15207419543785,0.06384987065904485,15.661738852063625,storage,0.0,0.0,0.08571428571428576,zipf_mandelbrot_transferred (ASSUMPTION),3000000000.0,25000000000.0,0.000306
1xA10,mimo_v2_pro,1,steady_state,8,428.33986928104576,1177,100771506.80941825,103773294.55158117,96.10319786969971,5.025003810180377,0.03359050226980608,0.004150931782063247,0.002536239940308011,0.018987906976744184,0.03359050226980608,29.770319954366464,0.047391754740920805,21.10071689615117,storage,0.13755184537948975,0.028926399177496065,0.08571428571428576,zipf_mandelbrot_transferred (ASSUMPTION),3000000000.0,25000000000.0,0.000306
1xA10,mimo_v2_pro,1,finite_16tok,8,428.33986928104576,1177,165270368.9782178,165270368.9782178,157.61410615751058,8.241260452680292,0.05509012299273927,0.006610814759128713,0.002536239940308011,0.018987906976744184,0.05509012299273927,18.15207419543785,0.06384987065904485,15.661738852063625,storage,0.0,0.0,0.08571428571428576,zipf_mandelbrot_transferred (ASSUMPTION),3000000000.0,25000000000.0,0.000306
1xA10,mimo_v2_pro,1,steady_state,16,856.6797385620915,1177,97857759.99246551,103773294.55158117,93.32443236586143,4.879708881875107,0.032619253330821836,0.004150931782063247,0.002536239940308011,0.018987906976744184,0.032619253330821836,30.65674097006699,0.0467038194304327,21.411525057164585,storage,0.13755184537948975,0.05700440161100695,0.08571428571428576,zipf_mandelbrot_transferred (ASSUMPTION),3000000000.0,25000000000.0,0.000306
1xA10,mimo_v2_pro,1,finite_16tok,16,856.6797385620915,1177,165270368.9782178,165270368.9782178,157.61410615751058,8.241260452680292,0.05509012299273927,0.006610814759128713,0.002536239940308011,0.018987906976744184,0.05509012299273927,18.15207419543785,0.06384987065904485,15.661738852063625,storage,0.0,0.0,0.08571428571428576,zipf_mandelbrot_transferred (ASSUMPTION),3000000000.0,25000000000.0,0.000306
1xA10,mimo_v2_pro,1,steady_state,32,1713.359477124183,1177,92275651.06693001,103773294.55158117,88.00091845219613,4.601355213186726,0.030758550355643337,0.004150931782063247,0.002536239940308011,0.018987906976744184,0.030758550355643337,32.511285104063035,0.04538588411274343,22.03328236409127,storage,0.13755184537948975,0.11079578358125819,0.08571428571428576,zipf_mandelbrot_transferred (ASSUMPTION),3000000000.0,25000000000.0,0.000306
1xA10,mimo_v2_pro,1,finite_16tok,32,1713.359477124183,1177,165270368.9782178,165270368.9782178,157.61410615751058,8.241260452680292,0.05509012299273927,0.006610814759128713,0.002536239940308011,0.018987906976744184,0.05509012299273927,18.15207419543785,0.06384987065904485,15.661738852063625,storage,0.0,0.0,0.08571428571428576,zipf_mandelbrot_transferred (ASSUMPTION),3000000000.0,25000000000.0,0.000306
1xA10,mimo_v2_pro,1,steady_state,64,3426.718954248366,1177,82040163.33876166,103773294.55158117,78.23959668995062,4.090959304049705,0.027346721112920552,0.004150931782063247,0.002536239940308011,0.018987906976744184,0.027346721112920552,36.56745523058442,0.0429692865596181,23.272436665024486,storage,0.13755184537948975,0.20942894129680845,0.08571428571428576,zipf_mandelbrot_transferred (ASSUMPTION),3000000000.0,25000000000.0,0.000306
1xA10,mimo_v2_pro,1,finite_16tok,64,3426.718954248366,1177,165270368.9782178,165270368.9782178,157.61410615751058,8.241260452680292,0.05509012299273927,0.006610814759128713,0.002536239940308011,0.018987906976744184,0.05509012299273927,18.15207419543785,0.06384987065904485,15.661738852063625,storage,0.0,0.0,0.08571428571428576,zipf_mandelbrot_transferred (ASSUMPTION),3000000000.0,25000000000.0,0.000306
1xA10,mimo_v2_pro,1,steady_state,128,6853.437908496732,1177,64567413.47564386,103773294.55158117,61.57628390850435,3.2196749756080707,0.021522471158547954,0.004150931782063247,0.002536239940308011,0.018987906976744184,0.021522471158547954,46.46306609651726,0.03884397219385728,25.744020076251065,storage,0.13755184537948975,0.3778031838090077,0.08571428571428576,zipf_mandelbrot_transferred (ASSUMPTION),3000000000.0,25000000000.0,0.000306
1xA10,mimo_v2_pro,1,finite_16tok,128,6853.437908496732,1177,165270368.9782178,165270368.9782178,157.61410615751058,8.241260452680292,0.05509012299273927,0.006610814759128713,0.002536239940308011,0.018987906976744184,0.05509012299273927,18.15207419543785,0.06384987065904485,15.661738852063625,storage,0.0,0.0,0.08571428571428576,zipf_mandelbrot_transferred (ASSUMPTION),3000000000.0,25000000000.0,0.000306
1xA10,mimo_v2_pro,1,steady_state,256,13706.875816993464,1177,37326549.29942233,103773294.55158117,35.59737138693078,1.8613004646761193,0.012442183099807444,0.004150931782063247,0.002536239940308011,0.018987906976744184,0.018987906976744184,52.66509896139526,0.03241240708806269,30.85238307920347,dense,0.13755184537948975,0.6403067912538043,0.08571428571428576,zipf_mandelbrot_transferred (ASSUMPTION),3000000000.0,25000000000.0,0.000306
1xA10,mimo_v2_pro,1,finite_16tok,256,13706.875816993464,1177,165270368.9782178,165270368.9782178,157.61410615751058,8.241260452680292,0.05509012299273927,0.006610814759128713,0.002536239940308011,0.018987906976744184,0.05509012299273927,18.15207419543785,0.06384987065904485,15.661738852063625,storage,0.0,0.0,0.08571428571428576,zipf_mandelbrot_transferred (ASSUMPTION),3000000000.0,25000000000.0,0.000306
1xA10,mimo_v2_pro,4,steady_state,2,107.08496732026144,1177,411861280.667661,414893222.99882627,392.7815252949343,20.537596093852773,0.137287093555887,0.016595728919953052,0.002532334375145266,0.014003581395348836,0.137287093555887,7.284005903970272,0.12207418435400176,8.191740172517635,storage,0.1365167107999816,0.007307765379367948,0.34228116908245343,zipf_mandelbrot_transferred (ASSUMPTION),3000000000.0,25000000000.0,0.000306
1xA10,mimo_v2_pro,4,finite_16tok,2,107.08496732026144,1177,165270368.9782178,165270368.9782178,157.61410615751058,8.241260452680292,0.05509012299273927,0.006610814759128713,0.002532334375145266,0.014003581395348836,0.05509012299273927,18.15207419543785,0.05886163951248675,16.988993311813253,storage,0.0,0.0,0.34228116908245343,zipf_mandelbrot_transferred (ASSUMPTION),3000000000.0,25000000000.0,0.000306
1xA10,mimo_v2_pro,4,steady_state,4,214.16993464052288,1177,408851818.42800033,414893222.99882627,389.91147845077546,20.387528285007868,0.13628393947600012,0.016595728919953052,0.002532334375145266,0.014003581395348836,0.13628393947600012,7.337621761191472,0.12136365064249406,8.239699405102286,storage,0.1365167107999816,0.014561347922626866,0.34228116908245343,zipf_mandelbrot_transferred (ASSUMPTION),3000000000.0,25000000000.0,0.000306
1xA10,mimo_v2_pro,4,finite_16tok,4,214.16993464052288,1177,165270368.9782178,165270368.9782178,157.61410615751058,8.241260452680292,0.05509012299273927,0.006610814759128713,0.002532334375145266,0.014003581395348836,0.05509012299273927,18.15207419543785,0.05886163951248675,16.988993311813253,storage,0.0,0.0,0.34228116908245343,zipf_mandelbrot_transferred (ASSUMPTION),3000000000.0,25000000000.0,0.000306
1xA10,mimo_v2_pro,4,steady_state,8,428.33986928104576,1177,402899621.873863,414893222.99882627,384.2350214708929,20.09072007690943,0.13429987395795434,0.016595728919953052,0.002532334375145266,0.014003581395348836,0.13429987395795434,7.446023369411895,0.11995833767544666,8.336227555149609,storage,0.1365167107999816,0.028907681446985745,0.34228116908245343,zipf_mandelbrot_transferred (ASSUMPTION),3000000000.0,25000000000.0,0.000306
1xA10,mimo_v2_pro,4,finite_16tok,8,428.33986928104576,1177,165270368.9782178,165270368.9782178,157.61410615751058,8.241260452680292,0.05509012299273927,0.006610814759128713,0.002532334375145266,0.014003581395348836,0.05509012299273927,18.15207419543785,0.05886163951248675,16.988993311813253,storage,0.0,0.0,0.34228116908245343,zipf_mandelbrot_transferred (ASSUMPTION),3000000000.0,25000000000.0,0.000306
1xA10,mimo_v2_pro,4,steady_state,16,856.6797385620915,1177,391257250.5986277,414893222.99882627,373.1319910036351,19.51016946424236,0.1304190835328759,0.016595728919953052,0.002532334375145266,0.014003581395348836,0.1304190835328759,7.667589534532507,0.11720957506798617,8.531726178684298,storage,0.1365167107999816,0.056968808093222134,0.34228116908245343,zipf_mandelbrot_transferred (ASSUMPTION),3000000000.0,25000000000.0,0.000306
1xA10,mimo_v2_pro,4,finite_16tok,16,856.6797385620915,1177,165270368.9782178,165270368.9782178,157.61410615751058,8.241260452680292,0.05509012299273927,0.006610814759128713,0.002532334375145266,0.014003581395348836,0.05509012299273927,18.15207419543785,0.05886163951248675,16.988993311813253,storage,0.0,0.0,0.34228116908245343,zipf_mandelbrot_transferred (ASSUMPTION),3000000000.0,25000000000.0,0.000306
1xA10,mimo_v2_pro,4,steady_state,32,1713.359477124183,1177,368951510.4073177,414893222.99882627,351.85957947475214,18.397886508483772,0.12298383680243924,0.016595728919953052,0.002532334375145266,0.014003581395348836,0.12298383680243924,8.131149799842365,0.11194319220489858,8.933102409386539,storage,0.1365167107999816,0.11073141243292495,0.34228116908245343,zipf_mandelbrot_transferred (ASSUMPTION),3000000000.0,25000000000.0,0.000306
1xA10,mimo_v2_pro,4,finite_16tok,32,1713.359477124183,1177,165270368.9782178,165270368.9782178,157.61410615751058,8.241260452680292,0.05509012299273927,0.006610814759128713,0.002532334375145266,0.014003581395348836,0.05509012299273927,18.15207419543785,0.05886163951248675,16.988993311813253,storage,0.0,0.0,0.34228116908245343,zipf_mandelbrot_transferred (ASSUMPTION),3000000000.0,25000000000.0,0.000306
1xA10,mimo_v2_pro,4,steady_state,64,3426.718954248366,1177,328045725.8069317,414893222.99882627,312.8487833089177,16.358106316806154,0.10934857526897723,0.016595728919953052,0.002532334375145266,0.014003581395348836,0.10934857526897723,9.145066568450346,0.10228534085484332,9.776572005749433,storage,0.1365167107999816,0.20932493561636278,0.34228116908245343,zipf_mandelbrot_transferred (ASSUMPTION),3000000000.0,25000000000.0,0.000306
1xA10,mimo_v2_pro,4,finite_16tok,64,3426.718954248366,1177,165270368.9782178,165270368.9782178,157.61410615751058,8.241260452680292,0.05509012299273927,0.006610814759128713,0.002532334375145266,0.014003581395348836,0.05509012299273927,18.15207419543785,0.05886163951248675,16.988993311813253,storage,0.0,0.0,0.34228116908245343,zipf_mandelbrot_transferred (ASSUMPTION),3000000000.0,25000000000.0,0.000306
1xA10,mimo_v2_pro,4,steady_state,128,6853.437908496732,1177,258199132.72604072,414893222.99882627,246.2378813991935,12.875183341134301,0.08606637757534691,0.016595728919953052,0.002532334375145266,0.014003581395348836,0.08606637757534691,11.618939104582958,0.08579456773136003,11.655749617285796,storage,0.1365167107999816,0.3776732942037687,0.34228116908245343,zipf_mandelbrot_transferred (ASSUMPTION),3000000000.0,25000000000.0,0.000306
1xA10,mimo_v2_pro,4,finite_16tok,128,6853.437908496732,1177,165270368.9782178,165270368.9782178,157.61410615751058,8.241260452680292,0.05509012299273927,0.006610814759128713,0.002532334375145266,0.014003581395348836,0.05509012299273927,18.15207419543785,0.05886163951248675,16.988993311813253,storage,0.0,0.0,0.34228116908245343,zipf_mandelbrot_transferred (ASSUMPTION),3000000000.0,25000000000.0,0.000306
1xA10,mimo_v2_pro,4,steady_state,256,13706.875816993464,1177,149277661.11046618,414893222.99882627,142.3622714142477,7.443778897477003,0.04975922037015539,0.016595728919953052,0.002532334375145266,0.014003581395348836,0.04975922037015539,20.096777894851833,0.060078219983258074,16.644967182427656,storage,0.1365167107999816,0.6402022187022117,0.34228116908245343,zipf_mandelbrot_transferred (ASSUMPTION),3000000000.0,25000000000.0,0.000306
1xA10,mimo_v2_pro,4,finite_16tok,256,13706.875816993464,1177,165270368.9782178,165270368.9782178,157.61410615751058,8.241260452680292,0.05509012299273927,0.006610814759128713,0.002532334375145266,0.014003581395348836,0.05509012299273927,18.15207419543785,0.05886163951248675,16.988993311813253,storage,0.0,0.0,0.34228116908245343,zipf_mandelbrot_transferred (ASSUMPTION),3000000000.0,25000000000.0,0.000306
1xA10,mimo_v2_pro,8,steady_state,2,107.08496732026144,1177,823203770.3814781,829258547.8890489,785.0682929816037,41.049322508842025,0.27440125679382604,0.03317034191556196,0.0025272367521611064,0.013172860465116277,0.27440125679382604,3.644298177363522,0.22664358993364656,4.41221390948125,storage,0.13516656077425554,0.007301435147076485,0.6830587928239465,zipf_mandelbrot_transferred (ASSUMPTION),3000000000.0,25000000000.0,0.000306
1xA10,mimo_v2_pro,8,finite_16tok,2,107.08496732026144,1177,165270368.9782178,165270368.9782178,157.61410615751058,8.241260452680292,0.05509012299273927,0.006610814759128713,0.0025272367521611064,0.013172860465116277,0.05509012299273927,18.15207419543785,0.05802582095927002,17.233707054346176,storage,0.0,0.0,0.6830587928239465,zipf_mandelbrot_transferred (ASSUMPTION),3000000000.0,25000000000.0,0.000306
1xA10,mimo_v2_pro,8,steady_state,4,214.16993464052288,1177,817193798.2794178,829258547.8890489,779.3367369455507,40.74963330434252,0.2723979327598059,0.03317034191556196,0.0025272367521611064,0.013172860465116277,0.2723979327598059,3.6710998129408585,0.22522463616594077,4.4400116125094815,storage,0.13516656077425554,0.014548839611413067,0.6830587928239465,zipf_mandelbrot_transferred (ASSUMPTION),3000000000.0,25000000000.0,0.000306
1xA10,mimo_v2_pro,8,finite_16tok,4,214.16993464052288,1177,165270368.9782178,165270368.9782178,157.61410615751058,8.241260452680292,0.05509012299273927,0.006610814759128713,0.0025272367521611064,0.013172860465116277,0.05509012299273927,18.15207419543785,0.05802582095927002,17.233707054346176,storage,0.0,0.0,0.6830587928239465,zipf_mandelbrot_transferred (ASSUMPTION),3000000000.0,25000000000.0,0.000306
1xA10,mimo_v2_pro,8,steady_state,8,428.33986928104576,1177,805306850.0296986,829258547.8890489,768.0004596993433,40.15688678166501,0.2684356166765662,0.03317034191556196,0.0025272367521611064,0.013172860465116277,0.2684356166765662,3.7252880686279575,0.22241812896107707,4.4960363827851415,storage,0.13516656077425554,0.0288832691810309,0.6830587928239465,zipf_mandelbrot_transferred (ASSUMPTION),3000000000.0,25000000000.0,0.000306
1xA10,mimo_v2_pro,8,finite_16tok,8,428.33986928104576,1177,165270368.9782178,165270368.9782178,157.61410615751058,8.241260452680292,0.05509012299273927,0.006610814759128713,0.0025272367521611064,0.013172860465116277,0.05509012299273927,18.15207419543785,0.05802582095927002,17.233707054346176,storage,0.0,0.0,0.6830587928239465,zipf_mandelbrot_transferred (ASSUMPTION),3000000000.0,25000000000.0,0.000306
1xA10,mimo_v2_pro,8,steady_state,16,856.6797385620915,1177,782055190.7451546,829258547.8890489,745.8259494258448,38.99743526409646,0.2606850635817182,0.03317034191556196,0.0025272367521611064,0.013172860465116277,0.2606850635817182,3.8360464012029025,0.2169284147016875,4.609815645290939,storage,0.13516656077425554,0.05692236427837194,0.6830587928239465,zipf_mandelbrot_transferred (ASSUMPTION),3000000000.0,25000000000.0,0.000306
1xA10,mimo_v2_pro,8,finite_16tok,16,856.6797385620915,1177,165270368.9782178,165270368.9782178,157.61410615751058,8.241260452680292,0.05509012299273927,0.006610814759128713,0.0025272367521611064,0.013172860465116277,0.05509012299273927,18.15207419543785,0.05802582095927002,17.233707054346176,storage,0.0,0.0,0.6830587928239465,zipf_mandelbrot_transferred (ASSUMPTION),3000000000.0,25000000000.0,0.000306
1xA10,mimo_v2_pro,8,steady_state,32,1713.359477124183,1177,737503273.0333397,829258547.8890489,703.3379297574422,36.775839464441425,0.24583442434444658,0.03317034191556196,0.0025272367521611064,0.013172860465116277,0.24583442434444658,4.067778557322256,0.2064097117156912,4.844733281626788,storage,0.13516656077425554,0.11064736696327127,0.6830587928239465,zipf_mandelbrot_transferred (ASSUMPTION),3000000000.0,25000000000.0,0.000306
1xA10,mimo_v2_pro,8,finite_16tok,32,1713.359477124183,1177,165270368.9782178,165270368.9782178,157.61410615751058,8.241260452680292,0.05509012299273927,0.006610814759128713,0.0025272367521611064,0.013172860465116277,0.05509012299273927,18.15207419543785,0.05802582095927002,17.233707054346176,storage,0.0,0.0,0.6830587928239465,zipf_mandelbrot_transferred (ASSUMPTION),3000000000.0,25000000000.0,0.000306
1xA10,mimo_v2_pro,8,steady_state,64,3426.718954248366,1177,655786806.7072132,829258547.8890489,625.4070345947391,32.70102141671838,0.21859560223573773,0.03317034191556196,0.0025272367521611064,0.013172860465116277,0.21859560223573773,4.574657448604938,0.18711646279406854,5.344265197555345,storage,0.13516656077425554,0.20918896962041977,0.6830587928239465,zipf_mandelbrot_transferred (ASSUMPTION),3000000000.0,25000000000.0,0.000306
1xA10,mimo_v2_pro,8,finite_16tok,64,3426.718954248366,1177,165270368.9782178,165270368.9782178,157.61410615751058,8.241260452680292,0.05509012299273927,0.006610814759128713,0.0025272367521611064,0.013172860465116277,0.05509012299273927,18.15207419543785,0.05802582095927002,17.233707054346176,storage,0.0,0.0,0.6830587928239465,zipf_mandelbrot_transferred (ASSUMPTION),3000000000.0,25000000000.0,0.000306
1xA10,mimo_v2_pro,8,steady_state,128,6853.437908496732,1177,516211056.12665814,829258547.8890489,492.29722607293905,25.74103142865041,0.17207035204221938,0.03317034191556196,0.0025272367521611064,0.013172860465116277,0.17207035204221938,5.811576417038066,0.15416264307521474,6.486655781531378,storage,0.13516656077425554,0.3775028820134333,0.6830587928239465,zipf_mandelbrot_transferred (ASSUMPTION),3000000000.0,25000000000.0,0.000306
1xA10,mimo_v2_pro,8,finite_16tok,128,6853.437908496732,1177,165270368.9782178,165270368.9782178,157.61410615751058,8.241260452680292,0.05509012299273927,0.006610814759128713,0.0025272367521611064,0.013172860465116277,0.05509012299273927,18.15207419543785,0.05802582095927002,17.233707054346176,storage,0.0,0.0,0.6830587928239465,zipf_mandelbrot_transferred (ASSUMPTION),3000000000.0,25000000000.0,0.000306
1xA10,mimo_v2_pro,8,steady_state,256,13706.875816993464,1177,298478929.0713326,829258547.8890489,284.6516886437727,14.88374842581818,0.09949297635711087,0.03317034191556196,0.0025272367521611064,0.013172860465116277,0.09949297635711087,10.050960747326451,0.10275611126621889,9.731781279745162,storage,0.13516656077425554,0.6400652970884205,0.6830587928239465,zipf_mandelbrot_transferred (ASSUMPTION),3000000000.0,25000000000.0,0.000306
1xA10,mimo_v2_pro,8,finite_16tok,256,13706.875816993464,1177,165270368.9782178,165270368.9782178,157.61410615751058,8.241260452680292,0.05509012299273927,0.006610814759128713,0.0025272367521611064,0.013172860465116277,0.05509012299273927,18.15207419543785,0.05802582095927002,17.233707054346176,storage,0.0,0.0,0.6830587928239465,zipf_mandelbrot_transferred (ASSUMPTION),3000000000.0,25000000000.0,0.000306
1xA10,mimo_v2_pro,16,steady_state,2,107.08496732026144,1177,1644338508.5491192,1656411930.8743331,1568.163403081054,81.9954720565257,0.5481128361830397,0.06625647723497333,0.002517393797837258,0.012757499999999998,0.5481128361830397,1.8244418557387236,0.4366312776490686,2.2902619468404755,storage,0.1325775216043331,0.007288900846567192,1.360311221324406,zipf_mandelbrot_transferred (ASSUMPTION),3000000000.0,25000000000.0,0.000306
1xA10,mimo_v2_pro,16,finite_16tok,2,107.08496732026144,1177,165270368.9782178,165270368.9782178,157.61410615751058,8.241260452680292,0.05509012299273927,0.006610814759128713,0.002517393797837258,0.012757499999999998,0.05509012299273927,18.15207419543785,0.0576006175398299,17.36092498155104,storage,0.0,0.0,1.360311221324406,zipf_mandelbrot_transferred (ASSUMPTION),3000000000.0,25000000000.0,0.000306
1xA10,mimo_v2_pro,16,steady_state,4,214.16993464052288,1177,1632354085.3120193,1656411930.8743331,1556.7341664428895,81.39786491204651,0.5441180284373398,0.06625647723497333,0.002517393797837258,0.012757499999999998,0.5441180284373398,1.837836549676389,0.4338017566101551,2.3052004395147496,storage,0.1325775216043331,0.014524071647814663,1.360311221324406,zipf_mandelbrot_transferred (ASSUMPTION),3000000000.0,25000000000.0,0.000306
1xA10,mimo_v2_pro,16,finite_16tok,4,214.16993464052288,1177,165270368.9782178,165270368.9782178,157.61410615751058,8.241260452680292,0.05509012299273927,0.006610814759128713,0.002517393797837258,0.012757499999999998,0.05509012299273927,18.15207419543785,0.0576006175398299,17.36092498155104,storage,0.0,0.0,1.360311221324406,zipf_mandelbrot_transferred (ASSUMPTION),3000000000.0,25000000000.0,0.000306
1xA10,mimo_v2_pro,16,steady_state,8,428.33986928104576,1177,1608649413.1067255,1656411930.8743331,1534.1276293818717,80.21582375852924,0.5362164710355751,0.06625647723497333,0.002517393797837258,0.012757499999999998,0.5362164710355751,1.864918468596716,0.42820508604883906,2.3353295712278035,storage,0.1325775216043331,0.028834927397797916,1.360311221324406,zipf_mandelbrot_transferred (ASSUMPTION),3000000000.0,25000000000.0,0.000306
1xA10,mimo_v2_pro,16,finite_16tok,8,428.33986928104576,1177,165270368.9782178,165270368.9782178,157.61410615751058,8.241260452680292,0.05509012299273927,0.006610814759128713,0.002517393797837258,0.012757499999999998,0.05509012299273927,18.15207419543785,0.0576006175398299,17.36092498155104,storage,0.0,0.0,1.360311221324406,zipf_mandelbrot_transferred (ASSUMPTION),3000000000.0,25000000000.0,0.000306
1xA10,mimo_v2_pro,16,steady_state,16,856.6797385620915,1177,1562277403.2925797,1656411930.8743331,1489.9038346219822,77.9034684769664,0.5207591344308599,0.06625647723497333,0.002517393797837258,0.012757499999999998,0.5207591344308599,1.9202735658067809,0.41725665951299656,2.3966064464187475,storage,0.1325775216043331,0.056830384898317376,1.360311221324406,zipf_mandelbrot_transferred (ASSUMPTION),3000000000.0,25000000000.0,0.000306
1xA10,mimo_v2_pro,16,finite_16tok,16,856.6797385620915,1177,165270368.9782178,165270368.9782178,157.61410615751058,8.241260452680292,0.05509012299273927,0.006610814759128713,0.002517393797837258,0.012757499999999998,0.05509012299273927,18.15207419543785,0.0576006175398299,17.36092498155104,storage,0.0,0.0,1.360311221324406,zipf_mandelbrot_transferred (ASSUMPTION),3000000000.0,25000000000.0,0.000306
1xA10,mimo_v2_pro,16,steady_state,32,1713.359477124183,1177,1473410064.9005764,1656411930.8743331,1405.1533364301456,73.47206987870042,0.49113668830019214,0.06625647723497333,0.002517393797837258,0.012757499999999998,0.49113668830019214,2.0360930547888145,0.3962750904647665,2.523499518546982,storage,0.1325775216043331,0.1104808909925925,1.360311221324406,zipf_mandelbrot_transferred (ASSUMPTION),3000000000.0,25000000000.0,0.000306
1xA10,mimo_v2_pro,16,finite_16tok,32,1713.359477124183,1177,165270368.9782178,165270368.9782178,157.61410615751058,8.241260452680292,0.05509012299273927,0.006610814759128713,0.002517393797837258,0.012757499999999998,0.05509012299273927,18.15207419543785,0.0576006175398299,17.36092498155104,storage,0.0,0.0,1.360311221324406,zipf_mandelbrot_transferred (ASSUMPTION),3000000000.0,25000000000.0,0.000306
1xA10,mimo_v2_pro,16,steady_state,64,3426.718954248366,1177,1310355076.3582563,1656411930.8743331,1249.6519816954196,65.3412800886494,0.43678502545275216,0.06625647723497333,0.002517393797837258,0.012757499999999998,0.43678502545275216,2.289455777389447,0.35777782518527773,2.7950306855438654,storage,0.1325775216043331,0.2089195616536108,1.360311221324406,zipf_mandelbrot_transferred (ASSUMPTION),3000000000.0,25000000000.0,0.000306
1xA10,mimo_v2_pro,16,finite_16tok,64,3426.718954248366,1177,165270368.9782178,165270368.9782178,157.61410615751058,8.241260452680292,0.05509012299273927,0.006610814759128713,0.002517393797837258,0.012757499999999998,0.05509012299273927,18.15207419543785,0.0576006175398299,17.36092498155104,storage,0.0,0.0,1.360311221324406,zipf_mandelbrot_transferred (ASSUMPTION),3000000000.0,25000000000.0,0.000306
1xA10,mimo_v2_pro,16,steady_state,128,6853.437908496732,1177,1031671264.0310471,1656411930.8743331,983.8783874807807,51.44462156762252,0.34389042134368236,0.06625647723497333,0.002517393797837258,0.012757499999999998,0.34389042134368236,2.907903035195636,0.29198060703101497,3.424884995508545,storage,0.1325775216043331,0.3771650367873879,1.360311221324406,zipf_mandelbrot_transferred (ASSUMPTION),3000000000.0,25000000000.0,0.000306
1xA10,mimo_v2_pro,16,finite_16tok,128,6853.437908496732,1177,165270368.9782178,165270368.9782178,157.61410615751058,8.241260452680292,0.05509012299273927,0.006610814759128713,0.002517393797837258,0.012757499999999998,0.05509012299273927,18.15207419543785,0.0576006175398299,17.36092498155104,storage,0.0,0.0,1.360311221324406,zipf_mandelbrot_transferred (ASSUMPTION),3000000000.0,25000000000.0,0.000306
1xA10,mimo_v2_pro,16,steady_state,256,13706.875816993464,1177,596649091.0039839,1656411930.8743331,569.0089139976347,29.7521000783077,0.1988830303346613,0.06625647723497333,0.002517393797837258,0.012757499999999998,0.1988830303346613,5.028081070151113,0.18927191870937005,5.283403934502907,storage,0.1325775216043331,0.6397942565596928,1.360311221324406,zipf_mandelbrot_transferred (ASSUMPTION),3000000000.0,25000000000.0,0.000306
1xA10,mimo_v2_pro,16,finite_16tok,256,13706.875816993464,1177,165270368.9782178,165270368.9782178,157.61410615751058,8.241260452680292,0.05509012299273927,0.006610814759128713,0.002517393797837258,0.012757499999999998,0.05509012299273927,18.15207419543785,0.0576006175398299,17.36092498155104,storage,0.0,0.0,1.360311221324406,zipf_mandelbrot_transferred (ASSUMPTION),3000000000.0,25000000000.0,0.000306
1xL40S,mimo_v2_pro,1,steady_state,2,107.08496732026144,2570,91428751.47380516,91953701.04137924,87.19325206165806,4.55912429080565,0.015238125245634195,0.0018390740208275849,0.0023978418120781772,0.006556597712964153,0.015238125245634195,65.62487076856816,0.020667135736304482,48.38599856115385,storage,0.23578315484390427,0.00570884653503867,0.08571428571428576,zipf_mandelbrot_transferred (ASSUMPTION),6000000000.0,50000000000.0,0.000542
1xL40S,mimo_v2_pro,1,finite_16tok,2,107.08496732026144,2570,165270368.9782178,165270368.9782178,157.61410615751058,8.241260452680292,0.027545061496369636,0.0033054073795643563,0.0023978418120781772,0.006556597712964153,0.027545061496369636,36.3041483908757,0.030117301396038652,33.20350607945009,storage,0.0,0.0,0.08571428571428576,zipf_mandelbrot_transferred (ASSUMPTION),6000000000.0,50000000000.0,0.000542
1xL40S,mimo_v2_pro,1,steady_state,4,214.16993464052288,2570,90905235.10610794,91953701.04137924,86.69398794756692,4.533018977650558,0.015150872517684657,0.0018390740208275849,0.0023978418120781772,0.006556597712964153,0.015150872517684657,66.00279943170027,0.020605334657215865,48.53112150982736,storage,0.23578315484390427,0.01140210696684718,0.08571428571428576,zipf_mandelbrot_transferred (ASSUMPTION),6000000000.0,50000000000.0,0.000542
1xL40S,mimo_v2_pro,1,finite_16tok,4,214.16993464052288,2570,165270368.9782178,165270368.9782178,157.61410615751058,8.241260452680292,0.027545061496369636,0.0033054073795643563,0.0023978418120781772,0.006556597712964153,0.027545061496369636,36.3041483908757,0.030117301396038652,33.20350607945009,storage,0.0,0.0,0.08571428571428576,zipf_mandelbrot_transferred (ASSUMPTION),6000000000.0,50000000000.0,0.000542
1xL40S,mimo_v2_pro,1,steady_state,8,428.33986928104576,2570,89862510.57339121,91953701.04137924,85.69956834162828,4.48102318126161,0.014977085095565203,0.0018390740208275849,0.0023978418120781772,0.006556597712964153,0.014977085095565203,66.76866650748386,0.020482241082133347,48.82278242844723,storage,0.23578315484390427,0.022741775962307087,0.08571428571428576,zipf_mandelbrot_transferred (ASSUMPTION),6000000000.0,50000000000.0,0.000542
1xL40S,mimo_v2_pro,1,finite_16tok,8,428.33986928104576,2570,165270368.9782178,165270368.9782178,157.61410615751058,8.241260452680292,0.027545061496369636,0.0033054073795643563,0.0023978418120781772,0.006556597712964153,0.027545061496369636,36.3041483908757,0.030117301396038652,33.20350607945009,storage,0.0,0.0,0.08571428571428576,zipf_mandelbrot_transferred (ASSUMPTION),6000000000.0,50000000000.0,0.000542
1xL40S,mimo_v2_pro,1,steady_state,16,856.6797385620915,2570,87794215.18802059,91953701.04137924,83.72708815385874,4.3778869622932675,0.01463236919800343,0.0018390740208275849,0.0023978418120781772,0.006556597712964153,0.01463236919800343,68.3416326138387,0.0202380789229784,49.41180453963917,storage,0.23578315484390427,0.04523456702941053,0.08571428571428576,zipf_mandelbrot_transferred (ASSUMPTION),6000000000.0,50000000000.0,0.000542
1xL40S,mimo_v2_pro,1,finite_16tok,16,856.6797385620915,2570,165270368.9782178,165270368.9782178,157.61410615751058,8.241260452680292,0.027545061496369636,0.0033054073795643563,0.0023978418120781772,0.006556597712964153,0.027545061496369636,36.3041483908757,0.030117301396038652,33.20350607945009,storage,0.0,0.0,0.08571428571428576,zipf_mandelbrot_transferred (ASSUMPTION),6000000000.0,50000000000.0,0.000542
1xL40S,mimo_v2_pro,1,steady_state,32,1713.359477124183,2570,83721618.04634991,91953701.04137924,79.84315685877792,4.17480558738708,0.013953603007724986,0.0018390740208275849,0.0023978418120781772,0.006556597712964153,0.013953603007724986,71.66607789016074,0.019757309049143197,50.614180175683714,storage,0.23578315484390427,0.08952421601089089,0.08571428571428576,zipf_mandelbrot_transferred (ASSUMPTION),6000000000.0,50000000000.0,0.000542
1xL40S,mimo_v2_pro,1,finite_16tok,32,1713.359477124183,2570,165270368.9782178,165270368.9782178,157.61410615751058,8.241260452680292,0.027545061496369636,0.0033054073795643563,0.0023978418120781772,0.006556597712964153,0.027545061496369636,36.3041483908757,0.030117301396038652,33.20350607945009,storage,0.0,0.0,0.08571428571428576,zipf_mandelbrot_transferred (ASSUMPTION),6000000000.0,50000000000.0,0.000542
1xL40S,mimo_v2_pro,1,steady_state,64,3426.718954248366,2570,75856842.14891775,91953701.04137924,72.34272208110595,3.7826259911689384,0.012642807024819624,0.0018390740208275849,0.0023978418120781772,0.006556597712964153,0.012642807024819624,79.09635874666584,0.018828872676868107,53.109924166014096,storage,0.23578315484390427,0.17505395335004392,0.08571428571428576,zipf_mandelbrot_transferred (ASSUMPTION),6000000000.0,50000000000.0,0.000542
1xL40S,mimo_v2_pro,1,finite_16tok,64,3426.718954248366,2570,165270368.9782178,165270368.9782178,157.61410615751058,8.241260452680292,0.027545061496369636,0.0033054073795643563,0.0023978418120781772,0.006556597712964153,0.027545061496369636,36.3041483908757,0.030117301396038652,33.20350607945009,storage,0.0,0.0,0.08571428571428576,zipf_mandelbrot_transferred (ASSUMPTION),6000000000.0,50000000000.0,0.000542
1xL40S,mimo_v2_pro,1,steady_state,128,6853.437908496732,2570,61212645.65377574,91953701.04137924,58.376927999282586,3.052388392119351,0.010202107608962624,0.0018390740208275849,0.0023978418120781772,0.006556597712964153,0.010202107608962624,98.01896219184093,0.017100126067155764,58.479101035442156,storage,0.23578315484390427,0.3343101478185201,0.08571428571428576,zipf_mandelbrot_transferred (ASSUMPTION),6000000000.0,50000000000.0,0.000542
1xL40S,mimo_v2_pro,1,finite_16tok,128,6853.437908496732,2570,165270368.9782178,165270368.9782178,157.61410615751058,8.241260452680292,0.027545061496369636,0.0033054073795643563,0.0023978418120781772,0.006556597712964153,0.027545061496369636,36.3041483908757,0.030117301396038652,33.20350607945009,storage,0.0,0.0,0.08571428571428576,zipf_mandelbrot_transferred (ASSUMPTION),6000000000.0,50000000000.0,0.000542
1xL40S,mimo_v2_pro,1,steady_state,256,13706.875816993464,2570,36012094.110091366,91953701.04137924,34.343809232798925,1.7957547311267412,0.006002015685015228,0.0018390740208275849,0.0023978418120781772,0.006556597712964153,0.006556597712964153,152.51812659220067,0.01412520231094437,70.7954461809859,dense,0.23578315484390427,0.6083671053774562,0.08571428571428576,zipf_mandelbrot_transferred (ASSUMPTION),6000000000.0,50000000000.0,0.000542
1xL40S,mimo_v2_pro,1,finite_16tok,256,13706.875816993464,2570,165270368.9782178,165270368.9782178,157.61410615751058,8.241260452680292,0.027545061496369636,0.0033054073795643563,0.0023978418120781772,0.006556597712964153,0.027545061496369636,36.3041483908757,0.030117301396038652,33.20350607945009,storage,0.0,0.0,0.08571428571428576,zipf_mandelbrot_transferred (ASSUMPTION),6000000000.0,50000000000.0,0.000542
1xL40S,mimo_v2_pro,4,steady_state,2,107.08496732026144,2570,365585560.8508708,367684106.0158119,348.6495598324497,18.230042344180376,0.06093092680847847,0.007353682120316238,0.0023939362469154323,0.004835490813311063,0.06093092680847847,16.412026738789915,0.05406362394324503,18.49672528518956,storage,0.23476917999694658,0.005707467716461356,0.34228116908245343,zipf_mandelbrot_transferred (ASSUMPTION),6000000000.0,50000000000.0,0.000542
1xL40S,mimo_v2_pro,4,finite_16tok,2,107.08496732026144,2570,165270368.9782178,165270368.9782178,157.61410615751058,8.241260452680292,0.027545061496369636,0.0033054073795643563,0.0023939362469154323,0.004835490813311063,0.027545061496369636,36.3041483908757,0.02839228893122282,35.22083064251669,storage,0.0,0.0,0.34228116908245343,zipf_mandelbrot_transferred (ASSUMPTION),6000000000.0,50000000000.0,0.000542
1xL40S,mimo_v2_pro,4,steady_state,4,214.16993464052288,2570,363492740.4872048,367684106.0158119,346.65369080276946,18.125683179229775,0.06058212341453413,0.007353682120316238,0.0023939362469154323,0.004835490813311063,0.06058212341453413,16.50651947534893,0.05381656661171955,18.581638758467946,storage,0.23476917999694658,0.011399365542406503,0.34228116908245343,zipf_mandelbrot_transferred (ASSUMPTION),6000000000.0,50000000000.0,0.000542
1xL40S,mimo_v2_pro,4,finite_16tok,4,214.16993464052288,2570,165270368.9782178,165270368.9782178,157.61410615751058,8.241260452680292,0.027545061496369636,0.0033054073795643563,0.0023939362469154323,0.004835490813311063,0.027545061496369636,36.3041483908757,0.02839228893122282,35.22083064251669,storage,0.0,0.0,0.34228116908245343,zipf_mandelbrot_transferred (ASSUMPTION),6000000000.0,50000000000.0,0.000542
1xL40S,mimo_v2_pro,4,steady_state,8,428.33986928104576,2570,359324308.38133293,367684106.0158119,342.67836416371625,17.917822962808692,0.059887384730222155,0.007353682120316238,0.0023939362469154323,0.004835490813311063,0.059887384730222155,16.698007510342162,0.05332448342550769,18.753111812080892,storage,0.23476917999694658,0.0227363584601602,0.34228116908245343,zipf_mandelbrot_transferred (ASSUMPTION),6000000000.0,50000000000.0,0.000542
1xL40S,mimo_v2_pro,4,finite_16tok,8,428.33986928104576,2570,165270368.9782178,165270368.9782178,157.61410615751058,8.241260452680292,0.027545061496369636,0.0033054073795643563,0.0023939362469154323,0.004835490813311063,0.027545061496369636,36.3041483908757,0.02839228893122282,35.22083064251669,storage,0.0,0.0,0.34228116908245343,zipf_mandelbrot_transferred (ASSUMPTION),6000000000.0,50000000000.0,0.000542
1xL40S,mimo_v2_pro,4,steady_state,16,856.6797385620915,2570,351055972.00781465,367684106.0158119,334.79306412488427,17.505519692804405,0.05850932866796911,0.007353682120316238,0.0023939362469154323,0.004835490813311063,0.05850932866796911,17.09129164128402,0.052348406760705846,19.102778133653295,storage,0.23476917999694658,0.04522396735659351,0.34228116908245343,zipf_mandelbrot_transferred (ASSUMPTION),6000000000.0,50000000000.0,0.000542
1xL40S,mimo_v2_pro,4,finite_16tok,16,856.6797385620915,2570,165270368.9782178,165270368.9782178,157.61410615751058,8.241260452680292,0.027545061496369636,0.0033054073795643563,0.0023939362469154323,0.004835490813311063,0.027545061496369636,36.3041483908757,0.02839228893122282,35.22083064251669,storage,0.0,0.0,0.34228116908245343,zipf_mandelbrot_transferred (ASSUMPTION),6000000000.0,50000000000.0,0.000542
1xL40S,mimo_v2_pro,4,steady_state,32,1713.359477124183,2570,334774893.11297756,367684106.0158119,319.2662173394943,16.693658422980093,0.055795815518829596,0.007353682120316238,0.0023939362469154323,0.004835490813311063,0.055795815518829596,17.92249097358433,0.050426426271626384,19.830871904612316,storage,0.23476917999694658,0.08950403992012423,0.34228116908245343,zipf_mandelbrot_transferred (ASSUMPTION),6000000000.0,50000000000.0,0.000542
1xL40S,mimo_v2_pro,4,finite_16tok,32,1713.359477124183,2570,165270368.9782178,165270368.9782178,157.61410615751058,8.241260452680292,0.027545061496369636,0.0033054073795643563,0.0023939362469154323,0.004835490813311063,0.027545061496369636,36.3041483908757,0.02839228893122282,35.22083064251669,storage,0.0,0.0,0.34228116908245343,zipf_mandelbrot_transferred (ASSUMPTION),6000000000.0,50000000000.0,0.000542
1xL40S,mimo_v2_pro,4,steady_state,64,3426.718954248366,2570,303332952.0143165,367684106.0158119,289.2808456557431,15.125795851280685,0.050555492002386085,0.007353682120316238,0.0023939362469154323,0.004835490813311063,0.050555492002386085,19.780244645879474,0.04671470681367476,21.406534862534357,storage,0.23476917999694658,0.17501750265682714,0.34228116908245343,zipf_mandelbrot_transferred (ASSUMPTION),6000000000.0,50000000000.0,0.000542
1xL40S,mimo_v2_pro,4,finite_16tok,64,3426.718954248366,2570,165270368.9782178,165270368.9782178,157.61410615751058,8.241260452680292,0.027545061496369636,0.0033054073795643563,0.0023939362469154323,0.004835490813311063,0.027545061496369636,36.3041483908757,0.02839228893122282,35.22083064251669,storage,0.0,0.0,0.34228116908245343,zipf_mandelbrot_transferred (ASSUMPTION),6000000000.0,50000000000.0,0.000542
1xL40S,mimo_v2_pro,4,steady_state,128,6853.437908496732,2570,244784381.89520288,367684106.0158119,233.44457807083404,12.206252448148184,0.04079739698253381,0.007353682120316238,0.0023939362469154323,0.004835490813311063,0.04079739698253381,24.5113677332924,0.039803051255754604,25.123702039185325,storage,0.23476917999694658,0.33425356742323775,0.34228116908245343,zipf_mandelbrot_transferred (ASSUMPTION),6000000000.0,50000000000.0,0.000542
1xL40S,mimo_v2_pro,4,finite_16tok,128,6853.437908496732,2570,165270368.9782178,165270368.9782178,157.61410615751058,8.241260452680292,0.027545061496369636,0.0033054073795643563,0.0023939362469154323,0.004835490813311063,0.027545061496369636,36.3041483908757,0.02839228893122282,35.22083064251669,storage,0.0,0.0,0.34228116908245343,zipf_mandelbrot_transferred (ASSUMPTION),6000000000.0,50000000000.0,0.000542
1xL40S,mimo_v2_pro,4,steady_state,256,13706.875816993464,2570,144019220.0792391,367684106.0158119,137.34743125842962,7.181565033120503,0.02400320334653985,0.007353682120316238,0.0023939362469154323,0.004835490813311063,0.02400320334653985,41.66110604333791,0.027907729315472623,35.83236703695486,storage,0.23476917999694658,0.6083071916275715,0.34228116908245343,zipf_mandelbrot_transferred (ASSUMPTION),6000000000.0,50000000000.0,0.000542
1xL40S,mimo_v2_pro,4,finite_16tok,256,13706.875816993464,2570,165270368.9782178,165270368.9782178,157.61410615751058,8.241260452680292,0.027545061496369636,0.0033054073795643563,0.0023939362469154323,0.004835490813311063,0.027545061496369636,36.3041483908757,0.02839228893122282,35.22083064251669,storage,0.0,0.0,0.34228116908245343,zipf_mandelbrot_transferred (ASSUMPTION),6000000000.0,50000000000.0,0.000542
1xL40S,mimo_v2_pro,8,steady_state,2,107.08496732026144,2570,730836161.8637993,735030055.3228205,696.9796770704263,36.44338180760399,0.12180602697729989,0.01470060110645641,0.0023888386239312724,0.004548639663368881,0.12180602697729989,8.209774383219663,0.10056294849537079,9.944020287412645,storage,0.23343742154084493,0.0057057441782828455,0.6830587928239465,zipf_mandelbrot_transferred (ASSUMPTION),6000000000.0,50000000000.0,0.000542
1xL40S,mimo_v2_pro,8,finite_16tok,2,107.08496732026144,2570,165270368.9782178,165270368.9782178,157.61410615751058,8.241260452680292,0.027545061496369636,0.0033054073795643563,0.0023888386239312724,0.004548639663368881,0.027545061496369636,36.3041483908757,0.028100340158296475,35.586757824522465,storage,0.0,0.0,0.6830587928239465,zipf_mandelbrot_transferred (ASSUMPTION),6000000000.0,50000000000.0,0.000542
1xL40S,mimo_v2_pro,8,steady_state,4,214.16993464052288,2570,726653698.2620856,735030055.3228205,692.9909689541679,36.23482190610028,0.1211089497103476,0.01470060110645641,0.0023888386239312724,0.004548639663368881,0.1211089497103476,8.257028092404964,0.10006920889182841,9.993083897375143,storage,0.23343742154084493,0.011395938166169461,0.6830587928239465,zipf_mandelbrot_transferred (ASSUMPTION),6000000000.0,50000000000.0,0.000542
1xL40S,mimo_v2_pro,8,finite_16tok,4,214.16993464052288,2570,165270368.9782178,165270368.9782178,157.61410615751058,8.241260452680292,0.027545061496369636,0.0033054073795643563,0.0023888386239312724,0.004548639663368881,0.027545061496369636,36.3041483908757,0.028100340158296475,35.586757824522465,storage,0.0,0.0,0.6830587928239465,zipf_mandelbrot_transferred (ASSUMPTION),6000000000.0,50000000000.0,0.000542
1xL40S,mimo_v2_pro,8,steady_state,8,428.33986928104576,2570,718323128.6285667,735030055.3228205,685.0463186536472,35.819415354439066,0.11972052143809446,0.01470060110645641,0.0023888386239312724,0.004548639663368881,0.11972052143809446,8.352786873861753,0.09908578559402606,10.092264939970265,storage,0.23343742154084493,0.02272958306026851,0.6830587928239465,zipf_mandelbrot_transferred (ASSUMPTION),6000000000.0,50000000000.0,0.000542
1xL40S,mimo_v2_pro,8,finite_16tok,8,428.33986928104576,2570,165270368.9782178,165270368.9782178,157.61410615751058,8.241260452680292,0.027545061496369636,0.0033054073795643563,0.0023888386239312724,0.004548639663368881,0.027545061496369636,36.3041483908757,0.028100340158296475,35.586757824522465,storage,0.0,0.0,0.6830587928239465,zipf_mandelbrot_transferred (ASSUMPTION),6000000000.0,50000000000.0,0.000542
1xL40S,mimo_v2_pro,8,steady_state,16,856.6797385620915,2570,701798826.7952634,735030055.3228205,669.2875163986811,34.995425694048684,0.11696647113254391,0.01470060110645641,0.0023888386239312724,0.004548639663368881,0.11696647113254391,8.54945857832046,0.09713509265012416,10.294940507257774,storage,0.23343742154084493,0.045210707081851376,0.6830587928239465,zipf_mandelbrot_transferred (ASSUMPTION),6000000000.0,50000000000.0,0.000542
1xL40S,mimo_v2_pro,8,finite_16tok,16,856.6797385620915,2570,165270368.9782178,165270368.9782178,157.61410615751058,8.241260452680292,0.027545061496369636,0.0033054073795643563,0.0023888386239312724,0.004548639663368881,0.027545061496369636,36.3041483908757,0.028100340158296475,35.586757824522465,storage,0.0,0.0,0.6830587928239465,zipf_mandelbrot_transferred (ASSUMPTION),6000000000.0,50000000000.0,0.000542
1xL40S,mimo_v2_pro,8,steady_state,32,1713.359477124183,2570,669260473.2755531,735030055.3228205,638.2565243487865,33.37289016202805,0.11154341221259219,0.01470060110645641,0.0023888386239312724,0.004548639663368881,0.11154341221259219,8.965119321382115,0.09329394176475593,10.718809614900144,storage,0.23343742154084493,0.0894787656246,0.6830587928239465,zipf_mandelbrot_transferred (ASSUMPTION),6000000000.0,50000000000.0,0.000542
1xL40S,mimo_v2_pro,8,finite_16tok,32,1713.359477124183,2570,165270368.9782178,165270368.9782178,157.61410615751058,8.241260452680292,0.027545061496369636,0.0033054073795643563,0.0023888386239312724,0.004548639663368881,0.027545061496369636,36.3041483908757,0.028100340158296475,35.586757824522465,storage,0.0,0.0,0.6830587928239465,zipf_mandelbrot_transferred (ASSUMPTION),6000000000.0,50000000000.0,0.000542
1xL40S,mimo_v2_pro,8,steady_state,64,3426.718954248366,2570,606420554.1704506,735030055.3228205,578.3277074532037,30.2393572524551,0.10107009236174178,0.01470060110645641,0.0023888386239312724,0.004548639663368881,0.10107009236174178,9.894123737622422,0.08587569268952795,11.64473867611602,storage,0.23343742154084493,0.1749717582580831,0.6830587928239465,zipf_mandelbrot_transferred (ASSUMPTION),6000000000.0,50000000000.0,0.000542
1xL40S,mimo_v2_pro,8,finite_16tok,64,3426.718954248366,2570,165270368.9782178,165270368.9782178,157.61410615751058,8.241260452680292,0.027545061496369636,0.0033054073795643563,0.0023888386239312724,0.004548639663368881,0.027545061496369636,36.3041483908757,0.028100340158296475,35.586757824522465,storage,0.0,0.0,0.6830587928239465,zipf_mandelbrot_transferred (ASSUMPTION),6000000000.0,50000000000.0,0.000542
1xL40S,mimo_v2_pro,8,steady_state,128,6853.437908496732,2570,489396181.949864,735030055.3228205,466.72456927286527,24.403899046947203,0.08156603032497733,0.01470060110645641,0.0023888386239312724,0.004548639663368881,0.08156603032497733,12.260005740328124,0.07206097183426173,13.877137298397429,storage,0.23343742154084493,0.33418208084712353,0.6830587928239465,zipf_mandelbrot_transferred (ASSUMPTION),6000000000.0,50000000000.0,0.000542
1xL40S,mimo_v2_pro,8,finite_16tok,128,6853.437908496732,2570,165270368.9782178,165270368.9782178,157.61410615751058,8.241260452680292,0.027545061496369636,0.0033054073795643563,0.0023888386239312724,0.004548639663368881,0.027545061496369636,36.3041483908757,0.028100340158296475,35.586757824522465,storage,0.0,0.0,0.6830587928239465,zipf_mandelbrot_transferred (ASSUMPTION),6000000000.0,50000000000.0,0.000542
1xL40S,mimo_v2_pro,8,steady_state,256,13706.875816993464,2570,287962185.36599123,735030055.3228205,274.62214027976154,14.359327596327402,0.04799369756099854,0.01470060110645641,0.0023888386239312724,0.004548639663368881,0.04799369756099854,20.836069126139535,0.04828169935654693,20.711781344216533,storage,0.23343742154084493,0.6082307338581956,0.6830587928239465,zipf_mandelbrot_transferred (ASSUMPTION),6000000000.0,50000000000.0,0.000542
1xL40S,mimo_v2_pro,8,finite_16tok,256,13706.875816993464,2570,165270368.9782178,165270368.9782178,157.61410615751058,8.241260452680292,0.027545061496369636,0.0033054073795643563,0.0023888386239312724,0.004548639663368881,0.027545061496369636,36.3041483908757,0.028100340158296475,35.586757824522465,storage,0.0,0.0,0.6830587928239465,zipf_mandelbrot_transferred (ASSUMPTION),6000000000.0,50000000000.0,0.000542
1xL40S,mimo_v2_pro,16,steady_state,2,107.08496732026144,2570,1460285168.3366284,1468659497.7842133,1392.6364596716198,72.81759266256836,0.24338086138943807,0.029373189955684265,0.0023789956696074243,0.00440521408839779,0.24338086138943807,4.1087865097160705,0.19385739042613226,5.158431142613785,storage,0.23089888587383758,0.005702022463490941,1.360311221324406,zipf_mandelbrot_transferred (ASSUMPTION),6000000000.0,50000000000.0,0.000542
1xL40S,mimo_v2_pro,16,finite_16tok,2,107.08496732026144,2570,165270368.9782178,165270368.9782178,157.61410615751058,8.241260452680292,0.027545061496369636,0.0033054073795643563,0.0023789956696074243,0.00440521408839779,0.027545061496369636,36.3041483908757,0.027947071629001535,35.78192424863109,storage,0.0,0.0,1.360311221324406,zipf_mandelbrot_transferred (ASSUMPTION),6000000000.0,50000000000.0,0.000542
1xL40S,mimo_v2_pro,16,steady_state,4,214.16993464052288,2570,1451933612.2757294,1468659497.7842133,1384.6717951543135,72.40113961591182,0.24198893537928823,0.029373189955684265,0.0023789956696074243,0.00440521408839779,0.24198893537928823,4.1324203457179625,0.19287148968170484,5.18479948306666,storage,0.23089888587383758,0.011388538686957994,1.360311221324406,zipf_mandelbrot_transferred (ASSUMPTION),6000000000.0,50000000000.0,0.000542
1xL40S,mimo_v2_pro,16,finite_16tok,4,214.16993464052288,2570,165270368.9782178,165270368.9782178,157.61410615751058,8.241260452680292,0.027545061496369636,0.0033054073795643563,0.0023789956696074243,0.00440521408839779,0.027545061496369636,36.3041483908757,0.027947071629001535,35.78192424863109,storage,0.0,0.0,1.360311221324406,zipf_mandelbrot_transferred (ASSUMPTION),6000000000.0,50000000000.0,0.000542
1xL40S,mimo_v2_pro,16,steady_state,8,428.33986928104576,2570,1435298954.1897578,1468659497.7842133,1368.8077489755228,71.5716470052561,0.23921649236495965,0.029373189955684265,0.0023789956696074243,0.00440521408839779,0.23921649236495965,4.180313782355583,0.19090776918810268,5.238131503253246,storage,0.23089888587383758,0.022714961258744393,1.360311221324406,zipf_mandelbrot_transferred (ASSUMPTION),6000000000.0,50000000000.0,0.000542
1xL40S,mimo_v2_pro,16,finite_16tok,8,428.33986928104576,2570,165270368.9782178,165270368.9782178,157.61410615751058,8.241260452680292,0.027545061496369636,0.0033054073795643563,0.0023789956696074243,0.00440521408839779,0.027545061496369636,36.3041483908757,0.027947071629001535,35.78192424863109,storage,0.0,0.0,1.360311221324406,zipf_mandelbrot_transferred (ASSUMPTION),6000000000.0,50000000000.0,0.000542
1xL40S,mimo_v2_pro,16,steady_state,16,856.6797385620915,2570,1402302377.585731,1468659497.7842133,1337.339761338931,69.92626203079378,0.23371706293095518,0.029373189955684265,0.0023789956696074243,0.00440521408839779,0.23371706293095518,4.27867776301562,0.187012525092242,5.347235429855622,storage,0.23089888587383758,0.04518209993439337,1.360311221324406,zipf_mandelbrot_transferred (ASSUMPTION),6000000000.0,50000000000.0,0.000542
1xL40S,mimo_v2_pro,16,finite_16tok,16,856.6797385620915,2570,165270368.9782178,165270368.9782178,157.61410615751058,8.241260452680292,0.027545061496369636,0.0033054073795643563,0.0023789956696074243,0.00440521408839779,0.027545061496369636,36.3041483908757,0.027947071629001535,35.78192424863109,storage,0.0,0.0,1.360311221324406,zipf_mandelbrot_transferred (ASSUMPTION),6000000000.0,50000000000.0,0.000542
1xL40S,mimo_v2_pro,16,steady_state,32,1713.359477124183,2570,1337325615.30021,1468659497.7842133,1275.3730919839954,66.6861747442612,0.222887602550035,0.029373189955684265,0.0023789956696074243,0.00440521408839779,0.222887602550035,4.486566271784967,0.1793420217943354,5.575938031672092,storage,0.23089888587383758,0.08942432380149967,1.360311221324406,zipf_mandelbrot_transferred (ASSUMPTION),6000000000.0,50000000000.0,0.000542
1xL40S,mimo_v2_pro,16,finite_16tok,32,1713.359477124183,2570,165270368.9782178,165270368.9782178,157.61410615751058,8.241260452680292,0.027545061496369636,0.0033054073795643563,0.0023789956696074243,0.00440521408839779,0.027545061496369636,36.3041483908757,0.027947071629001535,35.78192424863109,storage,0.0,0.0,1.360311221324406,zipf_mandelbrot_transferred (ASSUMPTION),6000000000.0,50000000000.0,0.000542
1xL40S,mimo_v2_pro,16,steady_state,64,3426.718954248366,2570,1211829979.181168,1468659497.7842133,1155.6911269962006,60.42829422202357,0.20197166319686136,0.029373189955684265,0.0023789956696074243,0.00440521408839779,0.20197166319686136,4.951189608342741,0.16452726869084777,6.078019819796762,storage,0.23089888587383758,0.1748734264072287,1.360311221324406,zipf_mandelbrot_transferred (ASSUMPTION),6000000000.0,50000000000.0,0.000542
1xL40S,mimo_v2_pro,16,finite_16tok,64,3426.718954248366,2570,165270368.9782178,165270368.9782178,157.61410615751058,8.241260452680292,0.027545061496369636,0.0033054073795643563,0.0023789956696074243,0.00440521408839779,0.027545061496369636,36.3041483908757,0.027947071629001535,35.78192424863109,storage,0.0,0.0,1.360311221324406,zipf_mandelbrot_transferred (ASSUMPTION),6000000000.0,50000000000.0,0.000542
1xL40S,mimo_v2_pro,16,steady_state,128,6853.437908496732,2570,978083784.0103943,1468659497.7842133,932.7733841041511,48.77246452832163,0.1630139640017324,0.029373189955684265,0.0023789956696074243,0.00440521408839779,0.1630139640017324,6.134443795191513,0.13693354290543608,7.302812581798038,storage,0.23089888587383758,0.33402957902356334,1.360311221324406,zipf_mandelbrot_transferred (ASSUMPTION),6000000000.0,50000000000.0,0.000542
1xL40S,mimo_v2_pro,16,finite_16tok,128,6853.437908496732,2570,165270368.9782178,165270368.9782178,157.61410615751058,8.241260452680292,0.027545061496369636,0.0033054073795643563,0.0023789956696074243,0.00440521408839779,0.027545061496369636,36.3041483908757,0.027947071629001535,35.78192424863109,storage,0.0,0.0,1.360311221324406,zipf_mandelbrot_transferred (ASSUMPTION),6000000000.0,50000000000.0,0.000542
1xL40S,mimo_v2_pro,16,steady_state,256,13706.875816993464,2570,575612686.277729,1468659497.7842133,548.9470351006785,28.703112946440704,0.09593544771295484,0.029373189955684265,0.0023789956696074243,0.00440521408839779,0.09593544771295484,10.423675751137012,0.08942185143480044,11.182948954362942,storage,0.23089888587383758,0.6080693400027959,1.360311221324406,zipf_mandelbrot_transferred (ASSUMPTION),6000000000.0,50000000000.0,0.000542
1xL40S,mimo_v2_pro,16,finite_16tok,256,13706.875816993464,2570,165270368.9782178,165270368.9782178,157.61410615751058,8.241260452680292,0.027545061496369636,0.0033054073795643563,0.0023789956696074243,0.00440521408839779,0.027545061496369636,36.3041483908757,0.027947071629001535,35.78192424863109,storage,0.0,0.0,1.360311221324406,zipf_mandelbrot_transferred (ASSUMPTION),6000000000.0,50000000000.0,0.000542
1xRTXPRO6000,mimo_v2_pro,1,steady_state,2,107.08496732026144,5140,75353684.48077153,75711857.54372202,71.86287353589204,3.757535871157754,0.009419210560096442,0.0010094914339162937,0.0023625957547080112,0.0033906976744186045,0.009419210560096442,106.16600973296016,0.012929662950368688,77.34153657667349,storage,0.37076728551759086,0.004730739339523504,0.08571428571428576,zipf_mandelbrot_transferred (ASSUMPTION),8000000000.0,75000000000.0,0.000842
1xRTXPRO6000,mimo_v2_pro,1,finite_16tok,2,107.08496732026144,5140,165270368.9782178,165270368.9782178,157.61410615751058,8.241260452680292,0.020658796122277227,0.0022036049197095707,0.0023625957547080112,0.0033906976744186045,0.020658796122277227,48.40553118783427,0.02148771452489201,46.53822065820775,storage,0.0,0.0,0.08571428571428576,zipf_mandelbrot_transferred (ASSUMPTION),8000000000.0,75000000000.0,0.000842
1xRTXPRO6000,mimo_v2_pro,1,steady_state,4,214.16993464052288,5140,74995834.61937623,75711857.54372202,71.5216013139498,3.7396915719712314,0.009374479327422029,0.0010094914339162937,0.0023625957547080112,0.0033906976744186045,0.009374479327422029,106.672591092587,0.012897979832680477,77.53152144541527,storage,0.37076728551759086,0.009457209842359426,0.08571428571428576,zipf_mandelbrot_transferred (ASSUMPTION),8000000000.0,75000000000.0,0.000842
1xRTXPRO6000,mimo_v2_pro,1,finite_16tok,4,214.16993464052288,5140,165270368.9782178,165270368.9782178,157.61410615751058,8.241260452680292,0.020658796122277227,0.0022036049197095707,0.0023625957547080112,0.0033906976744186045,0.020658796122277227,48.40553118783427,0.02148771452489201,46.53822065820775,storage,0.0,0.0,0.08571428571428576,zipf_mandelbrot_transferred (ASSUMPTION),8000000000.0,75000000000.0,0.000842
1xRTXPRO6000,mimo_v2_pro,1,steady_state,8,428.33986928104576,5140,74281105.70237766,75711857.54372202,70.83998270261542,3.7040513831432897,0.009285138212797209,0.0010094914339162937,0.0023625957547080112,0.0033906976744186045,0.009285138212797209,107.69898918917045,0.012834699549982762,77.91378334223204,storage,0.37076728551759086,0.018897328473523878,0.08571428571428576,zipf_mandelbrot_transferred (ASSUMPTION),8000000000.0,75000000000.0,0.000842
1xRTXPRO6000,mimo_v2_pro,1,finite_16tok,8,428.33986928104576,5140,165270368.9782178,165270368.9782178,157.61410615751058,8.241260452680292,0.020658796122277227,0.0022036049197095707,0.0023625957547080112,0.0033906976744186045,0.020658796122277227,48.40553118783427,0.02148771452489201,46.53822065820775,storage,0.0,0.0,0.08571428571428576,zipf_mandelbrot_transferred (ASSUMPTION),8000000000.0,75000000000.0,0.000842
1xRTXPRO6000,mimo_v2_pro,1,steady_state,16,856.6797385620915,5140,72855548.60572451,75711857.54372202,69.48046551296665,3.6329655170178636,0.009106943575715565,0.0010094914339162937,0.0023625957547080112,0.0033906976744186045,0.009106943575715565,109.8063243376828,0.01270848434596279,78.68758954860563,storage,0.37076728551759086,0.03772604491110321,0.08571428571428576,zipf_mandelbrot_transferred (ASSUMPTION),8000000000.0,75000000000.0,0.000842
1xRTXPRO6000,mimo_v2_pro,1,finite_16tok,16,856.6797385620915,5140,165270368.9782178,165270368.9782178,157.61410615751058,8.241260452680292,0.020658796122277227,0.0022036049197095707,0.0023625957547080112,0.0033906976744186045,0.020658796122277227,48.40553118783427,0.02148771452489201,46.53822065820775,storage,0.0,0.0,0.08571428571428576,zipf_mandelbrot_transferred (ASSUMPTION),8000000000.0,75000000000.0,0.000842
1xRTXPRO6000,mimo_v2_pro,1,steady_state,32,1713.359477124183,5140,70016994.56886943,75711857.54372202,66.77340943228667,3.4914201010345973,0.00875212432110868,0.0010094914339162937,0.0023625957547080112,0.0033906976744186045,0.00875212432110868,114.25797478540896,0.012457165982268696,80.27508033716352,storage,0.37076728551759086,0.07521758360721653,0.08571428571428576,zipf_mandelbrot_transferred (ASSUMPTION),8000000000.0,75000000000.0,0.000842
1xRTXPRO6000,mimo_v2_pro,1,finite_16tok,32,1713.359477124183,5140,165270368.9782178,165270368.9782178,157.61410615751058,8.241260452680292,0.020658796122277227,0.0022036049197095707,0.0023625957547080112,0.0033906976744186045,0.020658796122277227,48.40553118783427,0.02148771452489201,46.53822065820775,storage,0.0,0.0,0.08571428571428576,zipf_mandelbrot_transferred (ASSUMPTION),8000000000.0,75000000000.0,0.000842
1xRTXPRO6000,mimo_v2_pro,1,steady_state,64,3426.718954248366,5140,64409094.48922326,75711857.54372202,61.42529915735555,3.2117803480970224,0.008051136811152907,0.0010094914339162937,0.0023625957547080112,0.0033906976744186045,0.008051136811152907,124.2060622562942,0.011960656754867079,83.6074490301777,storage,0.37076728551759086,0.14928656383805738,0.08571428571428576,zipf_mandelbrot_transferred (ASSUMPTION),8000000000.0,75000000000.0,0.000842
1xRTXPRO6000,mimo_v2_pro,1,finite_16tok,64,3426.718954248366,5140,165270368.9782178,165270368.9782178,157.61410615751058,8.241260452680292,0.020658796122277227,0.0022036049197095707,0.0023625957547080112,0.0033906976744186045,0.020658796122277227,48.40553118783427,0.02148771452489201,46.53822065820775,storage,0.0,0.0,0.08571428571428576,zipf_mandelbrot_transferred (ASSUMPTION),8000000000.0,75000000000.0,0.000842
1xRTXPRO6000,mimo_v2_pro,1,steady_state,128,6853.437908496732,5140,53468042.1525765,75711857.54372202,50.99109854943895,2.666201231343213,0.0066835052690720625,0.0010094914339162937,0.0023625957547080112,0.0033906976744186045,0.0066835052690720625,149.62208597747392,0.010991963774343807,90.9755545532352,storage,0.37076728551759086,0.2937956630941221,0.08571428571428576,zipf_mandelbrot_transferred (ASSUMPTION),8000000000.0,75000000000.0,0.000842
1xRTXPRO6000,mimo_v2_pro,1,finite_16tok,128,6853.437908496732,5140,165270368.9782178,165270368.9782178,157.61410615751058,8.241260452680292,0.020658796122277227,0.0022036049197095707,0.0023625957547080112,0.0033906976744186045,0.020658796122277227,48.40553118783427,0.02148771452489201,46.53822065820775,storage,0.0,0.0,0.08571428571428576,zipf_mandelbrot_transferred (ASSUMPTION),8000000000.0,75000000000.0,0.000842
1xRTXPRO6000,mimo_v2_pro,1,steady_state,256,13706.875816993464,5140,32870362.05169806,75711857.54372202,31.347620059679087,1.6390912449505406,0.004108795256462258,0.0010094914339162937,0.0023625957547080112,0.0033906976744186045,0.004108795256462258,243.38034328364586,0.009168297502137672,109.07150425330775,storage,0.37076728551759086,0.5658492194209326,0.08571428571428576,zipf_mandelbrot_transferred (ASSUMPTION),8000000000.0,75000000000.0,0.000842
1xRTXPRO6000,mimo_v2_pro,1,finite_16tok,256,13706.875816993464,5140,165270368.9782178,165270368.9782178,157.61410615751058,8.241260452680292,0.020658796122277227,0.0022036049197095707,0.0023625957547080112,0.0033906976744186045,0.020658796122277227,48.40553118783427,0.02148771452489201,46.53822065820775,storage,0.0,0.0,0.08571428571428576,zipf_mandelbrot_transferred (ASSUMPTION),8000000000.0,75000000000.0,0.000842
1xRTXPRO6000,mimo_v2_pro,4,steady_state,2,107.08496732026144,5140,301324577.0103887,302756682.37158346,287.36550999678485,15.025647581531235,0.03766557212629859,0.0040367557649544465,0.0023586901895452663,0.002500639534883721,0.03766557212629859,26.549444055883253,0.03355622020586587,29.800734226472645,storage,0.3698973098863085,0.0047302188344009455,0.34228116908245343,zipf_mandelbrot_transferred (ASSUMPTION),8000000000.0,75000000000.0,0.000842
1xRTXPRO6000,mimo_v2_pro,4,finite_16tok,2,107.08496732026144,5140,165270368.9782178,165270368.9782178,157.61410615751058,8.241260452680292,0.020658796122277227,0.0022036049197095707,0.0023586901895452663,0.002500639534883721,0.020658796122277227,48.40553118783427,0.020593750820194382,48.5584199173369,storage,0.0,0.0,0.34228116908245343,zipf_mandelbrot_transferred (ASSUMPTION),8000000000.0,75000000000.0,0.000842
1xRTXPRO6000,mimo_v2_pro,4,steady_state,4,214.16993464052288,5140,299893763.1812301,302756682.37158346,286.00097959635747,14.954299586737644,0.037486720397653765,0.0040367557649544465,0.0023586901895452663,0.002500639534883721,0.037486720397653765,26.676113284708375,0.033429539584103454,29.91366355747011,storage,0.3698973098863085,0.009456171761188958,0.34228116908245343,zipf_mandelbrot_transferred (ASSUMPTION),8000000000.0,75000000000.0,0.000842
1xRTXPRO6000,mimo_v2_pro,4,finite_16tok,4,214.16993464052288,5140,165270368.9782178,165270368.9782178,157.61410615751058,8.241260452680292,0.020658796122277227,0.0022036049197095707,0.0023586901895452663,0.002500639534883721,0.020658796122277227,48.40553118783427,0.020593750820194382,48.5584199173369,storage,0.0,0.0,0.34228116908245343,zipf_mandelbrot_transferred (ASSUMPTION),8000000000.0,75000000000.0,0.000842
1xRTXPRO6000,mimo_v2_pro,4,steady_state,8,428.33986928104576,5140,297036014.81756,302756682.37158346,283.2756183791733,14.811797039433898,0.037129501852195004,0.0040367557649544465,0.0023586901895452663,0.002500639534883721,0.037129501852195004,26.932761015237872,0.03317652180347217,30.141797441085053,storage,0.3698973098863085,0.01889526437273603,0.34228116908245343,zipf_mandelbrot_transferred (ASSUMPTION),8000000000.0,75000000000.0,0.000842
1xRTXPRO6000,mimo_v2_pro,4,finite_16tok,8,428.33986928104576,5140,165270368.9782178,165270368.9782178,157.61410615751058,8.241260452680292,0.020658796122277227,0.0022036049197095707,0.0023586901895452663,0.002500639534883721,0.020658796122277227,48.40553118783427,0.020593750820194382,48.5584199173369,storage,0.0,0.0,0.34228116908245343,zipf_mandelbrot_transferred (ASSUMPTION),8000000000.0,75000000000.0,0.000842
1xRTXPRO6000,mimo_v2_pro,4,steady_state,16,856.6797385620915,5140,291336104.60874563,302756682.37158346,277.83976040720523,14.527569171618573,0.036417013076093206,0.0040367557649544465,0.0023586901895452663,0.002500639534883721,0.036417013076093206,27.459693026182677,0.03267186623296572,30.607373110232864,storage,0.3698973098863085,0.03772196759911983,0.34228116908245343,zipf_mandelbrot_transferred (ASSUMPTION),8000000000.0,75000000000.0,0.000842
1xRTXPRO6000,mimo_v2_pro,4,finite_16tok,16,856.6797385620915,5140,165270368.9782178,165270368.9782178,157.61410615751058,8.241260452680292,0.020658796122277227,0.0022036049197095707,0.0023586901895452663,0.002500639534883721,0.020658796122277227,48.40553118783427,0.020593750820194382,48.5584199173369,storage,0.0,0.0,0.34228116908245343,zipf_mandelbrot_transferred (ASSUMPTION),8000000000.0,75000000000.0,0.000842
1xRTXPRO6000,mimo_v2_pro,4,steady_state,32,1713.359477124183,5140,279986458.46964586,302756682.37158346,267.0158943840464,13.961615392629879,0.034998307308705734,0.0040367557649544465,0.0023586901895452663,0.002500639534883721,0.034998307308705734,28.572810427070362,0.03166699739511693,31.578617559560627,storage,0.3698973098863085,0.07520964929187257,0.34228116908245343,zipf_mandelbrot_transferred (ASSUMPTION),8000000000.0,75000000000.0,0.000842
1xRTXPRO6000,mimo_v2_pro,4,finite_16tok,32,1713.359477124183,5140,165270368.9782178,165270368.9782178,157.61410615751058,8.241260452680292,0.020658796122277227,0.0022036049197095707,0.0023586901895452663,0.002500639534883721,0.020658796122277227,48.40553118783427,0.020593750820194382,48.5584199173369,storage,0.0,0.0,0.34228116908245343,zipf_mandelbrot_transferred (ASSUMPTION),8000000000.0,75000000000.0,0.000842
1xRTXPRO6000,mimo_v2_pro,4,steady_state,64,3426.718954248366,5140,257563757.43014243,302756682.37158346,245.63194029821628,12.843500146311962,0.0321954696787678,0.0040367557649544465,0.0023586901895452663,0.002500639534883721,0.0321954696787678,31.0602705901656,0.02968174840507363,33.690737700244966,storage,0.3698973098863085,0.14927143667790044,0.34228116908245343,zipf_mandelbrot_transferred (ASSUMPTION),8000000000.0,75000000000.0,0.000842
1xRTXPRO6000,mimo_v2_pro,4,finite_16tok,64,3426.718954248366,5140,165270368.9782178,165270368.9782178,157.61410615751058,8.241260452680292,0.020658796122277227,0.0022036049197095707,0.0023586901895452663,0.002500639534883721,0.020658796122277227,48.40553118783427,0.020593750820194382,48.5584199173369,storage,0.0,0.0,0.34228116908245343,zipf_mandelbrot_transferred (ASSUMPTION),8000000000.0,75000000000.0,0.000842
1xRTXPRO6000,mimo_v2_pro,4,steady_state,128,6853.437908496732,5140,213816087.12557125,302756682.37158346,203.91091072613835,10.66200840398109,0.026727010890696408,0.0040367557649544465,0.0023586901895452663,0.002500639534883721,0.026727010890696408,37.415332529688044,0.025808440807746788,38.74701332983413,storage,0.3698973098863085,0.29376922269498407,0.34228116908245343,zipf_mandelbrot_transferred (ASSUMPTION),8000000000.0,75000000000.0,0.000842
1xRTXPRO6000,mimo_v2_pro,4,finite_16tok,128,6853.437908496732,5140,165270368.9782178,165270368.9782178,157.61410615751058,8.241260452680292,0.020658796122277227,0.0022036049197095707,0.0023586901895452663,0.002500639534883721,0.020658796122277227,48.40553118783427,0.020593750820194382,48.5584199173369,storage,0.0,0.0,0.34228116908245343,zipf_mandelbrot_transferred (ASSUMPTION),8000000000.0,75000000000.0,0.000842
1xRTXPRO6000,mimo_v2_pro,4,steady_state,256,13706.875816993464,5140,131452884.43312246,302756682.37158346,125.36323970138784,6.554940637981064,0.01643161055414031,0.0040367557649544465,0.0023586901895452663,0.002500639534883721,0.01643161055414031,60.858307023837526,0.01851621206715718,54.006726449938064,storage,0.3698973098863085,0.56581343340331,0.34228116908245343,zipf_mandelbrot_transferred (ASSUMPTION),8000000000.0,75000000000.0,0.000842
1xRTXPRO6000,mimo_v2_pro,4,finite_16tok,256,13706.875816993464,5140,165270368.9782178,165270368.9782178,157.61410615751058,8.241260452680292,0.020658796122277227,0.0022036049197095707,0.0023586901895452663,0.002500639534883721,0.020658796122277227,48.40553118783427,0.020593750820194382,48.5584199173369,storage,0.0,0.0,0.34228116908245343,zipf_mandelbrot_transferred (ASSUMPTION),8000000000.0,75000000000.0,0.000842
1xRTXPRO6000,mimo_v2_pro,8,steady_state,2,107.08496732026144,5140,602426757.0343816,605289542.7069873,574.518925699598,30.040205265338454,0.0753033446292977,0.008070527236093163,0.0023535925665611065,0.002352296511627907,0.0753033446292977,13.279622637251858,0.06207848742993059,16.10863990732253,storage,0.36874375515427243,0.004729613632184604,0.6830587928239465,zipf_mandelbrot_transferred (ASSUMPTION),8000000000.0,75000000000.0,0.000842
1xRTXPRO6000,mimo_v2_pro,8,finite_16tok,2,107.08496732026144,5140,165270368.9782178,165270368.9782178,157.61410615751058,8.241260452680292,0.020658796122277227,0.0022036049197095707,0.0023535925665611065,0.002352296511627907,0.020658796122277227,48.40553118783427,0.02044031017395441,48.9229366623911,storage,0.0,0.0,0.6830587928239465,zipf_mandelbrot_transferred (ASSUMPTION),8000000000.0,75000000000.0,0.000842
1xRTXPRO6000,mimo_v2_pro,8,steady_state,4,214.16993464052288,5140,599566551.4873095,605289542.7069873,571.7912211297125,29.89758018978889,0.07494581893591368,0.008070527236093163,0.0023535925665611065,0.002352296511627907,0.07494581893591368,13.342972485964856,0.06182525209652283,16.174620662100654,storage,0.36874375515427243,0.009454964634088125,0.6830587928239465,zipf_mandelbrot_transferred (ASSUMPTION),8000000000.0,75000000000.0,0.000842
1xRTXPRO6000,mimo_v2_pro,8,finite_16tok,4,214.16993464052288,5140,165270368.9782178,165270368.9782178,157.61410615751058,8.241260452680292,0.020658796122277227,0.0022036049197095707,0.0023535925665611065,0.002352296511627907,0.020658796122277227,48.40553118783427,0.02044031017395441,48.9229366623911,storage,0.0,0.0,0.6830587928239465,zipf_mandelbrot_transferred (ASSUMPTION),8000000000.0,75000000000.0,0.000842
1xRTXPRO6000,mimo_v2_pro,8,steady_state,8,428.33986928104576,5140,593853889.948966,605289542.7069873,566.3432025422726,29.612716472798567,0.07423173624362076,0.008070527236093163,0.0023535925665611065,0.002352296511627907,0.07423173624362076,13.471327098130981,0.061319467555691856,16.308034623617292,storage,0.36874375515427243,0.018892863582077646,0.6830587928239465,zipf_mandelbrot_transferred (ASSUMPTION),8000000000.0,75000000000.0,0.000842
1xRTXPRO6000,mimo_v2_pro,8,finite_16tok,8,428.33986928104576,5140,165270368.9782178,165270368.9782178,157.61410615751058,8.241260452680292,0.020658796122277227,0.0022036049197095707,0.0023535925665611065,0.002352296511627907,0.020658796122277227,48.40553118783427,0.02044031017395441,48.9229366623911,storage,0.0,0.0,0.6830587928239465,zipf_mandelbrot_transferred (ASSUMPTION),8000000000.0,75000000000.0,0.000842
1xRTXPRO6000,mimo_v2_pro,8,steady_state,16,856.6797385620915,5140,582459702.2910495,605289542.7069873,555.4768584166045,29.044541616554486,0.0728074627863812,0.008070527236093163,0.0023535925665611065,0.002352296511627907,0.0728074627863812,13.734855765184722,0.060310655124915076,16.580818064881004,storage,0.36874375515427243,0.037717222593732225,0.6830587928239465,zipf_mandelbrot_transferred (ASSUMPTION),8000000000.0,75000000000.0,0.000842
1xRTXPRO6000,mimo_v2_pro,8,finite_16tok,16,856.6797385620915,5140,165270368.9782178,165270368.9782178,157.61410615751058,8.241260452680292,0.020658796122277227,0.0022036049197095707,0.0023535925665611065,0.002352296511627907,0.020658796122277227,48.40553118783427,0.02044031017395441,48.9229366623911,storage,0.0,0.0,0.6830587928239465,zipf_mandelbrot_transferred (ASSUMPTION),8000000000.0,75000000000.0,0.000842
1xRTXPRO6000,mimo_v2_pro,8,steady_state,32,1713.359477124183,5140,559771525.5640869,605289542.7069873,533.8397269860143,27.913188339138003,0.06997144069551087,0.008070527236093163,0.0023535925665611065,0.002352296511627907,0.06997144069551087,14.291545094113756,0.058301901591887376,17.152099205957093,storage,0.36874375515427243,0.07520040233857983,0.6830587928239465,zipf_mandelbrot_transferred (ASSUMPTION),8000000000.0,75000000000.0,0.000842
1xRTXPRO6000,mimo_v2_pro,8,finite_16tok,32,1713.359477124183,5140,165270368.9782178,165270368.9782178,157.61410615751058,8.241260452680292,0.020658796122277227,0.0022036049197095707,0.0023535925665611065,0.002352296511627907,0.020658796122277227,48.40553118783427,0.02044031017395441,48.9229366623911,storage,0.0,0.0,0.6830587928239465,zipf_mandelbrot_transferred (ASSUMPTION),8000000000.0,75000000000.0,0.000842
1xRTXPRO6000,mimo_v2_pro,8,steady_state,64,3426.718954248366,5140,514947790.49794835,605289542.7069873,491.09248208803973,25.67803827911319,0.06436847381224355,0.008070527236093163,0.0023535925665611065,0.002352296511627907,0.06436847381224355,15.535555541007556,0.054333321954079805,18.404911830076525,storage,0.36874375515427243,0.14925377994308475,0.6830587928239465,zipf_mandelbrot_transferred (ASSUMPTION),8000000000.0,75000000000.0,0.000842
1xRTXPRO6000,mimo_v2_pro,8,finite_16tok,64,3426.718954248366,5140,165270368.9782178,165270368.9782178,157.61410615751058,8.241260452680292,0.020658796122277227,0.0022036049197095707,0.0023535925665611065,0.002352296511627907,0.020658796122277227,48.40553118783427,0.02044031017395441,48.9229366623911,storage,0.0,0.0,0.6830587928239465,zipf_mandelbrot_transferred (ASSUMPTION),8000000000.0,75000000000.0,0.000842
1xRTXPRO6000,mimo_v2_pro,8,steady_state,128,6853.437908496732,5140,427492911.1373904,605289542.7069873,407.68900979746854,21.317072407710775,0.0534366138921738,0.008070527236093163,0.0023535925665611065,0.002352296511627907,0.0534366138921738,18.71376060649789,0.046590289095592784,21.46370025625351,storage,0.36874375515427243,0.2937381517850969,0.6830587928239465,zipf_mandelbrot_transferred (ASSUMPTION),8000000000.0,75000000000.0,0.000842
1xRTXPRO6000,mimo_v2_pro,8,finite_16tok,128,6853.437908496732,5140,165270368.9782178,165270368.9782178,157.61410615751058,8.241260452680292,0.020658796122277227,0.0022036049197095707,0.0023535925665611065,0.002352296511627907,0.020658796122277227,48.40553118783427,0.02044031017395441,48.9229366623911,storage,0.0,0.0,0.6830587928239465,zipf_mandelbrot_transferred (ASSUMPTION),8000000000.0,75000000000.0,0.000842
1xRTXPRO6000,mimo_v2_pro,8,steady_state,256,13706.875816993464,5140,262834587.35824317,605289542.7069873,250.65859542679135,13.10633178702177,0.032854323419780396,0.008070527236093163,0.0023535925665611065,0.002352296511627907,0.032854323419780396,30.437394409952642,0.032011859386840195,31.23842285809526,storage,0.36874375515427243,0.5657704803840005,0.6830587928239465,zipf_mandelbrot_transferred (ASSUMPTION),8000000000.0,75000000000.0,0.000842
1xRTXPRO6000,mimo_v2_pro,8,finite_16tok,256,13706.875816993464,5140,165270368.9782178,165270368.9782178,157.61410615751058,8.241260452680292,0.020658796122277227,0.0022036049197095707,0.0023535925665611065,0.002352296511627907,0.020658796122277227,48.40553118783427,0.02044031017395441,48.9229366623911,storage,0.0,0.0,0.6830587928239465,zipf_mandelbrot_transferred (ASSUMPTION),8000000000.0,75000000000.0,0.000842
1xRTXPRO6000,mimo_v2_pro,16,steady_state,2,107.08496732026144,5140,1204040201.0148065,1209760663.9899888,1148.2622156284394,60.039854411944546,0.15050502512685082,0.016130142186533185,0.0023437496122372583,0.0022781249999999998,0.15050502512685082,6.644296422376366,0.11928960650114141,8.38296000239075,storage,0.36647788278736076,0.004728590658845899,1.360311221324406,zipf_mandelbrot_transferred (ASSUMPTION),8000000000.0,75000000000.0,0.000842
1xRTXPRO6000,mimo_v2_pro,16,finite_16tok,2,107.08496732026144,5140,165270368.9782178,165270368.9782178,157.61410615751058,8.241260452680292,0.020658796122277227,0.0022036049197095707,0.0023437496122372583,0.0022781249999999998,0.020658796122277227,48.40553118783427,0.020356295708002653,49.124851315992174,storage,0.0,0.0,1.360311221324406,zipf_mandelbrot_transferred (ASSUMPTION),8000000000.0,75000000000.0,0.000842
1xRTXPRO6000,mimo_v2_pro,16,steady_state,4,214.16993464052288,5140,1198324888.871546,1209760663.9899888,1142.8116692271672,59.754858521681946,0.14979061110894326,0.016130142186533185,0.0023437496122372583,0.0022781249999999998,0.14979061110894326,6.675985848490172,0.11878358728248437,8.418671492231136,storage,0.36647788278736076,0.009452923589634454,1.360311221324406,zipf_mandelbrot_transferred (ASSUMPTION),8000000000.0,75000000000.0,0.000842
1xRTXPRO6000,mimo_v2_pro,16,finite_16tok,4,214.16993464052288,5140,165270368.9782178,165270368.9782178,157.61410615751058,8.241260452680292,0.020658796122277227,0.0022036049197095707,0.0023437496122372583,0.0022781249999999998,0.020658796122277227,48.40553118783427,0.020356295708002653,49.124851315992174,storage,0.0,0.0,1.360311221324406,zipf_mandelbrot_transferred (ASSUMPTION),8000000000.0,75000000000.0,0.000842
1xRTXPRO6000,mimo_v2_pro,16,steady_state,8,428.33986928104576,5140,1186909733.241502,1209760663.9899888,1131.925328485014,59.185638090719685,0.14836371665518777,0.016130142186533185,0.0023437496122372583,0.0022781249999999998,0.14836371665518777,6.740192430768642,0.11777291840071999,8.490916363280734,storage,0.36647788278736076,0.018888802908437086,1.360311221324406,zipf_mandelbrot_transferred (ASSUMPTION),8000000000.0,75000000000.0,0.000842
1xRTXPRO6000,mimo_v2_pro,16,finite_16tok,8,428.33986928104576,5140,165270368.9782178,165270368.9782178,157.61410615751058,8.241260452680292,0.020658796122277227,0.0022036049197095707,0.0023437496122372583,0.0022781249999999998,0.020658796122277227,48.40553118783427,0.020356295708002653,49.124851315992174,storage,0.0,0.0,1.360311221324406,zipf_mandelbrot_transferred (ASSUMPTION),8000000000.0,75000000000.0,0.000842
1xRTXPRO6000,mimo_v2_pro,16,steady_state,16,856.6797385620915,5140,1164141568.457758,1209760663.9899888,1110.211914499052,58.05029618295696,0.14551769605721973,0.016130142186533185,0.0023437496122372583,0.0022781249999999998,0.14551769605721973,6.872016442637912,0.1157570829283371,8.638780234459434,storage,0.36647788278736076,0.03770919066071432,1.360311221324406,zipf_mandelbrot_transferred (ASSUMPTION),8000000000.0,75000000000.0,0.000842
1xRTXPRO6000,mimo_v2_pro,16,finite_16tok,16,856.6797385620915,5140,165270368.9782178,165270368.9782178,157.61410615751058,8.241260452680292,0.020658796122277227,0.0022036049197095707,0.0023437496122372583,0.0022781249999999998,0.020658796122277227,48.40553118783427,0.020356295708002653,49.124851315992174,storage,0.0,0.0,1.360311221324406,zipf_mandelbrot_transferred (ASSUMPTION),8000000000.0,75000000000.0,0.000842
1xRTXPRO6000,mimo_v2_pro,16,steady_state,32,1713.359477124183,5140,1118805149.755228,1209760663.9899888,1066.9757363846093,55.789580987430554,0.13985064371940353,0.016130142186533185,0.0023437496122372583,0.0022781249999999998,0.13985064371940353,7.150485499418944,0.11174311158372473,8.949097495381084,storage,0.36647788278736076,0.07518471788855696,1.360311221324406,zipf_mandelbrot_transferred (ASSUMPTION),8000000000.0,75000000000.0,0.000842
1xRTXPRO6000,mimo_v2_pro,16,finite_16tok,32,1713.359477124183,5140,165270368.9782178,165270368.9782178,157.61410615751058,8.241260452680292,0.020658796122277227,0.0022036049197095707,0.0023437496122372583,0.0022781249999999998,0.020658796122277227,48.40553118783427,0.020356295708002653,49.124851315992174,storage,0.0,0.0,1.360311221324406,zipf_mandelbrot_transferred (ASSUMPTION),8000000000.0,75000000000.0,0.000842
1xRTXPRO6000,mimo_v2_pro,16,steady_state,64,3426.718954248366,5140,1029235621.0776585,1209760663.9899888,981.5555773521982,51.32316744325219,0.12865445263470732,0.016130142186533185,0.0023437496122372583,0.0022781249999999998,0.12865445263470732,7.772758575556898,0.10381285304651607,9.632718595566619,storage,0.36647788278736076,0.14922376655637748,1.360311221324406,zipf_mandelbrot_transferred (ASSUMPTION),8000000000.0,75000000000.0,0.000842
1xRTXPRO6000,mimo_v2_pro,16,finite_16tok,64,3426.718954248366,5140,165270368.9782178,165270368.9782178,157.61410615751058,8.241260452680292,0.020658796122277227,0.0022036049197095707,0.0023437496122372583,0.0022781249999999998,0.020658796122277227,48.40553118783427,0.020356295708002653,49.124851315992174,storage,0.0,0.0,1.360311221324406,zipf_mandelbrot_transferred (ASSUMPTION),8000000000.0,75000000000.0,0.000842
1xRTXPRO6000,mimo_v2_pro,16,steady_state,128,6853.437908496732,5140,854472302.006116,1209760663.9899888,814.8882885037575,42.60853796098078,0.1068090377507645,0.016130142186533185,0.0023437496122372583,0.0022781249999999998,0.1068090377507645,9.362503595748782,0.08833975272411718,11.319932070932719,storage,0.36647788278736076,0.2936848358187426,1.360311221324406,zipf_mandelbrot_transferred (ASSUMPTION),8000000000.0,75000000000.0,0.000842
1xRTXPRO6000,mimo_v2_pro,16,finite_16tok,128,6853.437908496732,5140,165270368.9782178,165270368.9782178,157.61410615751058,8.241260452680292,0.020658796122277227,0.0022036049197095707,0.0023437496122372583,0.0022781249999999998,0.020658796122277227,48.40553118783427,0.020356295708002653,49.124851315992174,storage,0.0,0.0,1.360311221324406,zipf_mandelbrot_transferred (ASSUMPTION),8000000000.0,75000000000.0,0.000842
1xRTXPRO6000,mimo_v2_pro,16,steady_state,256,13706.875816993464,5140,525405549.16385406,1209760663.9899888,501.0657779348889,26.199517800517068,0.06567569364548176,0.016130142186533185,0.0023437496122372583,0.0022781249999999998,0.06567569364548176,15.226333282416672,0.05920501834996636,16.890460097299645,storage,0.36647788278736076,0.5656946329937853,1.360311221324406,zipf_mandelbrot_transferred (ASSUMPTION),8000000000.0,75000000000.0,0.000842
1xRTXPRO6000,mimo_v2_pro,16,finite_16tok,256,13706.875816993464,5140,165270368.9782178,165270368.9782178,157.61410615751058,8.241260452680292,0.020658796122277227,0.0022036049197095707,0.0023437496122372583,0.0022781249999999998,0.020658796122277227,48.40553118783427,0.020356295708002653,49.124851315992174,storage,0.0,0.0,1.360311221324406,zipf_mandelbrot_transferred (ASSUMPTION),8000000000.0,75000000000.0,0.000842
CPU-only,mimo_v2_pro,1,steady_state,2,107.08496732026144,0,118066236.8014995,120324096.00000006,112.59673767232847,5.88741112012175,0.039355412267166504,0.0,1155.0,0.2930232558139535,1155.0,0.0008658008658008658,1155.32089868164,0.0008655603833888231,compute,0.0,0.01876481331304214,0.08571428571428576,zipf_mandelbrot_transferred (ASSUMPTION),3000000000.0,0.0,0.0
CPU-only,mimo_v2_pro,1,finite_16tok,2,107.08496732026144,0,165270368.9782178,165270368.9782178,157.61410615751058,8.241260452680292,0.05509012299273927,0.0,1155.0,0.2930232558139535,1155.0,0.0008658008658008658,1155.3320435721764,0.0008655520337755849,compute,0.0,0.0,0.08571428571428576,zipf_mandelbrot_transferred (ASSUMPTION),3000000000.0,0.0,0.0
CPU-only,mimo_v2_pro,1,steady_state,4,214.16993464052288,0,116076033.76689705,120324096.00000006,110.69873215379434,5.788169001505587,0.038692011255632354,0.0,1155.0,0.2930232558139535,1155.0,0.0008658008658008658,1155.3204287949175,0.0008655607354256448,compute,0.0,0.035305166415736,0.08571428571428576,zipf_mandelbrot_transferred (ASSUMPTION),3000000000.0,0.0,0.0
CPU-only,mimo_v2_pro,1,finite_16tok,4,214.16993464052288,0,165270368.9782178,165270368.9782178,157.61410615751058,8.241260452680292,0.05509012299273927,0.0,1155.0,0.2930232558139535,1155.0,0.0008658008658008658,1155.3320435721764,0.0008655520337755849,compute,0.0,0.0,0.08571428571428576,zipf_mandelbrot_transferred (ASSUMPTION),3000000000.0,0.0,0.0
CPU-only,mimo_v2_pro,1,steady_state,8,428.33986928104576,0,112664524.46787055,120324096.00000006,107.44526335513167,5.618052985889237,0.03755484148929018,0.0,1155.0,0.2930232558139535,1155.0,0.0008658008658008658,1155.3196233379385,0.0008655613388707183,compute,0.0,0.0636578356851275,0.08571428571428576,zipf_mandelbrot_transferred (ASSUMPTION),3000000000.0,0.0,0.0
CPU-only,mimo_v2_pro,1,finite_16tok,8,428.33986928104576,0,165270368.9782178,165270368.9782178,157.61410615751058,8.241260452680292,0.05509012299273927,0.0,1155.0,0.2930232558139535,1155.0,0.0008658008658008658,1155.3320435721764,0.0008655520337755849,compute,0.0,0.0,0.08571428571428576,zipf_mandelbrot_transferred (ASSUMPTION),3000000000.0,0.0,0.0
CPU-only,mimo_v2_pro,1,steady_state,16,856.6797385620915,0,107199467.7897611,120324096.00000006,102.23337916351423,5.345536165412509,0.035733155929920365,0.0,1155.0,0.2930232558139535,1155.0,0.0008658008658008658,1155.3183330386437,0.0008655623055594249,compute,0.0,0.1090773057645823,0.08571428571428576,zipf_mandelbrot_transferred (ASSUMPTION),3000000000.0,0.0,0.0
CPU-only,mimo_v2_pro,1,finite_16tok,16,856.6797385620915,0,165270368.9782178,165270368.9782178,157.61410615751058,8.241260452680292,0.05509012299273927,0.0,1155.0,0.2930232558139535,1155.0,0.0008658008658008658,1155.3320435721764,0.0008655520337755849,compute,0.0,0.0,0.08571428571428576,zipf_mandelbrot_transferred (ASSUMPTION),3000000000.0,0.0,0.0
CPU-only,mimo_v2_pro,1,steady_state,32,1713.359477124183,0,98782327.00326112,120324096.00000006,94.2061681778537,4.925812715181893,0.032927442334420375,0.0,1155.0,0.2930232558139535,1155.0,0.0008658008658008658,1155.3163457526082,0.0008655637944329175,compute,0.0,0.1790312141363516,0.08571428571428576,zipf_mandelbrot_transferred (ASSUMPTION),3000000000.0,0.0,0.0
CPU-only,mimo_v2_pro,1,finite_16tok,32,1713.359477124183,0,165270368.9782178,165270368.9782178,157.61410615751058,8.241260452680292,0.05509012299273927,0.0,1155.0,0.2930232558139535,1155.0,0.0008658008658008658,1155.3320435721764,0.0008655520337755849,compute,0.0,0.0,0.08571428571428576,zipf_mandelbrot_transferred (ASSUMPTION),3000000000.0,0.0,0.0
CPU-only,mimo_v2_pro,1,steady_state,64,3426.718954248366,0,86011553.90384178,120324096.00000006,82.02700987228563,4.288993980250229,0.02867051796794726,0.0,1155.0,0.2930232558139535,1155.0,0.0008658008658008658,1155.3133305744514,0.0008655660534123452,compute,0.0,0.28516766995829546,0.08571428571428576,zipf_mandelbrot_transferred (ASSUMPTION),3000000000.0,0.0,0.0
CPU-only,mimo_v2_pro,1,finite_16tok,64,3426.718954248366,0,165270368.9782178,165270368.9782178,157.61410615751058,8.241260452680292,0.05509012299273927,0.0,1155.0,0.2930232558139535,1155.0,0.0008658008658008658,1155.3320435721764,0.0008655520337755849,compute,0.0,0.0,0.08571428571428576,zipf_mandelbrot_transferred (ASSUMPTION),3000000000.0,0.0,0.0
CPU-only,mimo_v2_pro,1,steady_state,128,6853.437908496732,0,66791413.58817274,120324096.00000006,63.69725569550776,3.33057546120302,0.022263804529390915,0.0,1155.0,0.2930232558139535,1155.0,0.0008658008658008658,1155.3087927013873,0.0008655694532210403,compute,0.0,0.4449040897994969,0.08571428571428576,zipf_mandelbrot_transferred (ASSUMPTION),3000000000.0,0.0,0.0
CPU-only,mimo_v2_pro,1,finite_16tok,128,6853.437908496732,0,165270368.9782178,165270368.9782178,157.61410615751058,8.241260452680292,0.05509012299273927,0.0,1155.0,0.2930232558139535,1155.0,0.0008658008658008658,1155.3320435721764,0.0008655520337755849,compute,0.0,0.0,0.08571428571428576,zipf_mandelbrot_transferred (ASSUMPTION),3000000000.0,0.0,0.0
CPU-only,mimo_v2_pro,1,steady_state,256,13706.875816993464,0,38329712.92763876,120324096.00000006,36.5540627743137,1.9113235437549647,0.012776570975879588,0.0,1155.0,0.2930232558139535,1155.0,0.0008658008658008658,1155.3020728969188,0.0008655744877982439,compute,0.0,0.6814460760408394,0.08571428571428576,zipf_mandelbrot_transferred (ASSUMPTION),3000000000.0,0.0,0.0
CPU-only,mimo_v2_pro,1,finite_16tok,256,13706.875816993464,0,165270368.9782178,165270368.9782178,157.61410615751058,8.241260452680292,0.05509012299273927,0.0,1155.0,0.2930232558139535,1155.0,0.0008658008658008658,1155.3320435721764,0.0008655520337755849,compute,0.0,0.0,0.08571428571428576,zipf_mandelbrot_transferred (ASSUMPTION),3000000000.0,0.0,0.0
CPU-only,mimo_v2_pro,4,steady_state,2,107.08496732026144,0,471655539.2511836,480487842.8894758,449.80577397459376,23.519256155534315,0.1572185130837279,0.0,288.75,0.2161046511627907,288.75,0.003463203463203463,289.07746247331477,0.0034592803999457817,compute,0.0,0.018381950280319304,0.34228116908245343,zipf_mandelbrot_transferred (ASSUMPTION),3000000000.0,0.0,0.0
CPU-only,mimo_v2_pro,4,finite_16tok,2,107.08496732026144,0,165270368.9782178,165270368.9782178,157.61410615751058,8.241260452680292,0.05509012299273927,0.0,288.75,0.2161046511627907,288.75,0.003463203463203463,289.0051249675252,0.003460146252120503,compute,0.0,0.0,0.34228116908245343,zipf_mandelbrot_transferred (ASSUMPTION),3000000000.0,0.0,0.0
CPU-only,mimo_v2_pro,4,steady_state,4,214.16993464052288,0,463823609.3095238,480487842.8894758,442.3366635413397,23.128714433534103,0.15460786976984128,0.0,288.75,0.2161046511627907,288.75,0.003463203463203463,289.07561335549684,0.0034593025277792244,compute,0.0,0.03468190470697341,0.34228116908245343,zipf_mandelbrot_transferred (ASSUMPTION),3000000000.0,0.0,0.0
CPU-only,mimo_v2_pro,4,finite_16tok,4,214.16993464052288,0,165270368.9782178,165270368.9782178,157.61410615751058,8.241260452680292,0.05509012299273927,0.0,288.75,0.2161046511627907,288.75,0.003463203463203463,289.0051249675252,0.003460146252120503,compute,0.0,0.0,0.34228116908245343,zipf_mandelbrot_transferred (ASSUMPTION),3000000000.0,0.0,0.0
CPU-only,mimo_v2_pro,4,steady_state,8,428.33986928104576,0,450319375.35840183,480487842.8894758,429.45802245941337,22.45532143578632,0.1501064584528006,0.0,288.75,0.2161046511627907,288.75,0.003463203463203463,289.0724250073116,0.003459340682442148,compute,0.0,0.06278716096051884,0.34228116908245343,zipf_mandelbrot_transferred (ASSUMPTION),3000000000.0,0.0,0.0
CPU-only,mimo_v2_pro,4,finite_16tok,8,428.33986928104576,0,165270368.9782178,165270368.9782178,157.61410615751058,8.241260452680292,0.05509012299273927,0.0,288.75,0.2161046511627907,288.75,0.003463203463203463,289.0051249675252,0.003460146252120503,compute,0.0,0.0,0.34228116908245343,zipf_mandelbrot_transferred (ASSUMPTION),3000000000.0,0.0,0.0
CPU-only,mimo_v2_pro,4,steady_state,16,856.6797385620915,0,428563593.00980616,480487842.8894758,408.7100916002332,21.37046230589455,0.14285453100326873,0.0,288.75,0.2161046511627907,288.75,0.003463203463203463,289.0672884694361,0.0034594021526781395,compute,0.0,0.10806568917002446,0.34228116908245343,zipf_mandelbrot_transferred (ASSUMPTION),3000000000.0,0.0,0.0
CPU-only,mimo_v2_pro,4,finite_16tok,16,856.6797385620915,0,165270368.9782178,165270368.9782178,157.61410615751058,8.241260452680292,0.05509012299273927,0.0,288.75,0.2161046511627907,288.75,0.003463203463203463,289.0051249675252,0.003460146252120503,compute,0.0,0.0,0.34228116908245343,zipf_mandelbrot_transferred (ASSUMPTION),3000000000.0,0.0,0.0
CPU-only,mimo_v2_pro,4,steady_state,32,1713.359477124183,0,394966547.7970262,480487842.8894758,376.66945247366544,19.69513476986486,0.1316555159323421,0.0,288.75,0.2161046511627907,288.75,0.003463203463203463,289.0593562106704,0.0034594970842984456,compute,0.0,0.17798846809142188,0.34228116908245343,zipf_mandelbrot_transferred (ASSUMPTION),3000000000.0,0.0,0.0
CPU-only,mimo_v2_pro,4,finite_16tok,32,1713.359477124183,0,165270368.9782178,165270368.9782178,157.61410615751058,8.241260452680292,0.05509012299273927,0.0,288.75,0.2161046511627907,288.75,0.003463203463203463,289.0051249675252,0.003460146252120503,compute,0.0,0.0,0.34228116908245343,zipf_mandelbrot_transferred (ASSUMPTION),3000000000.0,0.0,0.0
CPU-only,mimo_v2_pro,4,steady_state,64,3426.718954248366,0,343928559.407999,480487842.8894758,327.99583378600977,17.15010895613123,0.11464285313599966,0.0,288.75,0.2161046511627907,288.75,0.003463203463203463,289.0473061470942,0.0034596413069184835,compute,0.0,0.2842096537973987,0.34228116908245343,zipf_mandelbrot_transferred (ASSUMPTION),3000000000.0,0.0,0.0
CPU-only,mimo_v2_pro,4,finite_16tok,64,3426.718954248366,0,165270368.9782178,165270368.9782178,157.61410615751058,8.241260452680292,0.05509012299273927,0.0,288.75,0.2161046511627907,288.75,0.003463203463203463,289.0051249675252,0.003460146252120503,compute,0.0,0.0,0.34228116908245343,zipf_mandelbrot_transferred (ASSUMPTION),3000000000.0,0.0,0.0
CPU-only,mimo_v2_pro,4,steady_state,128,6853.437908496732,0,267083009.304526,480487842.8894758,254.71020632221794,13.31818072273035,0.08902766976817533,0.0,288.75,0.2161046511627907,288.75,0.003463203463203463,289.02916292096955,0.0034598584789640556,compute,0.0,0.44414200430465056,0.34228116908245343,zipf_mandelbrot_transferred (ASSUMPTION),3000000000.0,0.0,0.0
CPU-only,mimo_v2_pro,4,finite_16tok,128,6853.437908496732,0,165270368.9782178,165270368.9782178,157.61410615751058,8.241260452680292,0.05509012299273927,0.0,288.75,0.2161046511627907,288.75,0.003463203463203463,289.0051249675252,0.003460146252120503,compute,0.0,0.0,0.34228116908245343,zipf_mandelbrot_transferred (ASSUMPTION),3000000000.0,0.0,0.0
CPU-only,mimo_v2_pro,4,steady_state,256,13706.875816993464,0,153310460.9522883,480487842.8894758,146.20824904660063,7.6448757671425165,0.0511034869840961,0.0,288.75,0.2161046511627907,288.75,0.003463203463203463,289.002301234525,0.003460180059910669,compute,0.0,0.6809274922954638,0.34228116908245343,zipf_mandelbrot_transferred (ASSUMPTION),3000000000.0,0.0,0.0
CPU-only,mimo_v2_pro,4,finite_16tok,256,13706.875816993464,0,165270368.9782178,165270368.9782178,157.61410615751058,8.241260452680292,0.05509012299273927,0.0,288.75,0.2161046511627907,288.75,0.003463203463203463,289.0051249675252,0.003460146252120503,compute,0.0,0.0,0.34228116908245343,zipf_mandelbrot_transferred (ASSUMPTION),3000000000.0,0.0,0.0
CPU-only,mimo_v2_pro,8,steady_state,2,107.08496732026144,0,941699914.8873981,958865037.2162477,898.0750225900632,46.9581711158203,0.3138999716291327,0.0,144.375,0.20328488372093023,144.375,0.006926406926406926,144.8006201324685,0.006906047771654335,compute,0.0,0.017901499859336756,0.6830587928239465,zipf_mandelbrot_transferred (ASSUMPTION),3000000000.0,0.0,0.0
CPU-only,mimo_v2_pro,8,finite_16tok,2,107.08496732026144,0,165270368.9782178,165270368.9782178,157.61410615751058,8.241260452680292,0.05509012299273927,0.0,144.375,0.20328488372093023,144.375,0.006926406926406926,144.61730520008336,0.006914801784035895,compute,0.0,0.0,0.6830587928239465,zipf_mandelbrot_transferred (ASSUMPTION),3000000000.0,0.0,0.0
CPU-only,mimo_v2_pro,8,steady_state,4,214.16993464052288,0,926366080.4168704,958865037.2162477,883.451538483496,46.19354449586908,0.30878869347229015,0.0,144.375,0.20328488372093023,144.375,0.006926406926406926,144.7969998157972,0.006906220441529488,compute,0.0,0.03389315027454487,0.6830587928239465,zipf_mandelbrot_transferred (ASSUMPTION),3000000000.0,0.0,0.0
CPU-only,mimo_v2_pro,8,finite_16tok,4,214.16993464052288,0,165270368.9782178,165270368.9782178,157.61410615751058,8.241260452680292,0.05509012299273927,0.0,144.375,0.20328488372093023,144.375,0.006926406926406926,144.61730520008336,0.006914801784035895,compute,0.0,0.0,0.6830587928239465,zipf_mandelbrot_transferred (ASSUMPTION),3000000000.0,0.0,0.0
CPU-only,mimo_v2_pro,8,steady_state,8,428.33986928104576,0,899728489.8353721,958865037.2162477,858.0479524949761,44.86525241803797,0.2999094966117907,0.0,144.375,0.20328488372093023,144.375,0.006926406926406926,144.7907106835223,0.0069065204202620415,compute,0.0,0.061673483843523336,0.6830587928239465,zipf_mandelbrot_transferred (ASSUMPTION),3000000000.0,0.0,0.0
CPU-only,mimo_v2_pro,8,finite_16tok,8,428.33986928104576,0,165270368.9782178,165270368.9782178,157.61410615751058,8.241260452680292,0.05509012299273927,0.0,144.375,0.20328488372093023,144.375,0.006926406926406926,144.61730520008336,0.006914801784035895,compute,0.0,0.0,0.6830587928239465,zipf_mandelbrot_transferred (ASSUMPTION),3000000000.0,0.0,0.0
CPU-only,mimo_v2_pro,8,steady_state,16,856.6797385620915,0,856506027.8714705,958865037.2162477,816.8278006281571,42.7099503596422,0.28550200929049013,0.0,144.375,0.20328488372093023,144.375,0.006926406926406926,144.7805058648956,0.006907007224668541,compute,0.0,0.10675017376996387,0.6830587928239465,zipf_mandelbrot_transferred (ASSUMPTION),3000000000.0,0.0,0.0
CPU-only,mimo_v2_pro,8,finite_16tok,16,856.6797385620915,0,165270368.9782178,165270368.9782178,157.61410615751058,8.241260452680292,0.05509012299273927,0.0,144.375,0.20328488372093023,144.375,0.006926406926406926,144.61730520008336,0.006914801784035895,compute,0.0,0.0,0.6830587928239465,zipf_mandelbrot_transferred (ASSUMPTION),3000000000.0,0.0,0.0
CPU-only,mimo_v2_pro,8,steady_state,32,1713.359477124183,0,789495974.1247176,958865037.2162477,752.9220334288765,39.368472336150404,0.2631653247082392,0.0,144.375,0.20328488372093023,144.375,0.006926406926406926,144.76468479840418,0.006907762078801028,compute,0.0,0.17663493455057877,0.6830587928239465,zipf_mandelbrot_transferred (ASSUMPTION),3000000000.0,0.0,0.0
CPU-only,mimo_v2_pro,8,finite_16tok,32,1713.359477124183,0,165270368.9782178,165270368.9782178,157.61410615751058,8.241260452680292,0.05509012299273927,0.0,144.375,0.20328488372093023,144.375,0.006926406926406926,144.61730520008336,0.006914801784035895,compute,0.0,0.0,0.6830587928239465,zipf_mandelbrot_transferred (ASSUMPTION),3000000000.0,0.0,0.0
CPU-only,mimo_v2_pro,8,steady_state,64,3426.718954248366,0,687567215.6798636,958865037.2162477,655.7151943968425,34.285761798527716,0.22918907189328785,0.0,144.375,0.20328488372093023,144.375,0.006926406926406926,144.74061942948452,0.006908910601195715,compute,0.0,0.2829363998128548,0.6830587928239465,zipf_mandelbrot_transferred (ASSUMPTION),3000000000.0,0.0,0.0
CPU-only,mimo_v2_pro,8,finite_16tok,64,3426.718954248366,0,165270368.9782178,165270368.9782178,157.61410615751058,8.241260452680292,0.05509012299273927,0.0,144.375,0.20328488372093023,144.375,0.006926406926406926,144.61730520008336,0.006914801784035895,compute,0.0,0.0,0.6830587928239465,zipf_mandelbrot_transferred (ASSUMPTION),3000000000.0,0.0,0.0
CPU-only,mimo_v2_pro,8,steady_state,128,6853.437908496732,0,534002157.74800396,958865037.2162477,509.26414274979015,26.628190470577263,0.17800071924933467,0.0,144.375,0.20328488372093023,144.375,0.006926406926406926,144.70436273580276,0.006910641677236591,compute,0.0,0.44308934310682,0.6830587928239465,zipf_mandelbrot_transferred (ASSUMPTION),3000000000.0,0.0,0.0
CPU-only,mimo_v2_pro,8,finite_16tok,128,6853.437908496732,0,165270368.9782178,165270368.9782178,157.61410615751058,8.241260452680292,0.05509012299273927,0.0,144.375,0.20328488372093023,144.375,0.006926406926406926,144.61730520008336,0.006914801784035895,compute,0.0,0.0,0.6830587928239465,zipf_mandelbrot_transferred (ASSUMPTION),3000000000.0,0.0,0.0
CPU-only,mimo_v2_pro,8,steady_state,256,13706.875816993464,0,306590762.4872635,958865037.2162477,292.387735831512,15.288247625177098,0.10219692082908784,0.0,144.375,0.20328488372093023,144.375,0.006926406926406926,144.65067092981022,0.006913206786888921,compute,0.0,0.6802566048530146,0.6830587928239465,zipf_mandelbrot_transferred (ASSUMPTION),3000000000.0,0.0,0.0
CPU-only,mimo_v2_pro,8,finite_16tok,256,13706.875816993464,0,165270368.9782178,165270368.9782178,157.61410615751058,8.241260452680292,0.05509012299273927,0.0,144.375,0.20328488372093023,144.375,0.006926406926406926,144.61730520008336,0.006914801784035895,compute,0.0,0.0,0.6830587928239465,zipf_mandelbrot_transferred (ASSUMPTION),3000000000.0,0.0,0.0
CPU-only,mimo_v2_pro,16,steady_state,2,107.08496732026144,0,1877052013.3760526,1909579209.8193426,1790.0962957153822,93.59980631191542,0.6256840044586842,0.0,72.1875,0.196875,72.1875,0.013852813852813853,72.82754677872532,0.013731068039931892,compute,0.0,0.017033698458817526,1.360311221324406,zipf_mandelbrot_transferred (ASSUMPTION),3000000000.0,0.0,0.0
CPU-only,mimo_v2_pro,16,finite_16tok,2,107.08496732026144,0,165270368.9782178,165270368.9782178,157.61410615751058,8.241260452680292,0.05509012299273927,0.0,72.1875,0.196875,72.1875,0.013852813852813853,72.42339531636243,0.013807692881999867,compute,0.0,0.0,1.360311221324406,zipf_mandelbrot_transferred (ASSUMPTION),3000000000.0,0.0,0.0
CPU-only,mimo_v2_pro,16,steady_state,4,214.16993464052288,0,1847615980.9540434,1909579209.8193426,1762.0239076176103,92.1319690257574,0.6158719936513478,0.0,72.1875,0.196875,72.1875,0.013852813852813853,72.8205969346325,0.013732378504087947,compute,0.0,0.032448629806333784,1.360311221324406,zipf_mandelbrot_transferred (ASSUMPTION),3000000000.0,0.0,0.0
CPU-only,mimo_v2_pro,16,finite_16tok,4,214.16993464052288,0,165270368.9782178,165270368.9782178,157.61410615751058,8.241260452680292,0.05509012299273927,0.0,72.1875,0.196875,72.1875,0.013852813852813853,72.42339531636243,0.013807692881999867,compute,0.0,0.0,1.360311221324406,zipf_mandelbrot_transferred (ASSUMPTION),3000000000.0,0.0,0.0
CPU-only,mimo_v2_pro,16,steady_state,8,428.33986928104576,0,1795789922.2620778,1909579209.8193426,1712.5987265225199,89.54764583124287,0.598596640754026,0.0,72.1875,0.196875,72.1875,0.013852813852813853,72.80836080774249,0.01373468635890041,compute,0.0,0.05958867114395838,1.360311221324406,zipf_mandelbrot_transferred (ASSUMPTION),3000000000.0,0.0,0.0
CPU-only,mimo_v2_pro,16,finite_16tok,8,428.33986928104576,0,165270368.9782178,165270368.9782178,157.61410615751058,8.241260452680292,0.05509012299273927,0.0,72.1875,0.196875,72.1875,0.013852813852813853,72.42339531636243,0.013807692881999867,compute,0.0,0.0,1.360311221324406,zipf_mandelbrot_transferred (ASSUMPTION),3000000000.0,0.0,0.0
CPU-only,mimo_v2_pro,16,steady_state,16,856.6797385620915,0,1710515671.3075306,1909579209.8193426,1631.274863536387,85.295417701249,0.5701718904358436,0.0,72.1875,0.196875,72.1875,0.013852813852813853,72.78822756625226,0.013738485376495729,compute,0.0,0.10424471396012136,1.360311221324406,zipf_mandelbrot_transferred (ASSUMPTION),3000000000.0,0.0,0.0
CPU-only,mimo_v2_pro,16,finite_16tok,16,856.6797385620915,0,165270368.9782178,165270368.9782178,157.61410615751058,8.241260452680292,0.05509012299273927,0.0,72.1875,0.196875,72.1875,0.013852813852813853,72.42339531636243,0.013807692881999867,compute,0.0,0.0,1.360311221324406,zipf_mandelbrot_transferred (ASSUMPTION),3000000000.0,0.0,0.0
CPU-only,mimo_v2_pro,16,steady_state,32,1713.359477124183,0,1577271608.540944,1909579209.8193426,1504.2034230622712,78.65115937580504,0.5257572028469814,0.0,72.1875,0.196875,72.1875,0.013852813852813853,72.75676865734614,0.013744425686489465,compute,0.0,0.1740213757929615,1.360311221324406,zipf_mandelbrot_transferred (ASSUMPTION),3000000000.0,0.0,0.0
CPU-only,mimo_v2_pro,16,finite_16tok,32,1713.359477124183,0,165270368.9782178,165270368.9782178,157.61410615751058,8.241260452680292,0.05509012299273927,0.0,72.1875,0.196875,72.1875,0.013852813852813853,72.42339531636243,0.013807692881999867,compute,0.0,0.0,1.360311221324406,zipf_mandelbrot_transferred (ASSUMPTION),3000000000.0,0.0,0.0
CPU-only,mimo_v2_pro,16,steady_state,64,3426.718954248366,0,1373996525.0462182,1909579209.8193426,1310.345196768015,68.51478153035373,0.4579988416820727,0.0,72.1875,0.196875,72.1875,0.013852813852813853,72.70877543196883,0.013753498034575847,compute,0.0,0.2804715730141373,1.360311221324406,zipf_mandelbrot_transferred (ASSUMPTION),3000000000.0,0.0,0.0
CPU-only,mimo_v2_pro,16,finite_16tok,64,3426.718954248366,0,165270368.9782178,165270368.9782178,157.61410615751058,8.241260452680292,0.05509012299273927,0.0,72.1875,0.196875,72.1875,0.013852813852813853,72.42339531636243,0.013807692881999867,compute,0.0,0.0,1.360311221324406,zipf_mandelbrot_transferred (ASSUMPTION),3000000000.0,0.0,0.0
CPU-only,mimo_v2_pro,16,steady_state,128,6853.437908496732,0,1067319220.8588713,1909579209.8193426,1017.8749283398355,53.222218475285516,0.3557730736196238,0.0,72.1875,0.196875,72.1875,0.013852813852813853,72.63636895339344,0.013767208003495358,compute,0.0,0.4410709881158341,1.360311221324406,zipf_mandelbrot_transferred (ASSUMPTION),3000000000.0,0.0,0.0
CPU-only,mimo_v2_pro,16,finite_16tok,128,6853.437908496732,0,165270368.9782178,165270368.9782178,157.61410615751058,8.241260452680292,0.05509012299273927,0.0,72.1875,0.196875,72.1875,0.013852813852813853,72.42339531636243,0.013807692881999867,compute,0.0,0.0,1.360311221324406,zipf_mandelbrot_transferred (ASSUMPTION),3000000000.0,0.0,0.0
CPU-only,mimo_v2_pro,16,steady_state,256,13706.875816993464,0,612689396.6161417,1909579209.8193426,584.3061414872567,30.551955110444794,0.20422979887204723,0.0,72.1875,0.196875,72.1875,0.013852813852813853,72.52903090072603,0.013787582538759523,compute,0.0,0.679149524949999,1.360311221324406,zipf_mandelbrot_transferred (ASSUMPTION),3000000000.0,0.0,0.0
CPU-only,mimo_v2_pro,16,finite_16tok,256,13706.875816993464,0,165270368.9782178,165270368.9782178,157.61410615751058,8.241260452680292,0.05509012299273927,0.0,72.1875,0.196875,72.1875,0.013852813852813853,72.42339531636243,0.013807692881999867,compute,0.0,0.0,1.360311221324406,zipf_mandelbrot_transferred (ASSUMPTION),3000000000.0,0.0,0.0
2xT4,minimax_m3,1,steady_state,2,9.481481481481481,33,653942360.1720288,658520134.8474066,623.6480333061493,5.774518826908789,1.9816435156728145,0.05758123396380644,0.010713455018708008,0.25116279069767444,1.9816435156728145,0.5046316313156236,1.694264326245408,0.5902266750879778,storage,0.030842994690813585,0.006951609272264125,0.09999999999999988,zipf_mandelbrot_transferred (ASSUMPTION),330000000.0,11436367189.722427,0.0
2xT4,minimax_m3,1,finite_16tok,2,9.481481481481481,33,931672142.3911264,931672142.3911264,888.5117935096039,8.22696105101485,2.8232489163367465,0.08146574230568572,0.010713455018708008,0.25116279069767444,2.8232489163367465,0.354201853833537,2.3023154144910696,0.4343453523812903,storage,0.0,0.0,0.09999999999999988,zipf_mandelbrot_transferred (ASSUMPTION),330000000.0,11436367189.722427,0.0
2xT4,minimax_m3,1,steady_state,4,18.962962962962962,33,649211400.1712366,658520134.8474066,619.1362382614485,5.732742946865264,1.9673072732461718,0.05758123396380644,0.010713455018708008,0.25116279069767444,1.9673072732461718,0.5083090036819422,1.6841099703546107,0.5937854520209492,storage,0.030842994690813585,0.01413583910889371,0.09999999999999988,zipf_mandelbrot_transferred (ASSUMPTION),330000000.0,11436367189.722427,0.0
2xT4,minimax_m3,1,finite_16tok,4,18.962962962962962,33,931672142.3911264,931672142.3911264,888.5117935096039,8.22696105101485,2.8232489163367465,0.08146574230568572,0.010713455018708008,0.25116279069767444,2.8232489163367465,0.354201853833537,2.3023154144910696,0.4343453523812903,storage,0.0,0.0,0.09999999999999988,zipf_mandelbrot_transferred (ASSUMPTION),330000000.0,11436367189.722427,0.0
2xT4,minimax_m3,1,steady_state,8,37.925925925925924,33,640045206.9718833,658520134.8474066,610.3946752280076,5.651802548407478,1.939530930217828,0.05758123396380644,0.010713455018708008,0.25116279069767444,1.939530930217828,0.515588580939872,1.664435995538832,0.6008041178394893,storage,0.030842994690813585,0.028055220938391412,0.09999999999999988,zipf_mandelbrot_transferred (ASSUMPTION),330000000.0,11436367189.722427,0.0
2xT4,minimax_m3,1,finite_16tok,8,37.925925925925924,33,931672142.3911264,931672142.3911264,888.5117935096039,8.22696105101485,2.8232489163367465,0.08146574230568572,0.010713455018708008,0.25116279069767444,2.8232489163367465,0.354201853833537,2.3023154144910696,0.4343453523812903,storage,0.0,0.0,0.09999999999999988,zipf_mandelbrot_transferred (ASSUMPTION),330000000.0,11436367189.722427,0.0
2xT4,minimax_m3,1,steady_state,16,75.85185185185185,33,622790956.000073,658520134.8474066,593.9397392273645,5.499442029883005,1.8872453212123423,0.05758123396380644,0.010713455018708008,0.25116279069767444,1.8872453212123423,0.5298728197972762,1.6274021155297937,0.6144762812198105,storage,0.030842994690813585,0.054256775087997644,0.09999999999999988,zipf_mandelbrot_transferred (ASSUMPTION),330000000.0,11436367189.722427,0.0
2xT4,minimax_m3,1,finite_16tok,16,75.85185185185185,33,931672142.3911264,931672142.3911264,888.5117935096039,8.22696105101485,2.8232489163367465,0.08146574230568572,0.010713455018708008,0.25116279069767444,2.8232489163367465,0.354201853833537,2.3023154144910696,0.4343453523812903,storage,0.0,0.0,0.09999999999999988,zipf_mandelbrot_transferred (ASSUMPTION),330000000.0,11436367189.722427,0.0
2xT4,minimax_m3,1,steady_state,32,151.7037037037037,33,591864437.4594103,658520134.8474066,564.4459127992728,5.2263510444377115,1.7935285983618494,0.05758123396380644,0.010713455018708008,0.25116279069767444,1.7935285983618494,0.5575601085554852,1.5610225909359166,0.6406057194857421,storage,0.030842994690813585,0.10122043937721337,0.09999999999999988,zipf_mandelbrot_transferred (ASSUMPTION),330000000.0,11436367189.722427,0.0
2xT4,minimax_m3,1,finite_16tok,32,151.7037037037037,33,931672142.3911264,931672142.3911264,888.5117935096039,8.22696105101485,2.8232489163367465,0.08146574230568572,0.010713455018708008,0.25116279069767444,2.8232489163367465,0.354201853833537,2.3023154144910696,0.4343453523812903,storage,0.0,0.0,0.09999999999999988,zipf_mandelbrot_transferred (ASSUMPTION),330000000.0,11436367189.722427,0.0
2xT4,minimax_m3,1,steady_state,64,303.4074074074074,33,540277660.0488547,658520134.8474066,515.2489281166598,4.770823408487591,1.637205030451075,0.05758123396380644,0.010713455018708008,0.25116279069767444,1.637205030451075,0.6107970482624798,1.450298658161508,0.6895131525996614,storage,0.030842994690813585,0.17955787308758786,0.09999999999999988,zipf_mandelbrot_transferred (ASSUMPTION),330000000.0,11436367189.722427,0.0
2xT4,minimax_m3,1,finite_16tok,64,303.4074074074074,33,931672142.3911264,931672142.3911264,888.5117935096039,8.22696105101485,2.8232489163367465,0.08146574230568572,0.010713455018708008,0.25116279069767444,2.8232489163367465,0.354201853833537,2.3023154144910696,0.4343453523812903,storage,0.0,0.0,0.09999999999999988,zipf_mandelbrot_transferred (ASSUMPTION),330000000.0,11436367189.722427,0.0
2xT4,minimax_m3,1,steady_state,128,606.8148148148148,33,459155980.4742307,658520134.8474066,437.88526580260344,4.054493201875958,1.3913817590128204,0.05758123396380644,0.010713455018708008,0.25116279069767444,1.3913817590128204,0.7187100114849112,1.2761821142207368,0.7835872238427513,storage,0.030842994690813585,0.3027457230588293,0.09999999999999988,zipf_mandelbrot_transferred (ASSUMPTION),330000000.0,11436367189.722427,0.0
2xT4,minimax_m3,1,finite_16tok,128,606.8148148148148,33,931672142.3911264,931672142.3911264,888.5117935096039,8.22696105101485,2.8232489163367465,0.08146574230568572,0.010713455018708008,0.25116279069767444,2.8232489163367465,0.354201853833537,2.3023154144910696,0.4343453523812903,storage,0.0,0.0,0.09999999999999988,zipf_mandelbrot_transferred (ASSUMPTION),330000000.0,11436367189.722427,0.0
2xT4,minimax_m3,1,steady_state,256,1213.6296296296296,33,336208050.4592217,658520134.8474066,320.6329826919763,2.968823913814595,1.0188122741188537,0.05758123396380644,0.010713455018708008,0.25116279069767444,1.0188122741188537,0.9815350927773971,1.012291268134487,0.9878579727777972,storage,0.030842994690813585,0.48944909552822036,0.09999999999999988,zipf_mandelbrot_transferred (ASSUMPTION),330000000.0,11436367189.722427,0.0
2xT4,minimax_m3,1,finite_16tok,256,1213.6296296296296,33,931672142.3911264,931672142.3911264,888.5117935096039,8.22696105101485,2.8232489163367465,0.08146574230568572,0.010713455018708008,0.25116279069767444,2.8232489163367465,0.354201853833537,2.3023154144910696,0.4343453523812903,storage,0.0,0.0,0.09999999999999988,zipf_mandelbrot_transferred (ASSUMPTION),330000000.0,11436367189.722427,0.0
2xT4,minimax_m3,4,steady_state,2,9.481481481481481,33,2607154792.4196057,2625057633.6263967,2486.376564426046,23.022005226167092,7.900469067938199,0.22953596977766413,0.01070308994084141,0.1852325581395349,7.900469067938199,0.126574763017327,5.906603327786695,0.16930204120795717,storage,0.029837427125500113,0.006819980246323132,0.3982166434551274,zipf_mandelbrot_transferred (ASSUMPTION),330000000.0,11436367189.722427,0.0
2xT4,minimax_m3,4,finite_16tok,2,9.481481481481481,33,931672142.3911264,931672142.3911264,888.5117935096039,8.22696105101485,2.8232489163367465,0.08146574230568572,0.01070308994084141,0.1852325581395349,2.8232489163367465,0.354201853833537,2.2363748168550637,0.4471522360488146,storage,0.0,0.0,0.3982166434551274,zipf_mandelbrot_transferred (ASSUMPTION),330000000.0,11436367189.722427,0.0
2xT4,minimax_m3,4,steady_state,4,18.962962962962962,33,2588634740.2278132,2625057633.6263967,2468.7144663122303,22.858467280668798,7.84434769766004,0.22953596977766413,0.01070308994084141,0.1852325581395349,7.84434769766004,0.12748032577626547,5.866852579304334,0.17044914398012292,storage,0.029837427125500113,0.013875083324653592,0.3982166434551274,zipf_mandelbrot_transferred (ASSUMPTION),330000000.0,11436367189.722427,0.0
2xT4,minimax_m3,4,finite_16tok,4,18.962962962962962,33,931672142.3911264,931672142.3911264,888.5117935096039,8.22696105101485,2.8232489163367465,0.08146574230568572,0.01070308994084141,0.1852325581395349,2.8232489163367465,0.354201853833537,2.2363748168550637,0.4471522360488146,storage,0.0,0.0,0.3982166434551274,zipf_mandelbrot_transferred (ASSUMPTION),330000000.0,11436367189.722427,0.0
2xT4,minimax_m3,4,steady_state,8,37.925925925925924,33,2552699450.1052656,2625057633.6263967,2434.4439030697495,22.541147250645828,7.735452879106866,0.22953596977766413,0.01070308994084141,0.1852325581395349,7.735452879106866,0.12927491326344423,5.789722414415537,0.17271985225235506,storage,0.029837427125500113,0.02756441709859614,0.3982166434551274,zipf_mandelbrot_transferred (ASSUMPTION),330000000.0,11436367189.722427,0.0
2xT4,minimax_m3,4,finite_16tok,8,37.925925925925924,33,931672142.3911264,931672142.3911264,888.5117935096039,8.22696105101485,2.8232489163367465,0.08146574230568572,0.01070308994084141,0.1852325581395349,2.8232489163367465,0.354201853833537,2.2363748168550637,0.4471522360488146,storage,0.0,0.0,0.3982166434551274,zipf_mandelbrot_transferred (ASSUMPTION),330000000.0,11436367189.722427,0.0
2xT4,minimax_m3,4,steady_state,16,75.85185185185185,33,2484871881.957847,2625057633.6263967,2369.758493383262,21.94220827206724,7.529914793811659,0.22953596977766413,0.01070308994084141,0.1852325581395349,7.529914793811659,0.13280362758179337,5.644139854837593,0.17717491517204342,storage,0.029837427125500113,0.05340292337692021,0.3982166434551274,zipf_mandelbrot_transferred (ASSUMPTION),330000000.0,11436367189.722427,0.0
2xT4,minimax_m3,4,finite_16tok,16,75.85185185185185,33,931672142.3911264,931672142.3911264,888.5117935096039,8.22696105101485,2.8232489163367465,0.08146574230568572,0.01070308994084141,0.1852325581395349,2.8232489163367465,0.354201853833537,2.2363748168550637,0.4471522360488146,storage,0.0,0.0,0.3982166434551274,zipf_mandelbrot_transferred (ASSUMPTION),330000000.0,11436367189.722427,0.0
2xT4,minimax_m3,4,steady_state,32,151.7037037037037,33,2362791904.161477,2625057633.6263967,2253.3339540114184,20.864203277883504,7.159975467155991,0.22953596977766413,0.01070308994084141,0.1852325581395349,7.159975467155991,0.13966528301488848,5.382111948983936,0.185800668859886,storage,0.029837427125500113,0.0999085605227692,0.3982166434551274,zipf_mandelbrot_transferred (ASSUMPTION),330000000.0,11436367189.722427,0.0
2xT4,minimax_m3,4,finite_16tok,32,151.7037037037037,33,931672142.3911264,931672142.3911264,888.5117935096039,8.22696105101485,2.8232489163367465,0.08146574230568572,0.01070308994084141,0.1852325581395349,2.8232489163367465,0.354201853833537,2.2363748168550637,0.4471522360488146,storage,0.0,0.0,0.3982166434551274,zipf_mandelbrot_transferred (ASSUMPTION),330000000.0,11436367189.722427,0.0
2xT4,minimax_m3,4,steady_state,64,303.4074074074074,33,2158004773.91566,2625057633.6263967,2058.033727565441,19.055867847828157,6.53940840580503,0.22953596977766413,0.01070308994084141,0.1852325581395349,6.53940840580503,0.15291903150020428,4.942564499412833,0.20232411739266085,storage,0.029837427125500113,0.1779209925633234,0.3982166434551274,zipf_mandelbrot_transferred (ASSUMPTION),330000000.0,11436367189.722427,0.0
2xT4,minimax_m3,4,finite_16tok,64,303.4074074074074,33,931672142.3911264,931672142.3911264,888.5117935096039,8.22696105101485,2.8232489163367465,0.08146574230568572,0.01070308994084141,0.1852325581395349,2.8232489163367465,0.354201853833537,2.2363748168550637,0.4471522360488146,storage,0.0,0.0,0.3982166434551274,zipf_mandelbrot_transferred (ASSUMPTION),330000000.0,11436367189.722427,0.0
2xT4,minimax_m3,4,steady_state,128,606.8148148148148,33,1834732061.7588494,2625057633.6263967,1749.7368447865003,16.201267081356484,5.559794126541968,0.22953596977766413,0.01070308994084141,0.1852325581395349,5.559794126541968,0.1798627749948668,4.2487040211010525,0.23536588922964086,storage,0.029837427125500113,0.3010697981422028,0.3982166434551274,zipf_mandelbrot_transferred (ASSUMPTION),330000000.0,11436367189.722427,0.0
2xT4,minimax_m3,4,finite_16tok,128,606.8148148148148,33,931672142.3911264,931672142.3911264,888.5117935096039,8.22696105101485,2.8232489163367465,0.08146574230568572,0.01070308994084141,0.1852325581395349,2.8232489163367465,0.354201853833537,2.2363748168550637,0.4471522360488146,storage,0.0,0.0,0.3982166434551274,zipf_mandelbrot_transferred (ASSUMPTION),330000000.0,11436367189.722427,0.0
2xT4,minimax_m3,4,steady_state,256,1213.6296296296296,33,1343595756.0479944,2625057633.6263967,1281.3527641754097,11.864377446068609,4.071502291054529,0.22953596977766413,0.01070308994084141,0.1852325581395349,4.071502291054529,0.24560958793934454,3.1945473936418445,0.3130333899538679,storage,0.029837427125500113,0.4881652353697552,0.3982166434551274,zipf_mandelbrot_transferred (ASSUMPTION),330000000.0,11436367189.722427,0.0
2xT4,minimax_m3,4,finite_16tok,256,1213.6296296296296,33,931672142.3911264,931672142.3911264,888.5117935096039,8.22696105101485,2.8232489163367465,0.08146574230568572,0.01070308994084141,0.1852325581395349,2.8232489163367465,0.354201853833537,2.2363748168550637,0.4471522360488146,storage,0.0,0.0,0.3982166434551274,zipf_mandelbrot_transferred (ASSUMPTION),330000000.0,11436367189.722427,0.0
2xT4,minimax_m3,8,steady_state,2,9.481481481481481,33,5191663411.27146,5226430482.093793,4951.156054755649,45.84403754403379,15.732313367489272,0.45700093354738147,0.010689772573061484,0.17424418604651165,15.732313367489272,0.06356344274622026,11.556626913694636,0.08653043898258904,storage,0.02862488577428186,0.006652163640451847,0.7918506652847416,zipf_mandelbrot_transferred (ASSUMPTION),330000000.0,11436367189.722427,0.0
2xT4,minimax_m3,8,finite_16tok,2,9.481481481481481,33,931672142.3911264,931672142.3911264,888.5117935096039,8.22696105101485,2.8232489163367465,0.08146574230568572,0.010689772573061484,0.17424418604651165,2.8232489163367465,0.354201853833537,2.2253731273942603,0.44936284512922225,storage,0.0,0.0,0.7918506652847416,zipf_mandelbrot_transferred (ASSUMPTION),330000000.0,11436367189.722427,0.0
2xT4,minimax_m3,8,steady_state,4,18.962962962962962,33,5155651953.868963,5226430482.093793,4916.812852734531,45.52604493272714,15.62318773899686,0.45700093354738147,0.010689772573061484,0.17424418604651165,15.62318773899686,0.06400742388212563,11.479333266200257,0.08711307327790539,storage,0.02862488577428186,0.013542422207149407,0.7918506652847416,zipf_mandelbrot_transferred (ASSUMPTION),330000000.0,11436367189.722427,0.0
2xT4,minimax_m3,8,finite_16tok,4,18.962962962962962,33,931672142.3911264,931672142.3911264,888.5117935096039,8.22696105101485,2.8232489163367465,0.08146574230568572,0.010689772573061484,0.17424418604651165,2.8232489163367465,0.354201853833537,2.2253731273942603,0.44936284512922225,storage,0.0,0.0,0.7918506652847416,zipf_mandelbrot_transferred (ASSUMPTION),330000000.0,11436367189.722427,0.0
2xT4,minimax_m3,8,steady_state,8,37.925925925925924,33,5085647991.47148,5226430482.093793,4850.051871749382,44.90788770138317,15.411054519610547,0.45700093354738147,0.010689772573061484,0.17424418604651165,15.411054519610547,0.06488848629582754,11.32907937527093,0.08826842560418423,storage,0.02862488577428186,0.02693664272482843,0.7918506652847416,zipf_mandelbrot_transferred (ASSUMPTION),330000000.0,11436367189.722427,0.0
2xT4,minimax_m3,8,finite_16tok,8,37.925925925925924,33,931672142.3911264,931672142.3911264,888.5117935096039,8.22696105101485,2.8232489163367465,0.08146574230568572,0.010689772573061484,0.17424418604651165,2.8232489163367465,0.354201853833537,2.2253731273942603,0.44936284512922225,storage,0.0,0.0,0.7918506652847416,zipf_mandelbrot_transferred (ASSUMPTION),330000000.0,11436367189.722427,0.0
2xT4,minimax_m3,8,steady_state,16,75.85185185185185,33,4953073517.670728,5226430482.093793,4723.619001074531,43.737212972912324,15.009313689911297,0.45700093354738147,0.010689772573061484,0.17424418604651165,15.009313689911297,0.06662529817550304,11.044526475059847,0.09054258706863948,storage,0.02862488577428186,0.05230280310043556,0.7918506652847416,zipf_mandelbrot_transferred (ASSUMPTION),330000000.0,11436367189.722427,0.0
2xT4,minimax_m3,8,finite_16tok,16,75.85185185185185,33,931672142.3911264,931672142.3911264,888.5117935096039,8.22696105101485,2.8232489163367465,0.08146574230568572,0.010689772573061484,0.17424418604651165,2.8232489163367465,0.354201853833537,2.2253731273942603,0.44936284512922225,storage,0.0,0.0,0.7918506652847416,zipf_mandelbrot_transferred (ASSUMPTION),330000000.0,11436367189.722427,0.0
2xT4,minimax_m3,8,steady_state,32,151.7037037037037,33,4713104241.660819,5226430482.093793,4494.766465817279,41.61820801682666,14.282134065638846,0.45700093354738147,0.010689772573061484,0.17424418604651165,14.282134065638846,0.07001754747603747,10.529465381528391,0.09497158343426229,storage,0.02862488577428186,0.09821736693746808,0.7918506652847416,zipf_mandelbrot_transferred (ASSUMPTION),330000000.0,11436367189.722427,0.0
2xT4,minimax_m3,8,finite_16tok,32,151.7037037037037,33,931672142.3911264,931672142.3911264,888.5117935096039,8.22696105101485,2.8232489163367465,0.08146574230568572,0.010689772573061484,0.17424418604651165,2.8232489163367465,0.354201853833537,2.2253731273942603,0.44936284512922225,storage,0.0,0.0,0.7918506652847416,zipf_mandelbrot_transferred (ASSUMPTION),330000000.0,11436367189.722427,0.0
2xT4,minimax_m3,8,steady_state,64,303.4074074074074,33,4307795368.271048,5226430482.093793,4108.233803053901,38.039201880128715,13.053925358397114,0.45700093354738147,0.010689772573061484,0.17424418604651165,13.053925358397114,0.07660531009216599,9.659525549991296,0.10352475334576874,storage,0.02862488577428186,0.17576721186095745,0.7918506652847416,zipf_mandelbrot_transferred (ASSUMPTION),330000000.0,11436367189.722427,0.0
2xT4,minimax_m3,8,finite_16tok,64,303.4074074074074,33,931672142.3911264,931672142.3911264,888.5117935096039,8.22696105101485,2.8232489163367465,0.08146574230568572,0.010689772573061484,0.17424418604651165,2.8232489163367465,0.354201853833537,2.2253731273942603,0.44936284512922225,storage,0.0,0.0,0.7918506652847416,zipf_mandelbrot_transferred (ASSUMPTION),330000000.0,11436367189.722427,0.0
2xT4,minimax_m3,8,steady_state,128,606.8148148148148,33,3664130832.856682,5226430482.093793,3494.3874672476595,32.355439511552404,11.10342676623237,0.45700093354738147,0.010689772573061484,0.17424418604651165,11.10342676623237,0.09006228627014409,8.277988025728185,0.12080230086006118,storage,0.02862488577428186,0.29892287950441243,0.7918506652847416,zipf_mandelbrot_transferred (ASSUMPTION),330000000.0,11436367189.722427,0.0
2xT4,minimax_m3,8,finite_16tok,128,606.8148148148148,33,931672142.3911264,931672142.3911264,888.5117935096039,8.22696105101485,2.8232489163367465,0.08146574230568572,0.010689772573061484,0.17424418604651165,2.8232489163367465,0.354201853833537,2.2253731273942603,0.44936284512922225,storage,0.0,0.0,0.7918506652847416,zipf_mandelbrot_transferred (ASSUMPTION),330000000.0,11436367189.722427,0.0
2xT4,minimax_m3,8,steady_state,256,1213.6296296296296,33,2684424503.338062,5226430482.093793,2560.0667031651133,23.7043213256029,8.134619707085037,0.45700093354738147,0.010689772573061484,0.17424418604651165,8.134619707085037,0.1229313767586488,6.175182942461131,0.16193852219727892,storage,0.02862488577428186,0.4863751632141412,0.7918506652847416,zipf_mandelbrot_transferred (ASSUMPTION),330000000.0,11436367189.722427,0.0
2xT4,minimax_m3,8,finite_16tok,256,1213.6296296296296,33,931672142.3911264,931672142.3911264,888.5117935096039,8.22696105101485,2.8232489163367465,0.08146574230568572,0.010689772573061484,0.17424418604651165,2.8232489163367465,0.354201853833537,2.2253731273942603,0.44936284512922225,storage,0.0,0.0,0.7918506652847416,zipf_mandelbrot_transferred (ASSUMPTION),330000000.0,11436367189.722427,0.0
2xT4,minimax_m3,16,steady_state,2,9.481481481481481,33,10295072186.627846,10360796256.38903,9818.145929935308,90.90875861051211,31.197188444326805,0.9059516964180736,0.010664682473366771,0.16875,31.197188444326805,0.032054170579652014,22.729349052201115,0.043995980602143984,storage,0.026566823121667277,0.006343534621738645,1.5664338892331287,zipf_mandelbrot_transferred (ASSUMPTION),330000000.0,11436367189.722427,0.0
2xT4,minimax_m3,16,finite_16tok,2,9.481481481481481,33,931672142.3911264,931672142.3911264,888.5117935096039,8.22696105101485,2.8232489163367465,0.08146574230568572,0.010664682473366771,0.16875,2.8232489163367465,0.354201853833537,2.219853851248054,0.4504801068042279,storage,0.0,0.0,1.5664338892331287,zipf_mandelbrot_transferred (ASSUMPTION),330000000.0,11436367189.722427,0.0
2xT4,minimax_m3,16,steady_state,4,18.962962962962962,33,10226840587.98746,10360796256.38903,9753.075206744632,90.30625191430215,30.990426024204424,0.9059516964180736,0.010664682473366771,0.16875,30.990426024204424,0.032268030107716845,22.582899296659637,0.044281293861497914,storage,0.026566823121667277,0.012929090109166541,1.5664338892331287,zipf_mandelbrot_transferred (ASSUMPTION),330000000.0,11436367189.722427,0.0
2xT4,minimax_m3,16,finite_16tok,4,18.962962962962962,33,931672142.3911264,931672142.3911264,888.5117935096039,8.22696105101485,2.8232489163367465,0.08146574230568572,0.010664682473366771,0.16875,2.8232489163367465,0.354201853833537,2.219853851248054,0.4504801068042279,storage,0.0,0.0,1.5664338892331287,zipf_mandelbrot_transferred (ASSUMPTION),330000000.0,11436367189.722427,0.0
2xT4,minimax_m3,16,steady_state,8,37.925925925925924,33,10093757734.456905,10360796256.38903,9626.157507378488,89.1310880312823,30.587144649869412,0.9059516964180736,0.010664682473366771,0.16875,30.587144649869412,0.03269347340024658,22.297255229179502,0.044848569463892624,storage,0.026566823121667277,0.025773938153397458,1.5664338892331287,zipf_mandelbrot_transferred (ASSUMPTION),330000000.0,11436367189.722427,0.0
2xT4,minimax_m3,16,finite_16tok,8,37.925925925925924,33,931672142.3911264,931672142.3911264,888.5117935096039,8.22696105101485,2.8232489163367465,0.08146574230568572,0.010664682473366771,0.16875,2.8232489163367465,0.354201853833537,2.219853851248054,0.4504801068042279,storage,0.0,0.0,1.5664338892331287,zipf_mandelbrot_transferred (ASSUMPTION),330000000.0,11436367189.722427,0.0
2xT4,minimax_m3,16,steady_state,16,75.85185185185185,33,9840153287.338545,10360796256.38903,9384.3014596353,86.89168018180834,29.81864632526832,0.9059516964180736,0.010664682473366771,0.16875,29.81864632526832,0.03353606294168358,21.75292811352062,0.04597082263046904,storage,0.026566823121667277,0.05025125059566993,1.5664338892331287,zipf_mandelbrot_transferred (ASSUMPTION),330000000.0,11436367189.722427,0.0
2xT4,minimax_m3,16,finite_16tok,16,75.85185185185185,33,931672142.3911264,931672142.3911264,888.5117935096039,8.22696105101485,2.8232489163367465,0.08146574230568572,0.010664682473366771,0.16875,2.8232489163367465,0.354201853833537,2.219853851248054,0.4504801068042279,storage,0.0,0.0,1.5664338892331287,zipf_mandelbrot_transferred (ASSUMPTION),330000000.0,11436367189.722427,0.0
2xT4,minimax_m3,16,steady_state,32,151.7037037037037,33,9376423942.945099,10360796256.38903,8942.054694123362,82.79680272336446,28.413405887712422,0.9059516964180736,0.010664682473366771,0.16875,28.413405887712422,0.03519465438082019,20.757596764452202,0.04817513372802963,storage,0.026566823121667277,0.09500933027583791,1.5664338892331287,zipf_mandelbrot_transferred (ASSUMPTION),330000000.0,11436367189.722427,0.0
2xT4,minimax_m3,16,finite_16tok,32,151.7037037037037,33,931672142.3911264,931672142.3911264,888.5117935096039,8.22696105101485,2.8232489163367465,0.08146574230568572,0.010664682473366771,0.16875,2.8232489163367465,0.354201853833537,2.219853851248054,0.4504801068042279,storage,0.0,0.0,1.5664338892331287,zipf_mandelbrot_transferred (ASSUMPTION),330000000.0,11436367189.722427,0.0
2xT4,minimax_m3,16,steady_state,64,303.4074074074074,33,8582349499.338435,10360796256.38903,8184.766291941104,75.78487307352874,26.007119694964956,0.9059516964180736,0.010664682473366771,0.16875,26.007119694964956,0.038451009251655136,19.053225029578346,0.05248455305847665,storage,0.026566823121667277,0.17165155196965742,1.5664338892331287,zipf_mandelbrot_transferred (ASSUMPTION),330000000.0,11436367189.722427,0.0
2xT4,minimax_m3,16,finite_16tok,64,303.4074074074074,33,931672142.3911264,931672142.3911264,888.5117935096039,8.22696105101485,2.8232489163367465,0.08146574230568572,0.010664682473366771,0.16875,2.8232489163367465,0.354201853833537,2.219853851248054,0.4504801068042279,storage,0.0,0.0,1.5664338892331287,zipf_mandelbrot_transferred (ASSUMPTION),330000000.0,11436367189.722427,0.0
2xT4,minimax_m3,16,steady_state,128,606.8148148148148,33,7307621258.427357,10360796256.38903,6969.09070818649,64.52861766839342,22.144306843719264,0.9059516964180736,0.010664682473366771,0.16875,22.144306843719264,0.04515833379014198,16.317195931870103,0.06128503967074634,storage,0.026566823121667277,0.29468536224509956,1.5664338892331287,zipf_mandelbrot_transferred (ASSUMPTION),330000000.0,11436367189.722427,0.0
2xT4,minimax_m3,16,finite_16tok,128,606.8148148148148,33,931672142.3911264,931672142.3911264,888.5117935096039,8.22696105101485,2.8232489163367465,0.08146574230568572,0.010664682473366771,0.16875,2.8232489163367465,0.354201853833537,2.219853851248054,0.4504801068042279,storage,0.0,0.0,1.5664338892331287,zipf_mandelbrot_transferred (ASSUMPTION),330000000.0,11436367189.722427,0.0
2xT4,minimax_m3,16,steady_state,256,1213.6296296296296,33,5356806763.221274,10360796256.38903,5108.6490280354255,47.30230581514283,16.232747767337194,0.9059516964180736,0.010664682473366771,0.16875,16.232747767337194,0.06160386487444566,12.130040543126198,0.08243995528660257,storage,0.026566823121667277,0.48297344811524723,1.5664338892331287,zipf_mandelbrot_transferred (ASSUMPTION),330000000.0,11436367189.722427,0.0
2xT4,minimax_m3,16,finite_16tok,256,1213.6296296296296,33,931672142.3911264,931672142.3911264,888.5117935096039,8.22696105101485,2.8232489163367465,0.08146574230568572,0.010664682473366771,0.16875,2.8232489163367465,0.354201853833537,2.219853851248054,0.4504801068042279,storage,0.0,0.0,1.5664338892331287,zipf_mandelbrot_transferred (ASSUMPTION),330000000.0,11436367189.722427,0.0
1xL4,minimax_m3,1,steady_state,2,18.962962962962962,208,618095475.5019128,621236838.890829,589.4617800730828,5.457979445121137,0.24723819020076518,0.024849473555633158,0.0028863984633361065,0.016813376897943495,0.24723819020076518,4.044682575891566,0.20724324258338225,4.825247798357816,storage,0.08571355300063015,0.005056627669609237,0.09999999999999988,zipf_mandelbrot_transferred (ASSUMPTION),2500000000.0,25000000000.0,0.000222
1xL4,minimax_m3,1,finite_16tok,2,18.962962962962962,208,931672142.3911264,931672142.3911264,888.5117935096039,8.22696105101485,0.3726688569564506,0.037266885695645055,0.0028863984633361065,0.016813376897943495,0.3726688569564506,2.683347377526795,0.3022944494951856,3.308032951547548,storage,0.0,0.0,0.09999999999999988,zipf_mandelbrot_transferred (ASSUMPTION),2500000000.0,25000000000.0,0.000222
1xL4,minimax_m3,1,steady_state,4,37.925925925925924,208,614805453.8441032,621236838.890829,586.3241709176094,5.4289275084963835,0.2459221815376413,0.024849473555633158,0.0028863984633361065,0.016813376897943495,0.2459221815376413,4.066326972814927,0.20631111407138822,4.847048616362848,storage,0.08571355300063015,0.010352549372648956,0.09999999999999988,zipf_mandelbrot_transferred (ASSUMPTION),2500000000.0,25000000000.0,0.000222
1xL4,minimax_m3,1,finite_16tok,4,37.925925925925924,208,931672142.3911264,931672142.3911264,888.5117935096039,8.22696105101485,0.3726688569564506,0.037266885695645055,0.0028863984633361065,0.016813376897943495,0.3726688569564506,2.683347377526795,0.3022944494951856,3.308032951547548,storage,0.0,0.0,0.09999999999999988,zipf_mandelbrot_transferred (ASSUMPTION),2500000000.0,25000000000.0,0.000222
1xL4,minimax_m3,1,steady_state,8,75.85185185185185,208,608303921.2252076,621236838.890829,580.1238262416912,5.371516909645289,0.24332156849008305,0.024849473555633158,0.0028863984633361065,0.016813376897943495,0.24332156849008305,4.109787743870953,0.2044691006878756,4.8907145218314,storage,0.08571355300063015,0.02081801473446432,0.09999999999999988,zipf_mandelbrot_transferred (ASSUMPTION),2500000000.0,25000000000.0,0.000222
1xL4,minimax_m3,1,finite_16tok,8,75.85185185185185,208,931672142.3911264,931672142.3911264,888.5117935096039,8.22696105101485,0.3726688569564506,0.037266885695645055,0.0028863984633361065,0.016813376897943495,0.3726688569564506,2.683347377526795,0.3022944494951856,3.308032951547548,storage,0.0,0.0,0.09999999999999988,zipf_mandelbrot_transferred (ASSUMPTION),2500000000.0,25000000000.0,0.000222
1xL4,minimax_m3,1,steady_state,16,151.7037037037037,208,595605959.3183032,621236838.890829,568.0141061003716,5.259389871299737,0.23824238372732132,0.024849473555633158,0.0028863984633361065,0.016813376897943495,0.23824238372732132,4.197405954200589,0.20087151575722825,4.978306636609404,storage,0.08571355300063015,0.041257823052296194,0.09999999999999988,zipf_mandelbrot_transferred (ASSUMPTION),2500000000.0,25000000000.0,0.000222
1xL4,minimax_m3,1,finite_16tok,16,151.7037037037037,208,931672142.3911264,931672142.3911264,888.5117935096039,8.22696105101485,0.3726688569564506,0.037266885695645055,0.0028863984633361065,0.016813376897943495,0.3726688569564506,2.683347377526795,0.3022944494951856,3.308032951547548,storage,0.0,0.0,0.09999999999999988,zipf_mandelbrot_transferred (ASSUMPTION),2500000000.0,25000000000.0,0.000222
1xL4,minimax_m3,1,steady_state,32,303.4074074074074,208,571365424.1760268,621236838.890829,544.8965303192394,5.045338243696662,0.22854616967041078,0.024849473555633158,0.0028863984633361065,0.016813376897943495,0.22854616967041078,4.37548352458548,0.194003690465418,5.154541120331185,storage,0.08571355300063015,0.08027761973009129,0.09999999999999988,zipf_mandelbrot_transferred (ASSUMPTION),2500000000.0,25000000000.0,0.000222
1xL4,minimax_m3,1,finite_16tok,32,303.4074074074074,208,931672142.3911264,931672142.3911264,888.5117935096039,8.22696105101485,0.3726688569564506,0.037266885695645055,0.0028863984633361065,0.016813376897943495,0.3726688569564506,2.683347377526795,0.3022944494951856,3.308032951547548,storage,0.0,0.0,0.09999999999999988,zipf_mandelbrot_transferred (ASSUMPTION),2500000000.0,25000000000.0,0.000222
1xL4,minimax_m3,1,steady_state,64,606.8148148148148,208,527133942.10550374,621236838.890829,502.71410189199804,4.654760202703685,0.2108535768422015,0.024849473555633158,0.0028863984633361065,0.016813376897943495,0.2108535768422015,4.742627632768969,0.18147203266680778,5.510490984779196,storage,0.08571355300063015,0.15147668472677622,0.09999999999999988,zipf_mandelbrot_transferred (ASSUMPTION),2500000000.0,25000000000.0,0.000222
1xL4,minimax_m3,1,finite_16tok,64,606.8148148148148,208,931672142.3911264,931672142.3911264,888.5117935096039,8.22696105101485,0.3726688569564506,0.037266885695645055,0.0028863984633361065,0.016813376897943495,0.3726688569564506,2.683347377526795,0.3022944494951856,3.308032951547548,storage,0.0,0.0,0.09999999999999988,zipf_mandelbrot_transferred (ASSUMPTION),2500000000.0,25000000000.0,0.000222
1xL4,minimax_m3,1,steady_state,128,1213.6296296296296,208,451372379.1611306,621236838.890829,430.4622451411539,3.9857615290847583,0.18054895166445226,0.024849473555633158,0.0028863984633361065,0.016813376897943495,0.18054895166445226,5.538664117299812,0.16000727641936874,6.249715777794158,storage,0.08571355300063015,0.2734294702049195,0.09999999999999988,zipf_mandelbrot_transferred (ASSUMPTION),2500000000.0,25000000000.0,0.000222
1xL4,minimax_m3,1,finite_16tok,128,1213.6296296296296,208,931672142.3911264,931672142.3911264,888.5117935096039,8.22696105101485,0.3726688569564506,0.037266885695645055,0.0028863984633361065,0.016813376897943495,0.3726688569564506,2.683347377526795,0.3022944494951856,3.308032951547548,storage,0.0,0.0,0.09999999999999988,zipf_mandelbrot_transferred (ASSUMPTION),2500000000.0,25000000000.0,0.000222
1xL4,minimax_m3,1,steady_state,256,2427.259259259259,208,331772779.2892215,621236838.890829,316.40317849085,2.929659060100463,0.1327091117156886,0.024849473555633158,0.0028863984633361065,0.016813376897943495,0.1327091117156886,7.535277623908486,0.12612233320051405,7.928809867560586,storage,0.08571355300063015,0.46594799516143215,0.09999999999999988,zipf_mandelbrot_transferred (ASSUMPTION),2500000000.0,25000000000.0,0.000222
1xL4,minimax_m3,1,finite_16tok,256,2427.259259259259,208,931672142.3911264,931672142.3911264,888.5117935096039,8.22696105101485,0.3726688569564506,0.037266885695645055,0.0028863984633361065,0.016813376897943495,0.3726688569564506,2.683347377526795,0.3022944494951856,3.308032951547548,storage,0.0,0.0,0.09999999999999988,zipf_mandelbrot_transferred (ASSUMPTION),2500000000.0,25000000000.0,0.000222
1xL4,minimax_m3,4,steady_state,2,18.962962962962962,208,2466925849.026437,2479402482.9692397,2352.643822695195,21.78373909902958,0.9867703396105747,0.09917609931876958,0.0028760333854695084,0.01239986546223333,0.9867703396105747,1.0134070308544603,0.7637930620569006,1.3092551499577547,storage,0.08366831217115836,0.005032113191990595,0.3982166434551274,zipf_mandelbrot_transferred (ASSUMPTION),2500000000.0,25000000000.0,0.000222
1xL4,minimax_m3,4,finite_16tok,2,18.962962962962962,208,931672142.3911264,931672142.3911264,888.5117935096039,8.22696105101485,0.3726688569564506,0.037266885695645055,0.0028760333854695084,0.01239986546223333,0.3726688569564506,2.683347377526795,0.29787057298160885,3.3571627770754717,storage,0.0,0.0,0.3982166434551274,zipf_mandelbrot_transferred (ASSUMPTION),2500000000.0,25000000000.0,0.000222
1xL4,minimax_m3,4,steady_state,4,37.925925925925924,208,2453857818.5041723,2479402482.9692397,2340.1811776200984,21.668344237223135,0.981543127401669,0.09917609931876958,0.0028760333854695084,0.01239986546223333,0.981543127401669,1.0188039344202733,0.7600906293338529,1.3156325856515358,storage,0.08366831217115836,0.010302750215235967,0.3982166434551274,zipf_mandelbrot_transferred (ASSUMPTION),2500000000.0,25000000000.0,0.000222
1xL4,minimax_m3,4,finite_16tok,4,37.925925925925924,208,931672142.3911264,931672142.3911264,888.5117935096039,8.22696105101485,0.3726688569564506,0.037266885695645055,0.0028760333854695084,0.01239986546223333,0.3726688569564506,2.683347377526795,0.29787057298160885,3.3571627770754717,storage,0.0,0.0,0.3982166434551274,zipf_mandelbrot_transferred (ASSUMPTION),2500000000.0,25000000000.0,0.000222
1xL4,minimax_m3,4,steady_state,8,75.85185185185185,208,2428030741.748015,2479402482.9692397,2315.5505578498983,21.440282943054612,0.971212296699206,0.09917609931876958,0.0028760333854695084,0.01239986546223333,0.971212296699206,1.0296409996029012,0.7527733052765091,1.3284211767215621,storage,0.08366831217115836,0.020719403797524905,0.3982166434551274,zipf_mandelbrot_transferred (ASSUMPTION),2500000000.0,25000000000.0,0.000222
1xL4,minimax_m3,4,finite_16tok,8,75.85185185185185,208,931672142.3911264,931672142.3911264,888.5117935096039,8.22696105101485,0.3726688569564506,0.037266885695645055,0.0028760333854695084,0.01239986546223333,0.3726688569564506,2.683347377526795,0.29787057298160885,3.3571627770754717,storage,0.0,0.0,0.3982166434551274,zipf_mandelbrot_transferred (ASSUMPTION),2500000000.0,25000000000.0,0.000222
1xL4,minimax_m3,4,steady_state,16,151.7037037037037,208,2377577103.527975,2479402482.9692397,2267.4342189101935,20.994761286205495,0.9510308414111901,0.09917609931876958,0.0028760333854695084,0.01239986546223333,0.9510308414111901,1.0514906104581707,0.7384787869996781,1.354135037599172,storage,0.08366831217115836,0.04106851555594271,0.3982166434551274,zipf_mandelbrot_transferred (ASSUMPTION),2500000000.0,25000000000.0,0.000222
1xL4,minimax_m3,4,finite_16tok,16,151.7037037037037,208,931672142.3911264,931672142.3911264,888.5117935096039,8.22696105101485,0.3726688569564506,0.037266885695645055,0.0028760333854695084,0.01239986546223333,0.3726688569564506,2.683347377526795,0.29787057298160885,3.3571627770754717,storage,0.0,0.0,0.3982166434551274,zipf_mandelbrot_transferred (ASSUMPTION),2500000000.0,25000000000.0,0.000222
1xL4,minimax_m3,4,steady_state,32,303.4074074074074,208,2281216764.270652,2479402482.9692397,2175.5378382402914,20.14386887259529,0.9124867057082608,0.09917609931876958,0.0028760333854695084,0.01239986546223333,0.9124867057082608,1.095906377314081,0.7111779881025165,1.4061177605736719,storage,0.08366831217115836,0.0799328548147813,0.3982166434551274,zipf_mandelbrot_transferred (ASSUMPTION),2500000000.0,25000000000.0,0.000222
1xL4,minimax_m3,4,finite_16tok,32,303.4074074074074,208,931672142.3911264,931672142.3911264,888.5117935096039,8.22696105101485,0.3726688569564506,0.037266885695645055,0.0028760333854695084,0.01239986546223333,0.3726688569564506,2.683347377526795,0.29787057298160885,3.3571627770754717,storage,0.0,0.0,0.3982166434551274,zipf_mandelbrot_transferred (ASSUMPTION),2500000000.0,25000000000.0,0.000222
1xL4,minimax_m3,4,steady_state,64,606.8148148148148,208,2105237497.289469,2479402482.9692397,2007.710931100339,18.589916028706842,0.8420949989157877,0.09917609931876958,0.0028760333854695084,0.01239986546223333,0.8420949989157877,1.1875144743615837,0.6613195648658212,1.5121282555777638,storage,0.08366831217115836,0.1509093373302124,0.3982166434551274,zipf_mandelbrot_transferred (ASSUMPTION),2500000000.0,25000000000.0,0.000222
1xL4,minimax_m3,4,finite_16tok,64,606.8148148148148,208,931672142.3911264,931672142.3911264,888.5117935096039,8.22696105101485,0.3726688569564506,0.037266885695645055,0.0028760333854695084,0.01239986546223333,0.3726688569564506,2.683347377526795,0.29787057298160885,3.3571627770754717,storage,0.0,0.0,0.3982166434551274,zipf_mandelbrot_transferred (ASSUMPTION),2500000000.0,25000000000.0,0.000222
1xL4,minimax_m3,4,steady_state,128,1213.6296296296296,208,1803357064.626416,2479402482.9692397,1719.8153158439789,15.924215887444248,0.7213428258505664,0.09917609931876958,0.0028760333854695084,0.01239986546223333,0.7213428258505664,1.3863033833057907,0.5757908395972894,1.7367417666793803,storage,0.08366831217115836,0.2726646532729198,0.3982166434551274,zipf_mandelbrot_transferred (ASSUMPTION),2500000000.0,25000000000.0,0.000222
1xL4,minimax_m3,4,finite_16tok,128,1213.6296296296296,208,931672142.3911264,931672142.3911264,888.5117935096039,8.22696105101485,0.3726688569564506,0.037266885695645055,0.0028760333854695084,0.01239986546223333,0.3726688569564506,2.683347377526795,0.29787057298160885,3.3571627770754717,storage,0.0,0.0,0.3982166434551274,zipf_mandelbrot_transferred (ASSUMPTION),2500000000.0,25000000000.0,0.000222
1xL4,minimax_m3,4,steady_state,256,2427.259259259259,208,1325930115.2766209,2479402482.9692397,1264.5054962888917,11.708384224897145,0.5303720461106484,0.09917609931876958,0.0028760333854695084,0.01239986546223333,0.5303720461106484,1.885468903071441,0.44052629784970004,2.2700120398741386,storage,0.08366831217115836,0.4652219135923683,0.3982166434551274,zipf_mandelbrot_transferred (ASSUMPTION),2500000000.0,25000000000.0,0.000222
1xL4,minimax_m3,4,finite_16tok,256,2427.259259259259,208,931672142.3911264,931672142.3911264,888.5117935096039,8.22696105101485,0.3726688569564506,0.037266885695645055,0.0028760333854695084,0.01239986546223333,0.3726688569564506,2.683347377526795,0.29787057298160885,3.3571627770754717,storage,0.0,0.0,0.3982166434551274,zipf_mandelbrot_transferred (ASSUMPTION),2500000000.0,25000000000.0,0.000222
1xL4,minimax_m3,8,steady_state,2,18.962962962962962,208,4919205577.92464,4943915936.5848465,4691.320016789093,43.43814830360271,1.9676822311698559,0.19775663746339386,0.0028627160176895815,0.0116642802229483,1.9676822311698559,0.5082121412487752,1.5071140052051712,0.6635198110735258,storage,0.08113253891429631,0.004998134874695248,0.7918506652847416,zipf_mandelbrot_transferred (ASSUMPTION),2500000000.0,25000000000.0,0.000222
1xL4,minimax_m3,8,finite_16tok,2,18.962962962962962,208,931672142.3911264,931672142.3911264,888.5117935096039,8.22696105101485,0.3726688569564506,0.037266885695645055,0.0028627160176895815,0.0116642802229483,0.3726688569564506,2.683347377526795,0.29712167037454384,3.3656245898840904,storage,0.0,0.0,0.7918506652847416,zipf_mandelbrot_transferred (ASSUMPTION),2500000000.0,25000000000.0,0.000222
1xL4,minimax_m3,8,steady_state,4,37.925925925925924,208,4893321181.498591,4943915936.5848465,4666.634732721893,43.20958085853604,1.9573284725994367,0.19775663746339386,0.0028627160176895815,0.0116642802229483,1.9573284725994367,0.5109004513033761,1.499780441346343,0.6667642625758652,storage,0.08113253891429631,0.010233740972789396,0.7918506652847416,zipf_mandelbrot_transferred (ASSUMPTION),2500000000.0,25000000000.0,0.000222
1xL4,minimax_m3,8,finite_16tok,4,37.925925925925924,208,931672142.3911264,931672142.3911264,888.5117935096039,8.22696105101485,0.3726688569564506,0.037266885695645055,0.0028627160176895815,0.0116642802229483,0.3726688569564506,2.683347377526795,0.29712167037454384,3.3656245898840904,storage,0.0,0.0,0.7918506652847416,zipf_mandelbrot_transferred (ASSUMPTION),2500000000.0,25000000000.0,0.000222
1xL4,minimax_m3,8,steady_state,8,75.85185185185185,208,4842155999.1212845,4943915936.5848465,4617.8398123944135,42.75777604068901,1.9368623996485137,0.19775663746339386,0.0028627160176895815,0.0116642802229483,1.9368623996485137,0.5162989380048226,1.4852843284705957,0.6732717640868835,storage,0.08113253891429631,0.02058286159571232,0.7918506652847416,zipf_mandelbrot_transferred (ASSUMPTION),2500000000.0,25000000000.0,0.000222
1xL4,minimax_m3,8,finite_16tok,8,75.85185185185185,208,931672142.3911264,931672142.3911264,888.5117935096039,8.22696105101485,0.3726688569564506,0.037266885695645055,0.0028627160176895815,0.0116642802229483,0.3726688569564506,2.683347377526795,0.29712167037454384,3.3656245898840904,storage,0.0,0.0,0.7918506652847416,zipf_mandelbrot_transferred (ASSUMPTION),2500000000.0,25000000000.0,0.000222
1xL4,minimax_m3,8,steady_state,16,151.7037037037037,208,4742171183.370478,4943915936.5848465,4522.486861582258,41.874878347983866,1.896868473348191,0.19775663746339386,0.0028627160176895815,0.0116642802229483,1.896868473348191,0.5271846804617323,1.4569566433605097,0.6863622226214454,storage,0.08113253891429631,0.04080667143255068,0.7918506652847416,zipf_mandelbrot_transferred (ASSUMPTION),2500000000.0,25000000000.0,0.000222
1xL4,minimax_m3,8,finite_16tok,16,151.7037037037037,208,931672142.3911264,931672142.3911264,888.5117935096039,8.22696105101485,0.3726688569564506,0.037266885695645055,0.0028627160176895815,0.0116642802229483,0.3726688569564506,2.683347377526795,0.29712167037454384,3.3656245898840904,storage,0.0,0.0,0.7918506652847416,zipf_mandelbrot_transferred (ASSUMPTION),2500000000.0,25000000000.0,0.000222
1xL4,minimax_m3,8,steady_state,32,303.4074074074074,208,4551088100.783942,4943915936.5848465,4340.255833419745,40.187554013145785,1.820435240313577,0.19775663746339386,0.0028627160176895815,0.0116642802229483,1.820435240313577,0.5493191835968557,1.4028190090334467,0.7128503346194374,storage,0.08113253891429631,0.07945681942000438,0.7918506652847416,zipf_mandelbrot_transferred (ASSUMPTION),2500000000.0,25000000000.0,0.000222
1xL4,minimax_m3,8,finite_16tok,32,303.4074074074074,208,931672142.3911264,931672142.3911264,888.5117935096039,8.22696105101485,0.3726688569564506,0.037266885695645055,0.0028627160176895815,0.0116642802229483,0.3726688569564506,2.683347377526795,0.29712167037454384,3.3656245898840904,storage,0.0,0.0,0.7918506652847416,zipf_mandelbrot_transferred (ASSUMPTION),2500000000.0,25000000000.0,0.000222
1xL4,minimax_m3,8,steady_state,64,606.8148148148148,208,4201687070.614687,4943915936.5848465,4007.0410448214407,37.10223189649482,1.680674828245875,0.19775663746339386,0.0028627160176895815,0.0116642802229483,1.680674828245875,0.5949990939316339,1.303826754205048,0.7669730635414878,storage,0.08113253891429631,0.15012975048335375,0.7918506652847416,zipf_mandelbrot_transferred (ASSUMPTION),2500000000.0,25000000000.0,0.000222
1xL4,minimax_m3,8,finite_16tok,64,606.8148148148148,208,931672142.3911264,931672142.3911264,888.5117935096039,8.22696105101485,0.3726688569564506,0.037266885695645055,0.0028627160176895815,0.0116642802229483,0.3726688569564506,2.683347377526795,0.29712167037454384,3.3656245898840904,storage,0.0,0.0,0.7918506652847416,zipf_mandelbrot_transferred (ASSUMPTION),2500000000.0,25000000000.0,0.000222
1xL4,minimax_m3,8,steady_state,128,1213.6296296296296,208,3601050940.870075,4943915936.5848465,3434.2297943783524,31.79842402202178,1.44042037634803,0.19775663746339386,0.0028627160176895815,0.0116642802229483,1.44042037634803,0.6942417758177999,1.1336546033501425,0.8821028883443244,storage,0.08113253891429631,0.27161970651191814,0.7918506652847416,zipf_mandelbrot_transferred (ASSUMPTION),2500000000.0,25000000000.0,0.000222
1xL4,minimax_m3,8,finite_16tok,128,1213.6296296296296,208,931672142.3911264,931672142.3911264,888.5117935096039,8.22696105101485,0.3726688569564506,0.037266885695645055,0.0028627160176895815,0.0116642802229483,0.3726688569564506,2.683347377526795,0.29712167037454384,3.3656245898840904,storage,0.0,0.0,0.7918506652847416,zipf_mandelbrot_transferred (ASSUMPTION),2500000000.0,25000000000.0,0.000222
1xL4,minimax_m3,8,steady_state,256,2427.259259259259,208,2648801722.3095274,4943915936.5848465,2526.094171819236,23.389760850178114,1.0595206889238111,0.19775663746339386,0.0028627160176895815,0.0116642802229483,1.0595206889238111,0.9438230045472088,0.8638634774962042,1.1575903207511096,storage,0.08113253891429631,0.464230024076974,0.7918506652847416,zipf_mandelbrot_transferred (ASSUMPTION),2500000000.0,25000000000.0,0.000222
1xL4,minimax_m3,8,finite_16tok,256,2427.259259259259,208,931672142.3911264,931672142.3911264,888.5117935096039,8.22696105101485,0.3726688569564506,0.037266885695645055,0.0028627160176895815,0.0116642802229483,0.3726688569564506,2.683347377526795,0.29712167037454384,3.3656245898840904,storage,0.0,0.0,0.7918506652847416,zipf_mandelbrot_transferred (ASSUMPTION),2500000000.0,25000000000.0,0.000222
1xL4,minimax_m3,16,steady_state,2,18.962962962962962,208,9779440291.37749,9827855797.361946,9326.401034715165,86.35556513625153,3.9117761165509957,0.39311423189447786,0.0028376259179948697,0.011296487603305786,3.9117761165509957,0.25563835204395535,2.9814009922136395,0.33541278164582516,storage,0.07663844998121704,0.004926354942799582,1.5664338892331287,zipf_mandelbrot_transferred (ASSUMPTION),2500000000.0,25000000000.0,0.000222
1xL4,minimax_m3,16,finite_16tok,2,18.962962962962962,208,931672142.3911264,931672142.3911264,888.5117935096039,8.22696105101485,0.3726688569564506,0.037266885695645055,0.0028376259179948697,0.011296487603305786,0.3726688569564506,2.683347377526795,0.29672878765520666,3.3700808334174215,storage,0.0,0.0,1.5664338892331287,zipf_mandelbrot_transferred (ASSUMPTION),2500000000.0,25000000000.0,0.000222
1xL4,minimax_m3,16,steady_state,4,37.925925925925924,208,9728712032.243576,9827855797.361946,9278.022796863152,85.90761848947362,3.8914848128974304,0.39311423189447786,0.0028376259179948697,0.011296487603305786,3.8914848128974304,0.25697132279322543,2.9670286683748897,0.3370375253393568,storage,0.07663844998121704,0.01008803620673615,1.5664338892331287,zipf_mandelbrot_transferred (ASSUMPTION),2500000000.0,25000000000.0,0.000222
1xL4,minimax_m3,16,finite_16tok,4,37.925925925925924,208,931672142.3911264,931672142.3911264,888.5117935096039,8.22696105101485,0.3726688569564506,0.037266885695645055,0.0028376259179948697,0.011296487603305786,0.3726688569564506,2.683347377526795,0.29672878765520666,3.3700808334174215,storage,0.0,0.0,1.5664338892331287,zipf_mandelbrot_transferred (ASSUMPTION),2500000000.0,25000000000.0,0.000222
1xL4,minimax_m3,16,steady_state,8,75.85185185185185,208,9628401293.629244,9827855797.361946,9182.359021786922,85.02184279432336,3.851360517451698,0.39311423189447786,0.0028376259179948697,0.011296487603305786,3.851360517451698,0.25964850485138763,2.9386086428411224,0.34029710027435783,storage,0.07663844998121704,0.020294813827675284,1.5664338892331287,zipf_mandelbrot_transferred (ASSUMPTION),2500000000.0,25000000000.0,0.000222
1xL4,minimax_m3,16,finite_16tok,8,75.85185185185185,208,931672142.3911264,931672142.3911264,888.5117935096039,8.22696105101485,0.3726688569564506,0.037266885695645055,0.0028376259179948697,0.011296487603305786,0.3726688569564506,2.683347377526795,0.29672878765520666,3.3700808334174215,storage,0.0,0.0,1.5664338892331287,zipf_mandelbrot_transferred (ASSUMPTION),2500000000.0,25000000000.0,0.000222
1xL4,minimax_m3,16,steady_state,16,151.7037037037037,208,9432231887.686563,9827855797.361946,8995.277297674716,83.28960460809922,3.7728927550746256,0.39311423189447786,0.0028376259179948697,0.011296487603305786,3.7728927550746256,0.2650486151918783,2.883029952036443,0.346857305208933,storage,0.07663844998121704,0.04025536371642502,1.5664338892331287,zipf_mandelbrot_transferred (ASSUMPTION),2500000000.0,25000000000.0,0.000222
1xL4,minimax_m3,16,finite_16tok,16,151.7037037037037,208,931672142.3911264,931672142.3911264,888.5117935096039,8.22696105101485,0.3726688569564506,0.037266885695645055,0.0028376259179948697,0.011296487603305786,0.3726688569564506,2.683347377526795,0.29672878765520666,3.3700808334174215,storage,0.0,0.0,1.5664338892331287,zipf_mandelbrot_transferred (ASSUMPTION),2500000000.0,25000000000.0,0.000222
1xL4,minimax_m3,16,steady_state,32,303.4074074074074,208,9056777551.810467,9827855797.361946,8637.216140566317,79.9742235237622,3.6227110207241875,0.39311423189447786,0.0028376259179948697,0.011296487603305786,3.6227110207241875,0.27603637007737314,2.7766562779935553,0.3601454050778701,storage,0.07663844998121704,0.07845844113407263,1.5664338892331287,zipf_mandelbrot_transferred (ASSUMPTION),2500000000.0,25000000000.0,0.000222
1xL4,minimax_m3,16,finite_16tok,32,303.4074074074074,208,931672142.3911264,931672142.3911264,888.5117935096039,8.22696105101485,0.3726688569564506,0.037266885695645055,0.0028376259179948697,0.011296487603305786,0.3726688569564506,2.683347377526795,0.29672878765520666,3.3700808334174215,storage,0.0,0.0,1.5664338892331287,zipf_mandelbrot_transferred (ASSUMPTION),2500000000.0,25000000000.0,0.000222
1xL4,minimax_m3,16,steady_state,64,606.8148148148148,208,8368376113.936321,9827855797.361946,7980.705369888612,73.89542009156122,3.3473504455745284,0.39311423189447786,0.0028376259179948697,0.011296487603305786,3.3473504455745284,0.29874374262846665,2.58161847135268,0.3873539065112259,storage,0.07663844998121704,0.14850438524112108,1.5664338892331287,zipf_mandelbrot_transferred (ASSUMPTION),2500000000.0,25000000000.0,0.000222
1xL4,minimax_m3,16,finite_16tok,64,606.8148148148148,208,931672142.3911264,931672142.3911264,888.5117935096039,8.22696105101485,0.3726688569564506,0.037266885695645055,0.0028376259179948697,0.011296487603305786,0.3726688569564506,2.683347377526795,0.29672878765520666,3.3700808334174215,storage,0.0,0.0,1.5664338892331287,zipf_mandelbrot_transferred (ASSUMPTION),2500000000.0,25000000000.0,0.000222
1xL4,minimax_m3,16,steady_state,128,1213.6296296296296,208,7179615930.167335,9827855797.361946,6847.0153142617555,63.398289946868104,2.871846372066934,0.39311423189447786,0.0028376259179948697,0.011296487603305786,2.871846372066934,0.34820804125405813,2.2448190893230717,0.4454701961312844,storage,0.07663844998121704,0.2694626296720256,1.5664338892331287,zipf_mandelbrot_transferred (ASSUMPTION),2500000000.0,25000000000.0,0.000222
1xL4,minimax_m3,16,finite_16tok,128,1213.6296296296296,208,931672142.3911264,931672142.3911264,888.5117935096039,8.22696105101485,0.3726688569564506,0.037266885695645055,0.0028376259179948697,0.011296487603305786,0.3726688569564506,2.683347377526795,0.29672878765520666,3.3700808334174215,storage,0.0,0.0,1.5664338892331287,zipf_mandelbrot_transferred (ASSUMPTION),2500000000.0,25000000000.0,0.000222
1xL4,minimax_m3,16,steady_state,256,2427.259259259259,208,5285355918.39559,9827855797.361946,5040.508192439642,46.67137215221891,2.114142367358236,0.39311423189447786,0.0028376259179948697,0.011296487603305786,2.114142367358236,0.47300504234706187,1.7081375869654,0.5854329344608327,storage,0.07663844998121704,0.46220660667260516,1.5664338892331287,zipf_mandelbrot_transferred (ASSUMPTION),2500000000.0,25000000000.0,0.000222
1xL4,minimax_m3,16,finite_16tok,256,2427.259259259259,208,931672142.3911264,931672142.3911264,888.5117935096039,8.22696105101485,0.3726688569564506,0.037266885695645055,0.0028376259179948697,0.011296487603305786,0.3726688569564506,2.683347377526795,0.29672878765520666,3.3700808334174215,storage,0.0,0.0,1.5664338892331287,zipf_mandelbrot_transferred (ASSUMPTION),2500000000.0,25000000000.0,0.000222
2xL4,minimax_m3,1,steady_state,2,9.481481481481481,208,575945076.72383,578267879.099831,549.2640273321438,5.0857780308531835,0.11518901534476601,0.01156535758199662,0.0026056227410220572,0.008406688448971748,0.11518901534476601,8.681383350721022,0.09838333242890727,10.164323318917962,storage,0.14895181435150628,0.004016827598338435,0.09999999999999988,zipf_mandelbrot_transferred (ASSUMPTION),5000000000.0,50000000000.0,0.000222
2xL4,minimax_m3,1,finite_16tok,2,9.481481481481481,208,931672142.3911264,931672142.3911264,888.5117935096039,8.22696105101485,0.1863344284782253,0.018633442847822528,0.0026056227410220572,0.008406688448971748,0.1863344284782253,5.36669475505359,0.1523096482569468,6.565572249979839,storage,0.0,0.0,0.09999999999999988,zipf_mandelbrot_transferred (ASSUMPTION),5000000000.0,50000000000.0,0.000222
2xL4,minimax_m3,1,steady_state,4,18.962962962962962,208,573501727.8991834,578267879.099831,546.9338683120569,5.064202484370897,0.11470034557983667,0.01156535758199662,0.0026056227410220572,0.008406688448971748,0.11470034557983667,8.718369547578689,0.09803720779188642,10.200208905610634,storage,0.14895181435150628,0.008242116453133774,0.09999999999999988,zipf_mandelbrot_transferred (ASSUMPTION),5000000000.0,50000000000.0,0.000222
2xL4,minimax_m3,1,finite_16tok,4,18.962962962962962,208,931672142.3911264,931672142.3911264,888.5117935096039,8.22696105101485,0.1863344284782253,0.018633442847822528,0.0026056227410220572,0.008406688448971748,0.1863344284782253,5.36669475505359,0.1523096482569468,6.565572249979839,storage,0.0,0.0,0.09999999999999988,zipf_mandelbrot_transferred (ASSUMPTION),5000000000.0,50000000000.0,0.000222
2xL4,minimax_m3,1,steady_state,8,37.925925925925924,208,568641089.9661267,578267879.099831,542.2984027539508,5.021281506981026,0.11372821799322536,0.01156535758199662,0.0026056227410220572,0.008406688448971748,0.11372821799322536,8.792892543691917,0.09734865013556722,10.27235609951864,storage,0.14895181435150628,0.01664762903429773,0.09999999999999988,zipf_mandelbrot_transferred (ASSUMPTION),5000000000.0,50000000000.0,0.000222
2xL4,minimax_m3,1,finite_16tok,8,37.925925925925924,208,931672142.3911264,931672142.3911264,888.5117935096039,8.22696105101485,0.1863344284782253,0.018633442847822528,0.0026056227410220572,0.008406688448971748,0.1863344284782253,5.36669475505359,0.1523096482569468,6.565572249979839,storage,0.0,0.0,0.09999999999999988,zipf_mandelbrot_transferred (ASSUMPTION),5000000000.0,50000000000.0,0.000222
2xL4,minimax_m3,1,steady_state,16,75.85185185185185,208,559023453.7786366,578267879.099831,533.1263101374021,4.936354723494464,0.11180469075572733,0.01156535758199662,0.0026056227410220572,0.008406688448971748,0.11180469075572733,8.944168560734326,0.09598621641312276,10.418162496331973,storage,0.14895181435150628,0.03327942985723398,0.09999999999999988,zipf_mandelbrot_transferred (ASSUMPTION),5000000000.0,50000000000.0,0.000222
2xL4,minimax_m3,1,finite_16tok,16,75.85185185185185,208,931672142.3911264,931672142.3911264,888.5117935096039,8.22696105101485,0.1863344284782253,0.018633442847822528,0.0026056227410220572,0.008406688448971748,0.1863344284782253,5.36669475505359,0.1523096482569468,6.565572249979839,storage,0.0,0.0,0.09999999999999988,zipf_mandelbrot_transferred (ASSUMPTION),5000000000.0,50000000000.0,0.000222
2xL4,minimax_m3,1,steady_state,32,151.7037037037037,208,540197098.8368325,578267879.099831,515.1720989578557,4.770112027387553,0.1080394197673665,0.01156535758199662,0.0026056227410220572,0.008406688448971748,0.1080394197673665,9.25588088267438,0.09331927618546204,10.715899660565384,storage,0.14895181435150628,0.06583588962655473,0.09999999999999988,zipf_mandelbrot_transferred (ASSUMPTION),5000000000.0,50000000000.0,0.000222
2xL4,minimax_m3,1,finite_16tok,32,151.7037037037037,208,931672142.3911264,931672142.3911264,888.5117935096039,8.22696105101485,0.1863344284782253,0.018633442847822528,0.0026056227410220572,0.008406688448971748,0.1863344284782253,5.36669475505359,0.1523096482569468,6.565572249979839,storage,0.0,0.0,0.09999999999999988,zipf_mandelbrot_transferred (ASSUMPTION),5000000000.0,50000000000.0,0.000222
2xL4,minimax_m3,1,steady_state,64,303.4074074074074,208,504235635.26018727,578267879.099831,480.8765747644303,4.452560877448429,0.10084712705203745,0.01156535758199662,0.0026056227410220572,0.008406688448971748,0.10084712705203745,9.915998890915322,0.0882249775729809,11.33465859113182,storage,0.14895181435150628,0.12802413295873694,0.09999999999999988,zipf_mandelbrot_transferred (ASSUMPTION),5000000000.0,50000000000.0,0.000222
2xL4,minimax_m3,1,finite_16tok,64,303.4074074074074,208,931672142.3911264,931672142.3911264,888.5117935096039,8.22696105101485,0.1863344284782253,0.018633442847822528,0.0026056227410220572,0.008406688448971748,0.1863344284782253,5.36669475505359,0.1523096482569468,6.565572249979839,storage,0.0,0.0,0.09999999999999988,zipf_mandelbrot_transferred (ASSUMPTION),5000000000.0,50000000000.0,0.000222
2xL4,minimax_m3,1,steady_state,128,606.8148148148148,208,438037050.6315937,578267879.099831,417.74468482169505,3.868006340941621,0.08760741012631876,0.01156535758199662,0.0026056227410220572,0.008406688448971748,0.08760741012631876,11.414559551048558,0.07884729034112212,12.682744019149364,storage,0.14895181435150628,0.2425015006652791,0.09999999999999988,zipf_mandelbrot_transferred (ASSUMPTION),5000000000.0,50000000000.0,0.000222
2xL4,minimax_m3,1,finite_16tok,128,606.8148148148148,208,931672142.3911264,931672142.3911264,888.5117935096039,8.22696105101485,0.1863344284782253,0.018633442847822528,0.0026056227410220572,0.008406688448971748,0.1863344284782253,5.36669475505359,0.1523096482569468,6.565572249979839,storage,0.0,0.0,0.09999999999999988,zipf_mandelbrot_transferred (ASSUMPTION),5000000000.0,50000000000.0,0.000222
2xL4,minimax_m3,1,steady_state,256,1213.6296296296296,208,325153304.36246336,578267879.099831,310.0903552651056,2.871206993195422,0.06503066087249267,0.01156535758199662,0.0026056227410220572,0.008406688448971748,0.06503066087249267,15.377361794934338,0.06285618612021454,15.90933306210254,storage,0.14895181435150628,0.4377116279247293,0.09999999999999988,zipf_mandelbrot_transferred (ASSUMPTION),5000000000.0,50000000000.0,0.000222
2xL4,minimax_m3,1,finite_16tok,256,1213.6296296296296,208,931672142.3911264,931672142.3911264,888.5117935096039,8.22696105101485,0.1863344284782253,0.018633442847822528,0.0026056227410220572,0.008406688448971748,0.1863344284782253,5.36669475505359,0.1523096482569468,6.565572249979839,storage,0.0,0.0,0.09999999999999988,zipf_mandelbrot_transferred (ASSUMPTION),5000000000.0,50000000000.0,0.000222
2xL4,minimax_m3,4,steady_state,2,9.481481481481481,208,2300142190.91288,2309402630.406432,2193.586531556015,20.310986403296436,0.46002843818257605,0.046188052608128645,0.002595257663155459,0.006199932731116665,0.46002843818257605,2.1737786558384897,0.3577272112144083,2.795426147776713,storage,0.14649645439475584,0.004009885228165255,0.3982166434551274,zipf_mandelbrot_transferred (ASSUMPTION),5000000000.0,50000000000.0,0.000222
2xL4,minimax_m3,4,finite_16tok,2,9.481481481481481,208,931672142.3911264,931672142.3911264,888.5117935096039,8.22696105101485,0.1863344284782253,0.018633442847822528,0.002595257663155459,0.006199932731116665,0.1863344284782253,5.36669475505359,0.15009252746122512,6.662556870183559,storage,0.0,0.0,0.3982166434551274,zipf_mandelbrot_transferred (ASSUMPTION),5000000000.0,50000000000.0,0.000222
2xL4,minimax_m3,4,steady_state,4,18.962962962962962,208,2290401025.226988,2309402630.406432,2184.296632029522,20.224968815088165,0.4580802050453976,0.046188052608128645,0.002595257663155459,0.006199932731116665,0.4580802050453976,2.183023821998368,0.3563472783111819,2.8062512634844525,storage,0.14649645439475584,0.008227930863706101,0.3982166434551274,zipf_mandelbrot_transferred (ASSUMPTION),5000000000.0,50000000000.0,0.000222
2xL4,minimax_m3,4,finite_16tok,4,18.962962962962962,208,931672142.3911264,931672142.3911264,888.5117935096039,8.22696105101485,0.1863344284782253,0.018633442847822528,0.002595257663155459,0.006199932731116665,0.1863344284782253,5.36669475505359,0.15009252746122512,6.662556870183559,storage,0.0,0.0,0.3982166434551274,zipf_mandelbrot_transferred (ASSUMPTION),5000000000.0,50000000000.0,0.000222
2xL4,minimax_m3,4,steady_state,8,37.925925925925924,208,2271022144.157548,2309402630.406432,2165.8154908729057,20.05384713771209,0.45420442883150963,0.046188052608128645,0.002595257663155459,0.006199932731116665,0.45420442883150963,2.201651803732097,0.35360206726789173,2.8280377649556896,storage,0.14649645439475584,0.01661922686999373,0.3982166434551274,zipf_mandelbrot_transferred (ASSUMPTION),5000000000.0,50000000000.0,0.000222
2xL4,minimax_m3,4,finite_16tok,8,37.925925925925924,208,931672142.3911264,931672142.3911264,888.5117935096039,8.22696105101485,0.1863344284782253,0.018633442847822528,0.002595257663155459,0.006199932731116665,0.1863344284782253,5.36669475505359,0.15009252746122512,6.662556870183559,storage,0.0,0.0,0.3982166434551274,zipf_mandelbrot_transferred (ASSUMPTION),5000000000.0,50000000000.0,0.000222
2xL4,minimax_m3,4,steady_state,16,75.85185185185185,208,2232675817.5371184,2309402630.406432,2129.245584046477,19.71523688931923,0.4465351635074237,0.046188052608128645,0.002595257663155459,0.006199932731116665,0.4465351635074237,2.239465291255556,0.3481699291103372,2.87216073644055,storage,0.14649645439475584,0.03322366219692552,0.3982166434551274,zipf_mandelbrot_transferred (ASSUMPTION),5000000000.0,50000000000.0,0.000222
2xL4,minimax_m3,4,finite_16tok,16,75.85185185185185,208,931672142.3911264,931672142.3911264,888.5117935096039,8.22696105101485,0.1863344284782253,0.018633442847822528,0.002595257663155459,0.006199932731116665,0.1863344284782253,5.36669475505359,0.15009252746122512,6.662556870183559,storage,0.0,0.0,0.3982166434551274,zipf_mandelbrot_transferred (ASSUMPTION),5000000000.0,50000000000.0,0.000222
2xL4,minimax_m3,4,steady_state,32,151.7037037037037,208,2157607117.2548304,2309402630.406432,2057.65449262126,19.052356413159814,0.43152142345096606,0.046188052608128645,0.002595257663155459,0.006199932731116665,0.43152142345096606,2.3173820479242795,0.3375357018666722,2.9626495640896784,storage,0.14649645439475584,0.06572934106552397,0.3982166434551274,zipf_mandelbrot_transferred (ASSUMPTION),5000000000.0,50000000000.0,0.000222
2xL4,minimax_m3,4,finite_16tok,32,151.7037037037037,208,931672142.3911264,931672142.3911264,888.5117935096039,8.22696105101485,0.1863344284782253,0.018633442847822528,0.002595257663155459,0.006199932731116665,0.1863344284782253,5.36669475505359,0.15009252746122512,6.662556870183559,storage,0.0,0.0,0.3982166434551274,zipf_mandelbrot_transferred (ASSUMPTION),5000000000.0,50000000000.0,0.000222
2xL4,minimax_m3,4,steady_state,64,303.4074074074074,208,2014185795.771326,2309402630.406432,1920.877261897398,17.785900573124056,0.40283715915426527,0.046188052608128645,0.002595257663155459,0.006199932731116665,0.40283715915426527,2.482392642474805,0.3172186467091027,3.1523998049112936,storage,0.14649645439475584,0.12783255321015696,0.3982166434551274,zipf_mandelbrot_transferred (ASSUMPTION),5000000000.0,50000000000.0,0.000222
2xL4,minimax_m3,4,finite_16tok,64,303.4074074074074,208,931672142.3911264,931672142.3911264,888.5117935096039,8.22696105101485,0.1863344284782253,0.018633442847822528,0.002595257663155459,0.006199932731116665,0.1863344284782253,5.36669475505359,0.15009252746122512,6.662556870183559,storage,0.0,0.0,0.3982166434551274,zipf_mandelbrot_transferred (ASSUMPTION),5000000000.0,50000000000.0,0.000222
2xL4,minimax_m3,4,steady_state,128,606.8148148148148,208,1750075033.8689752,2309402630.406432,1669.0016115846397,15.4537186257837,0.35001500677379505,0.046188052608128645,0.002595257663155459,0.006199932731116665,0.35001500677379505,2.8570203581193083,0.27980473320046895,3.573920957525546,storage,0.14649645439475584,0.24219579088251986,0.3982166434551274,zipf_mandelbrot_transferred (ASSUMPTION),5000000000.0,50000000000.0,0.000222
2xL4,minimax_m3,4,finite_16tok,128,606.8148148148148,208,931672142.3911264,931672142.3911264,888.5117935096039,8.22696105101485,0.1863344284782253,0.018633442847822528,0.002595257663155459,0.006199932731116665,0.1863344284782253,5.36669475505359,0.15009252746122512,6.662556870183559,storage,0.0,0.0,0.3982166434551274,zipf_mandelbrot_transferred (ASSUMPTION),5000000000.0,50000000000.0,0.000222
2xL4,minimax_m3,4,steady_state,256,1213.6296296296296,208,1299397845.235561,2309402630.406432,1239.2023517947778,11.474095849951645,0.2598795690471122,0.046188052608128645,0.002595257663155459,0.006199932731116665,0.2598795690471122,3.847936194702229,0.2159618317056826,4.630447853224459,storage,0.14649645439475584,0.4373446067276371,0.3982166434551274,zipf_mandelbrot_transferred (ASSUMPTION),5000000000.0,50000000000.0,0.000222
2xL4,minimax_m3,4,finite_16tok,256,1213.6296296296296,208,931672142.3911264,931672142.3911264,888.5117935096039,8.22696105101485,0.1863344284782253,0.018633442847822528,0.002595257663155459,0.006199932731116665,0.1863344284782253,5.36669475505359,0.15009252746122512,6.662556870183559,storage,0.0,0.0,0.3982166434551274,zipf_mandelbrot_transferred (ASSUMPTION),5000000000.0,50000000000.0,0.000222
2xL4,minimax_m3,8,steady_state,2,9.481481481481481,208,4590548437.910281,4608987533.888174,4377.888143453866,40.53600132827654,0.9181096875820564,0.09217975067776348,0.002581940295375532,0.00583214011147415,0.9181096875820564,1.0891944759167185,0.704800751590309,1.4188407117098059,storage,0.14338173873462576,0.004000682545204803,0.7918506652847416,zipf_mandelbrot_transferred (ASSUMPTION),5000000000.0,50000000000.0,0.000222
2xL4,minimax_m3,8,finite_16tok,2,9.481481481481481,208,931672142.3911264,931672142.3911264,888.5117935096039,8.22696105101485,0.1863344284782253,0.018633442847822528,0.002581940295375532,0.00583214011147415,0.1863344284782253,5.36669475505359,0.14971141747380268,6.67951727980256,storage,0.0,0.0,0.7918506652847416,zipf_mandelbrot_transferred (ASSUMPTION),5000000000.0,50000000000.0,0.000222
2xL4,minimax_m3,8,steady_state,4,18.962962962962962,208,4571151774.273516,4608987533.888174,4359.390043519512,40.36472262518066,0.9142303548547032,0.09217975067776348,0.002581940295375532,0.00583214011147415,0.9142303548547032,1.0938162298920036,0.7020530214696774,1.4243938412323909,storage,0.14338173873462576,0.00820912604698254,0.7918506652847416,zipf_mandelbrot_transferred (ASSUMPTION),5000000000.0,50000000000.0,0.000222
2xL4,minimax_m3,8,finite_16tok,4,18.962962962962962,208,931672142.3911264,931672142.3911264,888.5117935096039,8.22696105101485,0.1863344284782253,0.018633442847822528,0.002581940295375532,0.00583214011147415,0.1863344284782253,5.36669475505359,0.14971141747380268,6.67951727980256,storage,0.0,0.0,0.7918506652847416,zipf_mandelbrot_transferred (ASSUMPTION),5000000000.0,50000000000.0,0.000222
2xL4,minimax_m3,8,steady_state,8,37.925925925925924,208,4532563277.748321,4608987533.888174,4322.5891854747015,40.02397393958057,0.9065126555496642,0.09217975067776348,0.002581940295375532,0.00583214011147415,0.9065126555496642,1.103128559626837,0.6965865775390222,1.4355717325661228,storage,0.14338173873462576,0.016581571457491395,0.7918506652847416,zipf_mandelbrot_transferred (ASSUMPTION),5000000000.0,50000000000.0,0.000222
2xL4,minimax_m3,8,finite_16tok,8,37.925925925925924,208,931672142.3911264,931672142.3911264,888.5117935096039,8.22696105101485,0.1863344284782253,0.018633442847822528,0.002581940295375532,0.00583214011147415,0.1863344284782253,5.36669475505359,0.14971141747380268,6.67951727980256,storage,0.0,0.0,0.7918506652847416,zipf_mandelbrot_transferred (ASSUMPTION),5000000000.0,50000000000.0,0.000222
2xL4,minimax_m3,8,steady_state,16,75.85185185185185,208,4456200953.968401,4608987533.888174,4249.764398544694,39.34967035689532,0.8912401907936803,0.09217975067776348,0.002581940295375532,0.00583214011147415,0.8912401907936803,1.1220319845646383,0.6857690956740594,1.4582167763291742,storage,0.14338173873462576,0.033149705612434466,0.7918506652847416,zipf_mandelbrot_transferred (ASSUMPTION),5000000000.0,50000000000.0,0.000222
2xL4,minimax_m3,8,finite_16tok,16,75.85185185185185,208,931672142.3911264,931672142.3911264,888.5117935096039,8.22696105101485,0.1863344284782253,0.018633442847822528,0.002581940295375532,0.00583214011147415,0.1863344284782253,5.36669475505359,0.14971141747380268,6.67951727980256,storage,0.0,0.0,0.7918506652847416,zipf_mandelbrot_transferred (ASSUMPTION),5000000000.0,50000000000.0,0.000222
2xL4,minimax_m3,8,steady_state,32,151.7037037037037,208,4306693222.744147,4608987533.888174,4107.182715171954,38.02946958492551,0.8613386445488296,0.09217975067776348,0.002581940295375532,0.00583214011147415,0.8613386445488296,1.1609835531340886,0.6645898401048963,1.5046874623334052,storage,0.14338173873462576,0.06558800797818798,0.7918506652847416,zipf_mandelbrot_transferred (ASSUMPTION),5000000000.0,50000000000.0,0.000222
2xL4,minimax_m3,8,finite_16tok,32,151.7037037037037,208,931672142.3911264,931672142.3911264,888.5117935096039,8.22696105101485,0.1863344284782253,0.018633442847822528,0.002581940295375532,0.00583214011147415,0.1863344284782253,5.36669475505359,0.14971141747380268,6.67951727980256,storage,0.0,0.0,0.7918506652847416,zipf_mandelbrot_transferred (ASSUMPTION),5000000000.0,50000000000.0,0.000222
2xL4,minimax_m3,8,steady_state,64,303.4074074074074,208,4020981619.8040423,4608987533.888174,3834.706897548716,35.506545347673296,0.8041963239608085,0.09217975067776348,0.002581940295375532,0.00583214011147415,0.8041963239608085,1.2434774571895877,0.6241159528470706,1.602266366431165,storage,0.14338173873462576,0.12757810902302136,0.7918506652847416,zipf_mandelbrot_transferred (ASSUMPTION),5000000000.0,50000000000.0,0.000222
2xL4,minimax_m3,8,finite_16tok,64,303.4074074074074,208,931672142.3911264,931672142.3911264,888.5117935096039,8.22696105101485,0.1863344284782253,0.018633442847822528,0.002581940295375532,0.00583214011147415,0.1863344284782253,5.36669475505359,0.14971141747380268,6.67951727980256,storage,0.0,0.0,0.7918506652847416,zipf_mandelbrot_transferred (ASSUMPTION),5000000000.0,50000000000.0,0.000222
2xL4,minimax_m3,8,steady_state,128,606.8148148148148,208,3494586199.004981,4608987533.888174,3332.697104458791,30.858306522766583,0.6989172398009963,0.09217975067776348,0.002581940295375532,0.00583214011147415,0.6989172398009963,1.4307845665457206,0.5495468114638863,1.8196811975602107,storage,0.14338173873462576,0.24178875006482747,0.7918506652847416,zipf_mandelbrot_transferred (ASSUMPTION),5000000000.0,50000000000.0,0.000222
2xL4,minimax_m3,8,finite_16tok,128,606.8148148148148,208,931672142.3911264,931672142.3911264,888.5117935096039,8.22696105101485,0.1863344284782253,0.018633442847822528,0.002581940295375532,0.00583214011147415,0.1863344284782253,5.36669475505359,0.14971141747380268,6.67951727980256,storage,0.0,0.0,0.7918506652847416,zipf_mandelbrot_transferred (ASSUMPTION),5000000000.0,50000000000.0,0.000222
2xL4,minimax_m3,8,steady_state,256,1213.6296296296296,208,2595539467.0912886,4608987533.888174,2475.299326983727,22.919438212812288,0.5191078934182578,0.09217975067776348,0.002581940295375532,0.00583214011147415,0.5191078934182578,1.9263818036268536,0.4221879093663065,2.368613543436085,storage,0.14338173873462576,0.43685257380124154,0.7918506652847416,zipf_mandelbrot_transferred (ASSUMPTION),5000000000.0,50000000000.0,0.000222
2xL4,minimax_m3,8,finite_16tok,256,1213.6296296296296,208,931672142.3911264,931672142.3911264,888.5117935096039,8.22696105101485,0.1863344284782253,0.018633442847822528,0.002581940295375532,0.00583214011147415,0.1863344284782253,5.36669475505359,0.14971141747380268,6.67951727980256,storage,0.0,0.0,0.7918506652847416,zipf_mandelbrot_transferred (ASSUMPTION),5000000000.0,50000000000.0,0.000222
2xL4,minimax_m3,16,steady_state,2,9.481481481481481,208,9141735138.805138,9178284435.102009,8718.238009266985,80.72442601173134,1.8283470277610276,0.18356568870204018,0.0025568501956808203,0.005648243801652893,1.8283470277610276,0.5469421202957232,1.3950055489088444,0.7168430267407805,storage,0.13766795959868067,0.003982149012193403,1.5664338892331287,zipf_mandelbrot_transferred (ASSUMPTION),5000000000.0,50000000000.0,0.000222
2xL4,minimax_m3,16,finite_16tok,2,9.481481481481481,208,931672142.3911264,931672142.3911264,888.5117935096039,8.22696105101485,0.1863344284782253,0.018633442847822528,0.0025568501956808203,0.005648243801652893,0.1863344284782253,5.36669475505359,0.1495024310642867,6.6888544412364475,storage,0.0,0.0,1.5664338892331287,zipf_mandelbrot_transferred (ASSUMPTION),5000000000.0,50000000000.0,0.000222
2xL4,minimax_m3,16,steady_state,4,18.962962962962962,208,9103286381.047005,9178284435.102009,8681.570416495328,80.38491126384562,1.820657276209401,0.18356568870204018,0.0025568501956808203,0.005648243801652893,1.820657276209401,0.5492521920885598,1.3895589003629247,0.719652833527834,storage,0.13766795959868067,0.008171249712874196,1.5664338892331287,zipf_mandelbrot_transferred (ASSUMPTION),5000000000.0,50000000000.0,0.000222
2xL4,minimax_m3,16,finite_16tok,4,18.962962962962962,208,931672142.3911264,931672142.3911264,888.5117935096039,8.22696105101485,0.1863344284782253,0.018633442847822528,0.0025568501956808203,0.005648243801652893,0.1863344284782253,5.36669475505359,0.1495024310642867,6.6888544412364475,storage,0.0,0.0,1.5664338892331287,zipf_mandelbrot_transferred (ASSUMPTION),5000000000.0,50000000000.0,0.000222
2xL4,minimax_m3,16,steady_state,8,37.925925925925924,208,9026790344.090673,9178284435.102009,8608.618110743211,79.70942695132604,1.805358068818135,0.18356568870204018,0.0025568501956808203,0.005648243801652893,1.805358068818135,0.553906738653038,1.3787224766980095,0.7253091299381467,storage,0.13766795959868067,0.01650570889173486,1.5664338892331287,zipf_mandelbrot_transferred (ASSUMPTION),5000000000.0,50000000000.0,0.000222
2xL4,minimax_m3,16,finite_16tok,8,37.925925925925924,208,931672142.3911264,931672142.3911264,888.5117935096039,8.22696105101485,0.1863344284782253,0.018633442847822528,0.0025568501956808203,0.005648243801652893,0.1863344284782253,5.36669475505359,0.1495024310642867,6.6888544412364475,storage,0.0,0.0,1.5664338892331287,zipf_mandelbrot_transferred (ASSUMPTION),5000000000.0,50000000000.0,0.000222
2xL4,minimax_m3,16,steady_state,16,75.85185185185185,208,8875395181.315443,9178284435.102009,8464.23643237633,78.3725595590401,1.7750790362630888,0.18356568870204018,0.0025568501956808203,0.005648243801652893,1.7750790362630888,0.5633551969072929,1.3572758476969835,0.7367699069402828,storage,0.13766795959868067,0.03300063927286645,1.5664338892331287,zipf_mandelbrot_transferred (ASSUMPTION),5000000000.0,50000000000.0,0.000222
2xL4,minimax_m3,16,finite_16tok,16,75.85185185185185,208,931672142.3911264,931672142.3911264,888.5117935096039,8.22696105101485,0.1863344284782253,0.018633442847822528,0.0025568501956808203,0.005648243801652893,0.1863344284782253,5.36669475505359,0.1495024310642867,6.6888544412364475,storage,0.0,0.0,1.5664338892331287,zipf_mandelbrot_transferred (ASSUMPTION),5000000000.0,50000000000.0,0.000222
2xL4,minimax_m3,16,steady_state,32,151.7037037037037,208,8578911282.8616295,9178284435.102009,8181.48735319293,75.75451252956417,1.715782256572326,0.18356568870204018,0.0025568501956808203,0.005648243801652893,1.715782256572326,0.5828245374198778,1.3152759577509814,0.7602967226055903,storage,0.13766795959868067,0.06530339699956333,1.5664338892331287,zipf_mandelbrot_transferred (ASSUMPTION),5000000000.0,50000000000.0,0.000222
2xL4,minimax_m3,16,finite_16tok,32,151.7037037037037,208,931672142.3911264,931672142.3911264,888.5117935096039,8.22696105101485,0.1863344284782253,0.018633442847822528,0.0025568501956808203,0.005648243801652893,0.1863344284782253,5.36669475505359,0.1495024310642867,6.6888544412364475,storage,0.0,0.0,1.5664338892331287,zipf_mandelbrot_transferred (ASSUMPTION),5000000000.0,50000000000.0,0.000222
2xL4,minimax_m3,16,steady_state,64,303.4074074074074,208,8012058031.423369,9178284435.102009,7640.893966124887,70.74901820486006,1.602411606284674,0.18356568870204018,0.0025568501956808203,0.005648243801652893,1.602411606284674,0.6240593840421463,1.2349755626870342,0.8097326216109254,storage,0.13766795959868067,0.12706365900128902,1.5664338892331287,zipf_mandelbrot_transferred (ASSUMPTION),5000000000.0,50000000000.0,0.000222
2xL4,minimax_m3,16,finite_16tok,64,303.4074074074074,208,931672142.3911264,931672142.3911264,888.5117935096039,8.22696105101485,0.1863344284782253,0.018633442847822528,0.0025568501956808203,0.005648243801652893,0.1863344284782253,5.36669475505359,0.1495024310642867,6.6888544412364475,storage,0.0,0.0,1.5664338892331287,zipf_mandelbrot_transferred (ASSUMPTION),5000000000.0,50000000000.0,0.000222
2xL4,minimax_m3,16,steady_state,128,606.8148148148148,208,6966666306.291563,9178284435.102009,6643.930727283061,61.51787710447279,1.3933332612583127,0.18356568870204018,0.0025568501956808203,0.005648243801652893,1.3933332612583127,0.7177033864080046,1.0868854382823965,0.9200601689726366,storage,0.13766795959868067,0.2409620386520377,1.5664338892331287,zipf_mandelbrot_transferred (ASSUMPTION),5000000000.0,50000000000.0,0.000222
2xL4,minimax_m3,16,finite_16tok,128,606.8148148148148,208,931672142.3911264,931672142.3911264,888.5117935096039,8.22696105101485,0.1863344284782253,0.018633442847822528,0.0025568501956808203,0.005648243801652893,0.1863344284782253,5.36669475505359,0.1495024310642867,6.6888544412364475,storage,0.0,0.0,1.5664338892331287,zipf_mandelbrot_transferred (ASSUMPTION),5000000000.0,50000000000.0,0.000222
2xL4,minimax_m3,16,steady_state,256,1213.6296296296296,208,5177984602.268782,9178284435.102009,4938.110925930769,45.723249314173785,1.0355969204537565,0.18356568870204018,0.0025568501956808203,0.005648243801652893,1.0355969204537565,0.9656266644379752,0.8335009033745511,1.1997587476526455,storage,0.13766795959868067,0.43584395985095303,1.5664338892331287,zipf_mandelbrot_transferred (ASSUMPTION),5000000000.0,50000000000.0,0.000222
2xL4,minimax_m3,16,finite_16tok,256,1213.6296296296296,208,931672142.3911264,931672142.3911264,888.5117935096039,8.22696105101485,0.1863344284782253,0.018633442847822528,0.0025568501956808203,0.005648243801652893,0.1863344284782253,5.36669475505359,0.1495024310642867,6.6888544412364475,storage,0.0,0.0,1.5664338892331287,zipf_mandelbrot_transferred (ASSUMPTION),5000000000.0,50000000000.0,0.000222
1xA10,minimax_m3,1,steady_state,2,18.962962962962962,208,618095475.5019128,621236838.890829,589.4617800730828,5.457979445121137,0.20603182516730428,0.024849473555633158,0.0028684288171080072,0.016275348837209304,0.20603182516730428,4.853619091069881,0.17750078980237227,5.6337777488956,storage,0.08571355300063015,0.005056627669609237,0.09999999999999988,zipf_mandelbrot_transferred (ASSUMPTION),3000000000.0,25000000000.0,0.000306
1xA10,minimax_m3,1,finite_16tok,2,18.962962962962962,208,931672142.3911264,931672142.3911264,888.5117935096039,8.22696105101485,0.31055738079704215,0.037266885695645055,0.0028684288171080072,0.016275348837209304,0.31055738079704215,3.220016853032154,0.2577449132405427,3.879804987913539,storage,0.0,0.0,0.09999999999999988,zipf_mandelbrot_transferred (ASSUMPTION),3000000000.0,25000000000.0,0.000306
1xA10,minimax_m3,1,steady_state,4,37.925925925925924,208,614805453.8441032,621236838.890829,586.3241709176094,5.4289275084963835,0.20493515128136774,0.024849473555633158,0.0028684288171080072,0.016275348837209304,0.20493515128136774,4.879592367377913,0.17672401604237725,5.658540488125884,storage,0.08571355300063015,0.010352549372648956,0.09999999999999988,zipf_mandelbrot_transferred (ASSUMPTION),3000000000.0,25000000000.0,0.000306
1xA10,minimax_m3,1,finite_16tok,4,37.925925925925924,208,931672142.3911264,931672142.3911264,888.5117935096039,8.22696105101485,0.31055738079704215,0.037266885695645055,0.0028684288171080072,0.016275348837209304,0.31055738079704215,3.220016853032154,0.2577449132405427,3.879804987913539,storage,0.0,0.0,0.09999999999999988,zipf_mandelbrot_transferred (ASSUMPTION),3000000000.0,25000000000.0,0.000306
1xA10,minimax_m3,1,steady_state,8,75.85185185185185,208,608303921.2252076,621236838.890829,580.1238262416912,5.371516909645289,0.20276797374173586,0.024849473555633158,0.0028684288171080072,0.016275348837209304,0.20276797374173586,4.931745292645144,0.17518900488945005,5.708120784355345,storage,0.08571355300063015,0.02081801473446432,0.09999999999999988,zipf_mandelbrot_transferred (ASSUMPTION),3000000000.0,25000000000.0,0.000306
1xA10,minimax_m3,1,finite_16tok,8,75.85185185185185,208,931672142.3911264,931672142.3911264,888.5117935096039,8.22696105101485,0.31055738079704215,0.037266885695645055,0.0028684288171080072,0.016275348837209304,0.31055738079704215,3.220016853032154,0.2577449132405427,3.879804987913539,storage,0.0,0.0,0.09999999999999988,zipf_mandelbrot_transferred (ASSUMPTION),3000000000.0,25000000000.0,0.000306
1xA10,minimax_m3,1,steady_state,16,151.7037037037037,208,595605959.3183032,621236838.890829,568.0141061003716,5.259389871299737,0.19853531977276775,0.024849473555633158,0.0028684288171080072,0.016275348837209304,0.19853531977276775,5.036887145040707,0.1721910174472439,5.807503868814651,storage,0.08571355300063015,0.041257823052296194,0.09999999999999988,zipf_mandelbrot_transferred (ASSUMPTION),3000000000.0,25000000000.0,0.000306
1xA10,minimax_m3,1,finite_16tok,16,151.7037037037037,208,931672142.3911264,931672142.3911264,888.5117935096039,8.22696105101485,0.31055738079704215,0.037266885695645055,0.0028684288171080072,0.016275348837209304,0.31055738079704215,3.220016853032154,0.2577449132405427,3.879804987913539,storage,0.0,0.0,0.09999999999999988,zipf_mandelbrot_transferred (ASSUMPTION),3000000000.0,25000000000.0,0.000306
1xA10,minimax_m3,1,steady_state,32,303.4074074074074,208,571365424.1760268,621236838.890829,544.8965303192394,5.045338243696662,0.19045514139200895,0.024849473555633158,0.0028684288171080072,0.016275348837209304,0.19045514139200895,5.250580229502576,0.1664678297040687,6.007166680659612,storage,0.08571355300063015,0.08027761973009129,0.09999999999999988,zipf_mandelbrot_transferred (ASSUMPTION),3000000000.0,25000000000.0,0.000306
1xA10,minimax_m3,1,finite_16tok,32,303.4074074074074,208,931672142.3911264,931672142.3911264,888.5117935096039,8.22696105101485,0.31055738079704215,0.037266885695645055,0.0028684288171080072,0.016275348837209304,0.31055738079704215,3.220016853032154,0.2577449132405427,3.879804987913539,storage,0.0,0.0,0.09999999999999988,zipf_mandelbrot_transferred (ASSUMPTION),3000000000.0,25000000000.0,0.000306
1xA10,minimax_m3,1,steady_state,64,606.8148148148148,208,527133942.10550374,621236838.890829,502.71410189199804,4.654760202703685,0.1757113140351679,0.024849473555633158,0.0028684288171080072,0.016275348837209304,0.1757113140351679,5.691153159322763,0.15602478153856023,6.409238264197526,storage,0.08571355300063015,0.15147668472677622,0.09999999999999988,zipf_mandelbrot_transferred (ASSUMPTION),3000000000.0,25000000000.0,0.000306
1xA10,minimax_m3,1,finite_16tok,64,606.8148148148148,208,931672142.3911264,931672142.3911264,888.5117935096039,8.22696105101485,0.31055738079704215,0.037266885695645055,0.0028684288171080072,0.016275348837209304,0.31055738079704215,3.220016853032154,0.2577449132405427,3.879804987913539,storage,0.0,0.0,0.09999999999999988,zipf_mandelbrot_transferred (ASSUMPTION),3000000000.0,25000000000.0,0.000306
1xA10,minimax_m3,1,steady_state,128,1213.6296296296296,208,451372379.1611306,621236838.890829,430.4622451411539,3.9857615290847583,0.15045745972037686,0.024849473555633158,0.0028684288171080072,0.016275348837209304,0.15045745972037686,6.646396940759776,0.13813748466569437,7.239164680174201,storage,0.08571355300063015,0.2734294702049195,0.09999999999999988,zipf_mandelbrot_transferred (ASSUMPTION),3000000000.0,25000000000.0,0.000306
1xA10,minimax_m3,1,finite_16tok,128,1213.6296296296296,208,931672142.3911264,931672142.3911264,888.5117935096039,8.22696105101485,0.31055738079704215,0.037266885695645055,0.0028684288171080072,0.016275348837209304,0.31055738079704215,3.220016853032154,0.2577449132405427,3.879804987913539,storage,0.0,0.0,0.09999999999999988,zipf_mandelbrot_transferred (ASSUMPTION),3000000000.0,25000000000.0,0.000306
1xA10,minimax_m3,1,steady_state,256,2427.259259259259,208,331772779.2892215,621236838.890829,316.40317849085,2.929659060100463,0.11059092642974051,0.024849473555633158,0.0028684288171080072,0.016275348837209304,0.11059092642974051,9.042333148690183,0.10990003198331544,9.099178425642458,storage,0.08571355300063015,0.46594799516143215,0.09999999999999988,zipf_mandelbrot_transferred (ASSUMPTION),3000000000.0,25000000000.0,0.000306
1xA10,minimax_m3,1,finite_16tok,256,2427.259259259259,208,931672142.3911264,931672142.3911264,888.5117935096039,8.22696105101485,0.31055738079704215,0.037266885695645055,0.0028684288171080072,0.016275348837209304,0.31055738079704215,3.220016853032154,0.2577449132405427,3.879804987913539,storage,0.0,0.0,0.09999999999999988,zipf_mandelbrot_transferred (ASSUMPTION),3000000000.0,25000000000.0,0.000306
1xA10,minimax_m3,4,steady_state,2,18.962962962962962,208,2466925849.026437,2479402482.9692397,2352.643822695195,21.78373909902958,0.8223086163421456,0.09917609931876958,0.0028580637392414095,0.012003069767441862,0.8223086163421456,1.2160884370253524,0.6468901111242454,1.5458576082761206,storage,0.08366831217115836,0.005032113191990595,0.3982166434551274,zipf_mandelbrot_transferred (ASSUMPTION),3000000000.0,25000000000.0,0.000306
1xA10,minimax_m3,4,finite_16tok,2,18.962962962962962,208,931672142.3911264,931672142.3911264,888.5117935096039,8.22696105101485,0.31055738079704215,0.037266885695645055,0.0028580637392414095,0.012003069767441862,0.31055738079704215,3.220016853032154,0.25346226909290864,3.945360402472535,storage,0.0,0.0,0.3982166434551274,zipf_mandelbrot_transferred (ASSUMPTION),3000000000.0,25000000000.0,0.000306
1xA10,minimax_m3,4,steady_state,4,37.925925925925924,208,2453857818.5041723,2479402482.9692397,2340.1811776200984,21.668344237223135,0.8179526061680574,0.09917609931876958,0.0028580637392414095,0.012003069767441862,0.8179526061680574,1.222564721304328,0.6438047505217056,1.553265953986286,storage,0.08366831217115836,0.010302750215235967,0.3982166434551274,zipf_mandelbrot_transferred (ASSUMPTION),3000000000.0,25000000000.0,0.000306
1xA10,minimax_m3,4,finite_16tok,4,37.925925925925924,208,931672142.3911264,931672142.3911264,888.5117935096039,8.22696105101485,0.31055738079704215,0.037266885695645055,0.0028580637392414095,0.012003069767441862,0.31055738079704215,3.220016853032154,0.25346226909290864,3.945360402472535,storage,0.0,0.0,0.3982166434551274,zipf_mandelbrot_transferred (ASSUMPTION),3000000000.0,25000000000.0,0.000306
1xA10,minimax_m3,4,steady_state,8,75.85185185185185,208,2428030741.748015,2479402482.9692397,2315.5505578498983,21.440282943054612,0.8093435805826716,0.09917609931876958,0.0028580637392414095,0.012003069767441862,0.8093435805826716,1.2355691995234817,0.6377069804739192,1.5681183217672146,storage,0.08366831217115836,0.020719403797524905,0.3982166434551274,zipf_mandelbrot_transferred (ASSUMPTION),3000000000.0,25000000000.0,0.000306
1xA10,minimax_m3,4,finite_16tok,8,75.85185185185185,208,931672142.3911264,931672142.3911264,888.5117935096039,8.22696105101485,0.31055738079704215,0.037266885695645055,0.0028580637392414095,0.012003069767441862,0.31055738079704215,3.220016853032154,0.25346226909290864,3.945360402472535,storage,0.0,0.0,0.3982166434551274,zipf_mandelbrot_transferred (ASSUMPTION),3000000000.0,25000000000.0,0.000306
1xA10,minimax_m3,4,steady_state,16,151.7037037037037,208,2377577103.527975,2479402482.9692397,2267.4342189101935,20.994761286205495,0.7925257011759917,0.09917609931876958,0.0028580637392414095,0.012003069767441862,0.7925257011759917,1.2617887325498047,0.6257948819098933,1.597967687028779,storage,0.08366831217115836,0.04106851555594271,0.3982166434551274,zipf_mandelbrot_transferred (ASSUMPTION),3000000000.0,25000000000.0,0.000306
1xA10,minimax_m3,4,finite_16tok,16,151.7037037037037,208,931672142.3911264,931672142.3911264,888.5117935096039,8.22696105101485,0.31055738079704215,0.037266885695645055,0.0028580637392414095,0.012003069767441862,0.31055738079704215,3.220016853032154,0.25346226909290864,3.945360402472535,storage,0.0,0.0,0.3982166434551274,zipf_mandelbrot_transferred (ASSUMPTION),3000000000.0,25000000000.0,0.000306
1xA10,minimax_m3,4,steady_state,32,303.4074074074074,208,2281216764.270652,2479402482.9692397,2175.5378382402914,20.14386887259529,0.7604055880902173,0.09917609931876958,0.0028580637392414095,0.012003069767441862,0.7604055880902173,1.315087652776897,0.6030442161622588,1.658253198022438,storage,0.08366831217115836,0.0799328548147813,0.3982166434551274,zipf_mandelbrot_transferred (ASSUMPTION),3000000000.0,25000000000.0,0.000306
1xA10,minimax_m3,4,finite_16tok,32,303.4074074074074,208,931672142.3911264,931672142.3911264,888.5117935096039,8.22696105101485,0.31055738079704215,0.037266885695645055,0.0028580637392414095,0.012003069767441862,0.31055738079704215,3.220016853032154,0.25346226909290864,3.945360402472535,storage,0.0,0.0,0.3982166434551274,zipf_mandelbrot_transferred (ASSUMPTION),3000000000.0,25000000000.0,0.000306
1xA10,minimax_m3,4,steady_state,64,606.8148148148148,208,2105237497.289469,2479402482.9692397,2007.710931100339,18.589916028706842,0.701745832429823,0.09917609931876958,0.0028580637392414095,0.012003069767441862,0.701745832429823,1.4250173692339005,0.5614955301316793,1.7809580777348035,storage,0.08366831217115836,0.1509093373302124,0.3982166434551274,zipf_mandelbrot_transferred (ASSUMPTION),3000000000.0,25000000000.0,0.000306
1xA10,minimax_m3,4,finite_16tok,64,606.8148148148148,208,931672142.3911264,931672142.3911264,888.5117935096039,8.22696105101485,0.31055738079704215,0.037266885695645055,0.0028580637392414095,0.012003069767441862,0.31055738079704215,3.220016853032154,0.25346226909290864,3.945360402472535,storage,0.0,0.0,0.3982166434551274,zipf_mandelbrot_transferred (ASSUMPTION),3000000000.0,25000000000.0,0.000306
1xA10,minimax_m3,4,steady_state,128,1213.6296296296296,208,1803357064.626416,2479402482.9692397,1719.8153158439789,15.924215887444248,0.6011190215421387,0.09917609931876958,0.0028580637392414095,0.012003069767441862,0.6011190215421387,1.6635640599669488,0.4902215924079028,2.0398938265614412,storage,0.08366831217115836,0.2726646532729198,0.3982166434551274,zipf_mandelbrot_transferred (ASSUMPTION),3000000000.0,25000000000.0,0.000306
1xA10,minimax_m3,4,finite_16tok,128,1213.6296296296296,208,931672142.3911264,931672142.3911264,888.5117935096039,8.22696105101485,0.31055738079704215,0.037266885695645055,0.0028580637392414095,0.012003069767441862,0.31055738079704215,3.220016853032154,0.25346226909290864,3.945360402472535,storage,0.0,0.0,0.3982166434551274,zipf_mandelbrot_transferred (ASSUMPTION),3000000000.0,25000000000.0,0.000306
1xA10,minimax_m3,4,steady_state,256,2427.259259259259,208,1325930115.2766209,2479402482.9692397,1264.5054962888917,11.708384224897145,0.44197670509220693,0.09917609931876958,0.0028580637392414095,0.012003069767441862,0.44197670509220693,2.2625626836857298,0.3775011409515784,2.648998616214166,storage,0.08366831217115836,0.4652219135923683,0.3982166434551274,zipf_mandelbrot_transferred (ASSUMPTION),3000000000.0,25000000000.0,0.000306
1xA10,minimax_m3,4,finite_16tok,256,2427.259259259259,208,931672142.3911264,931672142.3911264,888.5117935096039,8.22696105101485,0.31055738079704215,0.037266885695645055,0.0028580637392414095,0.012003069767441862,0.31055738079704215,3.220016853032154,0.25346226909290864,3.945360402472535,storage,0.0,0.0,0.3982166434551274,zipf_mandelbrot_transferred (ASSUMPTION),3000000000.0,25000000000.0,0.000306
1xA10,minimax_m3,8,steady_state,2,18.962962962962962,208,4919205577.92464,4943915936.5848465,4691.320016789093,43.43814830360271,1.6397351926415467,0.19775663746339386,0.0028447463714614827,0.011291023255813954,1.6397351926415467,0.6098545694985302,1.2744379968863362,0.784659593046634,storage,0.08113253891429631,0.004998134874695248,0.7918506652847416,zipf_mandelbrot_transferred (ASSUMPTION),3000000000.0,25000000000.0,0.000306
1xA10,minimax_m3,8,finite_16tok,2,18.962962962962962,208,931672142.3911264,931672142.3911264,888.5117935096039,8.22696105101485,0.31055738079704215,0.037266885695645055,0.0028447463714614827,0.011291023255813954,0.31055738079704215,3.220016853032154,0.25273690521350084,3.9566837267206574,storage,0.0,0.0,0.7918506652847416,zipf_mandelbrot_transferred (ASSUMPTION),3000000000.0,25000000000.0,0.000306
1xA10,minimax_m3,8,steady_state,4,37.925925925925924,208,4893321181.498591,4943915936.5848465,4666.634732721893,43.20958085853604,1.6311070604995306,0.19775663746339386,0.0028447463714614827,0.011291023255813954,1.6311070604995306,0.6130805415640513,1.2683266936706459,0.7884403955150661,storage,0.08113253891429631,0.010233740972789396,0.7918506652847416,zipf_mandelbrot_transferred (ASSUMPTION),3000000000.0,25000000000.0,0.000306
1xA10,minimax_m3,8,finite_16tok,4,37.925925925925924,208,931672142.3911264,931672142.3911264,888.5117935096039,8.22696105101485,0.31055738079704215,0.037266885695645055,0.0028447463714614827,0.011291023255813954,0.31055738079704215,3.220016853032154,0.25273690521350084,3.9566837267206574,storage,0.0,0.0,0.7918506652847416,zipf_mandelbrot_transferred (ASSUMPTION),3000000000.0,25000000000.0,0.000306
1xA10,minimax_m3,8,steady_state,8,75.85185185185185,208,4842155999.1212845,4943915936.5848465,4617.8398123944135,42.75777604068901,1.6140519997070948,0.19775663746339386,0.0028447463714614827,0.011291023255813954,1.6140519997070948,0.6195587256057872,1.256246599607523,0.7960220551541556,storage,0.08113253891429631,0.02058286159571232,0.7918506652847416,zipf_mandelbrot_transferred (ASSUMPTION),3000000000.0,25000000000.0,0.000306
1xA10,minimax_m3,8,finite_16tok,8,75.85185185185185,208,931672142.3911264,931672142.3911264,888.5117935096039,8.22696105101485,0.31055738079704215,0.037266885695645055,0.0028447463714614827,0.011291023255813954,0.31055738079704215,3.220016853032154,0.25273690521350084,3.9566837267206574,storage,0.0,0.0,0.7918506652847416,zipf_mandelbrot_transferred (ASSUMPTION),3000000000.0,25000000000.0,0.000306
1xA10,minimax_m3,8,steady_state,16,151.7037037037037,208,4742171183.370478,4943915936.5848465,4522.486861582258,41.874878347983866,1.5807237277901591,0.19775663746339386,0.0028447463714614827,0.011291023255813954,1.5807237277901591,0.6326216165540788,1.232640195349118,0.8112667457812149,storage,0.08113253891429631,0.04080667143255068,0.7918506652847416,zipf_mandelbrot_transferred (ASSUMPTION),3000000000.0,25000000000.0,0.000306
1xA10,minimax_m3,8,finite_16tok,16,151.7037037037037,208,931672142.3911264,931672142.3911264,888.5117935096039,8.22696105101485,0.31055738079704215,0.037266885695645055,0.0028447463714614827,0.011291023255813954,0.31055738079704215,3.220016853032154,0.25273690521350084,3.9566837267206574,storage,0.0,0.0,0.7918506652847416,zipf_mandelbrot_transferred (ASSUMPTION),3000000000.0,25000000000.0,0.000306
1xA10,minimax_m3,8,steady_state,32,303.4074074074074,208,4551088100.783942,4943915936.5848465,4340.255833419745,40.187554013145785,1.5170293669279808,0.19775663746339386,0.0028447463714614827,0.011291023255813954,1.5170293669279808,0.6591830203162269,1.1875255000765654,0.8420871803894108,storage,0.08113253891429631,0.07945681942000438,0.7918506652847416,zipf_mandelbrot_transferred (ASSUMPTION),3000000000.0,25000000000.0,0.000306
1xA10,minimax_m3,8,finite_16tok,32,303.4074074074074,208,931672142.3911264,931672142.3911264,888.5117935096039,8.22696105101485,0.31055738079704215,0.037266885695645055,0.0028447463714614827,0.011291023255813954,0.31055738079704215,3.220016853032154,0.25273690521350084,3.9566837267206574,storage,0.0,0.0,0.7918506652847416,zipf_mandelbrot_transferred (ASSUMPTION),3000000000.0,25000000000.0,0.000306
1xA10,minimax_m3,8,steady_state,64,606.8148148148148,208,4201687070.614687,4943915936.5848465,4007.0410448214407,37.10223189649482,1.4005623568715624,0.19775663746339386,0.0028447463714614827,0.011291023255813954,1.4005623568715624,0.7139989127179607,1.105031954386233,0.9049512061897153,storage,0.08113253891429631,0.15012975048335375,0.7918506652847416,zipf_mandelbrot_transferred (ASSUMPTION),3000000000.0,25000000000.0,0.000306
1xA10,minimax_m3,8,finite_16tok,64,606.8148148148148,208,931672142.3911264,931672142.3911264,888.5117935096039,8.22696105101485,0.31055738079704215,0.037266885695645055,0.0028447463714614827,0.011291023255813954,0.31055738079704215,3.220016853032154,0.25273690521350084,3.9566837267206574,storage,0.0,0.0,0.7918506652847416,zipf_mandelbrot_transferred (ASSUMPTION),3000000000.0,25000000000.0,0.000306
1xA10,minimax_m3,8,steady_state,128,1213.6296296296296,208,3601050940.870075,4943915936.5848465,3434.2297943783524,31.79842402202178,1.2003503136233584,0.19775663746339386,0.0028447463714614827,0.011291023255813954,1.2003503136233584,0.8330901309813599,0.9632218286738123,1.0381824520908385,storage,0.08113253891429631,0.27161970651191814,0.7918506652847416,zipf_mandelbrot_transferred (ASSUMPTION),3000000000.0,25000000000.0,0.000306
1xA10,minimax_m3,8,finite_16tok,128,1213.6296296296296,208,931672142.3911264,931672142.3911264,888.5117935096039,8.22696105101485,0.31055738079704215,0.037266885695645055,0.0028447463714614827,0.011291023255813954,0.31055738079704215,3.220016853032154,0.25273690521350084,3.9566837267206574,storage,0.0,0.0,0.7918506652847416,zipf_mandelbrot_transferred (ASSUMPTION),3000000000.0,25000000000.0,0.000306
1xA10,minimax_m3,8,steady_state,256,2427.259259259259,208,2648801722.3095274,4943915936.5848465,2526.094171819236,23.389760850178114,0.8829339074365091,0.19775663746339386,0.0028447463714614827,0.011291023255813954,0.8829339074365091,1.1325876054566508,0.7383958904621968,1.3542870605279953,storage,0.08113253891429631,0.464230024076974,0.7918506652847416,zipf_mandelbrot_transferred (ASSUMPTION),3000000000.0,25000000000.0,0.000306
1xA10,minimax_m3,8,finite_16tok,256,2427.259259259259,208,931672142.3911264,931672142.3911264,888.5117935096039,8.22696105101485,0.31055738079704215,0.037266885695645055,0.0028447463714614827,0.011291023255813954,0.31055738079704215,3.220016853032154,0.25273690521350084,3.9566837267206574,storage,0.0,0.0,0.7918506652847416,zipf_mandelbrot_transferred (ASSUMPTION),3000000000.0,25000000000.0,0.000306
1xA10,minimax_m3,16,steady_state,2,18.962962962962962,208,9779440291.37749,9827855797.361946,9326.401034715165,86.35556513625153,3.259813430459163,0.39311423189447786,0.002819656271766771,0.010935,3.259813430459163,0.3067660224527465,2.5192365745065888,0.396945650170174,storage,0.07663844998121704,0.004926354942799582,1.5664338892331287,zipf_mandelbrot_transferred (ASSUMPTION),3000000000.0,25000000000.0,0.000306
1xA10,minimax_m3,16,finite_16tok,2,18.962962962962962,208,931672142.3911264,931672142.3911264,888.5117935096039,8.22696105101485,0.31055738079704215,0.037266885695645055,0.002819656271766771,0.010935,0.31055738079704215,3.220016853032154,0.2523557918579922,3.9626591988930002,storage,0.0,0.0,1.5664338892331287,zipf_mandelbrot_transferred (ASSUMPTION),3000000000.0,25000000000.0,0.000306
1xA10,minimax_m3,16,steady_state,4,37.925925925925924,208,9728712032.243576,9827855797.361946,9278.022796863152,85.90761848947362,3.242904010747859,0.39311423189447786,0.002819656271766771,0.010935,3.242904010747859,0.3083655873518705,2.5072596379742973,0.3988418211078989,storage,0.07663844998121704,0.01008803620673615,1.5664338892331287,zipf_mandelbrot_transferred (ASSUMPTION),3000000000.0,25000000000.0,0.000306
1xA10,minimax_m3,16,finite_16tok,4,37.925925925925924,208,931672142.3911264,931672142.3911264,888.5117935096039,8.22696105101485,0.31055738079704215,0.037266885695645055,0.002819656271766771,0.010935,0.31055738079704215,3.220016853032154,0.2523557918579922,3.9626591988930002,storage,0.0,0.0,1.5664338892331287,zipf_mandelbrot_transferred (ASSUMPTION),3000000000.0,25000000000.0,0.000306
1xA10,minimax_m3,16,steady_state,8,75.85185185185185,208,9628401293.629244,9827855797.361946,9182.359021786922,85.02184279432336,3.2094670978764146,0.39311423189447786,0.002819656271766771,0.010935,3.2094670978764146,0.3115782058216652,2.4835762833628245,0.40264517208465805,storage,0.07663844998121704,0.020294813827675284,1.5664338892331287,zipf_mandelbrot_transferred (ASSUMPTION),3000000000.0,25000000000.0,0.000306
1xA10,minimax_m3,16,finite_16tok,8,75.85185185185185,208,931672142.3911264,931672142.3911264,888.5117935096039,8.22696105101485,0.31055738079704215,0.037266885695645055,0.002819656271766771,0.010935,0.31055738079704215,3.220016853032154,0.2523557918579922,3.9626591988930002,storage,0.0,0.0,1.5664338892331287,zipf_mandelbrot_transferred (ASSUMPTION),3000000000.0,25000000000.0,0.000306
1xA10,minimax_m3,16,steady_state,16,151.7037037037037,208,9432231887.686563,9827855797.361946,8995.277297674716,83.28960460809922,3.144077295895521,0.39311423189447786,0.002819656271766771,0.010935,3.144077295895521,0.318058338230254,2.4372607076922583,0.4102966895760851,storage,0.07663844998121704,0.04025536371642502,1.5664338892331287,zipf_mandelbrot_transferred (ASSUMPTION),3000000000.0,25000000000.0,0.000306
1xA10,minimax_m3,16,finite_16tok,16,151.7037037037037,208,931672142.3911264,931672142.3911264,888.5117935096039,8.22696105101485,0.31055738079704215,0.037266885695645055,0.002819656271766771,0.010935,0.31055738079704215,3.220016853032154,0.2523557918579922,3.9626591988930002,storage,0.0,0.0,1.5664338892331287,zipf_mandelbrot_transferred (ASSUMPTION),3000000000.0,25000000000.0,0.000306
1xA10,minimax_m3,16,steady_state,32,303.4074074074074,208,9056777551.810467,9827855797.361946,8637.216140566317,79.9742235237622,3.0189258506034893,0.39311423189447786,0.002819656271766771,0.010935,3.0189258506034893,0.3312436440928478,2.348615979323185,0.42578267745933335,storage,0.07663844998121704,0.07845844113407263,1.5664338892331287,zipf_mandelbrot_transferred (ASSUMPTION),3000000000.0,25000000000.0,0.000306
1xA10,minimax_m3,16,finite_16tok,32,303.4074074074074,208,931672142.3911264,931672142.3911264,888.5117935096039,8.22696105101485,0.31055738079704215,0.037266885695645055,0.002819656271766771,0.010935,0.31055738079704215,3.220016853032154,0.2523557918579922,3.9626591988930002,storage,0.0,0.0,1.5664338892331287,zipf_mandelbrot_transferred (ASSUMPTION),3000000000.0,25000000000.0,0.000306
1xA10,minimax_m3,16,steady_state,64,606.8148148148148,208,8368376113.936321,9827855797.361946,7980.705369888612,73.89542009156122,2.7894587046454404,0.39311423189447786,0.002819656271766771,0.010935,2.7894587046454404,0.35849249115415993,2.1860844737891227,0.4574388647784996,storage,0.07663844998121704,0.14850438524112108,1.5664338892331287,zipf_mandelbrot_transferred (ASSUMPTION),3000000000.0,25000000000.0,0.000306
1xA10,minimax_m3,16,finite_16tok,64,606.8148148148148,208,931672142.3911264,931672142.3911264,888.5117935096039,8.22696105101485,0.31055738079704215,0.037266885695645055,0.002819656271766771,0.010935,0.31055738079704215,3.220016853032154,0.2523557918579922,3.9626591988930002,storage,0.0,0.0,1.5664338892331287,zipf_mandelbrot_transferred (ASSUMPTION),3000000000.0,25000000000.0,0.000306
1xA10,minimax_m3,16,steady_state,128,1213.6296296296296,208,7179615930.167335,9827855797.361946,6847.0153142617555,63.398289946868104,2.393205310055778,0.39311423189447786,0.002819656271766771,0.010935,2.393205310055778,0.41784964950486975,1.9054183220977825,0.5248191373005396,storage,0.07663844998121704,0.2694626296720256,1.5664338892331287,zipf_mandelbrot_transferred (ASSUMPTION),3000000000.0,25000000000.0,0.000306
1xA10,minimax_m3,16,finite_16tok,128,1213.6296296296296,208,931672142.3911264,931672142.3911264,888.5117935096039,8.22696105101485,0.31055738079704215,0.037266885695645055,0.002819656271766771,0.010935,0.31055738079704215,3.220016853032154,0.2523557918579922,3.9626591988930002,storage,0.0,0.0,1.5664338892331287,zipf_mandelbrot_transferred (ASSUMPTION),3000000000.0,25000000000.0,0.000306
1xA10,minimax_m3,16,steady_state,256,2427.259259259259,208,5285355918.39559,9827855797.361946,5040.508192439642,46.67137215221891,1.7617853061318633,0.39311423189447786,0.002819656271766771,0.010935,1.7617853061318633,0.5676060508164742,1.4581837367997228,0.6857846338313311,storage,0.07663844998121704,0.46220660667260516,1.5664338892331287,zipf_mandelbrot_transferred (ASSUMPTION),3000000000.0,25000000000.0,0.000306
1xA10,minimax_m3,16,finite_16tok,256,2427.259259259259,208,931672142.3911264,931672142.3911264,888.5117935096039,8.22696105101485,0.31055738079704215,0.037266885695645055,0.002819656271766771,0.010935,0.31055738079704215,3.220016853032154,0.2523557918579922,3.9626591988930002,storage,0.0,0.0,1.5664338892331287,zipf_mandelbrot_transferred (ASSUMPTION),3000000000.0,25000000000.0,0.000306
1xL40S,minimax_m3,1,steady_state,2,18.962962962962962,455,568963635.4982913,571192349.3528779,542.6060061438477,5.024129686517108,0.09482727258304854,0.011423846987057557,0.0025125479159455767,0.005619940896826417,0.09482727258304854,10.54548942261534,0.08101053891786146,12.344072923819507,storage,0.15936501033088527,0.0039018622310182938,0.09999999999999988,zipf_mandelbrot_transferred (ASSUMPTION),6000000000.0,50000000000.0,0.000542
1xL40S,minimax_m3,1,finite_16tok,2,18.962962962962962,455,931672142.3911264,931672142.3911264,888.5117935096039,8.22696105101485,0.15527869039852107,0.018633442847822528,0.0025125479159455767,0.005619940896826417,0.15527869039852107,6.440033706064308,0.1274330566058847,7.84725742781737,storage,0.0,0.0,0.09999999999999988,zipf_mandelbrot_transferred (ASSUMPTION),6000000000.0,50000000000.0,0.000542
1xL40S,minimax_m3,1,steady_state,4,37.925925925925924,455,566618415.861139,571192349.3528779,540.3694304095641,5.003420651940408,0.09443640264352318,0.011423846987057557,0.0025125479159455767,0.005619940896826417,0.09443640264352318,10.589136943036488,0.0807336858656573,12.38640338636369,storage,0.15936501033088527,0.00800769390017353,0.09999999999999988,zipf_mandelbrot_transferred (ASSUMPTION),6000000000.0,50000000000.0,0.000542
1xL40S,minimax_m3,1,finite_16tok,4,37.925925925925924,455,931672142.3911264,931672142.3911264,888.5117935096039,8.22696105101485,0.15527869039852107,0.018633442847822528,0.0025125479159455767,0.005619940896826417,0.15527869039852107,6.440033706064308,0.1274330566058847,7.84725742781737,storage,0.0,0.0,0.09999999999999988,zipf_mandelbrot_transferred (ASSUMPTION),6000000000.0,50000000000.0,0.000542
1xL40S,minimax_m3,1,steady_state,8,75.85185185185185,455,561950328.8152082,571192349.3528779,535.9175956871111,4.962199960065844,0.09365838813586803,0.011423846987057557,0.0025125479159455767,0.005619940896826417,0.09365838813586803,10.677100256619017,0.08018261844060791,12.471530856038461,storage,0.15936501033088527,0.016180224661867748,0.09999999999999988,zipf_mandelbrot_transferred (ASSUMPTION),6000000000.0,50000000000.0,0.000542
1xL40S,minimax_m3,1,finite_16tok,8,75.85185185185185,455,931672142.3911264,931672142.3911264,888.5117935096039,8.22696105101485,0.15527869039852107,0.018633442847822528,0.0025125479159455767,0.005619940896826417,0.15527869039852107,6.440033706064308,0.1274330566058847,7.84725742781737,storage,0.0,0.0,0.09999999999999988,zipf_mandelbrot_transferred (ASSUMPTION),6000000000.0,50000000000.0,0.000542
1xL40S,minimax_m3,1,steady_state,16,151.7037037037037,455,552703229.9719949,571192349.3528779,527.0988750190686,4.88054513906545,0.09211720499533248,0.011423846987057557,0.0025125479159455767,0.005619940896826417,0.09211720499533248,10.855735365078319,0.07909099891882787,12.643663800811431,storage,0.15936501033088527,0.032369340033755356,0.09999999999999988,zipf_mandelbrot_transferred (ASSUMPTION),6000000000.0,50000000000.0,0.000542
1xL40S,minimax_m3,1,finite_16tok,16,151.7037037037037,455,931672142.3911264,931672142.3911264,888.5117935096039,8.22696105101485,0.15527869039852107,0.018633442847822528,0.0025125479159455767,0.005619940896826417,0.15527869039852107,6.440033706064308,0.1274330566058847,7.84725742781737,storage,0.0,0.0,0.09999999999999988,zipf_mandelbrot_transferred (ASSUMPTION),6000000000.0,50000000000.0,0.000542
1xL40S,minimax_m3,1,steady_state,32,303.4074074074074,455,534561713.63453084,571192349.3528779,509.79777682736477,4.720349785438563,0.08909361893908847,0.011423846987057557,0.0025125479159455767,0.005619940896826417,0.08909361893908847,11.22414839477651,0.07694939388957031,12.995553953746471,storage,0.15936501033088527,0.06413012317102462,0.09999999999999988,zipf_mandelbrot_transferred (ASSUMPTION),6000000000.0,50000000000.0,0.000542
1xL40S,minimax_m3,1,finite_16tok,32,303.4074074074074,455,931672142.3911264,931672142.3911264,888.5117935096039,8.22696105101485,0.15527869039852107,0.018633442847822528,0.0025125479159455767,0.005619940896826417,0.15527869039852107,6.440033706064308,0.1274330566058847,7.84725742781737,storage,0.0,0.0,0.09999999999999988,zipf_mandelbrot_transferred (ASSUMPTION),6000000000.0,50000000000.0,0.000542
1xL40S,minimax_m3,1,steady_state,64,606.8148148148148,455,499762340.87893236,571192349.3528779,476.6105088033031,4.413060266697251,0.08329372347982206,0.011423846987057557,0.0025125479159455767,0.005619940896826417,0.08329372347982206,12.005706531324062,0.07284132980484471,13.728469849180176,storage,0.15936501033088527,0.1250542108185988,0.09999999999999988,zipf_mandelbrot_transferred (ASSUMPTION),6000000000.0,50000000000.0,0.000542
1xL40S,minimax_m3,1,finite_16tok,64,606.8148148148148,455,931672142.3911264,931672142.3911264,888.5117935096039,8.22696105101485,0.15527869039852107,0.018633442847822528,0.0025125479159455767,0.005619940896826417,0.15527869039852107,6.440033706064308,0.1274330566058847,7.84725742781737,storage,0.0,0.0,0.09999999999999988,zipf_mandelbrot_transferred (ASSUMPTION),6000000000.0,50000000000.0,0.000542
1xL40S,minimax_m3,1,steady_state,128,1213.6296296296296,455,435199946.1592477,571192349.3528779,415.03901115345735,3.842953806976457,0.07253332435987461,0.011423846987057557,0.0025125479159455767,0.005619940896826417,0.07253332435987461,13.786766411511662,0.06521974257582942,15.332780543212419,storage,0.15936501033088527,0.23808512727402642,0.09999999999999988,zipf_mandelbrot_transferred (ASSUMPTION),6000000000.0,50000000000.0,0.000542
1xL40S,minimax_m3,1,finite_16tok,128,1213.6296296296296,455,931672142.3911264,931672142.3911264,888.5117935096039,8.22696105101485,0.15527869039852107,0.018633442847822528,0.0025125479159455767,0.005619940896826417,0.15527869039852107,6.440033706064308,0.1274330566058847,7.84725742781737,storage,0.0,0.0,0.09999999999999988,zipf_mandelbrot_transferred (ASSUMPTION),6000000000.0,50000000000.0,0.000542
1xL40S,minimax_m3,1,steady_state,256,2427.259259259259,455,323810978.4529389,571192349.3528779,308.81021352094547,2.859353828897643,0.053968496408823154,0.011423846987057557,0.0025125479159455767,0.005619940896826417,0.053968496408823154,18.529328525752902,0.05207028092079637,19.204812847487627,storage,0.15936501033088527,0.43309643621838645,0.09999999999999988,zipf_mandelbrot_transferred (ASSUMPTION),6000000000.0,50000000000.0,0.000542
1xL40S,minimax_m3,1,finite_16tok,256,2427.259259259259,455,931672142.3911264,931672142.3911264,888.5117935096039,8.22696105101485,0.15527869039852107,0.018633442847822528,0.0025125479159455767,0.005619940896826417,0.15527869039852107,6.440033706064308,0.1274330566058847,7.84725742781737,storage,0.0,0.0,0.09999999999999988,zipf_mandelbrot_transferred (ASSUMPTION),6000000000.0,50000000000.0,0.000542
1xL40S,minimax_m3,4,steady_state,2,18.962962962962962,455,2272404596.4573593,2281292147.5861444,2167.1339001248925,20.06605463078604,0.3787340994095599,0.04562584295172289,0.0025021828380789785,0.004144706411409483,0.3787340994095599,2.640374873978824,0.29771705128638726,3.3588939420136055,storage,0.1568854599496547,0.003895840845369203,0.3982166434551274,zipf_mandelbrot_transferred (ASSUMPTION),6000000000.0,50000000000.0,0.000542
1xL40S,minimax_m3,4,finite_16tok,2,18.962962962962962,455,931672142.3911264,931672142.3911264,888.5117935096039,8.22696105101485,0.15527869039852107,0.018633442847822528,0.0025021828380789785,0.004144706411409483,0.15527869039852107,6.440033706064308,0.12594745704260116,7.939818901319734,storage,0.0,0.0,0.3982166434551274,zipf_mandelbrot_transferred (ASSUMPTION),6000000000.0,50000000000.0,0.000542
1xL40S,minimax_m3,4,steady_state,4,37.925925925925924,455,2263052340.549893,2281292147.5861444,2158.214893865483,19.983471239495213,0.3771753900916488,0.04562584295172289,0.0025021828380789785,0.004144706411409483,0.3771753900916488,2.651286447286534,0.29661301797882006,3.371396194321471,storage,0.1568854599496547,0.00799538413155565,0.3982166434551274,zipf_mandelbrot_transferred (ASSUMPTION),6000000000.0,50000000000.0,0.000542
1xL40S,minimax_m3,4,finite_16tok,4,37.925925925925924,455,931672142.3911264,931672142.3911264,888.5117935096039,8.22696105101485,0.15527869039852107,0.018633442847822528,0.0025021828380789785,0.004144706411409483,0.15527869039852107,6.440033706064308,0.12594745704260116,7.939818901319734,storage,0.0,0.0,0.3982166434551274,zipf_mandelbrot_transferred (ASSUMPTION),6000000000.0,50000000000.0,0.000542
1xL40S,minimax_m3,4,steady_state,8,75.85185185185185,455,2244436612.1860237,2281292147.5861444,2140.461551843666,19.819088442996904,0.37407276869767064,0.04562584295172289,0.0025021828380789785,0.004144706411409483,0.37407276869767064,2.6732766554525917,0.2944154322453153,3.396561085041125,storage,0.1568854599496547,0.016155552649895877,0.3982166434551274,zipf_mandelbrot_transferred (ASSUMPTION),6000000000.0,50000000000.0,0.000542
1xL40S,minimax_m3,4,finite_16tok,8,75.85185185185185,455,931672142.3911264,931672142.3911264,888.5117935096039,8.22696105101485,0.15527869039852107,0.018633442847822528,0.0025021828380789785,0.004144706411409483,0.15527869039852107,6.440033706064308,0.12594745704260116,7.939818901319734,storage,0.0,0.0,0.3982166434551274,zipf_mandelbrot_transferred (ASSUMPTION),6000000000.0,50000000000.0,0.000542
1xL40S,minimax_m3,4,steady_state,16,151.7037037037037,455,2207558973.7102404,2281292147.5861444,2105.2922951795963,19.493447177588855,0.3679264956183734,0.04562584295172289,0.0025021828380789785,0.004144706411409483,0.3679264956183734,2.717934184977089,0.29006202900394545,3.447538457322168,storage,0.1568854599496547,0.03232079414025191,0.3982166434551274,zipf_mandelbrot_transferred (ASSUMPTION),6000000000.0,50000000000.0,0.000542
1xL40S,minimax_m3,4,finite_16tok,16,151.7037037037037,455,931672142.3911264,931672142.3911264,888.5117935096039,8.22696105101485,0.15527869039852107,0.018633442847822528,0.0025021828380789785,0.004144706411409483,0.15527869039852107,6.440033706064308,0.12594745704260116,7.939818901319734,storage,0.0,0.0,0.3982166434551274,zipf_mandelbrot_transferred (ASSUMPTION),6000000000.0,50000000000.0,0.000542
1xL40S,minimax_m3,4,steady_state,32,303.4074074074074,455,2135204549.3263152,2281292147.5861444,2036.2897389662887,18.854534620058228,0.3558674248877192,0.04562584295172289,0.0025021828380789785,0.004144706411409483,0.3558674248877192,2.8100352267856854,0.2815205930915761,3.5521380124213824,storage,0.1568854599496547,0.06403721610772517,0.3982166434551274,zipf_mandelbrot_transferred (ASSUMPTION),6000000000.0,50000000000.0,0.000542
1xL40S,minimax_m3,4,finite_16tok,32,303.4074074074074,455,931672142.3911264,931672142.3911264,888.5117935096039,8.22696105101485,0.15527869039852107,0.018633442847822528,0.0025021828380789785,0.004144706411409483,0.15527869039852107,6.440033706064308,0.12594745704260116,7.939818901319734,storage,0.0,0.0,0.3982166434551274,zipf_mandelbrot_transferred (ASSUMPTION),6000000000.0,50000000000.0,0.000542
1xL40S,minimax_m3,4,steady_state,64,606.8148148148148,455,1996392341.8671181,2281292147.5861444,1903.9081019087964,17.628778721377746,0.332732056977853,0.04562584295172289,0.0025021828380789785,0.004144706411409483,0.332732056977853,3.005421266236938,0.2651338194566157,3.771680286013576,storage,0.1568854599496547,0.1248852787313901,0.3982166434551274,zipf_mandelbrot_transferred (ASSUMPTION),6000000000.0,50000000000.0,0.000542
1xL40S,minimax_m3,4,finite_16tok,64,606.8148148148148,455,931672142.3911264,931672142.3911264,888.5117935096039,8.22696105101485,0.15527869039852107,0.018633442847822528,0.0025021828380789785,0.004144706411409483,0.15527869039852107,6.440033706064308,0.12594745704260116,7.939818901319734,storage,0.0,0.0,0.3982166434551274,zipf_mandelbrot_transferred (ASSUMPTION),6000000000.0,50000000000.0,0.000542
1xL40S,minimax_m3,4,steady_state,128,1213.6296296296296,455,1738776465.6905947,2281292147.5861444,1658.2264573007533,15.35394867871068,0.2897960776150991,0.04562584295172289,0.0025021828380789785,0.004144706411409483,0.2897960776150991,3.4507023291328958,0.2347222791105148,4.260353997027985,storage,0.1568854599496547,0.2378106997254127,0.3982166434551274,zipf_mandelbrot_transferred (ASSUMPTION),6000000000.0,50000000000.0,0.000542
1xL40S,minimax_m3,4,finite_16tok,128,1213.6296296296296,455,931672142.3911264,931672142.3911264,888.5117935096039,8.22696105101485,0.15527869039852107,0.018633442847822528,0.0025021828380789785,0.004144706411409483,0.15527869039852107,6.440033706064308,0.12594745704260116,7.939818901319734,storage,0.0,0.0,0.3982166434551274,zipf_mandelbrot_transferred (ASSUMPTION),6000000000.0,50000000000.0,0.000542
1xL40S,minimax_m3,4,steady_state,256,2427.259259259259,455,1294049623.3148334,2281292147.5861444,1234.101889910539,11.42686935102351,0.2156749372191389,0.04562584295172289,0.0025021828380789785,0.004144706411409483,0.2156749372191389,4.636607354075355,0.18222229925431593,5.487802558151044,storage,0.1568854599496547,0.4327558508084647,0.3982166434551274,zipf_mandelbrot_transferred (ASSUMPTION),6000000000.0,50000000000.0,0.000542
1xL40S,minimax_m3,4,finite_16tok,256,2427.259259259259,455,931672142.3911264,931672142.3911264,888.5117935096039,8.22696105101485,0.15527869039852107,0.018633442847822528,0.0025021828380789785,0.004144706411409483,0.15527869039852107,6.440033706064308,0.12594745704260116,7.939818901319734,storage,0.0,0.0,0.3982166434551274,zipf_mandelbrot_transferred (ASSUMPTION),6000000000.0,50000000000.0,0.000542
1xL40S,minimax_m3,8,steady_state,2,18.962962962962962,455,4535547936.356131,4553250102.697192,4325.435577732211,40.05032942344639,0.7559246560593551,0.09106500205394384,0.0024888654702990517,0.003898833997173327,0.7559246560593551,1.3228831630033246,0.5873413907771993,1.702587312426169,storage,0.15374099899366547,0.0038878089149059214,0.7918506652847416,zipf_mandelbrot_transferred (ASSUMPTION),6000000000.0,50000000000.0,0.000542
1xL40S,minimax_m3,8,finite_16tok,2,18.962962962962962,455,931672142.3911264,931672142.3911264,888.5117935096039,8.22696105101485,0.15527869039852107,0.018633442847822528,0.0024888654702990517,0.003898833997173327,0.15527869039852107,6.440033706064308,0.12568826726058507,7.956192107627159,storage,0.0,0.0,0.7918506652847416,zipf_mandelbrot_transferred (ASSUMPTION),6000000000.0,50000000000.0,0.000542
1xL40S,minimax_m3,8,steady_state,4,37.925925925925924,455,4516919869.744368,4553250102.697192,4307.670469040268,39.88583767629878,0.752819978290728,0.09106500205394384,0.0024888654702990517,0.003898833997173327,0.752819978290728,1.3283388178279918,0.5851423485141934,1.7089858605162016,storage,0.15374099899366547,0.00797896714070323,0.7918506652847416,zipf_mandelbrot_transferred (ASSUMPTION),6000000000.0,50000000000.0,0.000542
1xL40S,minimax_m3,8,finite_16tok,4,37.925925925925924,455,931672142.3911264,931672142.3911264,888.5117935096039,8.22696105101485,0.15527869039852107,0.018633442847822528,0.0024888654702990517,0.003898833997173327,0.15527869039852107,6.440033706064308,0.12568826726058507,7.956192107627159,storage,0.0,0.0,0.7918506652847416,zipf_mandelbrot_transferred (ASSUMPTION),6000000000.0,50000000000.0,0.000542
1xL40S,minimax_m3,8,steady_state,8,75.85185185185185,455,4479839685.64018,4553250102.697192,4272.308049812488,39.55840786863415,0.7466399476066966,0.09106500205394384,0.0024888654702990517,0.003898833997173327,0.7466399476066966,1.339333641610567,0.580765034772269,1.7218667449429395,storage,0.15374099899366547,0.016122641058861964,0.7918506652847416,zipf_mandelbrot_transferred (ASSUMPTION),6000000000.0,50000000000.0,0.000542
1xL40S,minimax_m3,8,finite_16tok,8,75.85185185185185,455,931672142.3911264,931672142.3911264,888.5117935096039,8.22696105101485,0.15527869039852107,0.018633442847822528,0.0024888654702990517,0.003898833997173327,0.15527869039852107,6.440033706064308,0.12568826726058507,7.956192107627159,storage,0.0,0.0,0.7918506652847416,zipf_mandelbrot_transferred (ASSUMPTION),6000000000.0,50000000000.0,0.000542
1xL40S,minimax_m3,8,steady_state,16,151.7037037037037,455,4406380303.818956,4553250102.697192,4202.251724070507,38.90973818583803,0.7343967173031594,0.09106500205394384,0.0024888654702990517,0.003898833997173327,0.7343967173031594,1.3616618599170556,0.572093158693774,1.747967065859064,storage,0.15374099899366547,0.03225603592283133,0.7918506652847416,zipf_mandelbrot_transferred (ASSUMPTION),6000000000.0,50000000000.0,0.000542
1xL40S,minimax_m3,8,finite_16tok,16,151.7037037037037,455,931672142.3911264,931672142.3911264,888.5117935096039,8.22696105101485,0.15527869039852107,0.018633442847822528,0.0024888654702990517,0.003898833997173327,0.15527869039852107,6.440033706064308,0.12568826726058507,7.956192107627159,storage,0.0,0.0,0.7918506652847416,zipf_mandelbrot_transferred (ASSUMPTION),6000000000.0,50000000000.0,0.000542
1xL40S,minimax_m3,8,steady_state,32,303.4074074074074,455,4262236896.58097,4553250102.697192,4064.785858708353,37.63690609915142,0.7103728160968283,0.09106500205394384,0.0024888654702990517,0.003898833997173327,0.7103728160968283,1.407711524625252,0.555077037211266,1.8015517359969502,storage,0.15374099899366547,0.06391329260473433,0.7918506652847416,zipf_mandelbrot_transferred (ASSUMPTION),6000000000.0,50000000000.0,0.000542
1xL40S,minimax_m3,8,finite_16tok,32,303.4074074074074,455,931672142.3911264,931672142.3911264,888.5117935096039,8.22696105101485,0.15527869039852107,0.018633442847822528,0.0024888654702990517,0.003898833997173327,0.15527869039852107,6.440033706064308,0.12568826726058507,7.956192107627159,storage,0.0,0.0,0.7918506652847416,zipf_mandelbrot_transferred (ASSUMPTION),6000000000.0,50000000000.0,0.000542
1xL40S,minimax_m3,8,steady_state,64,606.8148148148148,455,3985642730.0309005,4553250102.697192,3801.005106001759,35.19449172223851,0.6642737883384834,0.09106500205394384,0.0024888654702990517,0.003898833997173327,0.6642737883384834,1.505403370651208,0.522425110705891,1.9141499508873505,storage,0.15374099899366547,0.12465982756582172,0.7918506652847416,zipf_mandelbrot_transferred (ASSUMPTION),6000000000.0,50000000000.0,0.000542
1xL40S,minimax_m3,8,finite_16tok,64,606.8148148148148,455,931672142.3911264,931672142.3911264,888.5117935096039,8.22696105101485,0.15527869039852107,0.018633442847822528,0.0024888654702990517,0.003898833997173327,0.15527869039852107,6.440033706064308,0.12568826726058507,7.956192107627159,storage,0.0,0.0,0.7918506652847416,zipf_mandelbrot_transferred (ASSUMPTION),6000000000.0,50000000000.0,0.000542
1xL40S,minimax_m3,8,steady_state,128,1213.6296296296296,455,3472107344.868977,4553250102.697192,3311.2595986070414,30.659811098213346,0.5786845574781628,0.09106500205394384,0.0024888654702990517,0.003898833997173327,0.5786845574781628,1.7280571722146498,0.46180228606948964,2.165428864614856,storage,0.15374099899366547,0.2374441845809837,0.7918506652847416,zipf_mandelbrot_transferred (ASSUMPTION),6000000000.0,50000000000.0,0.000542
1xL40S,minimax_m3,8,finite_16tok,128,1213.6296296296296,455,931672142.3911264,931672142.3911264,888.5117935096039,8.22696105101485,0.15527869039852107,0.018633442847822528,0.0024888654702990517,0.003898833997173327,0.15527869039852107,6.440033706064308,0.12568826726058507,7.956192107627159,storage,0.0,0.0,0.7918506652847416,zipf_mandelbrot_transferred (ASSUMPTION),6000000000.0,50000000000.0,0.000542
1xL40S,minimax_m3,8,steady_state,256,2427.259259259259,455,2584879472.370008,4553250102.697192,2465.1331638050156,22.825307072268664,0.4308132453950013,0.09106500205394384,0.0024888654702990517,0.003898833997173327,0.4308132453950013,2.321191399496379,0.35706508337395754,2.800609879159455,storage,0.15374099899366547,0.43230013417474866,0.7918506652847416,zipf_mandelbrot_transferred (ASSUMPTION),6000000000.0,50000000000.0,0.000542
1xL40S,minimax_m3,8,finite_16tok,256,2427.259259259259,455,931672142.3911264,931672142.3911264,888.5117935096039,8.22696105101485,0.15527869039852107,0.018633442847822528,0.0024888654702990517,0.003898833997173327,0.15527869039852107,6.440033706064308,0.12568826726058507,7.956192107627159,storage,0.0,0.0,0.7918506652847416,zipf_mandelbrot_transferred (ASSUMPTION),6000000000.0,50000000000.0,0.000542
1xL40S,minimax_m3,16,steady_state,2,18.962962962962962,455,9033848275.629213,9068962567.16618,8615.34907877847,79.77175072943028,1.5056413792715355,0.18137925134332358,0.00246377537060434,0.003775897790055249,1.5056413792715355,0.664168781336113,1.1633746025627445,0.8595683606958119,storage,0.14793913283417662,0.003871919337730678,1.5664338892331287,zipf_mandelbrot_transferred (ASSUMPTION),6000000000.0,50000000000.0,0.000542
1xL40S,minimax_m3,16,finite_16tok,2,18.962962962962962,455,931672142.3911264,931672142.3911264,888.5117935096039,8.22696105101485,0.15527869039852107,0.018633442847822528,0.00246377537060434,0.003775897790055249,0.15527869039852107,6.440033706064308,0.12554024095377228,7.965573368369034,storage,0.0,0.0,1.5664338892331287,zipf_mandelbrot_transferred (ASSUMPTION),6000000000.0,50000000000.0,0.000542
1xL40S,minimax_m3,16,steady_state,4,37.925925925925924,455,8996896154.326374,9068962567.16618,8580.108789755224,79.44545175699281,1.499482692387729,0.18137925134332358,0.00246377537060434,0.003775897790055249,1.499482692387729,0.6668966604793761,1.1590124066276408,0.8628035336650826,storage,0.14793913283417662,0.00794648917183971,1.5664338892331287,zipf_mandelbrot_transferred (ASSUMPTION),6000000000.0,50000000000.0,0.000542
1xL40S,minimax_m3,16,finite_16tok,4,37.925925925925924,455,931672142.3911264,931672142.3911264,888.5117935096039,8.22696105101485,0.15527869039852107,0.018633442847822528,0.00246377537060434,0.003775897790055249,0.15527869039852107,6.440033706064308,0.12554024095377228,7.965573368369034,storage,0.0,0.0,1.5664338892331287,zipf_mandelbrot_transferred (ASSUMPTION),6000000000.0,50000000000.0,0.000542
1xL40S,minimax_m3,16,steady_state,8,75.85185185185185,455,8923337558.878363,9068962567.16618,8509.957846525538,78.79590598634758,1.4872229264797272,0.18137925134332358,0.00246377537060434,0.003775897790055249,1.4872229264797272,0.6723941530184792,1.1503288183858322,0.8693166545225068,storage,0.14793913283417662,0.016057515642973974,1.5664338892331287,zipf_mandelbrot_transferred (ASSUMPTION),6000000000.0,50000000000.0,0.000542
1xL40S,minimax_m3,16,finite_16tok,8,75.85185185185185,455,931672142.3911264,931672142.3911264,888.5117935096039,8.22696105101485,0.15527869039852107,0.018633442847822528,0.00246377537060434,0.003775897790055249,0.15527869039852107,6.440033706064308,0.12554024095377228,7.965573368369034,storage,0.0,0.0,1.5664338892331287,zipf_mandelbrot_transferred (ASSUMPTION),6000000000.0,50000000000.0,0.000542
1xL40S,minimax_m3,16,steady_state,16,151.7037037037037,455,8777596392.764038,9068962567.16618,8370.96823955921,77.50896518110379,1.4629327321273398,0.18137925134332358,0.00246377537060434,0.003775897790055249,1.4629327321273398,0.6835584289277874,1.1331240815537882,0.8825158835462725,storage,0.14793913283417662,0.032127839567562155,1.5664338892331287,zipf_mandelbrot_transferred (ASSUMPTION),6000000000.0,50000000000.0,0.000542
1xL40S,minimax_m3,16,finite_16tok,16,151.7037037037037,455,931672142.3911264,931672142.3911264,888.5117935096039,8.22696105101485,0.15527869039852107,0.018633442847822528,0.00246377537060434,0.003775897790055249,0.15527869039852107,6.440033706064308,0.12554024095377228,7.965573368369034,storage,0.0,0.0,1.5664338892331287,zipf_mandelbrot_transferred (ASSUMPTION),6000000000.0,50000000000.0,0.000542
1xL40S,minimax_m3,16,steady_state,32,303.4074074074074,455,8491562206.834464,9068962567.16618,8098.184782824005,74.9831924335556,1.415260367805744,0.18137925134332358,0.00246377537060434,0.003775897790055249,1.415260367805744,0.7065837656080384,1.0993577612676857,0.9096219949790368,storage,0.14793913283417662,0.06366774105145945,1.5664338892331287,zipf_mandelbrot_transferred (ASSUMPTION),6000000000.0,50000000000.0,0.000542
1xL40S,minimax_m3,16,finite_16tok,32,303.4074074074074,455,931672142.3911264,931672142.3911264,888.5117935096039,8.22696105101485,0.15527869039852107,0.018633442847822528,0.00246377537060434,0.003775897790055249,0.15527869039852107,6.440033706064308,0.12554024095377228,7.965573368369034,storage,0.0,0.0,1.5664338892331287,zipf_mandelbrot_transferred (ASSUMPTION),6000000000.0,50000000000.0,0.000542
1xL40S,minimax_m3,16,steady_state,64,606.8148148148148,455,7942484116.637091,9068962567.16618,7574.543110501376,70.1346584305683,1.3237473527728485,0.18137925134332358,0.00246377537060434,0.003775897790055249,1.3237473527728485,0.7554311613204014,1.0345391222108467,0.9666140008924599,storage,0.14793913283417662,0.12421249312544957,1.5664338892331287,zipf_mandelbrot_transferred (ASSUMPTION),6000000000.0,50000000000.0,0.000542
1xL40S,minimax_m3,16,finite_16tok,64,606.8148148148148,455,931672142.3911264,931672142.3911264,888.5117935096039,8.22696105101485,0.15527869039852107,0.018633442847822528,0.00246377537060434,0.003775897790055249,0.15527869039852107,6.440033706064308,0.12554024095377228,7.965573368369034,storage,0.0,0.0,1.5664338892331287,zipf_mandelbrot_transferred (ASSUMPTION),6000000000.0,50000000000.0,0.000542
1xL40S,minimax_m3,16,steady_state,128,1213.6296296296296,455,6922210108.615367,9068962567.16618,6601.533993354194,61.12531475327957,1.1537016847692279,0.18137925134332358,0.00246377537060434,0.003775897790055249,1.1537016847692279,0.8667751925837116,0.9140958303627557,1.0939772032470092,storage,0.14793913283417662,0.23671422642354323,1.5664338892331287,zipf_mandelbrot_transferred (ASSUMPTION),6000000000.0,50000000000.0,0.000542
1xL40S,minimax_m3,16,finite_16tok,128,1213.6296296296296,455,931672142.3911264,931672142.3911264,888.5117935096039,8.22696105101485,0.15527869039852107,0.018633442847822528,0.00246377537060434,0.003775897790055249,0.15527869039852107,6.440033706064308,0.12554024095377228,7.965573368369034,storage,0.0,0.0,1.5664338892331287,zipf_mandelbrot_transferred (ASSUMPTION),6000000000.0,50000000000.0,0.000542
1xL40S,minimax_m3,16,steady_state,256,2427.259259259259,455,5156761621.834148,9068962567.16618,4917.871114572667,45.53584365345061,0.8594602703056914,0.18137925134332358,0.00246377537060434,0.003775897790055249,0.8594602703056914,1.1635209148694234,0.7056847313203958,1.417063393349769,storage,0.14793913283417662,0.43138351452634727,1.5664338892331287,zipf_mandelbrot_transferred (ASSUMPTION),6000000000.0,50000000000.0,0.000542
1xL40S,minimax_m3,16,finite_16tok,256,2427.259259259259,455,931672142.3911264,931672142.3911264,888.5117935096039,8.22696105101485,0.15527869039852107,0.018633442847822528,0.00246377537060434,0.003775897790055249,0.15527869039852107,6.440033706064308,0.12554024095377228,7.965573368369034,storage,0.0,0.0,1.5664338892331287,zipf_mandelbrot_transferred (ASSUMPTION),6000000000.0,50000000000.0,0.000542
1xRTXPRO6000,minimax_m3,1,steady_state,2,18.962962962962962,910,499711456.16459894,501294322.4093625,476.56198135814566,4.412610938501349,0.06246393202057487,0.0066839242987915,0.002421915196993722,0.002906312292358804,0.06246393202057487,16.009238734292488,0.05291337255931071,18.89881426248342,storage,0.26223530826838953,0.0031575586915800757,0.09999999999999988,zipf_mandelbrot_transferred (ASSUMPTION),8000000000.0,75000000000.0,0.000842
1xRTXPRO6000,minimax_m3,1,finite_16tok,2,18.962962962962962,910,931672142.3911264,931672142.3911264,888.5117935096039,8.22696105101485,0.1164590177988908,0.012422295231881686,0.002421915196993722,0.002906312292358804,0.1164590177988908,8.586711608085745,0.09402725988219444,10.635213673703639,storage,0.0,0.0,0.09999999999999988,zipf_mandelbrot_transferred (ASSUMPTION),8000000000.0,75000000000.0,0.000842
1xRTXPRO6000,minimax_m3,1,steady_state,4,37.925925925925924,910,498042668.33800095,501294322.4093625,474.97050126838775,4.397875011744331,0.062255333542250116,0.0066839242987915,0.002421915196993722,0.002906312292358804,0.062255333542250116,16.062880770228972,0.05276562232433618,18.95173326779446,storage,0.26223530826838953,0.006486516854475988,0.09999999999999988,zipf_mandelbrot_transferred (ASSUMPTION),8000000000.0,75000000000.0,0.000842
1xRTXPRO6000,minimax_m3,1,finite_16tok,4,37.925925925925924,910,931672142.3911264,931672142.3911264,888.5117935096039,8.22696105101485,0.1164590177988908,0.012422295231881686,0.002421915196993722,0.002906312292358804,0.1164590177988908,8.586711608085745,0.09402725988219444,10.635213673703639,storage,0.0,0.0,0.09999999999999988,zipf_mandelbrot_transferred (ASSUMPTION),8000000000.0,75000000000.0,0.000842
1xRTXPRO6000,minimax_m3,1,steady_state,8,75.85185185185185,910,494711328.7609197,501294322.4093625,471.7934882744977,4.3684582247638675,0.06183891609511496,0.0066839242987915,0.002421915196993722,0.002906312292358804,0.06183891609511496,16.171046699167423,0.05247067398072493,19.058264819837255,storage,0.26223530826838953,0.013131993230649286,0.09999999999999988,zipf_mandelbrot_transferred (ASSUMPTION),8000000000.0,75000000000.0,0.000842
1xRTXPRO6000,minimax_m3,1,finite_16tok,8,75.85185185185185,910,931672142.3911264,931672142.3911264,888.5117935096039,8.22696105101485,0.1164590177988908,0.012422295231881686,0.002421915196993722,0.002906312292358804,0.1164590177988908,8.586711608085745,0.09402725988219444,10.635213673703639,storage,0.0,0.0,0.09999999999999988,zipf_mandelbrot_transferred (ASSUMPTION),8000000000.0,75000000000.0,0.000842
1xRTXPRO6000,minimax_m3,1,steady_state,16,151.7037037037037,910,488073455.44835585,501294322.4093625,465.4631189807471,4.309843694266177,0.06100918193104449,0.0066839242987915,0.002421915196993722,0.002906312292358804,0.06100918193104449,16.390975396625514,0.05188297353970373,19.27414586665401,storage,0.26223530826838953,0.02637346239523175,0.09999999999999988,zipf_mandelbrot_transferred (ASSUMPTION),8000000000.0,75000000000.0,0.000842
1xRTXPRO6000,minimax_m3,1,finite_16tok,16,151.7037037037037,910,931672142.3911264,931672142.3911264,888.5117935096039,8.22696105101485,0.1164590177988908,0.012422295231881686,0.002421915196993722,0.002906312292358804,0.1164590177988908,8.586711608085745,0.09402725988219444,10.635213673703639,storage,0.0,0.0,0.09999999999999988,zipf_mandelbrot_transferred (ASSUMPTION),8000000000.0,75000000000.0,0.000842
1xRTXPRO6000,minimax_m3,1,steady_state,32,303.4074074074074,910,474897564.1652998,501294322.4093625,452.8976098683355,4.193496387669773,0.05936219552066247,0.0066839242987915,0.002421915196993722,0.002906312292358804,0.05936219552066247,16.845738120516877,0.050716413595987574,19.717482548472532,storage,0.26223530826838953,0.05265720568545895,0.09999999999999988,zipf_mandelbrot_transferred (ASSUMPTION),8000000000.0,75000000000.0,0.000842
1xRTXPRO6000,minimax_m3,1,finite_16tok,32,303.4074074074074,910,931672142.3911264,931672142.3911264,888.5117935096039,8.22696105101485,0.1164590177988908,0.012422295231881686,0.002421915196993722,0.002906312292358804,0.1164590177988908,8.586711608085745,0.09402725988219444,10.635213673703639,storage,0.0,0.0,0.09999999999999988,zipf_mandelbrot_transferred (ASSUMPTION),8000000000.0,75000000000.0,0.000842
1xRTXPRO6000,minimax_m3,1,steady_state,64,606.8148148148148,910,449035433.296296,501294322.4093625,428.23355989102936,3.9651255545465682,0.056129429162037,0.0066839242987915,0.002421915196993722,0.002906312292358804,0.056129429162037,17.815965972380624,0.04842664622596361,20.64978845187625,storage,0.26223530826838953,0.10424791739490546,0.09999999999999988,zipf_mandelbrot_transferred (ASSUMPTION),8000000000.0,75000000000.0,0.000842
1xRTXPRO6000,minimax_m3,1,finite_16tok,64,606.8148148148148,910,931672142.3911264,931672142.3911264,888.5117935096039,8.22696105101485,0.1164590177988908,0.012422295231881686,0.002421915196993722,0.002906312292358804,0.1164590177988908,8.586711608085745,0.09402725988219444,10.635213673703639,storage,0.0,0.0,0.09999999999999988,zipf_mandelbrot_transferred (ASSUMPTION),8000000000.0,75000000000.0,0.000842
1xRTXPRO6000,minimax_m3,1,steady_state,128,1213.6296296296296,910,398852133.4524186,501294322.4093625,380.37503571740973,3.5219910714574976,0.04985651668155233,0.0066839242987915,0.002421915196993722,0.002906312292358804,0.04985651668155233,20.057558501073846,0.043983544337543486,22.735775732980656,storage,0.26223530826838953,0.2043553744326837,0.09999999999999988,zipf_mandelbrot_transferred (ASSUMPTION),8000000000.0,75000000000.0,0.000842
1xRTXPRO6000,minimax_m3,1,finite_16tok,128,1213.6296296296296,910,931672142.3911264,931672142.3911264,888.5117935096039,8.22696105101485,0.1164590177988908,0.012422295231881686,0.002421915196993722,0.002906312292358804,0.1164590177988908,8.586711608085745,0.09402725988219444,10.635213673703639,storage,0.0,0.0,0.09999999999999988,zipf_mandelbrot_transferred (ASSUMPTION),8000000000.0,75000000000.0,0.000842
1xRTXPRO6000,minimax_m3,1,steady_state,256,2427.259259259259,910,305141146.31200856,501294322.4093625,291.0052741165243,2.694493278856706,0.03814264328900107,0.0066839242987915,0.002421915196993722,0.002906312292358804,0.03814264328900107,26.217375456209222,0.03568661158850927,28.021713339744196,storage,0.26223530826838953,0.3912934324781221,0.09999999999999988,zipf_mandelbrot_transferred (ASSUMPTION),8000000000.0,75000000000.0,0.000842
1xRTXPRO6000,minimax_m3,1,finite_16tok,256,2427.259259259259,910,931672142.3911264,931672142.3911264,888.5117935096039,8.22696105101485,0.1164590177988908,0.012422295231881686,0.002421915196993722,0.002906312292358804,0.1164590177988908,8.586711608085745,0.09402725988219444,10.635213673703639,storage,0.0,0.0,0.09999999999999988,zipf_mandelbrot_transferred (ASSUMPTION),8000000000.0,75000000000.0,0.000842
1xRTXPRO6000,minimax_m3,4,steady_state,2,18.962962962962962,910,1996552682.854955,2002872909.3901591,1904.0610149907636,17.63019458324781,0.24956908535686936,0.026704972125202123,0.0024115501191271237,0.0021434053156146183,0.24956908535686936,4.006906538804908,0.1946771442295438,5.13670982773869,storage,0.2597829815148587,0.0031555804192935355,0.3982166434551274,zipf_mandelbrot_transferred (ASSUMPTION),8000000000.0,75000000000.0,0.000842
1xRTXPRO6000,minimax_m3,4,finite_16tok,2,18.962962962962962,910,931672142.3911264,931672142.3911264,888.5117935096039,8.22696105101485,0.1164590177988908,0.012422295231881686,0.0024115501191271237,0.0021434053156146183,0.1164590177988908,8.586711608085745,0.09325398782758366,10.723402004522205,storage,0.0,0.0,0.3982166434551274,zipf_mandelbrot_transferred (ASSUMPTION),8000000000.0,75000000000.0,0.000842
1xRTXPRO6000,minimax_m3,4,steady_state,4,37.925925925925924,910,1989889360.3632798,2002872909.3901591,1897.706375468521,17.57135532841223,0.24873617004541,0.026704972125202123,0.0024115501191271237,0.0021434053156146183,0.24873617004541,4.020324023713307,0.1940871905828522,5.152323535607666,storage,0.2597829815148587,0.006482462749387907,0.3982166434551274,zipf_mandelbrot_transferred (ASSUMPTION),8000000000.0,75000000000.0,0.000842
1xRTXPRO6000,minimax_m3,4,finite_16tok,4,37.925925925925924,910,931672142.3911264,931672142.3911264,888.5117935096039,8.22696105101485,0.1164590177988908,0.012422295231881686,0.0024115501191271237,0.0021434053156146183,0.1164590177988908,8.586711608085745,0.09325398782758366,10.723402004522205,storage,0.0,0.0,0.3982166434551274,zipf_mandelbrot_transferred (ASSUMPTION),8000000000.0,75000000000.0,0.000842
1xRTXPRO6000,minimax_m3,4,steady_state,8,75.85185185185185,910,1976587569.3050334,2002872909.3901591,1885.020798974069,17.453896286796937,0.2470734461631292,0.026704972125202123,0.0024115501191271237,0.0021434053156146183,0.2470734461631292,4.047379495972846,0.19290948379286169,5.183778320996178,storage,0.2597829815148587,0.01312381827218867,0.3982166434551274,zipf_mandelbrot_transferred (ASSUMPTION),8000000000.0,75000000000.0,0.000842
1xRTXPRO6000,minimax_m3,4,finite_16tok,8,75.85185185185185,910,931672142.3911264,931672142.3911264,888.5117935096039,8.22696105101485,0.1164590177988908,0.012422295231881686,0.0024115501191271237,0.0021434053156146183,0.1164590177988908,8.586711608085745,0.09325398782758366,10.723402004522205,storage,0.0,0.0,0.3982166434551274,zipf_mandelbrot_transferred (ASSUMPTION),8000000000.0,75000000000.0,0.000842
1xRTXPRO6000,minimax_m3,4,steady_state,16,151.7037037037037,910,1950082799.4296782,2002872909.3901591,1859.7438806816847,17.219850747052636,0.24376034992870976,0.026704972125202123,0.0024115501191271237,0.0021434053156146183,0.24376034992870976,4.102389909976993,0.19056281879769996,5.247613392314439,storage,0.2597829815148587,0.026357194065076972,0.3982166434551274,zipf_mandelbrot_transferred (ASSUMPTION),8000000000.0,75000000000.0,0.000842
1xRTXPRO6000,minimax_m3,4,finite_16tok,16,151.7037037037037,910,931672142.3911264,931672142.3911264,888.5117935096039,8.22696105101485,0.1164590177988908,0.012422295231881686,0.0024115501191271237,0.0021434053156146183,0.1164590177988908,8.586711608085745,0.09325398782758366,10.723402004522205,storage,0.0,0.0,0.3982166434551274,zipf_mandelbrot_transferred (ASSUMPTION),8000000000.0,75000000000.0,0.000842
1xRTXPRO6000,minimax_m3,4,steady_state,32,303.4074074074074,910,1897471025.532073,2002872909.3901591,1809.5693831749659,16.75527206643487,0.23718387819150913,0.026704972125202123,0.0024115501191271237,0.0021434053156146183,0.23718387819150913,4.2161381609274935,0.18590470598557282,5.379099978661139,storage,0.2597829815148587,0.05262534800082741,0.3982166434551274,zipf_mandelbrot_transferred (ASSUMPTION),8000000000.0,75000000000.0,0.000842
1xRTXPRO6000,minimax_m3,4,finite_16tok,32,303.4074074074074,910,931672142.3911264,931672142.3911264,888.5117935096039,8.22696105101485,0.1164590177988908,0.012422295231881686,0.0024115501191271237,0.0021434053156146183,0.1164590177988908,8.586711608085745,0.09325398782758366,10.723402004522205,storage,0.0,0.0,0.3982166434551274,zipf_mandelbrot_transferred (ASSUMPTION),8000000000.0,75000000000.0,0.000842
1xRTXPRO6000,minimax_m3,4,steady_state,64,606.8148148148148,910,1794198605.354757,2002872909.3901591,1711.081128458745,15.843343782025418,0.22427482566934465,0.026704972125202123,0.0024115501191271237,0.0021434053156146183,0.22427482566934465,4.458815192545646,0.1767612282441917,5.657349238479619,storage,0.2597829815148587,0.10418749140650174,0.3982166434551274,zipf_mandelbrot_transferred (ASSUMPTION),8000000000.0,75000000000.0,0.000842
1xRTXPRO6000,minimax_m3,4,finite_16tok,64,606.8148148148148,910,931672142.3911264,931672142.3911264,888.5117935096039,8.22696105101485,0.1164590177988908,0.012422295231881686,0.0024115501191271237,0.0021434053156146183,0.1164590177988908,8.586711608085745,0.09325398782758366,10.723402004522205,storage,0.0,0.0,0.3982166434551274,zipf_mandelbrot_transferred (ASSUMPTION),8000000000.0,75000000000.0,0.000842
1xRTXPRO6000,minimax_m3,4,steady_state,128,1213.6296296296296,910,1593791965.216795,2002872909.3901591,1519.9584629219007,14.073689471499081,0.1992239956520994,0.026704972125202123,0.0024115501191271237,0.0021434053156146183,0.1992239956520994,5.019475674738894,0.15901773341585096,6.288606802015451,storage,0.2597829815148587,0.20424708040907247,0.3982166434551274,zipf_mandelbrot_transferred (ASSUMPTION),8000000000.0,75000000000.0,0.000842
1xRTXPRO6000,minimax_m3,4,finite_16tok,128,1213.6296296296296,910,931672142.3911264,931672142.3911264,888.5117935096039,8.22696105101485,0.1164590177988908,0.012422295231881686,0.0024115501191271237,0.0021434053156146183,0.1164590177988908,8.586711608085745,0.09325398782758366,10.723402004522205,storage,0.0,0.0,0.3982166434551274,zipf_mandelbrot_transferred (ASSUMPTION),8000000000.0,75000000000.0,0.000842
1xRTXPRO6000,minimax_m3,4,steady_state,256,2427.259259259259,910,1219494800.7901957,2002872909.3901591,1163.000870504566,10.76852657874598,0.15243685009877447,0.026704972125202123,0.0024115501191271237,0.0021434053156146183,0.15243685009877447,6.560093568923985,0.12587841329804447,7.944173856340903,storage,0.2597829815148587,0.3911272177716405,0.3982166434551274,zipf_mandelbrot_transferred (ASSUMPTION),8000000000.0,75000000000.0,0.000842
1xRTXPRO6000,minimax_m3,4,finite_16tok,256,2427.259259259259,910,931672142.3911264,931672142.3911264,888.5117935096039,8.22696105101485,0.1164590177988908,0.012422295231881686,0.0024115501191271237,0.0021434053156146183,0.1164590177988908,8.586711608085745,0.09325398782758366,10.723402004522205,storage,0.0,0.0,0.3982166434551274,zipf_mandelbrot_transferred (ASSUMPTION),8000000000.0,75000000000.0,0.000842
1xRTXPRO6000,minimax_m3,8,steady_state,2,18.962962962962962,910,3986912183.157608,3999522141.1531253,3802.2157508445816,35.20570139670909,0.498364022894701,0.05332696188204167,0.002398232751347197,0.0020162541528239205,0.498364022894701,2.0065653900769025,0.3840690446588462,2.6036985117825924,storage,0.2566558973621902,0.0031528661551258885,0.7918506652847416,zipf_mandelbrot_transferred (ASSUMPTION),8000000000.0,75000000000.0,0.000842
1xRTXPRO6000,minimax_m3,8,finite_16tok,2,18.962962962962962,910,931672142.3911264,931672142.3911264,888.5117935096039,8.22696105101485,0.1164590177988908,0.012422295231881686,0.002398232751347197,0.0020162541528239205,0.1164590177988908,8.586711608085745,0.09311351929701304,10.739579038036409,storage,0.0,0.0,0.7918506652847416,zipf_mandelbrot_transferred (ASSUMPTION),8000000000.0,75000000000.0,0.000842
1xRTXPRO6000,minimax_m3,8,steady_state,4,37.925925925925924,910,3973617633.8918386,3999522141.1531253,3789.5370806616197,35.0883063024224,0.4967022042364798,0.05332696188204167,0.002398232751347197,0.0020162541528239205,0.4967022042364798,2.013278764359782,0.3828919790387654,2.6117026596129254,storage,0.2566558973621902,0.006476900576382172,0.7918506652847416,zipf_mandelbrot_transferred (ASSUMPTION),8000000000.0,75000000000.0,0.000842
1xRTXPRO6000,minimax_m3,8,finite_16tok,4,37.925925925925924,910,931672142.3911264,931672142.3911264,888.5117935096039,8.22696105101485,0.1164590177988908,0.012422295231881686,0.002398232751347197,0.0020162541528239205,0.1164590177988908,8.586711608085745,0.09311351929701304,10.739579038036409,storage,0.0,0.0,0.7918506652847416,zipf_mandelbrot_transferred (ASSUMPTION),8000000000.0,75000000000.0,0.000842
1xRTXPRO6000,minimax_m3,8,steady_state,8,75.85185185185185,910,3947077996.841137,3999522141.1531253,3764.226910439622,34.85395287444094,0.4933847496051421,0.05332696188204167,0.002398232751347197,0.0020162541528239205,0.4933847496051421,2.0268157878821835,0.380542226992471,2.627829263268029,storage,0.2566558973621902,0.013112602571283438,0.7918506652847416,zipf_mandelbrot_transferred (ASSUMPTION),8000000000.0,75000000000.0,0.000842
1xRTXPRO6000,minimax_m3,8,finite_16tok,8,75.85185185185185,910,931672142.3911264,931672142.3911264,888.5117935096039,8.22696105101485,0.1164590177988908,0.012422295231881686,0.002398232751347197,0.0020162541528239205,0.1164590177988908,8.586711608085745,0.09311351929701304,10.739579038036409,storage,0.0,0.0,0.7918506652847416,zipf_mandelbrot_transferred (ASSUMPTION),8000000000.0,75000000000.0,0.000842
1xRTXPRO6000,minimax_m3,8,steady_state,16,151.7037037037037,910,3894195217.323207,3999522141.1531253,3713.7939618331975,34.38698112808516,0.48677440216540085,0.05332696188204167,0.002398232751347197,0.0020162541528239205,0.48677440216540085,2.0543397424998746,0.3758601200311511,2.6605642543750596,storage,0.2566558973621902,0.02633487704597426,0.7918506652847416,zipf_mandelbrot_transferred (ASSUMPTION),8000000000.0,75000000000.0,0.000842
1xRTXPRO6000,minimax_m3,8,finite_16tok,16,151.7037037037037,910,931672142.3911264,931672142.3911264,888.5117935096039,8.22696105101485,0.1164590177988908,0.012422295231881686,0.002398232751347197,0.0020162541528239205,0.1164590177988908,8.586711608085745,0.09311351929701304,10.739579038036409,storage,0.0,0.0,0.7918506652847416,zipf_mandelbrot_transferred (ASSUMPTION),8000000000.0,75000000000.0,0.000842
1xRTXPRO6000,minimax_m3,8,steady_state,32,303.4074074074074,910,3789220641.1680117,3999522141.1531253,3613.682404678356,33.46002226554033,0.4736525801460015,0.05332696188204167,0.002398232751347197,0.0020162541528239205,0.4736525801460015,2.11125209049163,0.36656593772344553,2.7280221566970764,storage,0.2566558973621902,0.05258165664873182,0.7918506652847416,zipf_mandelbrot_transferred (ASSUMPTION),8000000000.0,75000000000.0,0.000842
1xRTXPRO6000,minimax_m3,8,finite_16tok,32,303.4074074074074,910,931672142.3911264,931672142.3911264,888.5117935096039,8.22696105101485,0.1164590177988908,0.012422295231881686,0.002398232751347197,0.0020162541528239205,0.1164590177988908,8.586711608085745,0.09311351929701304,10.739579038036409,storage,0.0,0.0,0.7918506652847416,zipf_mandelbrot_transferred (ASSUMPTION),8000000000.0,75000000000.0,0.000842
1xRTXPRO6000,minimax_m3,8,steady_state,64,606.8148148148148,910,3583153192.4719453,3999522141.1531253,3417.1611714095548,31.640381216755138,0.44789414905899316,0.05332696188204167,0.002398232751347197,0.0020162541528239205,0.44789414905899316,2.2326703800461742,0.34832124928542296,2.870912992105674,storage,0.2566558973621902,0.10410467400516388,0.7918506652847416,zipf_mandelbrot_transferred (ASSUMPTION),8000000000.0,75000000000.0,0.000842
1xRTXPRO6000,minimax_m3,8,finite_16tok,64,606.8148148148148,910,931672142.3911264,931672142.3911264,888.5117935096039,8.22696105101485,0.1164590177988908,0.012422295231881686,0.002398232751347197,0.0020162541528239205,0.1164590177988908,8.586711608085745,0.09311351929701304,10.739579038036409,storage,0.0,0.0,0.7918506652847416,zipf_mandelbrot_transferred (ASSUMPTION),8000000000.0,75000000000.0,0.000842
1xRTXPRO6000,minimax_m3,8,steady_state,128,1213.6296296296296,910,3183224430.640389,3999522141.1531253,3035.7593828586473,28.108883174617105,0.39790305383004865,0.05332696188204167,0.002398232751347197,0.0020162541528239205,0.39790305383004865,2.5131749816303683,0.3129125726448791,3.195780826406386,storage,0.2566558973621902,0.2040988102337109,0.7918506652847416,zipf_mandelbrot_transferred (ASSUMPTION),8000000000.0,75000000000.0,0.000842
1xRTXPRO6000,minimax_m3,8,finite_16tok,128,1213.6296296296296,910,931672142.3911264,931672142.3911264,888.5117935096039,8.22696105101485,0.1164590177988908,0.012422295231881686,0.002398232751347197,0.0020162541528239205,0.1164590177988908,8.586711608085745,0.09311351929701304,10.739579038036409,storage,0.0,0.0,0.7918506652847416,zipf_mandelbrot_transferred (ASSUMPTION),8000000000.0,75000000000.0,0.000842
1xRTXPRO6000,minimax_m3,8,steady_state,256,2427.259259259259,910,2436108393.0407085,3999522141.1531253,2323.254006424626,21.51161117059839,0.3045135491300886,0.05332696188204167,0.002398232751347197,0.0020162541528239205,0.3045135491300886,3.283926126954695,0.2467648165615753,4.0524415673758325,storage,0.2566558973621902,0.3909001358001385,0.7918506652847416,zipf_mandelbrot_transferred (ASSUMPTION),8000000000.0,75000000000.0,0.000842
1xRTXPRO6000,minimax_m3,8,finite_16tok,256,2427.259259259259,910,931672142.3911264,931672142.3911264,888.5117935096039,8.22696105101485,0.1164590177988908,0.012422295231881686,0.002398232751347197,0.0020162541528239205,0.1164590177988908,8.586711608085745,0.09311351929701304,10.739579038036409,storage,0.0,0.0,0.7918506652847416,zipf_mandelbrot_transferred (ASSUMPTION),8000000000.0,75000000000.0,0.000842
1xRTXPRO6000,minimax_m3,16,steady_state,2,18.962962962962962,910,7949397395.43373,7974497838.484626,7581.136126931887,70.19570487899895,0.9936746744292163,0.10632663784646168,0.002373142651652485,0.0019526785714285716,0.9936746744292163,1.0063655899999837,0.7613085918231794,1.3135278003433577,storage,0.25076793589695184,0.003147589172293963,1.5664338892331287,zipf_mandelbrot_transferred (ASSUMPTION),8000000000.0,75000000000.0,0.000842
1xRTXPRO6000,minimax_m3,16,finite_16tok,2,18.962962962962962,910,931672142.3911264,931672142.3911264,888.5117935096039,8.22696105101485,0.1164590177988908,0.012422295231881686,0.002373142651652485,0.0019526785714285716,0.1164590177988908,8.586711608085745,0.09302485361592298,10.749815357181394,storage,0.0,0.0,1.5664338892331287,zipf_mandelbrot_transferred (ASSUMPTION),8000000000.0,75000000000.0,0.000842
1xRTXPRO6000,minimax_m3,16,steady_state,4,37.925925925925924,910,7922934046.053537,7974497838.484626,7555.898710301912,69.96202509538807,0.9903667557566922,0.10632663784646168,0.002373142651652485,0.0019526785714285716,0.9903667557566922,1.0097269462926868,0.7589655940934397,1.3175827834389098,storage,0.25076793589695184,0.006466086451518471,1.5664338892331287,zipf_mandelbrot_transferred (ASSUMPTION),8000000000.0,75000000000.0,0.000842
1xRTXPRO6000,minimax_m3,16,finite_16tok,4,37.925925925925924,910,931672142.3911264,931672142.3911264,888.5117935096039,8.22696105101485,0.1164590177988908,0.012422295231881686,0.002373142651652485,0.0019526785714285716,0.1164590177988908,8.586711608085745,0.09302485361592298,10.749815357181394,storage,0.0,0.0,1.5664338892331287,zipf_mandelbrot_transferred (ASSUMPTION),8000000000.0,75000000000.0,0.000842
1xRTXPRO6000,minimax_m3,16,steady_state,8,75.85185185185185,910,7870105260.612786,7974497838.484626,7505.517254460131,69.4955301338901,0.9837631575765983,0.10632663784646168,0.002373142651652485,0.0019526785714285716,0.9837631575765983,1.0165048287266618,0.7542882676305531,1.3257530879292363,storage,0.25076793589695184,0.013090802704597282,1.5664338892331287,zipf_mandelbrot_transferred (ASSUMPTION),8000000000.0,75000000000.0,0.000842
1xRTXPRO6000,minimax_m3,16,finite_16tok,8,75.85185185185185,910,931672142.3911264,931672142.3911264,888.5117935096039,8.22696105101485,0.1164590177988908,0.012422295231881686,0.002373142651652485,0.0019526785714285716,0.1164590177988908,8.586711608085745,0.09302485361592298,10.749815357181394,storage,0.0,0.0,1.5664338892331287,zipf_mandelbrot_transferred (ASSUMPTION),8000000000.0,75000000000.0,0.000842
1xRTXPRO6000,minimax_m3,16,steady_state,16,151.7037037037037,910,7764836466.719786,7974497838.484626,7405.125109405313,68.56597323523438,0.9706045583399732,0.10632663784646168,0.002373142651652485,0.0019526785714285716,0.9706045583399732,1.0302857032840458,0.7449680360317383,1.3423394718070782,storage,0.25076793589695184,0.026291482675313116,1.5664338892331287,zipf_mandelbrot_transferred (ASSUMPTION),8000000000.0,75000000000.0,0.000842
1xRTXPRO6000,minimax_m3,16,finite_16tok,16,151.7037037037037,910,931672142.3911264,931672142.3911264,888.5117935096039,8.22696105101485,0.1164590177988908,0.012422295231881686,0.002373142651652485,0.0019526785714285716,0.1164590177988908,8.586711608085745,0.09302485361592298,10.749815357181394,storage,0.0,0.0,1.5664338892331287,zipf_mandelbrot_transferred (ASSUMPTION),8000000000.0,75000000000.0,0.000842
1xRTXPRO6000,minimax_m3,16,steady_state,32,303.4074074074074,910,7555863157.044001,7974497838.484626,7205.832631153107,66.72067251067692,0.9444828946305001,0.10632663784646168,0.002373142651652485,0.0019526785714285716,0.9444828946305001,1.0587804243836723,0.7264660700442791,1.3765267797559335,storage,0.25076793589695184,0.05249668253972184,1.5664338892331287,zipf_mandelbrot_transferred (ASSUMPTION),8000000000.0,75000000000.0,0.000842
1xRTXPRO6000,minimax_m3,16,finite_16tok,32,303.4074074074074,910,931672142.3911264,931672142.3911264,888.5117935096039,8.22696105101485,0.1164590177988908,0.012422295231881686,0.002373142651652485,0.0019526785714285716,0.1164590177988908,8.586711608085745,0.09302485361592298,10.749815357181394,storage,0.0,0.0,1.5664338892331287,zipf_mandelbrot_transferred (ASSUMPTION),8000000000.0,75000000000.0,0.000842
1xRTXPRO6000,minimax_m3,16,steady_state,64,606.8148148148148,910,7145600473.668548,7974497838.484626,6814.575647038028,63.09792265775952,0.8932000592085685,0.10632663784646168,0.002373142651652485,0.0019526785714285716,0.8932000592085685,1.1195700108731106,0.6901424542413184,1.4489762133229604,storage,0.25076793589695184,0.10394351865215268,1.5664338892331287,zipf_mandelbrot_transferred (ASSUMPTION),8000000000.0,75000000000.0,0.000842
1xRTXPRO6000,minimax_m3,16,finite_16tok,64,606.8148148148148,910,931672142.3911264,931672142.3911264,888.5117935096039,8.22696105101485,0.1164590177988908,0.012422295231881686,0.002373142651652485,0.0019526785714285716,0.1164590177988908,8.586711608085745,0.09302485361592298,10.749815357181394,storage,0.0,0.0,1.5664338892331287,zipf_mandelbrot_transferred (ASSUMPTION),8000000000.0,75000000000.0,0.000842
1xRTXPRO6000,minimax_m3,16,steady_state,128,1213.6296296296296,910,6349215235.778774,7974497838.484626,6055.08349969747,56.06558796016176,0.7936519044723468,0.10632663784646168,0.002373142651652485,0.0019526785714285716,0.7936519044723468,1.2599982364621705,0.6196325283220154,1.613859754438702,storage,0.25076793589695184,0.20381002485978472,1.5664338892331287,zipf_mandelbrot_transferred (ASSUMPTION),8000000000.0,75000000000.0,0.000842
1xRTXPRO6000,minimax_m3,16,finite_16tok,128,1213.6296296296296,910,931672142.3911264,931672142.3911264,888.5117935096039,8.22696105101485,0.1164590177988908,0.012422295231881686,0.002373142651652485,0.0019526785714285716,0.1164590177988908,8.586711608085745,0.09302485361592298,10.749815357181394,storage,0.0,0.0,1.5664338892331287,zipf_mandelbrot_transferred (ASSUMPTION),8000000000.0,75000000000.0,0.000842
1xRTXPRO6000,minimax_m3,16,steady_state,256,2427.259259259259,910,4860799759.261758,7974497838.484626,4635.6198876016215,42.92240636668168,0.6075999699077197,0.10632663784646168,0.002373142651652485,0.0019526785714285716,0.6075999699077197,1.645819699681481,0.487852003026939,2.0498019764095967,storage,0.25076793589695184,0.39045694691849797,1.5664338892331287,zipf_mandelbrot_transferred (ASSUMPTION),8000000000.0,75000000000.0,0.000842
1xRTXPRO6000,minimax_m3,16,finite_16tok,256,2427.259259259259,910,931672142.3911264,931672142.3911264,888.5117935096039,8.22696105101485,0.1164590177988908,0.012422295231881686,0.002373142651652485,0.0019526785714285716,0.1164590177988908,8.586711608085745,0.09302485361592298,10.749815357181394,storage,0.0,0.0,1.5664338892331287,zipf_mandelbrot_transferred (ASSUMPTION),8000000000.0,75000000000.0,0.000842
CPU-only,minimax_m3,1,steady_state,2,18.962962962962962,0,673471434.2102379,679477247.9999992,642.2724096395854,5.9469667559220865,0.2244904780700793,0.0,990.0,0.25116279069767444,990.0,0.00101010101010101,990.4101693239704,0.001009682685995213,compute,0.0,0.008838874012984443,0.09999999999999988,zipf_mandelbrot_transferred (ASSUMPTION),3000000000.0,0.0,0.0
CPU-only,minimax_m3,1,finite_16tok,2,18.962962962962962,0,931672142.3911264,931672142.3911264,888.5117935096039,8.22696105101485,0.31055738079704215,0.0,990.0,0.25116279069767444,990.0,0.00101010101010101,990.471130483436,0.001009620542409866,compute,0.0,0.0,0.09999999999999988,zipf_mandelbrot_transferred (ASSUMPTION),3000000000.0,0.0,0.0
CPU-only,minimax_m3,1,steady_state,4,37.925925925925924,0,667377210.1761929,679477247.9999992,636.460504699891,5.893152821295287,0.22245907005873097,0.0,990.0,0.25116279069767444,990.0,0.00101010101010101,990.4087304783307,0.0010096841528416628,compute,0.0,0.017807863117451084,0.09999999999999988,zipf_mandelbrot_transferred (ASSUMPTION),3000000000.0,0.0,0.0
CPU-only,minimax_m3,1,finite_16tok,4,37.925925925925924,0,931672142.3911264,931672142.3911264,888.5117935096039,8.22696105101485,0.31055738079704215,0.0,990.0,0.25116279069767444,990.0,0.00101010101010101,990.471130483436,0.001009620542409866,compute,0.0,0.0,0.09999999999999988,zipf_mandelbrot_transferred (ASSUMPTION),3000000000.0,0.0,0.0
CPU-only,minimax_m3,1,steady_state,8,75.85185185185185,0,655872421.0888968,679477247.9999992,625.4886828316658,5.791561878070979,0.2186241403629656,0.0,990.0,0.25116279069767444,990.0,0.00101010101010101,990.406014198863,0.0010096869219931965,compute,0.0,0.03473968698816898,0.09999999999999988,zipf_mandelbrot_transferred (ASSUMPTION),3000000000.0,0.0,0.0
CPU-only,minimax_m3,1,finite_16tok,8,75.85185185185185,0,931672142.3911264,931672142.3911264,888.5117935096039,8.22696105101485,0.31055738079704215,0.0,990.0,0.25116279069767444,990.0,0.00101010101010101,990.471130483436,0.001009620542409866,compute,0.0,0.0,0.09999999999999988,zipf_mandelbrot_transferred (ASSUMPTION),3000000000.0,0.0,0.0
CPU-only,minimax_m3,1,steady_state,16,151.7037037037037,0,635161275.1728351,679477247.9999992,605.7369949081756,5.608675878779404,0.2117204250576117,0.0,990.0,0.25116279069767444,990.0,0.00101010101010101,990.401124299537,0.0010096919071121329,compute,0.0,0.0652206868700983,0.09999999999999988,zipf_mandelbrot_transferred (ASSUMPTION),3000000000.0,0.0,0.0
CPU-only,minimax_m3,1,finite_16tok,16,151.7037037037037,0,931672142.3911264,931672142.3911264,888.5117935096039,8.22696105101485,0.31055738079704215,0.0,990.0,0.25116279069767444,990.0,0.00101010101010101,990.471130483436,0.001009620542409866,compute,0.0,0.0,0.09999999999999988,zipf_mandelbrot_transferred (ASSUMPTION),3000000000.0,0.0,0.0
CPU-only,minimax_m3,1,steady_state,32,303.4074074074074,0,600339166.2626781,679477247.9999992,572.5280439974576,5.301185592569053,0.20011305542089272,0.0,990.0,0.25116279069767444,990.0,0.00101010101010101,990.3929028033639,0.0010097002888141088,compute,0.0,0.11646906790515688,0.09999999999999988,zipf_mandelbrot_transferred (ASSUMPTION),3000000000.0,0.0,0.0
CPU-only,minimax_m3,1,finite_16tok,32,303.4074074074074,0,931672142.3911264,931672142.3911264,888.5117935096039,8.22696105101485,0.31055738079704215,0.0,990.0,0.25116279069767444,990.0,0.00101010101010101,990.471130483436,0.001009620542409866,compute,0.0,0.0,0.09999999999999988,zipf_mandelbrot_transferred (ASSUMPTION),3000000000.0,0.0,0.0
CPU-only,minimax_m3,1,steady_state,64,606.8148148148148,0,545767186.0171672,679477247.9999992,520.4841480418846,4.819297667054487,0.18192239533905574,0.0,990.0,0.25116279069767444,990.0,0.00101010101010101,990.38001836469,0.0010097134246015932,compute,0.0,0.19678372215758455,0.09999999999999988,zipf_mandelbrot_transferred (ASSUMPTION),3000000000.0,0.0,0.0
CPU-only,minimax_m3,1,finite_16tok,64,606.8148148148148,0,931672142.3911264,931672142.3911264,888.5117935096039,8.22696105101485,0.31055738079704215,0.0,990.0,0.25116279069767444,990.0,0.00101010101010101,990.471130483436,0.001009620542409866,compute,0.0,0.0,0.09999999999999988,zipf_mandelbrot_transferred (ASSUMPTION),3000000000.0,0.0,0.0
CPU-only,minimax_m3,1,steady_state,128,1213.6296296296296,0,462703331.4458667,679477247.9999992,441.26828331553145,4.085817438106773,0.1542344438152889,0.0,990.0,0.25116279069767444,990.0,0.00101010101010101,990.3604069975485,0.0010097334192020818,compute,0.0,0.31903042698220374,0.09999999999999988,zipf_mandelbrot_transferred (ASSUMPTION),3000000000.0,0.0,0.0
CPU-only,minimax_m3,1,finite_16tok,128,1213.6296296296296,0,931672142.3911264,931672142.3911264,888.5117935096039,8.22696105101485,0.31055738079704215,0.0,990.0,0.25116279069767444,990.0,0.00101010101010101,990.471130483436,0.001009620542409866,compute,0.0,0.0,0.09999999999999988,zipf_mandelbrot_transferred (ASSUMPTION),3000000000.0,0.0,0.0
CPU-only,minimax_m3,1,steady_state,256,2427.259259259259,0,338187822.803274,679477247.9999992,322.5210407288303,2.986305932674355,0.11272927426775799,0.0,990.0,0.25116279069767444,990.0,0.00101010101010101,990.3310088993334,0.0010097633932632413,compute,0.0,0.5022823445542737,0.09999999999999988,zipf_mandelbrot_transferred (ASSUMPTION),3000000000.0,0.0,0.0
CPU-only,minimax_m3,1,finite_16tok,256,2427.259259259259,0,931672142.3911264,931672142.3911264,888.5117935096039,8.22696105101485,0.31055738079704215,0.0,990.0,0.25116279069767444,990.0,0.00101010101010101,990.471130483436,0.001009620542409866,compute,0.0,0.0,0.09999999999999988,zipf_mandelbrot_transferred (ASSUMPTION),3000000000.0,0.0,0.0
CPU-only,minimax_m3,4,steady_state,2,18.962962962962962,0,2682749528.015949,2705791490.026872,2558.4693222198,23.689530761294442,0.8942498426719829,0.0,247.5,0.1852325581395349,247.5,0.00404040404040404,248.3186294335234,0.004027084082580711,compute,0.0,0.008515793658104287,0.3982166434551274,zipf_mandelbrot_transferred (ASSUMPTION),3000000000.0,0.0,0.0
CPU-only,minimax_m3,4,finite_16tok,2,18.962962962962962,0,931672142.3911264,931672142.3911264,888.5117935096039,8.22696105101485,0.31055738079704215,0.0,247.5,0.1852325581395349,247.5,0.00404040404040404,247.90520025087795,0.004033800013021141,compute,0.0,0.0,0.3982166434551274,zipf_mandelbrot_transferred (ASSUMPTION),3000000000.0,0.0,0.0
CPU-only,minimax_m3,4,steady_state,4,37.925925925925924,0,2659289659.1624126,2705791490.026872,2536.0962478279234,23.482372665073363,0.8864298863874709,0.0,247.5,0.1852325581395349,247.5,0.00404040404040404,248.31309056100713,0.004027173910729904,compute,0.0,0.01718603633571103,0.3982166434551274,zipf_mandelbrot_transferred (ASSUMPTION),3000000000.0,0.0,0.0
CPU-only,minimax_m3,4,finite_16tok,4,37.925925925925924,0,931672142.3911264,931672142.3911264,888.5117935096039,8.22696105101485,0.31055738079704215,0.0,247.5,0.1852325581395349,247.5,0.00404040404040404,247.90520025087795,0.004033800013021141,compute,0.0,0.0,0.3982166434551274,zipf_mandelbrot_transferred (ASSUMPTION),3000000000.0,0.0,0.0
CPU-only,minimax_m3,4,steady_state,8,75.85185185185185,0,2614793872.5446534,2705791490.026872,2493.6617589422735,23.08946073094698,0.8715979575148844,0.0,247.5,0.1852325581395349,247.5,0.00404040404040404,248.3025851105664,0.004027344296696351,compute,0.0,0.033630683597617006,0.3982166434551274,zipf_mandelbrot_transferred (ASSUMPTION),3000000000.0,0.0,0.0
CPU-only,minimax_m3,4,finite_16tok,8,75.85185185185185,0,931672142.3911264,931672142.3911264,888.5117935096039,8.22696105101485,0.31055738079704215,0.0,247.5,0.1852325581395349,247.5,0.00404040404040404,247.90520025087795,0.004033800013021141,compute,0.0,0.0,0.3982166434551274,zipf_mandelbrot_transferred (ASSUMPTION),3000000000.0,0.0,0.0
CPU-only,minimax_m3,4,steady_state,16,151.7037037037037,0,2534063186.04549,2705791490.026872,2416.6709766821764,22.37658311742756,0.84468772868183,0.0,247.5,0.1852325581395349,247.5,0.00404040404040404,248.28352460415604,0.004027653472353118,compute,0.0,0.06346693919851032,0.3982166434551274,zipf_mandelbrot_transferred (ASSUMPTION),3000000000.0,0.0,0.0
CPU-only,minimax_m3,4,finite_16tok,16,151.7037037037037,0,931672142.3911264,931672142.3911264,888.5117935096039,8.22696105101485,0.31055738079704215,0.0,247.5,0.1852325581395349,247.5,0.00404040404040404,247.90520025087795,0.004033800013021141,compute,0.0,0.0,0.3982166434551274,zipf_mandelbrot_transferred (ASSUMPTION),3000000000.0,0.0,0.0
CPU-only,minimax_m3,4,steady_state,32,303.4074074074074,0,2396918744.8921294,2705791490.026872,2285.8798455163283,21.16555412515119,0.7989729149640432,0.0,247.5,0.1852325581395349,247.5,0.00404040404040404,248.25114481633176,0.00402817880553924,compute,0.0,0.11415245641550709,0.3982166434551274,zipf_mandelbrot_transferred (ASSUMPTION),3000000000.0,0.0,0.0
CPU-only,minimax_m3,4,finite_16tok,32,303.4074074074074,0,931672142.3911264,931672142.3911264,888.5117935096039,8.22696105101485,0.31055738079704215,0.0,247.5,0.1852325581395349,247.5,0.00404040404040404,247.90520025087795,0.004033800013021141,compute,0.0,0.0,0.3982166434551274,zipf_mandelbrot_transferred (ASSUMPTION),3000000000.0,0.0,0.0
CPU-only,minimax_m3,4,steady_state,64,606.8148148148148,0,2180121616.310341,2705791490.026872,2079.125992117253,19.25116659367827,0.7267072054367802,0.0,247.5,0.1852325581395349,247.5,0.00404040404040404,248.19995903756194,0.0040290095287592795,compute,0.0,0.19427582489414608,0.3982166434551274,zipf_mandelbrot_transferred (ASSUMPTION),3000000000.0,0.0,0.0
CPU-only,minimax_m3,4,finite_16tok,64,606.8148148148148,0,931672142.3911264,931672142.3911264,888.5117935096039,8.22696105101485,0.31055738079704215,0.0,247.5,0.1852325581395349,247.5,0.00404040404040404,247.90520025087795,0.004033800013021141,compute,0.0,0.0,0.3982166434551274,zipf_mandelbrot_transferred (ASSUMPTION),3000000000.0,0.0,0.0
CPU-only,minimax_m3,4,steady_state,128,1213.6296296296296,0,1848904763.2807252,2705791490.026872,1763.2529862220051,16.32641653909264,0.6163015877602418,0.0,247.5,0.1852325581395349,247.5,0.00404040404040404,248.12175877414094,0.004030279347287212,compute,0.0,0.3166861636990501,0.3982166434551274,zipf_mandelbrot_transferred (ASSUMPTION),3000000000.0,0.0,0.0
CPU-only,minimax_m3,4,finite_16tok,128,1213.6296296296296,0,931672142.3911264,931672142.3911264,888.5117935096039,8.22696105101485,0.31055738079704215,0.0,247.5,0.1852325581395349,247.5,0.00404040404040404,247.90520025087795,0.004033800013021141,compute,0.0,0.0,0.3982166434551274,zipf_mandelbrot_transferred (ASSUMPTION),3000000000.0,0.0,0.0
CPU-only,minimax_m3,4,steady_state,256,2427.259259259259,0,1351663930.0266895,2705791490.026872,1289.0471744791885,11.935621985918411,0.45055464334222983,0.0,247.5,0.1852325581395349,247.5,0.00404040404040404,248.00436026682323,0.004032187171726008,compute,0.0,0.5004552512605966,0.3982166434551274,zipf_mandelbrot_transferred (ASSUMPTION),3000000000.0,0.0,0.0
CPU-only,minimax_m3,4,finite_16tok,256,2427.259259259259,0,931672142.3911264,931672142.3911264,888.5117935096039,8.22696105101485,0.31055738079704215,0.0,247.5,0.1852325581395349,247.5,0.00404040404040404,247.90520025087795,0.004033800013021141,compute,0.0,0.0,0.3982166434551274,zipf_mandelbrot_transferred (ASSUMPTION),3000000000.0,0.0,0.0
CPU-only,minimax_m3,8,steady_state,2,18.962962962962962,0,5336697008.657549,5380445108.746453,5089.470871598767,47.12473029258118,1.7788990028858496,0.0,123.75,0.17424418604651165,123.75,0.00808080808080808,125.18423777652302,0.007988226135826977,compute,0.0,0.008130944411604113,0.7918506652847416,zipf_mandelbrot_transferred (ASSUMPTION),3000000000.0,0.0,0.0
CPU-only,minimax_m3,8,finite_16tok,2,18.962962962962962,0,931672142.3911264,931672142.3911264,888.5117935096039,8.22696105101485,0.31055738079704215,0.0,123.75,0.17424418604651165,123.75,0.00808080808080808,124.14421187878492,0.008055147999782748,compute,0.0,0.0,0.7918506652847416,zipf_mandelbrot_transferred (ASSUMPTION),3000000000.0,0.0,0.0
CPU-only,minimax_m3,8,steady_state,4,37.925925925925924,0,5291982802.680803,5380445108.746453,5046.828081780246,46.72988964611339,1.7639942675602678,0.0,123.75,0.17424418604651165,123.75,0.00808080808080808,125.1736807572951,0.007988899854586406,compute,0.0,0.016441447552702604,0.7918506652847416,zipf_mandelbrot_transferred (ASSUMPTION),3000000000.0,0.0,0.0
CPU-only,minimax_m3,8,finite_16tok,4,37.925925925925924,0,931672142.3911264,931672142.3911264,888.5117935096039,8.22696105101485,0.31055738079704215,0.0,123.75,0.17424418604651165,123.75,0.00808080808080808,124.14421187878492,0.008055147999782748,compute,0.0,0.0,0.7918506652847416,zipf_mandelbrot_transferred (ASSUMPTION),3000000000.0,0.0,0.0
CPU-only,minimax_m3,8,steady_state,8,75.85185185185185,0,5206708415.264652,5380445108.746453,4965.5040886541865,45.97688970976099,1.7355694717548842,0.0,123.75,0.17424418604651165,123.75,0.00808080808080808,125.15354748358632,0.007990185017577294,compute,0.0,0.03229039419050561,0.7918506652847416,zipf_mandelbrot_transferred (ASSUMPTION),3000000000.0,0.0,0.0
CPU-only,minimax_m3,8,finite_16tok,8,75.85185185185185,0,931672142.3911264,931672142.3911264,888.5117935096039,8.22696105101485,0.31055738079704215,0.0,123.75,0.17424418604651165,123.75,0.00808080808080808,124.14421187878492,0.008055147999782748,compute,0.0,0.0,0.7918506652847416,zipf_mandelbrot_transferred (ASSUMPTION),3000000000.0,0.0,0.0
CPU-only,minimax_m3,8,steady_state,16,151.7037037037037,0,5050559163.077951,5380445108.746453,4816.588557317687,44.59804219738599,1.6835197210259838,0.0,123.75,0.17424418604651165,123.75,0.00808080808080808,125.11668066191858,0.007992539401697597,compute,0.0,0.06131201768646233,0.7918506652847416,zipf_mandelbrot_transferred (ASSUMPTION),3000000000.0,0.0,0.0
CPU-only,minimax_m3,8,finite_16tok,16,151.7037037037037,0,931672142.3911264,931672142.3911264,888.5117935096039,8.22696105101485,0.31055738079704215,0.0,123.75,0.17424418604651165,123.75,0.00808080808080808,124.14421187878492,0.008055147999782748,compute,0.0,0.0,0.7918506652847416,zipf_mandelbrot_transferred (ASSUMPTION),3000000000.0,0.0,0.0
CPU-only,minimax_m3,8,steady_state,32,303.4074074074074,0,4781910930.027196,5380445108.746453,4560.385637309261,42.22579293804871,1.5939703100090654,0.0,123.75,0.17424418604651165,123.75,0.00808080808080808,125.05325284295347,0.007996593269395696,compute,0.0,0.11124250254802903,0.7918506652847416,zipf_mandelbrot_transferred (ASSUMPTION),3000000000.0,0.0,0.0
CPU-only,minimax_m3,8,finite_16tok,32,303.4074074074074,0,931672142.3911264,931672142.3911264,888.5117935096039,8.22696105101485,0.31055738079704215,0.0,123.75,0.17424418604651165,123.75,0.00808080808080808,124.14421187878492,0.008055147999782748,compute,0.0,0.0,0.7918506652847416,zipf_mandelbrot_transferred (ASSUMPTION),3000000000.0,0.0,0.0
CPU-only,minimax_m3,8,steady_state,64,606.8148148148148,0,4352419950.018781,5380445108.746453,4150.7911205470855,38.43325111617672,1.4508066500062602,0.0,123.75,0.17424418604651165,123.75,0.00808080808080808,124.95185006870936,0.008003082783088953,compute,0.0,0.19106693553225074,0.7918506652847416,zipf_mandelbrot_transferred (ASSUMPTION),3000000000.0,0.0,0.0
CPU-only,minimax_m3,8,finite_16tok,64,606.8148148148148,0,931672142.3911264,931672142.3911264,888.5117935096039,8.22696105101485,0.31055738079704215,0.0,123.75,0.17424418604651165,123.75,0.00808080808080808,124.14421187878492,0.008055147999782748,compute,0.0,0.0,0.7918506652847416,zipf_mandelbrot_transferred (ASSUMPTION),3000000000.0,0.0,0.0
CPU-only,minimax_m3,8,steady_state,128,1213.6296296296296,0,3692667533.6289864,5380445108.746453,3521.6021858491767,32.60742764675164,1.230889177876329,0.0,123.75,0.17424418604651165,123.75,0.00808080808080808,124.79608259407028,0.00801307203890962,compute,0.0,0.3136873513259739,0.7918506652847416,zipf_mandelbrot_transferred (ASSUMPTION),3000000000.0,0.0,0.0
CPU-only,minimax_m3,8,finite_16tok,128,1213.6296296296296,0,931672142.3911264,931672142.3911264,888.5117935096039,8.22696105101485,0.31055738079704215,0.0,123.75,0.17424418604651165,123.75,0.00808080808080808,124.14421187878492,0.008055147999782748,compute,0.0,0.0,0.7918506652847416,zipf_mandelbrot_transferred (ASSUMPTION),3000000000.0,0.0,0.0
CPU-only,minimax_m3,8,steady_state,256,2427.259259259259,0,2700674503.4049025,5380445108.746453,2575.563910870459,23.847813989541287,0.9002248344683008,0.0,123.75,0.17424418604651165,123.75,0.00808080808080808,124.56187314619417,0.008028138745363381,compute,0.0,0.4980574192617103,0.7918506652847416,zipf_mandelbrot_transferred (ASSUMPTION),3000000000.0,0.0,0.0
CPU-only,minimax_m3,8,finite_16tok,256,2427.259259259259,0,931672142.3911264,931672142.3911264,888.5117935096039,8.22696105101485,0.31055738079704215,0.0,123.75,0.17424418604651165,123.75,0.00808080808080808,124.14421187878492,0.008055147999782748,compute,0.0,0.0,0.7918506652847416,zipf_mandelbrot_transferred (ASSUMPTION),3000000000.0,0.0,0.0
CPU-only,minimax_m3,16,steady_state,2,18.962962962962962,0,10563847261.785494,10643561882.30063,10074.469816003317,93.28212792595664,3.5212824205951647,0.0,61.875,0.16875,61.875,0.01616161616161616,64.53787320373999,0.015494777722889846,compute,0.0,0.007489468412608669,1.5664338892331287,zipf_mandelbrot_transferred (ASSUMPTION),3000000000.0,0.0,0.0
CPU-only,minimax_m3,16,finite_16tok,2,18.962962962962962,0,931672142.3911264,931672142.3911264,888.5117935096039,8.22696105101485,0.31055738079704215,0.0,61.875,0.16875,61.875,0.01616161616161616,62.2637176927384,0.016060717815387152,compute,0.0,0.0,1.5664338892331287,zipf_mandelbrot_transferred (ASSUMPTION),3000000000.0,0.0,0.0
CPU-only,minimax_m3,16,steady_state,4,37.925925925925924,0,10481871905.321203,10643561882.30063,9996.292023965076,92.5582594811581,3.4939573017737344,0.0,61.875,0.16875,61.875,0.01616161616161616,64.51851883088456,0.015499425872146758,compute,0.0,0.015191340903302875,1.5664338892331287,zipf_mandelbrot_transferred (ASSUMPTION),3000000000.0,0.0,0.0
CPU-only,minimax_m3,16,finite_16tok,4,37.925925925925924,0,931672142.3911264,931672142.3911264,888.5117935096039,8.22696105101485,0.31055738079704215,0.0,61.875,0.16875,61.875,0.01616161616161616,62.2637176927384,0.016060717815387152,compute,0.0,0.0,1.5664338892331287,zipf_mandelbrot_transferred (ASSUMPTION),3000000000.0,0.0,0.0
CPU-only,minimax_m3,16,steady_state,8,75.85185185185185,0,10324167371.7959,10643561882.30063,9845.893260761166,91.16567834038116,3.441389123931967,0.0,61.875,0.16875,61.875,0.01616161616161616,64.48128480745984,0.015508375848682065,compute,0.0,0.03000823540433939,1.5664338892331287,zipf_mandelbrot_transferred (ASSUMPTION),3000000000.0,0.0,0.0
CPU-only,minimax_m3,16,finite_16tok,8,75.85185185185185,0,931672142.3911264,931672142.3911264,888.5117935096039,8.22696105101485,0.31055738079704215,0.0,61.875,0.16875,61.875,0.01616161616161616,62.2637176927384,0.016060717815387152,compute,0.0,0.0,1.5664338892331287,zipf_mandelbrot_transferred (ASSUMPTION),3000000000.0,0.0,0.0
CPU-only,minimax_m3,16,steady_state,16,151.7037037037037,0,10030991095.45853,10643561882.30063,9566.298575838595,88.57683866517218,3.3436636984861767,0.0,61.875,0.16875,61.875,0.01616161616161616,64.41206592010955,0.015525041554175618,compute,0.0,0.057553175677096946,1.5664338892331287,zipf_mandelbrot_transferred (ASSUMPTION),3000000000.0,0.0,0.0
CPU-only,minimax_m3,16,finite_16tok,16,151.7037037037037,0,931672142.3911264,931672142.3911264,888.5117935096039,8.22696105101485,0.31055738079704215,0.0,61.875,0.16875,61.875,0.01616161616161616,62.2637176927384,0.016060717815387152,compute,0.0,0.0,1.5664338892331287,zipf_mandelbrot_transferred (ASSUMPTION),3000000000.0,0.0,0.0
CPU-only,minimax_m3,16,steady_state,32,303.4074074074074,0,9515539529.601954,10643561882.30063,9074.725656129793,84.02523755675733,3.1718465098673176,0.0,61.875,0.16875,61.875,0.01616161616161616,64.29036786078058,0.015554429586800292,compute,0.0,0.10598165963355621,1.5664338892331287,zipf_mandelbrot_transferred (ASSUMPTION),3000000000.0,0.0,0.0
CPU-only,minimax_m3,16,finite_16tok,32,303.4074074074074,0,931672142.3911264,931672142.3911264,888.5117935096039,8.22696105101485,0.31055738079704215,0.0,61.875,0.16875,61.875,0.01616161616161616,62.2637176927384,0.016060717815387152,compute,0.0,0.0,1.5664338892331287,zipf_mandelbrot_transferred (ASSUMPTION),3000000000.0,0.0,0.0
CPU-only,minimax_m3,16,steady_state,64,606.8148148148148,0,8673322470.859812,10643561882.30063,8271.524878368198,76.58819331822406,2.891107490286604,0.0,61.875,0.16875,61.875,0.01616161616161616,64.09152050368245,0.015602688033318603,compute,0.0,0.18511090866274438,1.5664338892331287,zipf_mandelbrot_transferred (ASSUMPTION),3000000000.0,0.0,0.0
CPU-only,minimax_m3,16,finite_16tok,64,606.8148148148148,0,931672142.3911264,931672142.3911264,888.5117935096039,8.22696105101485,0.31055738079704215,0.0,61.875,0.16875,61.875,0.01616161616161616,62.2637176927384,0.016060717815387152,compute,0.0,0.0,1.5664338892331287,zipf_mandelbrot_transferred (ASSUMPTION),3000000000.0,0.0,0.0
CPU-only,minimax_m3,16,steady_state,128,1213.6296296296296,0,7365190882.594458,10643561882.30063,7023.9933801598145,65.0369757422205,2.455063627531486,0.0,61.875,0.16875,61.875,0.01616161616161616,63.78267077621238,0.01567823968219512,compute,0.0,0.3080144631993764,1.5664338892331287,zipf_mandelbrot_transferred (ASSUMPTION),3000000000.0,0.0,0.0
CPU-only,minimax_m3,16,finite_16tok,128,1213.6296296296296,0,931672142.3911264,931672142.3911264,888.5117935096039,8.22696105101485,0.31055738079704215,0.0,61.875,0.16875,61.875,0.01616161616161616,62.2637176927384,0.016060717815387152,compute,0.0,0.0,1.5664338892331287,zipf_mandelbrot_transferred (ASSUMPTION),3000000000.0,0.0,0.0
CPU-only,minimax_m3,16,steady_state,256,2427.259259259259,0,5389417749.090539,10643561882.30063,5139.74928769163,47.590271182329914,1.7964725830301798,0.0,61.875,0.16875,61.875,0.01616161616161616,63.31619095162949,0.015793748565259582,compute,0.0,0.4936452844744861,1.5664338892331287,zipf_mandelbrot_transferred (ASSUMPTION),3000000000.0,0.0,0.0
CPU-only,minimax_m3,16,finite_16tok,256,2427.259259259259,0,931672142.3911264,931672142.3911264,888.5117935096039,8.22696105101485,0.31055738079704215,0.0,61.875,0.16875,61.875,0.01616161616161616,62.2637176927384,0.016060717815387152,compute,0.0,0.0,1.5664338892331287,zipf_mandelbrot_transferred (ASSUMPTION),3000000000.0,0.0,0.0
