layer,lag_tokens,n_pairs,n_ref_experts,n_overlap,p_self,irm_baseline,lift_vs_irm,trace
0,1,15,123,2,0.016260162601626018,0.011958415960579291,1.3597254565510482,sealed_dsv4
0,2,14,117,3,0.02564102564102564,0.011958415960579291,2.144182450715114,sealed_dsv4
0,3,13,111,7,0.06306306306306306,0.011958415960579291,5.273529811218253,sealed_dsv4
0,4,12,105,4,0.0380952380952381,0.011958415960579291,3.1856424982053126,sealed_dsv4
0,5,11,99,4,0.04040404040404041,0.011958415960579291,3.378711740520786,sealed_dsv4
0,6,10,93,0,0.0,0.011958415960579291,0.0,sealed_dsv4
0,7,9,87,2,0.022988505747126436,0.011958415960579291,1.9223704730549298,sealed_dsv4
0,8,8,81,2,0.024691358024691357,0.011958415960579291,2.0647682858738134,sealed_dsv4
0,9,7,75,2,0.02666666666666667,0.011958415960579291,2.229949748743719,sealed_dsv4
0,10,6,69,5,0.07246376811594203,0.011958415960579291,6.059646056368801,sealed_dsv4
0,11,5,63,0,0.0,0.011958415960579291,0.0,sealed_dsv4
0,12,4,57,2,0.03508771929824561,0.011958415960579291,2.934144406241735,sealed_dsv4
1,1,15,125,8,0.064,0.012878037410407318,4.969701357466064,sealed_dsv4
1,2,14,119,5,0.04201680672268908,0.012878037410407318,3.262671584470893,sealed_dsv4
1,3,13,113,12,0.10619469026548672,0.012878037410407318,8.246185880751211,sealed_dsv4
1,4,12,107,5,0.04672897196261682,0.012878037410407318,3.6285786780564133,sealed_dsv4
1,5,11,101,1,0.009900990099009901,0.012878037410407318,0.7688275614891806,sealed_dsv4
1,6,10,95,0,0.0,0.012878037410407318,0.0,sealed_dsv4
1,7,9,89,3,0.033707865168539325,0.012878037410407318,2.617469113833952,sealed_dsv4
1,8,8,83,3,0.03614457831325301,0.012878037410407318,2.8066837485689367,sealed_dsv4
1,9,7,77,0,0.0,0.012878037410407318,0.0,sealed_dsv4
1,10,6,71,2,0.028169014084507043,0.012878037410407318,2.1873685552227395,sealed_dsv4
1,11,5,65,3,0.046153846153846156,0.012878037410407318,3.5839192481726423,sealed_dsv4
1,12,4,59,1,0.01694915254237288,0.012878037410407318,1.3161285374645295,sealed_dsv4
2,1,15,120,1,0.008333333333333333,0.011589821113630636,0.7190217391304349,sealed_dsv4
2,2,14,114,2,0.017543859649122806,0.011589821113630636,1.5137299771167048,sealed_dsv4
2,3,13,108,8,0.07407407407407407,0.011589821113630636,6.391304347826087,sealed_dsv4
2,4,12,102,3,0.029411764705882353,0.011589821113630636,2.5377237851662406,sealed_dsv4
2,5,11,96,2,0.020833333333333332,0.011589821113630636,1.7975543478260871,sealed_dsv4
2,6,10,90,1,0.011111111111111112,0.011589821113630636,0.9586956521739132,sealed_dsv4
2,7,9,84,1,0.011904761904761904,0.011589821113630636,1.0271739130434783,sealed_dsv4
2,8,8,78,3,0.038461538461538464,0.011589821113630636,3.3185618729096995,sealed_dsv4
2,9,7,72,1,0.013888888888888888,0.011589821113630636,1.1983695652173914,sealed_dsv4
2,10,6,66,2,0.030303030303030304,0.011589821113630636,2.614624505928854,sealed_dsv4
2,11,5,60,1,0.016666666666666666,0.011589821113630636,1.4380434782608698,sealed_dsv4
2,12,4,54,2,0.037037037037037035,0.011589821113630636,3.1956521739130435,sealed_dsv4
3,1,15,113,32,0.2831858407079646,0.03128310147588447,9.052358217303581,sealed_dsv4
3,2,14,107,16,0.14953271028037382,0.03128310147588447,4.779983544650956,sealed_dsv4
3,3,13,101,25,0.24752475247524752,0.03128310147588447,7.912410879914177,sealed_dsv4
3,4,12,95,14,0.14736842105263157,0.03128310147588447,4.7107995722941665,sealed_dsv4
3,5,11,89,11,0.12359550561797752,0.03128310147588447,3.9508712303751237,sealed_dsv4
3,6,10,83,10,0.12048192771084337,0.03128310147588447,3.851342163235334,sealed_dsv4
3,7,9,77,9,0.11688311688311688,0.03128310147588447,3.736302072645188,sealed_dsv4
3,8,8,71,9,0.1267605633802817,0.03128310147588447,4.052045909770134,sealed_dsv4
3,9,7,65,6,0.09230769230769231,0.03128310147588447,2.9507206112172253,sealed_dsv4
3,10,6,59,9,0.15254237288135594,0.03128310147588447,4.876190840570839,sealed_dsv4
3,11,5,53,9,0.16981132075471697,0.03128310147588447,5.428212445163763,sealed_dsv4
3,12,4,47,3,0.06382978723404255,0.03128310147588447,2.040391912011911,sealed_dsv4
4,1,15,109,30,0.27522935779816515,0.0389413988657845,7.067783023069386,sealed_dsv4
4,2,14,103,21,0.20388349514563106,0.0389413988657845,5.2356489772834385,sealed_dsv4
4,3,13,97,29,0.29896907216494845,0.0389413988657845,7.677409668701831,sealed_dsv4
4,4,12,91,19,0.2087912087912088,0.0389413988657845,5.361677157793663,sealed_dsv4
4,5,11,85,16,0.18823529411764706,0.0389413988657845,4.833809251856082,sealed_dsv4
4,6,10,79,16,0.20253164556962025,0.0389413988657845,5.200934005161607,sealed_dsv4
4,7,9,73,11,0.1506849315068493,0.0389413988657845,3.869530522675887,sealed_dsv4
4,8,8,67,14,0.208955223880597,0.0389413988657845,5.365889001593971,sealed_dsv4
4,9,7,61,11,0.18032786885245902,0.0389413988657845,4.630749641890817,sealed_dsv4
4,10,6,55,8,0.14545454545454545,0.0389413988657845,3.7352162400706086,sealed_dsv4
4,11,5,49,9,0.1836734693877551,0.0389413988657845,4.716663364374876,sealed_dsv4
4,12,4,43,4,0.09302325581395349,0.0389413988657845,2.388801083766087,sealed_dsv4
5,1,15,112,33,0.29464285714285715,0.039500143636885955,7.459285714285714,sealed_dsv4
5,2,14,106,24,0.22641509433962265,0.039500143636885955,5.732006861063464,sealed_dsv4
5,3,13,100,31,0.31,0.039500143636885955,7.848072727272727,sealed_dsv4
5,4,12,94,23,0.24468085106382978,0.039500143636885955,6.194429400386847,sealed_dsv4
5,5,11,88,23,0.26136363636363635,0.039500143636885955,6.616776859504132,sealed_dsv4
5,6,10,82,17,0.2073170731707317,0.039500143636885955,5.248514412416851,sealed_dsv4
5,7,9,76,13,0.17105263157894737,0.039500143636885955,4.330430622009569,sealed_dsv4
5,8,8,70,14,0.2,0.039500143636885955,5.063272727272727,sealed_dsv4
5,9,7,64,10,0.15625,0.039500143636885955,3.955681818181818,sealed_dsv4
5,10,6,58,9,0.15517241379310345,0.039500143636885955,3.928401253918495,sealed_dsv4
5,11,5,52,7,0.1346153846153846,0.039500143636885955,3.4079720279720274,sealed_dsv4
5,12,4,46,4,0.08695652173913043,0.039500143636885955,2.2014229249011854,sealed_dsv4
6,1,15,111,30,0.2702702702702703,0.04317335086565856,6.260117986006311,sealed_dsv4
6,2,14,105,17,0.1619047619047619,0.04317335086565856,3.7501087744742567,sealed_dsv4
6,3,13,99,30,0.30303030303030304,0.04317335086565856,7.0189201661282885,sealed_dsv4
6,4,12,93,24,0.25806451612903225,0.04317335086565856,5.977402980186671,sealed_dsv4
6,5,11,87,16,0.1839080459770115,0.04317335086565856,4.259758445650271,sealed_dsv4
6,6,10,81,19,0.2345679012345679,0.04317335086565856,5.4331641285956005,sealed_dsv4
6,7,9,75,16,0.21333333333333335,0.04317335086565856,4.941319796954315,sealed_dsv4
6,8,8,69,14,0.2028985507246377,0.04317335086565856,4.699624806885898,sealed_dsv4
6,9,7,63,15,0.23809523809523808,0.04317335086565856,5.514865844815083,sealed_dsv4
6,10,6,57,15,0.2631578947368421,0.04317335086565856,6.095378039006144,sealed_dsv4
6,11,5,51,14,0.27450980392156865,0.04317335086565856,6.358315915198567,sealed_dsv4
6,12,4,45,6,0.13333333333333333,0.04317335086565856,3.0883248730964468,sealed_dsv4
7,1,15,115,37,0.3217391304347826,0.046786421692507345,6.876762932402411,sealed_dsv4
7,2,14,109,26,0.23853211009174313,0.046786421692507345,5.098319158909797,sealed_dsv4
7,3,13,103,35,0.33980582524271846,0.046786421692507345,7.262915456027213,sealed_dsv4
7,4,12,97,27,0.27835051546391754,0.046786421692507345,5.949386710813455,sealed_dsv4
7,5,11,91,26,0.2857142857142857,0.046786421692507345,6.106777893639207,sealed_dsv4
7,6,10,85,26,0.3058823529411765,0.046786421692507345,6.537844568484328,sealed_dsv4
7,7,9,79,20,0.25316455696202533,0.046786421692507345,5.41106901968031,sealed_dsv4
7,8,8,73,20,0.273972602739726,0.046786421692507345,5.855814418558143,sealed_dsv4
7,9,7,67,19,0.2835820895522388,0.046786421692507345,6.0612049242836905,sealed_dsv4
7,10,6,61,14,0.22950819672131148,0.046786421692507345,4.905444537513461,sealed_dsv4
7,11,5,55,12,0.21818181818181817,0.046786421692507345,4.663357664233576,sealed_dsv4
7,12,4,49,7,0.14285714285714285,0.046786421692507345,3.0533889468196036,sealed_dsv4
8,1,15,111,35,0.3153153153153153,0.04974797282489591,6.3382545541135835,sealed_dsv4
8,2,14,105,24,0.22857142857142856,0.04974797282489591,4.594587791063561,sealed_dsv4
8,3,13,99,31,0.31313131313131315,0.04974797282489591,6.294353223868642,sealed_dsv4
8,4,12,93,29,0.3118279569892473,0.04974797282489591,6.268154042916015,sealed_dsv4
8,5,11,87,29,0.3333333333333333,0.04974797282489591,6.70044052863436,sealed_dsv4
8,6,10,81,21,0.25925925925925924,0.04974797282489591,5.211453744493391,sealed_dsv4
8,7,9,75,15,0.2,0.04974797282489591,4.020264317180616,sealed_dsv4
8,8,8,69,22,0.3188405797101449,0.04974797282489591,6.409117027389388,sealed_dsv4
8,9,7,63,20,0.31746031746031744,0.04974797282489591,6.381371932032724,sealed_dsv4
8,10,6,57,15,0.2631578947368421,0.04974797282489591,5.289821469974495,sealed_dsv4
8,11,5,51,15,0.29411764705882354,0.04974797282489591,5.912153407618553,sealed_dsv4
8,12,4,45,6,0.13333333333333333,0.04974797282489591,2.680176211453744,sealed_dsv4
9,1,15,114,26,0.22807017543859648,0.034027777777777775,6.702470461868958,sealed_dsv4
9,2,14,108,22,0.2037037037037037,0.034027777777777775,5.98639455782313,sealed_dsv4
9,3,13,102,24,0.23529411764705882,0.034027777777777775,6.914765906362546,sealed_dsv4
9,4,12,96,15,0.15625,0.034027777777777775,4.591836734693878,sealed_dsv4
9,5,11,90,12,0.13333333333333333,0.034027777777777775,3.918367346938776,sealed_dsv4
9,6,10,84,12,0.14285714285714285,0.034027777777777775,4.198250728862974,sealed_dsv4
9,7,9,78,13,0.16666666666666666,0.034027777777777775,4.8979591836734695,sealed_dsv4
9,8,8,72,14,0.19444444444444445,0.034027777777777775,5.714285714285715,sealed_dsv4
9,9,7,66,15,0.22727272727272727,0.034027777777777775,6.679035250463822,sealed_dsv4
9,10,6,60,9,0.15,0.034027777777777775,4.408163265306123,sealed_dsv4
9,11,5,54,7,0.12962962962962962,0.034027777777777775,3.8095238095238098,sealed_dsv4
9,12,4,48,6,0.125,0.034027777777777775,3.6734693877551026,sealed_dsv4
10,1,15,109,26,0.23853211009174313,0.030926275992438565,7.712927031695116,sealed_dsv4
10,2,14,103,15,0.14563106796116504,0.030926275992438565,4.708975241531559,sealed_dsv4
10,3,13,97,21,0.21649484536082475,0.030926275992438565,7.0003528848335135,sealed_dsv4
10,4,12,91,17,0.18681318681318682,0.030926275992438565,6.040597544265026,sealed_dsv4
10,5,11,85,10,0.11764705882352941,0.030926275992438565,3.804113332374514,sealed_dsv4
10,6,10,79,13,0.16455696202531644,0.030926275992438565,5.320943331992201,sealed_dsv4
10,7,9,73,10,0.136986301369863,0.030926275992438565,4.4294470308470375,sealed_dsv4
10,8,8,67,10,0.14925373134328357,0.030926275992438565,4.8261139291318464,sealed_dsv4
10,9,7,61,9,0.14754098360655737,0.030926275992438565,4.770732293879514,sealed_dsv4
10,10,6,55,5,0.09090909090909091,0.030926275992438565,2.9395421204712155,sealed_dsv4
10,11,5,49,3,0.061224489795918366,0.030926275992438565,1.979691632154084,sealed_dsv4
10,12,4,43,3,0.06976744186046512,0.030926275992438565,2.2559276738500027,sealed_dsv4
11,1,15,112,30,0.26785714285714285,0.039500143636885955,6.781168831168831,sealed_dsv4
11,2,14,106,25,0.2358490566037736,0.039500143636885955,5.970840480274442,sealed_dsv4
11,3,13,100,20,0.2,0.039500143636885955,5.063272727272727,sealed_dsv4
11,4,12,94,18,0.19148936170212766,0.039500143636885955,4.847814313346228,sealed_dsv4
11,5,11,88,20,0.22727272727272727,0.039500143636885955,5.753719008264462,sealed_dsv4
11,6,10,82,12,0.14634146341463414,0.039500143636885955,3.7048337028824827,sealed_dsv4
11,7,9,76,14,0.18421052631578946,0.039500143636885955,4.6635406698564585,sealed_dsv4
11,8,8,70,16,0.22857142857142856,0.039500143636885955,5.786597402597402,sealed_dsv4
11,9,7,64,18,0.28125,0.039500143636885955,7.120227272727273,sealed_dsv4
11,10,6,58,11,0.1896551724137931,0.039500143636885955,4.801379310344827,sealed_dsv4
11,11,5,52,8,0.15384615384615385,0.039500143636885955,3.8948251748251748,sealed_dsv4
11,12,4,46,6,0.13043478260869565,0.039500143636885955,3.3021343873517783,sealed_dsv4
12,1,15,113,25,0.22123893805309736,0.036367488171739286,6.083426411203711,sealed_dsv4
12,2,14,107,23,0.21495327102803738,0.036367488171739286,5.910588875782596,sealed_dsv4
12,3,13,101,24,0.2376237623762376,0.036367488171739286,6.533961357300778,sealed_dsv4
12,4,12,95,16,0.16842105263157894,0.036367488171739286,4.631088400613183,sealed_dsv4
12,5,11,89,18,0.20224719101123595,0.036367488171739286,5.561208683320606,sealed_dsv4
12,6,10,83,15,0.18072289156626506,0.036367488171739286,4.969353140718212,sealed_dsv4
12,7,9,77,11,0.14285714285714285,0.036367488171739286,3.9281553398058247,sealed_dsv4
12,8,8,71,13,0.18309859154929578,0.036367488171739286,5.034677970737044,sealed_dsv4
12,9,7,65,12,0.18461538461538463,0.036367488171739286,5.076385362210605,sealed_dsv4
12,10,6,59,9,0.15254237288135594,0.036367488171739286,4.194470956063848,sealed_dsv4
12,11,5,53,9,0.16981132075471697,0.036367488171739286,4.669316724674848,sealed_dsv4
12,12,4,47,5,0.10638297872340426,0.036367488171739286,2.9252220615575295,sealed_dsv4
13,1,15,110,27,0.24545454545454545,0.03745541022592152,6.5532467532467535,sealed_dsv4
13,2,14,104,22,0.21153846153846154,0.03745541022592152,5.647741147741148,sealed_dsv4
13,3,13,98,22,0.22448979591836735,0.03745541022592152,5.993521218011014,sealed_dsv4
13,4,12,92,16,0.17391304347826086,0.03745541022592152,4.6432022084196,sealed_dsv4
13,5,11,86,14,0.16279069767441862,0.03745541022592152,4.3462532299741605,sealed_dsv4
13,6,10,80,15,0.1875,0.03745541022592152,5.005952380952381,sealed_dsv4
13,7,9,74,12,0.16216216216216217,0.03745541022592152,4.32947232947233,sealed_dsv4
13,8,8,68,14,0.20588235294117646,0.03745541022592152,5.496732026143791,sealed_dsv4
13,9,7,62,16,0.25806451612903225,0.03745541022592152,6.889912954429084,sealed_dsv4
13,10,6,56,10,0.17857142857142858,0.03745541022592152,4.767573696145125,sealed_dsv4
13,11,5,50,10,0.2,0.03745541022592152,5.33968253968254,sealed_dsv4
13,12,4,44,5,0.11363636363636363,0.03745541022592152,3.033910533910534,sealed_dsv4
14,1,15,108,26,0.24074074074074073,0.0404739919975377,5.948035487959443,sealed_dsv4
14,2,14,102,20,0.19607843137254902,0.0404739919975377,4.844553791098189,sealed_dsv4
14,3,13,96,27,0.28125,0.0404739919975377,6.948906844106465,sealed_dsv4
14,4,12,90,22,0.24444444444444444,0.0404739919975377,6.039543726235742,sealed_dsv4
14,5,11,84,21,0.25,0.0404739919975377,6.176806083650191,sealed_dsv4
14,6,10,78,14,0.1794871794871795,0.0404739919975377,4.434630008774496,sealed_dsv4
14,7,9,72,12,0.16666666666666666,0.0404739919975377,4.1178707224334605,sealed_dsv4
14,8,8,66,14,0.21212121212121213,0.0404739919975377,5.240926374006222,sealed_dsv4
14,9,7,60,19,0.31666666666666665,0.0404739919975377,7.823954372623574,sealed_dsv4
14,10,6,54,9,0.16666666666666666,0.0404739919975377,4.1178707224334605,sealed_dsv4
14,11,5,48,8,0.16666666666666666,0.0404739919975377,4.1178707224334605,sealed_dsv4
14,12,4,42,2,0.047619047619047616,0.0404739919975377,1.1765344921238459,sealed_dsv4
15,1,15,114,20,0.17543859649122806,0.03222222222222222,5.44464609800363,sealed_dsv4
15,2,14,108,16,0.14814814814814814,0.03222222222222222,4.597701149425287,sealed_dsv4
15,3,13,102,22,0.21568627450980393,0.03222222222222222,6.69371196754564,sealed_dsv4
15,4,12,96,14,0.14583333333333334,0.03222222222222222,4.525862068965518,sealed_dsv4
15,5,11,90,15,0.16666666666666666,0.03222222222222222,5.172413793103448,sealed_dsv4
15,6,10,84,15,0.17857142857142858,0.03222222222222222,5.541871921182266,sealed_dsv4
15,7,9,78,11,0.14102564102564102,0.03222222222222222,4.376657824933687,sealed_dsv4
15,8,8,72,12,0.16666666666666666,0.03222222222222222,5.172413793103448,sealed_dsv4
15,9,7,66,14,0.21212121212121213,0.03222222222222222,6.58307210031348,sealed_dsv4
15,10,6,60,7,0.11666666666666667,0.03222222222222222,3.620689655172414,sealed_dsv4
15,11,5,54,8,0.14814814814814814,0.03222222222222222,4.597701149425287,sealed_dsv4
15,12,4,48,5,0.10416666666666667,0.03222222222222222,3.2327586206896552,sealed_dsv4
16,1,15,110,25,0.22727272727272727,0.039387633769322236,5.770154373927959,sealed_dsv4
16,2,14,104,19,0.18269230769230768,0.039387633769322236,4.6383164005805515,sealed_dsv4
16,3,13,98,29,0.29591836734693877,0.039387633769322236,7.512976511359261,sealed_dsv4
16,4,12,92,17,0.18478260869565216,0.039387633769322236,4.691386382280557,sealed_dsv4
16,5,11,86,23,0.26744186046511625,0.039387633769322236,6.789995612110574,sealed_dsv4
16,6,10,80,19,0.2375,0.039387633769322236,6.029811320754717,sealed_dsv4
16,7,9,74,11,0.14864864864864866,0.039387633769322236,3.773992860785314,sealed_dsv4
16,8,8,68,18,0.2647058823529412,0.039387633769322236,6.720532741398446,sealed_dsv4
16,9,7,62,17,0.27419354838709675,0.039387633769322236,6.961412051125988,sealed_dsv4
16,10,6,56,7,0.125,0.039387633769322236,3.1735849056603773,sealed_dsv4
16,11,5,50,6,0.12,0.039387633769322236,3.0466415094339623,sealed_dsv4
16,12,4,44,1,0.022727272727272728,0.039387633769322236,0.5770154373927959,sealed_dsv4
17,1,15,106,38,0.3584905660377358,0.04767219387755102,7.519909131065816,sealed_dsv4
17,2,14,100,33,0.33,0.04767219387755102,6.922274247491639,sealed_dsv4
17,3,13,94,30,0.3191489361702128,0.04767219387755102,6.694655945349748,sealed_dsv4
17,4,12,88,24,0.2727272727272727,0.04767219387755102,5.7208878078443295,sealed_dsv4
17,5,11,82,25,0.3048780487804878,0.04767219387755102,6.395301411208092,sealed_dsv4
17,6,10,76,20,0.2631578947368421,0.04767219387755102,5.520154902305932,sealed_dsv4
17,7,9,70,13,0.18571428571428572,0.04767219387755102,3.8956521739130436,sealed_dsv4
17,8,8,64,20,0.3125,0.04767219387755102,6.555183946488294,sealed_dsv4
17,9,7,58,15,0.25862068965517243,0.04767219387755102,5.4249798177834165,sealed_dsv4
17,10,6,52,11,0.21153846153846154,0.04767219387755102,4.437355286853615,sealed_dsv4
17,11,5,46,6,0.13043478260869565,0.04767219387755102,2.7360767776646795,sealed_dsv4
17,12,4,40,3,0.075,0.04767219387755102,1.5732441471571905,sealed_dsv4
18,1,15,109,33,0.30275229357798167,0.04075614366729679,7.428384197715784,sealed_dsv4
18,2,14,103,26,0.2524271844660194,0.04075614366729679,6.193598357259938,sealed_dsv4
18,3,13,97,30,0.30927835051546393,0.04075614366729679,7.58850869307423,sealed_dsv4
18,4,12,91,17,0.18681318681318682,0.04075614366729679,4.583681624497951,sealed_dsv4
18,5,11,85,15,0.17647058823529413,0.04075614366729679,4.329913783695297,sealed_dsv4
18,6,10,79,16,0.20253164556962025,0.04075614366729679,4.969352528122871,sealed_dsv4
18,7,9,73,12,0.1643835616438356,0.04075614366729679,4.033344346455892,sealed_dsv4
18,8,8,67,15,0.22388059701492538,0.04075614366729679,5.493174203195525,sealed_dsv4
18,9,7,61,10,0.16393442622950818,0.04075614366729679,4.02232427993552,sealed_dsv4
18,10,6,55,11,0.2,0.04075614366729679,4.907235621521336,sealed_dsv4
18,11,5,49,9,0.1836734693877551,0.04075614366729679,4.506644958540003,sealed_dsv4
18,12,4,43,6,0.13953488372093023,0.04075614366729679,3.4236527592009316,sealed_dsv4
19,1,15,116,18,0.15517241379310345,0.022440204246170384,6.914928763163329,sealed_dsv4
19,2,14,110,13,0.11818181818181818,0.022440204246170384,5.266521502449646,sealed_dsv4
19,3,13,104,18,0.17307692307692307,0.022440204246170384,7.712805158912943,sealed_dsv4
19,4,12,98,6,0.061224489795918366,0.022440204246170384,2.7283392398875717,sealed_dsv4
19,5,11,92,9,0.09782608695652174,0.022440204246170384,4.35941161155949,sealed_dsv4
19,6,10,86,7,0.08139534883720931,0.022440204246170384,3.6272106948892913,sealed_dsv4
19,7,9,80,4,0.05,0.022440204246170384,2.2281437125748504,sealed_dsv4
19,8,8,74,6,0.08108108108108109,0.022440204246170384,3.613206020391649,sealed_dsv4
19,9,7,68,7,0.10294117647058823,0.022440204246170384,4.587354702359986,sealed_dsv4
19,10,6,62,4,0.06451612903225806,0.022440204246170384,2.8750241452578713,sealed_dsv4
19,11,5,56,5,0.08928571428571429,0.022440204246170384,3.9788280581693756,sealed_dsv4
19,12,4,50,1,0.02,0.022440204246170384,0.8912574850299402,sealed_dsv4
20,1,15,110,27,0.24545454545454545,0.030618311533888228,8.016593115622243,sealed_dsv4
20,2,14,104,22,0.21153846153846154,0.030618311533888228,6.908887229275579,sealed_dsv4
20,3,13,98,20,0.20408163265306123,0.030618311533888228,6.665345749950466,sealed_dsv4
20,4,12,92,17,0.18478260869565216,0.030618311533888228,6.035035880118193,sealed_dsv4
20,5,11,86,11,0.12790697674418605,0.030618311533888228,4.177466696771281,sealed_dsv4
20,6,10,80,11,0.1375,0.030618311533888228,4.4907766990291265,sealed_dsv4
20,7,9,74,13,0.17567567567567569,0.030618311533888228,5.737601679349253,sealed_dsv4
20,8,8,68,10,0.14705882352941177,0.030618311533888228,4.802969731581953,sealed_dsv4
20,9,7,62,9,0.14516129032258066,0.030618311533888228,4.740995928593799,sealed_dsv4
20,10,6,56,6,0.10714285714285714,0.030618311533888228,3.4993065187239942,sealed_dsv4
20,11,5,50,1,0.02,0.030618311533888228,0.6532038834951457,sealed_dsv4
20,12,4,44,0,0.0,0.030618311533888228,0.0,sealed_dsv4
21,1,15,111,31,0.27927927927927926,0.03104682591862079,8.995421303656597,sealed_dsv4
21,2,14,105,17,0.1619047619047619,0.03104682591862079,5.214857142857143,sealed_dsv4
21,3,13,99,23,0.23232323232323232,0.03104682591862079,7.482994652406417,sealed_dsv4
21,4,12,93,11,0.11827956989247312,0.03104682591862079,3.8097153700189756,sealed_dsv4
21,5,11,87,13,0.14942528735632185,0.03104682591862079,4.8129006085192705,sealed_dsv4
21,6,10,81,11,0.13580246913580246,0.03104682591862079,4.374117647058823,sealed_dsv4
21,7,9,75,10,0.13333333333333333,0.03104682591862079,4.294588235294118,sealed_dsv4
21,8,8,69,8,0.11594202898550725,0.03104682591862079,3.7344245524296675,sealed_dsv4
21,9,7,63,5,0.07936507936507936,0.03104682591862079,2.556302521008403,sealed_dsv4
21,10,6,57,5,0.08771929824561403,0.03104682591862079,2.8253869969040246,sealed_dsv4
21,11,5,51,3,0.058823529411764705,0.03104682591862079,1.8946712802768166,sealed_dsv4
21,12,4,45,4,0.08888888888888889,0.03104682591862079,2.863058823529412,sealed_dsv4
22,1,15,110,44,0.4,0.045927467300832345,8.709385113268608,sealed_dsv4
22,2,14,104,37,0.3557692307692308,0.045927467300832345,7.746328105551407,sealed_dsv4
22,3,13,98,33,0.336734693877551,0.045927467300832345,7.331880324945511,sealed_dsv4
22,4,12,92,27,0.29347826086956524,0.045927467300832345,6.390037990713381,sealed_dsv4
22,5,11,86,22,0.2558139534883721,0.045927467300832345,5.56995559569504,sealed_dsv4
22,6,10,80,18,0.225,0.045927467300832345,4.899029126213592,sealed_dsv4
22,7,9,74,16,0.21621621621621623,0.045927467300832345,4.707775736901951,sealed_dsv4
22,8,8,68,12,0.17647058823529413,0.045927467300832345,3.8423757852655624,sealed_dsv4
22,9,7,62,11,0.1774193548387097,0.045927467300832345,3.8630337195949473,sealed_dsv4
22,10,6,56,10,0.17857142857142858,0.045927467300832345,3.8881183541377715,sealed_dsv4
22,11,5,50,7,0.14,0.045927467300832345,3.048284789644013,sealed_dsv4
22,12,4,44,5,0.11363636363636363,0.045927467300832345,2.474257134451309,sealed_dsv4
23,1,15,112,26,0.23214285714285715,0.037345590347601265,6.2160714285714285,sealed_dsv4
23,2,14,106,20,0.18867924528301888,0.037345590347601265,5.052249637155298,sealed_dsv4
23,3,13,100,29,0.29,0.037345590347601265,7.765307692307691,sealed_dsv4
23,4,12,94,16,0.1702127659574468,0.037345590347601265,4.557774140752864,sealed_dsv4
23,5,11,88,18,0.20454545454545456,0.037345590347601265,5.477097902097903,sealed_dsv4
23,6,10,82,17,0.2073170731707317,0.037345590347601265,5.551313320825516,sealed_dsv4
23,7,9,76,15,0.19736842105263158,0.037345590347601265,5.284919028340081,sealed_dsv4
23,8,8,70,13,0.18571428571428572,0.037345590347601265,4.972857142857143,sealed_dsv4
23,9,7,64,13,0.203125,0.037345590347601265,5.4390624999999995,sealed_dsv4
23,10,6,58,14,0.2413793103448276,0.037345590347601265,6.463395225464191,sealed_dsv4
23,11,5,52,7,0.1346153846153846,0.037345590347601265,3.6045857988165677,sealed_dsv4
23,12,4,46,6,0.13043478260869565,0.037345590347601265,3.4926421404682273,sealed_dsv4
24,1,15,110,49,0.44545454545454544,0.04919738406658739,9.054435594616864,sealed_dsv4
24,2,14,104,44,0.4230769230769231,0.04919738406658739,8.59958168719498,sealed_dsv4
24,3,13,98,32,0.32653061224489793,0.04919738406658739,6.637153955237684,sealed_dsv4
24,4,12,92,25,0.2717391304347826,0.04919738406658739,5.523446735846578,sealed_dsv4
24,5,11,86,16,0.18604651162790697,0.04919738406658739,3.7816342303098436,sealed_dsv4
24,6,10,80,16,0.2,0.04919738406658739,4.065256797583082,sealed_dsv4
24,7,9,74,16,0.21621621621621623,0.04919738406658739,4.394872213603332,sealed_dsv4
24,8,8,68,16,0.23529411764705882,0.04919738406658739,4.782655055980096,sealed_dsv4
24,9,7,62,16,0.25806451612903225,0.04919738406658739,5.245492642042686,sealed_dsv4
24,10,6,56,14,0.25,0.04919738406658739,5.0815709969788525,sealed_dsv4
24,11,5,50,11,0.22,0.04919738406658739,4.47178247734139,sealed_dsv4
24,12,4,44,7,0.1590909090909091,0.04919738406658739,3.2337269980774512,sealed_dsv4
25,1,15,108,53,0.49074074074074076,0.06201908279470606,7.9127377998345745,sealed_dsv4
25,2,14,102,41,0.4019607843137255,0.06201908279470606,6.481243614070939,sealed_dsv4
25,3,13,96,38,0.3958333333333333,0.06201908279470606,6.382444168734491,sealed_dsv4
25,4,12,90,30,0.3333333333333333,0.06201908279470606,5.374689826302729,sealed_dsv4
25,5,11,84,26,0.30952380952380953,0.06201908279470606,4.990783410138249,sealed_dsv4
25,6,10,78,28,0.358974358974359,0.06201908279470606,5.7881275052490935,sealed_dsv4
25,7,9,72,26,0.3611111111111111,0.06201908279470606,5.82258064516129,sealed_dsv4
25,8,8,66,24,0.36363636363636365,0.06201908279470606,5.863297992330251,sealed_dsv4
25,9,7,60,24,0.4,0.06201908279470606,6.449627791563276,sealed_dsv4
25,10,6,54,19,0.35185185185185186,0.06201908279470606,5.67328370554177,sealed_dsv4
25,11,5,48,15,0.3125,0.06201908279470606,5.038771712158809,sealed_dsv4
25,12,4,42,11,0.2619047619047619,0.06201908279470606,4.222970577809288,sealed_dsv4
26,1,15,113,51,0.45132743362831856,0.04597132970835393,9.817584927205253,sealed_dsv4
26,2,14,107,38,0.35514018691588783,0.04597132970835393,7.725253743342377,sealed_dsv4
26,3,13,101,28,0.27722772277227725,0.04597132970835393,6.030448206110934,sealed_dsv4
26,4,12,95,20,0.21052631578947367,0.04597132970835393,4.579513299377476,sealed_dsv4
26,5,11,89,21,0.23595505617977527,0.04597132970835393,5.132656759695542,sealed_dsv4
26,6,10,83,21,0.25301204819277107,0.04597132970835393,5.503692188107268,sealed_dsv4
26,7,9,77,21,0.2727272727272727,0.04597132970835393,5.932551319648094,sealed_dsv4
26,8,8,71,18,0.2535211267605634,0.04597132970835393,5.514766015447524,sealed_dsv4
26,9,7,65,15,0.23076923076923078,0.04597132970835393,5.01985111662531,sealed_dsv4
26,10,6,59,11,0.1864406779661017,0.04597132970835393,4.0555859303809,sealed_dsv4
26,11,5,53,8,0.1509433962264151,0.04597132970835393,3.283424629742341,sealed_dsv4
26,12,4,47,7,0.14893617021276595,0.04597132970835393,3.2397620681766184,sealed_dsv4
27,1,15,114,50,0.43859649122807015,0.04666666666666667,9.398496240601503,sealed_dsv4
27,2,14,108,38,0.35185185185185186,0.04666666666666667,7.5396825396825395,sealed_dsv4
27,3,13,102,33,0.3235294117647059,0.04666666666666667,6.932773109243698,sealed_dsv4
27,4,12,96,24,0.25,0.04666666666666667,5.357142857142857,sealed_dsv4
27,5,11,90,19,0.2111111111111111,0.04666666666666667,4.523809523809524,sealed_dsv4
27,6,10,84,20,0.23809523809523808,0.04666666666666667,5.1020408163265305,sealed_dsv4
27,7,9,78,17,0.21794871794871795,0.04666666666666667,4.670329670329671,sealed_dsv4
27,8,8,72,16,0.2222222222222222,0.04666666666666667,4.761904761904762,sealed_dsv4
27,9,7,66,14,0.21212121212121213,0.04666666666666667,4.545454545454545,sealed_dsv4
27,10,6,60,13,0.21666666666666667,0.04666666666666667,4.642857142857143,sealed_dsv4
27,11,5,54,11,0.2037037037037037,0.04666666666666667,4.365079365079365,sealed_dsv4
27,12,4,48,9,0.1875,0.04666666666666667,4.017857142857142,sealed_dsv4
28,1,15,115,41,0.3565217391304348,0.04241513557817089,8.40553105089967,sealed_dsv4
28,2,14,109,31,0.28440366972477066,0.04241513557817089,6.7052401424160495,sealed_dsv4
28,3,13,103,27,0.2621359223300971,0.04241513557817089,6.180244829041789,sealed_dsv4
28,4,12,97,22,0.2268041237113402,0.04241513557817089,5.347245048724206,sealed_dsv4
28,5,11,91,22,0.24175824175824176,0.04241513557817089,5.699810656332395,sealed_dsv4
28,6,10,85,17,0.2,0.04241513557817089,4.715297906602254,sealed_dsv4
28,7,9,79,17,0.21518987341772153,0.04241513557817089,5.073421798242932,sealed_dsv4
28,8,8,73,14,0.1917808219178082,0.04241513557817089,4.521518540577504,sealed_dsv4
28,9,7,67,16,0.23880597014925373,0.04241513557817089,5.630206455644482,sealed_dsv4
28,10,6,61,15,0.2459016393442623,0.04241513557817089,5.797497426150312,sealed_dsv4
28,11,5,55,10,0.18181818181818182,0.04241513557817089,4.2866344605475035,sealed_dsv4
28,12,4,49,8,0.16326530612244897,0.04241513557817089,3.849222780899799,sealed_dsv4
29,1,15,117,42,0.358974358974359,0.03985722784057109,9.006505931879067,sealed_dsv4
29,2,14,111,32,0.2882882882882883,0.03985722784057109,7.233024068844965,sealed_dsv4
29,3,13,105,27,0.2571428571428571,0.03985722784057109,6.451599147121534,sealed_dsv4
29,4,12,99,20,0.20202020202020202,0.03985722784057109,5.068596411879994,sealed_dsv4
29,5,11,93,20,0.21505376344086022,0.03985722784057109,5.395602632001284,sealed_dsv4
29,6,10,87,16,0.1839080459770115,0.03985722784057109,4.61417052667696,sealed_dsv4
29,7,9,81,20,0.24691358024691357,0.03985722784057109,6.194951170075548,sealed_dsv4
29,8,8,75,16,0.21333333333333335,0.03985722784057109,5.352437810945275,sealed_dsv4
29,9,7,69,14,0.2028985507246377,0.03985722784057109,5.090633787583821,sealed_dsv4
29,10,6,63,11,0.1746031746031746,0.03985722784057109,4.380715470267709,sealed_dsv4
29,11,5,57,8,0.14035087719298245,0.03985722784057109,3.5213406650955745,sealed_dsv4
29,12,4,51,7,0.13725490196078433,0.03985722784057109,3.4436640327772903,sealed_dsv4
30,1,15,111,44,0.3963963963963964,0.04682591862079041,8.465320234431,sealed_dsv4
30,2,14,105,39,0.37142857142857144,0.04682591862079041,7.9321149988856705,sealed_dsv4
30,3,13,99,32,0.32323232323232326,0.04682591862079041,6.902850659480926,sealed_dsv4
30,4,12,93,25,0.26881720430107525,0.04682591862079041,5.740778018217503,sealed_dsv4
30,5,11,87,20,0.22988505747126436,0.04682591862079041,4.909354994889451,sealed_dsv4
30,6,10,81,18,0.2222222222222222,0.04682591862079041,4.745709828393136,sealed_dsv4
30,7,9,75,18,0.24,0.04682591862079041,5.125366614664586,sealed_dsv4
30,8,8,69,15,0.21739130434782608,0.04682591862079041,4.642542223428068,sealed_dsv4
30,9,7,63,13,0.20634920634920634,0.04682591862079041,4.406730554936483,sealed_dsv4
30,10,6,57,11,0.19298245614035087,0.04682591862079041,4.121274324657197,sealed_dsv4
30,11,5,51,7,0.13725490196078433,0.04682591862079041,2.9311737175369372,sealed_dsv4
30,12,4,45,8,0.17777777777777778,0.04682591862079041,3.7965678627145087,sealed_dsv4
31,1,15,112,45,0.4017857142857143,0.04898017810973858,8.20302681189778,sealed_dsv4
31,2,14,106,34,0.32075471698113206,0.04898017810973858,6.548663752559066,sealed_dsv4
31,3,13,100,30,0.3,0.04898017810973858,6.124926686217009,sealed_dsv4
31,4,12,94,27,0.2872340425531915,0.04898017810973858,5.8642915080801155,sealed_dsv4
31,5,11,88,24,0.2727272727272727,0.04898017810973858,5.568115169288189,sealed_dsv4
31,6,10,82,23,0.2804878048780488,0.04898017810973858,5.726557470853302,sealed_dsv4
31,7,9,76,21,0.27631578947368424,0.04898017810973858,5.641379842568298,sealed_dsv4
31,8,8,70,17,0.24285714285714285,0.04898017810973858,4.958273984080436,sealed_dsv4
31,9,7,64,16,0.25,0.04898017810973858,5.104105571847508,sealed_dsv4
31,10,6,58,15,0.25862068965517243,0.04898017810973858,5.2801092122560425,sealed_dsv4
31,11,5,52,13,0.25,0.04898017810973858,5.104105571847508,sealed_dsv4
31,12,4,46,8,0.17391304347826086,0.04898017810973858,3.5506821369373966,sealed_dsv4
32,1,15,108,54,0.5,0.07186826715912588,6.957173447537474,sealed_dsv4
32,2,14,102,52,0.5098039215686274,0.07186826715912588,7.093588613175463,sealed_dsv4
32,3,13,96,46,0.4791666666666667,0.07186826715912588,6.667291220556746,sealed_dsv4
32,4,12,90,41,0.45555555555555555,0.07186826715912588,6.338758029978587,sealed_dsv4
32,5,11,84,32,0.38095238095238093,0.07186826715912588,5.3007035790761705,sealed_dsv4
32,6,10,78,32,0.41025641025641024,0.07186826715912588,5.708450008235876,sealed_dsv4
32,7,9,72,27,0.375,0.07186826715912588,5.217880085653105,sealed_dsv4
32,8,8,66,27,0.4090909090909091,0.07186826715912588,5.692232820712479,sealed_dsv4
32,9,7,60,23,0.38333333333333336,0.07186826715912588,5.333832976445397,sealed_dsv4
32,10,6,54,21,0.3888888888888889,0.07186826715912588,5.411134903640257,sealed_dsv4
32,11,5,48,19,0.3958333333333333,0.07186826715912588,5.507762312633833,sealed_dsv4
32,12,4,42,14,0.3333333333333333,0.07186826715912588,4.638115631691649,sealed_dsv4
33,1,15,112,56,0.5,0.06765297328353921,7.3906581740976645,sealed_dsv4
33,2,14,106,48,0.4528301886792453,0.06765297328353921,6.693426270880904,sealed_dsv4
33,3,13,100,46,0.46,0.06765297328353921,6.799405520169852,sealed_dsv4
33,4,12,94,36,0.3829787234042553,0.06765297328353921,5.660929665266297,sealed_dsv4
33,5,11,88,31,0.3522727272727273,0.06765297328353921,5.207054622659719,sealed_dsv4
33,6,10,82,31,0.3780487804878049,0.06765297328353921,5.588058619439698,sealed_dsv4
33,7,9,76,28,0.3684210526315789,0.06765297328353921,5.4457481282824896,sealed_dsv4
33,8,8,70,26,0.37142857142857144,0.06765297328353921,5.49020321504398,sealed_dsv4
33,9,7,64,25,0.390625,0.06765297328353921,5.773951698513801,sealed_dsv4
33,10,6,58,24,0.41379310344827586,0.06765297328353921,6.116406764770481,sealed_dsv4
33,11,5,52,21,0.40384615384615385,0.06765297328353921,5.96937775600196,sealed_dsv4
33,12,4,46,16,0.34782608695652173,0.06765297328353921,5.141327425459245,sealed_dsv4
34,1,15,112,54,0.48214285714285715,0.05774202815282965,8.349946695095948,sealed_dsv4
34,2,14,106,48,0.4528301886792453,0.05774202815282965,7.842297944241058,sealed_dsv4
34,3,13,100,37,0.37,0.05774202815282965,6.407810945273631,sealed_dsv4
34,4,12,94,31,0.32978723404255317,0.05774202815282965,5.711389859214565,sealed_dsv4
34,5,11,88,26,0.29545454545454547,0.05774202815282965,5.116802351876978,sealed_dsv4
34,6,10,82,21,0.25609756097560976,0.05774202815282965,4.4352020385875495,sealed_dsv4
34,7,9,76,20,0.2631578947368421,0.05774202815282965,4.557475778999738,sealed_dsv4
34,8,8,70,19,0.2714285714285714,0.05774202815282965,4.700710732054015,sealed_dsv4
34,9,7,64,18,0.28125,0.05774202815282965,4.87080223880597,sealed_dsv4
34,10,6,58,21,0.3620689655172414,0.05774202815282965,6.270458054554812,sealed_dsv4
34,11,5,52,16,0.3076923076923077,0.05774202815282965,5.328740910830462,sealed_dsv4
34,12,4,46,14,0.30434782608695654,0.05774202815282965,5.27081981397361,sealed_dsv4
35,1,15,117,32,0.27350427350427353,0.02491902967810166,10.97571924097123,sealed_dsv4
35,2,14,111,23,0.2072072072072072,0.02491902967810166,8.315219729012831,sealed_dsv4
35,3,13,105,17,0.1619047619047619,0.02491902967810166,6.497233800682077,sealed_dsv4
35,4,12,99,12,0.12121212121212122,0.02491902967810166,4.864239209066795,sealed_dsv4
35,5,11,93,6,0.06451612903225806,0.02491902967810166,2.5890305467613586,sealed_dsv4
35,6,10,87,7,0.08045977011494253,0.02491902967810166,3.2288484405012348,sealed_dsv4
35,7,9,81,7,0.08641975308641975,0.02491902967810166,3.4680223990568813,sealed_dsv4
35,8,8,75,4,0.05333333333333334,0.02491902967810166,2.14026525198939,sealed_dsv4
35,9,7,69,4,0.057971014492753624,0.02491902967810166,2.326375273901511,sealed_dsv4
35,10,6,63,5,0.07936507936507936,0.02491902967810166,3.1849185297461156,sealed_dsv4
35,11,5,57,5,0.08771929824561403,0.02491902967810166,3.520173111824654,sealed_dsv4
35,12,4,51,1,0.0196078431372549,0.02491902967810166,0.7868622249960991,sealed_dsv4
36,1,15,107,41,0.38317757009345793,0.052862401127731225,7.248584285219799,sealed_dsv4
36,2,14,101,35,0.3465346534653465,0.052862401127731225,6.555408874220755,sealed_dsv4
36,3,13,95,32,0.3368421052631579,0.052862401127731225,6.372054580896686,sealed_dsv4
36,4,12,89,21,0.23595505617977527,0.052862401127731225,4.463570536828963,sealed_dsv4
36,5,11,83,15,0.18072289156626506,0.052862401127731225,3.4187416331994647,sealed_dsv4
36,6,10,77,13,0.16883116883116883,0.052862401127731225,3.1937854737854736,sealed_dsv4
36,7,9,71,17,0.23943661971830985,0.052862401127731225,4.52943140323422,sealed_dsv4
36,8,8,65,14,0.2153846153846154,0.052862401127731225,4.074438746438747,sealed_dsv4
36,9,7,59,15,0.2542372881355932,0.052862401127731225,4.8094161958568735,sealed_dsv4
36,10,6,53,17,0.32075471698113206,0.052862401127731225,6.067728860936408,sealed_dsv4
36,11,5,47,18,0.3829787234042553,0.052862401127731225,7.244822695035461,sealed_dsv4
36,12,4,41,17,0.4146341463414634,0.052862401127731225,7.843649503161698,sealed_dsv4
37,1,15,111,39,0.35135135135135137,0.04697202133099569,7.480013450464462,sealed_dsv4
37,2,14,105,38,0.3619047619047619,0.04697202133099569,7.704687847145078,sealed_dsv4
37,3,13,99,32,0.32323232323232326,0.04697202133099569,6.881379895376785,sealed_dsv4
37,4,12,93,22,0.23655913978494625,0.04697202133099569,5.0361711734309935,sealed_dsv4
37,5,11,87,17,0.19540229885057472,0.04697202133099569,4.159972113476699,sealed_dsv4
37,6,10,81,14,0.1728395061728395,0.04697202133099569,3.679626749611197,sealed_dsv4
37,7,9,75,16,0.21333333333333335,0.04697202133099569,4.541710730948679,sealed_dsv4
37,8,8,69,14,0.2028985507246377,0.04697202133099569,4.319561836500101,sealed_dsv4
37,9,7,63,14,0.2222222222222222,0.04697202133099569,4.730948678071539,sealed_dsv4
37,10,6,57,16,0.2807017543859649,0.04697202133099569,5.9759351723008916,sealed_dsv4
37,11,5,51,12,0.23529411764705882,0.04697202133099569,5.00923977678163,sealed_dsv4
37,12,4,45,11,0.24444444444444444,0.04697202133099569,5.204043545878693,sealed_dsv4
38,1,15,116,43,0.3706896551724138,0.049583445310400424,7.476077002149333,sealed_dsv4
38,2,14,110,38,0.34545454545454546,0.049583445310400424,6.967134762256714,sealed_dsv4
38,3,13,104,38,0.36538461538461536,0.049583445310400424,7.369084844694601,sealed_dsv4
38,4,12,98,24,0.24489795918367346,0.049583445310400424,4.939107350257176,sealed_dsv4
38,5,11,92,21,0.22826086956521738,0.049583445310400424,4.6035701661364445,sealed_dsv4
38,6,10,86,24,0.27906976744186046,0.049583445310400424,5.628285120060504,sealed_dsv4
38,7,9,80,18,0.225,0.049583445310400424,4.537804878048781,sealed_dsv4
38,8,8,74,18,0.24324324324324326,0.049583445310400424,4.9057350032959794,sealed_dsv4
38,9,7,68,19,0.27941176470588236,0.049583445310400424,5.635182528295872,sealed_dsv4
38,10,6,62,18,0.2903225806451613,0.049583445310400424,5.855232100708105,sealed_dsv4
38,11,5,56,15,0.26785714285714285,0.049583445310400424,5.402148664343787,sealed_dsv4
38,12,4,50,13,0.26,0.049583445310400424,5.24368563685637,sealed_dsv4
39,1,15,115,33,0.28695652173913044,0.03626801447988526,7.912110046671579,sealed_dsv4
39,2,14,109,22,0.2018348623853211,0.03626801447988526,5.565092693377563,sealed_dsv4
39,3,13,103,27,0.2621359223300971,0.03626801447988526,7.2277439526081935,sealed_dsv4
39,4,12,97,20,0.20618556701030927,0.03626801447988526,5.685052517133593,sealed_dsv4
39,5,11,91,17,0.18681318681318682,0.03626801447988526,5.150907472941371,sealed_dsv4
39,6,10,85,14,0.16470588235294117,0.03626801447988526,4.541353716627894,sealed_dsv4
39,7,9,79,15,0.189873417721519,0.03626801447988526,5.235285704069227,sealed_dsv4
39,8,8,73,13,0.1780821917808219,0.03626801447988526,4.91017207130511,sealed_dsv4
39,9,7,67,11,0.16417910447761194,0.03626801447988526,4.526829131180256,sealed_dsv4
39,10,6,61,9,0.14754098360655737,0.03626801447988526,4.068074465129202,sealed_dsv4
39,11,5,55,9,0.16363636363636364,0.03626801447988526,4.511864406779661,sealed_dsv4
39,12,4,49,5,0.10204081632653061,0.03626801447988526,2.813520888581421,sealed_dsv4
40,1,15,111,38,0.34234234234234234,0.028416977134925858,12.047106232196205,sealed_dsv4
40,2,14,105,25,0.23809523809523808,0.028416977134925858,8.3786265148733,sealed_dsv4
40,3,13,99,18,0.18181818181818182,0.028416977134925858,6.398223884085065,sealed_dsv4
40,4,12,93,7,0.07526881720430108,0.028416977134925858,2.6487270917986563,sealed_dsv4
40,5,11,87,1,0.011494252873563218,0.028416977134925858,0.4044854179594007,sealed_dsv4
40,6,10,81,6,0.07407407407407407,0.028416977134925858,2.6066838046272487,sealed_dsv4
40,7,9,75,8,0.10666666666666667,0.028416977134925858,3.753624678663239,sealed_dsv4
40,8,8,69,7,0.10144927536231885,0.028416977134925858,3.570023471554711,sealed_dsv4
40,9,7,63,5,0.07936507936507936,0.028416977134925858,2.7928755049577667,sealed_dsv4
40,10,6,57,6,0.10526315789473684,0.028416977134925858,3.7042348802597744,sealed_dsv4
40,11,5,51,5,0.09803921568627451,0.028416977134925858,3.4500226825948883,sealed_dsv4
40,12,4,45,3,0.06666666666666667,0.028416977134925858,2.346015424164524,sealed_dsv4
41,1,15,114,37,0.32456140350877194,0.032777777777777774,9.901873327386264,sealed_dsv4
41,2,14,108,26,0.24074074074074073,0.032777777777777774,7.344632768361582,sealed_dsv4
41,3,13,102,22,0.21568627450980393,0.032777777777777774,6.5802592223330025,sealed_dsv4
41,4,12,96,12,0.125,0.032777777777777774,3.813559322033899,sealed_dsv4
41,5,11,90,5,0.05555555555555555,0.032777777777777774,1.6949152542372883,sealed_dsv4
41,6,10,84,5,0.05952380952380952,0.032777777777777774,1.8159806295399517,sealed_dsv4
41,7,9,78,7,0.08974358974358974,0.032777777777777774,2.7379400260756195,sealed_dsv4
41,8,8,72,7,0.09722222222222222,0.032777777777777774,2.9661016949152548,sealed_dsv4
41,9,7,66,9,0.13636363636363635,0.032777777777777774,4.160246533127889,sealed_dsv4
41,10,6,60,13,0.21666666666666667,0.032777777777777774,6.610169491525425,sealed_dsv4
41,11,5,54,11,0.2037037037037037,0.032777777777777774,6.214689265536723,sealed_dsv4
41,12,4,48,9,0.1875,0.032777777777777774,5.720338983050848,sealed_dsv4
42,1,15,115,31,0.26956521739130435,0.022061334608291787,12.218898909678286,sealed_dsv4
42,2,14,109,16,0.14678899082568808,0.022061334608291787,6.6536768256312655,sealed_dsv4
42,3,13,103,15,0.14563106796116504,0.022061334608291787,6.601190297273737,sealed_dsv4
42,4,12,97,6,0.061855670103092786,0.022061334608291787,2.8038045386358554,sealed_dsv4
42,5,11,91,0,0.0,0.022061334608291787,0.0,sealed_dsv4
42,6,10,85,2,0.023529411764705882,0.022061334608291787,1.066545255873247,sealed_dsv4
42,7,9,79,3,0.0379746835443038,0.022061334608291787,1.7213230395422656,sealed_dsv4
42,8,8,73,0,0.0,0.022061334608291787,0.0,sealed_dsv4
42,9,7,67,3,0.04477611940298507,0.022061334608291787,2.0296197033408805,sealed_dsv4
42,10,6,61,6,0.09836065573770492,0.022061334608291787,4.458508856519311,sealed_dsv4
42,11,5,55,7,0.12727272727272726,0.022061334608291787,5.769040247678017,sealed_dsv4
42,12,4,49,4,0.08163265306122448,0.022061334608291787,3.700259050988816,sealed_dsv4
0,1,3,24,0,0.0,0.041015625,0.0,ornith_dual-cold-primary
0,2,2,16,0,0.0,0.041015625,0.0,ornith_dual-cold-primary
0,3,1,8,5,0.625,0.041015625,15.238095238095237,ornith_dual-cold-primary
1,1,3,24,5,0.20833333333333334,0.048828125,4.266666666666667,ornith_dual-cold-primary
1,2,2,16,2,0.125,0.048828125,2.56,ornith_dual-cold-primary
1,3,1,8,2,0.25,0.048828125,5.12,ornith_dual-cold-primary
2,1,3,24,8,0.3333333333333333,0.068359375,4.876190476190476,ornith_dual-cold-primary
2,2,2,16,5,0.3125,0.068359375,4.571428571428571,ornith_dual-cold-primary
2,3,1,8,6,0.75,0.068359375,10.971428571428572,ornith_dual-cold-primary
3,1,3,24,6,0.25,0.0546875,4.571428571428571,ornith_dual-cold-primary
3,2,2,16,4,0.25,0.0546875,4.571428571428571,ornith_dual-cold-primary
3,3,1,8,2,0.25,0.0546875,4.571428571428571,ornith_dual-cold-primary
4,1,3,24,10,0.4166666666666667,0.06640625,6.2745098039215685,ornith_dual-cold-primary
4,2,2,16,5,0.3125,0.06640625,4.705882352941177,ornith_dual-cold-primary
4,3,1,8,3,0.375,0.06640625,5.647058823529412,ornith_dual-cold-primary
5,1,3,24,14,0.5833333333333334,0.080078125,7.284552845528456,ornith_dual-cold-primary
5,2,2,16,8,0.5,0.080078125,6.2439024390243905,ornith_dual-cold-primary
5,3,1,8,3,0.375,0.080078125,4.682926829268292,ornith_dual-cold-primary
6,1,3,24,11,0.4583333333333333,0.06640625,6.901960784313725,ornith_dual-cold-primary
6,2,2,16,6,0.375,0.06640625,5.647058823529412,ornith_dual-cold-primary
6,3,1,8,1,0.125,0.06640625,1.8823529411764706,ornith_dual-cold-primary
7,1,3,24,10,0.4166666666666667,0.0625,6.666666666666667,ornith_dual-cold-primary
7,2,2,16,5,0.3125,0.0625,5.0,ornith_dual-cold-primary
7,3,1,8,1,0.125,0.0625,2.0,ornith_dual-cold-primary
8,1,3,24,13,0.5416666666666666,0.0703125,7.703703703703703,ornith_dual-cold-primary
8,2,2,16,5,0.3125,0.0703125,4.444444444444445,ornith_dual-cold-primary
8,3,1,8,2,0.25,0.0703125,3.5555555555555554,ornith_dual-cold-primary
9,1,3,24,9,0.375,0.0625,6.0,ornith_dual-cold-primary
9,2,2,16,5,0.3125,0.0625,5.0,ornith_dual-cold-primary
9,3,1,8,2,0.25,0.0625,4.0,ornith_dual-cold-primary
10,1,3,24,8,0.3333333333333333,0.052734375,6.320987654320987,ornith_dual-cold-primary
10,2,2,16,3,0.1875,0.052734375,3.5555555555555554,ornith_dual-cold-primary
10,3,1,8,0,0.0,0.052734375,0.0,ornith_dual-cold-primary
11,1,3,24,7,0.2916666666666667,0.048828125,5.973333333333334,ornith_dual-cold-primary
11,2,2,16,2,0.125,0.048828125,2.56,ornith_dual-cold-primary
11,3,1,8,0,0.0,0.048828125,0.0,ornith_dual-cold-primary
12,1,3,24,10,0.4166666666666667,0.060546875,6.881720430107527,ornith_dual-cold-primary
12,2,2,16,4,0.25,0.060546875,4.129032258064516,ornith_dual-cold-primary
12,3,1,8,1,0.125,0.060546875,2.064516129032258,ornith_dual-cold-primary
13,1,3,24,9,0.375,0.0546875,6.857142857142857,ornith_dual-cold-primary
13,2,2,16,3,0.1875,0.0546875,3.4285714285714284,ornith_dual-cold-primary
13,3,1,8,0,0.0,0.0546875,0.0,ornith_dual-cold-primary
14,1,3,24,10,0.4166666666666667,0.060546875,6.881720430107527,ornith_dual-cold-primary
14,2,2,16,5,0.3125,0.060546875,5.161290322580645,ornith_dual-cold-primary
14,3,1,8,0,0.0,0.060546875,0.0,ornith_dual-cold-primary
15,1,3,24,6,0.25,0.048828125,5.12,ornith_dual-cold-primary
15,2,2,16,2,0.125,0.048828125,2.56,ornith_dual-cold-primary
15,3,1,8,1,0.125,0.048828125,2.56,ornith_dual-cold-primary
16,1,3,24,10,0.4166666666666667,0.0625,6.666666666666667,ornith_dual-cold-primary
16,2,2,16,5,0.3125,0.0625,5.0,ornith_dual-cold-primary
16,3,1,8,1,0.125,0.0625,2.0,ornith_dual-cold-primary
17,1,3,24,7,0.2916666666666667,0.0546875,5.333333333333334,ornith_dual-cold-primary
17,2,2,16,2,0.125,0.0546875,2.2857142857142856,ornith_dual-cold-primary
17,3,1,8,3,0.375,0.0546875,6.857142857142857,ornith_dual-cold-primary
18,1,3,24,6,0.25,0.056640625,4.413793103448276,ornith_dual-cold-primary
18,2,2,16,3,0.1875,0.056640625,3.310344827586207,ornith_dual-cold-primary
18,3,1,8,4,0.5,0.056640625,8.827586206896552,ornith_dual-cold-primary
19,1,3,24,6,0.25,0.056640625,4.413793103448276,ornith_dual-cold-primary
19,2,2,16,4,0.25,0.056640625,4.413793103448276,ornith_dual-cold-primary
19,3,1,8,3,0.375,0.056640625,6.620689655172414,ornith_dual-cold-primary
20,1,3,24,9,0.375,0.06640625,5.647058823529412,ornith_dual-cold-primary
20,2,2,16,4,0.25,0.06640625,3.764705882352941,ornith_dual-cold-primary
20,3,1,8,5,0.625,0.06640625,9.411764705882353,ornith_dual-cold-primary
21,1,3,24,4,0.16666666666666666,0.052734375,3.1604938271604937,ornith_dual-cold-primary
21,2,2,16,3,0.1875,0.052734375,3.5555555555555554,ornith_dual-cold-primary
21,3,1,8,4,0.5,0.052734375,9.481481481481481,ornith_dual-cold-primary
22,1,3,24,4,0.16666666666666666,0.046875,3.5555555555555554,ornith_dual-cold-primary
22,2,2,16,1,0.0625,0.046875,1.3333333333333333,ornith_dual-cold-primary
22,3,1,8,3,0.375,0.046875,8.0,ornith_dual-cold-primary
23,1,3,24,3,0.125,0.046875,2.6666666666666665,ornith_dual-cold-primary
23,2,2,16,2,0.125,0.046875,2.6666666666666665,ornith_dual-cold-primary
23,3,1,8,3,0.375,0.046875,8.0,ornith_dual-cold-primary
24,1,3,24,7,0.2916666666666667,0.0546875,5.333333333333334,ornith_dual-cold-primary
24,2,2,16,3,0.1875,0.0546875,3.4285714285714284,ornith_dual-cold-primary
24,3,1,8,2,0.25,0.0546875,4.571428571428571,ornith_dual-cold-primary
25,1,3,24,9,0.375,0.0625,6.0,ornith_dual-cold-primary
25,2,2,16,4,0.25,0.0625,4.0,ornith_dual-cold-primary
25,3,1,8,3,0.375,0.0625,6.0,ornith_dual-cold-primary
26,1,3,24,5,0.20833333333333334,0.048828125,4.266666666666667,ornith_dual-cold-primary
26,2,2,16,3,0.1875,0.048828125,3.84,ornith_dual-cold-primary
26,3,1,8,1,0.125,0.048828125,2.56,ornith_dual-cold-primary
27,1,3,24,5,0.20833333333333334,0.052734375,3.9506172839506175,ornith_dual-cold-primary
27,2,2,16,4,0.25,0.052734375,4.7407407407407405,ornith_dual-cold-primary
27,3,1,8,2,0.25,0.052734375,4.7407407407407405,ornith_dual-cold-primary
28,1,3,24,10,0.4166666666666667,0.05859375,7.111111111111112,ornith_dual-cold-primary
28,2,2,16,4,0.25,0.05859375,4.266666666666667,ornith_dual-cold-primary
28,3,1,8,0,0.0,0.05859375,0.0,ornith_dual-cold-primary
29,1,3,24,9,0.375,0.056640625,6.620689655172414,ornith_dual-cold-primary
29,2,2,16,4,0.25,0.056640625,4.413793103448276,ornith_dual-cold-primary
29,3,1,8,0,0.0,0.056640625,0.0,ornith_dual-cold-primary
30,1,3,24,9,0.375,0.0546875,6.857142857142857,ornith_dual-cold-primary
30,2,2,16,3,0.1875,0.0546875,3.4285714285714284,ornith_dual-cold-primary
30,3,1,8,0,0.0,0.0546875,0.0,ornith_dual-cold-primary
31,1,3,24,13,0.5416666666666666,0.076171875,7.111111111111111,ornith_dual-cold-primary
31,2,2,16,7,0.4375,0.076171875,5.743589743589744,ornith_dual-cold-primary
31,3,1,8,3,0.375,0.076171875,4.923076923076923,ornith_dual-cold-primary
32,1,3,24,12,0.5,0.072265625,6.918918918918919,ornith_dual-cold-primary
32,2,2,16,7,0.4375,0.072265625,6.054054054054054,ornith_dual-cold-primary
32,3,1,8,2,0.25,0.072265625,3.4594594594594597,ornith_dual-cold-primary
33,1,3,24,9,0.375,0.060546875,6.193548387096774,ornith_dual-cold-primary
33,2,2,16,4,0.25,0.060546875,4.129032258064516,ornith_dual-cold-primary
33,3,1,8,2,0.25,0.060546875,4.129032258064516,ornith_dual-cold-primary
34,1,3,24,7,0.2916666666666667,0.052734375,5.530864197530865,ornith_dual-cold-primary
34,2,2,16,3,0.1875,0.052734375,3.5555555555555554,ornith_dual-cold-primary
34,3,1,8,1,0.125,0.052734375,2.3703703703703702,ornith_dual-cold-primary
35,1,3,24,13,0.5416666666666666,0.0703125,7.703703703703703,ornith_dual-cold-primary
35,2,2,16,5,0.3125,0.0703125,4.444444444444445,ornith_dual-cold-primary
35,3,1,8,2,0.25,0.0703125,3.5555555555555554,ornith_dual-cold-primary
36,1,3,24,9,0.375,0.060546875,6.193548387096774,ornith_dual-cold-primary
36,2,2,16,4,0.25,0.060546875,4.129032258064516,ornith_dual-cold-primary
36,3,1,8,2,0.25,0.060546875,4.129032258064516,ornith_dual-cold-primary
37,1,3,24,10,0.4166666666666667,0.056640625,7.35632183908046,ornith_dual-cold-primary
37,2,2,16,2,0.125,0.056640625,2.206896551724138,ornith_dual-cold-primary
37,3,1,8,1,0.125,0.056640625,2.206896551724138,ornith_dual-cold-primary
38,1,3,24,12,0.5,0.06640625,7.529411764705882,ornith_dual-cold-primary
38,2,2,16,4,0.25,0.06640625,3.764705882352941,ornith_dual-cold-primary
38,3,1,8,2,0.25,0.06640625,3.764705882352941,ornith_dual-cold-primary
39,1,3,24,7,0.2916666666666667,0.046875,6.222222222222222,ornith_dual-cold-primary
39,2,2,16,1,0.0625,0.046875,1.3333333333333333,ornith_dual-cold-primary
39,3,1,8,0,0.0,0.046875,0.0,ornith_dual-cold-primary
0,1,3,24,0,0.0,0.041015625,0.0,ornith_dual-warm-profiled
0,2,2,16,0,0.0,0.041015625,0.0,ornith_dual-warm-profiled
0,3,1,8,5,0.625,0.041015625,15.238095238095237,ornith_dual-warm-profiled
1,1,3,24,5,0.20833333333333334,0.048828125,4.266666666666667,ornith_dual-warm-profiled
1,2,2,16,2,0.125,0.048828125,2.56,ornith_dual-warm-profiled
1,3,1,8,2,0.25,0.048828125,5.12,ornith_dual-warm-profiled
2,1,3,24,8,0.3333333333333333,0.068359375,4.876190476190476,ornith_dual-warm-profiled
2,2,2,16,5,0.3125,0.068359375,4.571428571428571,ornith_dual-warm-profiled
2,3,1,8,6,0.75,0.068359375,10.971428571428572,ornith_dual-warm-profiled
3,1,3,24,6,0.25,0.0546875,4.571428571428571,ornith_dual-warm-profiled
3,2,2,16,4,0.25,0.0546875,4.571428571428571,ornith_dual-warm-profiled
3,3,1,8,2,0.25,0.0546875,4.571428571428571,ornith_dual-warm-profiled
4,1,3,24,10,0.4166666666666667,0.06640625,6.2745098039215685,ornith_dual-warm-profiled
4,2,2,16,5,0.3125,0.06640625,4.705882352941177,ornith_dual-warm-profiled
4,3,1,8,3,0.375,0.06640625,5.647058823529412,ornith_dual-warm-profiled
5,1,3,24,14,0.5833333333333334,0.080078125,7.284552845528456,ornith_dual-warm-profiled
5,2,2,16,8,0.5,0.080078125,6.2439024390243905,ornith_dual-warm-profiled
5,3,1,8,3,0.375,0.080078125,4.682926829268292,ornith_dual-warm-profiled
6,1,3,24,11,0.4583333333333333,0.06640625,6.901960784313725,ornith_dual-warm-profiled
6,2,2,16,6,0.375,0.06640625,5.647058823529412,ornith_dual-warm-profiled
6,3,1,8,1,0.125,0.06640625,1.8823529411764706,ornith_dual-warm-profiled
7,1,3,24,10,0.4166666666666667,0.0625,6.666666666666667,ornith_dual-warm-profiled
7,2,2,16,5,0.3125,0.0625,5.0,ornith_dual-warm-profiled
7,3,1,8,1,0.125,0.0625,2.0,ornith_dual-warm-profiled
8,1,3,24,13,0.5416666666666666,0.0703125,7.703703703703703,ornith_dual-warm-profiled
8,2,2,16,5,0.3125,0.0703125,4.444444444444445,ornith_dual-warm-profiled
8,3,1,8,2,0.25,0.0703125,3.5555555555555554,ornith_dual-warm-profiled
9,1,3,24,9,0.375,0.0625,6.0,ornith_dual-warm-profiled
9,2,2,16,5,0.3125,0.0625,5.0,ornith_dual-warm-profiled
9,3,1,8,2,0.25,0.0625,4.0,ornith_dual-warm-profiled
10,1,3,24,8,0.3333333333333333,0.052734375,6.320987654320987,ornith_dual-warm-profiled
10,2,2,16,3,0.1875,0.052734375,3.5555555555555554,ornith_dual-warm-profiled
10,3,1,8,0,0.0,0.052734375,0.0,ornith_dual-warm-profiled
11,1,3,24,7,0.2916666666666667,0.048828125,5.973333333333334,ornith_dual-warm-profiled
11,2,2,16,2,0.125,0.048828125,2.56,ornith_dual-warm-profiled
11,3,1,8,0,0.0,0.048828125,0.0,ornith_dual-warm-profiled
12,1,3,24,10,0.4166666666666667,0.060546875,6.881720430107527,ornith_dual-warm-profiled
12,2,2,16,4,0.25,0.060546875,4.129032258064516,ornith_dual-warm-profiled
12,3,1,8,1,0.125,0.060546875,2.064516129032258,ornith_dual-warm-profiled
13,1,3,24,9,0.375,0.0546875,6.857142857142857,ornith_dual-warm-profiled
13,2,2,16,3,0.1875,0.0546875,3.4285714285714284,ornith_dual-warm-profiled
13,3,1,8,0,0.0,0.0546875,0.0,ornith_dual-warm-profiled
14,1,3,24,10,0.4166666666666667,0.060546875,6.881720430107527,ornith_dual-warm-profiled
14,2,2,16,5,0.3125,0.060546875,5.161290322580645,ornith_dual-warm-profiled
14,3,1,8,0,0.0,0.060546875,0.0,ornith_dual-warm-profiled
15,1,3,24,6,0.25,0.048828125,5.12,ornith_dual-warm-profiled
15,2,2,16,2,0.125,0.048828125,2.56,ornith_dual-warm-profiled
15,3,1,8,1,0.125,0.048828125,2.56,ornith_dual-warm-profiled
16,1,3,24,10,0.4166666666666667,0.0625,6.666666666666667,ornith_dual-warm-profiled
16,2,2,16,5,0.3125,0.0625,5.0,ornith_dual-warm-profiled
16,3,1,8,1,0.125,0.0625,2.0,ornith_dual-warm-profiled
17,1,3,24,7,0.2916666666666667,0.0546875,5.333333333333334,ornith_dual-warm-profiled
17,2,2,16,2,0.125,0.0546875,2.2857142857142856,ornith_dual-warm-profiled
17,3,1,8,3,0.375,0.0546875,6.857142857142857,ornith_dual-warm-profiled
18,1,3,24,6,0.25,0.056640625,4.413793103448276,ornith_dual-warm-profiled
18,2,2,16,3,0.1875,0.056640625,3.310344827586207,ornith_dual-warm-profiled
18,3,1,8,4,0.5,0.056640625,8.827586206896552,ornith_dual-warm-profiled
19,1,3,24,6,0.25,0.056640625,4.413793103448276,ornith_dual-warm-profiled
19,2,2,16,4,0.25,0.056640625,4.413793103448276,ornith_dual-warm-profiled
19,3,1,8,3,0.375,0.056640625,6.620689655172414,ornith_dual-warm-profiled
20,1,3,24,9,0.375,0.06640625,5.647058823529412,ornith_dual-warm-profiled
20,2,2,16,4,0.25,0.06640625,3.764705882352941,ornith_dual-warm-profiled
20,3,1,8,5,0.625,0.06640625,9.411764705882353,ornith_dual-warm-profiled
21,1,3,24,4,0.16666666666666666,0.052734375,3.1604938271604937,ornith_dual-warm-profiled
21,2,2,16,3,0.1875,0.052734375,3.5555555555555554,ornith_dual-warm-profiled
21,3,1,8,4,0.5,0.052734375,9.481481481481481,ornith_dual-warm-profiled
22,1,3,24,4,0.16666666666666666,0.046875,3.5555555555555554,ornith_dual-warm-profiled
22,2,2,16,1,0.0625,0.046875,1.3333333333333333,ornith_dual-warm-profiled
22,3,1,8,3,0.375,0.046875,8.0,ornith_dual-warm-profiled
23,1,3,24,3,0.125,0.046875,2.6666666666666665,ornith_dual-warm-profiled
23,2,2,16,2,0.125,0.046875,2.6666666666666665,ornith_dual-warm-profiled
23,3,1,8,3,0.375,0.046875,8.0,ornith_dual-warm-profiled
24,1,3,24,7,0.2916666666666667,0.0546875,5.333333333333334,ornith_dual-warm-profiled
24,2,2,16,3,0.1875,0.0546875,3.4285714285714284,ornith_dual-warm-profiled
24,3,1,8,2,0.25,0.0546875,4.571428571428571,ornith_dual-warm-profiled
25,1,3,24,9,0.375,0.0625,6.0,ornith_dual-warm-profiled
25,2,2,16,4,0.25,0.0625,4.0,ornith_dual-warm-profiled
25,3,1,8,3,0.375,0.0625,6.0,ornith_dual-warm-profiled
26,1,3,24,5,0.20833333333333334,0.048828125,4.266666666666667,ornith_dual-warm-profiled
26,2,2,16,3,0.1875,0.048828125,3.84,ornith_dual-warm-profiled
26,3,1,8,1,0.125,0.048828125,2.56,ornith_dual-warm-profiled
27,1,3,24,5,0.20833333333333334,0.052734375,3.9506172839506175,ornith_dual-warm-profiled
27,2,2,16,4,0.25,0.052734375,4.7407407407407405,ornith_dual-warm-profiled
27,3,1,8,2,0.25,0.052734375,4.7407407407407405,ornith_dual-warm-profiled
28,1,3,24,10,0.4166666666666667,0.05859375,7.111111111111112,ornith_dual-warm-profiled
28,2,2,16,4,0.25,0.05859375,4.266666666666667,ornith_dual-warm-profiled
28,3,1,8,0,0.0,0.05859375,0.0,ornith_dual-warm-profiled
29,1,3,24,9,0.375,0.056640625,6.620689655172414,ornith_dual-warm-profiled
29,2,2,16,4,0.25,0.056640625,4.413793103448276,ornith_dual-warm-profiled
29,3,1,8,0,0.0,0.056640625,0.0,ornith_dual-warm-profiled
30,1,3,24,9,0.375,0.0546875,6.857142857142857,ornith_dual-warm-profiled
30,2,2,16,3,0.1875,0.0546875,3.4285714285714284,ornith_dual-warm-profiled
30,3,1,8,0,0.0,0.0546875,0.0,ornith_dual-warm-profiled
31,1,3,24,13,0.5416666666666666,0.076171875,7.111111111111111,ornith_dual-warm-profiled
31,2,2,16,7,0.4375,0.076171875,5.743589743589744,ornith_dual-warm-profiled
31,3,1,8,3,0.375,0.076171875,4.923076923076923,ornith_dual-warm-profiled
32,1,3,24,12,0.5,0.072265625,6.918918918918919,ornith_dual-warm-profiled
32,2,2,16,7,0.4375,0.072265625,6.054054054054054,ornith_dual-warm-profiled
32,3,1,8,2,0.25,0.072265625,3.4594594594594597,ornith_dual-warm-profiled
33,1,3,24,9,0.375,0.060546875,6.193548387096774,ornith_dual-warm-profiled
33,2,2,16,4,0.25,0.060546875,4.129032258064516,ornith_dual-warm-profiled
33,3,1,8,2,0.25,0.060546875,4.129032258064516,ornith_dual-warm-profiled
34,1,3,24,7,0.2916666666666667,0.052734375,5.530864197530865,ornith_dual-warm-profiled
34,2,2,16,3,0.1875,0.052734375,3.5555555555555554,ornith_dual-warm-profiled
34,3,1,8,1,0.125,0.052734375,2.3703703703703702,ornith_dual-warm-profiled
35,1,3,24,13,0.5416666666666666,0.0703125,7.703703703703703,ornith_dual-warm-profiled
35,2,2,16,5,0.3125,0.0703125,4.444444444444445,ornith_dual-warm-profiled
35,3,1,8,2,0.25,0.0703125,3.5555555555555554,ornith_dual-warm-profiled
36,1,3,24,9,0.375,0.060546875,6.193548387096774,ornith_dual-warm-profiled
36,2,2,16,4,0.25,0.060546875,4.129032258064516,ornith_dual-warm-profiled
36,3,1,8,2,0.25,0.060546875,4.129032258064516,ornith_dual-warm-profiled
37,1,3,24,10,0.4166666666666667,0.056640625,7.35632183908046,ornith_dual-warm-profiled
37,2,2,16,2,0.125,0.056640625,2.206896551724138,ornith_dual-warm-profiled
37,3,1,8,1,0.125,0.056640625,2.206896551724138,ornith_dual-warm-profiled
38,1,3,24,12,0.5,0.06640625,7.529411764705882,ornith_dual-warm-profiled
38,2,2,16,4,0.25,0.06640625,3.764705882352941,ornith_dual-warm-profiled
38,3,1,8,2,0.25,0.06640625,3.764705882352941,ornith_dual-warm-profiled
39,1,3,24,7,0.2916666666666667,0.046875,6.222222222222222,ornith_dual-warm-profiled
39,2,2,16,1,0.0625,0.046875,1.3333333333333333,ornith_dual-warm-profiled
39,3,1,8,0,0.0,0.046875,0.0,ornith_dual-warm-profiled
0,1,3,24,0,0.0,0.041015625,0.0,ornith_dual-warm-reference-present
0,2,2,16,0,0.0,0.041015625,0.0,ornith_dual-warm-reference-present
0,3,1,8,5,0.625,0.041015625,15.238095238095237,ornith_dual-warm-reference-present
1,1,3,24,5,0.20833333333333334,0.048828125,4.266666666666667,ornith_dual-warm-reference-present
1,2,2,16,2,0.125,0.048828125,2.56,ornith_dual-warm-reference-present
1,3,1,8,2,0.25,0.048828125,5.12,ornith_dual-warm-reference-present
2,1,3,24,8,0.3333333333333333,0.068359375,4.876190476190476,ornith_dual-warm-reference-present
2,2,2,16,5,0.3125,0.068359375,4.571428571428571,ornith_dual-warm-reference-present
2,3,1,8,6,0.75,0.068359375,10.971428571428572,ornith_dual-warm-reference-present
3,1,3,24,6,0.25,0.0546875,4.571428571428571,ornith_dual-warm-reference-present
3,2,2,16,4,0.25,0.0546875,4.571428571428571,ornith_dual-warm-reference-present
3,3,1,8,2,0.25,0.0546875,4.571428571428571,ornith_dual-warm-reference-present
4,1,3,24,10,0.4166666666666667,0.06640625,6.2745098039215685,ornith_dual-warm-reference-present
4,2,2,16,5,0.3125,0.06640625,4.705882352941177,ornith_dual-warm-reference-present
4,3,1,8,3,0.375,0.06640625,5.647058823529412,ornith_dual-warm-reference-present
5,1,3,24,14,0.5833333333333334,0.080078125,7.284552845528456,ornith_dual-warm-reference-present
5,2,2,16,8,0.5,0.080078125,6.2439024390243905,ornith_dual-warm-reference-present
5,3,1,8,3,0.375,0.080078125,4.682926829268292,ornith_dual-warm-reference-present
6,1,3,24,11,0.4583333333333333,0.06640625,6.901960784313725,ornith_dual-warm-reference-present
6,2,2,16,6,0.375,0.06640625,5.647058823529412,ornith_dual-warm-reference-present
6,3,1,8,1,0.125,0.06640625,1.8823529411764706,ornith_dual-warm-reference-present
7,1,3,24,10,0.4166666666666667,0.0625,6.666666666666667,ornith_dual-warm-reference-present
7,2,2,16,5,0.3125,0.0625,5.0,ornith_dual-warm-reference-present
7,3,1,8,1,0.125,0.0625,2.0,ornith_dual-warm-reference-present
8,1,3,24,13,0.5416666666666666,0.0703125,7.703703703703703,ornith_dual-warm-reference-present
8,2,2,16,5,0.3125,0.0703125,4.444444444444445,ornith_dual-warm-reference-present
8,3,1,8,2,0.25,0.0703125,3.5555555555555554,ornith_dual-warm-reference-present
9,1,3,24,9,0.375,0.0625,6.0,ornith_dual-warm-reference-present
9,2,2,16,5,0.3125,0.0625,5.0,ornith_dual-warm-reference-present
9,3,1,8,2,0.25,0.0625,4.0,ornith_dual-warm-reference-present
10,1,3,24,8,0.3333333333333333,0.052734375,6.320987654320987,ornith_dual-warm-reference-present
10,2,2,16,3,0.1875,0.052734375,3.5555555555555554,ornith_dual-warm-reference-present
10,3,1,8,0,0.0,0.052734375,0.0,ornith_dual-warm-reference-present
11,1,3,24,7,0.2916666666666667,0.048828125,5.973333333333334,ornith_dual-warm-reference-present
11,2,2,16,2,0.125,0.048828125,2.56,ornith_dual-warm-reference-present
11,3,1,8,0,0.0,0.048828125,0.0,ornith_dual-warm-reference-present
12,1,3,24,10,0.4166666666666667,0.060546875,6.881720430107527,ornith_dual-warm-reference-present
12,2,2,16,4,0.25,0.060546875,4.129032258064516,ornith_dual-warm-reference-present
12,3,1,8,1,0.125,0.060546875,2.064516129032258,ornith_dual-warm-reference-present
13,1,3,24,9,0.375,0.0546875,6.857142857142857,ornith_dual-warm-reference-present
13,2,2,16,3,0.1875,0.0546875,3.4285714285714284,ornith_dual-warm-reference-present
13,3,1,8,0,0.0,0.0546875,0.0,ornith_dual-warm-reference-present
14,1,3,24,10,0.4166666666666667,0.060546875,6.881720430107527,ornith_dual-warm-reference-present
14,2,2,16,5,0.3125,0.060546875,5.161290322580645,ornith_dual-warm-reference-present
14,3,1,8,0,0.0,0.060546875,0.0,ornith_dual-warm-reference-present
15,1,3,24,6,0.25,0.048828125,5.12,ornith_dual-warm-reference-present
15,2,2,16,2,0.125,0.048828125,2.56,ornith_dual-warm-reference-present
15,3,1,8,1,0.125,0.048828125,2.56,ornith_dual-warm-reference-present
16,1,3,24,10,0.4166666666666667,0.0625,6.666666666666667,ornith_dual-warm-reference-present
16,2,2,16,5,0.3125,0.0625,5.0,ornith_dual-warm-reference-present
16,3,1,8,1,0.125,0.0625,2.0,ornith_dual-warm-reference-present
17,1,3,24,7,0.2916666666666667,0.0546875,5.333333333333334,ornith_dual-warm-reference-present
17,2,2,16,2,0.125,0.0546875,2.2857142857142856,ornith_dual-warm-reference-present
17,3,1,8,3,0.375,0.0546875,6.857142857142857,ornith_dual-warm-reference-present
18,1,3,24,6,0.25,0.056640625,4.413793103448276,ornith_dual-warm-reference-present
18,2,2,16,3,0.1875,0.056640625,3.310344827586207,ornith_dual-warm-reference-present
18,3,1,8,4,0.5,0.056640625,8.827586206896552,ornith_dual-warm-reference-present
19,1,3,24,6,0.25,0.056640625,4.413793103448276,ornith_dual-warm-reference-present
19,2,2,16,4,0.25,0.056640625,4.413793103448276,ornith_dual-warm-reference-present
19,3,1,8,3,0.375,0.056640625,6.620689655172414,ornith_dual-warm-reference-present
20,1,3,24,9,0.375,0.06640625,5.647058823529412,ornith_dual-warm-reference-present
20,2,2,16,4,0.25,0.06640625,3.764705882352941,ornith_dual-warm-reference-present
20,3,1,8,5,0.625,0.06640625,9.411764705882353,ornith_dual-warm-reference-present
21,1,3,24,4,0.16666666666666666,0.052734375,3.1604938271604937,ornith_dual-warm-reference-present
21,2,2,16,3,0.1875,0.052734375,3.5555555555555554,ornith_dual-warm-reference-present
21,3,1,8,4,0.5,0.052734375,9.481481481481481,ornith_dual-warm-reference-present
22,1,3,24,4,0.16666666666666666,0.046875,3.5555555555555554,ornith_dual-warm-reference-present
22,2,2,16,1,0.0625,0.046875,1.3333333333333333,ornith_dual-warm-reference-present
22,3,1,8,3,0.375,0.046875,8.0,ornith_dual-warm-reference-present
23,1,3,24,3,0.125,0.046875,2.6666666666666665,ornith_dual-warm-reference-present
23,2,2,16,2,0.125,0.046875,2.6666666666666665,ornith_dual-warm-reference-present
23,3,1,8,3,0.375,0.046875,8.0,ornith_dual-warm-reference-present
24,1,3,24,7,0.2916666666666667,0.0546875,5.333333333333334,ornith_dual-warm-reference-present
24,2,2,16,3,0.1875,0.0546875,3.4285714285714284,ornith_dual-warm-reference-present
24,3,1,8,2,0.25,0.0546875,4.571428571428571,ornith_dual-warm-reference-present
25,1,3,24,9,0.375,0.0625,6.0,ornith_dual-warm-reference-present
25,2,2,16,4,0.25,0.0625,4.0,ornith_dual-warm-reference-present
25,3,1,8,3,0.375,0.0625,6.0,ornith_dual-warm-reference-present
26,1,3,24,5,0.20833333333333334,0.048828125,4.266666666666667,ornith_dual-warm-reference-present
26,2,2,16,3,0.1875,0.048828125,3.84,ornith_dual-warm-reference-present
26,3,1,8,1,0.125,0.048828125,2.56,ornith_dual-warm-reference-present
27,1,3,24,5,0.20833333333333334,0.052734375,3.9506172839506175,ornith_dual-warm-reference-present
27,2,2,16,4,0.25,0.052734375,4.7407407407407405,ornith_dual-warm-reference-present
27,3,1,8,2,0.25,0.052734375,4.7407407407407405,ornith_dual-warm-reference-present
28,1,3,24,10,0.4166666666666667,0.05859375,7.111111111111112,ornith_dual-warm-reference-present
28,2,2,16,4,0.25,0.05859375,4.266666666666667,ornith_dual-warm-reference-present
28,3,1,8,0,0.0,0.05859375,0.0,ornith_dual-warm-reference-present
29,1,3,24,9,0.375,0.056640625,6.620689655172414,ornith_dual-warm-reference-present
29,2,2,16,4,0.25,0.056640625,4.413793103448276,ornith_dual-warm-reference-present
29,3,1,8,0,0.0,0.056640625,0.0,ornith_dual-warm-reference-present
30,1,3,24,9,0.375,0.0546875,6.857142857142857,ornith_dual-warm-reference-present
30,2,2,16,3,0.1875,0.0546875,3.4285714285714284,ornith_dual-warm-reference-present
30,3,1,8,0,0.0,0.0546875,0.0,ornith_dual-warm-reference-present
31,1,3,24,13,0.5416666666666666,0.076171875,7.111111111111111,ornith_dual-warm-reference-present
31,2,2,16,7,0.4375,0.076171875,5.743589743589744,ornith_dual-warm-reference-present
31,3,1,8,3,0.375,0.076171875,4.923076923076923,ornith_dual-warm-reference-present
32,1,3,24,12,0.5,0.072265625,6.918918918918919,ornith_dual-warm-reference-present
32,2,2,16,7,0.4375,0.072265625,6.054054054054054,ornith_dual-warm-reference-present
32,3,1,8,2,0.25,0.072265625,3.4594594594594597,ornith_dual-warm-reference-present
33,1,3,24,9,0.375,0.060546875,6.193548387096774,ornith_dual-warm-reference-present
33,2,2,16,4,0.25,0.060546875,4.129032258064516,ornith_dual-warm-reference-present
33,3,1,8,2,0.25,0.060546875,4.129032258064516,ornith_dual-warm-reference-present
34,1,3,24,7,0.2916666666666667,0.052734375,5.530864197530865,ornith_dual-warm-reference-present
34,2,2,16,3,0.1875,0.052734375,3.5555555555555554,ornith_dual-warm-reference-present
34,3,1,8,1,0.125,0.052734375,2.3703703703703702,ornith_dual-warm-reference-present
35,1,3,24,13,0.5416666666666666,0.0703125,7.703703703703703,ornith_dual-warm-reference-present
35,2,2,16,5,0.3125,0.0703125,4.444444444444445,ornith_dual-warm-reference-present
35,3,1,8,2,0.25,0.0703125,3.5555555555555554,ornith_dual-warm-reference-present
36,1,3,24,9,0.375,0.060546875,6.193548387096774,ornith_dual-warm-reference-present
36,2,2,16,4,0.25,0.060546875,4.129032258064516,ornith_dual-warm-reference-present
36,3,1,8,2,0.25,0.060546875,4.129032258064516,ornith_dual-warm-reference-present
37,1,3,24,10,0.4166666666666667,0.056640625,7.35632183908046,ornith_dual-warm-reference-present
37,2,2,16,2,0.125,0.056640625,2.206896551724138,ornith_dual-warm-reference-present
37,3,1,8,1,0.125,0.056640625,2.206896551724138,ornith_dual-warm-reference-present
38,1,3,24,12,0.5,0.06640625,7.529411764705882,ornith_dual-warm-reference-present
38,2,2,16,4,0.25,0.06640625,3.764705882352941,ornith_dual-warm-reference-present
38,3,1,8,2,0.25,0.06640625,3.764705882352941,ornith_dual-warm-reference-present
39,1,3,24,7,0.2916666666666667,0.046875,6.222222222222222,ornith_dual-warm-reference-present
39,2,2,16,1,0.0625,0.046875,1.3333333333333333,ornith_dual-warm-reference-present
39,3,1,8,0,0.0,0.046875,0.0,ornith_dual-warm-reference-present
0,1,1,8,0,0.0,0.0625,0.0,ornith_dual-cache-disabled
1,1,1,8,0,0.0,0.0625,0.0,ornith_dual-cache-disabled
2,1,1,8,2,0.25,0.078125,3.2,ornith_dual-cache-disabled
3,1,1,8,1,0.125,0.0703125,1.7777777777777777,ornith_dual-cache-disabled
4,1,1,8,4,0.5,0.09375,5.333333333333333,ornith_dual-cache-disabled
5,1,1,8,4,0.5,0.09375,5.333333333333333,ornith_dual-cache-disabled
6,1,1,8,1,0.125,0.0703125,1.7777777777777777,ornith_dual-cache-disabled
7,1,1,8,1,0.125,0.0703125,1.7777777777777777,ornith_dual-cache-disabled
8,1,1,8,1,0.125,0.0703125,1.7777777777777777,ornith_dual-cache-disabled
9,1,1,8,2,0.25,0.078125,3.2,ornith_dual-cache-disabled
10,1,1,8,0,0.0,0.0625,0.0,ornith_dual-cache-disabled
11,1,1,8,1,0.125,0.0703125,1.7777777777777777,ornith_dual-cache-disabled
12,1,1,8,1,0.125,0.0703125,1.7777777777777777,ornith_dual-cache-disabled
13,1,1,8,0,0.0,0.0625,0.0,ornith_dual-cache-disabled
14,1,1,8,0,0.0,0.0625,0.0,ornith_dual-cache-disabled
15,1,1,8,1,0.125,0.0703125,1.7777777777777777,ornith_dual-cache-disabled
16,1,1,8,2,0.25,0.078125,3.2,ornith_dual-cache-disabled
17,1,1,8,1,0.125,0.0703125,1.7777777777777777,ornith_dual-cache-disabled
18,1,1,8,1,0.125,0.0703125,1.7777777777777777,ornith_dual-cache-disabled
19,1,1,8,1,0.125,0.0703125,1.7777777777777777,ornith_dual-cache-disabled
20,1,1,8,3,0.375,0.0859375,4.363636363636363,ornith_dual-cache-disabled
21,1,1,8,1,0.125,0.0703125,1.7777777777777777,ornith_dual-cache-disabled
22,1,1,8,0,0.0,0.0625,0.0,ornith_dual-cache-disabled
23,1,1,8,0,0.0,0.0625,0.0,ornith_dual-cache-disabled
24,1,1,8,0,0.0,0.0625,0.0,ornith_dual-cache-disabled
25,1,1,8,2,0.25,0.078125,3.2,ornith_dual-cache-disabled
26,1,1,8,0,0.0,0.0625,0.0,ornith_dual-cache-disabled
27,1,1,8,0,0.0,0.0625,0.0,ornith_dual-cache-disabled
28,1,1,8,0,0.0,0.0625,0.0,ornith_dual-cache-disabled
29,1,1,8,0,0.0,0.0625,0.0,ornith_dual-cache-disabled
30,1,1,8,1,0.125,0.0703125,1.7777777777777777,ornith_dual-cache-disabled
31,1,1,8,3,0.375,0.0859375,4.363636363636363,ornith_dual-cache-disabled
32,1,1,8,4,0.5,0.09375,5.333333333333333,ornith_dual-cache-disabled
33,1,1,8,3,0.375,0.0859375,4.363636363636363,ornith_dual-cache-disabled
34,1,1,8,4,0.5,0.09375,5.333333333333333,ornith_dual-cache-disabled
35,1,1,8,6,0.75,0.109375,6.857142857142857,ornith_dual-cache-disabled
36,1,1,8,5,0.625,0.1015625,6.153846153846154,ornith_dual-cache-disabled
37,1,1,8,6,0.75,0.109375,6.857142857142857,ornith_dual-cache-disabled
38,1,1,8,5,0.625,0.1015625,6.153846153846154,ornith_dual-cache-disabled
39,1,1,8,4,0.5,0.09375,5.333333333333333,ornith_dual-cache-disabled
0,1,1,8,0,0.0,0.0625,0.0,ornith_dual-cache-capacity-4
1,1,1,8,0,0.0,0.0625,0.0,ornith_dual-cache-capacity-4
2,1,1,8,2,0.25,0.078125,3.2,ornith_dual-cache-capacity-4
3,1,1,8,1,0.125,0.0703125,1.7777777777777777,ornith_dual-cache-capacity-4
4,1,1,8,4,0.5,0.09375,5.333333333333333,ornith_dual-cache-capacity-4
5,1,1,8,4,0.5,0.09375,5.333333333333333,ornith_dual-cache-capacity-4
6,1,1,8,1,0.125,0.0703125,1.7777777777777777,ornith_dual-cache-capacity-4
7,1,1,8,1,0.125,0.0703125,1.7777777777777777,ornith_dual-cache-capacity-4
8,1,1,8,1,0.125,0.0703125,1.7777777777777777,ornith_dual-cache-capacity-4
9,1,1,8,2,0.25,0.078125,3.2,ornith_dual-cache-capacity-4
10,1,1,8,0,0.0,0.0625,0.0,ornith_dual-cache-capacity-4
11,1,1,8,1,0.125,0.0703125,1.7777777777777777,ornith_dual-cache-capacity-4
12,1,1,8,1,0.125,0.0703125,1.7777777777777777,ornith_dual-cache-capacity-4
13,1,1,8,0,0.0,0.0625,0.0,ornith_dual-cache-capacity-4
14,1,1,8,0,0.0,0.0625,0.0,ornith_dual-cache-capacity-4
15,1,1,8,1,0.125,0.0703125,1.7777777777777777,ornith_dual-cache-capacity-4
16,1,1,8,2,0.25,0.078125,3.2,ornith_dual-cache-capacity-4
17,1,1,8,1,0.125,0.0703125,1.7777777777777777,ornith_dual-cache-capacity-4
18,1,1,8,1,0.125,0.0703125,1.7777777777777777,ornith_dual-cache-capacity-4
19,1,1,8,1,0.125,0.0703125,1.7777777777777777,ornith_dual-cache-capacity-4
20,1,1,8,3,0.375,0.0859375,4.363636363636363,ornith_dual-cache-capacity-4
21,1,1,8,1,0.125,0.0703125,1.7777777777777777,ornith_dual-cache-capacity-4
22,1,1,8,0,0.0,0.0625,0.0,ornith_dual-cache-capacity-4
23,1,1,8,0,0.0,0.0625,0.0,ornith_dual-cache-capacity-4
24,1,1,8,0,0.0,0.0625,0.0,ornith_dual-cache-capacity-4
25,1,1,8,2,0.25,0.078125,3.2,ornith_dual-cache-capacity-4
26,1,1,8,0,0.0,0.0625,0.0,ornith_dual-cache-capacity-4
27,1,1,8,0,0.0,0.0625,0.0,ornith_dual-cache-capacity-4
28,1,1,8,0,0.0,0.0625,0.0,ornith_dual-cache-capacity-4
29,1,1,8,0,0.0,0.0625,0.0,ornith_dual-cache-capacity-4
30,1,1,8,1,0.125,0.0703125,1.7777777777777777,ornith_dual-cache-capacity-4
31,1,1,8,3,0.375,0.0859375,4.363636363636363,ornith_dual-cache-capacity-4
32,1,1,8,4,0.5,0.09375,5.333333333333333,ornith_dual-cache-capacity-4
33,1,1,8,3,0.375,0.0859375,4.363636363636363,ornith_dual-cache-capacity-4
34,1,1,8,4,0.5,0.09375,5.333333333333333,ornith_dual-cache-capacity-4
35,1,1,8,6,0.75,0.109375,6.857142857142857,ornith_dual-cache-capacity-4
36,1,1,8,5,0.625,0.1015625,6.153846153846154,ornith_dual-cache-capacity-4
37,1,1,8,6,0.75,0.109375,6.857142857142857,ornith_dual-cache-capacity-4
38,1,1,8,5,0.625,0.1015625,6.153846153846154,ornith_dual-cache-capacity-4
39,1,1,8,4,0.5,0.09375,5.333333333333333,ornith_dual-cache-capacity-4
0,1,10,80,9,0.1125,0.02066115702479339,5.445,ornith_dual-long-prompt
0,2,9,72,3,0.041666666666666664,0.02066115702479339,2.0166666666666666,ornith_dual-long-prompt
0,3,8,64,1,0.015625,0.02066115702479339,0.75625,ornith_dual-long-prompt
0,4,7,56,4,0.07142857142857142,0.02066115702479339,3.457142857142857,ornith_dual-long-prompt
0,5,6,48,8,0.16666666666666666,0.02066115702479339,8.066666666666666,ornith_dual-long-prompt
0,6,5,40,9,0.225,0.02066115702479339,10.89,ornith_dual-long-prompt
0,7,4,32,1,0.03125,0.02066115702479339,1.5125,ornith_dual-long-prompt
0,8,3,24,1,0.041666666666666664,0.02066115702479339,2.0166666666666666,ornith_dual-long-prompt
0,9,2,16,0,0.0,0.02066115702479339,0.0,ornith_dual-long-prompt
0,10,1,8,0,0.0,0.02066115702479339,0.0,ornith_dual-long-prompt
1,1,10,80,14,0.175,0.0253099173553719,6.914285714285714,ornith_dual-long-prompt
1,2,9,72,6,0.08333333333333333,0.0253099173553719,3.292517006802721,ornith_dual-long-prompt
1,3,8,64,7,0.109375,0.0253099173553719,4.321428571428571,ornith_dual-long-prompt
1,4,7,56,4,0.07142857142857142,0.0253099173553719,2.822157434402332,ornith_dual-long-prompt
1,5,6,48,7,0.14583333333333334,0.0253099173553719,5.761904761904763,ornith_dual-long-prompt
1,6,5,40,10,0.25,0.0253099173553719,9.877551020408164,ornith_dual-long-prompt
1,7,4,32,3,0.09375,0.0253099173553719,3.7040816326530615,ornith_dual-long-prompt
1,8,3,24,1,0.041666666666666664,0.0253099173553719,1.6462585034013606,ornith_dual-long-prompt
1,9,2,16,1,0.0625,0.0253099173553719,2.469387755102041,ornith_dual-long-prompt
1,10,1,8,1,0.125,0.0253099173553719,4.938775510204082,ornith_dual-long-prompt
2,1,10,80,9,0.1125,0.016787190082644628,6.701538461538462,ornith_dual-long-prompt
2,2,9,72,3,0.041666666666666664,0.016787190082644628,2.482051282051282,ornith_dual-long-prompt
2,3,8,64,1,0.015625,0.016787190082644628,0.9307692307692308,ornith_dual-long-prompt
2,4,7,56,1,0.017857142857142856,0.016787190082644628,1.0637362637362637,ornith_dual-long-prompt
2,5,6,48,2,0.041666666666666664,0.016787190082644628,2.482051282051282,ornith_dual-long-prompt
2,6,5,40,4,0.1,0.016787190082644628,5.956923076923077,ornith_dual-long-prompt
2,7,4,32,0,0.0,0.016787190082644628,0.0,ornith_dual-long-prompt
2,8,3,24,1,0.041666666666666664,0.016787190082644628,2.482051282051282,ornith_dual-long-prompt
2,9,2,16,0,0.0,0.016787190082644628,0.0,ornith_dual-long-prompt
2,10,1,8,0,0.0,0.016787190082644628,0.0,ornith_dual-long-prompt
3,1,10,80,15,0.1875,0.021952479338842975,8.541176470588235,ornith_dual-long-prompt
3,2,9,72,4,0.05555555555555555,0.021952479338842975,2.530718954248366,ornith_dual-long-prompt
3,3,8,64,8,0.125,0.021952479338842975,5.694117647058824,ornith_dual-long-prompt
3,4,7,56,4,0.07142857142857142,0.021952479338842975,3.253781512605042,ornith_dual-long-prompt
3,5,6,48,3,0.0625,0.021952479338842975,2.847058823529412,ornith_dual-long-prompt
3,6,5,40,2,0.05,0.021952479338842975,2.2776470588235296,ornith_dual-long-prompt
3,7,4,32,1,0.03125,0.021952479338842975,1.423529411764706,ornith_dual-long-prompt
3,8,3,24,1,0.041666666666666664,0.021952479338842975,1.8980392156862744,ornith_dual-long-prompt
3,9,2,16,2,0.125,0.021952479338842975,5.694117647058824,ornith_dual-long-prompt
3,10,1,8,1,0.125,0.021952479338842975,5.694117647058824,ornith_dual-long-prompt
4,1,10,80,29,0.3625,0.0371900826446281,9.747222222222222,ornith_dual-long-prompt
4,2,9,72,21,0.2916666666666667,0.0371900826446281,7.842592592592593,ornith_dual-long-prompt
4,3,8,64,14,0.21875,0.0371900826446281,5.881944444444445,ornith_dual-long-prompt
4,4,7,56,11,0.19642857142857142,0.0371900826446281,5.281746031746032,ornith_dual-long-prompt
4,5,6,48,10,0.20833333333333334,0.0371900826446281,5.601851851851852,ornith_dual-long-prompt
4,6,5,40,8,0.2,0.0371900826446281,5.377777777777778,ornith_dual-long-prompt
4,7,4,32,5,0.15625,0.0371900826446281,4.201388888888888,ornith_dual-long-prompt
4,8,3,24,1,0.041666666666666664,0.0371900826446281,1.1203703703703702,ornith_dual-long-prompt
4,9,2,16,1,0.0625,0.0371900826446281,1.6805555555555556,ornith_dual-long-prompt
4,10,1,8,0,0.0,0.0371900826446281,0.0,ornith_dual-long-prompt
5,1,10,80,29,0.3625,0.036415289256198344,9.954609929078014,ornith_dual-long-prompt
5,2,9,72,17,0.2361111111111111,0.036415289256198344,6.483845547675335,ornith_dual-long-prompt
5,3,8,64,16,0.25,0.036415289256198344,6.865248226950356,ornith_dual-long-prompt
5,4,7,56,12,0.21428571428571427,0.036415289256198344,5.8844984802431615,ornith_dual-long-prompt
5,5,6,48,9,0.1875,0.036415289256198344,5.1489361702127665,ornith_dual-long-prompt
5,6,5,40,7,0.175,0.036415289256198344,4.8056737588652485,ornith_dual-long-prompt
5,7,4,32,3,0.09375,0.036415289256198344,2.5744680851063833,ornith_dual-long-prompt
5,8,3,24,2,0.08333333333333333,0.036415289256198344,2.2884160756501184,ornith_dual-long-prompt
5,9,2,16,2,0.125,0.036415289256198344,3.432624113475178,ornith_dual-long-prompt
5,10,1,8,0,0.0,0.036415289256198344,0.0,ornith_dual-long-prompt
6,1,10,80,34,0.425,0.04080578512396694,10.415189873417722,ornith_dual-long-prompt
6,2,9,72,20,0.2777777777777778,0.04080578512396694,6.807313642756681,ornith_dual-long-prompt
6,3,8,64,15,0.234375,0.04080578512396694,5.74367088607595,ornith_dual-long-prompt
6,4,7,56,15,0.26785714285714285,0.04080578512396694,6.564195298372514,ornith_dual-long-prompt
6,5,6,48,11,0.22916666666666666,0.04080578512396694,5.616033755274262,ornith_dual-long-prompt
6,6,5,40,6,0.15,0.04080578512396694,3.6759493670886076,ornith_dual-long-prompt
6,7,4,32,5,0.15625,0.04080578512396694,3.8291139240506333,ornith_dual-long-prompt
6,8,3,24,4,0.16666666666666666,0.04080578512396694,4.084388185654008,ornith_dual-long-prompt
6,9,2,16,3,0.1875,0.04080578512396694,4.59493670886076,ornith_dual-long-prompt
6,10,1,8,1,0.125,0.04080578512396694,3.0632911392405067,ornith_dual-long-prompt
7,1,10,80,41,0.5125,0.053460743801652895,9.58647342995169,ornith_dual-long-prompt
7,2,9,72,31,0.4305555555555556,0.053460743801652895,8.053676865271068,ornith_dual-long-prompt
7,3,8,64,26,0.40625,0.053460743801652895,7.599033816425121,ornith_dual-long-prompt
7,4,7,56,22,0.39285714285714285,0.053460743801652895,7.348516218081435,ornith_dual-long-prompt
7,5,6,48,17,0.3541666666666667,0.053460743801652895,6.624798711755234,ornith_dual-long-prompt
7,6,5,40,12,0.3,0.053460743801652895,5.611594202898551,ornith_dual-long-prompt
7,7,4,32,7,0.21875,0.053460743801652895,4.091787439613526,ornith_dual-long-prompt
7,8,3,24,5,0.20833333333333334,0.053460743801652895,3.896940418679549,ornith_dual-long-prompt
7,9,2,16,2,0.125,0.053460743801652895,2.338164251207729,ornith_dual-long-prompt
7,10,1,8,0,0.0,0.053460743801652895,0.0,ornith_dual-long-prompt
8,1,10,80,42,0.525,0.06172520661157025,8.505439330543933,ornith_dual-long-prompt
8,2,9,72,36,0.5,0.06172520661157025,8.10041841004184,ornith_dual-long-prompt
8,3,8,64,32,0.5,0.06172520661157025,8.10041841004184,ornith_dual-long-prompt
8,4,7,56,28,0.5,0.06172520661157025,8.10041841004184,ornith_dual-long-prompt
8,5,6,48,18,0.375,0.06172520661157025,6.075313807531381,ornith_dual-long-prompt
8,6,5,40,15,0.375,0.06172520661157025,6.075313807531381,ornith_dual-long-prompt
8,7,4,32,10,0.3125,0.06172520661157025,5.062761506276151,ornith_dual-long-prompt
8,8,3,24,8,0.3333333333333333,0.06172520661157025,5.400278940027894,ornith_dual-long-prompt
8,9,2,16,5,0.3125,0.06172520661157025,5.062761506276151,ornith_dual-long-prompt
8,10,1,8,1,0.125,0.06172520661157025,2.02510460251046,ornith_dual-long-prompt
9,1,10,80,28,0.35,0.04777892561983471,7.325405405405405,ornith_dual-long-prompt
9,2,9,72,22,0.3055555555555556,0.04777892561983471,6.395195195195195,ornith_dual-long-prompt
9,3,8,64,22,0.34375,0.04777892561983471,7.194594594594594,ornith_dual-long-prompt
9,4,7,56,22,0.39285714285714285,0.04777892561983471,8.222393822393823,ornith_dual-long-prompt
9,5,6,48,17,0.3541666666666667,0.04777892561983471,7.412612612612613,ornith_dual-long-prompt
9,6,5,40,13,0.325,0.04777892561983471,6.802162162162162,ornith_dual-long-prompt
9,7,4,32,8,0.25,0.04777892561983471,5.232432432432432,ornith_dual-long-prompt
9,8,3,24,5,0.20833333333333334,0.04777892561983471,4.36036036036036,ornith_dual-long-prompt
9,9,2,16,3,0.1875,0.04777892561983471,3.924324324324324,ornith_dual-long-prompt
9,10,1,8,1,0.125,0.04777892561983471,2.616216216216216,ornith_dual-long-prompt
10,1,10,80,34,0.425,0.04519628099173553,9.403428571428572,ornith_dual-long-prompt
10,2,9,72,24,0.3333333333333333,0.04519628099173553,7.375238095238096,ornith_dual-long-prompt
10,3,8,64,21,0.328125,0.04519628099173553,7.260000000000001,ornith_dual-long-prompt
10,4,7,56,19,0.3392857142857143,0.04519628099173553,7.506938775510205,ornith_dual-long-prompt
10,5,6,48,13,0.2708333333333333,0.04519628099173553,5.992380952380953,ornith_dual-long-prompt
10,6,5,40,8,0.2,0.04519628099173553,4.425142857142858,ornith_dual-long-prompt
10,7,4,32,6,0.1875,0.04519628099173553,4.148571428571429,ornith_dual-long-prompt
10,8,3,24,4,0.16666666666666666,0.04519628099173553,3.687619047619048,ornith_dual-long-prompt
10,9,2,16,2,0.125,0.04519628099173553,2.765714285714286,ornith_dual-long-prompt
10,10,1,8,0,0.0,0.04519628099173553,0.0,ornith_dual-long-prompt
11,1,10,80,25,0.3125,0.03460743801652892,9.029850746268657,ornith_dual-long-prompt
11,2,9,72,15,0.20833333333333334,0.03460743801652892,6.019900497512439,ornith_dual-long-prompt
11,3,8,64,15,0.234375,0.03460743801652892,6.772388059701493,ornith_dual-long-prompt
11,4,7,56,15,0.26785714285714285,0.03460743801652892,7.7398720682302775,ornith_dual-long-prompt
11,5,6,48,9,0.1875,0.03460743801652892,5.417910447761194,ornith_dual-long-prompt
11,6,5,40,4,0.1,0.03460743801652892,2.8895522388059707,ornith_dual-long-prompt
11,7,4,32,3,0.09375,0.03460743801652892,2.708955223880597,ornith_dual-long-prompt
11,8,3,24,4,0.16666666666666666,0.03460743801652892,4.8159203980099505,ornith_dual-long-prompt
11,9,2,16,0,0.0,0.03460743801652892,0.0,ornith_dual-long-prompt
11,10,1,8,0,0.0,0.03460743801652892,0.0,ornith_dual-long-prompt
12,1,10,80,37,0.4625,0.047520661157024795,9.732608695652175,ornith_dual-long-prompt
12,2,9,72,26,0.3611111111111111,0.047520661157024795,7.599033816425121,ornith_dual-long-prompt
12,3,8,64,23,0.359375,0.047520661157024795,7.5625,ornith_dual-long-prompt
12,4,7,56,20,0.35714285714285715,0.047520661157024795,7.515527950310559,ornith_dual-long-prompt
12,5,6,48,12,0.25,0.047520661157024795,5.260869565217392,ornith_dual-long-prompt
12,6,5,40,7,0.175,0.047520661157024795,3.6826086956521737,ornith_dual-long-prompt
12,7,4,32,6,0.1875,0.047520661157024795,3.9456521739130435,ornith_dual-long-prompt
12,8,3,24,7,0.2916666666666667,0.047520661157024795,6.13768115942029,ornith_dual-long-prompt
12,9,2,16,2,0.125,0.047520661157024795,2.630434782608696,ornith_dual-long-prompt
12,10,1,8,0,0.0,0.047520661157024795,0.0,ornith_dual-long-prompt
13,1,10,80,29,0.3625,0.04648760330578513,7.797777777777776,ornith_dual-long-prompt
13,2,9,72,22,0.3055555555555556,0.04648760330578513,6.57283950617284,ornith_dual-long-prompt
13,3,8,64,23,0.359375,0.04648760330578513,7.730555555555555,ornith_dual-long-prompt
13,4,7,56,21,0.375,0.04648760330578513,8.066666666666666,ornith_dual-long-prompt
13,5,6,48,15,0.3125,0.04648760330578513,6.722222222222221,ornith_dual-long-prompt
13,6,5,40,10,0.25,0.04648760330578513,5.377777777777777,ornith_dual-long-prompt
13,7,4,32,8,0.25,0.04648760330578513,5.377777777777777,ornith_dual-long-prompt
13,8,3,24,5,0.20833333333333334,0.04648760330578513,4.481481481481481,ornith_dual-long-prompt
13,9,2,16,3,0.1875,0.04648760330578513,4.033333333333333,ornith_dual-long-prompt
13,10,1,8,0,0.0,0.04648760330578513,0.0,ornith_dual-long-prompt
14,1,10,80,30,0.375,0.04106404958677686,9.132075471698112,ornith_dual-long-prompt
14,2,9,72,19,0.2638888888888889,0.04106404958677686,6.4262753319357095,ornith_dual-long-prompt
14,3,8,64,21,0.328125,0.04106404958677686,7.9905660377358485,ornith_dual-long-prompt
14,4,7,56,16,0.2857142857142857,0.04106404958677686,6.957771787960467,ornith_dual-long-prompt
14,5,6,48,12,0.25,0.04106404958677686,6.088050314465408,ornith_dual-long-prompt
14,6,5,40,7,0.175,0.04106404958677686,4.261635220125786,ornith_dual-long-prompt
14,7,4,32,6,0.1875,0.04106404958677686,4.566037735849056,ornith_dual-long-prompt
14,8,3,24,3,0.125,0.04106404958677686,3.044025157232704,ornith_dual-long-prompt
14,9,2,16,1,0.0625,0.04106404958677686,1.522012578616352,ornith_dual-long-prompt
14,10,1,8,0,0.0,0.04106404958677686,0.0,ornith_dual-long-prompt
15,1,10,80,21,0.2625,0.034349173553719005,7.642105263157895,ornith_dual-long-prompt
15,2,9,72,12,0.16666666666666666,0.034349173553719005,4.852130325814537,ornith_dual-long-prompt
15,3,8,64,15,0.234375,0.034349173553719005,6.8233082706766925,ornith_dual-long-prompt
15,4,7,56,16,0.2857142857142857,0.034349173553719005,8.317937701396348,ornith_dual-long-prompt
15,5,6,48,7,0.14583333333333334,0.034349173553719005,4.24561403508772,ornith_dual-long-prompt
15,6,5,40,6,0.15,0.034349173553719005,4.366917293233083,ornith_dual-long-prompt
15,7,4,32,7,0.21875,0.034349173553719005,6.36842105263158,ornith_dual-long-prompt
15,8,3,24,4,0.16666666666666666,0.034349173553719005,4.852130325814537,ornith_dual-long-prompt
15,9,2,16,1,0.0625,0.034349173553719005,1.8195488721804514,ornith_dual-long-prompt
15,10,1,8,0,0.0,0.034349173553719005,0.0,ornith_dual-long-prompt
16,1,10,80,47,0.5875,0.06379132231404959,9.209716599190283,ornith_dual-long-prompt
16,2,9,72,36,0.5,0.06379132231404959,7.838056680161943,ornith_dual-long-prompt
16,3,8,64,33,0.515625,0.06379132231404959,8.082995951417004,ornith_dual-long-prompt
16,4,7,56,25,0.44642857142857145,0.06379132231404959,6.9982648930017355,ornith_dual-long-prompt
16,5,6,48,23,0.4791666666666667,0.06379132231404959,7.511470985155196,ornith_dual-long-prompt
16,6,5,40,18,0.45,0.06379132231404959,7.054251012145749,ornith_dual-long-prompt
16,7,4,32,11,0.34375,0.06379132231404959,5.388663967611336,ornith_dual-long-prompt
16,8,3,24,7,0.2916666666666667,0.06379132231404959,4.572199730094467,ornith_dual-long-prompt
16,9,2,16,3,0.1875,0.06379132231404959,2.9392712550607287,ornith_dual-long-prompt
16,10,1,8,0,0.0,0.06379132231404959,0.0,ornith_dual-long-prompt
17,1,10,80,38,0.475,0.05242768595041322,9.060098522167488,ornith_dual-long-prompt
17,2,9,72,28,0.3888888888888889,0.05242768595041322,7.417624521072797,ornith_dual-long-prompt
17,3,8,64,29,0.453125,0.05242768595041322,8.642857142857142,ornith_dual-long-prompt
17,4,7,56,21,0.375,0.05242768595041322,7.152709359605912,ornith_dual-long-prompt
17,5,6,48,16,0.3333333333333333,0.05242768595041322,6.357963875205255,ornith_dual-long-prompt
17,6,5,40,14,0.35,0.05242768595041322,6.675862068965517,ornith_dual-long-prompt
17,7,4,32,7,0.21875,0.05242768595041322,4.172413793103448,ornith_dual-long-prompt
17,8,3,24,4,0.16666666666666666,0.05242768595041322,3.1789819376026274,ornith_dual-long-prompt
17,9,2,16,2,0.125,0.05242768595041322,2.3842364532019706,ornith_dual-long-prompt
17,10,1,8,0,0.0,0.05242768595041322,0.0,ornith_dual-long-prompt
18,1,10,80,42,0.525,0.05346074380165289,9.820289855072465,ornith_dual-long-prompt
18,2,9,72,29,0.4027777777777778,0.05346074380165289,7.534084809447129,ornith_dual-long-prompt
18,3,8,64,25,0.390625,0.05346074380165289,7.3067632850241555,ornith_dual-long-prompt
18,4,7,56,23,0.4107142857142857,0.05346074380165289,7.682539682539683,ornith_dual-long-prompt
18,5,6,48,18,0.375,0.05346074380165289,7.014492753623189,ornith_dual-long-prompt
18,6,5,40,13,0.325,0.05346074380165289,6.079227053140097,ornith_dual-long-prompt
18,7,4,32,7,0.21875,0.05346074380165289,4.091787439613527,ornith_dual-long-prompt
18,8,3,24,4,0.16666666666666666,0.05346074380165289,3.1175523349436394,ornith_dual-long-prompt
18,9,2,16,2,0.125,0.05346074380165289,2.3381642512077296,ornith_dual-long-prompt
18,10,1,8,0,0.0,0.05346074380165289,0.0,ornith_dual-long-prompt
19,1,10,80,35,0.4375,0.04493801652892562,9.735632183908045,ornith_dual-long-prompt
19,2,9,72,22,0.3055555555555556,0.04493801652892562,6.7994891443167305,ornith_dual-long-prompt
19,3,8,64,24,0.375,0.04493801652892562,8.344827586206897,ornith_dual-long-prompt
19,4,7,56,19,0.3392857142857143,0.04493801652892562,7.55008210180624,ornith_dual-long-prompt
19,5,6,48,14,0.2916666666666667,0.04493801652892562,6.490421455938697,ornith_dual-long-prompt
19,6,5,40,10,0.25,0.04493801652892562,5.563218390804598,ornith_dual-long-prompt
19,7,4,32,4,0.125,0.04493801652892562,2.781609195402299,ornith_dual-long-prompt
19,8,3,24,2,0.08333333333333333,0.04493801652892562,1.8544061302681991,ornith_dual-long-prompt
19,9,2,16,0,0.0,0.04493801652892562,0.0,ornith_dual-long-prompt
19,10,1,8,0,0.0,0.04493801652892562,0.0,ornith_dual-long-prompt
20,1,10,80,32,0.4,0.04597107438016529,8.701123595505619,ornith_dual-long-prompt
20,2,9,72,23,0.3194444444444444,0.04597107438016529,6.948813982521847,ornith_dual-long-prompt
20,3,8,64,22,0.34375,0.04597107438016529,7.477528089887641,ornith_dual-long-prompt
20,4,7,56,17,0.30357142857142855,0.04597107438016529,6.603531300160514,ornith_dual-long-prompt
20,5,6,48,14,0.2916666666666667,0.04597107438016529,6.344569288389514,ornith_dual-long-prompt
20,6,5,40,12,0.3,0.04597107438016529,6.525842696629213,ornith_dual-long-prompt
20,7,4,32,7,0.21875,0.04597107438016529,4.758426966292135,ornith_dual-long-prompt
20,8,3,24,4,0.16666666666666666,0.04597107438016529,3.6254681647940075,ornith_dual-long-prompt
20,9,2,16,2,0.125,0.04597107438016529,2.7191011235955056,ornith_dual-long-prompt
20,10,1,8,1,0.125,0.04597107438016529,2.7191011235955056,ornith_dual-long-prompt
21,1,10,80,34,0.425,0.044938016528925616,9.457471264367816,ornith_dual-long-prompt
21,2,9,72,23,0.3194444444444444,0.044938016528925616,7.108556832694764,ornith_dual-long-prompt
21,3,8,64,21,0.328125,0.044938016528925616,7.301724137931035,ornith_dual-long-prompt
21,4,7,56,17,0.30357142857142855,0.044938016528925616,6.755336617405583,ornith_dual-long-prompt
21,5,6,48,14,0.2916666666666667,0.044938016528925616,6.490421455938698,ornith_dual-long-prompt
21,6,5,40,13,0.325,0.044938016528925616,7.232183908045978,ornith_dual-long-prompt
21,7,4,32,4,0.125,0.044938016528925616,2.7816091954022992,ornith_dual-long-prompt
21,8,3,24,2,0.08333333333333333,0.044938016528925616,1.8544061302681993,ornith_dual-long-prompt
21,9,2,16,2,0.125,0.044938016528925616,2.7816091954022992,ornith_dual-long-prompt
21,10,1,8,0,0.0,0.044938016528925616,0.0,ornith_dual-long-prompt
22,1,10,80,29,0.3625,0.04003099173553719,9.055483870967741,ornith_dual-long-prompt
22,2,9,72,16,0.2222222222222222,0.04003099173553719,5.5512544802867385,ornith_dual-long-prompt
22,3,8,64,19,0.296875,0.04003099173553719,7.416129032258064,ornith_dual-long-prompt
22,4,7,56,17,0.30357142857142855,0.04003099173553719,7.583410138248848,ornith_dual-long-prompt
22,5,6,48,15,0.3125,0.04003099173553719,7.806451612903226,ornith_dual-long-prompt
22,6,5,40,7,0.175,0.04003099173553719,4.371612903225806,ornith_dual-long-prompt
22,7,4,32,5,0.15625,0.04003099173553719,3.903225806451613,ornith_dual-long-prompt
22,8,3,24,3,0.125,0.04003099173553719,3.1225806451612903,ornith_dual-long-prompt
22,9,2,16,0,0.0,0.04003099173553719,0.0,ornith_dual-long-prompt
22,10,1,8,0,0.0,0.04003099173553719,0.0,ornith_dual-long-prompt
23,1,10,80,24,0.3,0.026601239669421486,11.277669902912622,ornith_dual-long-prompt
23,2,9,72,11,0.1527777777777778,0.026601239669421486,5.743257820927725,ornith_dual-long-prompt
23,3,8,64,8,0.125,0.026601239669421486,4.699029126213593,ornith_dual-long-prompt
23,4,7,56,6,0.10714285714285714,0.026601239669421486,4.027739251040222,ornith_dual-long-prompt
23,5,6,48,5,0.10416666666666667,0.026601239669421486,3.915857605177994,ornith_dual-long-prompt
23,6,5,40,3,0.075,0.026601239669421486,2.8194174757281556,ornith_dual-long-prompt
23,7,4,32,1,0.03125,0.026601239669421486,1.1747572815533982,ornith_dual-long-prompt
23,8,3,24,1,0.041666666666666664,0.026601239669421486,1.5663430420711975,ornith_dual-long-prompt
23,9,2,16,0,0.0,0.026601239669421486,0.0,ornith_dual-long-prompt
23,10,1,8,0,0.0,0.026601239669421486,0.0,ornith_dual-long-prompt
24,1,10,80,26,0.325,0.03925619834710744,8.278947368421052,ornith_dual-long-prompt
24,2,9,72,18,0.25,0.03925619834710744,6.368421052631579,ornith_dual-long-prompt
24,3,8,64,16,0.25,0.03925619834710744,6.368421052631579,ornith_dual-long-prompt
24,4,7,56,12,0.21428571428571427,0.03925619834710744,5.458646616541353,ornith_dual-long-prompt
24,5,6,48,11,0.22916666666666666,0.03925619834710744,5.837719298245614,ornith_dual-long-prompt
24,6,5,40,10,0.25,0.03925619834710744,6.368421052631579,ornith_dual-long-prompt
24,7,4,32,9,0.28125,0.03925619834710744,7.1644736842105265,ornith_dual-long-prompt
24,8,3,24,4,0.16666666666666666,0.03925619834710744,4.245614035087719,ornith_dual-long-prompt
24,9,2,16,2,0.125,0.03925619834710744,3.1842105263157894,ornith_dual-long-prompt
24,10,1,8,0,0.0,0.03925619834710744,0.0,ornith_dual-long-prompt
25,1,10,80,31,0.3875,0.04442148760330578,8.72325581395349,ornith_dual-long-prompt
25,2,9,72,26,0.3611111111111111,0.04442148760330578,8.12919896640827,ornith_dual-long-prompt
25,3,8,64,20,0.3125,0.04442148760330578,7.034883720930233,ornith_dual-long-prompt
25,4,7,56,15,0.26785714285714285,0.04442148760330578,6.029900332225914,ornith_dual-long-prompt
25,5,6,48,11,0.22916666666666666,0.04442148760330578,5.158914728682171,ornith_dual-long-prompt
25,6,5,40,10,0.25,0.04442148760330578,5.627906976744186,ornith_dual-long-prompt
25,7,4,32,8,0.25,0.04442148760330578,5.627906976744186,ornith_dual-long-prompt
25,8,3,24,5,0.20833333333333334,0.04442148760330578,4.689922480620155,ornith_dual-long-prompt
25,9,2,16,2,0.125,0.04442148760330578,2.813953488372093,ornith_dual-long-prompt
25,10,1,8,0,0.0,0.04442148760330578,0.0,ornith_dual-long-prompt
26,1,10,80,33,0.4125,0.047520661157024795,8.680434782608694,ornith_dual-long-prompt
26,2,9,72,23,0.3194444444444444,0.047520661157024795,6.722222222222221,ornith_dual-long-prompt
26,3,8,64,22,0.34375,0.047520661157024795,7.233695652173913,ornith_dual-long-prompt
26,4,7,56,18,0.32142857142857145,0.047520661157024795,6.763975155279503,ornith_dual-long-prompt
26,5,6,48,16,0.3333333333333333,0.047520661157024795,7.014492753623188,ornith_dual-long-prompt
26,6,5,40,12,0.3,0.047520661157024795,6.3130434782608695,ornith_dual-long-prompt
26,7,4,32,9,0.28125,0.047520661157024795,5.918478260869565,ornith_dual-long-prompt
26,8,3,24,5,0.20833333333333334,0.047520661157024795,4.384057971014493,ornith_dual-long-prompt
26,9,2,16,2,0.125,0.047520661157024795,2.630434782608696,ornith_dual-long-prompt
26,10,1,8,0,0.0,0.047520661157024795,0.0,ornith_dual-long-prompt
27,1,10,80,33,0.4125,0.04003099173553719,10.304516129032258,ornith_dual-long-prompt
27,2,9,72,17,0.2361111111111111,0.04003099173553719,5.89820788530466,ornith_dual-long-prompt
27,3,8,64,15,0.234375,0.04003099173553719,5.85483870967742,ornith_dual-long-prompt
27,4,7,56,12,0.21428571428571427,0.04003099173553719,5.352995391705069,ornith_dual-long-prompt
27,5,6,48,12,0.25,0.04003099173553719,6.245161290322581,ornith_dual-long-prompt
27,6,5,40,9,0.225,0.04003099173553719,5.620645161290323,ornith_dual-long-prompt
27,7,4,32,5,0.15625,0.04003099173553719,3.903225806451613,ornith_dual-long-prompt
27,8,3,24,4,0.16666666666666666,0.04003099173553719,4.163440860215053,ornith_dual-long-prompt
27,9,2,16,3,0.1875,0.04003099173553719,4.683870967741935,ornith_dual-long-prompt
27,10,1,8,1,0.125,0.04003099173553719,3.1225806451612903,ornith_dual-long-prompt
28,1,10,80,47,0.5875,0.06508264462809918,9.026984126984127,ornith_dual-long-prompt
28,2,9,72,39,0.5416666666666666,0.06508264462809918,8.322751322751321,ornith_dual-long-prompt
28,3,8,64,33,0.515625,0.06508264462809918,7.922619047619047,ornith_dual-long-prompt
28,4,7,56,27,0.48214285714285715,0.06508264462809918,7.408163265306122,ornith_dual-long-prompt
28,5,6,48,23,0.4791666666666667,0.06508264462809918,7.362433862433862,ornith_dual-long-prompt
28,6,5,40,19,0.475,0.06508264462809918,7.298412698412697,ornith_dual-long-prompt
28,7,4,32,12,0.375,0.06508264462809918,5.761904761904762,ornith_dual-long-prompt
28,8,3,24,6,0.25,0.06508264462809918,3.841269841269841,ornith_dual-long-prompt
28,9,2,16,2,0.125,0.06508264462809918,1.9206349206349205,ornith_dual-long-prompt
28,10,1,8,0,0.0,0.06508264462809918,0.0,ornith_dual-long-prompt
29,1,10,80,36,0.45,0.04726239669421488,9.521311475409837,ornith_dual-long-prompt
29,2,9,72,32,0.4444444444444444,0.04726239669421488,9.403764420157861,ornith_dual-long-prompt
29,3,8,64,22,0.34375,0.04726239669421488,7.273224043715847,ornith_dual-long-prompt
29,4,7,56,19,0.3392857142857143,0.04726239669421488,7.178766588602654,ornith_dual-long-prompt
29,5,6,48,13,0.2708333333333333,0.04726239669421488,5.730418943533697,ornith_dual-long-prompt
29,6,5,40,8,0.2,0.04726239669421488,4.231693989071038,ornith_dual-long-prompt
29,7,4,32,6,0.1875,0.04726239669421488,3.9672131147540983,ornith_dual-long-prompt
29,8,3,24,2,0.08333333333333333,0.04726239669421488,1.763205828779599,ornith_dual-long-prompt
29,9,2,16,1,0.0625,0.04726239669421488,1.3224043715846994,ornith_dual-long-prompt
29,10,1,8,0,0.0,0.04726239669421488,0.0,ornith_dual-long-prompt
30,1,10,80,39,0.4875,0.04777892561983471,10.203243243243243,ornith_dual-long-prompt
30,2,9,72,27,0.375,0.04777892561983471,7.848648648648648,ornith_dual-long-prompt
30,3,8,64,22,0.34375,0.04777892561983471,7.194594594594594,ornith_dual-long-prompt
30,4,7,56,20,0.35714285714285715,0.04777892561983471,7.474903474903475,ornith_dual-long-prompt
30,5,6,48,15,0.3125,0.04777892561983471,6.54054054054054,ornith_dual-long-prompt
30,6,5,40,10,0.25,0.04777892561983471,5.232432432432432,ornith_dual-long-prompt
30,7,4,32,6,0.1875,0.04777892561983471,3.924324324324324,ornith_dual-long-prompt
30,8,3,24,2,0.08333333333333333,0.04777892561983471,1.744144144144144,ornith_dual-long-prompt
30,9,2,16,0,0.0,0.04777892561983471,0.0,ornith_dual-long-prompt
30,10,1,8,0,0.0,0.04777892561983471,0.0,ornith_dual-long-prompt
31,1,10,80,31,0.3875,0.048295454545454544,8.023529411764706,ornith_dual-long-prompt
31,2,9,72,28,0.3888888888888889,0.048295454545454544,8.052287581699346,ornith_dual-long-prompt
31,3,8,64,22,0.34375,0.048295454545454544,7.11764705882353,ornith_dual-long-prompt
31,4,7,56,17,0.30357142857142855,0.048295454545454544,6.285714285714286,ornith_dual-long-prompt
31,5,6,48,14,0.2916666666666667,0.048295454545454544,6.0392156862745106,ornith_dual-long-prompt
31,6,5,40,14,0.35,0.048295454545454544,7.247058823529412,ornith_dual-long-prompt
31,7,4,32,8,0.25,0.048295454545454544,5.176470588235294,ornith_dual-long-prompt
31,8,3,24,5,0.20833333333333334,0.048295454545454544,4.313725490196079,ornith_dual-long-prompt
31,9,2,16,3,0.1875,0.048295454545454544,3.8823529411764706,ornith_dual-long-prompt
31,10,1,8,1,0.125,0.048295454545454544,2.588235294117647,ornith_dual-long-prompt
32,1,10,80,37,0.4625,0.046229338842975205,10.004469273743018,ornith_dual-long-prompt
32,2,9,72,21,0.2916666666666667,0.046229338842975205,6.309124767225327,ornith_dual-long-prompt
32,3,8,64,17,0.265625,0.046229338842975205,5.745810055865922,ornith_dual-long-prompt
32,4,7,56,17,0.30357142857142855,0.046229338842975205,6.5666400638467675,ornith_dual-long-prompt
32,5,6,48,16,0.3333333333333333,0.046229338842975205,7.210428305400372,ornith_dual-long-prompt
32,6,5,40,13,0.325,0.046229338842975205,7.030167597765364,ornith_dual-long-prompt
32,7,4,32,5,0.15625,0.046229338842975205,3.379888268156425,ornith_dual-long-prompt
32,8,3,24,4,0.16666666666666666,0.046229338842975205,3.605214152700186,ornith_dual-long-prompt
32,9,2,16,4,0.25,0.046229338842975205,5.407821229050279,ornith_dual-long-prompt
32,10,1,8,1,0.125,0.046229338842975205,2.7039106145251397,ornith_dual-long-prompt
33,1,10,80,33,0.4125,0.044938016528925616,9.179310344827586,ornith_dual-long-prompt
33,2,9,72,17,0.2361111111111111,0.044938016528925616,5.254150702426565,ornith_dual-long-prompt
33,3,8,64,15,0.234375,0.044938016528925616,5.2155172413793105,ornith_dual-long-prompt
33,4,7,56,15,0.26785714285714285,0.044938016528925616,5.960591133004926,ornith_dual-long-prompt
33,5,6,48,17,0.3541666666666667,0.044938016528925616,7.881226053639848,ornith_dual-long-prompt
33,6,5,40,17,0.425,0.044938016528925616,9.457471264367816,ornith_dual-long-prompt
33,7,4,32,9,0.28125,0.044938016528925616,6.258620689655173,ornith_dual-long-prompt
33,8,3,24,4,0.16666666666666666,0.044938016528925616,3.7088122605363987,ornith_dual-long-prompt
33,9,2,16,2,0.125,0.044938016528925616,2.7816091954022992,ornith_dual-long-prompt
33,10,1,8,1,0.125,0.044938016528925616,2.7816091954022992,ornith_dual-long-prompt
34,1,10,80,28,0.35,0.03667355371900826,9.543661971830986,ornith_dual-long-prompt
34,2,9,72,16,0.2222222222222222,0.03667355371900826,6.059467918622849,ornith_dual-long-prompt
34,3,8,64,14,0.21875,0.03667355371900826,5.964788732394367,ornith_dual-long-prompt
34,4,7,56,10,0.17857142857142858,0.03667355371900826,4.869215291750503,ornith_dual-long-prompt
34,5,6,48,12,0.25,0.03667355371900826,6.816901408450705,ornith_dual-long-prompt
34,6,5,40,9,0.225,0.03667355371900826,6.1352112676056345,ornith_dual-long-prompt
34,7,4,32,5,0.15625,0.03667355371900826,4.260563380281691,ornith_dual-long-prompt
34,8,3,24,2,0.08333333333333333,0.03667355371900826,2.272300469483568,ornith_dual-long-prompt
34,9,2,16,1,0.0625,0.03667355371900826,1.7042253521126762,ornith_dual-long-prompt
34,10,1,8,1,0.125,0.03667355371900826,3.4084507042253525,ornith_dual-long-prompt
35,1,10,80,39,0.4875,0.044679752066115706,10.910982658959536,ornith_dual-long-prompt
35,2,9,72,27,0.375,0.044679752066115706,8.393063583815028,ornith_dual-long-prompt
35,3,8,64,17,0.265625,0.044679752066115706,5.9450867052023115,ornith_dual-long-prompt
35,4,7,56,14,0.25,0.044679752066115706,5.595375722543352,ornith_dual-long-prompt
35,5,6,48,12,0.25,0.044679752066115706,5.595375722543352,ornith_dual-long-prompt
35,6,5,40,8,0.2,0.044679752066115706,4.476300578034682,ornith_dual-long-prompt
35,7,4,32,7,0.21875,0.044679752066115706,4.895953757225433,ornith_dual-long-prompt
35,8,3,24,4,0.16666666666666666,0.044679752066115706,3.7302504816955677,ornith_dual-long-prompt
35,9,2,16,1,0.0625,0.044679752066115706,1.398843930635838,ornith_dual-long-prompt
35,10,1,8,0,0.0,0.044679752066115706,0.0,ornith_dual-long-prompt
36,1,10,80,30,0.375,0.03770661157024793,9.945205479452055,ornith_dual-long-prompt
36,2,9,72,17,0.2361111111111111,0.03770661157024793,6.26179604261796,ornith_dual-long-prompt
36,3,8,64,13,0.203125,0.03770661157024793,5.386986301369863,ornith_dual-long-prompt
36,4,7,56,12,0.21428571428571427,0.03770661157024793,5.682974559686889,ornith_dual-long-prompt
36,5,6,48,13,0.2708333333333333,0.03770661157024793,7.182648401826484,ornith_dual-long-prompt
36,6,5,40,11,0.275,0.03770661157024793,7.293150684931508,ornith_dual-long-prompt
36,7,4,32,3,0.09375,0.03770661157024793,2.4863013698630136,ornith_dual-long-prompt
36,8,3,24,2,0.08333333333333333,0.03770661157024793,2.2100456621004567,ornith_dual-long-prompt
36,9,2,16,1,0.0625,0.03770661157024793,1.6575342465753424,ornith_dual-long-prompt
36,10,1,8,0,0.0,0.03770661157024793,0.0,ornith_dual-long-prompt
37,1,10,80,36,0.45,0.04287190082644628,10.496385542168676,ornith_dual-long-prompt
37,2,9,72,24,0.3333333333333333,0.04287190082644628,7.775100401606426,ornith_dual-long-prompt
37,3,8,64,18,0.28125,0.04287190082644628,6.560240963855422,ornith_dual-long-prompt
37,4,7,56,15,0.26785714285714285,0.04287190082644628,6.247848537005164,ornith_dual-long-prompt
37,5,6,48,12,0.25,0.04287190082644628,5.83132530120482,ornith_dual-long-prompt
37,6,5,40,11,0.275,0.04287190082644628,6.4144578313253025,ornith_dual-long-prompt
37,7,4,32,4,0.125,0.04287190082644628,2.91566265060241,ornith_dual-long-prompt
37,8,3,24,1,0.041666666666666664,0.04287190082644628,0.9718875502008032,ornith_dual-long-prompt
37,9,2,16,0,0.0,0.04287190082644628,0.0,ornith_dual-long-prompt
37,10,1,8,1,0.125,0.04287190082644628,2.91566265060241,ornith_dual-long-prompt
38,1,10,80,40,0.5,0.04777892561983471,10.464864864864865,ornith_dual-long-prompt
38,2,9,72,29,0.4027777777777778,0.04777892561983471,8.43003003003003,ornith_dual-long-prompt
38,3,8,64,20,0.3125,0.04777892561983471,6.54054054054054,ornith_dual-long-prompt
38,4,7,56,19,0.3392857142857143,0.04777892561983471,7.101158301158302,ornith_dual-long-prompt
38,5,6,48,13,0.2708333333333333,0.04777892561983471,5.668468468468468,ornith_dual-long-prompt
38,6,5,40,9,0.225,0.04777892561983471,4.709189189189189,ornith_dual-long-prompt
38,7,4,32,5,0.15625,0.04777892561983471,3.27027027027027,ornith_dual-long-prompt
38,8,3,24,3,0.125,0.04777892561983471,2.616216216216216,ornith_dual-long-prompt
38,9,2,16,2,0.125,0.04777892561983471,2.616216216216216,ornith_dual-long-prompt
38,10,1,8,1,0.125,0.04777892561983471,2.616216216216216,ornith_dual-long-prompt
39,1,10,80,23,0.2875,0.030475206611570247,9.433898305084746,ornith_dual-long-prompt
39,2,9,72,10,0.1388888888888889,0.030475206611570247,4.557438794726931,ornith_dual-long-prompt
39,3,8,64,6,0.09375,0.030475206611570247,3.076271186440678,ornith_dual-long-prompt
39,4,7,56,7,0.125,0.030475206611570247,4.101694915254237,ornith_dual-long-prompt
39,5,6,48,12,0.25,0.030475206611570247,8.203389830508474,ornith_dual-long-prompt
39,6,5,40,7,0.175,0.030475206611570247,5.742372881355932,ornith_dual-long-prompt
39,7,4,32,3,0.09375,0.030475206611570247,3.076271186440678,ornith_dual-long-prompt
39,8,3,24,2,0.08333333333333333,0.030475206611570247,2.7344632768361583,ornith_dual-long-prompt
39,9,2,16,3,0.1875,0.030475206611570247,6.152542372881356,ornith_dual-long-prompt
39,10,1,8,1,0.125,0.030475206611570247,4.101694915254237,ornith_dual-long-prompt
0,1,1,8,0,0.0,0.0625,0.0,ornith_single-t4-warm
1,1,1,8,0,0.0,0.0625,0.0,ornith_single-t4-warm
2,1,1,8,2,0.25,0.078125,3.2,ornith_single-t4-warm
3,1,1,8,1,0.125,0.0703125,1.7777777777777777,ornith_single-t4-warm
4,1,1,8,4,0.5,0.09375,5.333333333333333,ornith_single-t4-warm
5,1,1,8,4,0.5,0.09375,5.333333333333333,ornith_single-t4-warm
6,1,1,8,1,0.125,0.0703125,1.7777777777777777,ornith_single-t4-warm
7,1,1,8,1,0.125,0.0703125,1.7777777777777777,ornith_single-t4-warm
8,1,1,8,1,0.125,0.0703125,1.7777777777777777,ornith_single-t4-warm
9,1,1,8,2,0.25,0.078125,3.2,ornith_single-t4-warm
10,1,1,8,0,0.0,0.0625,0.0,ornith_single-t4-warm
11,1,1,8,1,0.125,0.0703125,1.7777777777777777,ornith_single-t4-warm
12,1,1,8,1,0.125,0.0703125,1.7777777777777777,ornith_single-t4-warm
13,1,1,8,0,0.0,0.0625,0.0,ornith_single-t4-warm
14,1,1,8,0,0.0,0.0625,0.0,ornith_single-t4-warm
15,1,1,8,1,0.125,0.0703125,1.7777777777777777,ornith_single-t4-warm
16,1,1,8,2,0.25,0.078125,3.2,ornith_single-t4-warm
17,1,1,8,1,0.125,0.0703125,1.7777777777777777,ornith_single-t4-warm
18,1,1,8,1,0.125,0.0703125,1.7777777777777777,ornith_single-t4-warm
19,1,1,8,1,0.125,0.0703125,1.7777777777777777,ornith_single-t4-warm
20,1,1,8,3,0.375,0.0859375,4.363636363636363,ornith_single-t4-warm
21,1,1,8,1,0.125,0.0703125,1.7777777777777777,ornith_single-t4-warm
22,1,1,8,0,0.0,0.0625,0.0,ornith_single-t4-warm
23,1,1,8,0,0.0,0.0625,0.0,ornith_single-t4-warm
24,1,1,8,0,0.0,0.0625,0.0,ornith_single-t4-warm
25,1,1,8,2,0.25,0.078125,3.2,ornith_single-t4-warm
26,1,1,8,0,0.0,0.0625,0.0,ornith_single-t4-warm
27,1,1,8,0,0.0,0.0625,0.0,ornith_single-t4-warm
28,1,1,8,0,0.0,0.0625,0.0,ornith_single-t4-warm
29,1,1,8,0,0.0,0.0625,0.0,ornith_single-t4-warm
30,1,1,8,1,0.125,0.0703125,1.7777777777777777,ornith_single-t4-warm
31,1,1,8,3,0.375,0.0859375,4.363636363636363,ornith_single-t4-warm
32,1,1,8,4,0.5,0.09375,5.333333333333333,ornith_single-t4-warm
33,1,1,8,3,0.375,0.0859375,4.363636363636363,ornith_single-t4-warm
34,1,1,8,4,0.5,0.09375,5.333333333333333,ornith_single-t4-warm
35,1,1,8,6,0.75,0.109375,6.857142857142857,ornith_single-t4-warm
36,1,1,8,5,0.625,0.1015625,6.153846153846154,ornith_single-t4-warm
37,1,1,8,6,0.75,0.109375,6.857142857142857,ornith_single-t4-warm
38,1,1,8,5,0.625,0.1015625,6.153846153846154,ornith_single-t4-warm
39,1,1,8,4,0.5,0.09375,5.333333333333333,ornith_single-t4-warm
