src_layer,src_expert,dst_layer,dst_expert,n_src,n_pair,p_j_given_i,p_j_base,lift,trace
24,168,25,0,16,16,1.0,0.14035087719298245,7.125,sealed_dsv4
27,5,28,160,16,16,1.0,0.1322314049586777,7.5625,sealed_dsv4
25,0,26,98,16,15,0.9375,0.12605042016806722,7.4375,sealed_dsv4
26,98,27,5,15,15,1.0,0.13333333333333333,7.5,sealed_dsv4
32,135,33,224,15,15,1.0,0.1271186440677966,7.866666666666667,sealed_dsv4
33,255,34,11,15,15,1.0,0.1271186440677966,7.866666666666667,sealed_dsv4
28,160,29,210,16,14,0.875,0.11382113821138211,7.6875,sealed_dsv4
31,10,32,135,15,14,0.9333333333333333,0.13157894736842105,7.093333333333334,sealed_dsv4
31,126,32,135,15,14,0.9333333333333333,0.13157894736842105,7.093333333333334,sealed_dsv4
32,135,33,255,15,14,0.9333333333333333,0.1271186440677966,7.342222222222222,sealed_dsv4
32,135,33,25,15,14,0.9333333333333333,0.11864406779661017,7.866666666666666,sealed_dsv4
32,109,33,224,14,14,1.0,0.1271186440677966,7.866666666666667,sealed_dsv4
32,109,33,25,14,14,1.0,0.11864406779661017,8.428571428571429,sealed_dsv4
33,224,34,11,15,14,0.9333333333333333,0.1271186440677966,7.342222222222222,sealed_dsv4
31,10,32,109,15,13,0.8666666666666667,0.12280701754385964,7.057142857142858,sealed_dsv4
31,126,32,109,15,13,0.8666666666666667,0.12280701754385964,7.057142857142858,sealed_dsv4
32,109,33,255,14,13,0.9285714285714286,0.1271186440677966,7.3047619047619055,sealed_dsv4
32,83,33,224,13,13,1.0,0.1271186440677966,7.866666666666667,sealed_dsv4
32,83,33,25,13,13,1.0,0.11864406779661017,8.428571428571429,sealed_dsv4
33,25,34,11,14,13,0.9285714285714286,0.1271186440677966,7.3047619047619055,sealed_dsv4
38,32,39,191,13,13,1.0,0.10743801652892562,9.307692307692307,sealed_dsv4
11,9,12,41,14,12,0.8571428571428571,0.1092436974789916,7.846153846153846,sealed_dsv4
29,210,30,113,14,12,0.8571428571428571,0.10256410256410256,8.357142857142858,sealed_dsv4
30,113,31,10,12,12,1.0,0.1271186440677966,7.866666666666667,sealed_dsv4
30,113,31,126,12,12,1.0,0.1271186440677966,7.866666666666667,sealed_dsv4
31,10,32,83,15,12,0.8,0.11403508771929824,7.015384615384616,sealed_dsv4
31,126,32,83,15,12,0.8,0.11403508771929824,7.015384615384616,sealed_dsv4
32,83,33,255,13,12,0.9230769230769231,0.1271186440677966,7.261538461538462,sealed_dsv4
33,255,34,70,15,12,0.8,0.1016949152542373,7.866666666666666,sealed_dsv4
33,224,34,70,15,12,0.8,0.1016949152542373,7.866666666666666,sealed_dsv4
24,168,25,120,16,11,0.6875,0.09649122807017543,7.125,sealed_dsv4
29,210,30,35,14,11,0.7857142857142857,0.10256410256410256,7.660714285714286,sealed_dsv4
30,35,31,10,12,11,0.9166666666666666,0.1271186440677966,7.211111111111111,sealed_dsv4
30,35,31,126,12,11,0.9166666666666666,0.1271186440677966,7.211111111111111,sealed_dsv4
30,117,31,10,12,11,0.9166666666666666,0.1271186440677966,7.211111111111111,sealed_dsv4
30,117,31,126,12,11,0.9166666666666666,0.1271186440677966,7.211111111111111,sealed_dsv4
33,255,34,243,15,11,0.7333333333333333,0.09322033898305085,7.866666666666666,sealed_dsv4
33,224,34,243,15,11,0.7333333333333333,0.09322033898305085,7.866666666666666,sealed_dsv4
33,25,34,70,14,11,0.7857142857142857,0.1016949152542373,7.726190476190475,sealed_dsv4
33,25,34,243,14,11,0.7857142857142857,0.09322033898305085,8.428571428571429,sealed_dsv4
37,245,38,43,12,11,0.9166666666666666,0.09836065573770492,9.319444444444445,sealed_dsv4
37,245,38,32,12,11,0.9166666666666666,0.10655737704918032,8.602564102564102,sealed_dsv4
37,138,38,32,11,11,1.0,0.10655737704918032,9.384615384615385,sealed_dsv4
38,43,39,191,12,11,0.9166666666666666,0.10743801652892562,8.532051282051281,sealed_dsv4
32,135,33,129,15,11,0.7333333333333333,0.09322033898305085,7.866666666666666,sealed_dsv4
32,83,33,129,13,11,0.8461538461538461,0.09322033898305085,9.076923076923077,sealed_dsv4
32,109,33,129,14,11,0.7857142857142857,0.09322033898305085,8.428571428571429,sealed_dsv4
17,3,18,75,13,11,0.8461538461538461,0.12173913043478261,6.95054945054945,sealed_dsv4
24,168,25,48,16,11,0.6875,0.09649122807017543,7.125,sealed_dsv4
25,48,26,98,11,11,1.0,0.12605042016806722,7.933333333333334,sealed_dsv4
26,98,27,253,15,11,0.7333333333333333,0.09166666666666666,8.0,sealed_dsv4
27,253,28,160,11,11,1.0,0.1322314049586777,7.5625,sealed_dsv4
31,10,32,238,15,11,0.7333333333333333,0.09649122807017543,7.6,sealed_dsv4
31,126,32,238,15,11,0.7333333333333333,0.09649122807017543,7.6,sealed_dsv4
32,238,33,255,11,11,1.0,0.1271186440677966,7.866666666666667,sealed_dsv4
5,52,6,39,14,10,0.7142857142857143,0.08547008547008547,8.357142857142858,sealed_dsv4
7,141,8,16,14,10,0.7142857142857143,0.09401709401709402,7.597402597402597,sealed_dsv4
8,16,9,219,11,10,0.9090909090909091,0.08333333333333333,10.90909090909091,sealed_dsv4
12,41,13,125,13,10,0.7692307692307693,0.08620689655172414,8.923076923076923,sealed_dsv4
23,235,24,168,10,10,1.0,0.13793103448275862,7.25,sealed_dsv4
24,168,25,143,16,10,0.625,0.08771929824561403,7.125,sealed_dsv4
25,120,26,98,11,10,0.9090909090909091,0.12605042016806722,7.212121212121212,sealed_dsv4
25,143,26,98,10,10,1.0,0.12605042016806722,7.933333333333334,sealed_dsv4
29,210,30,117,14,10,0.7142857142857143,0.10256410256410256,6.964285714285714,sealed_dsv4
36,45,37,245,12,10,0.8333333333333334,0.10256410256410256,8.125,sealed_dsv4
36,5,37,245,11,10,0.9090909090909091,0.10256410256410256,8.863636363636363,sealed_dsv4
37,245,38,209,12,10,0.8333333333333334,0.09016393442622951,9.242424242424242,sealed_dsv4
37,138,38,38,11,10,0.9090909090909091,0.08196721311475409,11.090909090909092,sealed_dsv4
37,138,38,209,11,10,0.9090909090909091,0.09016393442622951,10.082644628099173,sealed_dsv4
37,138,38,43,11,10,0.9090909090909091,0.09836065573770492,9.242424242424242,sealed_dsv4
38,38,39,191,10,10,1.0,0.10743801652892562,9.307692307692307,sealed_dsv4
38,209,39,191,11,10,0.9090909090909091,0.10743801652892562,8.461538461538462,sealed_dsv4
33,129,34,11,11,10,0.9090909090909091,0.1271186440677966,7.151515151515151,sealed_dsv4
37,151,38,43,10,10,1.0,0.09836065573770492,10.166666666666666,sealed_dsv4
31,244,32,135,10,10,1.0,0.13157894736842105,7.6000000000000005,sealed_dsv4
31,244,32,109,10,10,1.0,0.12280701754385964,8.142857142857144,sealed_dsv4
32,238,33,224,11,10,0.9090909090909091,0.1271186440677966,7.151515151515151,sealed_dsv4
4,46,5,52,9,9,1.0,0.11864406779661017,8.428571428571429,sealed_dsv4
6,39,7,141,10,9,0.9,0.11570247933884298,7.7785714285714285,sealed_dsv4
6,39,7,95,10,9,0.9,0.0743801652892562,12.1,sealed_dsv4
6,16,7,141,10,9,0.9,0.11570247933884298,7.7785714285714285,sealed_dsv4
7,141,8,232,14,9,0.6428571428571429,0.08547008547008547,7.521428571428572,sealed_dsv4
7,95,8,16,9,9,1.0,0.09401709401709402,10.636363636363637,sealed_dsv4
8,71,9,219,9,9,1.0,0.08333333333333333,12.0,sealed_dsv4
8,232,9,219,10,9,0.9,0.08333333333333333,10.8,sealed_dsv4
12,41,13,251,13,9,0.6923076923076923,0.07758620689655173,8.923076923076923,sealed_dsv4
22,123,23,235,15,9,0.6,0.0847457627118644,7.08,sealed_dsv4
22,123,23,77,15,9,0.6,0.07627118644067797,7.866666666666666,sealed_dsv4
23,77,24,168,9,9,1.0,0.13793103448275862,7.25,sealed_dsv4
27,5,28,179,16,9,0.5625,0.0743801652892562,7.5625,sealed_dsv4
28,179,29,210,9,9,1.0,0.11382113821138211,8.785714285714286,sealed_dsv4
36,45,37,138,12,9,0.75,0.09401709401709402,7.9772727272727275,sealed_dsv4
36,152,37,245,11,9,0.8181818181818182,0.10256410256410256,7.977272727272728,sealed_dsv4
36,5,37,138,11,9,0.8181818181818182,0.09401709401709402,8.702479338842975,sealed_dsv4
37,245,38,38,12,9,0.75,0.08196721311475409,9.15,sealed_dsv4
37,231,38,32,9,9,1.0,0.10655737704918032,9.384615384615385,sealed_dsv4
33,129,34,70,11,9,0.8181818181818182,0.1016949152542373,8.045454545454545,sealed_dsv4
36,229,37,245,9,9,1.0,0.10256410256410256,9.75,sealed_dsv4
36,229,37,151,9,9,1.0,0.08547008547008547,11.7,sealed_dsv4
36,5,37,151,11,9,0.8181818181818182,0.08547008547008547,9.572727272727272,sealed_dsv4
37,151,38,32,10,9,0.9,0.10655737704918032,8.446153846153846,sealed_dsv4
6,39,7,180,10,9,0.9,0.0743801652892562,12.1,sealed_dsv4
7,180,8,16,9,9,1.0,0.09401709401709402,10.636363636363637,sealed_dsv4
37,151,38,209,10,9,0.9,0.09016393442622951,9.981818181818182,sealed_dsv4
16,92,17,112,10,9,0.9,0.08928571428571429,10.08,sealed_dsv4
21,155,22,123,10,9,0.9,0.12931034482758622,6.96,sealed_dsv4
22,123,23,175,15,9,0.6,0.07627118644067797,7.866666666666666,sealed_dsv4
23,175,24,168,9,9,1.0,0.13793103448275862,7.25,sealed_dsv4
31,244,32,83,10,9,0.9,0.11403508771929824,7.892307692307693,sealed_dsv4
32,238,33,25,11,9,0.8181818181818182,0.11864406779661017,6.896103896103896,sealed_dsv4
4,233,5,52,11,9,0.8181818181818182,0.11864406779661017,6.896103896103896,sealed_dsv4
33,224,34,122,15,9,0.6,0.07627118644067797,7.866666666666666,sealed_dsv4
33,255,34,122,15,9,0.6,0.07627118644067797,7.866666666666666,sealed_dsv4
5,52,6,53,14,8,0.5714285714285714,0.08547008547008547,6.685714285714285,sealed_dsv4
5,52,6,16,14,8,0.5714285714285714,0.08547008547008547,6.685714285714285,sealed_dsv4
6,53,7,141,10,8,0.8,0.11570247933884298,6.914285714285715,sealed_dsv4
6,53,7,140,10,8,0.8,0.06611570247933884,12.1,sealed_dsv4
6,111,7,140,8,8,1.0,0.06611570247933884,15.125,sealed_dsv4
6,16,7,140,10,8,0.8,0.06611570247933884,12.1,sealed_dsv4
7,141,8,71,14,8,0.5714285714285714,0.07692307692307693,7.428571428571428,sealed_dsv4
7,95,8,71,9,8,0.8888888888888888,0.07692307692307693,11.555555555555554,sealed_dsv4
7,95,8,189,9,8,0.8888888888888888,0.06837606837606838,12.999999999999998,sealed_dsv4
7,95,8,232,9,8,0.8888888888888888,0.08547008547008547,10.399999999999999,sealed_dsv4
7,140,8,115,8,8,1.0,0.06837606837606838,14.624999999999998,sealed_dsv4
8,189,9,219,8,8,1.0,0.08333333333333333,12.0,sealed_dsv4
8,115,9,242,8,8,1.0,0.06666666666666667,15.0,sealed_dsv4
9,242,10,40,8,8,1.0,0.0782608695652174,12.777777777777777,sealed_dsv4
9,219,10,228,10,8,0.8,0.0782608695652174,10.222222222222221,sealed_dsv4
10,40,11,9,9,8,0.8888888888888888,0.11864406779661017,7.492063492063491,sealed_dsv4
10,228,11,9,9,8,0.8888888888888888,0.11864406779661017,7.492063492063491,sealed_dsv4
11,9,12,122,14,8,0.5714285714285714,0.07563025210084033,7.555555555555555,sealed_dsv4
12,122,13,14,9,8,0.8888888888888888,0.06896551724137931,12.888888888888888,sealed_dsv4
12,41,13,88,13,8,0.6153846153846154,0.07758620689655173,7.931623931623932,sealed_dsv4
13,14,14,49,8,8,1.0,0.07017543859649122,14.25,sealed_dsv4
14,49,15,176,8,8,1.0,0.06666666666666667,15.0,sealed_dsv4
15,15,16,92,9,8,0.8888888888888888,0.08620689655172414,10.31111111111111,sealed_dsv4
15,135,16,92,8,8,1.0,0.08620689655172414,11.6,sealed_dsv4
24,205,25,0,8,8,1.0,0.14035087719298245,7.125,sealed_dsv4
26,98,27,25,15,8,0.5333333333333333,0.06666666666666667,8.0,sealed_dsv4
27,25,28,160,8,8,1.0,0.1322314049586777,7.5625,sealed_dsv4
28,160,29,254,16,8,0.5,0.06504065040650407,7.687499999999999,sealed_dsv4
28,160,29,41,16,8,0.5,0.06504065040650407,7.687499999999999,sealed_dsv4
29,254,30,113,8,8,1.0,0.10256410256410256,9.75,sealed_dsv4
29,41,30,117,8,8,1.0,0.10256410256410256,9.75,sealed_dsv4
32,135,33,47,15,8,0.5333333333333333,0.06779661016949153,7.866666666666666,sealed_dsv4
32,109,33,47,14,8,0.5714285714285714,0.06779661016949153,8.428571428571429,sealed_dsv4
33,255,34,246,15,8,0.5333333333333333,0.06779661016949153,7.866666666666666,sealed_dsv4
33,47,34,11,8,8,1.0,0.1271186440677966,7.866666666666667,sealed_dsv4
36,152,37,138,11,8,0.7272727272727273,0.09401709401709402,7.735537190082645,sealed_dsv4
36,5,37,231,11,8,0.7272727272727273,0.07692307692307693,9.454545454545455,sealed_dsv4
36,10,37,245,8,8,1.0,0.10256410256410256,9.75,sealed_dsv4
36,10,37,231,8,8,1.0,0.07692307692307693,13.0,sealed_dsv4
37,231,38,43,9,8,0.8888888888888888,0.09836065573770492,9.037037037037036,sealed_dsv4
17,61,18,75,8,8,1.0,0.12173913043478261,8.214285714285714,sealed_dsv4
32,178,33,255,8,8,1.0,0.1271186440677966,7.866666666666667,sealed_dsv4
32,178,33,224,8,8,1.0,0.1271186440677966,7.866666666666667,sealed_dsv4
32,178,33,25,8,8,1.0,0.11864406779661017,8.428571428571429,sealed_dsv4
33,129,34,243,11,8,0.7272727272727273,0.09322033898305085,7.801652892561983,sealed_dsv4
36,45,37,151,12,8,0.6666666666666666,0.08547008547008547,7.8,sealed_dsv4
38,43,39,179,12,8,0.6666666666666666,0.09090909090909091,7.333333333333333,sealed_dsv4
38,32,39,179,13,8,0.6153846153846154,0.09090909090909091,6.769230769230769,sealed_dsv4
7,180,8,71,9,8,0.8888888888888888,0.07692307692307693,11.555555555555554,sealed_dsv4
20,187,21,155,10,8,0.8,0.08547008547008547,9.360000000000001,sealed_dsv4
24,229,25,0,8,8,1.0,0.14035087719298245,7.125,sealed_dsv4
25,0,26,128,16,8,0.5,0.06722689075630252,7.4375,sealed_dsv4
26,128,27,5,8,8,1.0,0.13333333333333333,7.5,sealed_dsv4
37,245,38,187,12,8,0.6666666666666666,0.07377049180327869,9.037037037037036,sealed_dsv4
37,151,38,187,10,8,0.8,0.07377049180327869,10.844444444444445,sealed_dsv4
7,180,8,232,9,8,0.8888888888888888,0.08547008547008547,10.399999999999999,sealed_dsv4
16,92,17,93,10,8,0.8,0.07142857142857142,11.200000000000001,sealed_dsv4
16,92,17,3,10,8,0.8,0.11607142857142858,6.892307692307693,sealed_dsv4
16,96,17,112,8,8,1.0,0.08928571428571429,11.2,sealed_dsv4
17,112,18,75,10,8,0.8,0.12173913043478261,6.571428571428571,sealed_dsv4
25,0,26,41,16,8,0.5,0.06722689075630252,7.4375,sealed_dsv4
26,41,27,5,8,8,1.0,0.13333333333333333,7.5,sealed_dsv4
26,41,27,253,8,8,1.0,0.09166666666666666,10.90909090909091,sealed_dsv4
28,160,29,58,16,8,0.5,0.06504065040650407,7.687499999999999,sealed_dsv4
29,58,30,113,8,8,1.0,0.10256410256410256,9.75,sealed_dsv4
30,113,31,244,12,8,0.6666666666666666,0.0847457627118644,7.866666666666666,sealed_dsv4
30,117,31,244,12,8,0.6666666666666666,0.0847457627118644,7.866666666666666,sealed_dsv4
31,244,32,238,10,8,0.8,0.09649122807017543,8.290909090909091,sealed_dsv4
32,238,33,129,11,8,0.7272727272727273,0.09322033898305085,7.801652892561983,sealed_dsv4
33,224,34,139,15,8,0.5333333333333333,0.06779661016949153,7.866666666666666,sealed_dsv4
33,255,34,139,15,8,0.5333333333333333,0.06779661016949153,7.866666666666666,sealed_dsv4
33,25,34,139,14,8,0.5714285714285714,0.06779661016949153,8.428571428571429,sealed_dsv4
33,129,34,139,11,8,0.7272727272727273,0.06779661016949153,10.727272727272728,sealed_dsv4
37,151,38,38,10,8,0.8,0.08196721311475409,9.760000000000002,sealed_dsv4
3,135,4,233,10,8,0.8,0.09565217391304348,8.363636363636363,sealed_dsv4
39,191,40,205,13,8,0.6153846153846154,0.06837606837606838,9.0,sealed_dsv4
33,25,34,122,14,8,0.5714285714285714,0.07627118644067797,7.492063492063491,sealed_dsv4
34,70,35,129,12,8,0.6666666666666666,0.06504065040650407,10.249999999999998,sealed_dsv4
34,122,35,129,9,8,0.8888888888888888,0.06504065040650407,13.666666666666664,sealed_dsv4
34,11,35,129,15,8,0.5333333333333333,0.06504065040650407,8.2,sealed_dsv4
35,129,36,5,8,8,1.0,0.09734513274336283,10.272727272727273,sealed_dsv4
3,202,4,97,7,7,1.0,0.0782608695652174,12.777777777777777,sealed_dsv4
4,97,5,52,9,7,0.7777777777777778,0.11864406779661017,6.555555555555555,sealed_dsv4
6,111,7,141,8,7,0.875,0.11570247933884298,7.5625,sealed_dsv4
6,39,7,133,10,7,0.7,0.05785123966942149,12.1,sealed_dsv4
6,138,7,140,7,7,1.0,0.06611570247933884,15.125,sealed_dsv4
7,141,8,189,14,7,0.5,0.06837606837606838,7.312499999999999,sealed_dsv4
7,141,8,115,14,7,0.5,0.06837606837606838,7.312499999999999,sealed_dsv4
7,133,8,71,7,7,1.0,0.07692307692307693,13.0,sealed_dsv4
7,133,8,16,7,7,1.0,0.09401709401709402,10.636363636363637,sealed_dsv4
7,133,8,232,7,7,1.0,0.08547008547008547,11.7,sealed_dsv4
7,140,8,146,8,7,0.875,0.05982905982905983,14.625,sealed_dsv4
8,146,9,242,7,7,1.0,0.06666666666666667,15.0,sealed_dsv4
8,71,9,127,9,7,0.7777777777777778,0.075,10.37037037037037,sealed_dsv4
8,16,9,127,11,7,0.6363636363636364,0.075,8.484848484848484,sealed_dsv4
8,16,9,77,11,7,0.6363636363636364,0.06666666666666667,9.545454545454545,sealed_dsv4
8,232,9,127,10,7,0.7,0.075,9.333333333333334,sealed_dsv4
9,77,10,228,8,7,0.875,0.0782608695652174,11.180555555555555,sealed_dsv4
10,40,11,232,9,7,0.7777777777777778,0.059322033898305086,13.11111111111111,sealed_dsv4
11,232,12,122,7,7,1.0,0.07563025210084033,13.222222222222223,sealed_dsv4
11,157,12,41,7,7,1.0,0.1092436974789916,9.153846153846153,sealed_dsv4
21,167,22,123,7,7,1.0,0.12931034482758622,7.7333333333333325,sealed_dsv4
22,123,23,74,15,7,0.4666666666666667,0.059322033898305086,7.866666666666666,sealed_dsv4
23,74,24,168,7,7,1.0,0.13793103448275862,7.25,sealed_dsv4
24,168,25,47,16,7,0.4375,0.06140350877192982,7.125,sealed_dsv4
24,168,25,175,16,7,0.4375,0.06140350877192982,7.125,sealed_dsv4
25,120,26,191,11,7,0.6363636363636364,0.058823529411764705,10.818181818181818,sealed_dsv4
25,47,26,98,7,7,1.0,0.12605042016806722,7.933333333333334,sealed_dsv4
25,0,26,104,16,7,0.4375,0.058823529411764705,7.4375,sealed_dsv4
25,0,26,191,16,7,0.4375,0.058823529411764705,7.4375,sealed_dsv4
26,104,27,5,7,7,1.0,0.13333333333333333,7.5,sealed_dsv4
26,191,27,5,7,7,1.0,0.13333333333333333,7.5,sealed_dsv4
29,254,30,35,8,7,0.875,0.10256410256410256,8.53125,sealed_dsv4
31,10,32,90,15,7,0.4666666666666667,0.06140350877192982,7.6000000000000005,sealed_dsv4
31,126,32,90,15,7,0.4666666666666667,0.06140350877192982,7.6000000000000005,sealed_dsv4
32,90,33,255,7,7,1.0,0.1271186440677966,7.866666666666667,sealed_dsv4
32,90,33,224,7,7,1.0,0.1271186440677966,7.866666666666667,sealed_dsv4
32,90,33,25,7,7,1.0,0.11864406779661017,8.428571428571429,sealed_dsv4
32,83,33,47,13,7,0.5384615384615384,0.06779661016949153,7.942307692307692,sealed_dsv4
33,224,34,246,15,7,0.4666666666666667,0.06779661016949153,6.883333333333334,sealed_dsv4
33,47,34,70,8,7,0.875,0.1016949152542373,8.604166666666666,sealed_dsv4
33,47,34,243,8,7,0.875,0.09322033898305085,9.386363636363637,sealed_dsv4
36,45,37,231,12,7,0.5833333333333334,0.07692307692307693,7.583333333333333,sealed_dsv4
37,231,38,38,9,7,0.7777777777777778,0.08196721311475409,9.488888888888889,sealed_dsv4
37,231,38,209,9,7,0.7777777777777778,0.09016393442622951,8.626262626262626,sealed_dsv4
3,71,4,97,7,7,1.0,0.0782608695652174,12.777777777777777,sealed_dsv4
3,71,4,8,7,7,1.0,0.06956521739130435,14.375,sealed_dsv4
3,101,4,97,7,7,1.0,0.0782608695652174,12.777777777777777,sealed_dsv4
3,101,4,233,7,7,1.0,0.09565217391304348,10.454545454545455,sealed_dsv4
4,97,5,208,9,7,0.7777777777777778,0.06779661016949153,11.472222222222223,sealed_dsv4
4,8,5,208,8,7,0.875,0.06779661016949153,12.90625,sealed_dsv4
4,233,5,208,11,7,0.6363636363636364,0.06779661016949153,9.386363636363637,sealed_dsv4
5,208,6,111,8,7,0.875,0.06837606837606838,12.796874999999998,sealed_dsv4
5,208,6,16,8,7,0.875,0.08547008547008547,10.237499999999999,sealed_dsv4
5,208,6,53,8,7,0.875,0.08547008547008547,10.237499999999999,sealed_dsv4
7,141,8,200,14,7,0.5,0.06837606837606838,7.312499999999999,sealed_dsv4
7,140,8,200,8,7,0.875,0.06837606837606838,12.796874999999998,sealed_dsv4
8,200,9,242,8,7,0.875,0.06666666666666667,13.125,sealed_dsv4
13,14,14,1,8,7,0.875,0.07894736842105263,11.083333333333334,sealed_dsv4
14,49,15,104,8,7,0.875,0.058333333333333334,15.0,sealed_dsv4
14,1,15,176,9,7,0.7777777777777778,0.06666666666666667,11.666666666666668,sealed_dsv4
14,1,15,104,9,7,0.7777777777777778,0.058333333333333334,13.333333333333334,sealed_dsv4
16,179,17,61,7,7,1.0,0.07142857142857142,14.0,sealed_dsv4
17,61,18,166,8,7,0.875,0.06956521739130435,12.578125,sealed_dsv4
18,166,19,181,8,7,0.875,0.05737704918032787,15.25,sealed_dsv4
18,75,19,181,14,7,0.5,0.05737704918032787,8.714285714285714,sealed_dsv4
36,152,37,151,11,7,0.6363636363636364,0.08547008547008547,7.445454545454545,sealed_dsv4
36,229,37,231,9,7,0.7777777777777778,0.07692307692307693,10.11111111111111,sealed_dsv4
7,191,8,16,8,7,0.875,0.09401709401709402,9.306818181818182,sealed_dsv4
16,240,17,3,7,7,1.0,0.11607142857142858,8.615384615384615,sealed_dsv4
17,3,18,166,13,7,0.5384615384615384,0.06956521739130435,7.740384615384615,sealed_dsv4
23,235,24,229,10,7,0.7,0.06896551724137931,10.15,sealed_dsv4
24,229,25,120,8,7,0.875,0.09649122807017543,9.068181818181818,sealed_dsv4
24,229,25,143,8,7,0.875,0.08771929824561403,9.975000000000001,sealed_dsv4
30,35,31,244,12,7,0.5833333333333334,0.0847457627118644,6.883333333333334,sealed_dsv4
31,126,32,178,15,7,0.4666666666666667,0.07017543859649122,6.65,sealed_dsv4
31,10,32,178,15,7,0.4666666666666667,0.07017543859649122,6.65,sealed_dsv4
31,244,32,178,10,7,0.7,0.07017543859649122,9.975,sealed_dsv4
38,209,39,179,11,7,0.6363636363636364,0.09090909090909091,7.0,sealed_dsv4
7,180,8,189,9,7,0.7777777777777778,0.06837606837606838,11.374999999999998,sealed_dsv4
15,135,16,96,8,7,0.875,0.06896551724137931,12.6875,sealed_dsv4
16,96,17,93,8,7,0.875,0.07142857142857142,12.25,sealed_dsv4
16,96,17,3,8,7,0.875,0.11607142857142858,7.538461538461538,sealed_dsv4
24,229,25,48,8,7,0.875,0.09649122807017543,9.068181818181818,sealed_dsv4
25,120,26,41,11,7,0.6363636363636364,0.06722689075630252,9.465909090909092,sealed_dsv4
25,48,26,41,11,7,0.6363636363636364,0.06722689075630252,9.465909090909092,sealed_dsv4
27,5,28,94,16,7,0.4375,0.05785123966942149,7.5625,sealed_dsv4
28,94,29,210,7,7,1.0,0.11382113821138211,8.785714285714286,sealed_dsv4
29,58,30,117,8,7,0.875,0.10256410256410256,8.53125,sealed_dsv4
36,229,37,138,9,7,0.7777777777777778,0.09401709401709402,8.272727272727273,sealed_dsv4
3,135,4,46,10,7,0.7,0.0782608695652174,8.944444444444443,sealed_dsv4
17,93,18,122,8,7,0.875,0.06956521739130435,12.578125,sealed_dsv4
17,112,18,122,10,7,0.7,0.06956521739130435,10.0625,sealed_dsv4
17,3,18,122,13,7,0.5384615384615384,0.06956521739130435,7.740384615384615,sealed_dsv4
25,0,26,152,16,7,0.4375,0.058823529411764705,7.4375,sealed_dsv4
26,98,27,177,15,7,0.4666666666666667,0.058333333333333334,8.0,sealed_dsv4
26,152,27,253,7,7,1.0,0.09166666666666666,10.90909090909091,sealed_dsv4
26,152,27,5,7,7,1.0,0.13333333333333333,7.5,sealed_dsv4
27,177,28,160,7,7,1.0,0.1322314049586777,7.5625,sealed_dsv4
29,210,30,34,14,7,0.5,0.05982905982905983,8.357142857142858,sealed_dsv4
30,34,31,126,7,7,1.0,0.1271186440677966,7.866666666666667,sealed_dsv4
30,34,31,10,7,7,1.0,0.1271186440677966,7.866666666666667,sealed_dsv4
33,129,34,122,11,7,0.6363636363636364,0.07627118644067797,8.343434343434343,sealed_dsv4
37,138,38,187,11,7,0.6363636363636364,0.07377049180327869,8.626262626262626,sealed_dsv4
38,187,39,191,9,7,0.7777777777777778,0.10743801652892562,7.239316239316239,sealed_dsv4
25,48,26,128,11,7,0.6363636363636364,0.06722689075630252,9.465909090909092,sealed_dsv4
3,202,4,8,7,6,0.8571428571428571,0.06956521739130435,12.321428571428571,sealed_dsv4
4,8,5,86,8,6,0.75,0.05084745762711865,14.749999999999998,sealed_dsv4
4,8,5,52,8,6,0.75,0.11864406779661017,6.321428571428571,sealed_dsv4
4,97,5,86,9,6,0.6666666666666666,0.05084745762711865,13.111111111111109,sealed_dsv4
5,86,6,53,6,6,1.0,0.08547008547008547,11.7,sealed_dsv4
5,86,6,111,6,6,1.0,0.06837606837606838,14.624999999999998,sealed_dsv4
5,86,6,138,6,6,1.0,0.05982905982905983,16.714285714285715,sealed_dsv4
5,86,6,16,6,6,1.0,0.08547008547008547,11.7,sealed_dsv4
5,52,6,111,14,6,0.42857142857142855,0.06837606837606838,6.2678571428571415,sealed_dsv4
5,52,6,252,14,6,0.42857142857142855,0.05128205128205128,8.357142857142858,sealed_dsv4
6,252,7,133,6,6,1.0,0.05785123966942149,17.285714285714285,sealed_dsv4
6,138,7,141,7,6,0.8571428571428571,0.11570247933884298,7.408163265306122,sealed_dsv4
6,1,7,141,6,6,1.0,0.11570247933884298,8.642857142857142,sealed_dsv4
6,1,7,140,6,6,1.0,0.06611570247933884,15.125,sealed_dsv4
7,141,8,146,14,6,0.42857142857142855,0.05982905982905983,7.163265306122448,sealed_dsv4
7,133,8,189,7,6,0.8571428571428571,0.06837606837606838,12.535714285714283,sealed_dsv4
8,71,9,77,9,6,0.6666666666666666,0.06666666666666667,10.0,sealed_dsv4
9,77,10,35,8,6,0.75,0.05217391304347826,14.375,sealed_dsv4
9,219,10,76,10,6,0.6,0.05217391304347826,11.5,sealed_dsv4
10,40,11,89,9,6,0.6666666666666666,0.05084745762711865,13.111111111111109,sealed_dsv4
11,232,12,142,7,6,0.8571428571428571,0.05042016806722689,17.0,sealed_dsv4
11,9,12,46,14,6,0.42857142857142855,0.05042016806722689,8.5,sealed_dsv4
11,89,12,122,6,6,1.0,0.07563025210084033,13.222222222222223,sealed_dsv4
12,122,13,125,9,6,0.6666666666666666,0.08620689655172414,7.7333333333333325,sealed_dsv4
12,41,13,14,13,6,0.46153846153846156,0.06896551724137931,6.6923076923076925,sealed_dsv4
12,43,13,14,6,6,1.0,0.06896551724137931,14.5,sealed_dsv4
12,142,13,14,6,6,1.0,0.06896551724137931,14.5,sealed_dsv4
13,88,14,41,9,6,0.6666666666666666,0.06140350877192982,10.857142857142858,sealed_dsv4
13,251,14,80,9,6,0.6666666666666666,0.05263157894736842,12.666666666666666,sealed_dsv4
13,251,14,234,9,6,0.6666666666666666,0.05263157894736842,12.666666666666666,sealed_dsv4
13,14,14,235,8,6,0.75,0.05263157894736842,14.25,sealed_dsv4
14,235,15,176,6,6,1.0,0.06666666666666667,15.0,sealed_dsv4
15,176,16,255,8,6,0.75,0.05172413793103448,14.5,sealed_dsv4
15,176,16,57,8,6,0.75,0.05172413793103448,14.5,sealed_dsv4
21,167,22,13,7,6,0.8571428571428571,0.07758620689655173,11.047619047619047,sealed_dsv4
22,13,23,235,9,6,0.6666666666666666,0.0847457627118644,7.866666666666666,sealed_dsv4
22,13,23,77,9,6,0.6666666666666666,0.07627118644067797,8.74074074074074,sealed_dsv4
22,125,23,235,6,6,1.0,0.0847457627118644,11.8,sealed_dsv4
22,125,23,77,6,6,1.0,0.07627118644067797,13.11111111111111,sealed_dsv4
23,235,24,205,10,6,0.6,0.06896551724137931,8.7,sealed_dsv4
24,168,25,98,16,6,0.375,0.05263157894736842,7.125,sealed_dsv4
24,205,25,120,8,6,0.75,0.09649122807017543,7.772727272727273,sealed_dsv4
24,205,25,47,8,6,0.75,0.06140350877192982,12.214285714285715,sealed_dsv4
24,205,25,143,8,6,0.75,0.08771929824561403,8.55,sealed_dsv4
25,120,26,104,11,6,0.5454545454545454,0.058823529411764705,9.272727272727272,sealed_dsv4
25,98,26,98,6,6,1.0,0.12605042016806722,7.933333333333334,sealed_dsv4
25,175,26,98,7,6,0.8571428571428571,0.12605042016806722,6.8,sealed_dsv4
25,143,26,104,10,6,0.6,0.058823529411764705,10.2,sealed_dsv4
27,5,28,211,16,6,0.375,0.049586776859504134,7.5625,sealed_dsv4
28,160,29,215,16,6,0.375,0.04878048780487805,7.6875,sealed_dsv4
28,211,29,210,6,6,1.0,0.11382113821138211,8.785714285714286,sealed_dsv4
29,215,30,35,6,6,1.0,0.10256410256410256,9.75,sealed_dsv4
29,41,30,35,8,6,0.75,0.10256410256410256,7.3125,sealed_dsv4
29,41,30,113,8,6,0.75,0.10256410256410256,7.3125,sealed_dsv4
31,10,32,12,15,6,0.4,0.05263157894736842,7.6000000000000005,sealed_dsv4
31,126,32,12,15,6,0.4,0.05263157894736842,7.6000000000000005,sealed_dsv4
32,90,33,47,7,6,0.8571428571428571,0.06779661016949153,12.642857142857142,sealed_dsv4
32,12,33,255,6,6,1.0,0.1271186440677966,7.866666666666667,sealed_dsv4
32,12,33,224,6,6,1.0,0.1271186440677966,7.866666666666667,sealed_dsv4
33,25,34,246,14,6,0.42857142857142855,0.06779661016949153,6.321428571428571,sealed_dsv4
34,11,35,84,15,6,0.4,0.04878048780487805,8.2,sealed_dsv4
36,152,37,231,11,6,0.5454545454545454,0.07692307692307693,7.09090909090909,sealed_dsv4
36,10,37,138,8,6,0.75,0.09401709401709402,7.9772727272727275,sealed_dsv4
3,71,4,233,7,6,0.8571428571428571,0.09565217391304348,8.96103896103896,sealed_dsv4
3,101,4,8,7,6,0.8571428571428571,0.06956521739130435,12.321428571428571,sealed_dsv4
5,208,6,138,8,6,0.75,0.05982905982905983,12.535714285714285,sealed_dsv4
6,111,7,135,8,6,0.75,0.049586776859504134,15.125,sealed_dsv4
6,16,7,135,10,6,0.6,0.049586776859504134,12.1,sealed_dsv4
6,138,7,135,7,6,0.8571428571428571,0.049586776859504134,17.285714285714285,sealed_dsv4
6,53,7,135,10,6,0.6,0.049586776859504134,12.1,sealed_dsv4
7,135,8,115,6,6,1.0,0.06837606837606838,14.624999999999998,sealed_dsv4
7,135,8,200,6,6,1.0,0.06837606837606838,14.624999999999998,sealed_dsv4
13,14,14,245,8,6,0.75,0.05263157894736842,14.25,sealed_dsv4
14,245,15,176,6,6,1.0,0.06666666666666667,15.0,sealed_dsv4
14,245,15,104,6,6,1.0,0.058333333333333334,17.142857142857142,sealed_dsv4
15,176,16,179,8,6,0.75,0.0603448275862069,12.428571428571429,sealed_dsv4
15,176,16,176,8,6,0.75,0.05172413793103448,14.5,sealed_dsv4
15,104,16,179,7,6,0.8571428571428571,0.0603448275862069,14.20408163265306,sealed_dsv4
15,104,16,176,7,6,0.8571428571428571,0.05172413793103448,16.57142857142857,sealed_dsv4
16,176,17,61,6,6,1.0,0.07142857142857142,14.0,sealed_dsv4
32,178,33,129,8,6,0.75,0.09322033898305085,8.045454545454545,sealed_dsv4
36,10,37,151,8,6,0.75,0.08547008547008547,8.775,sealed_dsv4
6,39,7,191,10,6,0.6,0.06611570247933884,9.075,sealed_dsv4
15,104,16,240,7,6,0.8571428571428571,0.0603448275862069,14.20408163265306,sealed_dsv4
15,176,16,240,8,6,0.75,0.0603448275862069,12.428571428571429,sealed_dsv4
16,240,17,61,7,6,0.8571428571428571,0.07142857142857142,12.0,sealed_dsv4
24,229,25,47,8,6,0.75,0.06140350877192982,12.214285714285715,sealed_dsv4
24,254,25,0,6,6,1.0,0.14035087719298245,7.125,sealed_dsv4
38,187,39,179,9,6,0.6666666666666666,0.09090909090909091,7.333333333333333,sealed_dsv4
41,236,42,98,10,6,0.6,0.049586776859504134,12.1,sealed_dsv4
41,70,42,98,11,6,0.5454545454545454,0.049586776859504134,10.999999999999998,sealed_dsv4
17,93,18,75,8,6,0.75,0.12173913043478261,6.160714285714286,sealed_dsv4
23,175,24,229,9,6,0.6666666666666666,0.06896551724137931,9.666666666666666,sealed_dsv4
23,77,24,229,9,6,0.6666666666666666,0.06896551724137931,9.666666666666666,sealed_dsv4
24,206,25,0,6,6,1.0,0.14035087719298245,7.125,sealed_dsv4
25,143,26,41,10,6,0.6,0.06722689075630252,8.925,sealed_dsv4
25,48,26,104,11,6,0.5454545454545454,0.058823529411764705,9.272727272727272,sealed_dsv4
27,5,28,249,16,6,0.375,0.049586776859504134,7.5625,sealed_dsv4
27,253,28,94,11,6,0.5454545454545454,0.05785123966942149,9.428571428571427,sealed_dsv4
27,253,28,249,11,6,0.5454545454545454,0.049586776859504134,10.999999999999998,sealed_dsv4
27,253,28,179,11,6,0.5454545454545454,0.0743801652892562,7.333333333333332,sealed_dsv4
28,249,29,210,6,6,1.0,0.11382113821138211,8.785714285714286,sealed_dsv4
28,249,29,58,6,6,1.0,0.06504065040650407,15.374999999999998,sealed_dsv4
38,38,39,179,10,6,0.6,0.09090909090909091,6.6,sealed_dsv4
3,202,4,233,7,6,0.8571428571428571,0.09565217391304348,8.96103896103896,sealed_dsv4
16,179,17,3,7,6,0.8571428571428571,0.11607142857142858,7.384615384615384,sealed_dsv4
24,205,25,48,8,6,0.75,0.09649122807017543,7.772727272727273,sealed_dsv4
40,205,41,236,8,6,0.75,0.08333333333333333,9.0,sealed_dsv4
14,105,15,135,6,6,1.0,0.06666666666666667,15.0,sealed_dsv4
14,105,15,15,6,6,1.0,0.075,13.333333333333334,sealed_dsv4
15,15,16,96,9,6,0.6666666666666666,0.06896551724137931,9.666666666666666,sealed_dsv4
25,48,26,152,11,6,0.5454545454545454,0.058823529411764705,9.272727272727272,sealed_dsv4
29,58,30,34,8,6,0.75,0.05982905982905983,12.535714285714285,sealed_dsv4
30,34,31,244,7,6,0.8571428571428571,0.0847457627118644,10.114285714285714,sealed_dsv4
34,243,35,129,11,6,0.5454545454545454,0.06504065040650407,8.386363636363635,sealed_dsv4
34,139,35,129,8,6,0.75,0.06504065040650407,11.531249999999998,sealed_dsv4
35,129,36,229,8,6,0.75,0.07964601769911504,9.416666666666666,sealed_dsv4
37,231,38,187,9,6,0.6666666666666666,0.07377049180327869,9.037037037037036,sealed_dsv4
38,43,39,159,12,6,0.5,0.049586776859504134,10.083333333333334,sealed_dsv4
38,32,39,159,13,6,0.46153846153846156,0.049586776859504134,9.307692307692308,sealed_dsv4
38,187,39,159,9,6,0.6666666666666666,0.049586776859504134,13.444444444444443,sealed_dsv4
38,209,39,159,11,6,0.5454545454545454,0.049586776859504134,10.999999999999998,sealed_dsv4
38,38,39,159,10,6,0.6,0.049586776859504134,12.1,sealed_dsv4
39,159,40,205,6,6,1.0,0.06837606837606838,14.624999999999998,sealed_dsv4
4,46,5,173,9,6,0.6666666666666666,0.06779661016949153,9.833333333333332,sealed_dsv4
4,233,5,173,11,6,0.5454545454545454,0.06779661016949153,8.045454545454545,sealed_dsv4
20,6,21,155,8,6,0.75,0.08547008547008547,8.775,sealed_dsv4
21,167,22,136,7,6,0.8571428571428571,0.0603448275862069,14.20408163265306,sealed_dsv4
13,125,14,62,10,6,0.6,0.05263157894736842,11.4,sealed_dsv4
21,155,22,66,10,6,0.6,0.06896551724137931,8.7,sealed_dsv4
22,66,23,175,8,6,0.75,0.07627118644067797,9.833333333333332,sealed_dsv4
32,238,33,47,11,6,0.5454545454545454,0.06779661016949153,8.045454545454545,sealed_dsv4
33,47,34,122,8,6,0.75,0.07627118644067797,9.833333333333332,sealed_dsv4
24,153,25,0,6,6,1.0,0.14035087719298245,7.125,sealed_dsv4
24,153,25,48,6,6,1.0,0.09649122807017543,10.363636363636365,sealed_dsv4
26,128,27,253,8,6,0.75,0.09166666666666666,8.181818181818182,sealed_dsv4
32,90,33,129,7,6,0.8571428571428571,0.09322033898305085,9.194805194805195,sealed_dsv4
35,129,36,45,8,6,0.75,0.10619469026548672,7.0625,sealed_dsv4
3,202,4,46,7,5,0.7142857142857143,0.0782608695652174,9.126984126984127,sealed_dsv4
5,46,6,39,5,5,1.0,0.08547008547008547,11.7,sealed_dsv4
5,120,6,39,5,5,1.0,0.08547008547008547,11.7,sealed_dsv4
5,52,6,138,14,5,0.35714285714285715,0.05982905982905983,5.969387755102041,sealed_dsv4
6,252,7,141,6,5,0.8333333333333334,0.11570247933884298,7.2023809523809526,sealed_dsv4
6,252,7,95,6,5,0.8333333333333334,0.0743801652892562,11.203703703703704,sealed_dsv4
7,141,8,28,14,5,0.35714285714285715,0.042735042735042736,8.357142857142858,sealed_dsv4
7,140,8,28,8,5,0.625,0.042735042735042736,14.625,sealed_dsv4
8,189,9,127,8,5,0.625,0.075,8.333333333333334,sealed_dsv4
8,232,9,77,10,5,0.5,0.06666666666666667,7.5,sealed_dsv4
8,28,9,242,5,5,1.0,0.06666666666666667,15.0,sealed_dsv4
9,127,10,228,9,5,0.5555555555555556,0.0782608695652174,7.098765432098765,sealed_dsv4
9,77,10,40,8,5,0.625,0.0782608695652174,7.986111111111111,sealed_dsv4
9,219,10,35,10,5,0.5,0.05217391304347826,9.583333333333334,sealed_dsv4
10,8,11,9,5,5,1.0,0.11864406779661017,8.428571428571429,sealed_dsv4
10,228,11,157,9,5,0.5555555555555556,0.059322033898305086,9.365079365079366,sealed_dsv4
10,35,11,9,6,5,0.8333333333333334,0.11864406779661017,7.023809523809524,sealed_dsv4
10,76,11,9,6,5,0.8333333333333334,0.11864406779661017,7.023809523809524,sealed_dsv4
11,232,12,41,7,5,0.7142857142857143,0.1092436974789916,6.538461538461538,sealed_dsv4
11,232,12,43,7,5,0.7142857142857143,0.05042016806722689,14.166666666666666,sealed_dsv4
11,171,12,41,6,5,0.8333333333333334,0.1092436974789916,7.628205128205129,sealed_dsv4
11,9,12,43,14,5,0.35714285714285715,0.05042016806722689,7.083333333333333,sealed_dsv4
11,9,12,142,14,5,0.35714285714285715,0.05042016806722689,7.083333333333333,sealed_dsv4
11,89,12,142,6,5,0.8333333333333334,0.05042016806722689,16.52777777777778,sealed_dsv4
11,132,12,41,5,5,1.0,0.1092436974789916,9.153846153846153,sealed_dsv4
12,122,13,88,9,5,0.5555555555555556,0.07758620689655173,7.160493827160494,sealed_dsv4
12,46,13,88,6,5,0.8333333333333334,0.07758620689655173,10.74074074074074,sealed_dsv4
13,125,14,41,10,5,0.5,0.06140350877192982,8.142857142857144,sealed_dsv4
13,125,14,234,10,5,0.5,0.05263157894736842,9.5,sealed_dsv4
13,125,14,49,10,5,0.5,0.07017543859649122,7.125,sealed_dsv4
13,88,14,80,9,5,0.5555555555555556,0.05263157894736842,10.555555555555557,sealed_dsv4
14,41,15,15,7,5,0.7142857142857143,0.075,9.523809523809524,sealed_dsv4
14,41,15,135,7,5,0.7142857142857143,0.06666666666666667,10.714285714285715,sealed_dsv4
14,80,15,135,6,5,0.8333333333333334,0.06666666666666667,12.5,sealed_dsv4
14,234,15,135,6,5,0.8333333333333334,0.06666666666666667,12.5,sealed_dsv4
14,49,15,79,8,5,0.625,0.041666666666666664,15.0,sealed_dsv4
14,235,15,79,6,5,0.8333333333333334,0.041666666666666664,20.000000000000004,sealed_dsv4
15,79,16,255,5,5,1.0,0.05172413793103448,19.333333333333332,sealed_dsv4
15,79,16,57,5,5,1.0,0.05172413793103448,19.333333333333332,sealed_dsv4
16,255,17,104,6,5,0.8333333333333334,0.044642857142857144,18.666666666666668,sealed_dsv4
16,255,17,108,6,5,0.8333333333333334,0.044642857142857144,18.666666666666668,sealed_dsv4
16,57,17,104,6,5,0.8333333333333334,0.044642857142857144,18.666666666666668,sealed_dsv4
16,57,17,108,6,5,0.8333333333333334,0.044642857142857144,18.666666666666668,sealed_dsv4
17,104,18,75,5,5,1.0,0.12173913043478261,8.214285714285714,sealed_dsv4
17,108,18,75,5,5,1.0,0.12173913043478261,8.214285714285714,sealed_dsv4
18,75,19,78,14,5,0.35714285714285715,0.04918032786885246,7.261904761904762,sealed_dsv4
19,78,20,187,6,5,0.8333333333333334,0.08620689655172414,9.666666666666666,sealed_dsv4
20,187,21,201,10,5,0.5,0.042735042735042736,11.7,sealed_dsv4
20,187,21,49,10,5,0.5,0.05128205128205128,9.75,sealed_dsv4
21,49,22,123,6,5,0.8333333333333334,0.12931034482758622,6.444444444444445,sealed_dsv4
23,77,24,205,9,5,0.5555555555555556,0.06896551724137931,8.055555555555555,sealed_dsv4
25,98,26,104,6,5,0.8333333333333334,0.058823529411764705,14.166666666666668,sealed_dsv4
25,143,26,191,10,5,0.5,0.058823529411764705,8.5,sealed_dsv4
26,98,27,15,15,5,0.3333333333333333,0.041666666666666664,8.0,sealed_dsv4
27,88,28,160,5,5,1.0,0.1322314049586777,7.5625,sealed_dsv4
27,5,28,162,16,5,0.3125,0.04132231404958678,7.5625,sealed_dsv4
27,15,28,160,5,5,1.0,0.1322314049586777,7.5625,sealed_dsv4
27,25,28,179,8,5,0.625,0.0743801652892562,8.402777777777777,sealed_dsv4
28,162,29,254,5,5,1.0,0.06504065040650407,15.374999999999998,sealed_dsv4
28,162,29,210,5,5,1.0,0.11382113821138211,8.785714285714286,sealed_dsv4
28,179,29,215,9,5,0.5555555555555556,0.04878048780487805,11.38888888888889,sealed_dsv4
28,211,29,254,6,5,0.8333333333333334,0.06504065040650407,12.8125,sealed_dsv4
29,254,30,117,8,5,0.625,0.10256410256410256,6.09375,sealed_dsv4
29,215,30,113,6,5,0.8333333333333334,0.10256410256410256,8.125,sealed_dsv4
32,12,33,25,6,5,0.8333333333333334,0.11864406779661017,7.023809523809524,sealed_dsv4
33,48,34,11,5,5,1.0,0.1271186440677966,7.866666666666667,sealed_dsv4
34,70,35,84,12,5,0.4166666666666667,0.04878048780487805,8.541666666666666,sealed_dsv4
34,246,35,84,8,5,0.625,0.04878048780487805,12.8125,sealed_dsv4
35,84,36,45,6,5,0.8333333333333334,0.10619469026548672,7.847222222222222,sealed_dsv4
35,84,36,152,6,5,0.8333333333333334,0.09734513274336283,8.56060606060606,sealed_dsv4
36,26,37,245,5,5,1.0,0.10256410256410256,9.75,sealed_dsv4
40,211,41,70,5,5,1.0,0.09166666666666666,10.90909090909091,sealed_dsv4
40,7,41,70,5,5,1.0,0.09166666666666666,10.90909090909091,sealed_dsv4
40,104,41,70,5,5,1.0,0.09166666666666666,10.90909090909091,sealed_dsv4
40,104,41,236,5,5,1.0,0.08333333333333333,12.0,sealed_dsv4
41,70,42,142,11,5,0.45454545454545453,0.04132231404958678,11.0,sealed_dsv4
41,70,42,239,11,5,0.45454545454545453,0.04132231404958678,11.0,sealed_dsv4
41,236,42,142,10,5,0.5,0.04132231404958678,12.1,sealed_dsv4
41,236,42,239,10,5,0.5,0.04132231404958678,12.1,sealed_dsv4
4,97,5,205,9,5,0.5555555555555556,0.0423728813559322,13.111111111111112,sealed_dsv4
4,8,5,205,8,5,0.625,0.0423728813559322,14.75,sealed_dsv4
5,208,6,1,8,5,0.625,0.05128205128205128,12.1875,sealed_dsv4
5,205,6,111,5,5,1.0,0.06837606837606838,14.624999999999998,sealed_dsv4
5,205,6,16,5,5,1.0,0.08547008547008547,11.7,sealed_dsv4
5,205,6,53,5,5,1.0,0.08547008547008547,11.7,sealed_dsv4
7,140,8,161,8,5,0.625,0.042735042735042736,14.625,sealed_dsv4
7,135,8,161,6,5,0.8333333333333334,0.042735042735042736,19.5,sealed_dsv4
7,135,8,146,6,5,0.8333333333333334,0.05982905982905983,13.928571428571429,sealed_dsv4
8,161,9,242,5,5,1.0,0.06666666666666667,15.0,sealed_dsv4
10,40,11,16,9,5,0.5555555555555556,0.0423728813559322,13.111111111111112,sealed_dsv4
11,16,12,122,5,5,1.0,0.07563025210084033,13.222222222222223,sealed_dsv4
14,235,15,104,6,5,0.8333333333333334,0.058333333333333334,14.285714285714286,sealed_dsv4
15,104,16,255,7,5,0.7142857142857143,0.05172413793103448,13.80952380952381,sealed_dsv4
15,104,16,57,7,5,0.7142857142857143,0.05172413793103448,13.80952380952381,sealed_dsv4
16,255,17,61,6,5,0.8333333333333334,0.07142857142857142,11.666666666666668,sealed_dsv4
16,57,17,61,6,5,0.8333333333333334,0.07142857142857142,11.666666666666668,sealed_dsv4
18,166,19,10,8,5,0.625,0.040983606557377046,15.250000000000002,sealed_dsv4
18,75,19,10,14,5,0.35714285714285715,0.040983606557377046,8.714285714285715,sealed_dsv4
33,255,34,177,15,5,0.3333333333333333,0.0423728813559322,7.866666666666666,sealed_dsv4
33,224,34,177,15,5,0.3333333333333333,0.0423728813559322,7.866666666666666,sealed_dsv4
33,25,34,177,14,5,0.35714285714285715,0.0423728813559322,8.428571428571429,sealed_dsv4
36,45,37,240,12,5,0.4166666666666667,0.05982905982905983,6.964285714285714,sealed_dsv4
36,152,37,240,11,5,0.45454545454545453,0.05982905982905983,7.5974025974025965,sealed_dsv4
6,53,7,191,10,5,0.5,0.06611570247933884,7.5625,sealed_dsv4
7,191,8,71,8,5,0.625,0.07692307692307693,8.125,sealed_dsv4
13,125,14,1,10,5,0.5,0.07894736842105263,6.333333333333334,sealed_dsv4
13,88,14,1,9,5,0.5555555555555556,0.07894736842105263,7.037037037037038,sealed_dsv4
16,176,17,3,6,5,0.8333333333333334,0.11607142857142858,7.17948717948718,sealed_dsv4
20,182,21,155,5,5,1.0,0.08547008547008547,11.7,sealed_dsv4
25,120,26,128,11,5,0.45454545454545453,0.06722689075630252,6.761363636363637,sealed_dsv4
25,143,26,128,10,5,0.5,0.06722689075630252,7.4375,sealed_dsv4
32,178,33,47,8,5,0.625,0.06779661016949153,9.21875,sealed_dsv4
34,11,35,63,15,5,0.3333333333333333,0.04065040650406504,8.2,sealed_dsv4
34,243,35,63,11,5,0.45454545454545453,0.04065040650406504,11.181818181818182,sealed_dsv4
35,63,36,229,5,5,1.0,0.07964601769911504,12.555555555555555,sealed_dsv4
35,63,36,5,5,5,1.0,0.09734513274336283,10.272727272727273,sealed_dsv4
6,252,7,180,6,5,0.8333333333333334,0.0743801652892562,11.203703703703704,sealed_dsv4
13,251,14,143,9,5,0.5555555555555556,0.043859649122807015,12.666666666666668,sealed_dsv4
16,162,17,93,5,5,1.0,0.07142857142857142,14.0,sealed_dsv4
16,162,17,112,5,5,1.0,0.08928571428571429,11.2,sealed_dsv4
17,112,18,79,10,5,0.5,0.043478260869565216,11.5,sealed_dsv4
22,125,23,175,6,5,0.8333333333333334,0.07627118644067797,10.925925925925926,sealed_dsv4
26,104,27,253,7,5,0.7142857142857143,0.09166666666666666,7.792207792207793,sealed_dsv4
27,253,28,211,11,5,0.45454545454545453,0.049586776859504134,9.166666666666666,sealed_dsv4
28,94,29,254,7,5,0.7142857142857143,0.06504065040650407,10.982142857142856,sealed_dsv4
29,58,30,35,8,5,0.625,0.10256410256410256,6.09375,sealed_dsv4
4,233,5,86,11,5,0.45454545454545453,0.05084745762711865,8.939393939393938,sealed_dsv4
25,47,26,41,7,5,0.7142857142857143,0.06722689075630252,10.625,sealed_dsv4
34,243,35,135,11,5,0.45454545454545453,0.04065040650406504,11.181818181818182,sealed_dsv4
34,11,35,135,15,5,0.3333333333333333,0.04065040650406504,8.2,sealed_dsv4
35,135,36,10,5,5,1.0,0.07079646017699115,14.125,sealed_dsv4
39,179,40,205,11,5,0.45454545454545453,0.06837606837606838,6.647727272727272,sealed_dsv4
7,191,8,232,8,5,0.625,0.08547008547008547,7.3125,sealed_dsv4
7,180,8,242,9,5,0.5555555555555556,0.042735042735042736,13.0,sealed_dsv4
7,95,8,242,9,5,0.5555555555555556,0.042735042735042736,13.0,sealed_dsv4
8,16,9,168,11,5,0.45454545454545453,0.041666666666666664,10.90909090909091,sealed_dsv4
8,232,9,168,10,5,0.5,0.041666666666666664,12.0,sealed_dsv4
8,242,9,219,5,5,1.0,0.08333333333333333,12.0,sealed_dsv4
13,251,14,105,9,5,0.5555555555555556,0.05263157894736842,10.555555555555557,sealed_dsv4
25,120,26,152,11,5,0.45454545454545453,0.058823529411764705,7.7272727272727275,sealed_dsv4
26,152,27,177,7,5,0.7142857142857143,0.058333333333333334,12.244897959183673,sealed_dsv4
26,41,27,177,8,5,0.625,0.058333333333333334,10.714285714285714,sealed_dsv4
26,104,27,177,7,5,0.7142857142857143,0.058333333333333334,12.244897959183673,sealed_dsv4
28,160,29,33,16,5,0.3125,0.04065040650406504,7.6875,sealed_dsv4
28,249,29,41,6,5,0.8333333333333334,0.06504065040650407,12.8125,sealed_dsv4
29,33,30,113,5,5,1.0,0.10256410256410256,9.75,sealed_dsv4
35,129,36,10,8,5,0.625,0.07079646017699115,8.828125,sealed_dsv4
5,173,6,39,8,5,0.625,0.08547008547008547,7.3125,sealed_dsv4
5,173,6,53,8,5,0.625,0.08547008547008547,7.3125,sealed_dsv4
19,181,20,6,7,5,0.7142857142857143,0.06896551724137931,10.357142857142858,sealed_dsv4
20,6,21,167,8,5,0.625,0.05982905982905983,10.446428571428571,sealed_dsv4
21,155,22,13,10,5,0.5,0.07758620689655173,6.444444444444445,sealed_dsv4
21,155,22,136,10,5,0.5,0.0603448275862069,8.285714285714285,sealed_dsv4
13,251,14,62,9,5,0.5555555555555556,0.05263157894736842,10.555555555555557,sealed_dsv4
21,167,22,66,7,5,0.7142857142857143,0.06896551724137931,10.357142857142858,sealed_dsv4
22,136,23,175,7,5,0.7142857142857143,0.07627118644067797,9.365079365079366,sealed_dsv4
22,66,23,235,8,5,0.625,0.0847457627118644,7.375,sealed_dsv4
22,66,23,77,8,5,0.625,0.07627118644067797,8.194444444444445,sealed_dsv4
22,13,23,175,9,5,0.5555555555555556,0.07627118644067797,7.28395061728395,sealed_dsv4
26,128,27,177,8,5,0.625,0.058333333333333334,10.714285714285714,sealed_dsv4
27,177,28,94,7,5,0.7142857142857143,0.05785123966942149,12.346938775510203,sealed_dsv4
35,129,36,152,8,5,0.625,0.09734513274336283,6.420454545454546,sealed_dsv4
17,135,18,75,5,5,1.0,0.12173913043478261,8.214285714285714,sealed_dsv4
17,135,18,122,5,5,1.0,0.06956521739130435,14.375,sealed_dsv4
24,24,25,0,5,5,1.0,0.14035087719298245,7.125,sealed_dsv4
24,24,25,48,5,5,1.0,0.09649122807017543,10.363636363636365,sealed_dsv4
31,244,32,90,10,5,0.5,0.06140350877192982,8.142857142857144,sealed_dsv4
35,129,36,23,8,5,0.625,0.04424778761061947,14.125,sealed_dsv4
36,23,37,138,5,5,1.0,0.09401709401709402,10.636363636363637,sealed_dsv4
36,23,37,151,5,5,1.0,0.08547008547008547,11.7,sealed_dsv4
36,23,37,164,5,5,1.0,0.042735042735042736,23.4,sealed_dsv4
36,23,37,245,5,5,1.0,0.10256410256410256,9.75,sealed_dsv4
36,45,37,164,12,5,0.4166666666666667,0.042735042735042736,9.75,sealed_dsv4
36,5,37,164,11,5,0.45454545454545453,0.042735042735042736,10.636363636363637,sealed_dsv4
37,164,38,32,5,5,1.0,0.10655737704918032,9.384615384615385,sealed_dsv4
37,164,38,209,5,5,1.0,0.09016393442622951,11.09090909090909,sealed_dsv4
37,164,38,43,5,5,1.0,0.09836065573770492,10.166666666666666,sealed_dsv4
37,164,38,187,5,5,1.0,0.07377049180327869,13.555555555555555,sealed_dsv4
37,164,38,38,5,5,1.0,0.08196721311475409,12.200000000000001,sealed_dsv4
40,205,41,70,8,5,0.625,0.09166666666666666,6.818181818181818,sealed_dsv4
40,205,41,44,8,5,0.625,0.05,12.5,sealed_dsv4
41,44,42,98,6,5,0.8333333333333334,0.049586776859504134,16.805555555555557,sealed_dsv4
4,46,5,86,9,4,0.4444444444444444,0.05084745762711865,8.74074074074074,sealed_dsv4
4,46,5,120,9,4,0.4444444444444444,0.0423728813559322,10.488888888888889,sealed_dsv4
5,86,6,1,6,4,0.6666666666666666,0.05128205128205128,13.0,sealed_dsv4
5,46,6,252,5,4,0.8,0.05128205128205128,15.600000000000001,sealed_dsv4
5,120,6,252,5,4,0.8,0.05128205128205128,15.600000000000001,sealed_dsv4
5,52,6,1,14,4,0.2857142857142857,0.05128205128205128,5.571428571428571,sealed_dsv4
6,53,7,233,10,4,0.4,0.03305785123966942,12.1,sealed_dsv4
6,111,7,233,8,4,0.5,0.03305785123966942,15.125,sealed_dsv4
6,138,7,233,7,4,0.5714285714285714,0.03305785123966942,17.285714285714285,sealed_dsv4
6,16,7,95,10,4,0.4,0.0743801652892562,5.377777777777778,sealed_dsv4
6,16,7,233,10,4,0.4,0.03305785123966942,12.1,sealed_dsv4
8,146,9,127,7,4,0.5714285714285714,0.075,7.619047619047619,sealed_dsv4
8,189,9,77,8,4,0.5,0.06666666666666667,7.5,sealed_dsv4
8,115,9,127,8,4,0.5,0.075,6.666666666666667,sealed_dsv4
8,115,9,77,8,4,0.5,0.06666666666666667,7.5,sealed_dsv4
9,127,10,40,9,4,0.4444444444444444,0.0782608695652174,5.679012345679012,sealed_dsv4
9,127,10,35,9,4,0.4444444444444444,0.05217391304347826,8.518518518518519,sealed_dsv4
9,127,10,76,9,4,0.4444444444444444,0.05217391304347826,8.518518518518519,sealed_dsv4
10,8,11,171,5,4,0.8,0.05084745762711865,15.733333333333333,sealed_dsv4
10,228,11,171,9,4,0.4444444444444444,0.05084745762711865,8.74074074074074,sealed_dsv4
10,228,11,21,9,4,0.4444444444444444,0.03389830508474576,13.11111111111111,sealed_dsv4
10,228,11,132,9,4,0.4444444444444444,0.0423728813559322,10.488888888888889,sealed_dsv4
10,35,11,157,6,4,0.6666666666666666,0.059322033898305086,11.238095238095237,sealed_dsv4
10,76,11,171,6,4,0.6666666666666666,0.05084745762711865,13.111111111111109,sealed_dsv4
10,76,11,157,6,4,0.6666666666666666,0.059322033898305086,11.238095238095237,sealed_dsv4
11,89,12,41,6,4,0.6666666666666666,0.1092436974789916,6.102564102564102,sealed_dsv4
11,89,12,43,6,4,0.6666666666666666,0.05042016806722689,13.222222222222221,sealed_dsv4
11,157,12,46,7,4,0.5714285714285714,0.05042016806722689,11.333333333333332,sealed_dsv4
11,132,12,46,5,4,0.8,0.05042016806722689,15.866666666666667,sealed_dsv4
12,122,13,148,9,4,0.4444444444444444,0.034482758620689655,12.888888888888888,sealed_dsv4
12,122,13,91,9,4,0.4444444444444444,0.034482758620689655,12.888888888888888,sealed_dsv4
12,41,13,241,13,4,0.3076923076923077,0.034482758620689655,8.923076923076923,sealed_dsv4
12,46,13,125,6,4,0.6666666666666666,0.08620689655172414,7.7333333333333325,sealed_dsv4
12,43,13,148,6,4,0.6666666666666666,0.034482758620689655,19.333333333333332,sealed_dsv4
12,43,13,91,6,4,0.6666666666666666,0.034482758620689655,19.333333333333332,sealed_dsv4
12,142,13,148,6,4,0.6666666666666666,0.034482758620689655,19.333333333333332,sealed_dsv4
12,142,13,91,6,4,0.6666666666666666,0.034482758620689655,19.333333333333332,sealed_dsv4
13,125,14,80,10,4,0.4,0.05263157894736842,7.6000000000000005,sealed_dsv4
13,88,14,234,9,4,0.4444444444444444,0.05263157894736842,8.444444444444445,sealed_dsv4
13,88,14,49,9,4,0.4444444444444444,0.07017543859649122,6.333333333333333,sealed_dsv4
13,251,14,41,9,4,0.4444444444444444,0.06140350877192982,7.238095238095238,sealed_dsv4
13,14,14,73,8,4,0.5,0.03508771929824561,14.25,sealed_dsv4
14,80,15,15,6,4,0.6666666666666666,0.075,8.88888888888889,sealed_dsv4
14,234,15,15,6,4,0.6666666666666666,0.075,8.88888888888889,sealed_dsv4
15,186,16,92,5,4,0.8,0.08620689655172414,9.28,sealed_dsv4
15,15,16,36,9,4,0.4444444444444444,0.034482758620689655,12.888888888888888,sealed_dsv4
16,255,17,222,6,4,0.6666666666666666,0.03571428571428571,18.666666666666668,sealed_dsv4
16,57,17,222,6,4,0.6666666666666666,0.03571428571428571,18.666666666666668,sealed_dsv4
17,104,18,209,5,4,0.8,0.043478260869565216,18.400000000000002,sealed_dsv4
17,108,18,209,5,4,0.8,0.043478260869565216,18.400000000000002,sealed_dsv4
18,75,19,193,14,4,0.2857142857142857,0.03278688524590164,8.714285714285714,sealed_dsv4
18,209,19,193,5,4,0.8,0.03278688524590164,24.4,sealed_dsv4
20,187,21,75,10,4,0.4,0.042735042735042736,9.360000000000001,sealed_dsv4
20,140,21,49,5,4,0.8,0.05128205128205128,15.600000000000001,sealed_dsv4
21,75,22,123,5,4,0.8,0.12931034482758622,6.1866666666666665,sealed_dsv4
21,201,22,123,5,4,0.8,0.12931034482758622,6.1866666666666665,sealed_dsv4
22,203,23,235,7,4,0.5714285714285714,0.0847457627118644,6.742857142857143,sealed_dsv4
22,203,23,77,7,4,0.5714285714285714,0.07627118644067797,7.492063492063491,sealed_dsv4
22,123,23,165,15,4,0.26666666666666666,0.03389830508474576,7.866666666666666,sealed_dsv4
22,123,23,60,15,4,0.26666666666666666,0.03389830508474576,7.866666666666666,sealed_dsv4
22,13,23,74,9,4,0.4444444444444444,0.059322033898305086,7.492063492063491,sealed_dsv4
23,74,24,205,7,4,0.5714285714285714,0.06896551724137931,8.285714285714285,sealed_dsv4
24,205,25,98,8,4,0.5,0.05263157894736842,9.5,sealed_dsv4
25,47,26,104,7,4,0.5714285714285714,0.058823529411764705,9.714285714285714,sealed_dsv4
25,47,26,191,7,4,0.5714285714285714,0.058823529411764705,9.714285714285714,sealed_dsv4
25,98,26,191,6,4,0.6666666666666666,0.058823529411764705,11.333333333333332,sealed_dsv4
25,175,26,104,7,4,0.5714285714285714,0.058823529411764705,9.714285714285714,sealed_dsv4
25,175,26,191,7,4,0.5714285714285714,0.058823529411764705,9.714285714285714,sealed_dsv4
26,98,27,88,15,4,0.26666666666666666,0.041666666666666664,6.4,sealed_dsv4
26,191,27,88,7,4,0.5714285714285714,0.041666666666666664,13.714285714285714,sealed_dsv4
26,191,27,25,7,4,0.5714285714285714,0.06666666666666667,8.571428571428571,sealed_dsv4
27,88,28,179,5,4,0.8,0.0743801652892562,10.755555555555556,sealed_dsv4
27,5,28,203,16,4,0.25,0.03305785123966942,7.5625,sealed_dsv4
27,15,28,179,5,4,0.8,0.0743801652892562,10.755555555555556,sealed_dsv4
28,162,29,29,5,4,0.8,0.032520325203252036,24.599999999999998,sealed_dsv4
28,179,29,254,9,4,0.4444444444444444,0.06504065040650407,6.833333333333332,sealed_dsv4
28,160,29,238,16,4,0.25,0.032520325203252036,7.687499999999999,sealed_dsv4
28,160,29,29,16,4,0.25,0.032520325203252036,7.687499999999999,sealed_dsv4
28,160,29,222,16,4,0.25,0.032520325203252036,7.687499999999999,sealed_dsv4
28,211,29,41,6,4,0.6666666666666666,0.06504065040650407,10.249999999999998,sealed_dsv4
32,135,33,48,15,4,0.26666666666666666,0.0423728813559322,6.293333333333334,sealed_dsv4
33,48,34,70,5,4,0.8,0.1016949152542373,7.866666666666666,sealed_dsv4
33,48,34,246,5,4,0.8,0.06779661016949153,11.8,sealed_dsv4
33,47,34,246,8,4,0.5,0.06779661016949153,7.375,sealed_dsv4
34,11,35,179,15,4,0.26666666666666666,0.032520325203252036,8.2,sealed_dsv4
34,70,35,179,12,4,0.3333333333333333,0.032520325203252036,10.249999999999998,sealed_dsv4
34,243,35,179,11,4,0.36363636363636365,0.032520325203252036,11.181818181818182,sealed_dsv4
35,84,36,5,6,4,0.6666666666666666,0.09734513274336283,6.848484848484849,sealed_dsv4
36,26,37,231,5,4,0.8,0.07692307692307693,10.4,sealed_dsv4
36,45,37,248,12,4,0.3333333333333333,0.03418803418803419,9.749999999999998,sealed_dsv4
36,152,37,248,11,4,0.36363636363636365,0.03418803418803419,10.636363636363635,sealed_dsv4
37,245,38,46,12,4,0.3333333333333333,0.03278688524590164,10.166666666666666,sealed_dsv4
38,209,39,252,11,4,0.36363636363636365,0.03305785123966942,11.0,sealed_dsv4
38,43,39,252,12,4,0.3333333333333333,0.03305785123966942,10.083333333333332,sealed_dsv4
38,43,39,168,12,4,0.3333333333333333,0.03305785123966942,10.083333333333332,sealed_dsv4
38,32,39,168,13,4,0.3076923076923077,0.03305785123966942,9.307692307692308,sealed_dsv4
39,191,40,211,13,4,0.3076923076923077,0.042735042735042736,7.2,sealed_dsv4
39,191,40,7,13,4,0.3076923076923077,0.042735042735042736,7.2,sealed_dsv4
39,191,40,230,13,4,0.3076923076923077,0.03418803418803419,9.0,sealed_dsv4
39,191,40,104,13,4,0.3076923076923077,0.042735042735042736,7.2,sealed_dsv4
39,191,40,196,13,4,0.3076923076923077,0.03418803418803419,9.0,sealed_dsv4
41,70,42,28,11,4,0.36363636363636365,0.03305785123966942,11.0,sealed_dsv4
41,236,42,28,10,4,0.4,0.03305785123966942,12.1,sealed_dsv4
41,236,42,143,10,4,0.4,0.03305785123966942,12.1,sealed_dsv4
4,233,5,205,11,4,0.36363636363636365,0.0423728813559322,8.581818181818182,sealed_dsv4
5,205,6,138,5,4,0.8,0.05982905982905983,13.371428571428572,sealed_dsv4
6,1,7,135,6,4,0.6666666666666666,0.049586776859504134,13.444444444444443,sealed_dsv4
7,141,8,161,14,4,0.2857142857142857,0.042735042735042736,6.685714285714285,sealed_dsv4
9,242,10,178,8,4,0.5,0.034782608695652174,14.375,sealed_dsv4
11,16,12,142,5,4,0.8,0.05042016806722689,15.866666666666667,sealed_dsv4
11,16,12,43,5,4,0.8,0.05042016806722689,15.866666666666667,sealed_dsv4
16,176,17,108,6,4,0.6666666666666666,0.044642857142857144,14.933333333333332,sealed_dsv4
16,176,17,104,6,4,0.6666666666666666,0.044642857142857144,14.933333333333332,sealed_dsv4
17,108,18,166,5,4,0.8,0.06956521739130435,11.5,sealed_dsv4
17,61,18,209,8,4,0.5,0.043478260869565216,11.5,sealed_dsv4
17,104,18,166,5,4,0.8,0.06956521739130435,11.5,sealed_dsv4
18,209,19,10,5,4,0.8,0.040983606557377046,19.520000000000003,sealed_dsv4
18,209,19,181,5,4,0.8,0.05737704918032787,13.942857142857143,sealed_dsv4
19,10,20,187,5,4,0.8,0.08620689655172414,9.28,sealed_dsv4
19,181,20,187,7,4,0.5714285714285714,0.08620689655172414,6.628571428571428,sealed_dsv4
22,123,23,193,15,4,0.26666666666666666,0.03389830508474576,7.866666666666666,sealed_dsv4
33,129,34,177,11,4,0.36363636363636365,0.0423728813559322,8.581818181818182,sealed_dsv4
36,26,37,151,5,4,0.8,0.08547008547008547,9.360000000000001,sealed_dsv4
37,240,38,43,7,4,0.5714285714285714,0.09836065573770492,5.809523809523809,sealed_dsv4
37,240,38,32,7,4,0.5714285714285714,0.10655737704918032,5.362637362637362,sealed_dsv4
6,16,7,191,10,4,0.4,0.06611570247933884,6.05,sealed_dsv4
7,191,8,200,8,4,0.5,0.06837606837606838,7.312499999999999,sealed_dsv4
8,200,9,127,8,4,0.5,0.075,6.666666666666667,sealed_dsv4
8,200,9,77,8,4,0.5,0.06666666666666667,7.5,sealed_dsv4
14,1,15,79,9,4,0.4444444444444444,0.041666666666666664,10.666666666666666,sealed_dsv4
14,245,15,79,6,4,0.6666666666666666,0.041666666666666664,16.0,sealed_dsv4
15,79,16,240,5,4,0.8,0.0603448275862069,13.257142857142858,sealed_dsv4
15,79,16,176,5,4,0.8,0.05172413793103448,15.466666666666669,sealed_dsv4
16,57,17,3,6,4,0.6666666666666666,0.11607142857142858,5.743589743589743,sealed_dsv4
16,255,17,3,6,4,0.6666666666666666,0.11607142857142858,5.743589743589743,sealed_dsv4
20,140,21,155,5,4,0.8,0.08547008547008547,9.360000000000001,sealed_dsv4
24,254,25,175,6,4,0.6666666666666666,0.06140350877192982,10.857142857142858,sealed_dsv4
24,254,25,120,6,4,0.6666666666666666,0.09649122807017543,6.909090909090909,sealed_dsv4
25,0,26,37,16,4,0.25,0.03361344537815126,7.4375,sealed_dsv4
25,0,26,223,16,4,0.25,0.03361344537815126,7.4375,sealed_dsv4
25,47,26,128,7,4,0.5714285714285714,0.06722689075630252,8.5,sealed_dsv4
25,175,26,37,7,4,0.5714285714285714,0.03361344537815126,17.0,sealed_dsv4
25,175,26,223,7,4,0.5714285714285714,0.03361344537815126,17.0,sealed_dsv4
25,120,26,223,11,4,0.36363636363636365,0.03361344537815126,10.818181818181818,sealed_dsv4
26,128,27,25,8,4,0.5,0.06666666666666667,7.5,sealed_dsv4
27,5,28,21,16,4,0.25,0.03305785123966942,7.5625,sealed_dsv4
28,160,29,200,16,4,0.25,0.032520325203252036,7.687499999999999,sealed_dsv4
28,179,29,200,9,4,0.4444444444444444,0.032520325203252036,13.666666666666664,sealed_dsv4
31,244,32,12,10,4,0.4,0.05263157894736842,7.6000000000000005,sealed_dsv4
35,63,36,45,5,4,0.8,0.10619469026548672,7.533333333333334,sealed_dsv4
35,63,36,152,5,4,0.8,0.09734513274336283,8.218181818181819,sealed_dsv4
12,41,13,13,13,4,0.3076923076923077,0.034482758620689655,8.923076923076923,sealed_dsv4
13,125,14,143,10,4,0.4,0.043859649122807015,9.120000000000001,sealed_dsv4
14,234,15,209,6,4,0.6666666666666666,0.041666666666666664,16.0,sealed_dsv4
14,143,15,135,5,4,0.8,0.06666666666666667,12.0,sealed_dsv4
14,143,15,209,5,4,0.8,0.041666666666666664,19.200000000000003,sealed_dsv4
15,135,16,162,8,4,0.5,0.04310344827586207,11.6,sealed_dsv4
15,209,16,92,5,4,0.8,0.08620689655172414,9.28,sealed_dsv4
15,209,16,96,5,4,0.8,0.06896551724137931,11.600000000000001,sealed_dsv4
16,162,17,3,5,4,0.8,0.11607142857142858,6.892307692307693,sealed_dsv4
17,93,18,79,8,4,0.5,0.043478260869565216,11.5,sealed_dsv4
17,93,18,115,8,4,0.5,0.034782608695652174,14.375,sealed_dsv4
17,112,18,115,10,4,0.4,0.034782608695652174,11.5,sealed_dsv4
17,3,18,79,13,4,0.3076923076923077,0.043478260869565216,7.0769230769230775,sealed_dsv4
22,123,23,106,15,4,0.26666666666666666,0.03389830508474576,7.866666666666666,sealed_dsv4
23,235,24,64,10,4,0.4,0.034482758620689655,11.600000000000001,sealed_dsv4
23,175,24,64,9,4,0.4444444444444444,0.034482758620689655,12.888888888888888,sealed_dsv4
23,175,24,206,9,4,0.4444444444444444,0.05172413793103448,8.592592592592592,sealed_dsv4
23,74,24,229,7,4,0.5714285714285714,0.06896551724137931,8.285714285714285,sealed_dsv4
23,74,24,206,7,4,0.5714285714285714,0.05172413793103448,11.047619047619047,sealed_dsv4
23,77,24,64,9,4,0.4444444444444444,0.034482758620689655,12.888888888888888,sealed_dsv4
24,229,25,98,8,4,0.5,0.05263157894736842,9.5,sealed_dsv4
24,206,25,48,6,4,0.6666666666666666,0.09649122807017543,6.909090909090909,sealed_dsv4
25,48,26,191,11,4,0.36363636363636365,0.058823529411764705,6.181818181818182,sealed_dsv4
25,98,26,41,6,4,0.6666666666666666,0.06722689075630252,9.916666666666666,sealed_dsv4
26,98,27,96,15,4,0.26666666666666666,0.03333333333333333,8.0,sealed_dsv4
26,104,27,96,7,4,0.5714285714285714,0.03333333333333333,17.142857142857142,sealed_dsv4
26,191,27,253,7,4,0.5714285714285714,0.09166666666666666,6.233766233766234,sealed_dsv4
26,41,27,25,8,4,0.5,0.06666666666666667,7.5,sealed_dsv4
28,211,29,58,6,4,0.6666666666666666,0.06504065040650407,10.249999999999998,sealed_dsv4
28,94,29,58,7,4,0.5714285714285714,0.06504065040650407,8.785714285714285,sealed_dsv4
28,249,29,254,6,4,0.6666666666666666,0.06504065040650407,10.249999999999998,sealed_dsv4
28,179,29,58,9,4,0.4444444444444444,0.06504065040650407,6.833333333333332,sealed_dsv4
31,10,32,87,15,4,0.26666666666666666,0.03508771929824561,7.6000000000000005,sealed_dsv4
31,126,32,87,15,4,0.26666666666666666,0.03508771929824561,7.6000000000000005,sealed_dsv4
32,135,33,59,15,4,0.26666666666666666,0.03389830508474576,7.866666666666666,sealed_dsv4
32,83,33,59,13,4,0.3076923076923077,0.03389830508474576,9.076923076923077,sealed_dsv4
32,109,33,59,14,4,0.2857142857142857,0.03389830508474576,8.428571428571429,sealed_dsv4
33,129,34,246,11,4,0.36363636363636365,0.06779661016949153,5.363636363636364,sealed_dsv4
34,11,35,109,15,4,0.26666666666666666,0.04065040650406504,6.5600000000000005,sealed_dsv4
39,179,40,174,11,4,0.36363636363636365,0.03418803418803419,10.636363636363635,sealed_dsv4
39,179,40,106,11,4,0.36363636363636365,0.03418803418803419,10.636363636363635,sealed_dsv4
39,179,40,35,11,4,0.36363636363636365,0.03418803418803419,10.636363636363635,sealed_dsv4
3,101,4,46,7,4,0.5714285714285714,0.0782608695652174,7.3015873015873005,sealed_dsv4
3,135,4,97,10,4,0.4,0.0782608695652174,5.111111111111111,sealed_dsv4
4,46,5,208,9,4,0.4444444444444444,0.06779661016949153,6.555555555555555,sealed_dsv4
14,1,15,15,9,4,0.4444444444444444,0.075,5.925925925925926,sealed_dsv4
15,15,16,200,9,4,0.4444444444444444,0.034482758620689655,12.888888888888888,sealed_dsv4
34,139,35,135,8,4,0.5,0.04065040650406504,12.3,sealed_dsv4
3,135,4,244,10,4,0.4,0.034782608695652174,11.5,sealed_dsv4
3,135,4,117,10,4,0.4,0.034782608695652174,11.5,sealed_dsv4
7,191,8,242,8,4,0.5,0.042735042735042736,11.7,sealed_dsv4
7,191,8,189,8,4,0.5,0.06837606837606838,7.312499999999999,sealed_dsv4
7,141,8,242,14,4,0.2857142857142857,0.042735042735042736,6.685714285714285,sealed_dsv4
8,71,9,168,9,4,0.4444444444444444,0.041666666666666664,10.666666666666666,sealed_dsv4
8,242,9,168,5,4,0.8,0.041666666666666664,19.200000000000003,sealed_dsv4
8,189,9,168,8,4,0.5,0.041666666666666664,12.0,sealed_dsv4
13,88,14,105,9,4,0.4444444444444444,0.05263157894736842,8.444444444444445,sealed_dsv4
15,135,16,154,8,4,0.5,0.034482758620689655,14.5,sealed_dsv4
15,15,16,154,9,4,0.4444444444444444,0.034482758620689655,12.888888888888888,sealed_dsv4
16,92,17,220,10,4,0.4,0.044642857142857144,8.96,sealed_dsv4
20,87,21,155,5,4,0.8,0.08547008547008547,9.360000000000001,sealed_dsv4
21,155,22,203,10,4,0.4,0.0603448275862069,6.628571428571429,sealed_dsv4
23,74,24,90,7,4,0.5714285714285714,0.034482758620689655,16.57142857142857,sealed_dsv4
24,168,25,191,16,4,0.25,0.03508771929824561,7.125,sealed_dsv4
25,0,26,46,16,4,0.25,0.03361344537815126,7.4375,sealed_dsv4
25,143,26,152,10,4,0.4,0.058823529411764705,6.800000000000001,sealed_dsv4
25,47,26,152,7,4,0.5714285714285714,0.058823529411764705,9.714285714285714,sealed_dsv4
27,177,28,249,7,4,0.5714285714285714,0.049586776859504134,11.523809523809524,sealed_dsv4
27,177,28,211,7,4,0.5714285714285714,0.049586776859504134,11.523809523809524,sealed_dsv4
29,41,30,34,8,4,0.5,0.05982905982905983,8.357142857142858,sealed_dsv4
29,33,30,35,5,4,0.8,0.10256410256410256,7.800000000000001,sealed_dsv4
29,254,30,34,8,4,0.5,0.05982905982905983,8.357142857142858,sealed_dsv4
34,70,35,135,12,4,0.3333333333333333,0.04065040650406504,8.2,sealed_dsv4
34,122,35,135,9,4,0.4444444444444444,0.04065040650406504,10.933333333333334,sealed_dsv4
34,11,35,97,15,4,0.26666666666666666,0.04065040650406504,6.5600000000000005,sealed_dsv4
35,135,36,229,5,4,0.8,0.07964601769911504,10.044444444444444,sealed_dsv4
35,135,36,5,5,4,0.8,0.09734513274336283,8.218181818181819,sealed_dsv4
38,43,39,73,12,4,0.3333333333333333,0.03305785123966942,10.083333333333332,sealed_dsv4
38,32,39,73,13,4,0.3076923076923077,0.03305785123966942,9.307692307692308,sealed_dsv4
38,187,39,73,9,4,0.4444444444444444,0.03305785123966942,13.444444444444443,sealed_dsv4
38,209,39,73,11,4,0.36363636363636365,0.03305785123966942,11.0,sealed_dsv4
38,38,39,73,10,4,0.4,0.03305785123966942,12.1,sealed_dsv4
39,179,40,182,11,4,0.36363636363636365,0.03418803418803419,10.636363636363635,sealed_dsv4
39,179,40,116,11,4,0.36363636363636365,0.03418803418803419,10.636363636363635,sealed_dsv4
41,166,42,113,5,4,0.8,0.03305785123966942,24.2,sealed_dsv4
17,220,18,75,5,4,0.8,0.12173913043478261,6.571428571428571,sealed_dsv4
26,98,27,143,15,4,0.26666666666666666,0.03333333333333333,8.0,sealed_dsv4
41,166,42,36,5,4,0.8,0.03305785123966942,24.2,sealed_dsv4
4,97,5,173,9,4,0.4444444444444444,0.06779661016949153,6.555555555555555,sealed_dsv4
5,173,6,16,8,4,0.5,0.08547008547008547,5.85,sealed_dsv4
8,200,9,80,8,4,0.5,0.03333333333333333,15.0,sealed_dsv4
8,115,9,80,8,4,0.5,0.03333333333333333,15.0,sealed_dsv4
8,146,9,80,7,4,0.5714285714285714,0.03333333333333333,17.142857142857142,sealed_dsv4
8,161,9,80,5,4,0.8,0.03333333333333333,24.0,sealed_dsv4
29,210,30,80,14,4,0.2857142857142857,0.03418803418803419,8.357142857142856,sealed_dsv4
5,173,6,252,8,4,0.5,0.05128205128205128,9.75,sealed_dsv4
6,39,7,68,10,4,0.4,0.03305785123966942,12.1,sealed_dsv4
22,136,23,235,7,4,0.5714285714285714,0.0847457627118644,6.742857142857143,sealed_dsv4
22,136,23,77,7,4,0.5714285714285714,0.07627118644067797,7.492063492063491,sealed_dsv4
22,136,23,74,7,4,0.5714285714285714,0.059322033898305086,9.63265306122449,sealed_dsv4
22,66,23,74,8,4,0.5,0.059322033898305086,8.428571428571429,sealed_dsv4
34,122,35,63,9,4,0.4444444444444444,0.04065040650406504,10.933333333333334,sealed_dsv4
34,70,35,63,12,4,0.3333333333333333,0.04065040650406504,8.2,sealed_dsv4
34,246,35,129,8,4,0.5,0.06504065040650407,7.687499999999999,sealed_dsv4
18,75,19,50,14,4,0.2857142857142857,0.03278688524590164,8.714285714285714,sealed_dsv4
18,122,19,50,8,4,0.5,0.03278688524590164,15.25,sealed_dsv4
23,235,24,153,10,4,0.4,0.05172413793103448,7.733333333333334,sealed_dsv4
23,175,24,153,9,4,0.4444444444444444,0.05172413793103448,8.592592592592592,sealed_dsv4
23,77,24,153,9,4,0.4444444444444444,0.05172413793103448,8.592592592592592,sealed_dsv4
24,153,25,98,6,4,0.6666666666666666,0.05263157894736842,12.666666666666666,sealed_dsv4
25,98,26,128,6,4,0.6666666666666666,0.06722689075630252,9.916666666666666,sealed_dsv4
27,177,28,162,7,4,0.5714285714285714,0.04132231404958678,13.828571428571427,sealed_dsv4
38,32,39,150,13,4,0.3076923076923077,0.049586776859504134,6.205128205128205,sealed_dsv4
24,153,25,120,6,4,0.6666666666666666,0.09649122807017543,6.909090909090909,sealed_dsv4
14,62,15,15,6,4,0.6666666666666666,0.075,8.88888888888889,sealed_dsv4
14,62,15,186,6,4,0.6666666666666666,0.041666666666666664,16.0,sealed_dsv4
16,92,17,135,10,4,0.4,0.044642857142857144,8.96,sealed_dsv4
23,175,24,24,9,4,0.4444444444444444,0.04310344827586207,10.31111111111111,sealed_dsv4
23,175,24,205,9,4,0.4444444444444444,0.06896551724137931,6.444444444444444,sealed_dsv4
25,0,26,91,16,4,0.25,0.03361344537815126,7.4375,sealed_dsv4
25,48,26,91,11,4,0.36363636363636365,0.03361344537815126,10.818181818181818,sealed_dsv4
26,128,27,15,8,4,0.5,0.041666666666666664,12.0,sealed_dsv4
26,152,27,15,7,4,0.5714285714285714,0.041666666666666664,13.714285714285714,sealed_dsv4
29,210,30,8,14,4,0.2857142857142857,0.03418803418803419,8.357142857142856,sealed_dsv4
29,58,30,8,8,4,0.5,0.03418803418803419,14.624999999999998,sealed_dsv4
33,47,34,139,8,4,0.5,0.06779661016949153,7.375,sealed_dsv4
36,152,37,164,11,4,0.36363636363636365,0.042735042735042736,8.50909090909091,sealed_dsv4
41,44,42,142,6,4,0.6666666666666666,0.04132231404958678,16.133333333333333,sealed_dsv4
36,229,37,164,9,4,0.4444444444444444,0.042735042735042736,10.399999999999999,sealed_dsv4
36,23,37,231,5,4,0.8,0.07692307692307693,10.4,sealed_dsv4
39,191,40,12,13,4,0.3076923076923077,0.03418803418803419,9.0,sealed_dsv4
39,159,40,12,6,4,0.6666666666666666,0.03418803418803419,19.499999999999996,sealed_dsv4
41,44,42,239,6,4,0.6666666666666666,0.04132231404958678,16.133333333333333,sealed_dsv4
3,202,4,250,7,3,0.42857142857142855,0.02608695652173913,16.428571428571427,sealed_dsv4
4,46,5,135,9,3,0.3333333333333333,0.03389830508474576,9.833333333333332,sealed_dsv4
5,86,6,56,6,3,0.5,0.02564102564102564,19.5,sealed_dsv4
5,86,6,8,6,3,0.5,0.02564102564102564,19.5,sealed_dsv4
5,46,6,53,5,3,0.6,0.08547008547008547,7.02,sealed_dsv4
5,46,6,16,5,3,0.6,0.08547008547008547,7.02,sealed_dsv4
5,52,6,6,14,3,0.21428571428571427,0.02564102564102564,8.357142857142858,sealed_dsv4
5,52,6,8,14,3,0.21428571428571427,0.02564102564102564,8.357142857142858,sealed_dsv4
6,53,7,133,10,3,0.3,0.05785123966942149,5.185714285714285,sealed_dsv4
6,53,7,95,10,3,0.3,0.0743801652892562,4.033333333333333,sealed_dsv4
6,39,7,238,10,3,0.3,0.024793388429752067,12.1,sealed_dsv4
6,252,7,238,6,3,0.5,0.024793388429752067,20.166666666666668,sealed_dsv4
6,1,7,233,6,3,0.5,0.03305785123966942,15.125,sealed_dsv4
7,141,8,111,14,3,0.21428571428571427,0.03418803418803419,6.2678571428571415,sealed_dsv4
7,140,8,16,8,3,0.375,0.09401709401709402,3.9886363636363638,sealed_dsv4
7,140,8,111,8,3,0.375,0.03418803418803419,10.968749999999998,sealed_dsv4
8,146,9,77,7,3,0.42857142857142855,0.06666666666666667,6.428571428571428,sealed_dsv4
8,71,9,248,9,3,0.3333333333333333,0.025,13.333333333333332,sealed_dsv4
8,16,9,46,11,3,0.2727272727272727,0.025,10.909090909090908,sealed_dsv4
8,16,9,242,11,3,0.2727272727272727,0.06666666666666667,4.090909090909091,sealed_dsv4
8,16,9,155,11,3,0.2727272727272727,0.025,10.909090909090908,sealed_dsv4
8,16,9,248,11,3,0.2727272727272727,0.025,10.909090909090908,sealed_dsv4
8,189,9,46,8,3,0.375,0.025,15.0,sealed_dsv4
8,232,9,46,10,3,0.3,0.025,11.999999999999998,sealed_dsv4
8,28,9,127,5,3,0.6,0.075,8.0,sealed_dsv4
8,28,9,155,5,3,0.6,0.025,23.999999999999996,sealed_dsv4
8,28,9,77,5,3,0.6,0.06666666666666667,9.0,sealed_dsv4
8,115,9,155,8,3,0.375,0.025,15.0,sealed_dsv4
9,242,10,8,8,3,0.375,0.043478260869565216,8.625,sealed_dsv4
9,242,10,228,8,3,0.375,0.0782608695652174,4.791666666666666,sealed_dsv4
9,242,10,35,8,3,0.375,0.05217391304347826,7.1875,sealed_dsv4
9,242,10,214,8,3,0.375,0.02608695652173913,14.375,sealed_dsv4
9,77,10,76,8,3,0.375,0.05217391304347826,7.1875,sealed_dsv4
9,77,10,214,8,3,0.375,0.02608695652173913,14.375,sealed_dsv4
9,219,10,8,10,3,0.3,0.043478260869565216,6.9,sealed_dsv4
9,219,10,40,10,3,0.3,0.0782608695652174,3.833333333333333,sealed_dsv4
9,219,10,201,10,3,0.3,0.034782608695652174,8.625,sealed_dsv4
10,8,11,157,5,3,0.6,0.059322033898305086,10.114285714285714,sealed_dsv4
10,8,11,132,5,3,0.6,0.0423728813559322,14.16,sealed_dsv4
10,40,11,171,9,3,0.3333333333333333,0.05084745762711865,6.5555555555555545,sealed_dsv4
10,40,11,85,9,3,0.3333333333333333,0.025423728813559324,13.111111111111109,sealed_dsv4
10,40,11,1,9,3,0.3333333333333333,0.025423728813559324,13.111111111111109,sealed_dsv4
10,228,11,197,9,3,0.3333333333333333,0.025423728813559324,13.111111111111109,sealed_dsv4
10,228,11,114,9,3,0.3333333333333333,0.025423728813559324,13.111111111111109,sealed_dsv4
10,228,11,194,9,3,0.3333333333333333,0.025423728813559324,13.111111111111109,sealed_dsv4
10,35,11,21,6,3,0.5,0.03389830508474576,14.75,sealed_dsv4
10,35,11,114,6,3,0.5,0.025423728813559324,19.666666666666664,sealed_dsv4
10,35,11,194,6,3,0.5,0.025423728813559324,19.666666666666664,sealed_dsv4
10,35,11,132,6,3,0.5,0.0423728813559322,11.8,sealed_dsv4
10,76,11,197,6,3,0.5,0.025423728813559324,19.666666666666664,sealed_dsv4
10,76,11,21,6,3,0.5,0.03389830508474576,14.75,sealed_dsv4
10,76,11,132,6,3,0.5,0.0423728813559322,11.8,sealed_dsv4
11,232,12,187,7,3,0.42857142857142855,0.025210084033613446,17.0,sealed_dsv4
11,232,12,210,7,3,0.42857142857142855,0.025210084033613446,17.0,sealed_dsv4
11,171,12,122,6,3,0.5,0.07563025210084033,6.611111111111112,sealed_dsv4
11,171,12,46,6,3,0.5,0.05042016806722689,9.916666666666666,sealed_dsv4
11,9,12,221,14,3,0.21428571428571427,0.025210084033613446,8.5,sealed_dsv4
11,9,12,187,14,3,0.21428571428571427,0.025210084033613446,8.5,sealed_dsv4
11,89,12,187,6,3,0.5,0.025210084033613446,19.833333333333332,sealed_dsv4
11,89,12,210,6,3,0.5,0.025210084033613446,19.833333333333332,sealed_dsv4
11,157,12,221,7,3,0.42857142857142855,0.025210084033613446,17.0,sealed_dsv4
11,157,12,122,7,3,0.42857142857142855,0.07563025210084033,5.666666666666667,sealed_dsv4
11,157,12,23,7,3,0.42857142857142855,0.025210084033613446,17.0,sealed_dsv4
11,132,12,221,5,3,0.6,0.025210084033613446,23.799999999999997,sealed_dsv4
11,132,12,122,5,3,0.6,0.07563025210084033,7.933333333333334,sealed_dsv4
12,122,13,4,9,3,0.3333333333333333,0.02586206896551724,12.888888888888888,sealed_dsv4
12,122,13,251,9,3,0.3333333333333333,0.07758620689655173,4.296296296296296,sealed_dsv4
12,41,13,106,13,3,0.23076923076923078,0.02586206896551724,8.923076923076923,sealed_dsv4
12,46,13,106,6,3,0.5,0.02586206896551724,19.333333333333332,sealed_dsv4
12,46,13,251,6,3,0.5,0.07758620689655173,6.444444444444445,sealed_dsv4
12,46,13,14,6,3,0.5,0.06896551724137931,7.25,sealed_dsv4
12,43,13,125,6,3,0.5,0.08620689655172414,5.8,sealed_dsv4
12,142,13,4,6,3,0.5,0.02586206896551724,19.333333333333332,sealed_dsv4
12,142,13,125,6,3,0.5,0.08620689655172414,5.8,sealed_dsv4
13,125,14,73,10,3,0.3,0.03508771929824561,8.55,sealed_dsv4
13,125,14,235,10,3,0.3,0.05263157894736842,5.7,sealed_dsv4
13,88,14,73,9,3,0.3333333333333333,0.03508771929824561,9.5,sealed_dsv4
13,14,14,38,8,3,0.375,0.02631578947368421,14.25,sealed_dsv4
13,14,14,41,8,3,0.375,0.06140350877192982,6.107142857142858,sealed_dsv4
14,41,15,176,7,3,0.42857142857142855,0.06666666666666667,6.428571428571428,sealed_dsv4
14,80,15,162,6,3,0.5,0.025,20.0,sealed_dsv4
14,49,15,186,8,3,0.375,0.041666666666666664,9.0,sealed_dsv4
14,49,15,15,8,3,0.375,0.075,5.0,sealed_dsv4
14,49,15,212,8,3,0.375,0.025,15.0,sealed_dsv4
14,49,15,213,8,3,0.375,0.025,15.0,sealed_dsv4
14,235,15,213,6,3,0.5,0.025,20.0,sealed_dsv4
15,135,16,36,8,3,0.375,0.034482758620689655,10.875,sealed_dsv4
16,255,17,195,6,3,0.5,0.026785714285714284,18.666666666666668,sealed_dsv4
16,57,17,195,6,3,0.5,0.026785714285714284,18.666666666666668,sealed_dsv4
17,104,18,23,5,3,0.6,0.02608695652173913,23.0,sealed_dsv4
17,108,18,23,5,3,0.6,0.02608695652173913,23.0,sealed_dsv4
18,75,19,19,14,3,0.21428571428571427,0.02459016393442623,8.714285714285714,sealed_dsv4
18,75,19,107,14,3,0.21428571428571427,0.02459016393442623,8.714285714285714,sealed_dsv4
18,75,19,234,14,3,0.21428571428571427,0.02459016393442623,8.714285714285714,sealed_dsv4
18,209,19,107,5,3,0.6,0.02459016393442623,24.4,sealed_dsv4
18,209,19,234,5,3,0.6,0.02459016393442623,24.4,sealed_dsv4
19,78,20,140,6,3,0.5,0.04310344827586207,11.6,sealed_dsv4
20,187,21,167,10,3,0.3,0.05982905982905983,5.014285714285714,sealed_dsv4
20,187,21,119,10,3,0.3,0.02564102564102564,11.7,sealed_dsv4
20,187,21,28,10,3,0.3,0.02564102564102564,11.7,sealed_dsv4
20,140,21,75,5,3,0.6,0.042735042735042736,14.04,sealed_dsv4
20,140,21,119,5,3,0.6,0.02564102564102564,23.4,sealed_dsv4
20,140,21,201,5,3,0.6,0.042735042735042736,14.04,sealed_dsv4
21,167,22,125,7,3,0.42857142857142855,0.05172413793103448,8.285714285714285,sealed_dsv4
21,75,22,203,5,3,0.6,0.0603448275862069,9.942857142857141,sealed_dsv4
21,75,22,13,5,3,0.6,0.07758620689655173,7.7333333333333325,sealed_dsv4
21,75,22,125,5,3,0.6,0.05172413793103448,11.6,sealed_dsv4
21,201,22,125,5,3,0.6,0.05172413793103448,11.6,sealed_dsv4
21,49,22,203,6,3,0.5,0.0603448275862069,8.285714285714285,sealed_dsv4
21,49,22,13,6,3,0.5,0.07758620689655173,6.444444444444445,sealed_dsv4
21,49,22,185,6,3,0.5,0.02586206896551724,19.333333333333332,sealed_dsv4
22,203,23,25,7,3,0.42857142857142855,0.025423728813559324,16.857142857142854,sealed_dsv4
22,203,23,242,7,3,0.42857142857142855,0.025423728813559324,16.857142857142854,sealed_dsv4
22,203,23,165,7,3,0.42857142857142855,0.03389830508474576,12.642857142857142,sealed_dsv4
22,203,23,60,7,3,0.42857142857142855,0.03389830508474576,12.642857142857142,sealed_dsv4
22,203,23,118,7,3,0.42857142857142855,0.025423728813559324,16.857142857142854,sealed_dsv4
22,123,23,25,15,3,0.2,0.025423728813559324,7.866666666666666,sealed_dsv4
22,123,23,242,15,3,0.2,0.025423728813559324,7.866666666666666,sealed_dsv4
22,123,23,45,15,3,0.2,0.03389830508474576,5.9,sealed_dsv4
22,123,23,118,15,3,0.2,0.025423728813559324,7.866666666666666,sealed_dsv4
22,125,23,45,6,3,0.5,0.03389830508474576,14.75,sealed_dsv4
22,125,23,74,6,3,0.5,0.059322033898305086,8.428571428571429,sealed_dsv4
23,235,24,204,10,3,0.3,0.034482758620689655,8.7,sealed_dsv4
23,235,24,121,10,3,0.3,0.02586206896551724,11.6,sealed_dsv4
24,205,25,175,8,3,0.375,0.06140350877192982,6.107142857142858,sealed_dsv4
25,120,26,69,11,3,0.2727272727272727,0.025210084033613446,10.818181818181817,sealed_dsv4
25,0,26,101,16,3,0.1875,0.025210084033613446,7.4375,sealed_dsv4
25,0,26,18,16,3,0.1875,0.025210084033613446,7.4375,sealed_dsv4
25,0,26,69,16,3,0.1875,0.025210084033613446,7.4375,sealed_dsv4
25,175,26,101,7,3,0.42857142857142855,0.025210084033613446,17.0,sealed_dsv4
25,175,26,69,7,3,0.42857142857142855,0.025210084033613446,17.0,sealed_dsv4
26,104,27,15,7,3,0.42857142857142855,0.041666666666666664,10.285714285714286,sealed_dsv4
26,104,27,152,7,3,0.42857142857142855,0.03333333333333333,12.857142857142856,sealed_dsv4
26,104,27,25,7,3,0.42857142857142855,0.06666666666666667,6.428571428571428,sealed_dsv4
26,98,27,48,15,3,0.2,0.025,8.0,sealed_dsv4
26,98,27,152,15,3,0.2,0.03333333333333333,6.0,sealed_dsv4
26,191,27,48,7,3,0.42857142857142855,0.025,17.142857142857142,sealed_dsv4
26,191,27,15,7,3,0.42857142857142855,0.041666666666666664,10.285714285714286,sealed_dsv4
27,88,28,203,5,3,0.6,0.03305785123966942,18.15,sealed_dsv4
27,15,28,162,5,3,0.6,0.04132231404958678,14.52,sealed_dsv4
27,25,28,203,8,3,0.375,0.03305785123966942,11.34375,sealed_dsv4
28,162,29,215,5,3,0.6,0.04878048780487805,12.299999999999999,sealed_dsv4
28,179,29,126,9,3,0.3333333333333333,0.024390243902439025,13.666666666666666,sealed_dsv4
28,179,29,238,9,3,0.3333333333333333,0.032520325203252036,10.249999999999998,sealed_dsv4
28,179,29,41,9,3,0.3333333333333333,0.06504065040650407,5.124999999999999,sealed_dsv4
28,179,29,29,9,3,0.3333333333333333,0.032520325203252036,10.249999999999998,sealed_dsv4
28,160,29,126,16,3,0.1875,0.024390243902439025,7.6875,sealed_dsv4
28,160,29,2,16,3,0.1875,0.024390243902439025,7.6875,sealed_dsv4
28,160,29,131,16,3,0.1875,0.024390243902439025,7.6875,sealed_dsv4
28,211,29,215,6,3,0.5,0.04878048780487805,10.25,sealed_dsv4
28,211,29,222,6,3,0.5,0.032520325203252036,15.374999999999998,sealed_dsv4
29,210,30,251,14,3,0.21428571428571427,0.02564102564102564,8.357142857142858,sealed_dsv4
29,210,30,237,14,3,0.21428571428571427,0.02564102564102564,8.357142857142858,sealed_dsv4
29,210,30,120,14,3,0.21428571428571427,0.02564102564102564,8.357142857142858,sealed_dsv4
29,215,30,251,6,3,0.5,0.02564102564102564,19.5,sealed_dsv4
29,215,30,117,6,3,0.5,0.10256410256410256,4.875,sealed_dsv4
29,41,30,237,8,3,0.375,0.02564102564102564,14.625,sealed_dsv4
30,35,31,120,12,3,0.25,0.025423728813559324,9.833333333333332,sealed_dsv4
30,117,31,120,12,3,0.25,0.025423728813559324,9.833333333333332,sealed_dsv4
31,10,32,141,15,3,0.2,0.02631578947368421,7.6000000000000005,sealed_dsv4
31,126,32,141,15,3,0.2,0.02631578947368421,7.6000000000000005,sealed_dsv4
32,12,33,47,6,3,0.5,0.06779661016949153,7.375,sealed_dsv4
32,109,33,48,14,3,0.21428571428571427,0.0423728813559322,5.057142857142857,sealed_dsv4
32,83,33,48,13,3,0.23076923076923078,0.0423728813559322,5.446153846153846,sealed_dsv4
33,255,34,136,15,3,0.2,0.025423728813559324,7.866666666666666,sealed_dsv4
33,224,34,136,15,3,0.2,0.025423728813559324,7.866666666666666,sealed_dsv4
33,25,34,136,14,3,0.21428571428571427,0.025423728813559324,8.428571428571427,sealed_dsv4
34,11,35,230,15,3,0.2,0.024390243902439025,8.2,sealed_dsv4
34,11,35,7,15,3,0.2,0.024390243902439025,8.2,sealed_dsv4
34,11,35,29,15,3,0.2,0.024390243902439025,8.2,sealed_dsv4
34,70,35,7,12,3,0.25,0.024390243902439025,10.25,sealed_dsv4
34,243,35,230,11,3,0.2727272727272727,0.024390243902439025,11.18181818181818,sealed_dsv4
34,243,35,7,11,3,0.2727272727272727,0.024390243902439025,11.18181818181818,sealed_dsv4
34,243,35,29,11,3,0.2727272727272727,0.024390243902439025,11.18181818181818,sealed_dsv4
36,26,37,138,5,3,0.6,0.09401709401709402,6.381818181818182,sealed_dsv4
36,5,37,55,11,3,0.2727272727272727,0.02564102564102564,10.636363636363637,sealed_dsv4
36,10,37,55,8,3,0.375,0.02564102564102564,14.625,sealed_dsv4
38,38,39,252,10,3,0.3,0.03305785123966942,9.075,sealed_dsv4
38,38,39,168,10,3,0.3,0.03305785123966942,9.075,sealed_dsv4
38,209,39,168,11,3,0.2727272727272727,0.03305785123966942,8.25,sealed_dsv4
38,32,39,252,13,3,0.23076923076923078,0.03305785123966942,6.980769230769231,sealed_dsv4
38,32,39,221,13,3,0.23076923076923078,0.03305785123966942,6.980769230769231,sealed_dsv4
39,191,40,229,13,3,0.23076923076923078,0.02564102564102564,9.0,sealed_dsv4
40,211,41,92,5,3,0.6,0.03333333333333333,18.0,sealed_dsv4
40,211,41,236,5,3,0.6,0.08333333333333333,7.2,sealed_dsv4
40,7,41,92,5,3,0.6,0.03333333333333333,18.0,sealed_dsv4
40,7,41,236,5,3,0.6,0.08333333333333333,7.2,sealed_dsv4
40,104,41,130,5,3,0.6,0.025,23.999999999999996,sealed_dsv4
41,70,42,137,11,3,0.2727272727272727,0.024793388429752067,10.999999999999998,sealed_dsv4
41,70,42,124,11,3,0.2727272727272727,0.024793388429752067,10.999999999999998,sealed_dsv4
41,70,42,6,11,3,0.2727272727272727,0.024793388429752067,10.999999999999998,sealed_dsv4
41,70,42,59,11,3,0.2727272727272727,0.024793388429752067,10.999999999999998,sealed_dsv4
41,70,42,75,11,3,0.2727272727272727,0.024793388429752067,10.999999999999998,sealed_dsv4
41,70,42,143,11,3,0.2727272727272727,0.03305785123966942,8.25,sealed_dsv4
41,236,42,124,10,3,0.3,0.024793388429752067,12.1,sealed_dsv4
41,236,42,6,10,3,0.3,0.024793388429752067,12.1,sealed_dsv4
41,236,42,75,10,3,0.3,0.024793388429752067,12.1,sealed_dsv4
41,236,42,205,10,3,0.3,0.024793388429752067,12.1,sealed_dsv4
5,205,6,1,5,3,0.6,0.05128205128205128,11.7,sealed_dsv4
6,111,7,122,8,3,0.375,0.024793388429752067,15.125,sealed_dsv4
6,111,7,239,8,3,0.375,0.024793388429752067,15.125,sealed_dsv4
6,1,7,122,6,3,0.5,0.024793388429752067,20.166666666666668,sealed_dsv4
6,16,7,122,10,3,0.3,0.024793388429752067,12.1,sealed_dsv4
6,16,7,239,10,3,0.3,0.024793388429752067,12.1,sealed_dsv4
6,138,7,122,7,3,0.42857142857142855,0.024793388429752067,17.285714285714285,sealed_dsv4
6,138,7,239,7,3,0.42857142857142855,0.024793388429752067,17.285714285714285,sealed_dsv4
6,53,7,122,10,3,0.3,0.024793388429752067,12.1,sealed_dsv4
6,53,7,239,10,3,0.3,0.024793388429752067,12.1,sealed_dsv4
7,135,8,28,6,3,0.5,0.042735042735042736,11.7,sealed_dsv4
8,115,9,13,8,3,0.375,0.025,15.0,sealed_dsv4
8,200,9,13,8,3,0.375,0.025,15.0,sealed_dsv4
8,161,9,13,5,3,0.6,0.025,23.999999999999996,sealed_dsv4
8,146,9,13,7,3,0.42857142857142855,0.025,17.142857142857142,sealed_dsv4
14,49,15,25,8,3,0.375,0.025,15.0,sealed_dsv4
14,49,15,5,8,3,0.375,0.025,15.0,sealed_dsv4
14,235,15,5,6,3,0.5,0.025,20.0,sealed_dsv4
14,1,15,25,9,3,0.3333333333333333,0.025,13.333333333333332,sealed_dsv4
14,1,15,5,9,3,0.3333333333333333,0.025,13.333333333333332,sealed_dsv4
14,245,15,5,6,3,0.5,0.025,20.0,sealed_dsv4
15,176,16,172,8,3,0.375,0.02586206896551724,14.5,sealed_dsv4
15,104,16,172,7,3,0.42857142857142855,0.02586206896551724,16.57142857142857,sealed_dsv4
16,179,17,108,7,3,0.42857142857142855,0.044642857142857144,9.6,sealed_dsv4
16,179,17,104,7,3,0.42857142857142855,0.044642857142857144,9.6,sealed_dsv4
18,166,19,193,8,3,0.375,0.03278688524590164,11.4375,sealed_dsv4
18,166,19,47,8,3,0.375,0.02459016393442623,15.25,sealed_dsv4
18,75,19,47,14,3,0.21428571428571427,0.02459016393442623,8.714285714285714,sealed_dsv4
18,209,19,47,5,3,0.6,0.02459016393442623,24.4,sealed_dsv4
30,35,31,142,12,3,0.25,0.025423728813559324,9.833333333333332,sealed_dsv4
30,117,31,142,12,3,0.25,0.025423728813559324,9.833333333333332,sealed_dsv4
36,229,37,240,9,3,0.3333333333333333,0.05982905982905983,5.571428571428571,sealed_dsv4
36,5,37,240,11,3,0.2727272727272727,0.05982905982905983,4.558441558441558,sealed_dsv4
37,240,38,46,7,3,0.42857142857142855,0.03278688524590164,13.07142857142857,sealed_dsv4
37,151,38,46,10,3,0.3,0.03278688524590164,9.149999999999999,sealed_dsv4
39,191,40,42,13,3,0.23076923076923078,0.03418803418803419,6.75,sealed_dsv4
39,179,40,104,11,3,0.2727272727272727,0.042735042735042736,6.381818181818181,sealed_dsv4
39,179,40,42,11,3,0.2727272727272727,0.03418803418803419,7.977272727272726,sealed_dsv4
6,16,7,180,10,3,0.3,0.0743801652892562,4.033333333333333,sealed_dsv4
6,53,7,180,10,3,0.3,0.0743801652892562,4.033333333333333,sealed_dsv4
6,111,7,191,8,3,0.375,0.06611570247933884,5.671875,sealed_dsv4
7,191,8,115,8,3,0.375,0.06837606837606838,5.484374999999999,sealed_dsv4
11,16,12,41,5,3,0.6,0.1092436974789916,5.492307692307692,sealed_dsv4
12,122,13,252,9,3,0.3333333333333333,0.02586206896551724,12.888888888888888,sealed_dsv4
12,142,13,252,6,3,0.5,0.02586206896551724,19.333333333333332,sealed_dsv4
13,125,14,245,10,3,0.3,0.05263157894736842,5.7,sealed_dsv4
16,240,17,108,7,3,0.42857142857142855,0.044642857142857144,9.6,sealed_dsv4
16,240,17,222,7,3,0.42857142857142855,0.03571428571428571,12.0,sealed_dsv4
16,240,17,104,7,3,0.42857142857142855,0.044642857142857144,9.6,sealed_dsv4
16,176,17,222,6,3,0.5,0.03571428571428571,14.0,sealed_dsv4
17,3,18,160,13,3,0.23076923076923078,0.02608695652173913,8.846153846153847,sealed_dsv4
17,3,18,241,13,3,0.23076923076923078,0.034782608695652174,6.634615384615385,sealed_dsv4
19,78,20,182,6,3,0.5,0.04310344827586207,11.6,sealed_dsv4
19,10,20,140,5,3,0.6,0.04310344827586207,13.919999999999998,sealed_dsv4
20,182,21,75,5,3,0.6,0.042735042735042736,14.04,sealed_dsv4
23,235,24,254,10,3,0.3,0.05172413793103448,5.8,sealed_dsv4
24,229,25,175,8,3,0.375,0.06140350877192982,6.107142857142858,sealed_dsv4
24,254,25,143,6,3,0.5,0.08771929824561403,5.7,sealed_dsv4
25,175,26,128,7,3,0.42857142857142855,0.06722689075630252,6.375,sealed_dsv4
25,120,26,37,11,3,0.2727272727272727,0.03361344537815126,8.113636363636363,sealed_dsv4
25,143,26,37,10,3,0.3,0.03361344537815126,8.925,sealed_dsv4
25,143,26,223,10,3,0.3,0.03361344537815126,8.925,sealed_dsv4
29,215,30,36,6,3,0.5,0.02564102564102564,19.5,sealed_dsv4
29,210,30,36,14,3,0.21428571428571427,0.02564102564102564,8.357142857142858,sealed_dsv4
29,210,30,2,14,3,0.21428571428571427,0.02564102564102564,8.357142857142858,sealed_dsv4
30,35,31,255,12,3,0.25,0.025423728813559324,9.833333333333332,sealed_dsv4
37,240,38,209,7,3,0.42857142857142855,0.09016393442622951,4.753246753246753,sealed_dsv4
38,187,39,252,9,3,0.3333333333333333,0.03305785123966942,10.083333333333332,sealed_dsv4
39,179,40,211,11,3,0.2727272727272727,0.042735042735042736,6.381818181818181,sealed_dsv4
39,179,40,7,11,3,0.2727272727272727,0.042735042735042736,6.381818181818181,sealed_dsv4
13,88,14,143,9,3,0.3333333333333333,0.043859649122807015,7.6,sealed_dsv4
14,80,15,209,6,3,0.5,0.041666666666666664,12.0,sealed_dsv4
14,41,15,246,7,3,0.42857142857142855,0.025,17.142857142857142,sealed_dsv4
17,3,18,115,13,3,0.23076923076923078,0.034782608695652174,6.634615384615385,sealed_dsv4
18,79,19,78,5,3,0.6,0.04918032786885246,12.2,sealed_dsv4
21,155,22,125,10,3,0.3,0.05172413793103448,5.8,sealed_dsv4
23,235,24,206,10,3,0.3,0.05172413793103448,5.8,sealed_dsv4
23,74,24,64,7,3,0.42857142857142855,0.034482758620689655,12.428571428571429,sealed_dsv4
23,77,24,206,9,3,0.3333333333333333,0.05172413793103448,6.444444444444444,sealed_dsv4
24,254,25,48,6,3,0.5,0.09649122807017543,5.1818181818181825,sealed_dsv4
24,206,25,143,6,3,0.5,0.08771929824561403,5.7,sealed_dsv4
24,206,25,120,6,3,0.5,0.09649122807017543,5.1818181818181825,sealed_dsv4
25,48,26,37,11,3,0.2727272727272727,0.03361344537815126,8.113636363636363,sealed_dsv4
25,48,26,223,11,3,0.2727272727272727,0.03361344537815126,8.113636363636363,sealed_dsv4
27,25,28,94,8,3,0.375,0.05785123966942149,6.482142857142857,sealed_dsv4
27,25,28,249,8,3,0.375,0.049586776859504134,7.5625,sealed_dsv4
28,94,29,215,7,3,0.42857142857142855,0.04878048780487805,8.785714285714285,sealed_dsv4
30,35,31,81,12,3,0.25,0.025423728813559324,9.833333333333332,sealed_dsv4
30,113,31,81,12,3,0.25,0.025423728813559324,9.833333333333332,sealed_dsv4
34,11,35,146,15,3,0.2,0.024390243902439025,8.2,sealed_dsv4
34,139,35,109,8,3,0.375,0.04065040650406504,9.225,sealed_dsv4
34,139,35,179,8,3,0.375,0.032520325203252036,11.531249999999998,sealed_dsv4
34,246,35,146,8,3,0.375,0.024390243902439025,15.375,sealed_dsv4
34,70,35,146,12,3,0.25,0.024390243902439025,10.25,sealed_dsv4
34,243,35,109,11,3,0.2727272727272727,0.04065040650406504,6.709090909090909,sealed_dsv4
35,109,36,40,5,3,0.6,0.02654867256637168,22.599999999999998,sealed_dsv4
39,191,40,35,13,3,0.23076923076923078,0.03418803418803419,6.75,sealed_dsv4
40,211,41,247,5,3,0.6,0.058333333333333334,10.285714285714285,sealed_dsv4
40,7,41,247,5,3,0.6,0.058333333333333334,10.285714285714285,sealed_dsv4
41,247,42,146,7,3,0.42857142857142855,0.024793388429752067,17.285714285714285,sealed_dsv4
41,70,42,146,11,3,0.2727272727272727,0.024793388429752067,10.999999999999998,sealed_dsv4
3,71,4,46,7,3,0.42857142857142855,0.0782608695652174,5.476190476190475,sealed_dsv4
3,135,4,8,10,3,0.3,0.06956521739130435,4.3125,sealed_dsv4
4,46,5,205,9,3,0.3333333333333333,0.0423728813559322,7.866666666666666,sealed_dsv4
10,8,11,245,5,3,0.6,0.025423728813559324,23.599999999999998,sealed_dsv4
11,9,12,86,14,3,0.21428571428571427,0.025210084033613446,8.5,sealed_dsv4
12,41,13,103,13,3,0.23076923076923078,0.034482758620689655,6.6923076923076925,sealed_dsv4
15,15,16,179,9,3,0.3333333333333333,0.0603448275862069,5.523809523809523,sealed_dsv4
15,15,16,240,9,3,0.3333333333333333,0.0603448275862069,5.523809523809523,sealed_dsv4
16,179,17,112,7,3,0.42857142857142855,0.08928571428571429,4.8,sealed_dsv4
16,240,17,112,7,3,0.42857142857142855,0.08928571428571429,4.8,sealed_dsv4
17,112,18,166,10,3,0.3,0.06956521739130435,4.3125,sealed_dsv4
22,123,23,0,15,3,0.2,0.03389830508474576,5.9,sealed_dsv4
22,13,23,0,9,3,0.3333333333333333,0.03389830508474576,9.833333333333332,sealed_dsv4
28,94,29,41,7,3,0.42857142857142855,0.06504065040650407,6.5892857142857135,sealed_dsv4
34,243,35,238,11,3,0.2727272727272727,0.032520325203252036,8.386363636363635,sealed_dsv4
34,11,35,238,15,3,0.2,0.032520325203252036,6.1499999999999995,sealed_dsv4
35,135,36,45,5,3,0.6,0.10619469026548672,5.6499999999999995,sealed_dsv4
35,135,36,152,5,3,0.6,0.09734513274336283,6.163636363636363,sealed_dsv4
39,191,40,253,13,3,0.23076923076923078,0.02564102564102564,9.0,sealed_dsv4
41,236,42,236,10,3,0.3,0.024793388429752067,12.1,sealed_dsv4
41,247,42,252,7,3,0.42857142857142855,0.024793388429752067,17.285714285714285,sealed_dsv4
5,52,6,32,14,3,0.21428571428571427,0.02564102564102564,8.357142857142858,sealed_dsv4
5,52,6,184,14,3,0.21428571428571427,0.02564102564102564,8.357142857142858,sealed_dsv4
7,133,8,242,7,3,0.42857142857142855,0.042735042735042736,10.028571428571428,sealed_dsv4
8,16,9,212,11,3,0.2727272727272727,0.03333333333333333,8.181818181818182,sealed_dsv4
8,232,9,212,10,3,0.3,0.03333333333333333,9.0,sealed_dsv4
8,242,9,212,5,3,0.6,0.03333333333333333,18.0,sealed_dsv4
8,242,9,127,5,3,0.6,0.075,8.0,sealed_dsv4
8,189,9,212,8,3,0.375,0.03333333333333333,11.25,sealed_dsv4
9,219,10,165,10,3,0.3,0.02608695652173913,11.5,sealed_dsv4
9,168,10,228,5,3,0.6,0.0782608695652174,7.666666666666666,sealed_dsv4
9,168,10,76,5,3,0.6,0.05217391304347826,11.5,sealed_dsv4
13,88,14,249,9,3,0.3333333333333333,0.02631578947368421,12.666666666666666,sealed_dsv4
14,105,15,155,6,3,0.5,0.025,20.0,sealed_dsv4
14,143,15,15,5,3,0.6,0.075,8.0,sealed_dsv4
15,135,16,21,8,3,0.375,0.034482758620689655,10.875,sealed_dsv4
15,135,16,200,8,3,0.375,0.034482758620689655,10.875,sealed_dsv4
15,15,16,162,9,3,0.3333333333333333,0.04310344827586207,7.7333333333333325,sealed_dsv4
15,15,16,21,9,3,0.3333333333333333,0.034482758620689655,9.666666666666666,sealed_dsv4
16,96,17,220,8,3,0.375,0.044642857142857144,8.4,sealed_dsv4
17,93,18,9,8,3,0.375,0.02608695652173913,14.375,sealed_dsv4
17,112,18,9,10,3,0.3,0.02608695652173913,11.5,sealed_dsv4
17,3,18,9,13,3,0.23076923076923078,0.02608695652173913,8.846153846153847,sealed_dsv4
17,3,18,66,13,3,0.23076923076923078,0.02608695652173913,8.846153846153847,sealed_dsv4
17,220,18,122,5,3,0.6,0.06956521739130435,8.625,sealed_dsv4
17,220,18,66,5,3,0.6,0.02608695652173913,23.0,sealed_dsv4
18,122,19,186,8,3,0.375,0.03278688524590164,11.4375,sealed_dsv4
20,187,21,153,10,3,0.3,0.03418803418803419,8.774999999999999,sealed_dsv4
22,203,23,175,7,3,0.42857142857142855,0.07627118644067797,5.619047619047619,sealed_dsv4
23,175,24,90,9,3,0.3333333333333333,0.034482758620689655,9.666666666666666,sealed_dsv4
24,206,25,191,6,3,0.5,0.03508771929824561,14.25,sealed_dsv4
27,5,28,57,16,3,0.1875,0.024793388429752067,7.5625,sealed_dsv4
27,177,28,57,7,3,0.42857142857142855,0.024793388429752067,17.285714285714285,sealed_dsv4
29,33,30,117,5,3,0.6,0.10256410256410256,5.85,sealed_dsv4
32,135,33,100,15,3,0.2,0.025423728813559324,7.866666666666666,sealed_dsv4
32,238,33,100,11,3,0.2727272727272727,0.025423728813559324,10.727272727272727,sealed_dsv4
32,109,33,100,14,3,0.21428571428571427,0.025423728813559324,8.428571428571427,sealed_dsv4
32,83,33,100,13,3,0.23076923076923078,0.025423728813559324,9.076923076923077,sealed_dsv4
32,178,33,100,8,3,0.375,0.025423728813559324,14.749999999999998,sealed_dsv4
34,70,35,97,12,3,0.25,0.04065040650406504,6.15,sealed_dsv4
34,122,35,97,9,3,0.3333333333333333,0.04065040650406504,8.2,sealed_dsv4
35,129,36,231,8,3,0.375,0.02654867256637168,14.125,sealed_dsv4
37,151,38,190,10,3,0.3,0.02459016393442623,12.2,sealed_dsv4
37,138,38,190,11,3,0.2727272727272727,0.02459016393442623,11.09090909090909,sealed_dsv4
37,231,38,190,9,3,0.3333333333333333,0.02459016393442623,13.555555555555555,sealed_dsv4
37,245,38,190,12,3,0.25,0.02459016393442623,10.166666666666666,sealed_dsv4
16,179,17,220,7,3,0.42857142857142855,0.044642857142857144,9.6,sealed_dsv4
22,123,23,13,15,3,0.2,0.025423728813559324,7.866666666666666,sealed_dsv4
24,168,25,74,16,3,0.1875,0.02631578947368421,7.125,sealed_dsv4
25,0,26,218,16,3,0.1875,0.025210084033613446,7.4375,sealed_dsv4
26,152,27,25,7,3,0.42857142857142855,0.06666666666666667,6.428571428571428,sealed_dsv4
37,240,38,226,7,3,0.42857142857142855,0.02459016393442623,17.428571428571427,sealed_dsv4
38,187,39,150,9,3,0.3333333333333333,0.049586776859504134,6.722222222222221,sealed_dsv4
39,150,40,174,6,3,0.5,0.03418803418803419,14.624999999999998,sealed_dsv4
41,247,42,36,7,3,0.42857142857142855,0.03305785123966942,12.964285714285714,sealed_dsv4
4,8,5,173,8,3,0.375,0.06779661016949153,5.53125,sealed_dsv4
5,173,6,111,8,3,0.375,0.06837606837606838,5.484374999999999,sealed_dsv4
5,173,6,138,8,3,0.375,0.05982905982905983,6.267857142857142,sealed_dsv4
11,9,12,144,14,3,0.21428571428571427,0.025210084033613446,8.5,sealed_dsv4
13,14,14,178,8,3,0.375,0.02631578947368421,14.25,sealed_dsv4
15,79,16,179,5,3,0.6,0.0603448275862069,9.942857142857141,sealed_dsv4
16,179,17,75,7,3,0.42857142857142855,0.026785714285714284,16.0,sealed_dsv4
16,240,17,75,7,3,0.42857142857142855,0.026785714285714284,16.0,sealed_dsv4
16,57,17,75,6,3,0.5,0.026785714285714284,18.666666666666668,sealed_dsv4
16,255,17,75,6,3,0.5,0.026785714285714284,18.666666666666668,sealed_dsv4
16,176,17,75,6,3,0.5,0.026785714285714284,18.666666666666668,sealed_dsv4
17,3,18,209,13,3,0.23076923076923078,0.043478260869565216,5.307692307692308,sealed_dsv4
19,10,20,6,5,3,0.6,0.06896551724137931,8.7,sealed_dsv4
20,187,21,99,10,3,0.3,0.03418803418803419,8.774999999999999,sealed_dsv4
20,6,21,49,8,3,0.375,0.05128205128205128,7.3125,sealed_dsv4
29,215,30,80,6,3,0.5,0.03418803418803419,14.624999999999998,sealed_dsv4
29,33,30,80,5,3,0.6,0.03418803418803419,17.549999999999997,sealed_dsv4
32,238,33,48,11,3,0.2727272727272727,0.0423728813559322,6.4363636363636365,sealed_dsv4
33,255,34,119,15,3,0.2,0.025423728813559324,7.866666666666666,sealed_dsv4
34,246,35,97,8,3,0.375,0.04065040650406504,9.225,sealed_dsv4
35,84,36,171,6,3,0.5,0.035398230088495575,14.125,sealed_dsv4
39,150,40,93,6,3,0.5,0.03418803418803419,14.624999999999998,sealed_dsv4
6,252,7,68,6,3,0.5,0.03305785123966942,15.125,sealed_dsv4
11,9,12,179,14,3,0.21428571428571427,0.025210084033613446,8.5,sealed_dsv4
14,62,15,209,6,3,0.5,0.041666666666666664,12.0,sealed_dsv4
15,209,16,21,5,3,0.6,0.034482758620689655,17.4,sealed_dsv4
18,122,19,78,8,3,0.375,0.04918032786885246,7.625,sealed_dsv4
26,191,27,177,7,3,0.42857142857142855,0.058333333333333334,7.346938775510203,sealed_dsv4
27,253,28,21,11,3,0.2727272727272727,0.03305785123966942,8.25,sealed_dsv4
27,177,28,21,7,3,0.42857142857142855,0.03305785123966942,12.964285714285714,sealed_dsv4
35,63,36,10,5,3,0.6,0.07079646017699115,8.475,sealed_dsv4
17,93,18,67,8,3,0.375,0.034782608695652174,10.78125,sealed_dsv4
17,112,18,67,10,3,0.3,0.034782608695652174,8.625,sealed_dsv4
23,235,24,151,10,3,0.3,0.034482758620689655,8.7,sealed_dsv4
23,175,24,151,9,3,0.3333333333333333,0.034482758620689655,9.666666666666666,sealed_dsv4
23,77,24,151,9,3,0.3333333333333333,0.034482758620689655,9.666666666666666,sealed_dsv4
24,153,25,143,6,3,0.5,0.08771929824561403,5.7,sealed_dsv4
26,128,27,96,8,3,0.375,0.03333333333333333,11.25,sealed_dsv4
27,253,28,162,11,3,0.2727272727272727,0.04132231404958678,6.6,sealed_dsv4
27,177,28,179,7,3,0.42857142857142855,0.0743801652892562,5.761904761904762,sealed_dsv4
28,94,29,29,7,3,0.42857142857142855,0.032520325203252036,13.178571428571427,sealed_dsv4
29,254,30,80,8,3,0.375,0.03418803418803419,10.968749999999998,sealed_dsv4
30,113,31,249,12,3,0.25,0.025423728813559324,9.833333333333332,sealed_dsv4
30,34,31,249,7,3,0.42857142857142855,0.025423728813559324,16.857142857142854,sealed_dsv4
34,122,35,84,9,3,0.3333333333333333,0.04878048780487805,6.833333333333333,sealed_dsv4
38,209,39,150,11,3,0.2727272727272727,0.049586776859504134,5.499999999999999,sealed_dsv4
38,38,39,150,10,3,0.3,0.049586776859504134,6.05,sealed_dsv4
38,43,39,150,12,3,0.25,0.049586776859504134,5.041666666666667,sealed_dsv4
39,191,40,93,13,3,0.23076923076923078,0.03418803418803419,6.75,sealed_dsv4
17,3,18,67,13,3,0.23076923076923078,0.034782608695652174,6.634615384615385,sealed_dsv4
14,1,15,186,9,3,0.3333333333333333,0.041666666666666664,8.0,sealed_dsv4
15,186,16,240,5,3,0.6,0.0603448275862069,9.942857142857141,sealed_dsv4
16,240,17,135,7,3,0.42857142857142855,0.044642857142857144,9.6,sealed_dsv4
17,93,18,118,8,3,0.375,0.02608695652173913,14.375,sealed_dsv4
17,3,18,118,13,3,0.23076923076923078,0.02608695652173913,8.846153846153847,sealed_dsv4
17,112,18,118,10,3,0.3,0.02608695652173913,11.5,sealed_dsv4
17,135,18,166,5,3,0.6,0.06956521739130435,8.625,sealed_dsv4
17,135,18,118,5,3,0.6,0.02608695652173913,23.0,sealed_dsv4
18,122,19,181,8,3,0.375,0.05737704918032787,6.535714285714286,sealed_dsv4
19,181,20,60,7,3,0.42857142857142855,0.02586206896551724,16.57142857142857,sealed_dsv4
23,235,24,24,10,3,0.3,0.04310344827586207,6.959999999999999,sealed_dsv4
23,77,24,24,9,3,0.3333333333333333,0.04310344827586207,7.7333333333333325,sealed_dsv4
23,74,24,24,7,3,0.42857142857142855,0.04310344827586207,9.942857142857141,sealed_dsv4
24,24,25,98,5,3,0.6,0.05263157894736842,11.4,sealed_dsv4
24,24,25,143,5,3,0.6,0.08771929824561403,6.84,sealed_dsv4
24,24,25,47,5,3,0.6,0.06140350877192982,9.771428571428572,sealed_dsv4
24,24,25,120,5,3,0.6,0.09649122807017543,6.218181818181819,sealed_dsv4
24,153,25,47,6,3,0.5,0.06140350877192982,8.142857142857144,sealed_dsv4
25,98,26,152,6,3,0.5,0.058823529411764705,8.5,sealed_dsv4
26,41,27,15,8,3,0.375,0.041666666666666664,9.0,sealed_dsv4
27,15,28,94,5,3,0.6,0.05785123966942149,10.37142857142857,sealed_dsv4
29,210,30,135,14,3,0.21428571428571427,0.02564102564102564,8.357142857142858,sealed_dsv4
29,58,30,135,8,3,0.375,0.02564102564102564,14.625,sealed_dsv4
30,113,31,187,12,3,0.25,0.025423728813559324,9.833333333333332,sealed_dsv4
30,34,31,187,7,3,0.42857142857142855,0.025423728813559324,16.857142857142854,sealed_dsv4
34,70,35,148,12,3,0.25,0.024390243902439025,10.25,sealed_dsv4
34,70,35,90,12,3,0.25,0.024390243902439025,10.25,sealed_dsv4
34,11,35,148,15,3,0.2,0.024390243902439025,8.2,sealed_dsv4
34,11,35,90,15,3,0.2,0.024390243902439025,8.2,sealed_dsv4
34,122,35,148,9,3,0.3333333333333333,0.024390243902439025,13.666666666666666,sealed_dsv4
34,122,35,90,9,3,0.3333333333333333,0.024390243902439025,13.666666666666666,sealed_dsv4
36,23,37,243,5,3,0.6,0.02564102564102564,23.4,sealed_dsv4
36,45,37,243,12,3,0.25,0.02564102564102564,9.75,sealed_dsv4
36,152,37,243,11,3,0.2727272727272727,0.02564102564102564,10.636363636363637,sealed_dsv4
36,5,37,243,11,3,0.2727272727272727,0.02564102564102564,10.636363636363637,sealed_dsv4
39,191,40,215,13,3,0.23076923076923078,0.02564102564102564,9.0,sealed_dsv4
41,44,42,28,6,3,0.5,0.03305785123966942,15.125,sealed_dsv4
11,9,12,109,14,3,0.21428571428571427,0.025210084033613446,8.5,sealed_dsv4
11,157,12,109,7,3,0.42857142857142855,0.025210084033613446,17.0,sealed_dsv4
13,125,14,105,10,3,0.3,0.05263157894736842,5.7,sealed_dsv4
14,62,15,135,6,3,0.5,0.06666666666666667,7.5,sealed_dsv4
16,96,17,135,8,3,0.375,0.044642857142857144,8.4,sealed_dsv4
18,75,19,158,14,3,0.21428571428571427,0.02459016393442623,8.714285714285714,sealed_dsv4
18,122,19,158,8,3,0.375,0.02459016393442623,15.25,sealed_dsv4
21,167,22,61,7,3,0.42857142857142855,0.02586206896551724,16.57142857142857,sealed_dsv4
22,123,23,246,15,3,0.2,0.025423728813559324,7.866666666666666,sealed_dsv4
22,13,23,246,9,3,0.3333333333333333,0.025423728813559324,13.111111111111109,sealed_dsv4
22,136,23,246,7,3,0.42857142857142855,0.025423728813559324,16.857142857142854,sealed_dsv4
22,66,23,246,8,3,0.375,0.025423728813559324,14.749999999999998,sealed_dsv4
29,41,30,8,8,3,0.375,0.03418803418803419,10.968749999999998,sealed_dsv4
36,10,37,164,8,3,0.375,0.042735042735042736,8.775,sealed_dsv4
39,159,40,196,6,3,0.5,0.03418803418803419,14.624999999999998,sealed_dsv4
40,205,41,115,8,3,0.375,0.025,15.0,sealed_dsv4
20,87,21,167,5,3,0.6,0.05982905982905983,10.028571428571428,sealed_dsv4
27,5,28,80,16,3,0.1875,0.024793388429752067,7.5625,sealed_dsv4
27,253,28,80,11,3,0.2727272727272727,0.024793388429752067,10.999999999999998,sealed_dsv4
32,238,33,211,11,3,0.2727272727272727,0.025423728813559324,10.727272727272727,sealed_dsv4
32,135,33,211,15,3,0.2,0.025423728813559324,7.866666666666666,sealed_dsv4
32,109,33,211,14,3,0.21428571428571427,0.025423728813559324,8.428571428571427,sealed_dsv4
32,83,33,211,13,3,0.23076923076923078,0.025423728813559324,9.076923076923077,sealed_dsv4
32,90,33,211,7,3,0.42857142857142855,0.025423728813559324,16.857142857142854,sealed_dsv4
34,139,35,63,8,3,0.375,0.04065040650406504,9.225,sealed_dsv4
35,63,36,23,5,3,0.6,0.04424778761061947,13.56,sealed_dsv4
41,70,42,99,11,3,0.2727272727272727,0.024793388429752067,10.999999999999998,sealed_dsv4
41,44,42,99,6,3,0.5,0.024793388429752067,20.166666666666668,sealed_dsv4
41,236,42,99,10,3,0.3,0.024793388429752067,12.1,sealed_dsv4
3,202,4,9,7,2,0.2857142857142857,0.017391304347826087,16.428571428571427,sealed_dsv4
3,202,4,80,7,2,0.2857142857142857,0.017391304347826087,16.428571428571427,sealed_dsv4
4,8,5,46,8,2,0.25,0.0423728813559322,5.9,sealed_dsv4
4,8,5,62,8,2,0.25,0.01694915254237288,14.75,sealed_dsv4
4,8,5,210,8,2,0.25,0.01694915254237288,14.75,sealed_dsv4
4,46,5,46,9,2,0.2222222222222222,0.0423728813559322,5.2444444444444445,sealed_dsv4
4,46,5,116,9,2,0.2222222222222222,0.025423728813559324,8.74074074074074,sealed_dsv4
4,97,5,46,9,2,0.2222222222222222,0.0423728813559322,5.2444444444444445,sealed_dsv4
4,97,5,135,9,2,0.2222222222222222,0.03389830508474576,6.555555555555555,sealed_dsv4
4,97,5,120,9,2,0.2222222222222222,0.0423728813559322,5.2444444444444445,sealed_dsv4
4,97,5,62,9,2,0.2222222222222222,0.01694915254237288,13.11111111111111,sealed_dsv4
4,97,5,210,9,2,0.2222222222222222,0.01694915254237288,13.11111111111111,sealed_dsv4
5,86,6,80,6,2,0.3333333333333333,0.017094017094017096,19.499999999999996,sealed_dsv4
5,46,6,111,5,2,0.4,0.06837606837606838,5.85,sealed_dsv4
5,46,6,30,5,2,0.4,0.017094017094017096,23.4,sealed_dsv4
5,46,6,6,5,2,0.4,0.02564102564102564,15.600000000000001,sealed_dsv4
5,46,6,35,5,2,0.4,0.017094017094017096,23.4,sealed_dsv4
5,46,6,1,5,2,0.4,0.05128205128205128,7.800000000000001,sealed_dsv4
5,120,6,53,5,2,0.4,0.08547008547008547,4.680000000000001,sealed_dsv4
5,120,6,6,5,2,0.4,0.02564102564102564,15.600000000000001,sealed_dsv4
5,120,6,35,5,2,0.4,0.017094017094017096,23.4,sealed_dsv4
5,120,6,16,5,2,0.4,0.08547008547008547,4.680000000000001,sealed_dsv4
5,52,6,56,14,2,0.14285714285714285,0.02564102564102564,5.571428571428571,sealed_dsv4
5,52,6,80,14,2,0.14285714285714285,0.017094017094017096,8.357142857142856,sealed_dsv4
5,52,6,30,14,2,0.14285714285714285,0.017094017094017096,8.357142857142856,sealed_dsv4
5,52,6,35,14,2,0.14285714285714285,0.017094017094017096,8.357142857142856,sealed_dsv4
6,53,7,168,10,2,0.2,0.01652892561983471,12.1,sealed_dsv4
6,53,7,66,10,2,0.2,0.01652892561983471,12.1,sealed_dsv4
6,111,7,168,8,2,0.25,0.01652892561983471,15.125,sealed_dsv4
6,111,7,95,8,2,0.25,0.0743801652892562,3.361111111111111,sealed_dsv4
6,111,7,66,8,2,0.25,0.01652892561983471,15.125,sealed_dsv4
6,39,7,160,10,2,0.2,0.01652892561983471,12.1,sealed_dsv4
6,39,7,36,10,2,0.2,0.01652892561983471,12.1,sealed_dsv4
6,39,7,140,10,2,0.2,0.06611570247933884,3.025,sealed_dsv4
6,39,7,66,10,2,0.2,0.01652892561983471,12.1,sealed_dsv4
6,252,7,36,6,2,0.3333333333333333,0.01652892561983471,20.166666666666664,sealed_dsv4
6,138,7,168,7,2,0.2857142857142857,0.01652892561983471,17.285714285714285,sealed_dsv4
6,1,7,95,6,2,0.3333333333333333,0.0743801652892562,4.481481481481481,sealed_dsv4
6,1,7,66,6,2,0.3333333333333333,0.01652892561983471,20.166666666666664,sealed_dsv4
6,16,7,168,10,2,0.2,0.01652892561983471,12.1,sealed_dsv4
6,16,7,133,10,2,0.2,0.05785123966942149,3.4571428571428573,sealed_dsv4
6,16,7,238,10,2,0.2,0.024793388429752067,8.066666666666666,sealed_dsv4
6,16,7,66,10,2,0.2,0.01652892561983471,12.1,sealed_dsv4
7,141,8,20,14,2,0.14285714285714285,0.017094017094017096,8.357142857142856,sealed_dsv4
7,133,8,111,7,2,0.2857142857142857,0.03418803418803419,8.357142857142856,sealed_dsv4
7,95,8,146,9,2,0.2222222222222222,0.05982905982905983,3.714285714285714,sealed_dsv4
7,95,8,28,9,2,0.2222222222222222,0.042735042735042736,5.199999999999999,sealed_dsv4
7,95,8,115,9,2,0.2222222222222222,0.06837606837606838,3.2499999999999996,sealed_dsv4
7,140,8,20,8,2,0.25,0.017094017094017096,14.624999999999998,sealed_dsv4
7,140,8,103,8,2,0.25,0.017094017094017096,14.624999999999998,sealed_dsv4
7,140,8,71,8,2,0.25,0.07692307692307693,3.25,sealed_dsv4
7,140,8,232,8,2,0.25,0.08547008547008547,2.925,sealed_dsv4
8,146,9,155,7,2,0.2857142857142857,0.025,11.428571428571427,sealed_dsv4
8,146,9,219,7,2,0.2857142857142857,0.08333333333333333,3.4285714285714284,sealed_dsv4
8,146,9,248,7,2,0.2857142857142857,0.025,11.428571428571427,sealed_dsv4
8,146,9,235,7,2,0.2857142857142857,0.016666666666666666,17.142857142857142,sealed_dsv4
8,71,9,181,9,2,0.2222222222222222,0.016666666666666666,13.333333333333332,sealed_dsv4
8,71,9,46,9,2,0.2222222222222222,0.025,8.888888888888888,sealed_dsv4
8,71,9,223,9,2,0.2222222222222222,0.016666666666666666,13.333333333333332,sealed_dsv4
8,71,9,242,9,2,0.2222222222222222,0.06666666666666667,3.333333333333333,sealed_dsv4
8,71,9,155,9,2,0.2222222222222222,0.025,8.888888888888888,sealed_dsv4
8,71,9,220,9,2,0.2222222222222222,0.016666666666666666,13.333333333333332,sealed_dsv4
8,71,9,207,9,2,0.2222222222222222,0.016666666666666666,13.333333333333332,sealed_dsv4
8,71,9,191,9,2,0.2222222222222222,0.016666666666666666,13.333333333333332,sealed_dsv4
8,16,9,181,11,2,0.18181818181818182,0.016666666666666666,10.90909090909091,sealed_dsv4
8,16,9,223,11,2,0.18181818181818182,0.016666666666666666,10.90909090909091,sealed_dsv4
8,16,9,220,11,2,0.18181818181818182,0.016666666666666666,10.90909090909091,sealed_dsv4
8,16,9,207,11,2,0.18181818181818182,0.016666666666666666,10.90909090909091,sealed_dsv4
8,16,9,191,11,2,0.18181818181818182,0.016666666666666666,10.90909090909091,sealed_dsv4
8,189,9,181,8,2,0.25,0.016666666666666666,15.0,sealed_dsv4
8,189,9,223,8,2,0.25,0.016666666666666666,15.0,sealed_dsv4
8,189,9,220,8,2,0.25,0.016666666666666666,15.0,sealed_dsv4
8,189,9,248,8,2,0.25,0.025,10.0,sealed_dsv4
8,189,9,207,8,2,0.25,0.016666666666666666,15.0,sealed_dsv4
8,189,9,191,8,2,0.25,0.016666666666666666,15.0,sealed_dsv4
8,232,9,181,10,2,0.2,0.016666666666666666,12.0,sealed_dsv4
8,232,9,223,10,2,0.2,0.016666666666666666,12.0,sealed_dsv4
8,232,9,242,10,2,0.2,0.06666666666666667,3.0,sealed_dsv4
8,232,9,220,10,2,0.2,0.016666666666666666,12.0,sealed_dsv4
8,232,9,248,10,2,0.2,0.025,8.0,sealed_dsv4
8,232,9,207,10,2,0.2,0.016666666666666666,12.0,sealed_dsv4
8,232,9,191,10,2,0.2,0.016666666666666666,12.0,sealed_dsv4
8,28,9,219,5,2,0.4,0.08333333333333333,4.800000000000001,sealed_dsv4
8,28,9,248,5,2,0.4,0.025,16.0,sealed_dsv4
8,115,9,219,8,2,0.25,0.08333333333333333,3.0,sealed_dsv4
8,115,9,248,8,2,0.25,0.025,10.0,sealed_dsv4
8,115,9,235,8,2,0.25,0.016666666666666666,15.0,sealed_dsv4
9,127,10,8,9,2,0.2222222222222222,0.043478260869565216,5.111111111111111,sealed_dsv4
9,127,10,201,9,2,0.2222222222222222,0.034782608695652174,6.388888888888888,sealed_dsv4
9,127,10,179,9,2,0.2222222222222222,0.017391304347826087,12.777777777777777,sealed_dsv4
9,127,10,214,9,2,0.2222222222222222,0.02608695652173913,8.518518518518519,sealed_dsv4
9,242,10,14,8,2,0.25,0.017391304347826087,14.375,sealed_dsv4
9,242,10,201,8,2,0.25,0.034782608695652174,7.1875,sealed_dsv4
9,242,10,222,8,2,0.25,0.017391304347826087,14.375,sealed_dsv4
9,77,10,8,8,2,0.25,0.043478260869565216,5.75,sealed_dsv4
9,77,10,201,8,2,0.25,0.034782608695652174,7.1875,sealed_dsv4
9,77,10,179,8,2,0.25,0.017391304347826087,14.375,sealed_dsv4
9,219,10,179,10,2,0.2,0.017391304347826087,11.5,sealed_dsv4
9,219,10,214,10,2,0.2,0.02608695652173913,7.666666666666668,sealed_dsv4
10,8,11,232,5,2,0.4,0.059322033898305086,6.742857142857143,sealed_dsv4
10,8,11,197,5,2,0.4,0.025423728813559324,15.733333333333333,sealed_dsv4
10,8,11,21,5,2,0.4,0.03389830508474576,11.8,sealed_dsv4
10,8,11,153,5,2,0.4,0.025423728813559324,15.733333333333333,sealed_dsv4
10,40,11,157,9,2,0.2222222222222222,0.059322033898305086,3.7460317460317456,sealed_dsv4
10,40,11,114,9,2,0.2222222222222222,0.025423728813559324,8.74074074074074,sealed_dsv4
10,40,11,132,9,2,0.2222222222222222,0.0423728813559322,5.2444444444444445,sealed_dsv4
10,40,11,153,9,2,0.2222222222222222,0.025423728813559324,8.74074074074074,sealed_dsv4
10,228,11,232,9,2,0.2222222222222222,0.059322033898305086,3.7460317460317456,sealed_dsv4
10,228,11,89,9,2,0.2222222222222222,0.05084745762711865,4.37037037037037,sealed_dsv4
10,228,11,153,9,2,0.2222222222222222,0.025423728813559324,8.74074074074074,sealed_dsv4
10,228,11,1,9,2,0.2222222222222222,0.025423728813559324,8.74074074074074,sealed_dsv4
10,35,11,232,6,2,0.3333333333333333,0.059322033898305086,5.619047619047619,sealed_dsv4
10,35,11,89,6,2,0.3333333333333333,0.05084745762711865,6.5555555555555545,sealed_dsv4
10,35,11,197,6,2,0.3333333333333333,0.025423728813559324,13.111111111111109,sealed_dsv4
10,35,11,1,6,2,0.3333333333333333,0.025423728813559324,13.111111111111109,sealed_dsv4
10,76,11,81,6,2,0.3333333333333333,0.01694915254237288,19.666666666666664,sealed_dsv4
10,76,11,114,6,2,0.3333333333333333,0.025423728813559324,13.111111111111109,sealed_dsv4
10,76,11,194,6,2,0.3333333333333333,0.025423728813559324,13.111111111111109,sealed_dsv4
10,76,11,153,6,2,0.3333333333333333,0.025423728813559324,13.111111111111109,sealed_dsv4
11,232,12,105,7,2,0.2857142857142857,0.01680672268907563,17.0,sealed_dsv4
11,232,12,14,7,2,0.2857142857142857,0.01680672268907563,17.0,sealed_dsv4
11,232,12,46,7,2,0.2857142857142857,0.05042016806722689,5.666666666666666,sealed_dsv4
11,171,12,221,6,2,0.3333333333333333,0.025210084033613446,13.222222222222221,sealed_dsv4
11,171,12,184,6,2,0.3333333333333333,0.01680672268907563,19.833333333333332,sealed_dsv4
11,171,12,43,6,2,0.3333333333333333,0.05042016806722689,6.611111111111111,sealed_dsv4
11,171,12,142,6,2,0.3333333333333333,0.05042016806722689,6.611111111111111,sealed_dsv4
11,9,12,184,14,2,0.14285714285714285,0.01680672268907563,8.5,sealed_dsv4
11,9,12,77,14,2,0.14285714285714285,0.01680672268907563,8.5,sealed_dsv4
11,9,12,14,14,2,0.14285714285714285,0.01680672268907563,8.5,sealed_dsv4
11,9,12,31,14,2,0.14285714285714285,0.025210084033613446,5.666666666666666,sealed_dsv4
11,9,12,23,14,2,0.14285714285714285,0.025210084033613446,5.666666666666666,sealed_dsv4
11,9,12,210,14,2,0.14285714285714285,0.025210084033613446,5.666666666666666,sealed_dsv4
11,89,12,105,6,2,0.3333333333333333,0.01680672268907563,19.833333333333332,sealed_dsv4
11,89,12,14,6,2,0.3333333333333333,0.01680672268907563,19.833333333333332,sealed_dsv4
11,89,12,46,6,2,0.3333333333333333,0.05042016806722689,6.611111111111111,sealed_dsv4
11,157,12,77,7,2,0.2857142857142857,0.01680672268907563,17.0,sealed_dsv4
11,157,12,31,7,2,0.2857142857142857,0.025210084033613446,11.333333333333332,sealed_dsv4
11,157,12,43,7,2,0.2857142857142857,0.05042016806722689,5.666666666666666,sealed_dsv4
11,132,12,23,5,2,0.4,0.025210084033613446,15.866666666666667,sealed_dsv4
11,132,12,43,5,2,0.4,0.05042016806722689,7.933333333333334,sealed_dsv4
12,122,13,112,9,2,0.2222222222222222,0.017241379310344827,12.888888888888888,sealed_dsv4
12,122,13,12,9,2,0.2222222222222222,0.017241379310344827,12.888888888888888,sealed_dsv4
12,122,13,106,9,2,0.2222222222222222,0.02586206896551724,8.592592592592592,sealed_dsv4
12,41,13,4,13,2,0.15384615384615385,0.02586206896551724,5.948717948717949,sealed_dsv4
12,41,13,12,13,2,0.15384615384615385,0.017241379310344827,8.923076923076923,sealed_dsv4
12,41,13,148,13,2,0.15384615384615385,0.034482758620689655,4.461538461538462,sealed_dsv4
12,41,13,91,13,2,0.15384615384615385,0.034482758620689655,4.461538461538462,sealed_dsv4
12,46,13,4,6,2,0.3333333333333333,0.02586206896551724,12.888888888888888,sealed_dsv4
12,46,13,12,6,2,0.3333333333333333,0.017241379310344827,19.333333333333332,sealed_dsv4
12,43,13,4,6,2,0.3333333333333333,0.02586206896551724,12.888888888888888,sealed_dsv4
12,43,13,112,6,2,0.3333333333333333,0.017241379310344827,19.333333333333332,sealed_dsv4
12,43,13,106,6,2,0.3333333333333333,0.02586206896551724,12.888888888888888,sealed_dsv4
12,43,13,88,6,2,0.3333333333333333,0.07758620689655173,4.296296296296296,sealed_dsv4
12,142,13,112,6,2,0.3333333333333333,0.017241379310344827,19.333333333333332,sealed_dsv4
12,142,13,12,6,2,0.3333333333333333,0.017241379310344827,19.333333333333332,sealed_dsv4
12,142,13,88,6,2,0.3333333333333333,0.07758620689655173,4.296296296296296,sealed_dsv4
13,88,14,235,9,2,0.2222222222222222,0.05263157894736842,4.222222222222222,sealed_dsv4
13,251,14,73,9,2,0.2222222222222222,0.03508771929824561,6.333333333333333,sealed_dsv4
13,251,14,49,9,2,0.2222222222222222,0.07017543859649122,3.1666666666666665,sealed_dsv4
14,41,15,186,7,2,0.2857142857142857,0.041666666666666664,6.857142857142857,sealed_dsv4
14,41,15,192,7,2,0.2857142857142857,0.016666666666666666,17.142857142857142,sealed_dsv4
14,41,15,162,7,2,0.2857142857142857,0.025,11.428571428571427,sealed_dsv4
14,41,15,212,7,2,0.2857142857142857,0.025,11.428571428571427,sealed_dsv4
14,41,15,79,7,2,0.2857142857142857,0.041666666666666664,6.857142857142857,sealed_dsv4
14,41,15,213,7,2,0.2857142857142857,0.025,11.428571428571427,sealed_dsv4
14,80,15,186,6,2,0.3333333333333333,0.041666666666666664,8.0,sealed_dsv4
14,234,15,186,6,2,0.3333333333333333,0.041666666666666664,8.0,sealed_dsv4
14,234,15,162,6,2,0.3333333333333333,0.025,13.333333333333332,sealed_dsv4
14,49,15,242,8,2,0.25,0.016666666666666666,15.0,sealed_dsv4
14,49,15,192,8,2,0.25,0.016666666666666666,15.0,sealed_dsv4
14,49,15,27,8,2,0.25,0.016666666666666666,15.0,sealed_dsv4
14,235,15,242,6,2,0.3333333333333333,0.016666666666666666,20.0,sealed_dsv4
14,235,15,186,6,2,0.3333333333333333,0.041666666666666664,8.0,sealed_dsv4
14,235,15,192,6,2,0.3333333333333333,0.016666666666666666,20.0,sealed_dsv4
14,235,15,27,6,2,0.3333333333333333,0.016666666666666666,20.0,sealed_dsv4
15,186,16,255,5,2,0.4,0.05172413793103448,7.733333333333334,sealed_dsv4
15,186,16,36,5,2,0.4,0.034482758620689655,11.600000000000001,sealed_dsv4
15,186,16,143,5,2,0.4,0.017241379310344827,23.200000000000003,sealed_dsv4
15,186,16,57,5,2,0.4,0.05172413793103448,7.733333333333334,sealed_dsv4
15,176,16,205,8,2,0.25,0.017241379310344827,14.5,sealed_dsv4
15,176,16,92,8,2,0.25,0.08620689655172414,2.9,sealed_dsv4
15,176,16,36,8,2,0.25,0.034482758620689655,7.25,sealed_dsv4
15,15,16,61,9,2,0.2222222222222222,0.017241379310344827,12.888888888888888,sealed_dsv4
15,15,16,106,9,2,0.2222222222222222,0.017241379310344827,12.888888888888888,sealed_dsv4
15,15,16,143,9,2,0.2222222222222222,0.017241379310344827,12.888888888888888,sealed_dsv4
15,135,16,61,8,2,0.25,0.017241379310344827,14.5,sealed_dsv4
15,135,16,106,8,2,0.25,0.017241379310344827,14.5,sealed_dsv4
15,135,16,148,8,2,0.25,0.017241379310344827,14.5,sealed_dsv4
15,135,16,143,8,2,0.25,0.017241379310344827,14.5,sealed_dsv4
16,255,17,5,6,2,0.3333333333333333,0.026785714285714284,12.444444444444445,sealed_dsv4
16,92,17,5,10,2,0.2,0.026785714285714284,7.466666666666668,sealed_dsv4
16,92,17,63,10,2,0.2,0.017857142857142856,11.200000000000001,sealed_dsv4
16,92,17,166,10,2,0.2,0.017857142857142856,11.200000000000001,sealed_dsv4
16,92,17,221,10,2,0.2,0.026785714285714284,7.466666666666668,sealed_dsv4
16,57,17,5,6,2,0.3333333333333333,0.026785714285714284,12.444444444444445,sealed_dsv4
17,104,18,241,5,2,0.4,0.034782608695652174,11.5,sealed_dsv4
17,104,18,36,5,2,0.4,0.017391304347826087,23.0,sealed_dsv4
17,104,18,183,5,2,0.4,0.017391304347826087,23.0,sealed_dsv4
17,104,18,246,5,2,0.4,0.017391304347826087,23.0,sealed_dsv4
17,108,18,241,5,2,0.4,0.034782608695652174,11.5,sealed_dsv4
17,108,18,36,5,2,0.4,0.017391304347826087,23.0,sealed_dsv4
17,108,18,183,5,2,0.4,0.017391304347826087,23.0,sealed_dsv4
17,108,18,246,5,2,0.4,0.017391304347826087,23.0,sealed_dsv4
18,75,19,38,14,2,0.14285714285714285,0.01639344262295082,8.714285714285714,sealed_dsv4
18,75,19,190,14,2,0.14285714285714285,0.01639344262295082,8.714285714285714,sealed_dsv4
18,75,19,4,14,2,0.14285714285714285,0.02459016393442623,5.809523809523809,sealed_dsv4
18,75,19,3,14,2,0.14285714285714285,0.01639344262295082,8.714285714285714,sealed_dsv4
18,75,19,131,14,2,0.14285714285714285,0.01639344262295082,8.714285714285714,sealed_dsv4
18,75,19,220,14,2,0.14285714285714285,0.01639344262295082,8.714285714285714,sealed_dsv4
18,75,19,225,14,2,0.14285714285714285,0.01639344262295082,8.714285714285714,sealed_dsv4
18,75,19,92,14,2,0.14285714285714285,0.01639344262295082,8.714285714285714,sealed_dsv4
18,75,19,40,14,2,0.14285714285714285,0.01639344262295082,8.714285714285714,sealed_dsv4
18,75,19,148,14,2,0.14285714285714285,0.01639344262295082,8.714285714285714,sealed_dsv4
18,75,19,118,14,2,0.14285714285714285,0.01639344262295082,8.714285714285714,sealed_dsv4
18,75,19,182,14,2,0.14285714285714285,0.01639344262295082,8.714285714285714,sealed_dsv4
18,75,19,186,14,2,0.14285714285714285,0.03278688524590164,4.357142857142857,sealed_dsv4
19,78,20,49,6,2,0.3333333333333333,0.017241379310344827,19.333333333333332,sealed_dsv4
20,187,21,240,10,2,0.2,0.02564102564102564,7.800000000000001,sealed_dsv4
20,187,21,238,10,2,0.2,0.017094017094017096,11.7,sealed_dsv4
20,187,21,193,10,2,0.2,0.017094017094017096,11.7,sealed_dsv4
20,187,21,123,10,2,0.2,0.03418803418803419,5.85,sealed_dsv4
20,187,21,109,10,2,0.2,0.017094017094017096,11.7,sealed_dsv4
20,140,21,240,5,2,0.4,0.02564102564102564,15.600000000000001,sealed_dsv4
20,140,21,167,5,2,0.4,0.05982905982905983,6.685714285714286,sealed_dsv4
20,140,21,193,5,2,0.4,0.017094017094017096,23.4,sealed_dsv4
20,140,21,123,5,2,0.4,0.03418803418803419,11.7,sealed_dsv4
20,140,21,28,5,2,0.4,0.02564102564102564,15.600000000000001,sealed_dsv4
21,167,22,203,7,2,0.2857142857142857,0.0603448275862069,4.73469387755102,sealed_dsv4
21,75,22,185,5,2,0.4,0.02586206896551724,15.466666666666669,sealed_dsv4
21,75,22,101,5,2,0.4,0.017241379310344827,23.200000000000003,sealed_dsv4
21,75,22,252,5,2,0.4,0.017241379310344827,23.200000000000003,sealed_dsv4
21,75,22,194,5,2,0.4,0.017241379310344827,23.200000000000003,sealed_dsv4
21,75,22,70,5,2,0.4,0.017241379310344827,23.200000000000003,sealed_dsv4
21,75,22,158,5,2,0.4,0.017241379310344827,23.200000000000003,sealed_dsv4
21,201,22,203,5,2,0.4,0.0603448275862069,6.628571428571429,sealed_dsv4
21,201,22,185,5,2,0.4,0.02586206896551724,15.466666666666669,sealed_dsv4
21,201,22,101,5,2,0.4,0.017241379310344827,23.200000000000003,sealed_dsv4
21,201,22,252,5,2,0.4,0.017241379310344827,23.200000000000003,sealed_dsv4
21,201,22,194,5,2,0.4,0.017241379310344827,23.200000000000003,sealed_dsv4
21,201,22,70,5,2,0.4,0.017241379310344827,23.200000000000003,sealed_dsv4
21,201,22,158,5,2,0.4,0.017241379310344827,23.200000000000003,sealed_dsv4
21,49,22,156,6,2,0.3333333333333333,0.017241379310344827,19.333333333333332,sealed_dsv4
21,49,22,157,6,2,0.3333333333333333,0.017241379310344827,19.333333333333332,sealed_dsv4
21,49,22,101,6,2,0.3333333333333333,0.017241379310344827,19.333333333333332,sealed_dsv4
21,49,22,252,6,2,0.3333333333333333,0.017241379310344827,19.333333333333332,sealed_dsv4
21,49,22,158,6,2,0.3333333333333333,0.017241379310344827,19.333333333333332,sealed_dsv4
21,49,22,103,6,2,0.3333333333333333,0.02586206896551724,12.888888888888888,sealed_dsv4
21,49,22,239,6,2,0.3333333333333333,0.017241379310344827,19.333333333333332,sealed_dsv4
22,203,23,188,7,2,0.2857142857142857,0.01694915254237288,16.857142857142858,sealed_dsv4
22,203,23,74,7,2,0.2857142857142857,0.059322033898305086,4.816326530612245,sealed_dsv4
22,203,23,210,7,2,0.2857142857142857,0.01694915254237288,16.857142857142858,sealed_dsv4
22,123,23,188,15,2,0.13333333333333333,0.01694915254237288,7.866666666666666,sealed_dsv4
22,123,23,201,15,2,0.13333333333333333,0.01694915254237288,7.866666666666666,sealed_dsv4
22,123,23,194,15,2,0.13333333333333333,0.01694915254237288,7.866666666666666,sealed_dsv4
22,123,23,8,15,2,0.13333333333333333,0.01694915254237288,7.866666666666666,sealed_dsv4
22,123,23,210,15,2,0.13333333333333333,0.01694915254237288,7.866666666666666,sealed_dsv4
22,123,23,228,15,2,0.13333333333333333,0.01694915254237288,7.866666666666666,sealed_dsv4
22,13,23,188,9,2,0.2222222222222222,0.01694915254237288,13.11111111111111,sealed_dsv4
22,13,23,242,9,2,0.2222222222222222,0.025423728813559324,8.74074074074074,sealed_dsv4
22,13,23,201,9,2,0.2222222222222222,0.01694915254237288,13.11111111111111,sealed_dsv4
22,13,23,165,9,2,0.2222222222222222,0.03389830508474576,6.555555555555555,sealed_dsv4
22,13,23,194,9,2,0.2222222222222222,0.01694915254237288,13.11111111111111,sealed_dsv4
22,13,23,45,9,2,0.2222222222222222,0.03389830508474576,6.555555555555555,sealed_dsv4
22,13,23,60,9,2,0.2222222222222222,0.03389830508474576,6.555555555555555,sealed_dsv4
22,13,23,118,9,2,0.2222222222222222,0.025423728813559324,8.74074074074074,sealed_dsv4
22,125,23,25,6,2,0.3333333333333333,0.025423728813559324,13.111111111111109,sealed_dsv4
23,235,24,220,10,2,0.2,0.017241379310344827,11.600000000000001,sealed_dsv4
23,235,24,58,10,2,0.2,0.02586206896551724,7.733333333333334,sealed_dsv4
23,77,24,220,9,2,0.2222222222222222,0.017241379310344827,12.888888888888888,sealed_dsv4
23,77,24,204,9,2,0.2222222222222222,0.034482758620689655,6.444444444444444,sealed_dsv4
23,77,24,121,9,2,0.2222222222222222,0.02586206896551724,8.592592592592592,sealed_dsv4
23,77,24,58,9,2,0.2222222222222222,0.02586206896551724,8.592592592592592,sealed_dsv4
23,74,24,121,7,2,0.2857142857142857,0.02586206896551724,11.047619047619047,sealed_dsv4
24,168,25,219,16,2,0.125,0.017543859649122806,7.125,sealed_dsv4
24,168,25,133,16,2,0.125,0.017543859649122806,7.125,sealed_dsv4
25,120,26,101,11,2,0.18181818181818182,0.025210084033613446,7.212121212121212,sealed_dsv4
25,120,26,18,11,2,0.18181818181818182,0.025210084033613446,7.212121212121212,sealed_dsv4
25,120,26,209,11,2,0.18181818181818182,0.01680672268907563,10.818181818181818,sealed_dsv4
25,120,26,11,11,2,0.18181818181818182,0.01680672268907563,10.818181818181818,sealed_dsv4
25,98,26,101,6,2,0.3333333333333333,0.025210084033613446,13.222222222222221,sealed_dsv4
25,0,26,115,16,2,0.125,0.01680672268907563,7.4375,sealed_dsv4
25,0,26,209,16,2,0.125,0.01680672268907563,7.4375,sealed_dsv4
25,0,26,11,16,2,0.125,0.01680672268907563,7.4375,sealed_dsv4
25,175,26,18,7,2,0.2857142857142857,0.025210084033613446,11.333333333333332,sealed_dsv4
25,175,26,209,7,2,0.2857142857142857,0.01680672268907563,17.0,sealed_dsv4
25,175,26,11,7,2,0.2857142857142857,0.01680672268907563,17.0,sealed_dsv4
25,143,26,101,10,2,0.2,0.025210084033613446,7.933333333333334,sealed_dsv4
26,104,27,88,7,2,0.2857142857142857,0.041666666666666664,6.857142857142857,sealed_dsv4
26,104,27,48,7,2,0.2857142857142857,0.025,11.428571428571427,sealed_dsv4
26,98,27,31,15,2,0.13333333333333333,0.016666666666666666,8.0,sealed_dsv4
26,98,27,64,15,2,0.13333333333333333,0.016666666666666666,8.0,sealed_dsv4
26,98,27,218,15,2,0.13333333333333333,0.016666666666666666,8.0,sealed_dsv4
26,98,27,39,15,2,0.13333333333333333,0.025,5.333333333333333,sealed_dsv4
26,191,27,64,7,2,0.2857142857142857,0.016666666666666666,17.142857142857142,sealed_dsv4
26,191,27,152,7,2,0.2857142857142857,0.03333333333333333,8.571428571428571,sealed_dsv4
26,191,27,39,7,2,0.2857142857142857,0.025,11.428571428571427,sealed_dsv4
26,191,27,184,7,2,0.2857142857142857,0.016666666666666666,17.142857142857142,sealed_dsv4
27,88,28,222,5,2,0.4,0.01652892561983471,24.2,sealed_dsv4
27,88,28,211,5,2,0.4,0.049586776859504134,8.066666666666666,sealed_dsv4
27,88,28,101,5,2,0.4,0.01652892561983471,24.2,sealed_dsv4
27,88,28,19,5,2,0.4,0.01652892561983471,24.2,sealed_dsv4
27,88,28,177,5,2,0.4,0.01652892561983471,24.2,sealed_dsv4
27,88,28,87,5,2,0.4,0.01652892561983471,24.2,sealed_dsv4
27,5,28,26,16,2,0.125,0.01652892561983471,7.5625,sealed_dsv4
27,5,28,222,16,2,0.125,0.01652892561983471,7.5625,sealed_dsv4
27,5,28,101,16,2,0.125,0.01652892561983471,7.5625,sealed_dsv4
27,5,28,19,16,2,0.125,0.01652892561983471,7.5625,sealed_dsv4
27,5,28,177,16,2,0.125,0.01652892561983471,7.5625,sealed_dsv4
27,5,28,87,16,2,0.125,0.01652892561983471,7.5625,sealed_dsv4
27,15,28,26,5,2,0.4,0.01652892561983471,24.2,sealed_dsv4
27,15,28,203,5,2,0.4,0.03305785123966942,12.1,sealed_dsv4
27,15,28,211,5,2,0.4,0.049586776859504134,8.066666666666666,sealed_dsv4
27,25,28,26,8,2,0.25,0.01652892561983471,15.125,sealed_dsv4
27,25,28,162,8,2,0.25,0.04132231404958678,6.05,sealed_dsv4
27,25,28,222,8,2,0.25,0.01652892561983471,15.125,sealed_dsv4
27,25,28,211,8,2,0.25,0.049586776859504134,5.041666666666667,sealed_dsv4
27,25,28,87,8,2,0.25,0.01652892561983471,15.125,sealed_dsv4
28,162,29,238,5,2,0.4,0.032520325203252036,12.299999999999999,sealed_dsv4
28,162,29,131,5,2,0.4,0.024390243902439025,16.4,sealed_dsv4
28,162,29,41,5,2,0.4,0.06504065040650407,6.1499999999999995,sealed_dsv4
28,179,29,2,9,2,0.2222222222222222,0.024390243902439025,9.11111111111111,sealed_dsv4
28,179,29,131,9,2,0.2222222222222222,0.024390243902439025,9.11111111111111,sealed_dsv4
28,160,29,81,16,2,0.125,0.016260162601626018,7.687499999999999,sealed_dsv4
28,160,29,132,16,2,0.125,0.016260162601626018,7.687499999999999,sealed_dsv4
28,160,29,230,16,2,0.125,0.016260162601626018,7.687499999999999,sealed_dsv4
28,211,29,126,6,2,0.3333333333333333,0.024390243902439025,13.666666666666666,sealed_dsv4
28,211,29,238,6,2,0.3333333333333333,0.032520325203252036,10.249999999999998,sealed_dsv4
28,211,29,131,6,2,0.3333333333333333,0.024390243902439025,13.666666666666666,sealed_dsv4
28,211,29,29,6,2,0.3333333333333333,0.032520325203252036,10.249999999999998,sealed_dsv4
29,254,30,251,8,2,0.25,0.02564102564102564,9.75,sealed_dsv4
29,254,30,237,8,2,0.25,0.02564102564102564,9.75,sealed_dsv4
29,210,30,143,14,2,0.14285714285714285,0.017094017094017096,8.357142857142856,sealed_dsv4
29,215,30,143,6,2,0.3333333333333333,0.017094017094017096,19.499999999999996,sealed_dsv4
29,215,30,120,6,2,0.3333333333333333,0.02564102564102564,13.0,sealed_dsv4
29,41,30,120,8,2,0.25,0.02564102564102564,9.75,sealed_dsv4
30,35,31,165,12,2,0.16666666666666666,0.01694915254237288,9.833333333333332,sealed_dsv4
30,35,31,123,12,2,0.16666666666666666,0.01694915254237288,9.833333333333332,sealed_dsv4
30,35,31,94,12,2,0.16666666666666666,0.01694915254237288,9.833333333333332,sealed_dsv4
30,117,31,123,12,2,0.16666666666666666,0.01694915254237288,9.833333333333332,sealed_dsv4
30,117,31,94,12,2,0.16666666666666666,0.01694915254237288,9.833333333333332,sealed_dsv4
30,113,31,226,12,2,0.16666666666666666,0.01694915254237288,9.833333333333332,sealed_dsv4
30,113,31,120,12,2,0.16666666666666666,0.025423728813559324,6.5555555555555545,sealed_dsv4
31,10,32,14,15,2,0.13333333333333333,0.02631578947368421,5.066666666666667,sealed_dsv4
31,10,32,242,15,2,0.13333333333333333,0.017543859649122806,7.6000000000000005,sealed_dsv4
31,10,32,193,15,2,0.13333333333333333,0.02631578947368421,5.066666666666667,sealed_dsv4
31,126,32,14,15,2,0.13333333333333333,0.02631578947368421,5.066666666666667,sealed_dsv4
31,126,32,242,15,2,0.13333333333333333,0.017543859649122806,7.6000000000000005,sealed_dsv4
31,126,32,193,15,2,0.13333333333333333,0.02631578947368421,5.066666666666667,sealed_dsv4
32,90,33,48,7,2,0.2857142857142857,0.0423728813559322,6.742857142857143,sealed_dsv4
32,12,33,48,6,2,0.3333333333333333,0.0423728813559322,7.866666666666666,sealed_dsv4
32,12,33,181,6,2,0.3333333333333333,0.01694915254237288,19.666666666666664,sealed_dsv4
32,135,33,181,15,2,0.13333333333333333,0.01694915254237288,7.866666666666666,sealed_dsv4
32,135,33,174,15,2,0.13333333333333333,0.01694915254237288,7.866666666666666,sealed_dsv4
32,109,33,181,14,2,0.14285714285714285,0.01694915254237288,8.428571428571429,sealed_dsv4
32,109,33,174,14,2,0.14285714285714285,0.01694915254237288,8.428571428571429,sealed_dsv4
32,83,33,174,13,2,0.15384615384615385,0.01694915254237288,9.076923076923077,sealed_dsv4
33,255,34,12,15,2,0.13333333333333333,0.01694915254237288,7.866666666666666,sealed_dsv4
33,255,34,104,15,2,0.13333333333333333,0.01694915254237288,7.866666666666666,sealed_dsv4
33,255,34,22,15,2,0.13333333333333333,0.01694915254237288,7.866666666666666,sealed_dsv4
33,255,34,179,15,2,0.13333333333333333,0.01694915254237288,7.866666666666666,sealed_dsv4
33,48,34,12,5,2,0.4,0.01694915254237288,23.6,sealed_dsv4
33,48,34,104,5,2,0.4,0.01694915254237288,23.6,sealed_dsv4
33,48,34,136,5,2,0.4,0.025423728813559324,15.733333333333333,sealed_dsv4
33,48,34,243,5,2,0.4,0.09322033898305085,4.290909090909091,sealed_dsv4
33,224,34,12,15,2,0.13333333333333333,0.01694915254237288,7.866666666666666,sealed_dsv4
33,224,34,104,15,2,0.13333333333333333,0.01694915254237288,7.866666666666666,sealed_dsv4
33,224,34,22,15,2,0.13333333333333333,0.01694915254237288,7.866666666666666,sealed_dsv4
33,224,34,179,15,2,0.13333333333333333,0.01694915254237288,7.866666666666666,sealed_dsv4
33,25,34,104,14,2,0.14285714285714285,0.01694915254237288,8.428571428571429,sealed_dsv4
33,25,34,22,14,2,0.14285714285714285,0.01694915254237288,8.428571428571429,sealed_dsv4
33,25,34,179,14,2,0.14285714285714285,0.01694915254237288,8.428571428571429,sealed_dsv4
33,47,34,22,8,2,0.25,0.01694915254237288,14.75,sealed_dsv4
33,47,34,136,8,2,0.25,0.025423728813559324,9.833333333333332,sealed_dsv4
33,47,34,179,8,2,0.25,0.01694915254237288,14.75,sealed_dsv4
34,11,35,158,15,2,0.13333333333333333,0.016260162601626018,8.2,sealed_dsv4
34,11,35,243,15,2,0.13333333333333333,0.016260162601626018,8.2,sealed_dsv4
34,11,35,56,15,2,0.13333333333333333,0.016260162601626018,8.2,sealed_dsv4
34,11,35,216,15,2,0.13333333333333333,0.016260162601626018,8.2,sealed_dsv4
34,70,35,158,12,2,0.16666666666666666,0.016260162601626018,10.249999999999998,sealed_dsv4
34,70,35,230,12,2,0.16666666666666666,0.024390243902439025,6.833333333333333,sealed_dsv4
34,70,35,29,12,2,0.16666666666666666,0.024390243902439025,6.833333333333333,sealed_dsv4
34,70,35,216,12,2,0.16666666666666666,0.016260162601626018,10.249999999999998,sealed_dsv4
34,243,35,243,11,2,0.18181818181818182,0.016260162601626018,11.181818181818182,sealed_dsv4
34,243,35,56,11,2,0.18181818181818182,0.016260162601626018,11.181818181818182,sealed_dsv4
34,243,35,84,11,2,0.18181818181818182,0.04878048780487805,3.727272727272727,sealed_dsv4
34,243,35,216,11,2,0.18181818181818182,0.016260162601626018,11.181818181818182,sealed_dsv4
34,246,35,158,8,2,0.25,0.016260162601626018,15.374999999999998,sealed_dsv4
34,246,35,179,8,2,0.25,0.032520325203252036,7.687499999999999,sealed_dsv4
34,246,35,7,8,2,0.25,0.024390243902439025,10.25,sealed_dsv4
34,246,35,29,8,2,0.25,0.024390243902439025,10.25,sealed_dsv4
35,84,36,26,6,2,0.3333333333333333,0.04424778761061947,7.533333333333333,sealed_dsv4
35,84,36,10,6,2,0.3333333333333333,0.07079646017699115,4.708333333333333,sealed_dsv4
36,26,37,171,5,2,0.4,0.017094017094017096,23.4,sealed_dsv4
36,26,37,216,5,2,0.4,0.017094017094017096,23.4,sealed_dsv4
36,26,37,69,5,2,0.4,0.017094017094017096,23.4,sealed_dsv4
36,26,37,133,5,2,0.4,0.017094017094017096,23.4,sealed_dsv4
36,26,37,55,5,2,0.4,0.02564102564102564,15.600000000000001,sealed_dsv4
36,45,37,171,12,2,0.16666666666666666,0.017094017094017096,9.749999999999998,sealed_dsv4
36,45,37,239,12,2,0.16666666666666666,0.02564102564102564,6.5,sealed_dsv4
36,45,37,216,12,2,0.16666666666666666,0.017094017094017096,9.749999999999998,sealed_dsv4
36,45,37,69,12,2,0.16666666666666666,0.017094017094017096,9.749999999999998,sealed_dsv4
36,45,37,133,12,2,0.16666666666666666,0.017094017094017096,9.749999999999998,sealed_dsv4
36,45,37,55,12,2,0.16666666666666666,0.02564102564102564,6.5,sealed_dsv4
36,45,37,250,12,2,0.16666666666666666,0.017094017094017096,9.749999999999998,sealed_dsv4
36,152,37,171,11,2,0.18181818181818182,0.017094017094017096,10.636363636363635,sealed_dsv4
36,152,37,239,11,2,0.18181818181818182,0.02564102564102564,7.090909090909092,sealed_dsv4
36,152,37,216,11,2,0.18181818181818182,0.017094017094017096,10.636363636363635,sealed_dsv4
36,152,37,69,11,2,0.18181818181818182,0.017094017094017096,10.636363636363635,sealed_dsv4
36,152,37,133,11,2,0.18181818181818182,0.017094017094017096,10.636363636363635,sealed_dsv4
36,152,37,55,11,2,0.18181818181818182,0.02564102564102564,7.090909090909092,sealed_dsv4
36,152,37,250,11,2,0.18181818181818182,0.017094017094017096,10.636363636363635,sealed_dsv4
36,5,37,171,11,2,0.18181818181818182,0.017094017094017096,10.636363636363635,sealed_dsv4
36,5,37,248,11,2,0.18181818181818182,0.03418803418803419,5.3181818181818175,sealed_dsv4
36,5,37,239,11,2,0.18181818181818182,0.02564102564102564,7.090909090909092,sealed_dsv4
36,5,37,253,11,2,0.18181818181818182,0.017094017094017096,10.636363636363635,sealed_dsv4
36,5,37,216,11,2,0.18181818181818182,0.017094017094017096,10.636363636363635,sealed_dsv4
36,5,37,69,11,2,0.18181818181818182,0.017094017094017096,10.636363636363635,sealed_dsv4
36,5,37,133,11,2,0.18181818181818182,0.017094017094017096,10.636363636363635,sealed_dsv4
36,10,37,253,8,2,0.25,0.017094017094017096,14.624999999999998,sealed_dsv4
37,245,38,22,12,2,0.16666666666666666,0.01639344262295082,10.166666666666666,sealed_dsv4
37,245,38,234,12,2,0.16666666666666666,0.01639344262295082,10.166666666666666,sealed_dsv4
37,245,38,1,12,2,0.16666666666666666,0.01639344262295082,10.166666666666666,sealed_dsv4
37,245,38,148,12,2,0.16666666666666666,0.02459016393442623,6.777777777777778,sealed_dsv4
37,245,38,41,12,2,0.16666666666666666,0.01639344262295082,10.166666666666666,sealed_dsv4
37,245,38,247,12,2,0.16666666666666666,0.01639344262295082,10.166666666666666,sealed_dsv4
37,138,38,22,11,2,0.18181818181818182,0.01639344262295082,11.09090909090909,sealed_dsv4
37,138,38,46,11,2,0.18181818181818182,0.03278688524590164,5.545454545454545,sealed_dsv4
37,138,38,148,11,2,0.18181818181818182,0.02459016393442623,7.3939393939393945,sealed_dsv4
37,231,38,46,9,2,0.2222222222222222,0.03278688524590164,6.777777777777777,sealed_dsv4
37,231,38,1,9,2,0.2222222222222222,0.01639344262295082,13.555555555555554,sealed_dsv4
37,231,38,41,9,2,0.2222222222222222,0.01639344262295082,13.555555555555554,sealed_dsv4
37,231,38,247,9,2,0.2222222222222222,0.01639344262295082,13.555555555555554,sealed_dsv4
38,38,39,228,10,2,0.2,0.01652892561983471,12.1,sealed_dsv4
38,38,39,163,10,2,0.2,0.01652892561983471,12.1,sealed_dsv4
38,38,39,166,10,2,0.2,0.01652892561983471,12.1,sealed_dsv4
38,38,39,39,10,2,0.2,0.01652892561983471,12.1,sealed_dsv4
38,209,39,228,11,2,0.18181818181818182,0.01652892561983471,11.0,sealed_dsv4
38,209,39,64,11,2,0.18181818181818182,0.01652892561983471,11.0,sealed_dsv4
38,209,39,163,11,2,0.18181818181818182,0.01652892561983471,11.0,sealed_dsv4
38,209,39,166,11,2,0.18181818181818182,0.01652892561983471,11.0,sealed_dsv4
38,209,39,39,11,2,0.18181818181818182,0.01652892561983471,11.0,sealed_dsv4
38,43,39,228,12,2,0.16666666666666666,0.01652892561983471,10.083333333333332,sealed_dsv4
38,43,39,64,12,2,0.16666666666666666,0.01652892561983471,10.083333333333332,sealed_dsv4
38,43,39,163,12,2,0.16666666666666666,0.01652892561983471,10.083333333333332,sealed_dsv4
38,43,39,166,12,2,0.16666666666666666,0.01652892561983471,10.083333333333332,sealed_dsv4
38,43,39,39,12,2,0.16666666666666666,0.01652892561983471,10.083333333333332,sealed_dsv4
38,43,39,182,12,2,0.16666666666666666,0.01652892561983471,10.083333333333332,sealed_dsv4
38,43,39,221,12,2,0.16666666666666666,0.03305785123966942,5.041666666666666,sealed_dsv4
38,32,39,228,13,2,0.15384615384615385,0.01652892561983471,9.307692307692308,sealed_dsv4
38,32,39,163,13,2,0.15384615384615385,0.01652892561983471,9.307692307692308,sealed_dsv4
38,32,39,166,13,2,0.15384615384615385,0.01652892561983471,9.307692307692308,sealed_dsv4
38,32,39,39,13,2,0.15384615384615385,0.01652892561983471,9.307692307692308,sealed_dsv4
38,32,39,182,13,2,0.15384615384615385,0.01652892561983471,9.307692307692308,sealed_dsv4
39,191,40,209,13,2,0.15384615384615385,0.017094017094017096,9.0,sealed_dsv4
40,211,41,111,5,2,0.4,0.016666666666666666,24.0,sealed_dsv4
40,211,41,52,5,2,0.4,0.016666666666666666,24.0,sealed_dsv4
40,211,41,95,5,2,0.4,0.016666666666666666,24.0,sealed_dsv4
40,211,41,130,5,2,0.4,0.025,16.0,sealed_dsv4
40,211,41,58,5,2,0.4,0.016666666666666666,24.0,sealed_dsv4
40,211,41,64,5,2,0.4,0.016666666666666666,24.0,sealed_dsv4
40,7,41,111,5,2,0.4,0.016666666666666666,24.0,sealed_dsv4
40,7,41,52,5,2,0.4,0.016666666666666666,24.0,sealed_dsv4
40,7,41,95,5,2,0.4,0.016666666666666666,24.0,sealed_dsv4
40,7,41,130,5,2,0.4,0.025,16.0,sealed_dsv4
40,7,41,58,5,2,0.4,0.016666666666666666,24.0,sealed_dsv4
40,7,41,64,5,2,0.4,0.016666666666666666,24.0,sealed_dsv4
40,104,41,30,5,2,0.4,0.016666666666666666,24.0,sealed_dsv4
40,104,41,58,5,2,0.4,0.016666666666666666,24.0,sealed_dsv4
40,104,41,64,5,2,0.4,0.016666666666666666,24.0,sealed_dsv4
40,104,41,92,5,2,0.4,0.03333333333333333,12.0,sealed_dsv4
40,104,41,232,5,2,0.4,0.016666666666666666,24.0,sealed_dsv4
40,104,41,153,5,2,0.4,0.016666666666666666,24.0,sealed_dsv4
41,70,42,23,11,2,0.18181818181818182,0.01652892561983471,11.0,sealed_dsv4
41,70,42,233,11,2,0.18181818181818182,0.01652892561983471,11.0,sealed_dsv4
41,70,42,253,11,2,0.18181818181818182,0.01652892561983471,11.0,sealed_dsv4
41,70,42,41,11,2,0.18181818181818182,0.01652892561983471,11.0,sealed_dsv4
41,70,42,205,11,2,0.18181818181818182,0.024793388429752067,7.333333333333333,sealed_dsv4
41,70,42,112,11,2,0.18181818181818182,0.01652892561983471,11.0,sealed_dsv4
41,70,42,73,11,2,0.18181818181818182,0.01652892561983471,11.0,sealed_dsv4
41,236,42,137,10,2,0.2,0.024793388429752067,8.066666666666666,sealed_dsv4
41,236,42,253,10,2,0.2,0.01652892561983471,12.1,sealed_dsv4
41,236,42,59,10,2,0.2,0.024793388429752067,8.066666666666666,sealed_dsv4
41,236,42,41,10,2,0.2,0.01652892561983471,12.1,sealed_dsv4
41,236,42,112,10,2,0.2,0.01652892561983471,12.1,sealed_dsv4
41,236,42,73,10,2,0.2,0.01652892561983471,12.1,sealed_dsv4
4,97,5,93,9,2,0.2222222222222222,0.01694915254237288,13.11111111111111,sealed_dsv4
4,8,5,93,8,2,0.25,0.01694915254237288,14.75,sealed_dsv4
6,1,7,239,6,2,0.3333333333333333,0.024793388429752067,13.444444444444443,sealed_dsv4
8,115,9,246,8,2,0.25,0.016666666666666666,15.0,sealed_dsv4
8,200,9,246,8,2,0.25,0.016666666666666666,15.0,sealed_dsv4
8,161,9,246,5,2,0.4,0.016666666666666666,24.0,sealed_dsv4
8,146,9,246,7,2,0.2857142857142857,0.016666666666666666,17.142857142857142,sealed_dsv4
9,242,10,162,8,2,0.25,0.017391304347826087,14.375,sealed_dsv4
10,40,11,35,9,2,0.2222222222222222,0.01694915254237288,13.11111111111111,sealed_dsv4
11,89,12,11,6,2,0.3333333333333333,0.01680672268907563,19.833333333333332,sealed_dsv4
11,232,12,11,7,2,0.2857142857142857,0.01680672268907563,17.0,sealed_dsv4
11,16,12,210,5,2,0.4,0.025210084033613446,15.866666666666667,sealed_dsv4
11,16,12,11,5,2,0.4,0.01680672268907563,23.8,sealed_dsv4
14,235,15,25,6,2,0.3333333333333333,0.025,13.333333333333332,sealed_dsv4
14,1,15,213,9,2,0.2222222222222222,0.025,8.888888888888888,sealed_dsv4
14,245,15,25,6,2,0.3333333333333333,0.025,13.333333333333332,sealed_dsv4
14,245,15,213,6,2,0.3333333333333333,0.025,13.333333333333332,sealed_dsv4
16,176,17,195,6,2,0.3333333333333333,0.026785714285714284,12.444444444444445,sealed_dsv4
18,166,19,234,8,2,0.25,0.02459016393442623,10.166666666666666,sealed_dsv4
18,166,19,60,8,2,0.25,0.01639344262295082,15.25,sealed_dsv4
18,75,19,60,14,2,0.14285714285714285,0.01639344262295082,8.714285714285714,sealed_dsv4
18,209,19,60,5,2,0.4,0.01639344262295082,24.4,sealed_dsv4
19,10,20,216,5,2,0.4,0.017241379310344827,23.200000000000003,sealed_dsv4
19,10,20,53,5,2,0.4,0.017241379310344827,23.200000000000003,sealed_dsv4
19,181,20,216,7,2,0.2857142857142857,0.017241379310344827,16.57142857142857,sealed_dsv4
19,181,20,53,7,2,0.2857142857142857,0.017241379310344827,16.57142857142857,sealed_dsv4
24,168,25,111,16,2,0.125,0.017543859649122806,7.125,sealed_dsv4
27,5,28,138,16,2,0.125,0.01652892561983471,7.5625,sealed_dsv4
27,88,28,138,5,2,0.4,0.01652892561983471,24.2,sealed_dsv4
34,243,35,182,11,2,0.18181818181818182,0.016260162601626018,11.181818181818182,sealed_dsv4
34,243,35,104,11,2,0.18181818181818182,0.016260162601626018,11.181818181818182,sealed_dsv4
34,70,35,182,12,2,0.16666666666666666,0.016260162601626018,10.249999999999998,sealed_dsv4
34,70,35,104,12,2,0.16666666666666666,0.016260162601626018,10.249999999999998,sealed_dsv4
34,11,35,182,15,2,0.13333333333333333,0.016260162601626018,8.2,sealed_dsv4
34,11,35,104,15,2,0.13333333333333333,0.016260162601626018,8.2,sealed_dsv4
34,177,35,230,5,2,0.4,0.024390243902439025,16.4,sealed_dsv4
36,10,37,240,8,2,0.25,0.05982905982905983,4.178571428571429,sealed_dsv4
36,229,37,55,9,2,0.2222222222222222,0.02564102564102564,8.666666666666666,sealed_dsv4
36,26,37,240,5,2,0.4,0.05982905982905983,6.685714285714286,sealed_dsv4
38,32,39,237,13,2,0.15384615384615385,0.01652892561983471,9.307692307692308,sealed_dsv4
5,208,6,39,8,2,0.25,0.08547008547008547,2.925,sealed_dsv4
6,1,7,191,6,2,0.3333333333333333,0.06611570247933884,5.041666666666666,sealed_dsv4
7,180,8,200,9,2,0.2222222222222222,0.06837606837606838,3.2499999999999996,sealed_dsv4
7,191,8,146,8,2,0.25,0.05982905982905983,4.178571428571429,sealed_dsv4
7,191,8,28,8,2,0.25,0.042735042735042736,5.85,sealed_dsv4
8,200,9,219,8,2,0.25,0.08333333333333333,3.0,sealed_dsv4
8,200,9,155,8,2,0.25,0.025,10.0,sealed_dsv4
9,127,10,178,9,2,0.2222222222222222,0.034782608695652174,6.388888888888888,sealed_dsv4
9,77,10,178,8,2,0.25,0.034782608695652174,7.1875,sealed_dsv4
10,228,11,16,9,2,0.2222222222222222,0.0423728813559322,5.2444444444444445,sealed_dsv4
10,35,11,16,6,2,0.3333333333333333,0.0423728813559322,7.866666666666666,sealed_dsv4
11,16,12,187,5,2,0.4,0.025210084033613446,15.866666666666667,sealed_dsv4
11,16,12,46,5,2,0.4,0.05042016806722689,7.933333333333334,sealed_dsv4
12,41,13,252,13,2,0.15384615384615385,0.02586206896551724,5.948717948717949,sealed_dsv4
13,88,14,245,9,2,0.2222222222222222,0.05263157894736842,4.222222222222222,sealed_dsv4
14,1,15,209,9,2,0.2222222222222222,0.041666666666666664,5.333333333333333,sealed_dsv4
14,41,15,104,7,2,0.2857142857142857,0.058333333333333334,4.897959183673469,sealed_dsv4
14,41,15,209,7,2,0.2857142857142857,0.041666666666666664,6.857142857142857,sealed_dsv4
15,104,16,59,7,2,0.2857142857142857,0.017241379310344827,16.57142857142857,sealed_dsv4
15,176,16,59,8,2,0.25,0.017241379310344827,14.5,sealed_dsv4
15,209,16,240,5,2,0.4,0.0603448275862069,6.628571428571429,sealed_dsv4
17,3,18,23,13,2,0.15384615384615385,0.02608695652173913,5.897435897435898,sealed_dsv4
17,108,18,160,5,2,0.4,0.02608695652173913,15.333333333333336,sealed_dsv4
17,61,18,160,8,2,0.25,0.02608695652173913,9.583333333333334,sealed_dsv4
17,61,18,23,8,2,0.25,0.02608695652173913,9.583333333333334,sealed_dsv4
17,104,18,160,5,2,0.4,0.02608695652173913,15.333333333333336,sealed_dsv4
19,78,20,193,6,2,0.3333333333333333,0.02586206896551724,12.888888888888888,sealed_dsv4
19,10,20,182,5,2,0.4,0.04310344827586207,9.28,sealed_dsv4
20,182,21,119,5,2,0.4,0.02564102564102564,15.600000000000001,sealed_dsv4
20,182,21,49,5,2,0.4,0.05128205128205128,7.800000000000001,sealed_dsv4
20,182,21,201,5,2,0.4,0.042735042735042736,9.360000000000001,sealed_dsv4
21,75,22,176,5,2,0.4,0.017241379310344827,23.200000000000003,sealed_dsv4
21,201,22,176,5,2,0.4,0.017241379310344827,23.200000000000003,sealed_dsv4
21,155,22,185,10,2,0.2,0.02586206896551724,7.733333333333334,sealed_dsv4
21,155,22,176,10,2,0.2,0.017241379310344827,11.600000000000001,sealed_dsv4
24,254,25,47,6,2,0.3333333333333333,0.06140350877192982,5.428571428571429,sealed_dsv4
25,0,26,150,16,2,0.125,0.01680672268907563,7.4375,sealed_dsv4
25,47,26,150,7,2,0.2857142857142857,0.01680672268907563,17.0,sealed_dsv4
25,47,26,223,7,2,0.2857142857142857,0.03361344537815126,8.5,sealed_dsv4
25,175,26,150,7,2,0.2857142857142857,0.01680672268907563,17.0,sealed_dsv4
25,120,26,150,11,2,0.18181818181818182,0.01680672268907563,10.818181818181818,sealed_dsv4
25,143,26,150,10,2,0.2,0.01680672268907563,11.9,sealed_dsv4
27,25,28,21,8,2,0.25,0.03305785123966942,7.5625,sealed_dsv4
29,215,30,2,6,2,0.3333333333333333,0.02564102564102564,13.0,sealed_dsv4
33,47,34,177,8,2,0.25,0.0423728813559322,5.9,sealed_dsv4
34,177,35,63,5,2,0.4,0.04065040650406504,9.840000000000002,sealed_dsv4
35,63,36,26,5,2,0.4,0.04424778761061947,9.040000000000001,sealed_dsv4
37,240,38,187,7,2,0.2857142857142857,0.07377049180327869,3.873015873015873,sealed_dsv4
38,43,39,154,12,2,0.16666666666666666,0.01652892561983471,10.083333333333332,sealed_dsv4
38,43,39,184,12,2,0.16666666666666666,0.01652892561983471,10.083333333333332,sealed_dsv4
38,187,39,184,9,2,0.2222222222222222,0.01652892561983471,13.444444444444443,sealed_dsv4
38,209,39,154,11,2,0.18181818181818182,0.01652892561983471,11.0,sealed_dsv4
38,209,39,184,11,2,0.18181818181818182,0.01652892561983471,11.0,sealed_dsv4
41,236,42,158,10,2,0.2,0.01652892561983471,12.1,sealed_dsv4
41,70,42,158,11,2,0.18181818181818182,0.01652892561983471,11.0,sealed_dsv4
5,52,6,17,14,2,0.14285714285714285,0.017094017094017096,8.357142857142856,sealed_dsv4
5,120,6,17,5,2,0.4,0.017094017094017096,23.4,sealed_dsv4
7,141,8,47,14,2,0.14285714285714285,0.017094017094017096,8.357142857142856,sealed_dsv4
7,141,8,36,14,2,0.14285714285714285,0.017094017094017096,8.357142857142856,sealed_dsv4
7,133,8,36,7,2,0.2857142857142857,0.017094017094017096,16.71428571428571,sealed_dsv4
7,180,8,47,9,2,0.2222222222222222,0.017094017094017096,12.999999999999998,sealed_dsv4
7,180,8,36,9,2,0.2222222222222222,0.017094017094017096,12.999999999999998,sealed_dsv4
7,95,8,47,9,2,0.2222222222222222,0.017094017094017096,12.999999999999998,sealed_dsv4
7,95,8,36,9,2,0.2222222222222222,0.017094017094017096,12.999999999999998,sealed_dsv4
9,219,10,213,10,2,0.2,0.017391304347826087,11.5,sealed_dsv4
9,77,10,213,8,2,0.25,0.017391304347826087,14.375,sealed_dsv4
13,251,14,236,9,2,0.2222222222222222,0.017543859649122806,12.666666666666666,sealed_dsv4
13,125,14,236,10,2,0.2,0.017543859649122806,11.400000000000002,sealed_dsv4
14,80,15,246,6,2,0.3333333333333333,0.025,13.333333333333332,sealed_dsv4
15,209,16,162,5,2,0.4,0.04310344827586207,9.28,sealed_dsv4
16,92,17,173,10,2,0.2,0.017857142857142856,11.200000000000001,sealed_dsv4
16,162,17,173,5,2,0.4,0.017857142857142856,22.400000000000002,sealed_dsv4
16,96,17,173,8,2,0.25,0.017857142857142856,14.0,sealed_dsv4
22,125,23,106,6,2,0.3333333333333333,0.03389830508474576,9.833333333333332,sealed_dsv4
23,175,24,254,9,2,0.2222222222222222,0.05172413793103448,4.296296296296296,sealed_dsv4
23,77,24,254,9,2,0.2222222222222222,0.05172413793103448,4.296296296296296,sealed_dsv4
25,175,26,41,7,2,0.2857142857142857,0.06722689075630252,4.25,sealed_dsv4
25,98,26,37,6,2,0.3333333333333333,0.03361344537815126,9.916666666666666,sealed_dsv4
26,41,27,96,8,2,0.25,0.03333333333333333,7.5,sealed_dsv4
26,41,27,88,8,2,0.25,0.041666666666666664,6.0,sealed_dsv4
27,5,28,232,16,2,0.125,0.01652892561983471,7.5625,sealed_dsv4
27,88,28,94,5,2,0.4,0.05785123966942149,6.914285714285715,sealed_dsv4
27,88,28,232,5,2,0.4,0.01652892561983471,24.2,sealed_dsv4
27,25,28,232,8,2,0.25,0.01652892561983471,15.125,sealed_dsv4
27,253,28,232,11,2,0.18181818181818182,0.01652892561983471,11.0,sealed_dsv4
28,211,29,200,6,2,0.3333333333333333,0.032520325203252036,10.249999999999998,sealed_dsv4
28,94,29,200,7,2,0.2857142857142857,0.032520325203252036,8.785714285714285,sealed_dsv4
29,254,30,36,8,2,0.25,0.02564102564102564,9.75,sealed_dsv4
30,113,31,255,12,2,0.16666666666666666,0.025423728813559324,6.5555555555555545,sealed_dsv4
30,117,31,255,12,2,0.16666666666666666,0.025423728813559324,6.5555555555555545,sealed_dsv4
32,135,33,64,15,2,0.13333333333333333,0.01694915254237288,7.866666666666666,sealed_dsv4
32,12,33,59,6,2,0.3333333333333333,0.03389830508474576,9.833333333333332,sealed_dsv4
32,12,33,64,6,2,0.3333333333333333,0.01694915254237288,19.666666666666664,sealed_dsv4
32,12,33,129,6,2,0.3333333333333333,0.09322033898305085,3.5757575757575757,sealed_dsv4
32,238,33,59,11,2,0.18181818181818182,0.03389830508474576,5.363636363636364,sealed_dsv4
32,83,33,64,13,2,0.15384615384615385,0.01694915254237288,9.076923076923077,sealed_dsv4
32,109,33,64,14,2,0.14285714285714285,0.01694915254237288,8.428571428571429,sealed_dsv4
34,177,35,29,5,2,0.4,0.024390243902439025,16.4,sealed_dsv4
34,177,35,76,5,2,0.4,0.024390243902439025,16.4,sealed_dsv4
34,177,35,109,5,2,0.4,0.04065040650406504,9.840000000000002,sealed_dsv4
34,177,35,179,5,2,0.4,0.032520325203252036,12.299999999999999,sealed_dsv4
34,11,35,76,15,2,0.13333333333333333,0.024390243902439025,5.466666666666667,sealed_dsv4
34,139,35,29,8,2,0.25,0.024390243902439025,10.25,sealed_dsv4
34,139,35,146,8,2,0.25,0.024390243902439025,10.25,sealed_dsv4
34,139,35,76,8,2,0.25,0.024390243902439025,10.25,sealed_dsv4
34,246,35,109,8,2,0.25,0.04065040650406504,6.15,sealed_dsv4
34,70,35,109,12,2,0.16666666666666666,0.04065040650406504,4.1,sealed_dsv4
34,243,35,76,11,2,0.18181818181818182,0.024390243902439025,7.454545454545454,sealed_dsv4
35,109,36,45,5,2,0.4,0.10619469026548672,3.766666666666667,sealed_dsv4
35,109,36,229,5,2,0.4,0.07964601769911504,5.022222222222222,sealed_dsv4
35,109,36,152,5,2,0.4,0.09734513274336283,4.109090909090909,sealed_dsv4
37,240,38,38,7,2,0.2857142857142857,0.08196721311475409,3.4857142857142858,sealed_dsv4
39,191,40,174,13,2,0.15384615384615385,0.03418803418803419,4.5,sealed_dsv4
39,191,40,106,13,2,0.15384615384615385,0.03418803418803419,4.5,sealed_dsv4
41,247,42,59,7,2,0.2857142857142857,0.024793388429752067,11.523809523809524,sealed_dsv4
41,247,42,137,7,2,0.2857142857142857,0.024793388429752067,11.523809523809524,sealed_dsv4
4,97,5,204,9,2,0.2222222222222222,0.01694915254237288,13.11111111111111,sealed_dsv4
4,233,5,176,11,2,0.18181818181818182,0.01694915254237288,10.727272727272728,sealed_dsv4
4,233,5,204,11,2,0.18181818181818182,0.01694915254237288,10.727272727272728,sealed_dsv4
4,8,5,204,8,2,0.25,0.01694915254237288,14.75,sealed_dsv4
4,46,5,176,9,2,0.2222222222222222,0.01694915254237288,13.11111111111111,sealed_dsv4
5,52,6,132,14,2,0.14285714285714285,0.017094017094017096,8.357142857142856,sealed_dsv4
5,208,6,132,8,2,0.25,0.017094017094017096,14.624999999999998,sealed_dsv4
6,138,7,191,7,2,0.2857142857142857,0.06611570247933884,4.321428571428571,sealed_dsv4
8,200,9,126,8,2,0.25,0.025,10.0,sealed_dsv4
8,200,9,188,8,2,0.25,0.016666666666666666,15.0,sealed_dsv4
8,115,9,126,8,2,0.25,0.025,10.0,sealed_dsv4
8,115,9,188,8,2,0.25,0.016666666666666666,15.0,sealed_dsv4
8,16,9,126,11,2,0.18181818181818182,0.025,7.2727272727272725,sealed_dsv4
10,40,11,245,9,2,0.2222222222222222,0.025423728813559324,8.74074074074074,sealed_dsv4
10,228,11,245,9,2,0.2222222222222222,0.025423728813559324,8.74074074074074,sealed_dsv4
12,122,13,103,9,2,0.2222222222222222,0.034482758620689655,6.444444444444444,sealed_dsv4
12,46,13,103,6,2,0.3333333333333333,0.034482758620689655,9.666666666666666,sealed_dsv4
12,43,13,103,6,2,0.3333333333333333,0.034482758620689655,9.666666666666666,sealed_dsv4
13,88,14,20,9,2,0.2222222222222222,0.02631578947368421,8.444444444444445,sealed_dsv4
13,14,14,20,8,2,0.25,0.02631578947368421,9.5,sealed_dsv4
14,1,15,151,9,2,0.2222222222222222,0.016666666666666666,13.333333333333332,sealed_dsv4
14,1,15,212,9,2,0.2222222222222222,0.025,8.888888888888888,sealed_dsv4
14,41,15,151,7,2,0.2857142857142857,0.016666666666666666,17.142857142857142,sealed_dsv4
16,179,17,243,7,2,0.2857142857142857,0.017857142857142856,16.0,sealed_dsv4
16,240,17,221,7,2,0.2857142857142857,0.026785714285714284,10.666666666666666,sealed_dsv4
17,3,18,53,13,2,0.15384615384615385,0.017391304347826087,8.846153846153847,sealed_dsv4
17,3,18,225,13,2,0.15384615384615385,0.017391304347826087,8.846153846153847,sealed_dsv4
17,112,18,53,10,2,0.2,0.017391304347826087,11.5,sealed_dsv4
17,112,18,225,10,2,0.2,0.017391304347826087,11.5,sealed_dsv4
17,61,18,53,8,2,0.25,0.017391304347826087,14.375,sealed_dsv4
17,61,18,225,8,2,0.25,0.017391304347826087,14.375,sealed_dsv4
18,75,19,8,14,2,0.14285714285714285,0.02459016393442623,5.809523809523809,sealed_dsv4
18,75,19,121,14,2,0.14285714285714285,0.01639344262295082,8.714285714285714,sealed_dsv4
19,181,20,109,7,2,0.2857142857142857,0.02586206896551724,11.047619047619047,sealed_dsv4
22,123,23,7,15,2,0.13333333333333333,0.01694915254237288,7.866666666666666,sealed_dsv4
22,203,23,7,7,2,0.2857142857142857,0.01694915254237288,16.857142857142858,sealed_dsv4
22,203,23,0,7,2,0.2857142857142857,0.03389830508474576,8.428571428571429,sealed_dsv4
25,0,26,189,16,2,0.125,0.01680672268907563,7.4375,sealed_dsv4
27,5,28,8,16,2,0.125,0.01652892561983471,7.5625,sealed_dsv4
27,253,28,8,11,2,0.18181818181818182,0.01652892561983471,11.0,sealed_dsv4
27,25,28,8,8,2,0.25,0.01652892561983471,15.125,sealed_dsv4
28,160,29,205,16,2,0.125,0.016260162601626018,7.687499999999999,sealed_dsv4
29,41,30,205,8,2,0.25,0.017094017094017096,14.624999999999998,sealed_dsv4
29,210,30,63,14,2,0.14285714285714285,0.017094017094017096,8.357142857142856,sealed_dsv4
33,224,34,95,15,2,0.13333333333333333,0.01694915254237288,7.866666666666666,sealed_dsv4
33,224,34,198,15,2,0.13333333333333333,0.01694915254237288,7.866666666666666,sealed_dsv4
33,25,34,95,14,2,0.14285714285714285,0.01694915254237288,8.428571428571429,sealed_dsv4
33,25,34,198,14,2,0.14285714285714285,0.01694915254237288,8.428571428571429,sealed_dsv4
33,129,34,95,11,2,0.18181818181818182,0.01694915254237288,10.727272727272728,sealed_dsv4
33,129,34,198,11,2,0.18181818181818182,0.01694915254237288,10.727272727272728,sealed_dsv4
34,139,35,238,8,2,0.25,0.032520325203252036,7.687499999999999,sealed_dsv4
35,109,36,50,5,2,0.4,0.017699115044247787,22.6,sealed_dsv4
35,109,36,10,5,2,0.4,0.07079646017699115,5.65,sealed_dsv4
35,109,36,171,5,2,0.4,0.035398230088495575,11.3,sealed_dsv4
37,240,38,160,7,2,0.2857142857142857,0.01639344262295082,17.428571428571427,sealed_dsv4
37,240,38,206,7,2,0.2857142857142857,0.01639344262295082,17.428571428571427,sealed_dsv4
38,32,39,61,13,2,0.15384615384615385,0.01652892561983471,9.307692307692308,sealed_dsv4
39,179,40,253,11,2,0.18181818181818182,0.02564102564102564,7.090909090909092,sealed_dsv4
39,191,40,231,13,2,0.15384615384615385,0.017094017094017096,9.0,sealed_dsv4
40,205,41,247,8,2,0.25,0.058333333333333334,4.285714285714286,sealed_dsv4
41,247,42,143,7,2,0.2857142857142857,0.03305785123966942,8.642857142857142,sealed_dsv4
41,247,42,236,7,2,0.2857142857142857,0.024793388429752067,11.523809523809524,sealed_dsv4
4,46,5,30,9,2,0.2222222222222222,0.01694915254237288,13.11111111111111,sealed_dsv4
4,233,5,120,11,2,0.18181818181818182,0.0423728813559322,4.290909090909091,sealed_dsv4
4,233,5,104,11,2,0.18181818181818182,0.01694915254237288,10.727272727272728,sealed_dsv4
5,52,6,11,14,2,0.14285714285714285,0.017094017094017096,8.357142857142856,sealed_dsv4
6,39,7,92,10,2,0.2,0.01652892561983471,12.1,sealed_dsv4
8,71,9,212,9,2,0.2222222222222222,0.03333333333333333,6.666666666666666,sealed_dsv4
9,168,10,165,5,2,0.4,0.02608695652173913,15.333333333333336,sealed_dsv4
9,168,10,8,5,2,0.4,0.043478260869565216,9.200000000000001,sealed_dsv4
11,9,12,130,14,2,0.14285714285714285,0.01680672268907563,8.5,sealed_dsv4
11,171,12,130,6,2,0.3333333333333333,0.01680672268907563,19.833333333333332,sealed_dsv4
12,46,13,200,6,2,0.3333333333333333,0.017241379310344827,19.333333333333332,sealed_dsv4
13,251,14,249,9,2,0.2222222222222222,0.02631578947368421,8.444444444444445,sealed_dsv4
13,251,14,135,9,2,0.2222222222222222,0.017543859649122806,12.666666666666666,sealed_dsv4
13,88,14,135,9,2,0.2222222222222222,0.017543859649122806,12.666666666666666,sealed_dsv4
14,105,15,249,6,2,0.3333333333333333,0.025,13.333333333333332,sealed_dsv4
14,234,15,249,6,2,0.3333333333333333,0.025,13.333333333333332,sealed_dsv4
14,143,15,249,5,2,0.4,0.025,16.0,sealed_dsv4
14,80,15,155,6,2,0.3333333333333333,0.025,13.333333333333332,sealed_dsv4
14,80,15,249,6,2,0.3333333333333333,0.025,13.333333333333332,sealed_dsv4
16,162,17,220,5,2,0.4,0.044642857142857144,8.96,sealed_dsv4
17,93,18,65,8,2,0.25,0.017391304347826087,14.375,sealed_dsv4
17,112,18,65,10,2,0.2,0.017391304347826087,11.5,sealed_dsv4
17,112,18,66,10,2,0.2,0.02608695652173913,7.666666666666668,sealed_dsv4
17,3,18,65,13,2,0.15384615384615385,0.017391304347826087,8.846153846153847,sealed_dsv4
17,220,18,9,5,2,0.4,0.02608695652173913,15.333333333333336,sealed_dsv4
17,220,18,115,5,2,0.4,0.034782608695652174,11.5,sealed_dsv4
18,122,19,221,8,2,0.25,0.02459016393442623,10.166666666666666,sealed_dsv4
20,87,21,153,5,2,0.4,0.03418803418803419,11.7,sealed_dsv4
20,87,21,136,5,2,0.4,0.02564102564102564,15.600000000000001,sealed_dsv4
20,187,21,136,10,2,0.2,0.02564102564102564,7.800000000000001,sealed_dsv4
21,155,22,253,10,2,0.2,0.017241379310344827,11.600000000000001,sealed_dsv4
21,201,22,253,5,2,0.4,0.017241379310344827,23.200000000000003,sealed_dsv4
23,77,24,90,9,2,0.2222222222222222,0.034482758620689655,6.444444444444444,sealed_dsv4
23,235,24,90,10,2,0.2,0.034482758620689655,5.800000000000001,sealed_dsv4
24,229,25,191,8,2,0.25,0.03508771929824561,7.125,sealed_dsv4
25,48,26,46,11,2,0.18181818181818182,0.03361344537815126,5.409090909090909,sealed_dsv4
25,143,26,46,10,2,0.2,0.03361344537815126,5.95,sealed_dsv4
25,120,26,46,11,2,0.18181818181818182,0.03361344537815126,5.409090909090909,sealed_dsv4
27,253,28,212,11,2,0.18181818181818182,0.01652892561983471,11.0,sealed_dsv4
27,253,28,57,11,2,0.18181818181818182,0.024793388429752067,7.333333333333333,sealed_dsv4
27,5,28,212,16,2,0.125,0.01652892561983471,7.5625,sealed_dsv4
27,5,28,192,16,2,0.125,0.01652892561983471,7.5625,sealed_dsv4
27,177,28,212,7,2,0.2857142857142857,0.01652892561983471,17.285714285714285,sealed_dsv4
27,177,28,192,7,2,0.2857142857142857,0.01652892561983471,17.285714285714285,sealed_dsv4
28,249,29,222,6,2,0.3333333333333333,0.032520325203252036,10.249999999999998,sealed_dsv4
28,249,29,33,6,2,0.3333333333333333,0.04065040650406504,8.2,sealed_dsv4
28,211,29,33,6,2,0.3333333333333333,0.04065040650406504,8.2,sealed_dsv4
29,41,30,122,8,2,0.25,0.017094017094017096,14.624999999999998,sealed_dsv4
29,41,30,6,8,2,0.25,0.017094017094017096,14.624999999999998,sealed_dsv4
29,210,30,122,14,2,0.14285714285714285,0.017094017094017096,8.357142857142856,sealed_dsv4
29,210,30,6,14,2,0.14285714285714285,0.017094017094017096,8.357142857142856,sealed_dsv4
29,33,30,34,5,2,0.4,0.05982905982905983,6.685714285714286,sealed_dsv4
29,33,30,122,5,2,0.4,0.017094017094017096,23.4,sealed_dsv4
29,33,30,6,5,2,0.4,0.017094017094017096,23.4,sealed_dsv4
29,58,30,122,8,2,0.25,0.017094017094017096,14.624999999999998,sealed_dsv4
29,58,30,6,8,2,0.25,0.017094017094017096,14.624999999999998,sealed_dsv4
29,254,30,122,8,2,0.25,0.017094017094017096,14.624999999999998,sealed_dsv4
29,254,30,6,8,2,0.25,0.017094017094017096,14.624999999999998,sealed_dsv4
30,113,31,142,12,2,0.16666666666666666,0.025423728813559324,6.5555555555555545,sealed_dsv4
32,135,33,187,15,2,0.13333333333333333,0.01694915254237288,7.866666666666666,sealed_dsv4
32,109,33,187,14,2,0.14285714285714285,0.01694915254237288,8.428571428571429,sealed_dsv4
32,83,33,187,13,2,0.15384615384615385,0.01694915254237288,9.076923076923077,sealed_dsv4
33,224,34,155,15,2,0.13333333333333333,0.01694915254237288,7.866666666666666,sealed_dsv4
33,25,34,155,14,2,0.14285714285714285,0.01694915254237288,8.428571428571429,sealed_dsv4
33,255,34,155,15,2,0.13333333333333333,0.01694915254237288,7.866666666666666,sealed_dsv4
34,70,35,238,12,2,0.16666666666666666,0.032520325203252036,5.124999999999999,sealed_dsv4
34,122,35,238,9,2,0.2222222222222222,0.032520325203252036,6.833333333333332,sealed_dsv4
34,122,35,7,9,2,0.2222222222222222,0.024390243902439025,9.11111111111111,sealed_dsv4
34,139,35,97,8,2,0.25,0.04065040650406504,6.15,sealed_dsv4
35,97,36,5,5,2,0.4,0.09734513274336283,4.109090909090909,sealed_dsv4
35,97,36,135,5,2,0.4,0.02654867256637168,15.066666666666668,sealed_dsv4
35,129,36,135,8,2,0.25,0.02654867256637168,9.416666666666666,sealed_dsv4
35,135,36,231,5,2,0.4,0.02654867256637168,15.066666666666668,sealed_dsv4
35,135,36,135,5,2,0.4,0.02654867256637168,15.066666666666668,sealed_dsv4
38,43,39,203,12,2,0.16666666666666666,0.01652892561983471,10.083333333333332,sealed_dsv4
38,32,39,203,13,2,0.15384615384615385,0.01652892561983471,9.307692307692308,sealed_dsv4
38,187,39,203,9,2,0.2222222222222222,0.01652892561983471,13.444444444444443,sealed_dsv4
38,187,39,168,9,2,0.2222222222222222,0.03305785123966942,6.722222222222221,sealed_dsv4
38,209,39,203,11,2,0.18181818181818182,0.01652892561983471,11.0,sealed_dsv4
38,38,39,203,10,2,0.2,0.01652892561983471,12.1,sealed_dsv4
39,191,40,169,13,2,0.15384615384615385,0.017094017094017096,9.0,sealed_dsv4
39,191,40,182,13,2,0.15384615384615385,0.03418803418803419,4.5,sealed_dsv4
39,191,40,116,13,2,0.15384615384615385,0.03418803418803419,4.5,sealed_dsv4
39,179,40,169,11,2,0.18181818181818182,0.017094017094017096,10.636363636363635,sealed_dsv4
39,179,40,41,11,2,0.18181818181818182,0.017094017094017096,10.636363636363635,sealed_dsv4
39,159,40,169,6,2,0.3333333333333333,0.017094017094017096,19.499999999999996,sealed_dsv4
39,159,40,182,6,2,0.3333333333333333,0.03418803418803419,9.749999999999998,sealed_dsv4
39,159,40,116,6,2,0.3333333333333333,0.03418803418803419,9.749999999999998,sealed_dsv4
40,205,41,163,8,2,0.25,0.016666666666666666,15.0,sealed_dsv4
40,205,41,166,8,2,0.25,0.041666666666666664,6.0,sealed_dsv4
40,205,41,161,8,2,0.25,0.016666666666666666,15.0,sealed_dsv4
41,166,42,104,5,2,0.4,0.01652892561983471,24.2,sealed_dsv4
41,166,42,30,5,2,0.4,0.01652892561983471,24.2,sealed_dsv4
41,166,42,219,5,2,0.4,0.01652892561983471,24.2,sealed_dsv4
3,135,4,146,10,2,0.2,0.034782608695652174,5.75,sealed_dsv4
3,135,4,0,10,2,0.2,0.034782608695652174,5.75,sealed_dsv4
4,46,5,166,9,2,0.2222222222222222,0.01694915254237288,13.11111111111111,sealed_dsv4
5,173,6,32,8,2,0.25,0.02564102564102564,9.75,sealed_dsv4
5,173,6,184,8,2,0.25,0.02564102564102564,9.75,sealed_dsv4
7,180,8,30,9,2,0.2222222222222222,0.017094017094017096,12.999999999999998,sealed_dsv4
7,95,8,30,9,2,0.2222222222222222,0.017094017094017096,12.999999999999998,sealed_dsv4
7,141,8,30,14,2,0.14285714285714285,0.017094017094017096,8.357142857142856,sealed_dsv4
8,242,9,46,5,2,0.4,0.025,16.0,sealed_dsv4
9,219,10,96,10,2,0.2,0.017391304347826087,11.5,sealed_dsv4
10,76,11,255,6,2,0.3333333333333333,0.01694915254237288,19.666666666666664,sealed_dsv4
10,76,11,158,6,2,0.3333333333333333,0.01694915254237288,19.666666666666664,sealed_dsv4
10,228,11,255,9,2,0.2222222222222222,0.01694915254237288,13.11111111111111,sealed_dsv4
11,171,12,227,6,2,0.3333333333333333,0.01680672268907563,19.833333333333332,sealed_dsv4
11,171,12,129,6,2,0.3333333333333333,0.01680672268907563,19.833333333333332,sealed_dsv4
11,171,12,86,6,2,0.3333333333333333,0.025210084033613446,13.222222222222221,sealed_dsv4
11,171,12,116,6,2,0.3333333333333333,0.01680672268907563,19.833333333333332,sealed_dsv4
11,9,12,227,14,2,0.14285714285714285,0.01680672268907563,8.5,sealed_dsv4
11,9,12,129,14,2,0.14285714285714285,0.01680672268907563,8.5,sealed_dsv4
11,9,12,116,14,2,0.14285714285714285,0.01680672268907563,8.5,sealed_dsv4
12,46,13,149,6,2,0.3333333333333333,0.02586206896551724,12.888888888888888,sealed_dsv4
13,88,14,214,9,2,0.2222222222222222,0.017543859649122806,12.666666666666666,sealed_dsv4
14,41,15,155,7,2,0.2857142857142857,0.025,11.428571428571427,sealed_dsv4
14,105,15,246,6,2,0.3333333333333333,0.025,13.333333333333332,sealed_dsv4
14,1,15,135,9,2,0.2222222222222222,0.06666666666666667,3.333333333333333,sealed_dsv4
15,15,16,151,9,2,0.2222222222222222,0.017241379310344827,12.888888888888888,sealed_dsv4
15,135,16,151,8,2,0.25,0.017241379310344827,14.5,sealed_dsv4
16,92,17,218,10,2,0.2,0.017857142857142856,11.200000000000001,sealed_dsv4
16,92,17,61,10,2,0.2,0.07142857142857142,2.8000000000000003,sealed_dsv4
16,96,17,218,8,2,0.25,0.017857142857142856,14.0,sealed_dsv4
17,220,18,58,5,2,0.4,0.017391304347826087,23.0,sealed_dsv4
17,220,18,79,5,2,0.4,0.043478260869565216,9.200000000000001,sealed_dsv4
17,112,18,58,10,2,0.2,0.017391304347826087,11.5,sealed_dsv4
17,61,18,66,8,2,0.25,0.02608695652173913,9.583333333333334,sealed_dsv4
18,79,19,219,5,2,0.4,0.01639344262295082,24.4,sealed_dsv4
18,79,19,231,5,2,0.4,0.01639344262295082,24.4,sealed_dsv4
18,75,19,219,14,2,0.14285714285714285,0.01639344262295082,8.714285714285714,sealed_dsv4
18,75,19,231,14,2,0.14285714285714285,0.01639344262295082,8.714285714285714,sealed_dsv4
22,203,23,17,7,2,0.2857142857142857,0.01694915254237288,16.857142857142858,sealed_dsv4
22,203,23,13,7,2,0.2857142857142857,0.025423728813559324,11.238095238095237,sealed_dsv4
22,203,23,191,7,2,0.2857142857142857,0.01694915254237288,16.857142857142858,sealed_dsv4
22,123,23,17,15,2,0.13333333333333333,0.01694915254237288,7.866666666666666,sealed_dsv4
22,123,23,191,15,2,0.13333333333333333,0.01694915254237288,7.866666666666666,sealed_dsv4
23,175,24,7,9,2,0.2222222222222222,0.02586206896551724,8.592592592592592,sealed_dsv4
24,254,25,74,6,2,0.3333333333333333,0.02631578947368421,12.666666666666666,sealed_dsv4
24,206,25,74,6,2,0.3333333333333333,0.02631578947368421,12.666666666666666,sealed_dsv4
26,98,27,160,15,2,0.13333333333333333,0.016666666666666666,8.0,sealed_dsv4
27,5,28,34,16,2,0.125,0.01652892561983471,7.5625,sealed_dsv4
27,253,28,34,11,2,0.18181818181818182,0.01652892561983471,11.0,sealed_dsv4
30,117,31,88,12,2,0.16666666666666666,0.01694915254237288,9.833333333333332,sealed_dsv4
30,117,31,39,12,2,0.16666666666666666,0.01694915254237288,9.833333333333332,sealed_dsv4
31,126,32,55,15,2,0.13333333333333333,0.017543859649122806,7.6000000000000005,sealed_dsv4
31,10,32,55,15,2,0.13333333333333333,0.017543859649122806,7.6000000000000005,sealed_dsv4
35,97,36,9,5,2,0.4,0.017699115044247787,22.6,sealed_dsv4
37,240,38,203,7,2,0.2857142857142857,0.01639344262295082,17.428571428571427,sealed_dsv4
39,150,40,182,6,2,0.3333333333333333,0.03418803418803419,9.749999999999998,sealed_dsv4
39,150,40,116,6,2,0.3333333333333333,0.03418803418803419,9.749999999999998,sealed_dsv4
39,150,40,106,6,2,0.3333333333333333,0.03418803418803419,9.749999999999998,sealed_dsv4
41,247,42,113,7,2,0.2857142857142857,0.03305785123966942,8.642857142857142,sealed_dsv4
41,166,42,252,5,2,0.4,0.024793388429752067,16.133333333333333,sealed_dsv4
4,233,5,237,11,2,0.18181818181818182,0.01694915254237288,10.727272727272728,sealed_dsv4
4,46,5,237,9,2,0.2222222222222222,0.01694915254237288,13.11111111111111,sealed_dsv4
5,173,6,8,8,2,0.25,0.02564102564102564,9.75,sealed_dsv4
5,208,6,8,8,2,0.25,0.02564102564102564,9.75,sealed_dsv4
5,205,6,8,5,2,0.4,0.02564102564102564,15.600000000000001,sealed_dsv4
7,135,8,111,6,2,0.3333333333333333,0.03418803418803419,9.749999999999998,sealed_dsv4
9,242,10,25,8,2,0.25,0.017391304347826087,14.375,sealed_dsv4
11,232,12,144,7,2,0.2857142857142857,0.025210084033613446,11.333333333333332,sealed_dsv4
12,122,13,159,9,2,0.2222222222222222,0.017241379310344827,12.888888888888888,sealed_dsv4
12,43,13,159,6,2,0.3333333333333333,0.017241379310344827,19.333333333333332,sealed_dsv4
12,41,13,159,13,2,0.15384615384615385,0.017241379310344827,8.923076923076923,sealed_dsv4
12,142,13,159,6,2,0.3333333333333333,0.017241379310344827,19.333333333333332,sealed_dsv4
15,79,16,172,5,2,0.4,0.02586206896551724,15.466666666666669,sealed_dsv4
16,240,17,220,7,2,0.2857142857142857,0.044642857142857144,6.3999999999999995,sealed_dsv4
17,61,18,173,8,2,0.25,0.017391304347826087,14.375,sealed_dsv4
17,3,18,173,13,2,0.15384615384615385,0.017391304347826087,8.846153846153847,sealed_dsv4
17,220,18,166,5,2,0.4,0.06956521739130435,5.75,sealed_dsv4
19,181,20,196,7,2,0.2857142857142857,0.034482758620689655,8.285714285714285,sealed_dsv4
19,181,20,140,7,2,0.2857142857142857,0.04310344827586207,6.628571428571428,sealed_dsv4
20,187,21,20,10,2,0.2,0.02564102564102564,7.800000000000001,sealed_dsv4
20,6,21,99,8,2,0.25,0.03418803418803419,7.312499999999999,sealed_dsv4
20,6,21,20,8,2,0.25,0.02564102564102564,9.75,sealed_dsv4
21,49,22,136,6,2,0.3333333333333333,0.0603448275862069,5.523809523809523,sealed_dsv4
21,155,22,200,10,2,0.2,0.02586206896551724,7.733333333333334,sealed_dsv4
22,203,23,193,7,2,0.2857142857142857,0.03389830508474576,8.428571428571429,sealed_dsv4
22,13,23,193,9,2,0.2222222222222222,0.03389830508474576,6.555555555555555,sealed_dsv4
22,136,23,193,7,2,0.2857142857142857,0.03389830508474576,8.428571428571429,sealed_dsv4
27,5,28,172,16,2,0.125,0.01652892561983471,7.5625,sealed_dsv4
28,179,29,33,9,2,0.2222222222222222,0.04065040650406504,5.466666666666667,sealed_dsv4
29,215,30,221,6,2,0.3333333333333333,0.02564102564102564,13.0,sealed_dsv4
29,210,30,221,14,2,0.14285714285714285,0.02564102564102564,5.571428571428571,sealed_dsv4
30,113,31,135,12,2,0.16666666666666666,0.01694915254237288,9.833333333333332,sealed_dsv4
30,35,31,135,12,2,0.16666666666666666,0.01694915254237288,9.833333333333332,sealed_dsv4
32,238,33,26,11,2,0.18181818181818182,0.01694915254237288,10.727272727272728,sealed_dsv4
33,48,34,119,5,2,0.4,0.025423728813559324,15.733333333333333,sealed_dsv4
34,11,35,144,15,2,0.13333333333333333,0.016260162601626018,8.2,sealed_dsv4
34,11,35,80,15,2,0.13333333333333333,0.016260162601626018,8.2,sealed_dsv4
34,246,35,144,8,2,0.25,0.016260162601626018,15.374999999999998,sealed_dsv4
34,246,35,80,8,2,0.25,0.016260162601626018,15.374999999999998,sealed_dsv4
35,97,36,171,5,2,0.4,0.035398230088495575,11.3,sealed_dsv4
35,97,36,128,5,2,0.4,0.017699115044247787,22.6,sealed_dsv4
35,84,36,128,6,2,0.3333333333333333,0.017699115044247787,18.833333333333332,sealed_dsv4
37,240,38,250,7,2,0.2857142857142857,0.02459016393442623,11.619047619047619,sealed_dsv4
39,179,40,93,11,2,0.18181818181818182,0.03418803418803419,5.3181818181818175,sealed_dsv4
3,135,4,103,10,2,0.2,0.017391304347826087,11.5,sealed_dsv4
6,16,7,68,10,2,0.2,0.03305785123966942,6.05,sealed_dsv4
8,71,9,61,9,2,0.2222222222222222,0.016666666666666666,13.333333333333332,sealed_dsv4
8,232,9,61,10,2,0.2,0.016666666666666666,12.0,sealed_dsv4
8,189,9,61,8,2,0.25,0.016666666666666666,15.0,sealed_dsv4
8,16,9,61,11,2,0.18181818181818182,0.016666666666666666,10.90909090909091,sealed_dsv4
10,35,11,219,6,2,0.3333333333333333,0.01694915254237288,19.666666666666664,sealed_dsv4
10,228,11,219,9,2,0.2222222222222222,0.01694915254237288,13.11111111111111,sealed_dsv4
14,62,15,249,6,2,0.3333333333333333,0.025,13.333333333333332,sealed_dsv4
15,209,16,219,5,2,0.4,0.02586206896551724,15.466666666666669,sealed_dsv4
16,96,17,245,8,2,0.25,0.017857142857142856,14.0,sealed_dsv4
16,92,17,245,10,2,0.2,0.017857142857142856,11.200000000000001,sealed_dsv4
19,78,20,174,6,2,0.3333333333333333,0.02586206896551724,12.888888888888888,sealed_dsv4
20,187,21,94,10,2,0.2,0.02564102564102564,7.800000000000001,sealed_dsv4
22,136,23,106,7,2,0.2857142857142857,0.03389830508474576,8.428571428571429,sealed_dsv4
22,66,23,106,8,2,0.25,0.03389830508474576,7.375,sealed_dsv4
26,98,27,217,15,2,0.13333333333333333,0.016666666666666666,8.0,sealed_dsv4
26,152,27,217,7,2,0.2857142857142857,0.016666666666666666,17.142857142857142,sealed_dsv4
26,191,27,217,7,2,0.2857142857142857,0.016666666666666666,17.142857142857142,sealed_dsv4
26,41,27,217,8,2,0.25,0.016666666666666666,15.0,sealed_dsv4
29,210,30,228,14,2,0.14285714285714285,0.017094017094017096,8.357142857142856,sealed_dsv4
29,33,30,228,5,2,0.4,0.017094017094017096,23.4,sealed_dsv4
29,254,30,228,8,2,0.25,0.017094017094017096,14.624999999999998,sealed_dsv4
11,171,12,138,6,2,0.3333333333333333,0.01680672268907563,19.833333333333332,sealed_dsv4
11,9,12,138,14,2,0.14285714285714285,0.01680672268907563,8.5,sealed_dsv4
12,41,13,149,13,2,0.15384615384615385,0.02586206896551724,5.948717948717949,sealed_dsv4
14,105,15,162,6,2,0.3333333333333333,0.025,13.333333333333332,sealed_dsv4
17,220,18,67,5,2,0.4,0.034782608695652174,11.5,sealed_dsv4
18,79,19,50,5,2,0.4,0.03278688524590164,12.2,sealed_dsv4
19,78,20,6,6,2,0.3333333333333333,0.06896551724137931,4.833333333333333,sealed_dsv4
19,78,20,87,6,2,0.3333333333333333,0.04310344827586207,7.7333333333333325,sealed_dsv4
22,13,23,13,9,2,0.2222222222222222,0.025423728813559324,8.74074074074074,sealed_dsv4
22,66,23,13,8,2,0.25,0.025423728813559324,9.833333333333332,sealed_dsv4
22,66,23,0,8,2,0.25,0.03389830508474576,7.375,sealed_dsv4
22,125,23,13,6,2,0.3333333333333333,0.025423728813559324,13.111111111111109,sealed_dsv4
24,153,25,175,6,2,0.3333333333333333,0.06140350877192982,5.428571428571429,sealed_dsv4
26,128,27,143,8,2,0.25,0.03333333333333333,7.5,sealed_dsv4
26,104,27,143,7,2,0.2857142857142857,0.03333333333333333,8.571428571428571,sealed_dsv4
33,224,34,119,15,2,0.13333333333333333,0.025423728813559324,5.2444444444444445,sealed_dsv4
34,122,35,146,9,2,0.2222222222222222,0.024390243902439025,9.11111111111111,sealed_dsv4
34,139,35,84,8,2,0.25,0.04878048780487805,5.125,sealed_dsv4
35,97,36,45,5,2,0.4,0.10619469026548672,3.766666666666667,sealed_dsv4
35,97,36,152,5,2,0.4,0.09734513274336283,4.109090909090909,sealed_dsv4
35,129,36,171,8,2,0.25,0.035398230088495575,7.0625,sealed_dsv4
37,138,38,250,11,2,0.18181818181818182,0.02459016393442623,7.3939393939393945,sealed_dsv4
39,150,40,211,6,2,0.3333333333333333,0.042735042735042736,7.8,sealed_dsv4
39,150,40,7,6,2,0.3333333333333333,0.042735042735042736,7.8,sealed_dsv4
41,247,42,189,7,2,0.2857142857142857,0.01652892561983471,17.285714285714285,sealed_dsv4
41,70,42,189,11,2,0.18181818181818182,0.01652892561983471,11.0,sealed_dsv4
3,71,4,21,7,2,0.2857142857142857,0.017391304347826087,16.428571428571427,sealed_dsv4
3,101,4,21,7,2,0.2857142857142857,0.017391304347826087,16.428571428571427,sealed_dsv4
3,202,4,21,7,2,0.2857142857142857,0.017391304347826087,16.428571428571427,sealed_dsv4
5,208,6,56,8,2,0.25,0.02564102564102564,9.75,sealed_dsv4
6,16,7,74,10,2,0.2,0.01652892561983471,12.1,sealed_dsv4
6,138,7,74,7,2,0.2857142857142857,0.01652892561983471,17.285714285714285,sealed_dsv4
6,111,7,74,8,2,0.25,0.01652892561983471,15.125,sealed_dsv4
6,53,7,74,10,2,0.2,0.01652892561983471,12.1,sealed_dsv4
8,161,9,127,5,2,0.4,0.075,5.333333333333334,sealed_dsv4
10,40,11,152,9,2,0.2222222222222222,0.01694915254237288,13.11111111111111,sealed_dsv4
11,9,12,193,14,2,0.14285714285714285,0.01680672268907563,8.5,sealed_dsv4
11,232,12,193,7,2,0.2857142857142857,0.01680672268907563,17.0,sealed_dsv4
11,89,12,193,6,2,0.3333333333333333,0.01680672268907563,19.833333333333332,sealed_dsv4
12,43,13,252,6,2,0.3333333333333333,0.02586206896551724,12.888888888888888,sealed_dsv4
14,49,15,9,8,2,0.25,0.016666666666666666,15.0,sealed_dsv4
14,1,15,9,9,2,0.2222222222222222,0.016666666666666666,13.333333333333332,sealed_dsv4
14,235,15,9,6,2,0.3333333333333333,0.016666666666666666,20.0,sealed_dsv4
14,245,15,9,6,2,0.3333333333333333,0.016666666666666666,20.0,sealed_dsv4
16,179,17,222,7,2,0.2857142857142857,0.03571428571428571,8.0,sealed_dsv4
17,61,18,67,8,2,0.25,0.034782608695652174,7.1875,sealed_dsv4
18,166,19,107,8,2,0.25,0.02459016393442623,10.166666666666666,sealed_dsv4
19,181,20,182,7,2,0.2857142857142857,0.04310344827586207,6.628571428571428,sealed_dsv4
20,6,21,240,8,2,0.25,0.02564102564102564,9.75,sealed_dsv4
21,49,22,66,6,2,0.3333333333333333,0.06896551724137931,4.833333333333333,sealed_dsv4
21,155,22,103,10,2,0.2,0.02586206896551724,7.733333333333334,sealed_dsv4
22,66,23,193,8,2,0.25,0.03389830508474576,7.375,sealed_dsv4
26,128,27,152,8,2,0.25,0.03333333333333333,7.5,sealed_dsv4
28,94,29,33,7,2,0.2857142857142857,0.04065040650406504,7.0285714285714285,sealed_dsv4
28,162,29,33,5,2,0.4,0.04065040650406504,9.840000000000002,sealed_dsv4
33,48,34,122,5,2,0.4,0.07627118644067797,5.2444444444444445,sealed_dsv4
38,32,39,224,13,2,0.15384615384615385,0.01652892561983471,9.307692307692308,sealed_dsv4
3,101,4,250,7,2,0.2857142857142857,0.02608695652173913,10.952380952380953,sealed_dsv4
3,135,4,250,10,2,0.2,0.02608695652173913,7.666666666666668,sealed_dsv4
4,233,5,200,11,2,0.18181818181818182,0.01694915254237288,10.727272727272728,sealed_dsv4
4,97,5,200,9,2,0.2222222222222222,0.01694915254237288,13.11111111111111,sealed_dsv4
4,46,5,200,9,2,0.2222222222222222,0.01694915254237288,13.11111111111111,sealed_dsv4
7,191,8,111,8,2,0.25,0.03418803418803419,7.312499999999999,sealed_dsv4
9,242,10,155,8,2,0.25,0.02608695652173913,9.583333333333334,sealed_dsv4
9,77,10,146,8,2,0.25,0.017391304347826087,14.375,sealed_dsv4
9,77,10,155,8,2,0.25,0.02608695652173913,9.583333333333334,sealed_dsv4
12,41,13,249,13,2,0.15384615384615385,0.017241379310344827,8.923076923076923,sealed_dsv4
13,14,14,62,8,2,0.25,0.05263157894736842,4.75,sealed_dsv4
13,88,14,62,9,2,0.2222222222222222,0.05263157894736842,4.222222222222222,sealed_dsv4
13,251,14,1,9,2,0.2222222222222222,0.07894736842105263,2.814814814814815,sealed_dsv4
14,62,15,104,6,2,0.3333333333333333,0.058333333333333334,5.7142857142857135,sealed_dsv4
14,62,15,176,6,2,0.3333333333333333,0.06666666666666667,5.0,sealed_dsv4
14,245,15,186,6,2,0.3333333333333333,0.041666666666666664,8.0,sealed_dsv4
15,15,16,219,9,2,0.2222222222222222,0.02586206896551724,8.592592592592592,sealed_dsv4
15,186,16,179,5,2,0.4,0.0603448275862069,6.628571428571429,sealed_dsv4
15,186,16,219,5,2,0.4,0.02586206896551724,15.466666666666669,sealed_dsv4
16,240,17,93,7,2,0.2857142857142857,0.07142857142857142,4.0,sealed_dsv4
16,179,17,135,7,2,0.2857142857142857,0.044642857142857144,6.3999999999999995,sealed_dsv4
17,93,18,166,8,2,0.25,0.06956521739130435,3.59375,sealed_dsv4
17,61,18,122,8,2,0.25,0.06956521739130435,3.59375,sealed_dsv4
17,135,18,67,5,2,0.4,0.034782608695652174,11.5,sealed_dsv4
18,166,19,197,8,2,0.25,0.01639344262295082,15.25,sealed_dsv4
18,166,19,50,8,2,0.25,0.03278688524590164,7.625,sealed_dsv4
18,75,19,197,14,2,0.14285714285714285,0.01639344262295082,8.714285714285714,sealed_dsv4
18,122,19,197,8,2,0.25,0.01639344262295082,15.25,sealed_dsv4
19,181,20,129,7,2,0.2857142857142857,0.034482758620689655,8.285714285714285,sealed_dsv4
20,6,21,94,8,2,0.25,0.02564102564102564,9.75,sealed_dsv4
20,6,21,153,8,2,0.25,0.03418803418803419,7.312499999999999,sealed_dsv4
23,74,24,153,7,2,0.2857142857142857,0.05172413793103448,5.523809523809524,sealed_dsv4
25,98,26,91,6,2,0.3333333333333333,0.03361344537815126,9.916666666666666,sealed_dsv4
25,143,26,91,10,2,0.2,0.03361344537815126,5.95,sealed_dsv4
25,47,26,91,7,2,0.2857142857142857,0.03361344537815126,8.5,sealed_dsv4
25,120,26,91,11,2,0.18181818181818182,0.03361344537815126,5.409090909090909,sealed_dsv4
27,15,28,21,5,2,0.4,0.03305785123966942,12.1,sealed_dsv4
28,162,29,58,5,2,0.4,0.06504065040650407,6.1499999999999995,sealed_dsv4
29,254,30,8,8,2,0.25,0.03418803418803419,7.312499999999999,sealed_dsv4
33,224,34,239,15,2,0.13333333333333333,0.01694915254237288,7.866666666666666,sealed_dsv4
33,255,34,239,15,2,0.13333333333333333,0.01694915254237288,7.866666666666666,sealed_dsv4
33,129,34,239,11,2,0.18181818181818182,0.01694915254237288,10.727272727272728,sealed_dsv4
33,47,34,239,8,2,0.25,0.01694915254237288,14.75,sealed_dsv4
33,25,34,239,14,2,0.14285714285714285,0.01694915254237288,8.428571428571429,sealed_dsv4
34,246,35,148,8,2,0.25,0.024390243902439025,10.25,sealed_dsv4
34,246,35,90,8,2,0.25,0.024390243902439025,10.25,sealed_dsv4
34,139,35,148,8,2,0.25,0.024390243902439025,10.25,sealed_dsv4
34,139,35,90,8,2,0.25,0.024390243902439025,10.25,sealed_dsv4
38,32,39,69,13,2,0.15384615384615385,0.01652892561983471,9.307692307692308,sealed_dsv4
38,32,39,157,13,2,0.15384615384615385,0.01652892561983471,9.307692307692308,sealed_dsv4
38,209,39,69,11,2,0.18181818181818182,0.01652892561983471,11.0,sealed_dsv4
38,209,39,157,11,2,0.18181818181818182,0.01652892561983471,11.0,sealed_dsv4
38,43,39,69,12,2,0.16666666666666666,0.01652892561983471,10.083333333333332,sealed_dsv4
38,43,39,157,12,2,0.16666666666666666,0.01652892561983471,10.083333333333332,sealed_dsv4
38,187,39,69,9,2,0.2222222222222222,0.01652892561983471,13.444444444444443,sealed_dsv4
38,187,39,157,9,2,0.2222222222222222,0.01652892561983471,13.444444444444443,sealed_dsv4
38,38,39,69,10,2,0.2,0.01652892561983471,12.1,sealed_dsv4
38,38,39,157,10,2,0.2,0.01652892561983471,12.1,sealed_dsv4
39,191,40,112,13,2,0.15384615384615385,0.017094017094017096,9.0,sealed_dsv4
40,205,41,185,8,2,0.25,0.025,10.0,sealed_dsv4
41,70,42,201,11,2,0.18181818181818182,0.01652892561983471,11.0,sealed_dsv4
41,44,42,201,6,2,0.3333333333333333,0.01652892561983471,20.166666666666664,sealed_dsv4
41,44,42,143,6,2,0.3333333333333333,0.03305785123966942,10.083333333333332,sealed_dsv4
41,236,42,201,10,2,0.2,0.01652892561983471,12.1,sealed_dsv4
6,252,7,191,6,2,0.3333333333333333,0.06611570247933884,5.041666666666666,sealed_dsv4
6,53,7,68,10,2,0.2,0.03305785123966942,6.05,sealed_dsv4
8,232,9,5,10,2,0.2,0.016666666666666666,12.0,sealed_dsv4
8,71,9,5,9,2,0.2222222222222222,0.016666666666666666,13.333333333333332,sealed_dsv4
8,16,9,5,11,2,0.18181818181818182,0.016666666666666666,10.90909090909091,sealed_dsv4
9,127,10,155,9,2,0.2222222222222222,0.02608695652173913,8.518518518518519,sealed_dsv4
11,157,12,179,7,2,0.2857142857142857,0.025210084033613446,11.333333333333332,sealed_dsv4
11,132,12,109,5,2,0.4,0.025210084033613446,15.866666666666667,sealed_dsv4
12,41,13,242,13,2,0.15384615384615385,0.017241379310344827,8.923076923076923,sealed_dsv4
14,105,15,209,6,2,0.3333333333333333,0.041666666666666664,8.0,sealed_dsv4
14,105,15,186,6,2,0.3333333333333333,0.041666666666666664,8.0,sealed_dsv4
15,209,16,154,5,2,0.4,0.034482758620689655,11.600000000000001,sealed_dsv4
15,186,16,96,5,2,0.4,0.06896551724137931,5.800000000000001,sealed_dsv4
15,186,16,154,5,2,0.4,0.034482758620689655,11.600000000000001,sealed_dsv4
20,6,21,173,8,2,0.25,0.017094017094017096,14.624999999999998,sealed_dsv4
22,125,23,246,6,2,0.3333333333333333,0.025423728813559324,13.111111111111109,sealed_dsv4
26,98,27,102,15,2,0.13333333333333333,0.016666666666666666,8.0,sealed_dsv4
26,128,27,102,8,2,0.25,0.016666666666666666,15.0,sealed_dsv4
26,41,27,102,8,2,0.25,0.016666666666666666,15.0,sealed_dsv4
26,152,27,102,7,2,0.2857142857142857,0.016666666666666666,17.142857142857142,sealed_dsv4
26,191,27,102,7,2,0.2857142857142857,0.016666666666666666,17.142857142857142,sealed_dsv4
27,15,28,249,5,2,0.4,0.049586776859504134,8.066666666666666,sealed_dsv4
28,160,29,98,16,2,0.125,0.016260162601626018,7.687499999999999,sealed_dsv4
28,94,29,131,7,2,0.2857142857142857,0.024390243902439025,11.714285714285714,sealed_dsv4
28,94,29,98,7,2,0.2857142857142857,0.016260162601626018,17.57142857142857,sealed_dsv4
28,249,29,131,6,2,0.3333333333333333,0.024390243902439025,13.666666666666666,sealed_dsv4
28,249,29,98,6,2,0.3333333333333333,0.016260162601626018,20.499999999999996,sealed_dsv4
29,58,30,237,8,2,0.25,0.02564102564102564,9.75,sealed_dsv4
30,113,31,238,12,2,0.16666666666666666,0.01694915254237288,9.833333333333332,sealed_dsv4
30,34,31,238,7,2,0.2857142857142857,0.01694915254237288,16.857142857142858,sealed_dsv4
30,35,31,187,12,2,0.16666666666666666,0.025423728813559324,6.5555555555555545,sealed_dsv4
30,35,31,238,12,2,0.16666666666666666,0.01694915254237288,9.833333333333332,sealed_dsv4
30,117,31,187,12,2,0.16666666666666666,0.025423728813559324,6.5555555555555545,sealed_dsv4
30,117,31,238,12,2,0.16666666666666666,0.01694915254237288,9.833333333333332,sealed_dsv4
34,70,35,201,12,2,0.16666666666666666,0.016260162601626018,10.249999999999998,sealed_dsv4
34,122,35,201,9,2,0.2222222222222222,0.016260162601626018,13.666666666666664,sealed_dsv4
34,11,35,201,15,2,0.13333333333333333,0.016260162601626018,8.2,sealed_dsv4
34,243,35,201,11,2,0.18181818181818182,0.016260162601626018,11.181818181818182,sealed_dsv4
34,243,35,90,11,2,0.18181818181818182,0.024390243902439025,7.454545454545454,sealed_dsv4
34,243,35,148,11,2,0.18181818181818182,0.024390243902439025,7.454545454545454,sealed_dsv4
35,129,36,26,8,2,0.25,0.04424778761061947,5.65,sealed_dsv4
36,26,37,164,5,2,0.4,0.042735042735042736,9.360000000000001,sealed_dsv4
39,159,40,215,6,2,0.3333333333333333,0.02564102564102564,13.0,sealed_dsv4
39,159,40,253,6,2,0.3333333333333333,0.02564102564102564,13.0,sealed_dsv4
39,179,40,196,11,2,0.18181818181818182,0.03418803418803419,5.3181818181818175,sealed_dsv4
39,179,40,12,11,2,0.18181818181818182,0.03418803418803419,5.3181818181818175,sealed_dsv4
3,135,4,127,10,2,0.2,0.017391304347826087,11.5,sealed_dsv4
3,135,4,177,10,2,0.2,0.017391304347826087,11.5,sealed_dsv4
4,233,5,140,11,2,0.18181818181818182,0.025423728813559324,7.151515151515151,sealed_dsv4
5,52,6,31,14,2,0.14285714285714285,0.017094017094017096,8.357142857142856,sealed_dsv4
8,16,9,69,11,2,0.18181818181818182,0.016666666666666666,10.90909090909091,sealed_dsv4
8,232,9,69,10,2,0.2,0.016666666666666666,12.0,sealed_dsv4
8,71,9,69,9,2,0.2222222222222222,0.016666666666666666,13.333333333333332,sealed_dsv4
8,189,9,69,8,2,0.25,0.016666666666666666,15.0,sealed_dsv4
8,242,9,69,5,2,0.4,0.016666666666666666,24.0,sealed_dsv4
9,219,10,238,10,2,0.2,0.02608695652173913,7.666666666666668,sealed_dsv4
9,219,10,45,10,2,0.2,0.017391304347826087,11.5,sealed_dsv4
9,219,10,195,10,2,0.2,0.017391304347826087,11.5,sealed_dsv4
9,168,10,238,5,2,0.4,0.02608695652173913,15.333333333333336,sealed_dsv4
9,168,10,45,5,2,0.4,0.017391304347826087,23.0,sealed_dsv4
9,168,10,195,5,2,0.4,0.017391304347826087,23.0,sealed_dsv4
9,127,10,238,9,2,0.2222222222222222,0.02608695652173913,8.518518518518519,sealed_dsv4
9,127,10,45,9,2,0.2222222222222222,0.017391304347826087,12.777777777777777,sealed_dsv4
9,127,10,195,9,2,0.2222222222222222,0.017391304347826087,12.777777777777777,sealed_dsv4
17,135,18,79,5,2,0.4,0.043478260869565216,9.200000000000001,sealed_dsv4
17,135,18,241,5,2,0.4,0.034782608695652174,11.5,sealed_dsv4
17,93,18,241,8,2,0.25,0.034782608695652174,7.1875,sealed_dsv4
17,112,18,241,10,2,0.2,0.034782608695652174,5.75,sealed_dsv4
18,75,19,233,14,2,0.14285714285714285,0.01639344262295082,8.714285714285714,sealed_dsv4
18,79,19,233,5,2,0.4,0.01639344262295082,24.4,sealed_dsv4
18,79,19,158,5,2,0.4,0.02459016393442623,16.26666666666667,sealed_dsv4
18,122,19,233,8,2,0.25,0.01639344262295082,15.25,sealed_dsv4
20,6,21,9,8,2,0.25,0.02564102564102564,9.75,sealed_dsv4
20,87,21,9,5,2,0.4,0.02564102564102564,15.600000000000001,sealed_dsv4
27,15,28,80,5,2,0.4,0.024793388429752067,16.133333333333333,sealed_dsv4
32,178,33,211,8,2,0.25,0.025423728813559324,9.833333333333332,sealed_dsv4
34,122,35,179,9,2,0.2222222222222222,0.032520325203252036,6.833333333333332,sealed_dsv4
35,135,36,23,5,2,0.4,0.04424778761061947,9.040000000000001,sealed_dsv4
36,229,37,243,9,2,0.2222222222222222,0.02564102564102564,8.666666666666666,sealed_dsv4
36,10,37,243,8,2,0.25,0.02564102564102564,9.75,sealed_dsv4
39,159,40,104,6,2,0.3333333333333333,0.042735042735042736,7.8,sealed_dsv4
40,104,41,44,5,2,0.4,0.05,8.0,sealed_dsv4
40,104,41,115,5,2,0.4,0.025,16.0,sealed_dsv4
4,233,5,129,11,2,0.18181818181818182,0.01694915254237288,10.727272727272728,sealed_dsv4
9,127,10,48,9,2,0.2222222222222222,0.017391304347826087,12.777777777777777,sealed_dsv4
17,135,18,26,5,2,0.4,0.017391304347826087,23.0,sealed_dsv4
17,3,18,26,13,2,0.15384615384615385,0.017391304347826087,8.846153846153847,sealed_dsv4
20,87,21,123,5,2,0.4,0.03418803418803419,11.7,sealed_dsv4
20,6,21,123,8,2,0.25,0.03418803418803419,7.312499999999999,sealed_dsv4
22,123,23,109,15,2,0.13333333333333333,0.01694915254237288,7.866666666666666,sealed_dsv4
22,13,23,109,9,2,0.2222222222222222,0.01694915254237288,13.11111111111111,sealed_dsv4
22,136,23,109,7,2,0.2857142857142857,0.01694915254237288,16.857142857142858,sealed_dsv4
22,66,23,109,8,2,0.25,0.01694915254237288,14.75,sealed_dsv4
24,24,25,191,5,2,0.4,0.03508771929824561,11.400000000000002,sealed_dsv4
24,24,25,122,5,2,0.4,0.017543859649122806,22.800000000000004,sealed_dsv4
24,24,25,221,5,2,0.4,0.017543859649122806,22.800000000000004,sealed_dsv4
24,205,25,191,8,2,0.25,0.03508771929824561,7.125,sealed_dsv4
24,205,25,122,8,2,0.25,0.017543859649122806,14.25,sealed_dsv4
24,205,25,221,8,2,0.25,0.017543859649122806,14.25,sealed_dsv4
24,168,25,122,16,2,0.125,0.017543859649122806,7.125,sealed_dsv4
24,168,25,221,16,2,0.125,0.017543859649122806,7.125,sealed_dsv4
25,0,26,232,16,2,0.125,0.01680672268907563,7.4375,sealed_dsv4
25,48,26,232,11,2,0.18181818181818182,0.01680672268907563,10.818181818181818,sealed_dsv4
26,98,27,231,15,2,0.13333333333333333,0.016666666666666666,8.0,sealed_dsv4
26,128,27,231,8,2,0.25,0.016666666666666666,15.0,sealed_dsv4
27,5,28,142,16,2,0.125,0.01652892561983471,7.5625,sealed_dsv4
27,5,28,213,16,2,0.125,0.01652892561983471,7.5625,sealed_dsv4
27,253,28,142,11,2,0.18181818181818182,0.01652892561983471,11.0,sealed_dsv4
27,253,28,213,11,2,0.18181818181818182,0.01652892561983471,11.0,sealed_dsv4
27,25,28,80,8,2,0.25,0.024793388429752067,10.083333333333334,sealed_dsv4
27,25,28,142,8,2,0.25,0.01652892561983471,15.125,sealed_dsv4
27,25,28,213,8,2,0.25,0.01652892561983471,15.125,sealed_dsv4
28,160,29,45,16,2,0.125,0.016260162601626018,7.687499999999999,sealed_dsv4
28,160,29,48,16,2,0.125,0.016260162601626018,7.687499999999999,sealed_dsv4
30,113,31,237,12,2,0.16666666666666666,0.01694915254237288,9.833333333333332,sealed_dsv4
30,34,31,237,7,2,0.2857142857142857,0.01694915254237288,16.857142857142858,sealed_dsv4
30,117,31,249,12,2,0.16666666666666666,0.025423728813559324,6.5555555555555545,sealed_dsv4
30,117,31,237,12,2,0.16666666666666666,0.01694915254237288,9.833333333333332,sealed_dsv4
34,122,35,75,9,2,0.2222222222222222,0.016260162601626018,13.666666666666664,sealed_dsv4
34,70,35,75,12,2,0.16666666666666666,0.016260162601626018,10.249999999999998,sealed_dsv4
34,11,35,75,15,2,0.13333333333333333,0.016260162601626018,8.2,sealed_dsv4
34,243,35,75,11,2,0.18181818181818182,0.016260162601626018,11.181818181818182,sealed_dsv4
34,139,35,75,8,2,0.25,0.016260162601626018,15.374999999999998,sealed_dsv4
39,191,40,28,13,2,0.15384615384615385,0.017094017094017096,9.0,sealed_dsv4
39,159,40,28,6,2,0.3333333333333333,0.017094017094017096,19.499999999999996,sealed_dsv4
39,150,40,205,6,2,0.3333333333333333,0.06837606837606838,4.874999999999999,sealed_dsv4
39,150,40,12,6,2,0.3333333333333333,0.03418803418803419,9.749999999999998,sealed_dsv4
39,150,40,28,6,2,0.3333333333333333,0.017094017094017096,19.499999999999996,sealed_dsv4
39,150,40,196,6,2,0.3333333333333333,0.03418803418803419,9.749999999999998,sealed_dsv4
41,70,42,236,11,2,0.18181818181818182,0.024793388429752067,7.333333333333333,sealed_dsv4
41,44,42,236,6,2,0.3333333333333333,0.024793388429752067,13.444444444444443,sealed_dsv4
3,202,4,64,7,1,0.14285714285714285,0.008695652173913044,16.428571428571427,sealed_dsv4
3,202,4,178,7,1,0.14285714285714285,0.008695652173913044,16.428571428571427,sealed_dsv4
3,202,4,182,7,1,0.14285714285714285,0.008695652173913044,16.428571428571427,sealed_dsv4
3,202,4,50,7,1,0.14285714285714285,0.008695652173913044,16.428571428571427,sealed_dsv4
3,202,4,60,7,1,0.14285714285714285,0.008695652173913044,16.428571428571427,sealed_dsv4
3,202,4,26,7,1,0.14285714285714285,0.008695652173913044,16.428571428571427,sealed_dsv4
3,202,4,98,7,1,0.14285714285714285,0.008695652173913044,16.428571428571427,sealed_dsv4
3,202,4,114,7,1,0.14285714285714285,0.017391304347826087,8.214285714285714,sealed_dsv4
3,202,4,29,7,1,0.14285714285714285,0.008695652173913044,16.428571428571427,sealed_dsv4
3,202,4,146,7,1,0.14285714285714285,0.034782608695652174,4.107142857142857,sealed_dsv4
3,202,4,73,7,1,0.14285714285714285,0.017391304347826087,8.214285714285714,sealed_dsv4
3,202,4,239,7,1,0.14285714285714285,0.017391304347826087,8.214285714285714,sealed_dsv4
3,202,4,126,7,1,0.14285714285714285,0.02608695652173913,5.476190476190476,sealed_dsv4
3,202,4,70,7,1,0.14285714285714285,0.017391304347826087,8.214285714285714,sealed_dsv4
3,202,4,253,7,1,0.14285714285714285,0.008695652173913044,16.428571428571427,sealed_dsv4
3,202,4,0,7,1,0.14285714285714285,0.034782608695652174,4.107142857142857,sealed_dsv4
3,202,4,30,7,1,0.14285714285714285,0.02608695652173913,5.476190476190476,sealed_dsv4
3,202,4,230,7,1,0.14285714285714285,0.008695652173913044,16.428571428571427,sealed_dsv4
3,202,4,242,7,1,0.14285714285714285,0.017391304347826087,8.214285714285714,sealed_dsv4
4,8,5,35,8,1,0.125,0.00847457627118644,14.75,sealed_dsv4
4,8,5,235,8,1,0.125,0.00847457627118644,14.75,sealed_dsv4
4,8,5,177,8,1,0.125,0.00847457627118644,14.75,sealed_dsv4
4,8,5,167,8,1,0.125,0.00847457627118644,14.75,sealed_dsv4
4,8,5,84,8,1,0.125,0.00847457627118644,14.75,sealed_dsv4
4,8,5,112,8,1,0.125,0.00847457627118644,14.75,sealed_dsv4
4,8,5,59,8,1,0.125,0.00847457627118644,14.75,sealed_dsv4
4,8,5,63,8,1,0.125,0.00847457627118644,14.75,sealed_dsv4
4,8,5,244,8,1,0.125,0.00847457627118644,14.75,sealed_dsv4
4,8,5,192,8,1,0.125,0.00847457627118644,14.75,sealed_dsv4
4,8,5,138,8,1,0.125,0.00847457627118644,14.75,sealed_dsv4
4,8,5,34,8,1,0.125,0.00847457627118644,14.75,sealed_dsv4
4,8,5,140,8,1,0.125,0.025423728813559324,4.916666666666666,sealed_dsv4
4,8,5,65,8,1,0.125,0.01694915254237288,7.375,sealed_dsv4
4,8,5,116,8,1,0.125,0.025423728813559324,4.916666666666666,sealed_dsv4
4,8,5,94,8,1,0.125,0.00847457627118644,14.75,sealed_dsv4
4,8,5,135,8,1,0.125,0.03389830508474576,3.6875,sealed_dsv4
4,8,5,120,8,1,0.125,0.0423728813559322,2.95,sealed_dsv4
4,8,5,243,8,1,0.125,0.00847457627118644,14.75,sealed_dsv4
4,8,5,249,8,1,0.125,0.00847457627118644,14.75,sealed_dsv4
4,8,5,213,8,1,0.125,0.00847457627118644,14.75,sealed_dsv4
4,8,5,10,8,1,0.125,0.00847457627118644,14.75,sealed_dsv4
4,8,5,80,8,1,0.125,0.00847457627118644,14.75,sealed_dsv4
4,46,5,35,9,1,0.1111111111111111,0.00847457627118644,13.11111111111111,sealed_dsv4
4,46,5,235,9,1,0.1111111111111111,0.00847457627118644,13.11111111111111,sealed_dsv4
4,46,5,177,9,1,0.1111111111111111,0.00847457627118644,13.11111111111111,sealed_dsv4
4,46,5,167,9,1,0.1111111111111111,0.00847457627118644,13.11111111111111,sealed_dsv4
4,46,5,84,9,1,0.1111111111111111,0.00847457627118644,13.11111111111111,sealed_dsv4
4,46,5,112,9,1,0.1111111111111111,0.00847457627118644,13.11111111111111,sealed_dsv4
4,46,5,59,9,1,0.1111111111111111,0.00847457627118644,13.11111111111111,sealed_dsv4
4,46,5,63,9,1,0.1111111111111111,0.00847457627118644,13.11111111111111,sealed_dsv4
4,46,5,244,9,1,0.1111111111111111,0.00847457627118644,13.11111111111111,sealed_dsv4
4,46,5,192,9,1,0.1111111111111111,0.00847457627118644,13.11111111111111,sealed_dsv4
4,46,5,138,9,1,0.1111111111111111,0.00847457627118644,13.11111111111111,sealed_dsv4
4,46,5,34,9,1,0.1111111111111111,0.00847457627118644,13.11111111111111,sealed_dsv4
4,46,5,140,9,1,0.1111111111111111,0.025423728813559324,4.37037037037037,sealed_dsv4
4,46,5,65,9,1,0.1111111111111111,0.01694915254237288,6.555555555555555,sealed_dsv4
4,46,5,94,9,1,0.1111111111111111,0.00847457627118644,13.11111111111111,sealed_dsv4
4,46,5,243,9,1,0.1111111111111111,0.00847457627118644,13.11111111111111,sealed_dsv4
4,46,5,62,9,1,0.1111111111111111,0.01694915254237288,6.555555555555555,sealed_dsv4
4,46,5,249,9,1,0.1111111111111111,0.00847457627118644,13.11111111111111,sealed_dsv4
4,46,5,213,9,1,0.1111111111111111,0.00847457627118644,13.11111111111111,sealed_dsv4
4,46,5,210,9,1,0.1111111111111111,0.01694915254237288,6.555555555555555,sealed_dsv4
4,46,5,10,9,1,0.1111111111111111,0.00847457627118644,13.11111111111111,sealed_dsv4
4,46,5,80,9,1,0.1111111111111111,0.00847457627118644,13.11111111111111,sealed_dsv4
4,97,5,35,9,1,0.1111111111111111,0.00847457627118644,13.11111111111111,sealed_dsv4
4,97,5,235,9,1,0.1111111111111111,0.00847457627118644,13.11111111111111,sealed_dsv4
4,97,5,177,9,1,0.1111111111111111,0.00847457627118644,13.11111111111111,sealed_dsv4
4,97,5,167,9,1,0.1111111111111111,0.00847457627118644,13.11111111111111,sealed_dsv4
4,97,5,84,9,1,0.1111111111111111,0.00847457627118644,13.11111111111111,sealed_dsv4
4,97,5,112,9,1,0.1111111111111111,0.00847457627118644,13.11111111111111,sealed_dsv4
4,97,5,59,9,1,0.1111111111111111,0.00847457627118644,13.11111111111111,sealed_dsv4
4,97,5,63,9,1,0.1111111111111111,0.00847457627118644,13.11111111111111,sealed_dsv4
4,97,5,244,9,1,0.1111111111111111,0.00847457627118644,13.11111111111111,sealed_dsv4
4,97,5,192,9,1,0.1111111111111111,0.00847457627118644,13.11111111111111,sealed_dsv4
4,97,5,138,9,1,0.1111111111111111,0.00847457627118644,13.11111111111111,sealed_dsv4
4,97,5,34,9,1,0.1111111111111111,0.00847457627118644,13.11111111111111,sealed_dsv4
4,97,5,140,9,1,0.1111111111111111,0.025423728813559324,4.37037037037037,sealed_dsv4
4,97,5,65,9,1,0.1111111111111111,0.01694915254237288,6.555555555555555,sealed_dsv4
4,97,5,116,9,1,0.1111111111111111,0.025423728813559324,4.37037037037037,sealed_dsv4
4,97,5,94,9,1,0.1111111111111111,0.00847457627118644,13.11111111111111,sealed_dsv4
4,97,5,243,9,1,0.1111111111111111,0.00847457627118644,13.11111111111111,sealed_dsv4
4,97,5,249,9,1,0.1111111111111111,0.00847457627118644,13.11111111111111,sealed_dsv4
4,97,5,213,9,1,0.1111111111111111,0.00847457627118644,13.11111111111111,sealed_dsv4
4,97,5,10,9,1,0.1111111111111111,0.00847457627118644,13.11111111111111,sealed_dsv4
4,97,5,80,9,1,0.1111111111111111,0.00847457627118644,13.11111111111111,sealed_dsv4
5,86,6,201,6,1,0.16666666666666666,0.017094017094017096,9.749999999999998,sealed_dsv4
5,86,6,241,6,1,0.16666666666666666,0.008547008547008548,19.499999999999996,sealed_dsv4
5,86,6,72,6,1,0.16666666666666666,0.008547008547008548,19.499999999999996,sealed_dsv4
5,86,6,216,6,1,0.16666666666666666,0.008547008547008548,19.499999999999996,sealed_dsv4
5,86,6,20,6,1,0.16666666666666666,0.008547008547008548,19.499999999999996,sealed_dsv4
5,86,6,136,6,1,0.16666666666666666,0.008547008547008548,19.499999999999996,sealed_dsv4
5,86,6,76,6,1,0.16666666666666666,0.008547008547008548,19.499999999999996,sealed_dsv4
5,86,6,227,6,1,0.16666666666666666,0.008547008547008548,19.499999999999996,sealed_dsv4
5,86,6,181,6,1,0.16666666666666666,0.008547008547008548,19.499999999999996,sealed_dsv4
5,86,6,15,6,1,0.16666666666666666,0.008547008547008548,19.499999999999996,sealed_dsv4
5,86,6,30,6,1,0.16666666666666666,0.017094017094017096,9.749999999999998,sealed_dsv4
5,86,6,39,6,1,0.16666666666666666,0.08547008547008547,1.95,sealed_dsv4
5,86,6,236,6,1,0.16666666666666666,0.008547008547008548,19.499999999999996,sealed_dsv4
5,86,6,99,6,1,0.16666666666666666,0.008547008547008548,19.499999999999996,sealed_dsv4
5,86,6,252,6,1,0.16666666666666666,0.05128205128205128,3.25,sealed_dsv4
5,86,6,6,6,1,0.16666666666666666,0.02564102564102564,6.5,sealed_dsv4
5,86,6,35,6,1,0.16666666666666666,0.017094017094017096,9.749999999999998,sealed_dsv4
5,86,6,4,6,1,0.16666666666666666,0.008547008547008548,19.499999999999996,sealed_dsv4
5,86,6,190,6,1,0.16666666666666666,0.008547008547008548,19.499999999999996,sealed_dsv4
5,46,6,56,5,1,0.2,0.02564102564102564,7.800000000000001,sealed_dsv4
5,46,6,201,5,1,0.2,0.017094017094017096,11.7,sealed_dsv4
5,46,6,241,5,1,0.2,0.008547008547008548,23.4,sealed_dsv4
5,46,6,80,5,1,0.2,0.017094017094017096,11.7,sealed_dsv4
5,46,6,72,5,1,0.2,0.008547008547008548,23.4,sealed_dsv4
5,46,6,216,5,1,0.2,0.008547008547008548,23.4,sealed_dsv4
5,46,6,20,5,1,0.2,0.008547008547008548,23.4,sealed_dsv4
5,46,6,136,5,1,0.2,0.008547008547008548,23.4,sealed_dsv4
5,46,6,76,5,1,0.2,0.008547008547008548,23.4,sealed_dsv4
5,46,6,227,5,1,0.2,0.008547008547008548,23.4,sealed_dsv4
5,46,6,181,5,1,0.2,0.008547008547008548,23.4,sealed_dsv4
5,46,6,15,5,1,0.2,0.008547008547008548,23.4,sealed_dsv4
5,46,6,236,5,1,0.2,0.008547008547008548,23.4,sealed_dsv4
5,46,6,99,5,1,0.2,0.008547008547008548,23.4,sealed_dsv4
5,46,6,4,5,1,0.2,0.008547008547008548,23.4,sealed_dsv4
5,46,6,8,5,1,0.2,0.02564102564102564,7.800000000000001,sealed_dsv4
5,46,6,138,5,1,0.2,0.05982905982905983,3.342857142857143,sealed_dsv4
5,46,6,190,5,1,0.2,0.008547008547008548,23.4,sealed_dsv4
5,120,6,56,5,1,0.2,0.02564102564102564,7.800000000000001,sealed_dsv4
5,120,6,201,5,1,0.2,0.017094017094017096,11.7,sealed_dsv4
5,120,6,241,5,1,0.2,0.008547008547008548,23.4,sealed_dsv4
5,120,6,80,5,1,0.2,0.017094017094017096,11.7,sealed_dsv4
5,120,6,72,5,1,0.2,0.008547008547008548,23.4,sealed_dsv4
5,120,6,216,5,1,0.2,0.008547008547008548,23.4,sealed_dsv4
5,120,6,20,5,1,0.2,0.008547008547008548,23.4,sealed_dsv4
5,120,6,136,5,1,0.2,0.008547008547008548,23.4,sealed_dsv4
5,120,6,76,5,1,0.2,0.008547008547008548,23.4,sealed_dsv4
5,120,6,227,5,1,0.2,0.008547008547008548,23.4,sealed_dsv4
5,120,6,181,5,1,0.2,0.008547008547008548,23.4,sealed_dsv4
5,120,6,15,5,1,0.2,0.008547008547008548,23.4,sealed_dsv4
5,120,6,111,5,1,0.2,0.06837606837606838,2.925,sealed_dsv4
5,120,6,30,5,1,0.2,0.017094017094017096,11.7,sealed_dsv4
5,120,6,236,5,1,0.2,0.008547008547008548,23.4,sealed_dsv4
5,120,6,99,5,1,0.2,0.008547008547008548,23.4,sealed_dsv4
5,120,6,4,5,1,0.2,0.008547008547008548,23.4,sealed_dsv4
5,120,6,8,5,1,0.2,0.02564102564102564,7.800000000000001,sealed_dsv4
5,120,6,138,5,1,0.2,0.05982905982905983,3.342857142857143,sealed_dsv4
5,120,6,1,5,1,0.2,0.05128205128205128,3.9000000000000004,sealed_dsv4
5,120,6,190,5,1,0.2,0.008547008547008548,23.4,sealed_dsv4
5,52,6,201,14,1,0.07142857142857142,0.017094017094017096,4.178571428571428,sealed_dsv4
5,52,6,241,14,1,0.07142857142857142,0.008547008547008548,8.357142857142856,sealed_dsv4
5,52,6,72,14,1,0.07142857142857142,0.008547008547008548,8.357142857142856,sealed_dsv4
5,52,6,216,14,1,0.07142857142857142,0.008547008547008548,8.357142857142856,sealed_dsv4
5,52,6,20,14,1,0.07142857142857142,0.008547008547008548,8.357142857142856,sealed_dsv4
5,52,6,136,14,1,0.07142857142857142,0.008547008547008548,8.357142857142856,sealed_dsv4
5,52,6,76,14,1,0.07142857142857142,0.008547008547008548,8.357142857142856,sealed_dsv4
5,52,6,227,14,1,0.07142857142857142,0.008547008547008548,8.357142857142856,sealed_dsv4
5,52,6,181,14,1,0.07142857142857142,0.008547008547008548,8.357142857142856,sealed_dsv4
5,52,6,15,14,1,0.07142857142857142,0.008547008547008548,8.357142857142856,sealed_dsv4
5,52,6,236,14,1,0.07142857142857142,0.008547008547008548,8.357142857142856,sealed_dsv4
5,52,6,99,14,1,0.07142857142857142,0.008547008547008548,8.357142857142856,sealed_dsv4
5,52,6,4,14,1,0.07142857142857142,0.008547008547008548,8.357142857142856,sealed_dsv4
5,52,6,190,14,1,0.07142857142857142,0.008547008547008548,8.357142857142856,sealed_dsv4
6,53,7,8,10,1,0.1,0.008264462809917356,12.1,sealed_dsv4
6,53,7,56,10,1,0.1,0.008264462809917356,12.1,sealed_dsv4
6,53,7,26,10,1,0.1,0.008264462809917356,12.1,sealed_dsv4
6,53,7,142,10,1,0.1,0.008264462809917356,12.1,sealed_dsv4
6,53,7,188,10,1,0.1,0.008264462809917356,12.1,sealed_dsv4
6,53,7,169,10,1,0.1,0.008264462809917356,12.1,sealed_dsv4
6,53,7,100,10,1,0.1,0.008264462809917356,12.1,sealed_dsv4
6,53,7,237,10,1,0.1,0.008264462809917356,12.1,sealed_dsv4
6,53,7,182,10,1,0.1,0.008264462809917356,12.1,sealed_dsv4
6,53,7,175,10,1,0.1,0.008264462809917356,12.1,sealed_dsv4
6,53,7,232,10,1,0.1,0.008264462809917356,12.1,sealed_dsv4
6,53,7,39,10,1,0.1,0.008264462809917356,12.1,sealed_dsv4
6,53,7,152,10,1,0.1,0.008264462809917356,12.1,sealed_dsv4
6,53,7,53,10,1,0.1,0.008264462809917356,12.1,sealed_dsv4
6,53,7,177,10,1,0.1,0.008264462809917356,12.1,sealed_dsv4
6,53,7,160,10,1,0.1,0.01652892561983471,6.05,sealed_dsv4
6,53,7,240,10,1,0.1,0.008264462809917356,12.1,sealed_dsv4
6,53,7,244,10,1,0.1,0.008264462809917356,12.1,sealed_dsv4
6,53,7,238,10,1,0.1,0.024793388429752067,4.033333333333333,sealed_dsv4
6,53,7,36,10,1,0.1,0.01652892561983471,6.05,sealed_dsv4
6,53,7,146,10,1,0.1,0.008264462809917356,12.1,sealed_dsv4
6,53,7,205,10,1,0.1,0.008264462809917356,12.1,sealed_dsv4
6,53,7,14,10,1,0.1,0.008264462809917356,12.1,sealed_dsv4
6,53,7,147,10,1,0.1,0.008264462809917356,12.1,sealed_dsv4
6,111,7,8,8,1,0.125,0.008264462809917356,15.125,sealed_dsv4
6,111,7,56,8,1,0.125,0.008264462809917356,15.125,sealed_dsv4
6,111,7,26,8,1,0.125,0.008264462809917356,15.125,sealed_dsv4
6,111,7,142,8,1,0.125,0.008264462809917356,15.125,sealed_dsv4
6,111,7,188,8,1,0.125,0.008264462809917356,15.125,sealed_dsv4
6,111,7,169,8,1,0.125,0.008264462809917356,15.125,sealed_dsv4
6,111,7,100,8,1,0.125,0.008264462809917356,15.125,sealed_dsv4
6,111,7,237,8,1,0.125,0.008264462809917356,15.125,sealed_dsv4
6,111,7,182,8,1,0.125,0.008264462809917356,15.125,sealed_dsv4
6,111,7,175,8,1,0.125,0.008264462809917356,15.125,sealed_dsv4
6,111,7,232,8,1,0.125,0.008264462809917356,15.125,sealed_dsv4
6,111,7,39,8,1,0.125,0.008264462809917356,15.125,sealed_dsv4
6,111,7,152,8,1,0.125,0.008264462809917356,15.125,sealed_dsv4
6,111,7,53,8,1,0.125,0.008264462809917356,15.125,sealed_dsv4
6,111,7,177,8,1,0.125,0.008264462809917356,15.125,sealed_dsv4
6,111,7,160,8,1,0.125,0.01652892561983471,7.5625,sealed_dsv4
6,111,7,240,8,1,0.125,0.008264462809917356,15.125,sealed_dsv4
6,111,7,244,8,1,0.125,0.008264462809917356,15.125,sealed_dsv4
6,111,7,133,8,1,0.125,0.05785123966942149,2.1607142857142856,sealed_dsv4
6,111,7,238,8,1,0.125,0.024793388429752067,5.041666666666667,sealed_dsv4
6,111,7,36,8,1,0.125,0.01652892561983471,7.5625,sealed_dsv4
6,111,7,146,8,1,0.125,0.008264462809917356,15.125,sealed_dsv4
6,111,7,205,8,1,0.125,0.008264462809917356,15.125,sealed_dsv4
6,111,7,14,8,1,0.125,0.008264462809917356,15.125,sealed_dsv4
6,111,7,147,8,1,0.125,0.008264462809917356,15.125,sealed_dsv4
6,39,7,8,10,1,0.1,0.008264462809917356,12.1,sealed_dsv4
6,39,7,56,10,1,0.1,0.008264462809917356,12.1,sealed_dsv4
6,39,7,26,10,1,0.1,0.008264462809917356,12.1,sealed_dsv4
6,39,7,142,10,1,0.1,0.008264462809917356,12.1,sealed_dsv4
6,39,7,188,10,1,0.1,0.008264462809917356,12.1,sealed_dsv4
6,39,7,169,10,1,0.1,0.008264462809917356,12.1,sealed_dsv4
6,39,7,100,10,1,0.1,0.008264462809917356,12.1,sealed_dsv4
6,39,7,237,10,1,0.1,0.008264462809917356,12.1,sealed_dsv4
6,39,7,182,10,1,0.1,0.008264462809917356,12.1,sealed_dsv4
6,39,7,175,10,1,0.1,0.008264462809917356,12.1,sealed_dsv4
6,39,7,232,10,1,0.1,0.008264462809917356,12.1,sealed_dsv4
6,39,7,39,10,1,0.1,0.008264462809917356,12.1,sealed_dsv4
6,39,7,168,10,1,0.1,0.01652892561983471,6.05,sealed_dsv4
6,39,7,152,10,1,0.1,0.008264462809917356,12.1,sealed_dsv4
6,39,7,53,10,1,0.1,0.008264462809917356,12.1,sealed_dsv4
6,39,7,177,10,1,0.1,0.008264462809917356,12.1,sealed_dsv4
6,39,7,240,10,1,0.1,0.008264462809917356,12.1,sealed_dsv4
6,39,7,244,10,1,0.1,0.008264462809917356,12.1,sealed_dsv4
6,39,7,146,10,1,0.1,0.008264462809917356,12.1,sealed_dsv4
6,39,7,205,10,1,0.1,0.008264462809917356,12.1,sealed_dsv4
6,39,7,233,10,1,0.1,0.03305785123966942,3.025,sealed_dsv4
6,39,7,14,10,1,0.1,0.008264462809917356,12.1,sealed_dsv4
6,39,7,147,10,1,0.1,0.008264462809917356,12.1,sealed_dsv4
6,252,7,8,6,1,0.16666666666666666,0.008264462809917356,20.166666666666664,sealed_dsv4
6,252,7,56,6,1,0.16666666666666666,0.008264462809917356,20.166666666666664,sealed_dsv4
6,252,7,26,6,1,0.16666666666666666,0.008264462809917356,20.166666666666664,sealed_dsv4
6,252,7,142,6,1,0.16666666666666666,0.008264462809917356,20.166666666666664,sealed_dsv4
6,252,7,188,6,1,0.16666666666666666,0.008264462809917356,20.166666666666664,sealed_dsv4
6,252,7,169,6,1,0.16666666666666666,0.008264462809917356,20.166666666666664,sealed_dsv4
6,252,7,100,6,1,0.16666666666666666,0.008264462809917356,20.166666666666664,sealed_dsv4
6,252,7,237,6,1,0.16666666666666666,0.008264462809917356,20.166666666666664,sealed_dsv4
6,252,7,182,6,1,0.16666666666666666,0.008264462809917356,20.166666666666664,sealed_dsv4
6,252,7,175,6,1,0.16666666666666666,0.008264462809917356,20.166666666666664,sealed_dsv4
6,252,7,232,6,1,0.16666666666666666,0.008264462809917356,20.166666666666664,sealed_dsv4
6,252,7,39,6,1,0.16666666666666666,0.008264462809917356,20.166666666666664,sealed_dsv4
6,252,7,168,6,1,0.16666666666666666,0.01652892561983471,10.083333333333332,sealed_dsv4
6,252,7,152,6,1,0.16666666666666666,0.008264462809917356,20.166666666666664,sealed_dsv4
6,252,7,53,6,1,0.16666666666666666,0.008264462809917356,20.166666666666664,sealed_dsv4
6,252,7,177,6,1,0.16666666666666666,0.008264462809917356,20.166666666666664,sealed_dsv4
6,252,7,160,6,1,0.16666666666666666,0.01652892561983471,10.083333333333332,sealed_dsv4
6,252,7,240,6,1,0.16666666666666666,0.008264462809917356,20.166666666666664,sealed_dsv4
6,252,7,244,6,1,0.16666666666666666,0.008264462809917356,20.166666666666664,sealed_dsv4
6,252,7,140,6,1,0.16666666666666666,0.06611570247933884,2.520833333333333,sealed_dsv4
6,252,7,146,6,1,0.16666666666666666,0.008264462809917356,20.166666666666664,sealed_dsv4
6,252,7,205,6,1,0.16666666666666666,0.008264462809917356,20.166666666666664,sealed_dsv4
6,252,7,66,6,1,0.16666666666666666,0.01652892561983471,10.083333333333332,sealed_dsv4
6,252,7,233,6,1,0.16666666666666666,0.03305785123966942,5.041666666666666,sealed_dsv4
6,252,7,14,6,1,0.16666666666666666,0.008264462809917356,20.166666666666664,sealed_dsv4
6,252,7,147,6,1,0.16666666666666666,0.008264462809917356,20.166666666666664,sealed_dsv4
6,138,7,8,7,1,0.14285714285714285,0.008264462809917356,17.285714285714285,sealed_dsv4
6,138,7,56,7,1,0.14285714285714285,0.008264462809917356,17.285714285714285,sealed_dsv4
6,138,7,26,7,1,0.14285714285714285,0.008264462809917356,17.285714285714285,sealed_dsv4
6,138,7,142,7,1,0.14285714285714285,0.008264462809917356,17.285714285714285,sealed_dsv4
6,138,7,188,7,1,0.14285714285714285,0.008264462809917356,17.285714285714285,sealed_dsv4
6,138,7,169,7,1,0.14285714285714285,0.008264462809917356,17.285714285714285,sealed_dsv4
6,138,7,100,7,1,0.14285714285714285,0.008264462809917356,17.285714285714285,sealed_dsv4
6,138,7,237,7,1,0.14285714285714285,0.008264462809917356,17.285714285714285,sealed_dsv4
6,138,7,182,7,1,0.14285714285714285,0.008264462809917356,17.285714285714285,sealed_dsv4
6,138,7,175,7,1,0.14285714285714285,0.008264462809917356,17.285714285714285,sealed_dsv4
6,138,7,232,7,1,0.14285714285714285,0.008264462809917356,17.285714285714285,sealed_dsv4
6,138,7,39,7,1,0.14285714285714285,0.008264462809917356,17.285714285714285,sealed_dsv4
6,138,7,152,7,1,0.14285714285714285,0.008264462809917356,17.285714285714285,sealed_dsv4
6,138,7,53,7,1,0.14285714285714285,0.008264462809917356,17.285714285714285,sealed_dsv4
6,138,7,177,7,1,0.14285714285714285,0.008264462809917356,17.285714285714285,sealed_dsv4
6,138,7,160,7,1,0.14285714285714285,0.01652892561983471,8.642857142857142,sealed_dsv4
6,138,7,240,7,1,0.14285714285714285,0.008264462809917356,17.285714285714285,sealed_dsv4
6,138,7,244,7,1,0.14285714285714285,0.008264462809917356,17.285714285714285,sealed_dsv4
6,138,7,133,7,1,0.14285714285714285,0.05785123966942149,2.4693877551020407,sealed_dsv4
6,138,7,238,7,1,0.14285714285714285,0.024793388429752067,5.761904761904762,sealed_dsv4
6,138,7,95,7,1,0.14285714285714285,0.0743801652892562,1.9206349206349205,sealed_dsv4
6,138,7,36,7,1,0.14285714285714285,0.01652892561983471,8.642857142857142,sealed_dsv4
6,138,7,146,7,1,0.14285714285714285,0.008264462809917356,17.285714285714285,sealed_dsv4
6,138,7,205,7,1,0.14285714285714285,0.008264462809917356,17.285714285714285,sealed_dsv4
6,138,7,66,7,1,0.14285714285714285,0.01652892561983471,8.642857142857142,sealed_dsv4
6,138,7,14,7,1,0.14285714285714285,0.008264462809917356,17.285714285714285,sealed_dsv4
6,138,7,147,7,1,0.14285714285714285,0.008264462809917356,17.285714285714285,sealed_dsv4
6,1,7,8,6,1,0.16666666666666666,0.008264462809917356,20.166666666666664,sealed_dsv4
6,1,7,56,6,1,0.16666666666666666,0.008264462809917356,20.166666666666664,sealed_dsv4
6,1,7,26,6,1,0.16666666666666666,0.008264462809917356,20.166666666666664,sealed_dsv4
6,1,7,142,6,1,0.16666666666666666,0.008264462809917356,20.166666666666664,sealed_dsv4
6,1,7,188,6,1,0.16666666666666666,0.008264462809917356,20.166666666666664,sealed_dsv4
6,1,7,169,6,1,0.16666666666666666,0.008264462809917356,20.166666666666664,sealed_dsv4
6,1,7,100,6,1,0.16666666666666666,0.008264462809917356,20.166666666666664,sealed_dsv4
6,1,7,237,6,1,0.16666666666666666,0.008264462809917356,20.166666666666664,sealed_dsv4
6,1,7,182,6,1,0.16666666666666666,0.008264462809917356,20.166666666666664,sealed_dsv4
6,1,7,175,6,1,0.16666666666666666,0.008264462809917356,20.166666666666664,sealed_dsv4
6,1,7,232,6,1,0.16666666666666666,0.008264462809917356,20.166666666666664,sealed_dsv4
6,1,7,39,6,1,0.16666666666666666,0.008264462809917356,20.166666666666664,sealed_dsv4
6,1,7,168,6,1,0.16666666666666666,0.01652892561983471,10.083333333333332,sealed_dsv4
6,1,7,152,6,1,0.16666666666666666,0.008264462809917356,20.166666666666664,sealed_dsv4
6,1,7,53,6,1,0.16666666666666666,0.008264462809917356,20.166666666666664,sealed_dsv4
6,1,7,177,6,1,0.16666666666666666,0.008264462809917356,20.166666666666664,sealed_dsv4
6,1,7,160,6,1,0.16666666666666666,0.01652892561983471,10.083333333333332,sealed_dsv4
6,1,7,240,6,1,0.16666666666666666,0.008264462809917356,20.166666666666664,sealed_dsv4
6,1,7,244,6,1,0.16666666666666666,0.008264462809917356,20.166666666666664,sealed_dsv4
6,1,7,133,6,1,0.16666666666666666,0.05785123966942149,2.880952380952381,sealed_dsv4
6,1,7,238,6,1,0.16666666666666666,0.024793388429752067,6.722222222222221,sealed_dsv4
6,1,7,36,6,1,0.16666666666666666,0.01652892561983471,10.083333333333332,sealed_dsv4
6,1,7,146,6,1,0.16666666666666666,0.008264462809917356,20.166666666666664,sealed_dsv4
6,1,7,205,6,1,0.16666666666666666,0.008264462809917356,20.166666666666664,sealed_dsv4
6,1,7,14,6,1,0.16666666666666666,0.008264462809917356,20.166666666666664,sealed_dsv4
6,1,7,147,6,1,0.16666666666666666,0.008264462809917356,20.166666666666664,sealed_dsv4
6,16,7,8,10,1,0.1,0.008264462809917356,12.1,sealed_dsv4
6,16,7,56,10,1,0.1,0.008264462809917356,12.1,sealed_dsv4
6,16,7,26,10,1,0.1,0.008264462809917356,12.1,sealed_dsv4
6,16,7,142,10,1,0.1,0.008264462809917356,12.1,sealed_dsv4
6,16,7,188,10,1,0.1,0.008264462809917356,12.1,sealed_dsv4
6,16,7,169,10,1,0.1,0.008264462809917356,12.1,sealed_dsv4
6,16,7,100,10,1,0.1,0.008264462809917356,12.1,sealed_dsv4
6,16,7,237,10,1,0.1,0.008264462809917356,12.1,sealed_dsv4
6,16,7,182,10,1,0.1,0.008264462809917356,12.1,sealed_dsv4
6,16,7,175,10,1,0.1,0.008264462809917356,12.1,sealed_dsv4
6,16,7,232,10,1,0.1,0.008264462809917356,12.1,sealed_dsv4
6,16,7,39,10,1,0.1,0.008264462809917356,12.1,sealed_dsv4
6,16,7,152,10,1,0.1,0.008264462809917356,12.1,sealed_dsv4
6,16,7,53,10,1,0.1,0.008264462809917356,12.1,sealed_dsv4
6,16,7,177,10,1,0.1,0.008264462809917356,12.1,sealed_dsv4
6,16,7,160,10,1,0.1,0.01652892561983471,6.05,sealed_dsv4
6,16,7,240,10,1,0.1,0.008264462809917356,12.1,sealed_dsv4
6,16,7,244,10,1,0.1,0.008264462809917356,12.1,sealed_dsv4
6,16,7,36,10,1,0.1,0.01652892561983471,6.05,sealed_dsv4
6,16,7,146,10,1,0.1,0.008264462809917356,12.1,sealed_dsv4
6,16,7,205,10,1,0.1,0.008264462809917356,12.1,sealed_dsv4
6,16,7,14,10,1,0.1,0.008264462809917356,12.1,sealed_dsv4
6,16,7,147,10,1,0.1,0.008264462809917356,12.1,sealed_dsv4
7,141,8,238,14,1,0.07142857142857142,0.008547008547008548,8.357142857142856,sealed_dsv4
7,141,8,157,14,1,0.07142857142857142,0.008547008547008548,8.357142857142856,sealed_dsv4
7,141,8,219,14,1,0.07142857142857142,0.008547008547008548,8.357142857142856,sealed_dsv4
7,141,8,18,14,1,0.07142857142857142,0.008547008547008548,8.357142857142856,sealed_dsv4
7,141,8,4,14,1,0.07142857142857142,0.008547008547008548,8.357142857142856,sealed_dsv4
7,141,8,177,14,1,0.07142857142857142,0.008547008547008548,8.357142857142856,sealed_dsv4
7,141,8,174,14,1,0.07142857142857142,0.008547008547008548,8.357142857142856,sealed_dsv4
7,141,8,24,14,1,0.07142857142857142,0.008547008547008548,8.357142857142856,sealed_dsv4
7,141,8,53,14,1,0.07142857142857142,0.008547008547008548,8.357142857142856,sealed_dsv4
7,141,8,131,14,1,0.07142857142857142,0.008547008547008548,8.357142857142856,sealed_dsv4
7,141,8,103,14,1,0.07142857142857142,0.017094017094017096,4.178571428571428,sealed_dsv4
7,141,8,110,14,1,0.07142857142857142,0.008547008547008548,8.357142857142856,sealed_dsv4
7,141,8,188,14,1,0.07142857142857142,0.008547008547008548,8.357142857142856,sealed_dsv4
7,141,8,251,14,1,0.07142857142857142,0.008547008547008548,8.357142857142856,sealed_dsv4
7,141,8,70,14,1,0.07142857142857142,0.008547008547008548,8.357142857142856,sealed_dsv4
7,141,8,83,14,1,0.07142857142857142,0.008547008547008548,8.357142857142856,sealed_dsv4
7,141,8,84,14,1,0.07142857142857142,0.008547008547008548,8.357142857142856,sealed_dsv4
7,141,8,197,14,1,0.07142857142857142,0.008547008547008548,8.357142857142856,sealed_dsv4
7,133,8,20,7,1,0.14285714285714285,0.017094017094017096,8.357142857142856,sealed_dsv4
7,133,8,238,7,1,0.14285714285714285,0.008547008547008548,16.71428571428571,sealed_dsv4
7,133,8,157,7,1,0.14285714285714285,0.008547008547008548,16.71428571428571,sealed_dsv4
7,133,8,219,7,1,0.14285714285714285,0.008547008547008548,16.71428571428571,sealed_dsv4
7,133,8,18,7,1,0.14285714285714285,0.008547008547008548,16.71428571428571,sealed_dsv4
7,133,8,4,7,1,0.14285714285714285,0.008547008547008548,16.71428571428571,sealed_dsv4
7,133,8,177,7,1,0.14285714285714285,0.008547008547008548,16.71428571428571,sealed_dsv4
7,133,8,174,7,1,0.14285714285714285,0.008547008547008548,16.71428571428571,sealed_dsv4
7,133,8,24,7,1,0.14285714285714285,0.008547008547008548,16.71428571428571,sealed_dsv4
7,133,8,53,7,1,0.14285714285714285,0.008547008547008548,16.71428571428571,sealed_dsv4
7,133,8,131,7,1,0.14285714285714285,0.008547008547008548,16.71428571428571,sealed_dsv4
7,133,8,103,7,1,0.14285714285714285,0.017094017094017096,8.357142857142856,sealed_dsv4
7,133,8,110,7,1,0.14285714285714285,0.008547008547008548,16.71428571428571,sealed_dsv4
7,133,8,146,7,1,0.14285714285714285,0.05982905982905983,2.387755102040816,sealed_dsv4
7,133,8,188,7,1,0.14285714285714285,0.008547008547008548,16.71428571428571,sealed_dsv4
7,133,8,251,7,1,0.14285714285714285,0.008547008547008548,16.71428571428571,sealed_dsv4
7,133,8,70,7,1,0.14285714285714285,0.008547008547008548,16.71428571428571,sealed_dsv4
7,133,8,28,7,1,0.14285714285714285,0.042735042735042736,3.3428571428571425,sealed_dsv4
7,133,8,115,7,1,0.14285714285714285,0.06837606837606838,2.089285714285714,sealed_dsv4
7,133,8,83,7,1,0.14285714285714285,0.008547008547008548,16.71428571428571,sealed_dsv4
7,133,8,84,7,1,0.14285714285714285,0.008547008547008548,16.71428571428571,sealed_dsv4
7,133,8,197,7,1,0.14285714285714285,0.008547008547008548,16.71428571428571,sealed_dsv4
7,95,8,20,9,1,0.1111111111111111,0.017094017094017096,6.499999999999999,sealed_dsv4
7,95,8,238,9,1,0.1111111111111111,0.008547008547008548,12.999999999999998,sealed_dsv4
7,95,8,157,9,1,0.1111111111111111,0.008547008547008548,12.999999999999998,sealed_dsv4
7,95,8,219,9,1,0.1111111111111111,0.008547008547008548,12.999999999999998,sealed_dsv4
7,95,8,18,9,1,0.1111111111111111,0.008547008547008548,12.999999999999998,sealed_dsv4
7,95,8,4,9,1,0.1111111111111111,0.008547008547008548,12.999999999999998,sealed_dsv4
7,95,8,177,9,1,0.1111111111111111,0.008547008547008548,12.999999999999998,sealed_dsv4
7,95,8,174,9,1,0.1111111111111111,0.008547008547008548,12.999999999999998,sealed_dsv4
7,95,8,24,9,1,0.1111111111111111,0.008547008547008548,12.999999999999998,sealed_dsv4
7,95,8,53,9,1,0.1111111111111111,0.008547008547008548,12.999999999999998,sealed_dsv4
7,95,8,131,9,1,0.1111111111111111,0.008547008547008548,12.999999999999998,sealed_dsv4
7,95,8,103,9,1,0.1111111111111111,0.017094017094017096,6.499999999999999,sealed_dsv4
7,95,8,110,9,1,0.1111111111111111,0.008547008547008548,12.999999999999998,sealed_dsv4
7,95,8,188,9,1,0.1111111111111111,0.008547008547008548,12.999999999999998,sealed_dsv4
7,95,8,251,9,1,0.1111111111111111,0.008547008547008548,12.999999999999998,sealed_dsv4
7,95,8,70,9,1,0.1111111111111111,0.008547008547008548,12.999999999999998,sealed_dsv4
7,95,8,111,9,1,0.1111111111111111,0.03418803418803419,3.2499999999999996,sealed_dsv4
7,95,8,83,9,1,0.1111111111111111,0.008547008547008548,12.999999999999998,sealed_dsv4
7,95,8,84,9,1,0.1111111111111111,0.008547008547008548,12.999999999999998,sealed_dsv4
7,95,8,197,9,1,0.1111111111111111,0.008547008547008548,12.999999999999998,sealed_dsv4
7,140,8,238,8,1,0.125,0.008547008547008548,14.624999999999998,sealed_dsv4
7,140,8,157,8,1,0.125,0.008547008547008548,14.624999999999998,sealed_dsv4
7,140,8,219,8,1,0.125,0.008547008547008548,14.624999999999998,sealed_dsv4
7,140,8,18,8,1,0.125,0.008547008547008548,14.624999999999998,sealed_dsv4
7,140,8,4,8,1,0.125,0.008547008547008548,14.624999999999998,sealed_dsv4
7,140,8,177,8,1,0.125,0.008547008547008548,14.624999999999998,sealed_dsv4
7,140,8,174,8,1,0.125,0.008547008547008548,14.624999999999998,sealed_dsv4
7,140,8,24,8,1,0.125,0.008547008547008548,14.624999999999998,sealed_dsv4
7,140,8,53,8,1,0.125,0.008547008547008548,14.624999999999998,sealed_dsv4
7,140,8,131,8,1,0.125,0.008547008547008548,14.624999999999998,sealed_dsv4
7,140,8,110,8,1,0.125,0.008547008547008548,14.624999999999998,sealed_dsv4
7,140,8,188,8,1,0.125,0.008547008547008548,14.624999999999998,sealed_dsv4
7,140,8,251,8,1,0.125,0.008547008547008548,14.624999999999998,sealed_dsv4
7,140,8,70,8,1,0.125,0.008547008547008548,14.624999999999998,sealed_dsv4
7,140,8,189,8,1,0.125,0.06837606837606838,1.8281249999999998,sealed_dsv4
7,140,8,83,8,1,0.125,0.008547008547008548,14.624999999999998,sealed_dsv4
7,140,8,84,8,1,0.125,0.008547008547008548,14.624999999999998,sealed_dsv4
7,140,8,197,8,1,0.125,0.008547008547008548,14.624999999999998,sealed_dsv4
8,146,9,72,7,1,0.14285714285714285,0.008333333333333333,17.142857142857142,sealed_dsv4
8,146,9,181,7,1,0.14285714285714285,0.016666666666666666,8.571428571428571,sealed_dsv4
8,146,9,40,7,1,0.14285714285714285,0.008333333333333333,17.142857142857142,sealed_dsv4
8,146,9,120,7,1,0.14285714285714285,0.008333333333333333,17.142857142857142,sealed_dsv4
8,146,9,46,7,1,0.14285714285714285,0.025,5.7142857142857135,sealed_dsv4
8,146,9,223,7,1,0.14285714285714285,0.016666666666666666,8.571428571428571,sealed_dsv4
8,146,9,32,7,1,0.14285714285714285,0.008333333333333333,17.142857142857142,sealed_dsv4
8,146,9,169,7,1,0.14285714285714285,0.008333333333333333,17.142857142857142,sealed_dsv4
8,146,9,101,7,1,0.14285714285714285,0.008333333333333333,17.142857142857142,sealed_dsv4
8,146,9,144,7,1,0.14285714285714285,0.008333333333333333,17.142857142857142,sealed_dsv4
8,146,9,49,7,1,0.14285714285714285,0.008333333333333333,17.142857142857142,sealed_dsv4
8,146,9,209,7,1,0.14285714285714285,0.008333333333333333,17.142857142857142,sealed_dsv4
8,146,9,173,7,1,0.14285714285714285,0.008333333333333333,17.142857142857142,sealed_dsv4
8,146,9,220,7,1,0.14285714285714285,0.016666666666666666,8.571428571428571,sealed_dsv4
8,146,9,158,7,1,0.14285714285714285,0.008333333333333333,17.142857142857142,sealed_dsv4
8,146,9,138,7,1,0.14285714285714285,0.008333333333333333,17.142857142857142,sealed_dsv4
8,146,9,255,7,1,0.14285714285714285,0.008333333333333333,17.142857142857142,sealed_dsv4
8,146,9,207,7,1,0.14285714285714285,0.016666666666666666,8.571428571428571,sealed_dsv4
8,146,9,36,7,1,0.14285714285714285,0.008333333333333333,17.142857142857142,sealed_dsv4
8,146,9,191,7,1,0.14285714285714285,0.016666666666666666,8.571428571428571,sealed_dsv4
8,146,9,199,7,1,0.14285714285714285,0.008333333333333333,17.142857142857142,sealed_dsv4
8,146,9,238,7,1,0.14285714285714285,0.008333333333333333,17.142857142857142,sealed_dsv4
8,146,9,11,7,1,0.14285714285714285,0.008333333333333333,17.142857142857142,sealed_dsv4
8,71,9,72,9,1,0.1111111111111111,0.008333333333333333,13.333333333333332,sealed_dsv4
8,71,9,40,9,1,0.1111111111111111,0.008333333333333333,13.333333333333332,sealed_dsv4
8,71,9,120,9,1,0.1111111111111111,0.008333333333333333,13.333333333333332,sealed_dsv4
8,71,9,32,9,1,0.1111111111111111,0.008333333333333333,13.333333333333332,sealed_dsv4
8,71,9,169,9,1,0.1111111111111111,0.008333333333333333,13.333333333333332,sealed_dsv4
8,71,9,101,9,1,0.1111111111111111,0.008333333333333333,13.333333333333332,sealed_dsv4
8,71,9,144,9,1,0.1111111111111111,0.008333333333333333,13.333333333333332,sealed_dsv4
8,71,9,49,9,1,0.1111111111111111,0.008333333333333333,13.333333333333332,sealed_dsv4
8,71,9,209,9,1,0.1111111111111111,0.008333333333333333,13.333333333333332,sealed_dsv4
8,71,9,173,9,1,0.1111111111111111,0.008333333333333333,13.333333333333332,sealed_dsv4
8,71,9,158,9,1,0.1111111111111111,0.008333333333333333,13.333333333333332,sealed_dsv4
8,71,9,138,9,1,0.1111111111111111,0.008333333333333333,13.333333333333332,sealed_dsv4
8,71,9,255,9,1,0.1111111111111111,0.008333333333333333,13.333333333333332,sealed_dsv4
8,71,9,36,9,1,0.1111111111111111,0.008333333333333333,13.333333333333332,sealed_dsv4
8,71,9,235,9,1,0.1111111111111111,0.016666666666666666,6.666666666666666,sealed_dsv4
8,71,9,199,9,1,0.1111111111111111,0.008333333333333333,13.333333333333332,sealed_dsv4
8,71,9,238,9,1,0.1111111111111111,0.008333333333333333,13.333333333333332,sealed_dsv4
8,71,9,11,9,1,0.1111111111111111,0.008333333333333333,13.333333333333332,sealed_dsv4
8,16,9,72,11,1,0.09090909090909091,0.008333333333333333,10.90909090909091,sealed_dsv4
8,16,9,40,11,1,0.09090909090909091,0.008333333333333333,10.90909090909091,sealed_dsv4
8,16,9,120,11,1,0.09090909090909091,0.008333333333333333,10.90909090909091,sealed_dsv4
8,16,9,32,11,1,0.09090909090909091,0.008333333333333333,10.90909090909091,sealed_dsv4
8,16,9,169,11,1,0.09090909090909091,0.008333333333333333,10.90909090909091,sealed_dsv4
8,16,9,101,11,1,0.09090909090909091,0.008333333333333333,10.90909090909091,sealed_dsv4
8,16,9,144,11,1,0.09090909090909091,0.008333333333333333,10.90909090909091,sealed_dsv4
8,16,9,49,11,1,0.09090909090909091,0.008333333333333333,10.90909090909091,sealed_dsv4
8,16,9,209,11,1,0.09090909090909091,0.008333333333333333,10.90909090909091,sealed_dsv4
8,16,9,173,11,1,0.09090909090909091,0.008333333333333333,10.90909090909091,sealed_dsv4
8,16,9,158,11,1,0.09090909090909091,0.008333333333333333,10.90909090909091,sealed_dsv4
8,16,9,138,11,1,0.09090909090909091,0.008333333333333333,10.90909090909091,sealed_dsv4
8,16,9,255,11,1,0.09090909090909091,0.008333333333333333,10.90909090909091,sealed_dsv4
8,16,9,36,11,1,0.09090909090909091,0.008333333333333333,10.90909090909091,sealed_dsv4
8,16,9,235,11,1,0.09090909090909091,0.016666666666666666,5.454545454545455,sealed_dsv4
8,16,9,199,11,1,0.09090909090909091,0.008333333333333333,10.90909090909091,sealed_dsv4
8,16,9,238,11,1,0.09090909090909091,0.008333333333333333,10.90909090909091,sealed_dsv4
8,16,9,11,11,1,0.09090909090909091,0.008333333333333333,10.90909090909091,sealed_dsv4
8,189,9,72,8,1,0.125,0.008333333333333333,15.0,sealed_dsv4
8,189,9,40,8,1,0.125,0.008333333333333333,15.0,sealed_dsv4
8,189,9,120,8,1,0.125,0.008333333333333333,15.0,sealed_dsv4
8,189,9,32,8,1,0.125,0.008333333333333333,15.0,sealed_dsv4
8,189,9,242,8,1,0.125,0.06666666666666667,1.875,sealed_dsv4
8,189,9,169,8,1,0.125,0.008333333333333333,15.0,sealed_dsv4
8,189,9,101,8,1,0.125,0.008333333333333333,15.0,sealed_dsv4
8,189,9,144,8,1,0.125,0.008333333333333333,15.0,sealed_dsv4
8,189,9,49,8,1,0.125,0.008333333333333333,15.0,sealed_dsv4
8,189,9,155,8,1,0.125,0.025,5.0,sealed_dsv4
8,189,9,209,8,1,0.125,0.008333333333333333,15.0,sealed_dsv4
8,189,9,173,8,1,0.125,0.008333333333333333,15.0,sealed_dsv4
8,189,9,158,8,1,0.125,0.008333333333333333,15.0,sealed_dsv4
8,189,9,138,8,1,0.125,0.008333333333333333,15.0,sealed_dsv4
8,189,9,255,8,1,0.125,0.008333333333333333,15.0,sealed_dsv4
8,189,9,36,8,1,0.125,0.008333333333333333,15.0,sealed_dsv4
8,189,9,235,8,1,0.125,0.016666666666666666,7.5,sealed_dsv4
8,189,9,199,8,1,0.125,0.008333333333333333,15.0,sealed_dsv4
8,189,9,238,8,1,0.125,0.008333333333333333,15.0,sealed_dsv4
8,189,9,11,8,1,0.125,0.008333333333333333,15.0,sealed_dsv4
8,232,9,72,10,1,0.1,0.008333333333333333,12.0,sealed_dsv4
8,232,9,40,10,1,0.1,0.008333333333333333,12.0,sealed_dsv4
8,232,9,120,10,1,0.1,0.008333333333333333,12.0,sealed_dsv4
8,232,9,32,10,1,0.1,0.008333333333333333,12.0,sealed_dsv4
8,232,9,169,10,1,0.1,0.008333333333333333,12.0,sealed_dsv4
8,232,9,101,10,1,0.1,0.008333333333333333,12.0,sealed_dsv4
8,232,9,144,10,1,0.1,0.008333333333333333,12.0,sealed_dsv4
8,232,9,49,10,1,0.1,0.008333333333333333,12.0,sealed_dsv4
8,232,9,155,10,1,0.1,0.025,4.0,sealed_dsv4
8,232,9,209,10,1,0.1,0.008333333333333333,12.0,sealed_dsv4
8,232,9,173,10,1,0.1,0.008333333333333333,12.0,sealed_dsv4
8,232,9,158,10,1,0.1,0.008333333333333333,12.0,sealed_dsv4
8,232,9,138,10,1,0.1,0.008333333333333333,12.0,sealed_dsv4
8,232,9,255,10,1,0.1,0.008333333333333333,12.0,sealed_dsv4
8,232,9,36,10,1,0.1,0.008333333333333333,12.0,sealed_dsv4
8,232,9,235,10,1,0.1,0.016666666666666666,6.0,sealed_dsv4
8,232,9,199,10,1,0.1,0.008333333333333333,12.0,sealed_dsv4
8,232,9,238,10,1,0.1,0.008333333333333333,12.0,sealed_dsv4
8,232,9,11,10,1,0.1,0.008333333333333333,12.0,sealed_dsv4
8,28,9,72,5,1,0.2,0.008333333333333333,24.0,sealed_dsv4
8,28,9,181,5,1,0.2,0.016666666666666666,12.0,sealed_dsv4
8,28,9,40,5,1,0.2,0.008333333333333333,24.0,sealed_dsv4
8,28,9,120,5,1,0.2,0.008333333333333333,24.0,sealed_dsv4
8,28,9,46,5,1,0.2,0.025,8.0,sealed_dsv4
8,28,9,223,5,1,0.2,0.016666666666666666,12.0,sealed_dsv4
8,28,9,32,5,1,0.2,0.008333333333333333,24.0,sealed_dsv4
8,28,9,169,5,1,0.2,0.008333333333333333,24.0,sealed_dsv4
8,28,9,101,5,1,0.2,0.008333333333333333,24.0,sealed_dsv4
8,28,9,144,5,1,0.2,0.008333333333333333,24.0,sealed_dsv4
8,28,9,49,5,1,0.2,0.008333333333333333,24.0,sealed_dsv4
8,28,9,209,5,1,0.2,0.008333333333333333,24.0,sealed_dsv4
8,28,9,173,5,1,0.2,0.008333333333333333,24.0,sealed_dsv4
8,28,9,220,5,1,0.2,0.016666666666666666,12.0,sealed_dsv4
8,28,9,158,5,1,0.2,0.008333333333333333,24.0,sealed_dsv4
8,28,9,138,5,1,0.2,0.008333333333333333,24.0,sealed_dsv4
8,28,9,255,5,1,0.2,0.008333333333333333,24.0,sealed_dsv4
8,28,9,207,5,1,0.2,0.016666666666666666,12.0,sealed_dsv4
8,28,9,36,5,1,0.2,0.008333333333333333,24.0,sealed_dsv4
8,28,9,191,5,1,0.2,0.016666666666666666,12.0,sealed_dsv4
8,28,9,235,5,1,0.2,0.016666666666666666,12.0,sealed_dsv4
8,28,9,199,5,1,0.2,0.008333333333333333,24.0,sealed_dsv4
8,28,9,238,5,1,0.2,0.008333333333333333,24.0,sealed_dsv4
8,28,9,11,5,1,0.2,0.008333333333333333,24.0,sealed_dsv4
8,115,9,72,8,1,0.125,0.008333333333333333,15.0,sealed_dsv4
8,115,9,181,8,1,0.125,0.016666666666666666,7.5,sealed_dsv4
8,115,9,40,8,1,0.125,0.008333333333333333,15.0,sealed_dsv4
8,115,9,120,8,1,0.125,0.008333333333333333,15.0,sealed_dsv4
8,115,9,46,8,1,0.125,0.025,5.0,sealed_dsv4
8,115,9,223,8,1,0.125,0.016666666666666666,7.5,sealed_dsv4
8,115,9,32,8,1,0.125,0.008333333333333333,15.0,sealed_dsv4
8,115,9,169,8,1,0.125,0.008333333333333333,15.0,sealed_dsv4
8,115,9,101,8,1,0.125,0.008333333333333333,15.0,sealed_dsv4
8,115,9,144,8,1,0.125,0.008333333333333333,15.0,sealed_dsv4
8,115,9,49,8,1,0.125,0.008333333333333333,15.0,sealed_dsv4
8,115,9,209,8,1,0.125,0.008333333333333333,15.0,sealed_dsv4
8,115,9,173,8,1,0.125,0.008333333333333333,15.0,sealed_dsv4
8,115,9,220,8,1,0.125,0.016666666666666666,7.5,sealed_dsv4
8,115,9,158,8,1,0.125,0.008333333333333333,15.0,sealed_dsv4
8,115,9,138,8,1,0.125,0.008333333333333333,15.0,sealed_dsv4
8,115,9,255,8,1,0.125,0.008333333333333333,15.0,sealed_dsv4
8,115,9,207,8,1,0.125,0.016666666666666666,7.5,sealed_dsv4
8,115,9,36,8,1,0.125,0.008333333333333333,15.0,sealed_dsv4
8,115,9,191,8,1,0.125,0.016666666666666666,7.5,sealed_dsv4
8,115,9,199,8,1,0.125,0.008333333333333333,15.0,sealed_dsv4
8,115,9,238,8,1,0.125,0.008333333333333333,15.0,sealed_dsv4
8,115,9,11,8,1,0.125,0.008333333333333333,15.0,sealed_dsv4
9,127,10,224,9,1,0.1111111111111111,0.008695652173913044,12.777777777777777,sealed_dsv4
9,127,10,121,9,1,0.1111111111111111,0.008695652173913044,12.777777777777777,sealed_dsv4
9,127,10,241,9,1,0.1111111111111111,0.008695652173913044,12.777777777777777,sealed_dsv4
9,127,10,28,9,1,0.1111111111111111,0.008695652173913044,12.777777777777777,sealed_dsv4
9,127,10,14,9,1,0.1111111111111111,0.017391304347826087,6.388888888888888,sealed_dsv4
9,127,10,132,9,1,0.1111111111111111,0.008695652173913044,12.777777777777777,sealed_dsv4
9,127,10,108,9,1,0.1111111111111111,0.008695652173913044,12.777777777777777,sealed_dsv4
9,127,10,56,9,1,0.1111111111111111,0.008695652173913044,12.777777777777777,sealed_dsv4
9,127,10,20,9,1,0.1111111111111111,0.008695652173913044,12.777777777777777,sealed_dsv4
9,127,10,91,9,1,0.1111111111111111,0.008695652173913044,12.777777777777777,sealed_dsv4
9,127,10,137,9,1,0.1111111111111111,0.008695652173913044,12.777777777777777,sealed_dsv4
9,127,10,115,9,1,0.1111111111111111,0.008695652173913044,12.777777777777777,sealed_dsv4
9,127,10,117,9,1,0.1111111111111111,0.008695652173913044,12.777777777777777,sealed_dsv4
9,127,10,190,9,1,0.1111111111111111,0.008695652173913044,12.777777777777777,sealed_dsv4
9,127,10,222,9,1,0.1111111111111111,0.017391304347826087,6.388888888888888,sealed_dsv4
9,127,10,89,9,1,0.1111111111111111,0.008695652173913044,12.777777777777777,sealed_dsv4
9,127,10,245,9,1,0.1111111111111111,0.008695652173913044,12.777777777777777,sealed_dsv4
9,242,10,224,8,1,0.125,0.008695652173913044,14.375,sealed_dsv4
9,242,10,121,8,1,0.125,0.008695652173913044,14.375,sealed_dsv4
9,242,10,241,8,1,0.125,0.008695652173913044,14.375,sealed_dsv4
9,242,10,28,8,1,0.125,0.008695652173913044,14.375,sealed_dsv4
9,242,10,132,8,1,0.125,0.008695652173913044,14.375,sealed_dsv4
9,242,10,108,8,1,0.125,0.008695652173913044,14.375,sealed_dsv4
9,242,10,56,8,1,0.125,0.008695652173913044,14.375,sealed_dsv4
9,242,10,20,8,1,0.125,0.008695652173913044,14.375,sealed_dsv4
9,242,10,91,8,1,0.125,0.008695652173913044,14.375,sealed_dsv4
9,242,10,137,8,1,0.125,0.008695652173913044,14.375,sealed_dsv4
9,242,10,115,8,1,0.125,0.008695652173913044,14.375,sealed_dsv4
9,242,10,117,8,1,0.125,0.008695652173913044,14.375,sealed_dsv4
9,242,10,76,8,1,0.125,0.05217391304347826,2.3958333333333335,sealed_dsv4
9,242,10,179,8,1,0.125,0.017391304347826087,7.1875,sealed_dsv4
9,242,10,190,8,1,0.125,0.008695652173913044,14.375,sealed_dsv4
9,242,10,89,8,1,0.125,0.008695652173913044,14.375,sealed_dsv4
9,242,10,245,8,1,0.125,0.008695652173913044,14.375,sealed_dsv4
9,77,10,224,8,1,0.125,0.008695652173913044,14.375,sealed_dsv4
9,77,10,121,8,1,0.125,0.008695652173913044,14.375,sealed_dsv4
9,77,10,241,8,1,0.125,0.008695652173913044,14.375,sealed_dsv4
9,77,10,28,8,1,0.125,0.008695652173913044,14.375,sealed_dsv4
9,77,10,14,8,1,0.125,0.017391304347826087,7.1875,sealed_dsv4
9,77,10,132,8,1,0.125,0.008695652173913044,14.375,sealed_dsv4
9,77,10,108,8,1,0.125,0.008695652173913044,14.375,sealed_dsv4
9,77,10,56,8,1,0.125,0.008695652173913044,14.375,sealed_dsv4
9,77,10,20,8,1,0.125,0.008695652173913044,14.375,sealed_dsv4
9,77,10,91,8,1,0.125,0.008695652173913044,14.375,sealed_dsv4
9,77,10,137,8,1,0.125,0.008695652173913044,14.375,sealed_dsv4
9,77,10,115,8,1,0.125,0.008695652173913044,14.375,sealed_dsv4
9,77,10,117,8,1,0.125,0.008695652173913044,14.375,sealed_dsv4
9,77,10,190,8,1,0.125,0.008695652173913044,14.375,sealed_dsv4
9,77,10,222,8,1,0.125,0.017391304347826087,7.1875,sealed_dsv4
9,77,10,89,8,1,0.125,0.008695652173913044,14.375,sealed_dsv4
9,77,10,245,8,1,0.125,0.008695652173913044,14.375,sealed_dsv4
9,219,10,224,10,1,0.1,0.008695652173913044,11.5,sealed_dsv4
9,219,10,121,10,1,0.1,0.008695652173913044,11.5,sealed_dsv4
9,219,10,241,10,1,0.1,0.008695652173913044,11.5,sealed_dsv4
9,219,10,28,10,1,0.1,0.008695652173913044,11.5,sealed_dsv4
9,219,10,14,10,1,0.1,0.017391304347826087,5.75,sealed_dsv4
9,219,10,132,10,1,0.1,0.008695652173913044,11.5,sealed_dsv4
9,219,10,108,10,1,0.1,0.008695652173913044,11.5,sealed_dsv4
9,219,10,56,10,1,0.1,0.008695652173913044,11.5,sealed_dsv4
9,219,10,20,10,1,0.1,0.008695652173913044,11.5,sealed_dsv4
9,219,10,91,10,1,0.1,0.008695652173913044,11.5,sealed_dsv4
9,219,10,137,10,1,0.1,0.008695652173913044,11.5,sealed_dsv4
9,219,10,115,10,1,0.1,0.008695652173913044,11.5,sealed_dsv4
9,219,10,117,10,1,0.1,0.008695652173913044,11.5,sealed_dsv4
9,219,10,190,10,1,0.1,0.008695652173913044,11.5,sealed_dsv4
9,219,10,222,10,1,0.1,0.017391304347826087,5.75,sealed_dsv4
9,219,10,89,10,1,0.1,0.008695652173913044,11.5,sealed_dsv4
9,219,10,245,10,1,0.1,0.008695652173913044,11.5,sealed_dsv4
10,8,11,18,5,1,0.2,0.00847457627118644,23.6,sealed_dsv4
10,8,11,146,5,1,0.2,0.00847457627118644,23.6,sealed_dsv4
10,8,11,55,5,1,0.2,0.00847457627118644,23.6,sealed_dsv4
10,8,11,62,5,1,0.2,0.00847457627118644,23.6,sealed_dsv4
10,8,11,81,5,1,0.2,0.01694915254237288,11.8,sealed_dsv4
10,8,11,172,5,1,0.2,0.00847457627118644,23.6,sealed_dsv4
10,8,11,161,5,1,0.2,0.00847457627118644,23.6,sealed_dsv4
10,8,11,145,5,1,0.2,0.00847457627118644,23.6,sealed_dsv4
10,8,11,32,5,1,0.2,0.00847457627118644,23.6,sealed_dsv4
10,8,11,89,5,1,0.2,0.05084745762711865,3.933333333333333,sealed_dsv4
10,8,11,87,5,1,0.2,0.00847457627118644,23.6,sealed_dsv4
10,8,11,124,5,1,0.2,0.00847457627118644,23.6,sealed_dsv4
10,8,11,253,5,1,0.2,0.00847457627118644,23.6,sealed_dsv4
10,8,11,114,5,1,0.2,0.025423728813559324,7.866666666666666,sealed_dsv4
10,8,11,194,5,1,0.2,0.025423728813559324,7.866666666666666,sealed_dsv4
10,8,11,181,5,1,0.2,0.00847457627118644,23.6,sealed_dsv4
10,8,11,30,5,1,0.2,0.00847457627118644,23.6,sealed_dsv4
10,8,11,94,5,1,0.2,0.00847457627118644,23.6,sealed_dsv4
10,8,11,85,5,1,0.2,0.025423728813559324,7.866666666666666,sealed_dsv4
10,8,11,1,5,1,0.2,0.025423728813559324,7.866666666666666,sealed_dsv4
10,40,11,18,9,1,0.1111111111111111,0.00847457627118644,13.11111111111111,sealed_dsv4
10,40,11,146,9,1,0.1111111111111111,0.00847457627118644,13.11111111111111,sealed_dsv4
10,40,11,55,9,1,0.1111111111111111,0.00847457627118644,13.11111111111111,sealed_dsv4
10,40,11,62,9,1,0.1111111111111111,0.00847457627118644,13.11111111111111,sealed_dsv4
10,40,11,81,9,1,0.1111111111111111,0.01694915254237288,6.555555555555555,sealed_dsv4
10,40,11,172,9,1,0.1111111111111111,0.00847457627118644,13.11111111111111,sealed_dsv4
10,40,11,161,9,1,0.1111111111111111,0.00847457627118644,13.11111111111111,sealed_dsv4
10,40,11,145,9,1,0.1111111111111111,0.00847457627118644,13.11111111111111,sealed_dsv4
10,40,11,32,9,1,0.1111111111111111,0.00847457627118644,13.11111111111111,sealed_dsv4
10,40,11,87,9,1,0.1111111111111111,0.00847457627118644,13.11111111111111,sealed_dsv4
10,40,11,124,9,1,0.1111111111111111,0.00847457627118644,13.11111111111111,sealed_dsv4
10,40,11,197,9,1,0.1111111111111111,0.025423728813559324,4.37037037037037,sealed_dsv4
10,40,11,253,9,1,0.1111111111111111,0.00847457627118644,13.11111111111111,sealed_dsv4
10,40,11,21,9,1,0.1111111111111111,0.03389830508474576,3.2777777777777777,sealed_dsv4
10,40,11,194,9,1,0.1111111111111111,0.025423728813559324,4.37037037037037,sealed_dsv4
10,40,11,181,9,1,0.1111111111111111,0.00847457627118644,13.11111111111111,sealed_dsv4
10,40,11,30,9,1,0.1111111111111111,0.00847457627118644,13.11111111111111,sealed_dsv4
10,40,11,94,9,1,0.1111111111111111,0.00847457627118644,13.11111111111111,sealed_dsv4
10,228,11,18,9,1,0.1111111111111111,0.00847457627118644,13.11111111111111,sealed_dsv4
10,228,11,146,9,1,0.1111111111111111,0.00847457627118644,13.11111111111111,sealed_dsv4
10,228,11,55,9,1,0.1111111111111111,0.00847457627118644,13.11111111111111,sealed_dsv4
10,228,11,62,9,1,0.1111111111111111,0.00847457627118644,13.11111111111111,sealed_dsv4
10,228,11,81,9,1,0.1111111111111111,0.01694915254237288,6.555555555555555,sealed_dsv4
10,228,11,172,9,1,0.1111111111111111,0.00847457627118644,13.11111111111111,sealed_dsv4
10,228,11,161,9,1,0.1111111111111111,0.00847457627118644,13.11111111111111,sealed_dsv4
10,228,11,145,9,1,0.1111111111111111,0.00847457627118644,13.11111111111111,sealed_dsv4
10,228,11,32,9,1,0.1111111111111111,0.00847457627118644,13.11111111111111,sealed_dsv4
10,228,11,87,9,1,0.1111111111111111,0.00847457627118644,13.11111111111111,sealed_dsv4
10,228,11,124,9,1,0.1111111111111111,0.00847457627118644,13.11111111111111,sealed_dsv4
10,228,11,253,9,1,0.1111111111111111,0.00847457627118644,13.11111111111111,sealed_dsv4
10,228,11,181,9,1,0.1111111111111111,0.00847457627118644,13.11111111111111,sealed_dsv4
10,228,11,30,9,1,0.1111111111111111,0.00847457627118644,13.11111111111111,sealed_dsv4
10,228,11,94,9,1,0.1111111111111111,0.00847457627118644,13.11111111111111,sealed_dsv4
10,228,11,85,9,1,0.1111111111111111,0.025423728813559324,4.37037037037037,sealed_dsv4
10,35,11,18,6,1,0.16666666666666666,0.00847457627118644,19.666666666666664,sealed_dsv4
10,35,11,146,6,1,0.16666666666666666,0.00847457627118644,19.666666666666664,sealed_dsv4
10,35,11,55,6,1,0.16666666666666666,0.00847457627118644,19.666666666666664,sealed_dsv4
10,35,11,62,6,1,0.16666666666666666,0.00847457627118644,19.666666666666664,sealed_dsv4
10,35,11,81,6,1,0.16666666666666666,0.01694915254237288,9.833333333333332,sealed_dsv4
10,35,11,172,6,1,0.16666666666666666,0.00847457627118644,19.666666666666664,sealed_dsv4
10,35,11,161,6,1,0.16666666666666666,0.00847457627118644,19.666666666666664,sealed_dsv4
10,35,11,171,6,1,0.16666666666666666,0.05084745762711865,3.2777777777777772,sealed_dsv4
10,35,11,145,6,1,0.16666666666666666,0.00847457627118644,19.666666666666664,sealed_dsv4
10,35,11,32,6,1,0.16666666666666666,0.00847457627118644,19.666666666666664,sealed_dsv4
10,35,11,87,6,1,0.16666666666666666,0.00847457627118644,19.666666666666664,sealed_dsv4
10,35,11,124,6,1,0.16666666666666666,0.00847457627118644,19.666666666666664,sealed_dsv4
10,35,11,253,6,1,0.16666666666666666,0.00847457627118644,19.666666666666664,sealed_dsv4
10,35,11,181,6,1,0.16666666666666666,0.00847457627118644,19.666666666666664,sealed_dsv4
10,35,11,30,6,1,0.16666666666666666,0.00847457627118644,19.666666666666664,sealed_dsv4
10,35,11,153,6,1,0.16666666666666666,0.025423728813559324,6.5555555555555545,sealed_dsv4
10,35,11,94,6,1,0.16666666666666666,0.00847457627118644,19.666666666666664,sealed_dsv4
10,35,11,85,6,1,0.16666666666666666,0.025423728813559324,6.5555555555555545,sealed_dsv4
10,76,11,18,6,1,0.16666666666666666,0.00847457627118644,19.666666666666664,sealed_dsv4
10,76,11,146,6,1,0.16666666666666666,0.00847457627118644,19.666666666666664,sealed_dsv4
10,76,11,55,6,1,0.16666666666666666,0.00847457627118644,19.666666666666664,sealed_dsv4
10,76,11,62,6,1,0.16666666666666666,0.00847457627118644,19.666666666666664,sealed_dsv4
10,76,11,172,6,1,0.16666666666666666,0.00847457627118644,19.666666666666664,sealed_dsv4
10,76,11,161,6,1,0.16666666666666666,0.00847457627118644,19.666666666666664,sealed_dsv4
10,76,11,232,6,1,0.16666666666666666,0.059322033898305086,2.8095238095238093,sealed_dsv4
10,76,11,145,6,1,0.16666666666666666,0.00847457627118644,19.666666666666664,sealed_dsv4
10,76,11,32,6,1,0.16666666666666666,0.00847457627118644,19.666666666666664,sealed_dsv4
10,76,11,89,6,1,0.16666666666666666,0.05084745762711865,3.2777777777777772,sealed_dsv4
10,76,11,87,6,1,0.16666666666666666,0.00847457627118644,19.666666666666664,sealed_dsv4
10,76,11,124,6,1,0.16666666666666666,0.00847457627118644,19.666666666666664,sealed_dsv4
10,76,11,253,6,1,0.16666666666666666,0.00847457627118644,19.666666666666664,sealed_dsv4
10,76,11,181,6,1,0.16666666666666666,0.00847457627118644,19.666666666666664,sealed_dsv4
10,76,11,30,6,1,0.16666666666666666,0.00847457627118644,19.666666666666664,sealed_dsv4
10,76,11,94,6,1,0.16666666666666666,0.00847457627118644,19.666666666666664,sealed_dsv4
10,76,11,85,6,1,0.16666666666666666,0.025423728813559324,6.5555555555555545,sealed_dsv4
10,76,11,1,6,1,0.16666666666666666,0.025423728813559324,6.5555555555555545,sealed_dsv4
11,232,12,80,7,1,0.14285714285714285,0.008403361344537815,17.0,sealed_dsv4
11,232,12,221,7,1,0.14285714285714285,0.025210084033613446,5.666666666666666,sealed_dsv4
11,232,12,165,7,1,0.14285714285714285,0.008403361344537815,17.0,sealed_dsv4
11,232,12,184,7,1,0.14285714285714285,0.01680672268907563,8.5,sealed_dsv4
11,232,12,228,7,1,0.14285714285714285,0.008403361344537815,17.0,sealed_dsv4
11,232,12,135,7,1,0.14285714285714285,0.008403361344537815,17.0,sealed_dsv4
11,232,12,19,7,1,0.14285714285714285,0.008403361344537815,17.0,sealed_dsv4
11,232,12,33,7,1,0.14285714285714285,0.008403361344537815,17.0,sealed_dsv4
11,232,12,77,7,1,0.14285714285714285,0.01680672268907563,8.5,sealed_dsv4
11,232,12,164,7,1,0.14285714285714285,0.008403361344537815,17.0,sealed_dsv4
11,232,12,44,7,1,0.14285714285714285,0.008403361344537815,17.0,sealed_dsv4
11,232,12,157,7,1,0.14285714285714285,0.008403361344537815,17.0,sealed_dsv4
11,232,12,68,7,1,0.14285714285714285,0.008403361344537815,17.0,sealed_dsv4
11,232,12,98,7,1,0.14285714285714285,0.008403361344537815,17.0,sealed_dsv4
11,232,12,31,7,1,0.14285714285714285,0.025210084033613446,5.666666666666666,sealed_dsv4
11,232,12,23,7,1,0.14285714285714285,0.025210084033613446,5.666666666666666,sealed_dsv4
11,232,12,92,7,1,0.14285714285714285,0.008403361344537815,17.0,sealed_dsv4
11,232,12,174,7,1,0.14285714285714285,0.008403361344537815,17.0,sealed_dsv4
11,232,12,45,7,1,0.14285714285714285,0.008403361344537815,17.0,sealed_dsv4
11,232,12,87,7,1,0.14285714285714285,0.008403361344537815,17.0,sealed_dsv4
11,171,12,80,6,1,0.16666666666666666,0.008403361344537815,19.833333333333332,sealed_dsv4
11,171,12,165,6,1,0.16666666666666666,0.008403361344537815,19.833333333333332,sealed_dsv4
11,171,12,228,6,1,0.16666666666666666,0.008403361344537815,19.833333333333332,sealed_dsv4
11,171,12,135,6,1,0.16666666666666666,0.008403361344537815,19.833333333333332,sealed_dsv4
11,171,12,19,6,1,0.16666666666666666,0.008403361344537815,19.833333333333332,sealed_dsv4
11,171,12,187,6,1,0.16666666666666666,0.025210084033613446,6.611111111111111,sealed_dsv4
11,171,12,33,6,1,0.16666666666666666,0.008403361344537815,19.833333333333332,sealed_dsv4
11,171,12,77,6,1,0.16666666666666666,0.01680672268907563,9.916666666666666,sealed_dsv4
11,171,12,105,6,1,0.16666666666666666,0.01680672268907563,9.916666666666666,sealed_dsv4
11,171,12,164,6,1,0.16666666666666666,0.008403361344537815,19.833333333333332,sealed_dsv4
11,171,12,44,6,1,0.16666666666666666,0.008403361344537815,19.833333333333332,sealed_dsv4
11,171,12,14,6,1,0.16666666666666666,0.01680672268907563,9.916666666666666,sealed_dsv4
11,171,12,157,6,1,0.16666666666666666,0.008403361344537815,19.833333333333332,sealed_dsv4
11,171,12,68,6,1,0.16666666666666666,0.008403361344537815,19.833333333333332,sealed_dsv4
11,171,12,98,6,1,0.16666666666666666,0.008403361344537815,19.833333333333332,sealed_dsv4
11,171,12,31,6,1,0.16666666666666666,0.025210084033613446,6.611111111111111,sealed_dsv4
11,171,12,23,6,1,0.16666666666666666,0.025210084033613446,6.611111111111111,sealed_dsv4
11,171,12,92,6,1,0.16666666666666666,0.008403361344537815,19.833333333333332,sealed_dsv4
11,171,12,174,6,1,0.16666666666666666,0.008403361344537815,19.833333333333332,sealed_dsv4
11,171,12,210,6,1,0.16666666666666666,0.025210084033613446,6.611111111111111,sealed_dsv4
11,171,12,45,6,1,0.16666666666666666,0.008403361344537815,19.833333333333332,sealed_dsv4
11,171,12,87,6,1,0.16666666666666666,0.008403361344537815,19.833333333333332,sealed_dsv4
11,9,12,80,14,1,0.07142857142857142,0.008403361344537815,8.5,sealed_dsv4
11,9,12,165,14,1,0.07142857142857142,0.008403361344537815,8.5,sealed_dsv4
11,9,12,228,14,1,0.07142857142857142,0.008403361344537815,8.5,sealed_dsv4
11,9,12,135,14,1,0.07142857142857142,0.008403361344537815,8.5,sealed_dsv4
11,9,12,19,14,1,0.07142857142857142,0.008403361344537815,8.5,sealed_dsv4
11,9,12,33,14,1,0.07142857142857142,0.008403361344537815,8.5,sealed_dsv4
11,9,12,105,14,1,0.07142857142857142,0.01680672268907563,4.25,sealed_dsv4
11,9,12,164,14,1,0.07142857142857142,0.008403361344537815,8.5,sealed_dsv4
11,9,12,44,14,1,0.07142857142857142,0.008403361344537815,8.5,sealed_dsv4
11,9,12,157,14,1,0.07142857142857142,0.008403361344537815,8.5,sealed_dsv4
11,9,12,68,14,1,0.07142857142857142,0.008403361344537815,8.5,sealed_dsv4
11,9,12,98,14,1,0.07142857142857142,0.008403361344537815,8.5,sealed_dsv4
11,9,12,92,14,1,0.07142857142857142,0.008403361344537815,8.5,sealed_dsv4
11,9,12,174,14,1,0.07142857142857142,0.008403361344537815,8.5,sealed_dsv4
11,9,12,45,14,1,0.07142857142857142,0.008403361344537815,8.5,sealed_dsv4
11,9,12,87,14,1,0.07142857142857142,0.008403361344537815,8.5,sealed_dsv4
11,89,12,80,6,1,0.16666666666666666,0.008403361344537815,19.833333333333332,sealed_dsv4
11,89,12,221,6,1,0.16666666666666666,0.025210084033613446,6.611111111111111,sealed_dsv4
11,89,12,165,6,1,0.16666666666666666,0.008403361344537815,19.833333333333332,sealed_dsv4
11,89,12,184,6,1,0.16666666666666666,0.01680672268907563,9.916666666666666,sealed_dsv4
11,89,12,228,6,1,0.16666666666666666,0.008403361344537815,19.833333333333332,sealed_dsv4
11,89,12,135,6,1,0.16666666666666666,0.008403361344537815,19.833333333333332,sealed_dsv4
11,89,12,19,6,1,0.16666666666666666,0.008403361344537815,19.833333333333332,sealed_dsv4
11,89,12,33,6,1,0.16666666666666666,0.008403361344537815,19.833333333333332,sealed_dsv4
11,89,12,77,6,1,0.16666666666666666,0.01680672268907563,9.916666666666666,sealed_dsv4
11,89,12,164,6,1,0.16666666666666666,0.008403361344537815,19.833333333333332,sealed_dsv4
11,89,12,44,6,1,0.16666666666666666,0.008403361344537815,19.833333333333332,sealed_dsv4
11,89,12,157,6,1,0.16666666666666666,0.008403361344537815,19.833333333333332,sealed_dsv4
11,89,12,68,6,1,0.16666666666666666,0.008403361344537815,19.833333333333332,sealed_dsv4
11,89,12,98,6,1,0.16666666666666666,0.008403361344537815,19.833333333333332,sealed_dsv4
11,89,12,31,6,1,0.16666666666666666,0.025210084033613446,6.611111111111111,sealed_dsv4
11,89,12,23,6,1,0.16666666666666666,0.025210084033613446,6.611111111111111,sealed_dsv4
11,89,12,92,6,1,0.16666666666666666,0.008403361344537815,19.833333333333332,sealed_dsv4
11,89,12,174,6,1,0.16666666666666666,0.008403361344537815,19.833333333333332,sealed_dsv4
11,89,12,45,6,1,0.16666666666666666,0.008403361344537815,19.833333333333332,sealed_dsv4
11,89,12,87,6,1,0.16666666666666666,0.008403361344537815,19.833333333333332,sealed_dsv4
11,157,12,80,7,1,0.14285714285714285,0.008403361344537815,17.0,sealed_dsv4
11,157,12,165,7,1,0.14285714285714285,0.008403361344537815,17.0,sealed_dsv4
11,157,12,184,7,1,0.14285714285714285,0.01680672268907563,8.5,sealed_dsv4
11,157,12,228,7,1,0.14285714285714285,0.008403361344537815,17.0,sealed_dsv4
11,157,12,135,7,1,0.14285714285714285,0.008403361344537815,17.0,sealed_dsv4
11,157,12,19,7,1,0.14285714285714285,0.008403361344537815,17.0,sealed_dsv4
11,157,12,187,7,1,0.14285714285714285,0.025210084033613446,5.666666666666666,sealed_dsv4
11,157,12,33,7,1,0.14285714285714285,0.008403361344537815,17.0,sealed_dsv4
11,157,12,105,7,1,0.14285714285714285,0.01680672268907563,8.5,sealed_dsv4
11,157,12,164,7,1,0.14285714285714285,0.008403361344537815,17.0,sealed_dsv4
11,157,12,44,7,1,0.14285714285714285,0.008403361344537815,17.0,sealed_dsv4
11,157,12,14,7,1,0.14285714285714285,0.01680672268907563,8.5,sealed_dsv4
11,157,12,157,7,1,0.14285714285714285,0.008403361344537815,17.0,sealed_dsv4
11,157,12,68,7,1,0.14285714285714285,0.008403361344537815,17.0,sealed_dsv4
11,157,12,98,7,1,0.14285714285714285,0.008403361344537815,17.0,sealed_dsv4
11,157,12,92,7,1,0.14285714285714285,0.008403361344537815,17.0,sealed_dsv4
11,157,12,174,7,1,0.14285714285714285,0.008403361344537815,17.0,sealed_dsv4
11,157,12,142,7,1,0.14285714285714285,0.05042016806722689,2.833333333333333,sealed_dsv4
11,157,12,210,7,1,0.14285714285714285,0.025210084033613446,5.666666666666666,sealed_dsv4
11,157,12,45,7,1,0.14285714285714285,0.008403361344537815,17.0,sealed_dsv4
11,157,12,87,7,1,0.14285714285714285,0.008403361344537815,17.0,sealed_dsv4
11,132,12,80,5,1,0.2,0.008403361344537815,23.8,sealed_dsv4
11,132,12,165,5,1,0.2,0.008403361344537815,23.8,sealed_dsv4
11,132,12,184,5,1,0.2,0.01680672268907563,11.9,sealed_dsv4
11,132,12,228,5,1,0.2,0.008403361344537815,23.8,sealed_dsv4
11,132,12,135,5,1,0.2,0.008403361344537815,23.8,sealed_dsv4
11,132,12,19,5,1,0.2,0.008403361344537815,23.8,sealed_dsv4
11,132,12,187,5,1,0.2,0.025210084033613446,7.933333333333334,sealed_dsv4
11,132,12,33,5,1,0.2,0.008403361344537815,23.8,sealed_dsv4
11,132,12,77,5,1,0.2,0.01680672268907563,11.9,sealed_dsv4
11,132,12,105,5,1,0.2,0.01680672268907563,11.9,sealed_dsv4
11,132,12,164,5,1,0.2,0.008403361344537815,23.8,sealed_dsv4
11,132,12,44,5,1,0.2,0.008403361344537815,23.8,sealed_dsv4
11,132,12,14,5,1,0.2,0.01680672268907563,11.9,sealed_dsv4
11,132,12,157,5,1,0.2,0.008403361344537815,23.8,sealed_dsv4
11,132,12,68,5,1,0.2,0.008403361344537815,23.8,sealed_dsv4
11,132,12,98,5,1,0.2,0.008403361344537815,23.8,sealed_dsv4
11,132,12,31,5,1,0.2,0.025210084033613446,7.933333333333334,sealed_dsv4
11,132,12,92,5,1,0.2,0.008403361344537815,23.8,sealed_dsv4
11,132,12,174,5,1,0.2,0.008403361344537815,23.8,sealed_dsv4
11,132,12,142,5,1,0.2,0.05042016806722689,3.966666666666667,sealed_dsv4
11,132,12,210,5,1,0.2,0.025210084033613446,7.933333333333334,sealed_dsv4
11,132,12,45,5,1,0.2,0.008403361344537815,23.8,sealed_dsv4
11,132,12,87,5,1,0.2,0.008403361344537815,23.8,sealed_dsv4
12,122,13,129,9,1,0.1111111111111111,0.008620689655172414,12.888888888888888,sealed_dsv4
12,122,13,239,9,1,0.1111111111111111,0.008620689655172414,12.888888888888888,sealed_dsv4
12,122,13,82,9,1,0.1111111111111111,0.008620689655172414,12.888888888888888,sealed_dsv4
12,122,13,48,9,1,0.1111111111111111,0.008620689655172414,12.888888888888888,sealed_dsv4
12,122,13,253,9,1,0.1111111111111111,0.008620689655172414,12.888888888888888,sealed_dsv4
12,122,13,63,9,1,0.1111111111111111,0.008620689655172414,12.888888888888888,sealed_dsv4
12,122,13,155,9,1,0.1111111111111111,0.008620689655172414,12.888888888888888,sealed_dsv4
12,122,13,100,9,1,0.1111111111111111,0.008620689655172414,12.888888888888888,sealed_dsv4
12,122,13,84,9,1,0.1111111111111111,0.008620689655172414,12.888888888888888,sealed_dsv4
12,122,13,15,9,1,0.1111111111111111,0.008620689655172414,12.888888888888888,sealed_dsv4
12,122,13,69,9,1,0.1111111111111111,0.008620689655172414,12.888888888888888,sealed_dsv4
12,122,13,8,9,1,0.1111111111111111,0.008620689655172414,12.888888888888888,sealed_dsv4
12,122,13,241,9,1,0.1111111111111111,0.034482758620689655,3.222222222222222,sealed_dsv4
12,122,13,138,9,1,0.1111111111111111,0.008620689655172414,12.888888888888888,sealed_dsv4
12,122,13,38,9,1,0.1111111111111111,0.008620689655172414,12.888888888888888,sealed_dsv4
12,122,13,248,9,1,0.1111111111111111,0.008620689655172414,12.888888888888888,sealed_dsv4
12,41,13,129,13,1,0.07692307692307693,0.008620689655172414,8.923076923076923,sealed_dsv4
12,41,13,239,13,1,0.07692307692307693,0.008620689655172414,8.923076923076923,sealed_dsv4
12,41,13,82,13,1,0.07692307692307693,0.008620689655172414,8.923076923076923,sealed_dsv4
12,41,13,48,13,1,0.07692307692307693,0.008620689655172414,8.923076923076923,sealed_dsv4
12,41,13,253,13,1,0.07692307692307693,0.008620689655172414,8.923076923076923,sealed_dsv4
12,41,13,63,13,1,0.07692307692307693,0.008620689655172414,8.923076923076923,sealed_dsv4
12,41,13,155,13,1,0.07692307692307693,0.008620689655172414,8.923076923076923,sealed_dsv4
12,41,13,100,13,1,0.07692307692307693,0.008620689655172414,8.923076923076923,sealed_dsv4
12,41,13,84,13,1,0.07692307692307693,0.008620689655172414,8.923076923076923,sealed_dsv4
12,41,13,112,13,1,0.07692307692307693,0.017241379310344827,4.461538461538462,sealed_dsv4
12,41,13,15,13,1,0.07692307692307693,0.008620689655172414,8.923076923076923,sealed_dsv4
12,41,13,69,13,1,0.07692307692307693,0.008620689655172414,8.923076923076923,sealed_dsv4
12,41,13,8,13,1,0.07692307692307693,0.008620689655172414,8.923076923076923,sealed_dsv4
12,41,13,138,13,1,0.07692307692307693,0.008620689655172414,8.923076923076923,sealed_dsv4
12,41,13,38,13,1,0.07692307692307693,0.008620689655172414,8.923076923076923,sealed_dsv4
12,41,13,248,13,1,0.07692307692307693,0.008620689655172414,8.923076923076923,sealed_dsv4
12,46,13,129,6,1,0.16666666666666666,0.008620689655172414,19.333333333333332,sealed_dsv4
12,46,13,239,6,1,0.16666666666666666,0.008620689655172414,19.333333333333332,sealed_dsv4
12,46,13,82,6,1,0.16666666666666666,0.008620689655172414,19.333333333333332,sealed_dsv4
12,46,13,48,6,1,0.16666666666666666,0.008620689655172414,19.333333333333332,sealed_dsv4
12,46,13,253,6,1,0.16666666666666666,0.008620689655172414,19.333333333333332,sealed_dsv4
12,46,13,63,6,1,0.16666666666666666,0.008620689655172414,19.333333333333332,sealed_dsv4
12,46,13,155,6,1,0.16666666666666666,0.008620689655172414,19.333333333333332,sealed_dsv4
12,46,13,100,6,1,0.16666666666666666,0.008620689655172414,19.333333333333332,sealed_dsv4
12,46,13,84,6,1,0.16666666666666666,0.008620689655172414,19.333333333333332,sealed_dsv4
12,46,13,112,6,1,0.16666666666666666,0.017241379310344827,9.666666666666666,sealed_dsv4
12,46,13,15,6,1,0.16666666666666666,0.008620689655172414,19.333333333333332,sealed_dsv4
12,46,13,69,6,1,0.16666666666666666,0.008620689655172414,19.333333333333332,sealed_dsv4
12,46,13,8,6,1,0.16666666666666666,0.008620689655172414,19.333333333333332,sealed_dsv4
12,46,13,241,6,1,0.16666666666666666,0.034482758620689655,4.833333333333333,sealed_dsv4
12,46,13,138,6,1,0.16666666666666666,0.008620689655172414,19.333333333333332,sealed_dsv4
12,46,13,148,6,1,0.16666666666666666,0.034482758620689655,4.833333333333333,sealed_dsv4
12,46,13,91,6,1,0.16666666666666666,0.034482758620689655,4.833333333333333,sealed_dsv4
12,46,13,38,6,1,0.16666666666666666,0.008620689655172414,19.333333333333332,sealed_dsv4
12,46,13,248,6,1,0.16666666666666666,0.008620689655172414,19.333333333333332,sealed_dsv4
12,43,13,129,6,1,0.16666666666666666,0.008620689655172414,19.333333333333332,sealed_dsv4
12,43,13,239,6,1,0.16666666666666666,0.008620689655172414,19.333333333333332,sealed_dsv4
12,43,13,82,6,1,0.16666666666666666,0.008620689655172414,19.333333333333332,sealed_dsv4
12,43,13,48,6,1,0.16666666666666666,0.008620689655172414,19.333333333333332,sealed_dsv4
12,43,13,253,6,1,0.16666666666666666,0.008620689655172414,19.333333333333332,sealed_dsv4
12,43,13,63,6,1,0.16666666666666666,0.008620689655172414,19.333333333333332,sealed_dsv4
12,43,13,155,6,1,0.16666666666666666,0.008620689655172414,19.333333333333332,sealed_dsv4
12,43,13,100,6,1,0.16666666666666666,0.008620689655172414,19.333333333333332,sealed_dsv4
12,43,13,84,6,1,0.16666666666666666,0.008620689655172414,19.333333333333332,sealed_dsv4
12,43,13,12,6,1,0.16666666666666666,0.017241379310344827,9.666666666666666,sealed_dsv4
12,43,13,15,6,1,0.16666666666666666,0.008620689655172414,19.333333333333332,sealed_dsv4
12,43,13,69,6,1,0.16666666666666666,0.008620689655172414,19.333333333333332,sealed_dsv4
12,43,13,8,6,1,0.16666666666666666,0.008620689655172414,19.333333333333332,sealed_dsv4
12,43,13,241,6,1,0.16666666666666666,0.034482758620689655,4.833333333333333,sealed_dsv4
12,43,13,251,6,1,0.16666666666666666,0.07758620689655173,2.148148148148148,sealed_dsv4
12,43,13,138,6,1,0.16666666666666666,0.008620689655172414,19.333333333333332,sealed_dsv4
12,43,13,38,6,1,0.16666666666666666,0.008620689655172414,19.333333333333332,sealed_dsv4
12,43,13,248,6,1,0.16666666666666666,0.008620689655172414,19.333333333333332,sealed_dsv4
12,142,13,129,6,1,0.16666666666666666,0.008620689655172414,19.333333333333332,sealed_dsv4
12,142,13,239,6,1,0.16666666666666666,0.008620689655172414,19.333333333333332,sealed_dsv4
12,142,13,82,6,1,0.16666666666666666,0.008620689655172414,19.333333333333332,sealed_dsv4
12,142,13,48,6,1,0.16666666666666666,0.008620689655172414,19.333333333333332,sealed_dsv4
12,142,13,253,6,1,0.16666666666666666,0.008620689655172414,19.333333333333332,sealed_dsv4
12,142,13,63,6,1,0.16666666666666666,0.008620689655172414,19.333333333333332,sealed_dsv4
12,142,13,155,6,1,0.16666666666666666,0.008620689655172414,19.333333333333332,sealed_dsv4
12,142,13,100,6,1,0.16666666666666666,0.008620689655172414,19.333333333333332,sealed_dsv4
12,142,13,84,6,1,0.16666666666666666,0.008620689655172414,19.333333333333332,sealed_dsv4
12,142,13,15,6,1,0.16666666666666666,0.008620689655172414,19.333333333333332,sealed_dsv4
12,142,13,106,6,1,0.16666666666666666,0.02586206896551724,6.444444444444444,sealed_dsv4
12,142,13,69,6,1,0.16666666666666666,0.008620689655172414,19.333333333333332,sealed_dsv4
12,142,13,8,6,1,0.16666666666666666,0.008620689655172414,19.333333333333332,sealed_dsv4
12,142,13,241,6,1,0.16666666666666666,0.034482758620689655,4.833333333333333,sealed_dsv4
12,142,13,251,6,1,0.16666666666666666,0.07758620689655173,2.148148148148148,sealed_dsv4
12,142,13,138,6,1,0.16666666666666666,0.008620689655172414,19.333333333333332,sealed_dsv4
12,142,13,38,6,1,0.16666666666666666,0.008620689655172414,19.333333333333332,sealed_dsv4
12,142,13,248,6,1,0.16666666666666666,0.008620689655172414,19.333333333333332,sealed_dsv4
13,125,14,164,10,1,0.1,0.008771929824561403,11.400000000000002,sealed_dsv4
13,125,14,33,10,1,0.1,0.008771929824561403,11.400000000000002,sealed_dsv4
13,125,14,147,10,1,0.1,0.008771929824561403,11.400000000000002,sealed_dsv4
13,125,14,225,10,1,0.1,0.008771929824561403,11.400000000000002,sealed_dsv4
13,125,14,21,10,1,0.1,0.008771929824561403,11.400000000000002,sealed_dsv4
13,125,14,181,10,1,0.1,0.008771929824561403,11.400000000000002,sealed_dsv4
13,125,14,224,10,1,0.1,0.008771929824561403,11.400000000000002,sealed_dsv4
13,125,14,200,10,1,0.1,0.008771929824561403,11.400000000000002,sealed_dsv4
13,125,14,255,10,1,0.1,0.008771929824561403,11.400000000000002,sealed_dsv4
13,125,14,38,10,1,0.1,0.02631578947368421,3.8000000000000003,sealed_dsv4
13,125,14,170,10,1,0.1,0.008771929824561403,11.400000000000002,sealed_dsv4
13,125,14,246,10,1,0.1,0.008771929824561403,11.400000000000002,sealed_dsv4
13,125,14,57,10,1,0.1,0.008771929824561403,11.400000000000002,sealed_dsv4
13,125,14,16,10,1,0.1,0.008771929824561403,11.400000000000002,sealed_dsv4
13,125,14,182,10,1,0.1,0.008771929824561403,11.400000000000002,sealed_dsv4
13,125,14,151,10,1,0.1,0.008771929824561403,11.400000000000002,sealed_dsv4
13,125,14,7,10,1,0.1,0.008771929824561403,11.400000000000002,sealed_dsv4
13,125,14,208,10,1,0.1,0.008771929824561403,11.400000000000002,sealed_dsv4
13,88,14,164,9,1,0.1111111111111111,0.008771929824561403,12.666666666666666,sealed_dsv4
13,88,14,33,9,1,0.1111111111111111,0.008771929824561403,12.666666666666666,sealed_dsv4
13,88,14,147,9,1,0.1111111111111111,0.008771929824561403,12.666666666666666,sealed_dsv4
13,88,14,225,9,1,0.1111111111111111,0.008771929824561403,12.666666666666666,sealed_dsv4
13,88,14,21,9,1,0.1111111111111111,0.008771929824561403,12.666666666666666,sealed_dsv4
13,88,14,181,9,1,0.1111111111111111,0.008771929824561403,12.666666666666666,sealed_dsv4
13,88,14,224,9,1,0.1111111111111111,0.008771929824561403,12.666666666666666,sealed_dsv4
13,88,14,200,9,1,0.1111111111111111,0.008771929824561403,12.666666666666666,sealed_dsv4
13,88,14,255,9,1,0.1111111111111111,0.008771929824561403,12.666666666666666,sealed_dsv4
13,88,14,38,9,1,0.1111111111111111,0.02631578947368421,4.222222222222222,sealed_dsv4
13,88,14,170,9,1,0.1111111111111111,0.008771929824561403,12.666666666666666,sealed_dsv4
13,88,14,246,9,1,0.1111111111111111,0.008771929824561403,12.666666666666666,sealed_dsv4
13,88,14,57,9,1,0.1111111111111111,0.008771929824561403,12.666666666666666,sealed_dsv4
13,88,14,16,9,1,0.1111111111111111,0.008771929824561403,12.666666666666666,sealed_dsv4
13,88,14,182,9,1,0.1111111111111111,0.008771929824561403,12.666666666666666,sealed_dsv4
13,88,14,151,9,1,0.1111111111111111,0.008771929824561403,12.666666666666666,sealed_dsv4
13,88,14,7,9,1,0.1111111111111111,0.008771929824561403,12.666666666666666,sealed_dsv4
13,88,14,208,9,1,0.1111111111111111,0.008771929824561403,12.666666666666666,sealed_dsv4
13,251,14,164,9,1,0.1111111111111111,0.008771929824561403,12.666666666666666,sealed_dsv4
13,251,14,33,9,1,0.1111111111111111,0.008771929824561403,12.666666666666666,sealed_dsv4
13,251,14,147,9,1,0.1111111111111111,0.008771929824561403,12.666666666666666,sealed_dsv4
13,251,14,225,9,1,0.1111111111111111,0.008771929824561403,12.666666666666666,sealed_dsv4
13,251,14,21,9,1,0.1111111111111111,0.008771929824561403,12.666666666666666,sealed_dsv4
13,251,14,181,9,1,0.1111111111111111,0.008771929824561403,12.666666666666666,sealed_dsv4
13,251,14,224,9,1,0.1111111111111111,0.008771929824561403,12.666666666666666,sealed_dsv4
13,251,14,200,9,1,0.1111111111111111,0.008771929824561403,12.666666666666666,sealed_dsv4
13,251,14,255,9,1,0.1111111111111111,0.008771929824561403,12.666666666666666,sealed_dsv4
13,251,14,38,9,1,0.1111111111111111,0.02631578947368421,4.222222222222222,sealed_dsv4
13,251,14,170,9,1,0.1111111111111111,0.008771929824561403,12.666666666666666,sealed_dsv4
13,251,14,246,9,1,0.1111111111111111,0.008771929824561403,12.666666666666666,sealed_dsv4
13,251,14,57,9,1,0.1111111111111111,0.008771929824561403,12.666666666666666,sealed_dsv4
13,251,14,16,9,1,0.1111111111111111,0.008771929824561403,12.666666666666666,sealed_dsv4
13,251,14,182,9,1,0.1111111111111111,0.008771929824561403,12.666666666666666,sealed_dsv4
13,251,14,235,9,1,0.1111111111111111,0.05263157894736842,2.111111111111111,sealed_dsv4
13,251,14,151,9,1,0.1111111111111111,0.008771929824561403,12.666666666666666,sealed_dsv4
13,251,14,7,9,1,0.1111111111111111,0.008771929824561403,12.666666666666666,sealed_dsv4
13,251,14,208,9,1,0.1111111111111111,0.008771929824561403,12.666666666666666,sealed_dsv4
13,14,14,164,8,1,0.125,0.008771929824561403,14.25,sealed_dsv4
13,14,14,33,8,1,0.125,0.008771929824561403,14.25,sealed_dsv4
13,14,14,147,8,1,0.125,0.008771929824561403,14.25,sealed_dsv4
13,14,14,225,8,1,0.125,0.008771929824561403,14.25,sealed_dsv4
13,14,14,21,8,1,0.125,0.008771929824561403,14.25,sealed_dsv4
13,14,14,181,8,1,0.125,0.008771929824561403,14.25,sealed_dsv4
13,14,14,224,8,1,0.125,0.008771929824561403,14.25,sealed_dsv4
13,14,14,200,8,1,0.125,0.008771929824561403,14.25,sealed_dsv4
13,14,14,255,8,1,0.125,0.008771929824561403,14.25,sealed_dsv4
13,14,14,170,8,1,0.125,0.008771929824561403,14.25,sealed_dsv4
13,14,14,246,8,1,0.125,0.008771929824561403,14.25,sealed_dsv4
13,14,14,57,8,1,0.125,0.008771929824561403,14.25,sealed_dsv4
13,14,14,80,8,1,0.125,0.05263157894736842,2.375,sealed_dsv4
13,14,14,234,8,1,0.125,0.05263157894736842,2.375,sealed_dsv4
13,14,14,16,8,1,0.125,0.008771929824561403,14.25,sealed_dsv4
13,14,14,182,8,1,0.125,0.008771929824561403,14.25,sealed_dsv4
13,14,14,151,8,1,0.125,0.008771929824561403,14.25,sealed_dsv4
13,14,14,7,8,1,0.125,0.008771929824561403,14.25,sealed_dsv4
13,14,14,208,8,1,0.125,0.008771929824561403,14.25,sealed_dsv4
14,41,15,90,7,1,0.14285714285714285,0.008333333333333333,17.142857142857142,sealed_dsv4
14,41,15,242,7,1,0.14285714285714285,0.016666666666666666,8.571428571428571,sealed_dsv4
14,41,15,145,7,1,0.14285714285714285,0.008333333333333333,17.142857142857142,sealed_dsv4
14,41,15,239,7,1,0.14285714285714285,0.008333333333333333,17.142857142857142,sealed_dsv4
14,41,15,22,7,1,0.14285714285714285,0.008333333333333333,17.142857142857142,sealed_dsv4
14,41,15,60,7,1,0.14285714285714285,0.008333333333333333,17.142857142857142,sealed_dsv4
14,41,15,188,7,1,0.14285714285714285,0.008333333333333333,17.142857142857142,sealed_dsv4
14,41,15,107,7,1,0.14285714285714285,0.008333333333333333,17.142857142857142,sealed_dsv4
14,41,15,180,7,1,0.14285714285714285,0.008333333333333333,17.142857142857142,sealed_dsv4
14,41,15,100,7,1,0.14285714285714285,0.008333333333333333,17.142857142857142,sealed_dsv4
14,41,15,66,7,1,0.14285714285714285,0.008333333333333333,17.142857142857142,sealed_dsv4
14,41,15,4,7,1,0.14285714285714285,0.008333333333333333,17.142857142857142,sealed_dsv4
14,41,15,106,7,1,0.14285714285714285,0.008333333333333333,17.142857142857142,sealed_dsv4
14,41,15,95,7,1,0.14285714285714285,0.008333333333333333,17.142857142857142,sealed_dsv4
14,41,15,169,7,1,0.14285714285714285,0.008333333333333333,17.142857142857142,sealed_dsv4
14,41,15,210,7,1,0.14285714285714285,0.008333333333333333,17.142857142857142,sealed_dsv4
14,41,15,51,7,1,0.14285714285714285,0.008333333333333333,17.142857142857142,sealed_dsv4
14,41,15,27,7,1,0.14285714285714285,0.016666666666666666,8.571428571428571,sealed_dsv4
14,41,15,83,7,1,0.14285714285714285,0.008333333333333333,17.142857142857142,sealed_dsv4
14,41,15,46,7,1,0.14285714285714285,0.008333333333333333,17.142857142857142,sealed_dsv4
14,41,15,121,7,1,0.14285714285714285,0.008333333333333333,17.142857142857142,sealed_dsv4
14,80,15,90,6,1,0.16666666666666666,0.008333333333333333,20.0,sealed_dsv4
14,80,15,242,6,1,0.16666666666666666,0.016666666666666666,10.0,sealed_dsv4
14,80,15,145,6,1,0.16666666666666666,0.008333333333333333,20.0,sealed_dsv4
14,80,15,239,6,1,0.16666666666666666,0.008333333333333333,20.0,sealed_dsv4
14,80,15,22,6,1,0.16666666666666666,0.008333333333333333,20.0,sealed_dsv4
14,80,15,60,6,1,0.16666666666666666,0.008333333333333333,20.0,sealed_dsv4
14,80,15,188,6,1,0.16666666666666666,0.008333333333333333,20.0,sealed_dsv4
14,80,15,107,6,1,0.16666666666666666,0.008333333333333333,20.0,sealed_dsv4
14,80,15,180,6,1,0.16666666666666666,0.008333333333333333,20.0,sealed_dsv4
14,80,15,100,6,1,0.16666666666666666,0.008333333333333333,20.0,sealed_dsv4
14,80,15,66,6,1,0.16666666666666666,0.008333333333333333,20.0,sealed_dsv4
14,80,15,176,6,1,0.16666666666666666,0.06666666666666667,2.5,sealed_dsv4
14,80,15,4,6,1,0.16666666666666666,0.008333333333333333,20.0,sealed_dsv4
14,80,15,106,6,1,0.16666666666666666,0.008333333333333333,20.0,sealed_dsv4
14,80,15,95,6,1,0.16666666666666666,0.008333333333333333,20.0,sealed_dsv4
14,80,15,169,6,1,0.16666666666666666,0.008333333333333333,20.0,sealed_dsv4
14,80,15,192,6,1,0.16666666666666666,0.016666666666666666,10.0,sealed_dsv4
14,80,15,210,6,1,0.16666666666666666,0.008333333333333333,20.0,sealed_dsv4
14,80,15,212,6,1,0.16666666666666666,0.025,6.666666666666666,sealed_dsv4
14,80,15,79,6,1,0.16666666666666666,0.041666666666666664,4.0,sealed_dsv4
14,80,15,51,6,1,0.16666666666666666,0.008333333333333333,20.0,sealed_dsv4
14,80,15,27,6,1,0.16666666666666666,0.016666666666666666,10.0,sealed_dsv4
14,80,15,213,6,1,0.16666666666666666,0.025,6.666666666666666,sealed_dsv4
14,80,15,83,6,1,0.16666666666666666,0.008333333333333333,20.0,sealed_dsv4
14,80,15,46,6,1,0.16666666666666666,0.008333333333333333,20.0,sealed_dsv4
14,80,15,121,6,1,0.16666666666666666,0.008333333333333333,20.0,sealed_dsv4
14,234,15,90,6,1,0.16666666666666666,0.008333333333333333,20.0,sealed_dsv4
14,234,15,242,6,1,0.16666666666666666,0.016666666666666666,10.0,sealed_dsv4
14,234,15,145,6,1,0.16666666666666666,0.008333333333333333,20.0,sealed_dsv4
14,234,15,239,6,1,0.16666666666666666,0.008333333333333333,20.0,sealed_dsv4
14,234,15,22,6,1,0.16666666666666666,0.008333333333333333,20.0,sealed_dsv4
14,234,15,60,6,1,0.16666666666666666,0.008333333333333333,20.0,sealed_dsv4
14,234,15,188,6,1,0.16666666666666666,0.008333333333333333,20.0,sealed_dsv4
14,234,15,107,6,1,0.16666666666666666,0.008333333333333333,20.0,sealed_dsv4
14,234,15,180,6,1,0.16666666666666666,0.008333333333333333,20.0,sealed_dsv4
14,234,15,100,6,1,0.16666666666666666,0.008333333333333333,20.0,sealed_dsv4
14,234,15,66,6,1,0.16666666666666666,0.008333333333333333,20.0,sealed_dsv4
14,234,15,176,6,1,0.16666666666666666,0.06666666666666667,2.5,sealed_dsv4
14,234,15,4,6,1,0.16666666666666666,0.008333333333333333,20.0,sealed_dsv4
14,234,15,106,6,1,0.16666666666666666,0.008333333333333333,20.0,sealed_dsv4
14,234,15,95,6,1,0.16666666666666666,0.008333333333333333,20.0,sealed_dsv4
14,234,15,169,6,1,0.16666666666666666,0.008333333333333333,20.0,sealed_dsv4
14,234,15,192,6,1,0.16666666666666666,0.016666666666666666,10.0,sealed_dsv4
14,234,15,210,6,1,0.16666666666666666,0.008333333333333333,20.0,sealed_dsv4
14,234,15,212,6,1,0.16666666666666666,0.025,6.666666666666666,sealed_dsv4
14,234,15,79,6,1,0.16666666666666666,0.041666666666666664,4.0,sealed_dsv4
14,234,15,51,6,1,0.16666666666666666,0.008333333333333333,20.0,sealed_dsv4
14,234,15,27,6,1,0.16666666666666666,0.016666666666666666,10.0,sealed_dsv4
14,234,15,213,6,1,0.16666666666666666,0.025,6.666666666666666,sealed_dsv4
14,234,15,83,6,1,0.16666666666666666,0.008333333333333333,20.0,sealed_dsv4
14,234,15,46,6,1,0.16666666666666666,0.008333333333333333,20.0,sealed_dsv4
14,234,15,121,6,1,0.16666666666666666,0.008333333333333333,20.0,sealed_dsv4
14,49,15,90,8,1,0.125,0.008333333333333333,15.0,sealed_dsv4
14,49,15,145,8,1,0.125,0.008333333333333333,15.0,sealed_dsv4
14,49,15,239,8,1,0.125,0.008333333333333333,15.0,sealed_dsv4
14,49,15,22,8,1,0.125,0.008333333333333333,15.0,sealed_dsv4
14,49,15,60,8,1,0.125,0.008333333333333333,15.0,sealed_dsv4
14,49,15,188,8,1,0.125,0.008333333333333333,15.0,sealed_dsv4
14,49,15,107,8,1,0.125,0.008333333333333333,15.0,sealed_dsv4
14,49,15,180,8,1,0.125,0.008333333333333333,15.0,sealed_dsv4
14,49,15,100,8,1,0.125,0.008333333333333333,15.0,sealed_dsv4
14,49,15,66,8,1,0.125,0.008333333333333333,15.0,sealed_dsv4
14,49,15,4,8,1,0.125,0.008333333333333333,15.0,sealed_dsv4
14,49,15,106,8,1,0.125,0.008333333333333333,15.0,sealed_dsv4
14,49,15,95,8,1,0.125,0.008333333333333333,15.0,sealed_dsv4
14,49,15,169,8,1,0.125,0.008333333333333333,15.0,sealed_dsv4
14,49,15,135,8,1,0.125,0.06666666666666667,1.875,sealed_dsv4
14,49,15,210,8,1,0.125,0.008333333333333333,15.0,sealed_dsv4
14,49,15,162,8,1,0.125,0.025,5.0,sealed_dsv4
14,49,15,51,8,1,0.125,0.008333333333333333,15.0,sealed_dsv4
14,49,15,83,8,1,0.125,0.008333333333333333,15.0,sealed_dsv4
14,49,15,46,8,1,0.125,0.008333333333333333,15.0,sealed_dsv4
14,49,15,121,8,1,0.125,0.008333333333333333,15.0,sealed_dsv4
14,235,15,90,6,1,0.16666666666666666,0.008333333333333333,20.0,sealed_dsv4
14,235,15,145,6,1,0.16666666666666666,0.008333333333333333,20.0,sealed_dsv4
14,235,15,239,6,1,0.16666666666666666,0.008333333333333333,20.0,sealed_dsv4
14,235,15,22,6,1,0.16666666666666666,0.008333333333333333,20.0,sealed_dsv4
14,235,15,60,6,1,0.16666666666666666,0.008333333333333333,20.0,sealed_dsv4
14,235,15,188,6,1,0.16666666666666666,0.008333333333333333,20.0,sealed_dsv4
14,235,15,107,6,1,0.16666666666666666,0.008333333333333333,20.0,sealed_dsv4
14,235,15,180,6,1,0.16666666666666666,0.008333333333333333,20.0,sealed_dsv4
14,235,15,100,6,1,0.16666666666666666,0.008333333333333333,20.0,sealed_dsv4
14,235,15,66,6,1,0.16666666666666666,0.008333333333333333,20.0,sealed_dsv4
14,235,15,4,6,1,0.16666666666666666,0.008333333333333333,20.0,sealed_dsv4
14,235,15,106,6,1,0.16666666666666666,0.008333333333333333,20.0,sealed_dsv4
14,235,15,95,6,1,0.16666666666666666,0.008333333333333333,20.0,sealed_dsv4
14,235,15,169,6,1,0.16666666666666666,0.008333333333333333,20.0,sealed_dsv4
14,235,15,15,6,1,0.16666666666666666,0.075,2.2222222222222223,sealed_dsv4
14,235,15,135,6,1,0.16666666666666666,0.06666666666666667,2.5,sealed_dsv4
14,235,15,210,6,1,0.16666666666666666,0.008333333333333333,20.0,sealed_dsv4
14,235,15,162,6,1,0.16666666666666666,0.025,6.666666666666666,sealed_dsv4
14,235,15,212,6,1,0.16666666666666666,0.025,6.666666666666666,sealed_dsv4
14,235,15,51,6,1,0.16666666666666666,0.008333333333333333,20.0,sealed_dsv4
14,235,15,83,6,1,0.16666666666666666,0.008333333333333333,20.0,sealed_dsv4
14,235,15,46,6,1,0.16666666666666666,0.008333333333333333,20.0,sealed_dsv4
14,235,15,121,6,1,0.16666666666666666,0.008333333333333333,20.0,sealed_dsv4
15,186,16,250,5,1,0.2,0.008620689655172414,23.200000000000003,sealed_dsv4
15,186,16,165,5,1,0.2,0.008620689655172414,23.200000000000003,sealed_dsv4
15,186,16,10,5,1,0.2,0.008620689655172414,23.200000000000003,sealed_dsv4
15,186,16,76,5,1,0.2,0.008620689655172414,23.200000000000003,sealed_dsv4
15,186,16,205,5,1,0.2,0.017241379310344827,11.600000000000001,sealed_dsv4
15,186,16,253,5,1,0.2,0.008620689655172414,23.200000000000003,sealed_dsv4
15,186,16,26,5,1,0.2,0.008620689655172414,23.200000000000003,sealed_dsv4
15,186,16,12,5,1,0.2,0.008620689655172414,23.200000000000003,sealed_dsv4
15,186,16,234,5,1,0.2,0.008620689655172414,23.200000000000003,sealed_dsv4
15,186,16,155,5,1,0.2,0.008620689655172414,23.200000000000003,sealed_dsv4
15,186,16,254,5,1,0.2,0.008620689655172414,23.200000000000003,sealed_dsv4
15,186,16,246,5,1,0.2,0.008620689655172414,23.200000000000003,sealed_dsv4
15,186,16,91,5,1,0.2,0.008620689655172414,23.200000000000003,sealed_dsv4
15,186,16,118,5,1,0.2,0.008620689655172414,23.200000000000003,sealed_dsv4
15,186,16,61,5,1,0.2,0.017241379310344827,11.600000000000001,sealed_dsv4
15,186,16,133,5,1,0.2,0.008620689655172414,23.200000000000003,sealed_dsv4
15,186,16,106,5,1,0.2,0.017241379310344827,11.600000000000001,sealed_dsv4
15,186,16,131,5,1,0.2,0.008620689655172414,23.200000000000003,sealed_dsv4
15,186,16,148,5,1,0.2,0.017241379310344827,11.600000000000001,sealed_dsv4
15,186,16,30,5,1,0.2,0.008620689655172414,23.200000000000003,sealed_dsv4
15,186,16,213,5,1,0.2,0.008620689655172414,23.200000000000003,sealed_dsv4
15,176,16,250,8,1,0.125,0.008620689655172414,14.5,sealed_dsv4
15,176,16,165,8,1,0.125,0.008620689655172414,14.5,sealed_dsv4
15,176,16,10,8,1,0.125,0.008620689655172414,14.5,sealed_dsv4
15,176,16,76,8,1,0.125,0.008620689655172414,14.5,sealed_dsv4
15,176,16,253,8,1,0.125,0.008620689655172414,14.5,sealed_dsv4
15,176,16,26,8,1,0.125,0.008620689655172414,14.5,sealed_dsv4
15,176,16,12,8,1,0.125,0.008620689655172414,14.5,sealed_dsv4
15,176,16,234,8,1,0.125,0.008620689655172414,14.5,sealed_dsv4
15,176,16,155,8,1,0.125,0.008620689655172414,14.5,sealed_dsv4
15,176,16,254,8,1,0.125,0.008620689655172414,14.5,sealed_dsv4
15,176,16,246,8,1,0.125,0.008620689655172414,14.5,sealed_dsv4
15,176,16,91,8,1,0.125,0.008620689655172414,14.5,sealed_dsv4
15,176,16,118,8,1,0.125,0.008620689655172414,14.5,sealed_dsv4
15,176,16,61,8,1,0.125,0.017241379310344827,7.25,sealed_dsv4
15,176,16,133,8,1,0.125,0.008620689655172414,14.5,sealed_dsv4
15,176,16,106,8,1,0.125,0.017241379310344827,7.25,sealed_dsv4
15,176,16,131,8,1,0.125,0.008620689655172414,14.5,sealed_dsv4
15,176,16,148,8,1,0.125,0.017241379310344827,7.25,sealed_dsv4
15,176,16,30,8,1,0.125,0.008620689655172414,14.5,sealed_dsv4
15,176,16,143,8,1,0.125,0.017241379310344827,7.25,sealed_dsv4
15,176,16,213,8,1,0.125,0.008620689655172414,14.5,sealed_dsv4
15,15,16,250,9,1,0.1111111111111111,0.008620689655172414,12.888888888888888,sealed_dsv4
15,15,16,165,9,1,0.1111111111111111,0.008620689655172414,12.888888888888888,sealed_dsv4
15,15,16,10,9,1,0.1111111111111111,0.008620689655172414,12.888888888888888,sealed_dsv4
15,15,16,76,9,1,0.1111111111111111,0.008620689655172414,12.888888888888888,sealed_dsv4
15,15,16,205,9,1,0.1111111111111111,0.017241379310344827,6.444444444444444,sealed_dsv4
15,15,16,253,9,1,0.1111111111111111,0.008620689655172414,12.888888888888888,sealed_dsv4
15,15,16,26,9,1,0.1111111111111111,0.008620689655172414,12.888888888888888,sealed_dsv4
15,15,16,255,9,1,0.1111111111111111,0.05172413793103448,2.148148148148148,sealed_dsv4
15,15,16,12,9,1,0.1111111111111111,0.008620689655172414,12.888888888888888,sealed_dsv4
15,15,16,234,9,1,0.1111111111111111,0.008620689655172414,12.888888888888888,sealed_dsv4
15,15,16,155,9,1,0.1111111111111111,0.008620689655172414,12.888888888888888,sealed_dsv4
15,15,16,254,9,1,0.1111111111111111,0.008620689655172414,12.888888888888888,sealed_dsv4
15,15,16,246,9,1,0.1111111111111111,0.008620689655172414,12.888888888888888,sealed_dsv4
15,15,16,91,9,1,0.1111111111111111,0.008620689655172414,12.888888888888888,sealed_dsv4
15,15,16,118,9,1,0.1111111111111111,0.008620689655172414,12.888888888888888,sealed_dsv4
15,15,16,133,9,1,0.1111111111111111,0.008620689655172414,12.888888888888888,sealed_dsv4
15,15,16,131,9,1,0.1111111111111111,0.008620689655172414,12.888888888888888,sealed_dsv4
15,15,16,148,9,1,0.1111111111111111,0.017241379310344827,6.444444444444444,sealed_dsv4
15,15,16,30,9,1,0.1111111111111111,0.008620689655172414,12.888888888888888,sealed_dsv4
15,15,16,213,9,1,0.1111111111111111,0.008620689655172414,12.888888888888888,sealed_dsv4
15,15,16,57,9,1,0.1111111111111111,0.05172413793103448,2.148148148148148,sealed_dsv4
15,135,16,250,8,1,0.125,0.008620689655172414,14.5,sealed_dsv4
15,135,16,165,8,1,0.125,0.008620689655172414,14.5,sealed_dsv4
15,135,16,10,8,1,0.125,0.008620689655172414,14.5,sealed_dsv4
15,135,16,76,8,1,0.125,0.008620689655172414,14.5,sealed_dsv4
15,135,16,205,8,1,0.125,0.017241379310344827,7.25,sealed_dsv4
15,135,16,253,8,1,0.125,0.008620689655172414,14.5,sealed_dsv4
15,135,16,26,8,1,0.125,0.008620689655172414,14.5,sealed_dsv4
15,135,16,255,8,1,0.125,0.05172413793103448,2.4166666666666665,sealed_dsv4
15,135,16,12,8,1,0.125,0.008620689655172414,14.5,sealed_dsv4
15,135,16,234,8,1,0.125,0.008620689655172414,14.5,sealed_dsv4
15,135,16,155,8,1,0.125,0.008620689655172414,14.5,sealed_dsv4
15,135,16,254,8,1,0.125,0.008620689655172414,14.5,sealed_dsv4
15,135,16,246,8,1,0.125,0.008620689655172414,14.5,sealed_dsv4
15,135,16,91,8,1,0.125,0.008620689655172414,14.5,sealed_dsv4
15,135,16,118,8,1,0.125,0.008620689655172414,14.5,sealed_dsv4
15,135,16,133,8,1,0.125,0.008620689655172414,14.5,sealed_dsv4
15,135,16,131,8,1,0.125,0.008620689655172414,14.5,sealed_dsv4
15,135,16,30,8,1,0.125,0.008620689655172414,14.5,sealed_dsv4
15,135,16,213,8,1,0.125,0.008620689655172414,14.5,sealed_dsv4
15,135,16,57,8,1,0.125,0.05172413793103448,2.4166666666666665,sealed_dsv4
15,79,16,250,5,1,0.2,0.008620689655172414,23.200000000000003,sealed_dsv4
15,79,16,165,5,1,0.2,0.008620689655172414,23.200000000000003,sealed_dsv4
15,79,16,10,5,1,0.2,0.008620689655172414,23.200000000000003,sealed_dsv4
15,79,16,76,5,1,0.2,0.008620689655172414,23.200000000000003,sealed_dsv4
15,79,16,205,5,1,0.2,0.017241379310344827,11.600000000000001,sealed_dsv4
15,79,16,253,5,1,0.2,0.008620689655172414,23.200000000000003,sealed_dsv4
15,79,16,26,5,1,0.2,0.008620689655172414,23.200000000000003,sealed_dsv4
15,79,16,12,5,1,0.2,0.008620689655172414,23.200000000000003,sealed_dsv4
15,79,16,234,5,1,0.2,0.008620689655172414,23.200000000000003,sealed_dsv4
15,79,16,155,5,1,0.2,0.008620689655172414,23.200000000000003,sealed_dsv4
15,79,16,254,5,1,0.2,0.008620689655172414,23.200000000000003,sealed_dsv4
15,79,16,246,5,1,0.2,0.008620689655172414,23.200000000000003,sealed_dsv4
15,79,16,91,5,1,0.2,0.008620689655172414,23.200000000000003,sealed_dsv4
15,79,16,118,5,1,0.2,0.008620689655172414,23.200000000000003,sealed_dsv4
15,79,16,92,5,1,0.2,0.08620689655172414,2.32,sealed_dsv4
15,79,16,61,5,1,0.2,0.017241379310344827,11.600000000000001,sealed_dsv4
15,79,16,36,5,1,0.2,0.034482758620689655,5.800000000000001,sealed_dsv4
15,79,16,133,5,1,0.2,0.008620689655172414,23.200000000000003,sealed_dsv4
15,79,16,106,5,1,0.2,0.017241379310344827,11.600000000000001,sealed_dsv4
15,79,16,131,5,1,0.2,0.008620689655172414,23.200000000000003,sealed_dsv4
15,79,16,148,5,1,0.2,0.017241379310344827,11.600000000000001,sealed_dsv4
15,79,16,30,5,1,0.2,0.008620689655172414,23.200000000000003,sealed_dsv4
15,79,16,143,5,1,0.2,0.017241379310344827,11.600000000000001,sealed_dsv4
15,79,16,213,5,1,0.2,0.008620689655172414,23.200000000000003,sealed_dsv4
16,255,17,181,6,1,0.16666666666666666,0.008928571428571428,18.666666666666668,sealed_dsv4
16,255,17,22,6,1,0.16666666666666666,0.008928571428571428,18.666666666666668,sealed_dsv4
16,255,17,113,6,1,0.16666666666666666,0.008928571428571428,18.666666666666668,sealed_dsv4
16,255,17,182,6,1,0.16666666666666666,0.008928571428571428,18.666666666666668,sealed_dsv4
16,255,17,68,6,1,0.16666666666666666,0.008928571428571428,18.666666666666668,sealed_dsv4
16,255,17,236,6,1,0.16666666666666666,0.008928571428571428,18.666666666666668,sealed_dsv4
16,255,17,62,6,1,0.16666666666666666,0.008928571428571428,18.666666666666668,sealed_dsv4
16,255,17,198,6,1,0.16666666666666666,0.008928571428571428,18.666666666666668,sealed_dsv4
16,255,17,33,6,1,0.16666666666666666,0.008928571428571428,18.666666666666668,sealed_dsv4
16,255,17,255,6,1,0.16666666666666666,0.008928571428571428,18.666666666666668,sealed_dsv4
16,255,17,253,6,1,0.16666666666666666,0.008928571428571428,18.666666666666668,sealed_dsv4
16,255,17,161,6,1,0.16666666666666666,0.008928571428571428,18.666666666666668,sealed_dsv4
16,255,17,200,6,1,0.16666666666666666,0.008928571428571428,18.666666666666668,sealed_dsv4
16,255,17,63,6,1,0.16666666666666666,0.017857142857142856,9.333333333333334,sealed_dsv4
16,255,17,4,6,1,0.16666666666666666,0.008928571428571428,18.666666666666668,sealed_dsv4
16,255,17,166,6,1,0.16666666666666666,0.017857142857142856,9.333333333333334,sealed_dsv4
16,255,17,221,6,1,0.16666666666666666,0.026785714285714284,6.222222222222222,sealed_dsv4
16,92,17,181,10,1,0.1,0.008928571428571428,11.200000000000001,sealed_dsv4
16,92,17,22,10,1,0.1,0.008928571428571428,11.200000000000001,sealed_dsv4
16,92,17,113,10,1,0.1,0.008928571428571428,11.200000000000001,sealed_dsv4
16,92,17,182,10,1,0.1,0.008928571428571428,11.200000000000001,sealed_dsv4
16,92,17,68,10,1,0.1,0.008928571428571428,11.200000000000001,sealed_dsv4
16,92,17,222,10,1,0.1,0.03571428571428571,2.8000000000000003,sealed_dsv4
16,92,17,104,10,1,0.1,0.044642857142857144,2.24,sealed_dsv4
16,92,17,236,10,1,0.1,0.008928571428571428,11.200000000000001,sealed_dsv4
16,92,17,62,10,1,0.1,0.008928571428571428,11.200000000000001,sealed_dsv4
16,92,17,198,10,1,0.1,0.008928571428571428,11.200000000000001,sealed_dsv4
16,92,17,33,10,1,0.1,0.008928571428571428,11.200000000000001,sealed_dsv4
16,92,17,255,10,1,0.1,0.008928571428571428,11.200000000000001,sealed_dsv4
16,92,17,253,10,1,0.1,0.008928571428571428,11.200000000000001,sealed_dsv4
16,92,17,161,10,1,0.1,0.008928571428571428,11.200000000000001,sealed_dsv4
16,92,17,200,10,1,0.1,0.008928571428571428,11.200000000000001,sealed_dsv4
16,92,17,4,10,1,0.1,0.008928571428571428,11.200000000000001,sealed_dsv4
16,92,17,195,10,1,0.1,0.026785714285714284,3.733333333333334,sealed_dsv4
16,92,17,108,10,1,0.1,0.044642857142857144,2.24,sealed_dsv4
16,57,17,181,6,1,0.16666666666666666,0.008928571428571428,18.666666666666668,sealed_dsv4
16,57,17,22,6,1,0.16666666666666666,0.008928571428571428,18.666666666666668,sealed_dsv4
16,57,17,113,6,1,0.16666666666666666,0.008928571428571428,18.666666666666668,sealed_dsv4
16,57,17,182,6,1,0.16666666666666666,0.008928571428571428,18.666666666666668,sealed_dsv4
16,57,17,68,6,1,0.16666666666666666,0.008928571428571428,18.666666666666668,sealed_dsv4
16,57,17,236,6,1,0.16666666666666666,0.008928571428571428,18.666666666666668,sealed_dsv4
16,57,17,62,6,1,0.16666666666666666,0.008928571428571428,18.666666666666668,sealed_dsv4
16,57,17,198,6,1,0.16666666666666666,0.008928571428571428,18.666666666666668,sealed_dsv4
16,57,17,33,6,1,0.16666666666666666,0.008928571428571428,18.666666666666668,sealed_dsv4
16,57,17,255,6,1,0.16666666666666666,0.008928571428571428,18.666666666666668,sealed_dsv4
16,57,17,253,6,1,0.16666666666666666,0.008928571428571428,18.666666666666668,sealed_dsv4
16,57,17,161,6,1,0.16666666666666666,0.008928571428571428,18.666666666666668,sealed_dsv4
16,57,17,200,6,1,0.16666666666666666,0.008928571428571428,18.666666666666668,sealed_dsv4
16,57,17,63,6,1,0.16666666666666666,0.017857142857142856,9.333333333333334,sealed_dsv4
16,57,17,4,6,1,0.16666666666666666,0.008928571428571428,18.666666666666668,sealed_dsv4
16,57,17,166,6,1,0.16666666666666666,0.017857142857142856,9.333333333333334,sealed_dsv4
16,57,17,221,6,1,0.16666666666666666,0.026785714285714284,6.222222222222222,sealed_dsv4
17,104,18,83,5,1,0.2,0.008695652173913044,23.0,sealed_dsv4
17,104,18,186,5,1,0.2,0.008695652173913044,23.0,sealed_dsv4
17,104,18,74,5,1,0.2,0.017391304347826087,11.5,sealed_dsv4
17,104,18,152,5,1,0.2,0.008695652173913044,23.0,sealed_dsv4
17,104,18,193,5,1,0.2,0.008695652173913044,23.0,sealed_dsv4
17,104,18,96,5,1,0.2,0.008695652173913044,23.0,sealed_dsv4
17,104,18,206,5,1,0.2,0.008695652173913044,23.0,sealed_dsv4
17,104,18,208,5,1,0.2,0.008695652173913044,23.0,sealed_dsv4
17,104,18,125,5,1,0.2,0.008695652173913044,23.0,sealed_dsv4
17,104,18,229,5,1,0.2,0.008695652173913044,23.0,sealed_dsv4
17,104,18,184,5,1,0.2,0.008695652173913044,23.0,sealed_dsv4
17,104,18,224,5,1,0.2,0.008695652173913044,23.0,sealed_dsv4
17,104,18,156,5,1,0.2,0.017391304347826087,11.5,sealed_dsv4
17,104,18,212,5,1,0.2,0.008695652173913044,23.0,sealed_dsv4
17,104,18,108,5,1,0.2,0.017391304347826087,11.5,sealed_dsv4
17,104,18,154,5,1,0.2,0.008695652173913044,23.0,sealed_dsv4
17,104,18,43,5,1,0.2,0.008695652173913044,23.0,sealed_dsv4
17,104,18,179,5,1,0.2,0.008695652173913044,23.0,sealed_dsv4
17,108,18,83,5,1,0.2,0.008695652173913044,23.0,sealed_dsv4
17,108,18,186,5,1,0.2,0.008695652173913044,23.0,sealed_dsv4
17,108,18,74,5,1,0.2,0.017391304347826087,11.5,sealed_dsv4
17,108,18,152,5,1,0.2,0.008695652173913044,23.0,sealed_dsv4
17,108,18,193,5,1,0.2,0.008695652173913044,23.0,sealed_dsv4
17,108,18,96,5,1,0.2,0.008695652173913044,23.0,sealed_dsv4
17,108,18,206,5,1,0.2,0.008695652173913044,23.0,sealed_dsv4
17,108,18,208,5,1,0.2,0.008695652173913044,23.0,sealed_dsv4
17,108,18,125,5,1,0.2,0.008695652173913044,23.0,sealed_dsv4
17,108,18,229,5,1,0.2,0.008695652173913044,23.0,sealed_dsv4
17,108,18,184,5,1,0.2,0.008695652173913044,23.0,sealed_dsv4
17,108,18,224,5,1,0.2,0.008695652173913044,23.0,sealed_dsv4
17,108,18,156,5,1,0.2,0.017391304347826087,11.5,sealed_dsv4
17,108,18,212,5,1,0.2,0.008695652173913044,23.0,sealed_dsv4
17,108,18,108,5,1,0.2,0.017391304347826087,11.5,sealed_dsv4
17,108,18,154,5,1,0.2,0.008695652173913044,23.0,sealed_dsv4
17,108,18,43,5,1,0.2,0.008695652173913044,23.0,sealed_dsv4
17,108,18,179,5,1,0.2,0.008695652173913044,23.0,sealed_dsv4
18,75,19,116,14,1,0.07142857142857142,0.00819672131147541,8.714285714285714,sealed_dsv4
18,75,19,249,14,1,0.07142857142857142,0.00819672131147541,8.714285714285714,sealed_dsv4
18,75,19,150,14,1,0.07142857142857142,0.00819672131147541,8.714285714285714,sealed_dsv4
18,75,19,191,14,1,0.07142857142857142,0.00819672131147541,8.714285714285714,sealed_dsv4
18,75,19,223,14,1,0.07142857142857142,0.00819672131147541,8.714285714285714,sealed_dsv4
18,75,19,73,14,1,0.07142857142857142,0.00819672131147541,8.714285714285714,sealed_dsv4
18,75,19,70,14,1,0.07142857142857142,0.00819672131147541,8.714285714285714,sealed_dsv4
18,75,19,79,14,1,0.07142857142857142,0.00819672131147541,8.714285714285714,sealed_dsv4
18,75,19,250,14,1,0.07142857142857142,0.00819672131147541,8.714285714285714,sealed_dsv4
18,75,19,245,14,1,0.07142857142857142,0.00819672131147541,8.714285714285714,sealed_dsv4
18,75,19,176,14,1,0.07142857142857142,0.00819672131147541,8.714285714285714,sealed_dsv4
18,75,19,109,14,1,0.07142857142857142,0.00819672131147541,8.714285714285714,sealed_dsv4
18,75,19,163,14,1,0.07142857142857142,0.00819672131147541,8.714285714285714,sealed_dsv4
18,75,19,187,14,1,0.07142857142857142,0.00819672131147541,8.714285714285714,sealed_dsv4
18,209,19,38,5,1,0.2,0.01639344262295082,12.2,sealed_dsv4
18,209,19,116,5,1,0.2,0.00819672131147541,24.4,sealed_dsv4
18,209,19,190,5,1,0.2,0.01639344262295082,12.2,sealed_dsv4
18,209,19,249,5,1,0.2,0.00819672131147541,24.4,sealed_dsv4
18,209,19,4,5,1,0.2,0.02459016393442623,8.133333333333335,sealed_dsv4
18,209,19,150,5,1,0.2,0.00819672131147541,24.4,sealed_dsv4
18,209,19,191,5,1,0.2,0.00819672131147541,24.4,sealed_dsv4
18,209,19,3,5,1,0.2,0.01639344262295082,12.2,sealed_dsv4
18,209,19,223,5,1,0.2,0.00819672131147541,24.4,sealed_dsv4
18,209,19,73,5,1,0.2,0.00819672131147541,24.4,sealed_dsv4
18,209,19,131,5,1,0.2,0.01639344262295082,12.2,sealed_dsv4
18,209,19,70,5,1,0.2,0.00819672131147541,24.4,sealed_dsv4
18,209,19,220,5,1,0.2,0.01639344262295082,12.2,sealed_dsv4
18,209,19,79,5,1,0.2,0.00819672131147541,24.4,sealed_dsv4
18,209,19,225,5,1,0.2,0.01639344262295082,12.2,sealed_dsv4
18,209,19,78,5,1,0.2,0.04918032786885246,4.066666666666667,sealed_dsv4
18,209,19,92,5,1,0.2,0.01639344262295082,12.2,sealed_dsv4
18,209,19,250,5,1,0.2,0.00819672131147541,24.4,sealed_dsv4
18,209,19,40,5,1,0.2,0.01639344262295082,12.2,sealed_dsv4
18,209,19,19,5,1,0.2,0.02459016393442623,8.133333333333335,sealed_dsv4
18,209,19,148,5,1,0.2,0.01639344262295082,12.2,sealed_dsv4
18,209,19,118,5,1,0.2,0.01639344262295082,12.2,sealed_dsv4
18,209,19,182,5,1,0.2,0.01639344262295082,12.2,sealed_dsv4
18,209,19,245,5,1,0.2,0.00819672131147541,24.4,sealed_dsv4
18,209,19,176,5,1,0.2,0.00819672131147541,24.4,sealed_dsv4
18,209,19,109,5,1,0.2,0.00819672131147541,24.4,sealed_dsv4
18,209,19,163,5,1,0.2,0.00819672131147541,24.4,sealed_dsv4
18,209,19,186,5,1,0.2,0.03278688524590164,6.1,sealed_dsv4
18,209,19,187,5,1,0.2,0.00819672131147541,24.4,sealed_dsv4
19,78,20,86,6,1,0.16666666666666666,0.008620689655172414,19.333333333333332,sealed_dsv4
19,78,20,147,6,1,0.16666666666666666,0.008620689655172414,19.333333333333332,sealed_dsv4
19,78,20,63,6,1,0.16666666666666666,0.008620689655172414,19.333333333333332,sealed_dsv4
19,78,20,244,6,1,0.16666666666666666,0.008620689655172414,19.333333333333332,sealed_dsv4
19,78,20,239,6,1,0.16666666666666666,0.008620689655172414,19.333333333333332,sealed_dsv4
19,78,20,89,6,1,0.16666666666666666,0.008620689655172414,19.333333333333332,sealed_dsv4
19,78,20,200,6,1,0.16666666666666666,0.008620689655172414,19.333333333333332,sealed_dsv4
19,78,20,151,6,1,0.16666666666666666,0.008620689655172414,19.333333333333332,sealed_dsv4
19,78,20,118,6,1,0.16666666666666666,0.008620689655172414,19.333333333333332,sealed_dsv4
19,78,20,191,6,1,0.16666666666666666,0.008620689655172414,19.333333333333332,sealed_dsv4
19,78,20,65,6,1,0.16666666666666666,0.008620689655172414,19.333333333333332,sealed_dsv4
19,78,20,81,6,1,0.16666666666666666,0.017241379310344827,9.666666666666666,sealed_dsv4
19,78,20,3,6,1,0.16666666666666666,0.034482758620689655,4.833333333333333,sealed_dsv4
19,78,20,95,6,1,0.16666666666666666,0.008620689655172414,19.333333333333332,sealed_dsv4
19,78,20,249,6,1,0.16666666666666666,0.008620689655172414,19.333333333333332,sealed_dsv4
19,78,20,70,6,1,0.16666666666666666,0.008620689655172414,19.333333333333332,sealed_dsv4
19,78,20,254,6,1,0.16666666666666666,0.008620689655172414,19.333333333333332,sealed_dsv4
19,78,20,132,6,1,0.16666666666666666,0.008620689655172414,19.333333333333332,sealed_dsv4
19,78,20,21,6,1,0.16666666666666666,0.008620689655172414,19.333333333333332,sealed_dsv4
19,78,20,61,6,1,0.16666666666666666,0.017241379310344827,9.666666666666666,sealed_dsv4
19,78,20,130,6,1,0.16666666666666666,0.008620689655172414,19.333333333333332,sealed_dsv4
19,78,20,131,6,1,0.16666666666666666,0.008620689655172414,19.333333333333332,sealed_dsv4
19,78,20,149,6,1,0.16666666666666666,0.017241379310344827,9.666666666666666,sealed_dsv4
20,187,21,177,10,1,0.1,0.008547008547008548,11.7,sealed_dsv4
20,187,21,222,10,1,0.1,0.008547008547008548,11.7,sealed_dsv4
20,187,21,207,10,1,0.1,0.008547008547008548,11.7,sealed_dsv4
20,187,21,97,10,1,0.1,0.008547008547008548,11.7,sealed_dsv4
20,187,21,22,10,1,0.1,0.008547008547008548,11.7,sealed_dsv4
20,187,21,129,10,1,0.1,0.008547008547008548,11.7,sealed_dsv4
20,187,21,226,10,1,0.1,0.008547008547008548,11.7,sealed_dsv4
20,187,21,184,10,1,0.1,0.008547008547008548,11.7,sealed_dsv4
20,187,21,197,10,1,0.1,0.017094017094017096,5.85,sealed_dsv4
20,187,21,178,10,1,0.1,0.008547008547008548,11.7,sealed_dsv4
20,187,21,93,10,1,0.1,0.008547008547008548,11.7,sealed_dsv4
20,187,21,196,10,1,0.1,0.008547008547008548,11.7,sealed_dsv4
20,187,21,9,10,1,0.1,0.02564102564102564,3.9000000000000004,sealed_dsv4
20,187,21,243,10,1,0.1,0.008547008547008548,11.7,sealed_dsv4
20,187,21,205,10,1,0.1,0.008547008547008548,11.7,sealed_dsv4
20,187,21,218,10,1,0.1,0.008547008547008548,11.7,sealed_dsv4
20,140,21,177,5,1,0.2,0.008547008547008548,23.4,sealed_dsv4
20,140,21,222,5,1,0.2,0.008547008547008548,23.4,sealed_dsv4
20,140,21,207,5,1,0.2,0.008547008547008548,23.4,sealed_dsv4
20,140,21,97,5,1,0.2,0.008547008547008548,23.4,sealed_dsv4
20,140,21,22,5,1,0.2,0.008547008547008548,23.4,sealed_dsv4
20,140,21,129,5,1,0.2,0.008547008547008548,23.4,sealed_dsv4
20,140,21,226,5,1,0.2,0.008547008547008548,23.4,sealed_dsv4
20,140,21,184,5,1,0.2,0.008547008547008548,23.4,sealed_dsv4
20,140,21,238,5,1,0.2,0.017094017094017096,11.7,sealed_dsv4
20,140,21,197,5,1,0.2,0.017094017094017096,11.7,sealed_dsv4
20,140,21,178,5,1,0.2,0.008547008547008548,23.4,sealed_dsv4
20,140,21,93,5,1,0.2,0.008547008547008548,23.4,sealed_dsv4
20,140,21,196,5,1,0.2,0.008547008547008548,23.4,sealed_dsv4
20,140,21,9,5,1,0.2,0.02564102564102564,7.800000000000001,sealed_dsv4
20,140,21,243,5,1,0.2,0.008547008547008548,23.4,sealed_dsv4
20,140,21,109,5,1,0.2,0.017094017094017096,11.7,sealed_dsv4
20,140,21,205,5,1,0.2,0.008547008547008548,23.4,sealed_dsv4
20,140,21,218,5,1,0.2,0.008547008547008548,23.4,sealed_dsv4
21,167,22,205,7,1,0.14285714285714285,0.008620689655172414,16.57142857142857,sealed_dsv4
21,167,22,178,7,1,0.14285714285714285,0.008620689655172414,16.57142857142857,sealed_dsv4
21,167,22,38,7,1,0.14285714285714285,0.008620689655172414,16.57142857142857,sealed_dsv4
21,167,22,82,7,1,0.14285714285714285,0.008620689655172414,16.57142857142857,sealed_dsv4
21,167,22,140,7,1,0.14285714285714285,0.008620689655172414,16.57142857142857,sealed_dsv4
21,167,22,17,7,1,0.14285714285714285,0.008620689655172414,16.57142857142857,sealed_dsv4
21,167,22,147,7,1,0.14285714285714285,0.008620689655172414,16.57142857142857,sealed_dsv4
21,167,22,156,7,1,0.14285714285714285,0.017241379310344827,8.285714285714285,sealed_dsv4
21,167,22,157,7,1,0.14285714285714285,0.017241379310344827,8.285714285714285,sealed_dsv4
21,167,22,160,7,1,0.14285714285714285,0.008620689655172414,16.57142857142857,sealed_dsv4
21,167,22,185,7,1,0.14285714285714285,0.02586206896551724,5.523809523809524,sealed_dsv4
21,167,22,101,7,1,0.14285714285714285,0.017241379310344827,8.285714285714285,sealed_dsv4
21,167,22,252,7,1,0.14285714285714285,0.017241379310344827,8.285714285714285,sealed_dsv4
21,167,22,194,7,1,0.14285714285714285,0.017241379310344827,8.285714285714285,sealed_dsv4
21,167,22,70,7,1,0.14285714285714285,0.017241379310344827,8.285714285714285,sealed_dsv4
21,167,22,158,7,1,0.14285714285714285,0.017241379310344827,8.285714285714285,sealed_dsv4
21,167,22,103,7,1,0.14285714285714285,0.02586206896551724,5.523809523809524,sealed_dsv4
21,167,22,117,7,1,0.14285714285714285,0.008620689655172414,16.57142857142857,sealed_dsv4
21,167,22,239,7,1,0.14285714285714285,0.017241379310344827,8.285714285714285,sealed_dsv4
21,167,22,216,7,1,0.14285714285714285,0.008620689655172414,16.57142857142857,sealed_dsv4
21,167,22,37,7,1,0.14285714285714285,0.008620689655172414,16.57142857142857,sealed_dsv4
21,167,22,0,7,1,0.14285714285714285,0.008620689655172414,16.57142857142857,sealed_dsv4
21,75,22,205,5,1,0.2,0.008620689655172414,23.200000000000003,sealed_dsv4
21,75,22,178,5,1,0.2,0.008620689655172414,23.200000000000003,sealed_dsv4
21,75,22,38,5,1,0.2,0.008620689655172414,23.200000000000003,sealed_dsv4
21,75,22,82,5,1,0.2,0.008620689655172414,23.200000000000003,sealed_dsv4
21,75,22,140,5,1,0.2,0.008620689655172414,23.200000000000003,sealed_dsv4
21,75,22,17,5,1,0.2,0.008620689655172414,23.200000000000003,sealed_dsv4
21,75,22,147,5,1,0.2,0.008620689655172414,23.200000000000003,sealed_dsv4
21,75,22,156,5,1,0.2,0.017241379310344827,11.600000000000001,sealed_dsv4
21,75,22,157,5,1,0.2,0.017241379310344827,11.600000000000001,sealed_dsv4
21,75,22,160,5,1,0.2,0.008620689655172414,23.200000000000003,sealed_dsv4
21,75,22,103,5,1,0.2,0.02586206896551724,7.733333333333334,sealed_dsv4
21,75,22,117,5,1,0.2,0.008620689655172414,23.200000000000003,sealed_dsv4
21,75,22,239,5,1,0.2,0.017241379310344827,11.600000000000001,sealed_dsv4
21,75,22,216,5,1,0.2,0.008620689655172414,23.200000000000003,sealed_dsv4
21,75,22,37,5,1,0.2,0.008620689655172414,23.200000000000003,sealed_dsv4
21,75,22,0,5,1,0.2,0.008620689655172414,23.200000000000003,sealed_dsv4
21,201,22,205,5,1,0.2,0.008620689655172414,23.200000000000003,sealed_dsv4
21,201,22,178,5,1,0.2,0.008620689655172414,23.200000000000003,sealed_dsv4
21,201,22,38,5,1,0.2,0.008620689655172414,23.200000000000003,sealed_dsv4
21,201,22,82,5,1,0.2,0.008620689655172414,23.200000000000003,sealed_dsv4
21,201,22,140,5,1,0.2,0.008620689655172414,23.200000000000003,sealed_dsv4
21,201,22,17,5,1,0.2,0.008620689655172414,23.200000000000003,sealed_dsv4
21,201,22,147,5,1,0.2,0.008620689655172414,23.200000000000003,sealed_dsv4
21,201,22,156,5,1,0.2,0.017241379310344827,11.600000000000001,sealed_dsv4
21,201,22,157,5,1,0.2,0.017241379310344827,11.600000000000001,sealed_dsv4
21,201,22,160,5,1,0.2,0.008620689655172414,23.200000000000003,sealed_dsv4
21,201,22,13,5,1,0.2,0.07758620689655173,2.577777777777778,sealed_dsv4
21,201,22,103,5,1,0.2,0.02586206896551724,7.733333333333334,sealed_dsv4
21,201,22,117,5,1,0.2,0.008620689655172414,23.200000000000003,sealed_dsv4
21,201,22,239,5,1,0.2,0.017241379310344827,11.600000000000001,sealed_dsv4
21,201,22,216,5,1,0.2,0.008620689655172414,23.200000000000003,sealed_dsv4
21,201,22,37,5,1,0.2,0.008620689655172414,23.200000000000003,sealed_dsv4
21,201,22,0,5,1,0.2,0.008620689655172414,23.200000000000003,sealed_dsv4
21,49,22,205,6,1,0.16666666666666666,0.008620689655172414,19.333333333333332,sealed_dsv4
21,49,22,178,6,1,0.16666666666666666,0.008620689655172414,19.333333333333332,sealed_dsv4
21,49,22,38,6,1,0.16666666666666666,0.008620689655172414,19.333333333333332,sealed_dsv4
21,49,22,82,6,1,0.16666666666666666,0.008620689655172414,19.333333333333332,sealed_dsv4
21,49,22,140,6,1,0.16666666666666666,0.008620689655172414,19.333333333333332,sealed_dsv4
21,49,22,17,6,1,0.16666666666666666,0.008620689655172414,19.333333333333332,sealed_dsv4
21,49,22,147,6,1,0.16666666666666666,0.008620689655172414,19.333333333333332,sealed_dsv4
21,49,22,160,6,1,0.16666666666666666,0.008620689655172414,19.333333333333332,sealed_dsv4
21,49,22,194,6,1,0.16666666666666666,0.017241379310344827,9.666666666666666,sealed_dsv4
21,49,22,70,6,1,0.16666666666666666,0.017241379310344827,9.666666666666666,sealed_dsv4
21,49,22,125,6,1,0.16666666666666666,0.05172413793103448,3.222222222222222,sealed_dsv4
21,49,22,117,6,1,0.16666666666666666,0.008620689655172414,19.333333333333332,sealed_dsv4
21,49,22,216,6,1,0.16666666666666666,0.008620689655172414,19.333333333333332,sealed_dsv4
21,49,22,37,6,1,0.16666666666666666,0.008620689655172414,19.333333333333332,sealed_dsv4
21,49,22,0,6,1,0.16666666666666666,0.008620689655172414,19.333333333333332,sealed_dsv4
22,203,23,179,7,1,0.14285714285714285,0.00847457627118644,16.857142857142858,sealed_dsv4
22,203,23,247,7,1,0.14285714285714285,0.00847457627118644,16.857142857142858,sealed_dsv4
22,203,23,198,7,1,0.14285714285714285,0.00847457627118644,16.857142857142858,sealed_dsv4
22,203,23,226,7,1,0.14285714285714285,0.00847457627118644,16.857142857142858,sealed_dsv4
22,203,23,233,7,1,0.14285714285714285,0.00847457627118644,16.857142857142858,sealed_dsv4
22,203,23,201,7,1,0.14285714285714285,0.01694915254237288,8.428571428571429,sealed_dsv4
22,203,23,231,7,1,0.14285714285714285,0.00847457627118644,16.857142857142858,sealed_dsv4
22,203,23,158,7,1,0.14285714285714285,0.00847457627118644,16.857142857142858,sealed_dsv4
22,203,23,194,7,1,0.14285714285714285,0.01694915254237288,8.428571428571429,sealed_dsv4
22,203,23,8,7,1,0.14285714285714285,0.01694915254237288,8.428571428571429,sealed_dsv4
22,203,23,122,7,1,0.14285714285714285,0.00847457627118644,16.857142857142858,sealed_dsv4
22,203,23,73,7,1,0.14285714285714285,0.01694915254237288,8.428571428571429,sealed_dsv4
22,203,23,1,7,1,0.14285714285714285,0.00847457627118644,16.857142857142858,sealed_dsv4
22,203,23,45,7,1,0.14285714285714285,0.03389830508474576,4.214285714285714,sealed_dsv4
22,203,23,93,7,1,0.14285714285714285,0.00847457627118644,16.857142857142858,sealed_dsv4
22,203,23,49,7,1,0.14285714285714285,0.00847457627118644,16.857142857142858,sealed_dsv4
22,203,23,76,7,1,0.14285714285714285,0.00847457627118644,16.857142857142858,sealed_dsv4
22,203,23,228,7,1,0.14285714285714285,0.01694915254237288,8.428571428571429,sealed_dsv4
22,123,23,179,15,1,0.06666666666666667,0.00847457627118644,7.866666666666666,sealed_dsv4
22,123,23,247,15,1,0.06666666666666667,0.00847457627118644,7.866666666666666,sealed_dsv4
22,123,23,198,15,1,0.06666666666666667,0.00847457627118644,7.866666666666666,sealed_dsv4
22,123,23,226,15,1,0.06666666666666667,0.00847457627118644,7.866666666666666,sealed_dsv4
22,123,23,233,15,1,0.06666666666666667,0.00847457627118644,7.866666666666666,sealed_dsv4
22,123,23,231,15,1,0.06666666666666667,0.00847457627118644,7.866666666666666,sealed_dsv4
22,123,23,158,15,1,0.06666666666666667,0.00847457627118644,7.866666666666666,sealed_dsv4
22,123,23,122,15,1,0.06666666666666667,0.00847457627118644,7.866666666666666,sealed_dsv4
22,123,23,73,15,1,0.06666666666666667,0.01694915254237288,3.933333333333333,sealed_dsv4
22,123,23,1,15,1,0.06666666666666667,0.00847457627118644,7.866666666666666,sealed_dsv4
22,123,23,93,15,1,0.06666666666666667,0.00847457627118644,7.866666666666666,sealed_dsv4
22,123,23,49,15,1,0.06666666666666667,0.00847457627118644,7.866666666666666,sealed_dsv4
22,123,23,76,15,1,0.06666666666666667,0.00847457627118644,7.866666666666666,sealed_dsv4
22,13,23,179,9,1,0.1111111111111111,0.00847457627118644,13.11111111111111,sealed_dsv4
22,13,23,247,9,1,0.1111111111111111,0.00847457627118644,13.11111111111111,sealed_dsv4
22,13,23,25,9,1,0.1111111111111111,0.025423728813559324,4.37037037037037,sealed_dsv4
22,13,23,198,9,1,0.1111111111111111,0.00847457627118644,13.11111111111111,sealed_dsv4
22,13,23,226,9,1,0.1111111111111111,0.00847457627118644,13.11111111111111,sealed_dsv4
22,13,23,233,9,1,0.1111111111111111,0.00847457627118644,13.11111111111111,sealed_dsv4
22,13,23,231,9,1,0.1111111111111111,0.00847457627118644,13.11111111111111,sealed_dsv4
22,13,23,158,9,1,0.1111111111111111,0.00847457627118644,13.11111111111111,sealed_dsv4
22,13,23,8,9,1,0.1111111111111111,0.01694915254237288,6.555555555555555,sealed_dsv4
22,13,23,122,9,1,0.1111111111111111,0.00847457627118644,13.11111111111111,sealed_dsv4
22,13,23,73,9,1,0.1111111111111111,0.01694915254237288,6.555555555555555,sealed_dsv4
22,13,23,1,9,1,0.1111111111111111,0.00847457627118644,13.11111111111111,sealed_dsv4
22,13,23,93,9,1,0.1111111111111111,0.00847457627118644,13.11111111111111,sealed_dsv4
22,13,23,210,9,1,0.1111111111111111,0.01694915254237288,6.555555555555555,sealed_dsv4
22,13,23,49,9,1,0.1111111111111111,0.00847457627118644,13.11111111111111,sealed_dsv4
22,13,23,76,9,1,0.1111111111111111,0.00847457627118644,13.11111111111111,sealed_dsv4
22,13,23,228,9,1,0.1111111111111111,0.01694915254237288,6.555555555555555,sealed_dsv4
22,125,23,179,6,1,0.16666666666666666,0.00847457627118644,19.666666666666664,sealed_dsv4
22,125,23,247,6,1,0.16666666666666666,0.00847457627118644,19.666666666666664,sealed_dsv4
22,125,23,188,6,1,0.16666666666666666,0.01694915254237288,9.833333333333332,sealed_dsv4
22,125,23,242,6,1,0.16666666666666666,0.025423728813559324,6.5555555555555545,sealed_dsv4
22,125,23,198,6,1,0.16666666666666666,0.00847457627118644,19.666666666666664,sealed_dsv4
22,125,23,226,6,1,0.16666666666666666,0.00847457627118644,19.666666666666664,sealed_dsv4
22,125,23,233,6,1,0.16666666666666666,0.00847457627118644,19.666666666666664,sealed_dsv4
22,125,23,201,6,1,0.16666666666666666,0.01694915254237288,9.833333333333332,sealed_dsv4
22,125,23,231,6,1,0.16666666666666666,0.00847457627118644,19.666666666666664,sealed_dsv4
22,125,23,158,6,1,0.16666666666666666,0.00847457627118644,19.666666666666664,sealed_dsv4
22,125,23,165,6,1,0.16666666666666666,0.03389830508474576,4.916666666666666,sealed_dsv4
22,125,23,194,6,1,0.16666666666666666,0.01694915254237288,9.833333333333332,sealed_dsv4
22,125,23,8,6,1,0.16666666666666666,0.01694915254237288,9.833333333333332,sealed_dsv4
22,125,23,122,6,1,0.16666666666666666,0.00847457627118644,19.666666666666664,sealed_dsv4
22,125,23,73,6,1,0.16666666666666666,0.01694915254237288,9.833333333333332,sealed_dsv4
22,125,23,1,6,1,0.16666666666666666,0.00847457627118644,19.666666666666664,sealed_dsv4
22,125,23,93,6,1,0.16666666666666666,0.00847457627118644,19.666666666666664,sealed_dsv4
22,125,23,210,6,1,0.16666666666666666,0.01694915254237288,9.833333333333332,sealed_dsv4
22,125,23,49,6,1,0.16666666666666666,0.00847457627118644,19.666666666666664,sealed_dsv4
22,125,23,60,6,1,0.16666666666666666,0.03389830508474576,4.916666666666666,sealed_dsv4
22,125,23,118,6,1,0.16666666666666666,0.025423728813559324,6.5555555555555545,sealed_dsv4
22,125,23,76,6,1,0.16666666666666666,0.00847457627118644,19.666666666666664,sealed_dsv4
22,125,23,228,6,1,0.16666666666666666,0.01694915254237288,9.833333333333332,sealed_dsv4
23,235,24,114,10,1,0.1,0.008620689655172414,11.600000000000001,sealed_dsv4
23,235,24,65,10,1,0.1,0.008620689655172414,11.600000000000001,sealed_dsv4
23,235,24,89,10,1,0.1,0.008620689655172414,11.600000000000001,sealed_dsv4
23,235,24,103,10,1,0.1,0.008620689655172414,11.600000000000001,sealed_dsv4
23,235,24,76,10,1,0.1,0.008620689655172414,11.600000000000001,sealed_dsv4
23,235,24,135,10,1,0.1,0.008620689655172414,11.600000000000001,sealed_dsv4
23,235,24,196,10,1,0.1,0.017241379310344827,5.800000000000001,sealed_dsv4
23,235,24,209,10,1,0.1,0.02586206896551724,3.866666666666667,sealed_dsv4
23,235,24,246,10,1,0.1,0.008620689655172414,11.600000000000001,sealed_dsv4
23,235,24,208,10,1,0.1,0.008620689655172414,11.600000000000001,sealed_dsv4
23,235,24,166,10,1,0.1,0.008620689655172414,11.600000000000001,sealed_dsv4
23,235,24,207,10,1,0.1,0.008620689655172414,11.600000000000001,sealed_dsv4
23,235,24,74,10,1,0.1,0.008620689655172414,11.600000000000001,sealed_dsv4
23,235,24,35,10,1,0.1,0.008620689655172414,11.600000000000001,sealed_dsv4
23,235,24,15,10,1,0.1,0.008620689655172414,11.600000000000001,sealed_dsv4
23,235,24,54,10,1,0.1,0.008620689655172414,11.600000000000001,sealed_dsv4
23,235,24,91,10,1,0.1,0.008620689655172414,11.600000000000001,sealed_dsv4
23,235,24,228,10,1,0.1,0.008620689655172414,11.600000000000001,sealed_dsv4
23,235,24,139,10,1,0.1,0.02586206896551724,3.866666666666667,sealed_dsv4
23,235,24,152,10,1,0.1,0.008620689655172414,11.600000000000001,sealed_dsv4
23,77,24,114,9,1,0.1111111111111111,0.008620689655172414,12.888888888888888,sealed_dsv4
23,77,24,65,9,1,0.1111111111111111,0.008620689655172414,12.888888888888888,sealed_dsv4
23,77,24,89,9,1,0.1111111111111111,0.008620689655172414,12.888888888888888,sealed_dsv4
23,77,24,103,9,1,0.1111111111111111,0.008620689655172414,12.888888888888888,sealed_dsv4
23,77,24,76,9,1,0.1111111111111111,0.008620689655172414,12.888888888888888,sealed_dsv4
23,77,24,135,9,1,0.1111111111111111,0.008620689655172414,12.888888888888888,sealed_dsv4
23,77,24,196,9,1,0.1111111111111111,0.017241379310344827,6.444444444444444,sealed_dsv4
23,77,24,209,9,1,0.1111111111111111,0.02586206896551724,4.296296296296296,sealed_dsv4
23,77,24,246,9,1,0.1111111111111111,0.008620689655172414,12.888888888888888,sealed_dsv4
23,77,24,208,9,1,0.1111111111111111,0.008620689655172414,12.888888888888888,sealed_dsv4
23,77,24,166,9,1,0.1111111111111111,0.008620689655172414,12.888888888888888,sealed_dsv4
23,77,24,207,9,1,0.1111111111111111,0.008620689655172414,12.888888888888888,sealed_dsv4
23,77,24,74,9,1,0.1111111111111111,0.008620689655172414,12.888888888888888,sealed_dsv4
23,77,24,35,9,1,0.1111111111111111,0.008620689655172414,12.888888888888888,sealed_dsv4
23,77,24,15,9,1,0.1111111111111111,0.008620689655172414,12.888888888888888,sealed_dsv4
23,77,24,54,9,1,0.1111111111111111,0.008620689655172414,12.888888888888888,sealed_dsv4
23,77,24,91,9,1,0.1111111111111111,0.008620689655172414,12.888888888888888,sealed_dsv4
23,77,24,228,9,1,0.1111111111111111,0.008620689655172414,12.888888888888888,sealed_dsv4
23,77,24,139,9,1,0.1111111111111111,0.02586206896551724,4.296296296296296,sealed_dsv4
23,77,24,152,9,1,0.1111111111111111,0.008620689655172414,12.888888888888888,sealed_dsv4
23,74,24,114,7,1,0.14285714285714285,0.008620689655172414,16.57142857142857,sealed_dsv4
23,74,24,65,7,1,0.14285714285714285,0.008620689655172414,16.57142857142857,sealed_dsv4
23,74,24,89,7,1,0.14285714285714285,0.008620689655172414,16.57142857142857,sealed_dsv4
23,74,24,103,7,1,0.14285714285714285,0.008620689655172414,16.57142857142857,sealed_dsv4
23,74,24,76,7,1,0.14285714285714285,0.008620689655172414,16.57142857142857,sealed_dsv4
23,74,24,135,7,1,0.14285714285714285,0.008620689655172414,16.57142857142857,sealed_dsv4
23,74,24,220,7,1,0.14285714285714285,0.017241379310344827,8.285714285714285,sealed_dsv4
23,74,24,196,7,1,0.14285714285714285,0.017241379310344827,8.285714285714285,sealed_dsv4
23,74,24,209,7,1,0.14285714285714285,0.02586206896551724,5.523809523809524,sealed_dsv4
23,74,24,246,7,1,0.14285714285714285,0.008620689655172414,16.57142857142857,sealed_dsv4
23,74,24,208,7,1,0.14285714285714285,0.008620689655172414,16.57142857142857,sealed_dsv4
23,74,24,166,7,1,0.14285714285714285,0.008620689655172414,16.57142857142857,sealed_dsv4
23,74,24,207,7,1,0.14285714285714285,0.008620689655172414,16.57142857142857,sealed_dsv4
23,74,24,204,7,1,0.14285714285714285,0.034482758620689655,4.142857142857142,sealed_dsv4
23,74,24,74,7,1,0.14285714285714285,0.008620689655172414,16.57142857142857,sealed_dsv4
23,74,24,35,7,1,0.14285714285714285,0.008620689655172414,16.57142857142857,sealed_dsv4
23,74,24,15,7,1,0.14285714285714285,0.008620689655172414,16.57142857142857,sealed_dsv4
23,74,24,54,7,1,0.14285714285714285,0.008620689655172414,16.57142857142857,sealed_dsv4
23,74,24,91,7,1,0.14285714285714285,0.008620689655172414,16.57142857142857,sealed_dsv4
23,74,24,228,7,1,0.14285714285714285,0.008620689655172414,16.57142857142857,sealed_dsv4
23,74,24,58,7,1,0.14285714285714285,0.02586206896551724,5.523809523809524,sealed_dsv4
23,74,24,139,7,1,0.14285714285714285,0.02586206896551724,5.523809523809524,sealed_dsv4
23,74,24,152,7,1,0.14285714285714285,0.008620689655172414,16.57142857142857,sealed_dsv4
24,168,25,60,16,1,0.0625,0.008771929824561403,7.125,sealed_dsv4
24,168,25,64,16,1,0.0625,0.008771929824561403,7.125,sealed_dsv4
24,168,25,244,16,1,0.0625,0.008771929824561403,7.125,sealed_dsv4
24,168,25,243,16,1,0.0625,0.008771929824561403,7.125,sealed_dsv4
24,168,25,214,16,1,0.0625,0.008771929824561403,7.125,sealed_dsv4
24,168,25,137,16,1,0.0625,0.008771929824561403,7.125,sealed_dsv4
24,168,25,164,16,1,0.0625,0.008771929824561403,7.125,sealed_dsv4
24,168,25,55,16,1,0.0625,0.008771929824561403,7.125,sealed_dsv4
24,168,25,117,16,1,0.0625,0.008771929824561403,7.125,sealed_dsv4
24,168,25,88,16,1,0.0625,0.008771929824561403,7.125,sealed_dsv4
24,168,25,4,16,1,0.0625,0.008771929824561403,7.125,sealed_dsv4
24,168,25,80,16,1,0.0625,0.008771929824561403,7.125,sealed_dsv4
24,168,25,86,16,1,0.0625,0.008771929824561403,7.125,sealed_dsv4
24,168,25,216,16,1,0.0625,0.008771929824561403,7.125,sealed_dsv4
24,168,25,68,16,1,0.0625,0.008771929824561403,7.125,sealed_dsv4
24,168,25,114,16,1,0.0625,0.008771929824561403,7.125,sealed_dsv4
24,205,25,60,8,1,0.125,0.008771929824561403,14.25,sealed_dsv4
24,205,25,64,8,1,0.125,0.008771929824561403,14.25,sealed_dsv4
24,205,25,244,8,1,0.125,0.008771929824561403,14.25,sealed_dsv4
24,205,25,243,8,1,0.125,0.008771929824561403,14.25,sealed_dsv4
24,205,25,214,8,1,0.125,0.008771929824561403,14.25,sealed_dsv4
24,205,25,137,8,1,0.125,0.008771929824561403,14.25,sealed_dsv4
24,205,25,164,8,1,0.125,0.008771929824561403,14.25,sealed_dsv4
24,205,25,219,8,1,0.125,0.017543859649122806,7.125,sealed_dsv4
24,205,25,55,8,1,0.125,0.008771929824561403,14.25,sealed_dsv4
24,205,25,117,8,1,0.125,0.008771929824561403,14.25,sealed_dsv4
24,205,25,88,8,1,0.125,0.008771929824561403,14.25,sealed_dsv4
24,205,25,4,8,1,0.125,0.008771929824561403,14.25,sealed_dsv4
24,205,25,80,8,1,0.125,0.008771929824561403,14.25,sealed_dsv4
24,205,25,86,8,1,0.125,0.008771929824561403,14.25,sealed_dsv4
24,205,25,216,8,1,0.125,0.008771929824561403,14.25,sealed_dsv4
24,205,25,133,8,1,0.125,0.017543859649122806,7.125,sealed_dsv4
24,205,25,68,8,1,0.125,0.008771929824561403,14.25,sealed_dsv4
24,205,25,114,8,1,0.125,0.008771929824561403,14.25,sealed_dsv4
25,120,26,73,11,1,0.09090909090909091,0.008403361344537815,10.818181818181818,sealed_dsv4
25,120,26,130,11,1,0.09090909090909091,0.008403361344537815,10.818181818181818,sealed_dsv4
25,120,26,115,11,1,0.09090909090909091,0.01680672268907563,5.409090909090909,sealed_dsv4
25,120,26,84,11,1,0.09090909090909091,0.008403361344537815,10.818181818181818,sealed_dsv4
25,120,26,52,11,1,0.09090909090909091,0.008403361344537815,10.818181818181818,sealed_dsv4
25,120,26,7,11,1,0.09090909090909091,0.008403361344537815,10.818181818181818,sealed_dsv4
25,120,26,31,11,1,0.09090909090909091,0.008403361344537815,10.818181818181818,sealed_dsv4
25,120,26,94,11,1,0.09090909090909091,0.008403361344537815,10.818181818181818,sealed_dsv4
25,120,26,17,11,1,0.09090909090909091,0.008403361344537815,10.818181818181818,sealed_dsv4
25,120,26,146,11,1,0.09090909090909091,0.008403361344537815,10.818181818181818,sealed_dsv4
25,120,26,163,11,1,0.09090909090909091,0.008403361344537815,10.818181818181818,sealed_dsv4
25,120,26,71,11,1,0.09090909090909091,0.008403361344537815,10.818181818181818,sealed_dsv4
25,120,26,25,11,1,0.09090909090909091,0.008403361344537815,10.818181818181818,sealed_dsv4
25,120,26,9,11,1,0.09090909090909091,0.008403361344537815,10.818181818181818,sealed_dsv4
25,120,26,219,11,1,0.09090909090909091,0.008403361344537815,10.818181818181818,sealed_dsv4
25,120,26,13,11,1,0.09090909090909091,0.008403361344537815,10.818181818181818,sealed_dsv4
25,120,26,131,11,1,0.09090909090909091,0.008403361344537815,10.818181818181818,sealed_dsv4
25,120,26,138,11,1,0.09090909090909091,0.008403361344537815,10.818181818181818,sealed_dsv4
25,120,26,174,11,1,0.09090909090909091,0.008403361344537815,10.818181818181818,sealed_dsv4
25,120,26,140,11,1,0.09090909090909091,0.008403361344537815,10.818181818181818,sealed_dsv4
25,120,26,61,11,1,0.09090909090909091,0.008403361344537815,10.818181818181818,sealed_dsv4
25,47,26,73,7,1,0.14285714285714285,0.008403361344537815,17.0,sealed_dsv4
25,47,26,130,7,1,0.14285714285714285,0.008403361344537815,17.0,sealed_dsv4
25,47,26,115,7,1,0.14285714285714285,0.01680672268907563,8.5,sealed_dsv4
25,47,26,84,7,1,0.14285714285714285,0.008403361344537815,17.0,sealed_dsv4
25,47,26,52,7,1,0.14285714285714285,0.008403361344537815,17.0,sealed_dsv4
25,47,26,7,7,1,0.14285714285714285,0.008403361344537815,17.0,sealed_dsv4
25,47,26,31,7,1,0.14285714285714285,0.008403361344537815,17.0,sealed_dsv4
25,47,26,94,7,1,0.14285714285714285,0.008403361344537815,17.0,sealed_dsv4
25,47,26,17,7,1,0.14285714285714285,0.008403361344537815,17.0,sealed_dsv4
25,47,26,146,7,1,0.14285714285714285,0.008403361344537815,17.0,sealed_dsv4
25,47,26,163,7,1,0.14285714285714285,0.008403361344537815,17.0,sealed_dsv4
25,47,26,71,7,1,0.14285714285714285,0.008403361344537815,17.0,sealed_dsv4
25,47,26,25,7,1,0.14285714285714285,0.008403361344537815,17.0,sealed_dsv4
25,47,26,9,7,1,0.14285714285714285,0.008403361344537815,17.0,sealed_dsv4
25,47,26,219,7,1,0.14285714285714285,0.008403361344537815,17.0,sealed_dsv4
25,47,26,13,7,1,0.14285714285714285,0.008403361344537815,17.0,sealed_dsv4
25,47,26,131,7,1,0.14285714285714285,0.008403361344537815,17.0,sealed_dsv4
25,47,26,138,7,1,0.14285714285714285,0.008403361344537815,17.0,sealed_dsv4
25,47,26,101,7,1,0.14285714285714285,0.025210084033613446,5.666666666666666,sealed_dsv4
25,47,26,174,7,1,0.14285714285714285,0.008403361344537815,17.0,sealed_dsv4
25,47,26,140,7,1,0.14285714285714285,0.008403361344537815,17.0,sealed_dsv4
25,47,26,18,7,1,0.14285714285714285,0.025210084033613446,5.666666666666666,sealed_dsv4
25,47,26,69,7,1,0.14285714285714285,0.025210084033613446,5.666666666666666,sealed_dsv4
25,47,26,61,7,1,0.14285714285714285,0.008403361344537815,17.0,sealed_dsv4
25,47,26,209,7,1,0.14285714285714285,0.01680672268907563,8.5,sealed_dsv4
25,47,26,11,7,1,0.14285714285714285,0.01680672268907563,8.5,sealed_dsv4
25,98,26,73,6,1,0.16666666666666666,0.008403361344537815,19.833333333333332,sealed_dsv4
25,98,26,130,6,1,0.16666666666666666,0.008403361344537815,19.833333333333332,sealed_dsv4
25,98,26,115,6,1,0.16666666666666666,0.01680672268907563,9.916666666666666,sealed_dsv4
25,98,26,84,6,1,0.16666666666666666,0.008403361344537815,19.833333333333332,sealed_dsv4
25,98,26,52,6,1,0.16666666666666666,0.008403361344537815,19.833333333333332,sealed_dsv4
25,98,26,7,6,1,0.16666666666666666,0.008403361344537815,19.833333333333332,sealed_dsv4
25,98,26,31,6,1,0.16666666666666666,0.008403361344537815,19.833333333333332,sealed_dsv4
25,98,26,94,6,1,0.16666666666666666,0.008403361344537815,19.833333333333332,sealed_dsv4
25,98,26,17,6,1,0.16666666666666666,0.008403361344537815,19.833333333333332,sealed_dsv4
25,98,26,146,6,1,0.16666666666666666,0.008403361344537815,19.833333333333332,sealed_dsv4
25,98,26,163,6,1,0.16666666666666666,0.008403361344537815,19.833333333333332,sealed_dsv4
25,98,26,71,6,1,0.16666666666666666,0.008403361344537815,19.833333333333332,sealed_dsv4
25,98,26,25,6,1,0.16666666666666666,0.008403361344537815,19.833333333333332,sealed_dsv4
25,98,26,9,6,1,0.16666666666666666,0.008403361344537815,19.833333333333332,sealed_dsv4
25,98,26,219,6,1,0.16666666666666666,0.008403361344537815,19.833333333333332,sealed_dsv4
25,98,26,13,6,1,0.16666666666666666,0.008403361344537815,19.833333333333332,sealed_dsv4
25,98,26,131,6,1,0.16666666666666666,0.008403361344537815,19.833333333333332,sealed_dsv4
25,98,26,138,6,1,0.16666666666666666,0.008403361344537815,19.833333333333332,sealed_dsv4
25,98,26,174,6,1,0.16666666666666666,0.008403361344537815,19.833333333333332,sealed_dsv4
25,98,26,140,6,1,0.16666666666666666,0.008403361344537815,19.833333333333332,sealed_dsv4
25,98,26,18,6,1,0.16666666666666666,0.025210084033613446,6.611111111111111,sealed_dsv4
25,98,26,69,6,1,0.16666666666666666,0.025210084033613446,6.611111111111111,sealed_dsv4
25,98,26,61,6,1,0.16666666666666666,0.008403361344537815,19.833333333333332,sealed_dsv4
25,98,26,209,6,1,0.16666666666666666,0.01680672268907563,9.916666666666666,sealed_dsv4
25,98,26,11,6,1,0.16666666666666666,0.01680672268907563,9.916666666666666,sealed_dsv4
25,0,26,73,16,1,0.0625,0.008403361344537815,7.4375,sealed_dsv4
25,0,26,130,16,1,0.0625,0.008403361344537815,7.4375,sealed_dsv4
25,0,26,84,16,1,0.0625,0.008403361344537815,7.4375,sealed_dsv4
25,0,26,52,16,1,0.0625,0.008403361344537815,7.4375,sealed_dsv4
25,0,26,7,16,1,0.0625,0.008403361344537815,7.4375,sealed_dsv4
25,0,26,31,16,1,0.0625,0.008403361344537815,7.4375,sealed_dsv4
25,0,26,94,16,1,0.0625,0.008403361344537815,7.4375,sealed_dsv4
25,0,26,17,16,1,0.0625,0.008403361344537815,7.4375,sealed_dsv4
25,0,26,146,16,1,0.0625,0.008403361344537815,7.4375,sealed_dsv4
25,0,26,163,16,1,0.0625,0.008403361344537815,7.4375,sealed_dsv4
25,0,26,71,16,1,0.0625,0.008403361344537815,7.4375,sealed_dsv4
25,0,26,25,16,1,0.0625,0.008403361344537815,7.4375,sealed_dsv4
25,0,26,9,16,1,0.0625,0.008403361344537815,7.4375,sealed_dsv4
25,0,26,219,16,1,0.0625,0.008403361344537815,7.4375,sealed_dsv4
25,0,26,13,16,1,0.0625,0.008403361344537815,7.4375,sealed_dsv4
25,0,26,131,16,1,0.0625,0.008403361344537815,7.4375,sealed_dsv4
25,0,26,138,16,1,0.0625,0.008403361344537815,7.4375,sealed_dsv4
25,0,26,174,16,1,0.0625,0.008403361344537815,7.4375,sealed_dsv4
25,0,26,140,16,1,0.0625,0.008403361344537815,7.4375,sealed_dsv4
25,0,26,61,16,1,0.0625,0.008403361344537815,7.4375,sealed_dsv4
25,175,26,73,7,1,0.14285714285714285,0.008403361344537815,17.0,sealed_dsv4
25,175,26,130,7,1,0.14285714285714285,0.008403361344537815,17.0,sealed_dsv4
25,175,26,115,7,1,0.14285714285714285,0.01680672268907563,8.5,sealed_dsv4
25,175,26,84,7,1,0.14285714285714285,0.008403361344537815,17.0,sealed_dsv4
25,175,26,52,7,1,0.14285714285714285,0.008403361344537815,17.0,sealed_dsv4
25,175,26,7,7,1,0.14285714285714285,0.008403361344537815,17.0,sealed_dsv4
25,175,26,31,7,1,0.14285714285714285,0.008403361344537815,17.0,sealed_dsv4
25,175,26,94,7,1,0.14285714285714285,0.008403361344537815,17.0,sealed_dsv4
25,175,26,17,7,1,0.14285714285714285,0.008403361344537815,17.0,sealed_dsv4
25,175,26,146,7,1,0.14285714285714285,0.008403361344537815,17.0,sealed_dsv4
25,175,26,163,7,1,0.14285714285714285,0.008403361344537815,17.0,sealed_dsv4
25,175,26,71,7,1,0.14285714285714285,0.008403361344537815,17.0,sealed_dsv4
25,175,26,25,7,1,0.14285714285714285,0.008403361344537815,17.0,sealed_dsv4
25,175,26,9,7,1,0.14285714285714285,0.008403361344537815,17.0,sealed_dsv4
25,175,26,219,7,1,0.14285714285714285,0.008403361344537815,17.0,sealed_dsv4
25,175,26,13,7,1,0.14285714285714285,0.008403361344537815,17.0,sealed_dsv4
25,175,26,131,7,1,0.14285714285714285,0.008403361344537815,17.0,sealed_dsv4
25,175,26,138,7,1,0.14285714285714285,0.008403361344537815,17.0,sealed_dsv4
25,175,26,174,7,1,0.14285714285714285,0.008403361344537815,17.0,sealed_dsv4
25,175,26,140,7,1,0.14285714285714285,0.008403361344537815,17.0,sealed_dsv4
25,175,26,61,7,1,0.14285714285714285,0.008403361344537815,17.0,sealed_dsv4
25,143,26,73,10,1,0.1,0.008403361344537815,11.9,sealed_dsv4
25,143,26,130,10,1,0.1,0.008403361344537815,11.9,sealed_dsv4
25,143,26,115,10,1,0.1,0.01680672268907563,5.95,sealed_dsv4
25,143,26,84,10,1,0.1,0.008403361344537815,11.9,sealed_dsv4
25,143,26,52,10,1,0.1,0.008403361344537815,11.9,sealed_dsv4
25,143,26,7,10,1,0.1,0.008403361344537815,11.9,sealed_dsv4
25,143,26,31,10,1,0.1,0.008403361344537815,11.9,sealed_dsv4
25,143,26,94,10,1,0.1,0.008403361344537815,11.9,sealed_dsv4
25,143,26,17,10,1,0.1,0.008403361344537815,11.9,sealed_dsv4
25,143,26,146,10,1,0.1,0.008403361344537815,11.9,sealed_dsv4
25,143,26,163,10,1,0.1,0.008403361344537815,11.9,sealed_dsv4
25,143,26,71,10,1,0.1,0.008403361344537815,11.9,sealed_dsv4
25,143,26,25,10,1,0.1,0.008403361344537815,11.9,sealed_dsv4
25,143,26,9,10,1,0.1,0.008403361344537815,11.9,sealed_dsv4
25,143,26,219,10,1,0.1,0.008403361344537815,11.9,sealed_dsv4
25,143,26,13,10,1,0.1,0.008403361344537815,11.9,sealed_dsv4
25,143,26,131,10,1,0.1,0.008403361344537815,11.9,sealed_dsv4
25,143,26,138,10,1,0.1,0.008403361344537815,11.9,sealed_dsv4
25,143,26,174,10,1,0.1,0.008403361344537815,11.9,sealed_dsv4
25,143,26,140,10,1,0.1,0.008403361344537815,11.9,sealed_dsv4
25,143,26,18,10,1,0.1,0.025210084033613446,3.966666666666667,sealed_dsv4
25,143,26,69,10,1,0.1,0.025210084033613446,3.966666666666667,sealed_dsv4
25,143,26,61,10,1,0.1,0.008403361344537815,11.9,sealed_dsv4
25,143,26,209,10,1,0.1,0.01680672268907563,5.95,sealed_dsv4
25,143,26,11,10,1,0.1,0.01680672268907563,5.95,sealed_dsv4
26,104,27,233,7,1,0.14285714285714285,0.008333333333333333,17.142857142857142,sealed_dsv4
26,104,27,128,7,1,0.14285714285714285,0.008333333333333333,17.142857142857142,sealed_dsv4
26,104,27,101,7,1,0.14285714285714285,0.008333333333333333,17.142857142857142,sealed_dsv4
26,104,27,148,7,1,0.14285714285714285,0.008333333333333333,17.142857142857142,sealed_dsv4
26,104,27,159,7,1,0.14285714285714285,0.008333333333333333,17.142857142857142,sealed_dsv4
26,104,27,243,7,1,0.14285714285714285,0.008333333333333333,17.142857142857142,sealed_dsv4
26,104,27,108,7,1,0.14285714285714285,0.008333333333333333,17.142857142857142,sealed_dsv4
26,104,27,46,7,1,0.14285714285714285,0.008333333333333333,17.142857142857142,sealed_dsv4
26,104,27,31,7,1,0.14285714285714285,0.016666666666666666,8.571428571428571,sealed_dsv4
26,104,27,11,7,1,0.14285714285714285,0.008333333333333333,17.142857142857142,sealed_dsv4
26,104,27,78,7,1,0.14285714285714285,0.008333333333333333,17.142857142857142,sealed_dsv4
26,104,27,198,7,1,0.14285714285714285,0.008333333333333333,17.142857142857142,sealed_dsv4
26,104,27,64,7,1,0.14285714285714285,0.016666666666666666,8.571428571428571,sealed_dsv4
26,104,27,162,7,1,0.14285714285714285,0.008333333333333333,17.142857142857142,sealed_dsv4
26,104,27,249,7,1,0.14285714285714285,0.008333333333333333,17.142857142857142,sealed_dsv4
26,104,27,163,7,1,0.14285714285714285,0.008333333333333333,17.142857142857142,sealed_dsv4
26,104,27,126,7,1,0.14285714285714285,0.008333333333333333,17.142857142857142,sealed_dsv4
26,104,27,228,7,1,0.14285714285714285,0.008333333333333333,17.142857142857142,sealed_dsv4
26,104,27,224,7,1,0.14285714285714285,0.008333333333333333,17.142857142857142,sealed_dsv4
26,104,27,86,7,1,0.14285714285714285,0.008333333333333333,17.142857142857142,sealed_dsv4
26,104,27,218,7,1,0.14285714285714285,0.016666666666666666,8.571428571428571,sealed_dsv4
26,104,27,39,7,1,0.14285714285714285,0.025,5.7142857142857135,sealed_dsv4
26,104,27,140,7,1,0.14285714285714285,0.008333333333333333,17.142857142857142,sealed_dsv4
26,104,27,184,7,1,0.14285714285714285,0.016666666666666666,8.571428571428571,sealed_dsv4
26,98,27,233,15,1,0.06666666666666667,0.008333333333333333,8.0,sealed_dsv4
26,98,27,128,15,1,0.06666666666666667,0.008333333333333333,8.0,sealed_dsv4
26,98,27,101,15,1,0.06666666666666667,0.008333333333333333,8.0,sealed_dsv4
26,98,27,148,15,1,0.06666666666666667,0.008333333333333333,8.0,sealed_dsv4
26,98,27,159,15,1,0.06666666666666667,0.008333333333333333,8.0,sealed_dsv4
26,98,27,243,15,1,0.06666666666666667,0.008333333333333333,8.0,sealed_dsv4
26,98,27,108,15,1,0.06666666666666667,0.008333333333333333,8.0,sealed_dsv4
26,98,27,46,15,1,0.06666666666666667,0.008333333333333333,8.0,sealed_dsv4
26,98,27,11,15,1,0.06666666666666667,0.008333333333333333,8.0,sealed_dsv4
26,98,27,78,15,1,0.06666666666666667,0.008333333333333333,8.0,sealed_dsv4
26,98,27,198,15,1,0.06666666666666667,0.008333333333333333,8.0,sealed_dsv4
26,98,27,162,15,1,0.06666666666666667,0.008333333333333333,8.0,sealed_dsv4
26,98,27,249,15,1,0.06666666666666667,0.008333333333333333,8.0,sealed_dsv4
26,98,27,163,15,1,0.06666666666666667,0.008333333333333333,8.0,sealed_dsv4
26,98,27,126,15,1,0.06666666666666667,0.008333333333333333,8.0,sealed_dsv4
26,98,27,228,15,1,0.06666666666666667,0.008333333333333333,8.0,sealed_dsv4
26,98,27,224,15,1,0.06666666666666667,0.008333333333333333,8.0,sealed_dsv4
26,98,27,86,15,1,0.06666666666666667,0.008333333333333333,8.0,sealed_dsv4
26,98,27,140,15,1,0.06666666666666667,0.008333333333333333,8.0,sealed_dsv4
26,98,27,184,15,1,0.06666666666666667,0.016666666666666666,4.0,sealed_dsv4
26,191,27,233,7,1,0.14285714285714285,0.008333333333333333,17.142857142857142,sealed_dsv4
26,191,27,128,7,1,0.14285714285714285,0.008333333333333333,17.142857142857142,sealed_dsv4
26,191,27,101,7,1,0.14285714285714285,0.008333333333333333,17.142857142857142,sealed_dsv4
26,191,27,148,7,1,0.14285714285714285,0.008333333333333333,17.142857142857142,sealed_dsv4
26,191,27,159,7,1,0.14285714285714285,0.008333333333333333,17.142857142857142,sealed_dsv4
26,191,27,243,7,1,0.14285714285714285,0.008333333333333333,17.142857142857142,sealed_dsv4
26,191,27,108,7,1,0.14285714285714285,0.008333333333333333,17.142857142857142,sealed_dsv4
26,191,27,46,7,1,0.14285714285714285,0.008333333333333333,17.142857142857142,sealed_dsv4
26,191,27,31,7,1,0.14285714285714285,0.016666666666666666,8.571428571428571,sealed_dsv4
26,191,27,11,7,1,0.14285714285714285,0.008333333333333333,17.142857142857142,sealed_dsv4
26,191,27,78,7,1,0.14285714285714285,0.008333333333333333,17.142857142857142,sealed_dsv4
26,191,27,198,7,1,0.14285714285714285,0.008333333333333333,17.142857142857142,sealed_dsv4
26,191,27,162,7,1,0.14285714285714285,0.008333333333333333,17.142857142857142,sealed_dsv4
26,191,27,249,7,1,0.14285714285714285,0.008333333333333333,17.142857142857142,sealed_dsv4
26,191,27,163,7,1,0.14285714285714285,0.008333333333333333,17.142857142857142,sealed_dsv4
26,191,27,126,7,1,0.14285714285714285,0.008333333333333333,17.142857142857142,sealed_dsv4
26,191,27,228,7,1,0.14285714285714285,0.008333333333333333,17.142857142857142,sealed_dsv4
26,191,27,224,7,1,0.14285714285714285,0.008333333333333333,17.142857142857142,sealed_dsv4
26,191,27,86,7,1,0.14285714285714285,0.008333333333333333,17.142857142857142,sealed_dsv4
26,191,27,218,7,1,0.14285714285714285,0.016666666666666666,8.571428571428571,sealed_dsv4
26,191,27,140,7,1,0.14285714285714285,0.008333333333333333,17.142857142857142,sealed_dsv4
27,88,28,32,5,1,0.2,0.008264462809917356,24.2,sealed_dsv4
27,88,28,225,5,1,0.2,0.008264462809917356,24.2,sealed_dsv4
27,88,28,38,5,1,0.2,0.008264462809917356,24.2,sealed_dsv4
27,88,28,70,5,1,0.2,0.008264462809917356,24.2,sealed_dsv4
27,88,28,143,5,1,0.2,0.008264462809917356,24.2,sealed_dsv4
27,88,28,102,5,1,0.2,0.008264462809917356,24.2,sealed_dsv4
27,88,28,26,5,1,0.2,0.01652892561983471,12.1,sealed_dsv4
27,88,28,201,5,1,0.2,0.008264462809917356,24.2,sealed_dsv4
27,88,28,56,5,1,0.2,0.008264462809917356,24.2,sealed_dsv4
27,88,28,89,5,1,0.2,0.008264462809917356,24.2,sealed_dsv4
27,88,28,76,5,1,0.2,0.008264462809917356,24.2,sealed_dsv4
27,88,28,48,5,1,0.2,0.008264462809917356,24.2,sealed_dsv4
27,88,28,162,5,1,0.2,0.04132231404958678,4.84,sealed_dsv4
27,88,28,128,5,1,0.2,0.008264462809917356,24.2,sealed_dsv4
27,88,28,159,5,1,0.2,0.008264462809917356,24.2,sealed_dsv4
27,88,28,173,5,1,0.2,0.008264462809917356,24.2,sealed_dsv4
27,88,28,75,5,1,0.2,0.008264462809917356,24.2,sealed_dsv4
27,88,28,51,5,1,0.2,0.008264462809917356,24.2,sealed_dsv4
27,88,28,85,5,1,0.2,0.008264462809917356,24.2,sealed_dsv4
27,88,28,88,5,1,0.2,0.008264462809917356,24.2,sealed_dsv4
27,88,28,2,5,1,0.2,0.008264462809917356,24.2,sealed_dsv4
27,88,28,235,5,1,0.2,0.008264462809917356,24.2,sealed_dsv4
27,5,28,32,16,1,0.0625,0.008264462809917356,7.5625,sealed_dsv4
27,5,28,225,16,1,0.0625,0.008264462809917356,7.5625,sealed_dsv4
27,5,28,38,16,1,0.0625,0.008264462809917356,7.5625,sealed_dsv4
27,5,28,70,16,1,0.0625,0.008264462809917356,7.5625,sealed_dsv4
27,5,28,143,16,1,0.0625,0.008264462809917356,7.5625,sealed_dsv4
27,5,28,102,16,1,0.0625,0.008264462809917356,7.5625,sealed_dsv4
27,5,28,201,16,1,0.0625,0.008264462809917356,7.5625,sealed_dsv4
27,5,28,56,16,1,0.0625,0.008264462809917356,7.5625,sealed_dsv4
27,5,28,89,16,1,0.0625,0.008264462809917356,7.5625,sealed_dsv4
27,5,28,76,16,1,0.0625,0.008264462809917356,7.5625,sealed_dsv4
27,5,28,48,16,1,0.0625,0.008264462809917356,7.5625,sealed_dsv4
27,5,28,128,16,1,0.0625,0.008264462809917356,7.5625,sealed_dsv4
27,5,28,159,16,1,0.0625,0.008264462809917356,7.5625,sealed_dsv4
27,5,28,173,16,1,0.0625,0.008264462809917356,7.5625,sealed_dsv4
27,5,28,75,16,1,0.0625,0.008264462809917356,7.5625,sealed_dsv4
27,5,28,51,16,1,0.0625,0.008264462809917356,7.5625,sealed_dsv4
27,5,28,85,16,1,0.0625,0.008264462809917356,7.5625,sealed_dsv4
27,5,28,88,16,1,0.0625,0.008264462809917356,7.5625,sealed_dsv4
27,5,28,2,16,1,0.0625,0.008264462809917356,7.5625,sealed_dsv4
27,5,28,235,16,1,0.0625,0.008264462809917356,7.5625,sealed_dsv4
27,15,28,32,5,1,0.2,0.008264462809917356,24.2,sealed_dsv4
27,15,28,225,5,1,0.2,0.008264462809917356,24.2,sealed_dsv4
27,15,28,38,5,1,0.2,0.008264462809917356,24.2,sealed_dsv4
27,15,28,70,5,1,0.2,0.008264462809917356,24.2,sealed_dsv4
27,15,28,143,5,1,0.2,0.008264462809917356,24.2,sealed_dsv4
27,15,28,102,5,1,0.2,0.008264462809917356,24.2,sealed_dsv4
27,15,28,201,5,1,0.2,0.008264462809917356,24.2,sealed_dsv4
27,15,28,56,5,1,0.2,0.008264462809917356,24.2,sealed_dsv4
27,15,28,89,5,1,0.2,0.008264462809917356,24.2,sealed_dsv4
27,15,28,76,5,1,0.2,0.008264462809917356,24.2,sealed_dsv4
27,15,28,48,5,1,0.2,0.008264462809917356,24.2,sealed_dsv4
27,15,28,128,5,1,0.2,0.008264462809917356,24.2,sealed_dsv4
27,15,28,159,5,1,0.2,0.008264462809917356,24.2,sealed_dsv4
27,15,28,173,5,1,0.2,0.008264462809917356,24.2,sealed_dsv4
27,15,28,222,5,1,0.2,0.01652892561983471,12.1,sealed_dsv4
27,15,28,75,5,1,0.2,0.008264462809917356,24.2,sealed_dsv4
27,15,28,51,5,1,0.2,0.008264462809917356,24.2,sealed_dsv4
27,15,28,85,5,1,0.2,0.008264462809917356,24.2,sealed_dsv4
27,15,28,88,5,1,0.2,0.008264462809917356,24.2,sealed_dsv4
27,15,28,2,5,1,0.2,0.008264462809917356,24.2,sealed_dsv4
27,15,28,101,5,1,0.2,0.01652892561983471,12.1,sealed_dsv4
27,15,28,19,5,1,0.2,0.01652892561983471,12.1,sealed_dsv4
27,15,28,177,5,1,0.2,0.01652892561983471,12.1,sealed_dsv4
27,15,28,87,5,1,0.2,0.01652892561983471,12.1,sealed_dsv4
27,15,28,235,5,1,0.2,0.008264462809917356,24.2,sealed_dsv4
27,25,28,32,8,1,0.125,0.008264462809917356,15.125,sealed_dsv4
27,25,28,225,8,1,0.125,0.008264462809917356,15.125,sealed_dsv4
27,25,28,38,8,1,0.125,0.008264462809917356,15.125,sealed_dsv4
27,25,28,70,8,1,0.125,0.008264462809917356,15.125,sealed_dsv4
27,25,28,143,8,1,0.125,0.008264462809917356,15.125,sealed_dsv4
27,25,28,102,8,1,0.125,0.008264462809917356,15.125,sealed_dsv4
27,25,28,201,8,1,0.125,0.008264462809917356,15.125,sealed_dsv4
27,25,28,56,8,1,0.125,0.008264462809917356,15.125,sealed_dsv4
27,25,28,89,8,1,0.125,0.008264462809917356,15.125,sealed_dsv4
27,25,28,76,8,1,0.125,0.008264462809917356,15.125,sealed_dsv4
27,25,28,48,8,1,0.125,0.008264462809917356,15.125,sealed_dsv4
27,25,28,128,8,1,0.125,0.008264462809917356,15.125,sealed_dsv4
27,25,28,159,8,1,0.125,0.008264462809917356,15.125,sealed_dsv4
27,25,28,173,8,1,0.125,0.008264462809917356,15.125,sealed_dsv4
27,25,28,75,8,1,0.125,0.008264462809917356,15.125,sealed_dsv4
27,25,28,51,8,1,0.125,0.008264462809917356,15.125,sealed_dsv4
27,25,28,85,8,1,0.125,0.008264462809917356,15.125,sealed_dsv4
27,25,28,88,8,1,0.125,0.008264462809917356,15.125,sealed_dsv4
27,25,28,2,8,1,0.125,0.008264462809917356,15.125,sealed_dsv4
27,25,28,101,8,1,0.125,0.01652892561983471,7.5625,sealed_dsv4
27,25,28,19,8,1,0.125,0.01652892561983471,7.5625,sealed_dsv4
27,25,28,177,8,1,0.125,0.01652892561983471,7.5625,sealed_dsv4
27,25,28,235,8,1,0.125,0.008264462809917356,15.125,sealed_dsv4
28,162,29,126,5,1,0.2,0.024390243902439025,8.2,sealed_dsv4
28,162,29,47,5,1,0.2,0.008130081300813009,24.599999999999998,sealed_dsv4
28,162,29,242,5,1,0.2,0.008130081300813009,24.599999999999998,sealed_dsv4
28,162,29,23,5,1,0.2,0.008130081300813009,24.599999999999998,sealed_dsv4
28,162,29,180,5,1,0.2,0.008130081300813009,24.599999999999998,sealed_dsv4
28,162,29,219,5,1,0.2,0.008130081300813009,24.599999999999998,sealed_dsv4
28,162,29,221,5,1,0.2,0.008130081300813009,24.599999999999998,sealed_dsv4
28,162,29,36,5,1,0.2,0.008130081300813009,24.599999999999998,sealed_dsv4
28,162,29,225,5,1,0.2,0.008130081300813009,24.599999999999998,sealed_dsv4
28,162,29,2,5,1,0.2,0.024390243902439025,8.2,sealed_dsv4
28,162,29,109,5,1,0.2,0.008130081300813009,24.599999999999998,sealed_dsv4
28,162,29,154,5,1,0.2,0.008130081300813009,24.599999999999998,sealed_dsv4
28,162,29,24,5,1,0.2,0.008130081300813009,24.599999999999998,sealed_dsv4
28,162,29,178,5,1,0.2,0.008130081300813009,24.599999999999998,sealed_dsv4
28,162,29,62,5,1,0.2,0.008130081300813009,24.599999999999998,sealed_dsv4
28,162,29,31,5,1,0.2,0.008130081300813009,24.599999999999998,sealed_dsv4
28,162,29,232,5,1,0.2,0.008130081300813009,24.599999999999998,sealed_dsv4
28,162,29,211,5,1,0.2,0.008130081300813009,24.599999999999998,sealed_dsv4
28,162,29,198,5,1,0.2,0.008130081300813009,24.599999999999998,sealed_dsv4
28,162,29,12,5,1,0.2,0.008130081300813009,24.599999999999998,sealed_dsv4
28,162,29,222,5,1,0.2,0.032520325203252036,6.1499999999999995,sealed_dsv4
28,162,29,81,5,1,0.2,0.016260162601626018,12.299999999999999,sealed_dsv4
28,162,29,132,5,1,0.2,0.016260162601626018,12.299999999999999,sealed_dsv4
28,162,29,226,5,1,0.2,0.008130081300813009,24.599999999999998,sealed_dsv4
28,162,29,230,5,1,0.2,0.016260162601626018,12.299999999999999,sealed_dsv4
28,162,29,30,5,1,0.2,0.008130081300813009,24.599999999999998,sealed_dsv4
28,179,29,47,9,1,0.1111111111111111,0.008130081300813009,13.666666666666664,sealed_dsv4
28,179,29,242,9,1,0.1111111111111111,0.008130081300813009,13.666666666666664,sealed_dsv4
28,179,29,23,9,1,0.1111111111111111,0.008130081300813009,13.666666666666664,sealed_dsv4
28,179,29,180,9,1,0.1111111111111111,0.008130081300813009,13.666666666666664,sealed_dsv4
28,179,29,219,9,1,0.1111111111111111,0.008130081300813009,13.666666666666664,sealed_dsv4
28,179,29,221,9,1,0.1111111111111111,0.008130081300813009,13.666666666666664,sealed_dsv4
28,179,29,36,9,1,0.1111111111111111,0.008130081300813009,13.666666666666664,sealed_dsv4
28,179,29,225,9,1,0.1111111111111111,0.008130081300813009,13.666666666666664,sealed_dsv4
28,179,29,109,9,1,0.1111111111111111,0.008130081300813009,13.666666666666664,sealed_dsv4
28,179,29,154,9,1,0.1111111111111111,0.008130081300813009,13.666666666666664,sealed_dsv4
28,179,29,24,9,1,0.1111111111111111,0.008130081300813009,13.666666666666664,sealed_dsv4
28,179,29,178,9,1,0.1111111111111111,0.008130081300813009,13.666666666666664,sealed_dsv4
28,179,29,62,9,1,0.1111111111111111,0.008130081300813009,13.666666666666664,sealed_dsv4
28,179,29,31,9,1,0.1111111111111111,0.008130081300813009,13.666666666666664,sealed_dsv4
28,179,29,232,9,1,0.1111111111111111,0.008130081300813009,13.666666666666664,sealed_dsv4
28,179,29,211,9,1,0.1111111111111111,0.008130081300813009,13.666666666666664,sealed_dsv4
28,179,29,198,9,1,0.1111111111111111,0.008130081300813009,13.666666666666664,sealed_dsv4
28,179,29,12,9,1,0.1111111111111111,0.008130081300813009,13.666666666666664,sealed_dsv4
28,179,29,222,9,1,0.1111111111111111,0.032520325203252036,3.416666666666666,sealed_dsv4
28,179,29,81,9,1,0.1111111111111111,0.016260162601626018,6.833333333333332,sealed_dsv4
28,179,29,132,9,1,0.1111111111111111,0.016260162601626018,6.833333333333332,sealed_dsv4
28,179,29,226,9,1,0.1111111111111111,0.008130081300813009,13.666666666666664,sealed_dsv4
28,179,29,230,9,1,0.1111111111111111,0.016260162601626018,6.833333333333332,sealed_dsv4
28,179,29,30,9,1,0.1111111111111111,0.008130081300813009,13.666666666666664,sealed_dsv4
28,160,29,47,16,1,0.0625,0.008130081300813009,7.687499999999999,sealed_dsv4
28,160,29,242,16,1,0.0625,0.008130081300813009,7.687499999999999,sealed_dsv4
28,160,29,23,16,1,0.0625,0.008130081300813009,7.687499999999999,sealed_dsv4
28,160,29,180,16,1,0.0625,0.008130081300813009,7.687499999999999,sealed_dsv4
28,160,29,219,16,1,0.0625,0.008130081300813009,7.687499999999999,sealed_dsv4
28,160,29,221,16,1,0.0625,0.008130081300813009,7.687499999999999,sealed_dsv4
28,160,29,36,16,1,0.0625,0.008130081300813009,7.687499999999999,sealed_dsv4
28,160,29,225,16,1,0.0625,0.008130081300813009,7.687499999999999,sealed_dsv4
28,160,29,109,16,1,0.0625,0.008130081300813009,7.687499999999999,sealed_dsv4
28,160,29,154,16,1,0.0625,0.008130081300813009,7.687499999999999,sealed_dsv4
28,160,29,24,16,1,0.0625,0.008130081300813009,7.687499999999999,sealed_dsv4
28,160,29,178,16,1,0.0625,0.008130081300813009,7.687499999999999,sealed_dsv4
28,160,29,62,16,1,0.0625,0.008130081300813009,7.687499999999999,sealed_dsv4
28,160,29,31,16,1,0.0625,0.008130081300813009,7.687499999999999,sealed_dsv4
28,160,29,232,16,1,0.0625,0.008130081300813009,7.687499999999999,sealed_dsv4
28,160,29,211,16,1,0.0625,0.008130081300813009,7.687499999999999,sealed_dsv4
28,160,29,198,16,1,0.0625,0.008130081300813009,7.687499999999999,sealed_dsv4
28,160,29,12,16,1,0.0625,0.008130081300813009,7.687499999999999,sealed_dsv4
28,160,29,226,16,1,0.0625,0.008130081300813009,7.687499999999999,sealed_dsv4
28,160,29,30,16,1,0.0625,0.008130081300813009,7.687499999999999,sealed_dsv4
28,211,29,47,6,1,0.16666666666666666,0.008130081300813009,20.499999999999996,sealed_dsv4
28,211,29,242,6,1,0.16666666666666666,0.008130081300813009,20.499999999999996,sealed_dsv4
28,211,29,23,6,1,0.16666666666666666,0.008130081300813009,20.499999999999996,sealed_dsv4
28,211,29,180,6,1,0.16666666666666666,0.008130081300813009,20.499999999999996,sealed_dsv4
28,211,29,219,6,1,0.16666666666666666,0.008130081300813009,20.499999999999996,sealed_dsv4
28,211,29,221,6,1,0.16666666666666666,0.008130081300813009,20.499999999999996,sealed_dsv4
28,211,29,36,6,1,0.16666666666666666,0.008130081300813009,20.499999999999996,sealed_dsv4
28,211,29,225,6,1,0.16666666666666666,0.008130081300813009,20.499999999999996,sealed_dsv4
28,211,29,2,6,1,0.16666666666666666,0.024390243902439025,6.833333333333333,sealed_dsv4
28,211,29,109,6,1,0.16666666666666666,0.008130081300813009,20.499999999999996,sealed_dsv4
28,211,29,154,6,1,0.16666666666666666,0.008130081300813009,20.499999999999996,sealed_dsv4
28,211,29,24,6,1,0.16666666666666666,0.008130081300813009,20.499999999999996,sealed_dsv4
28,211,29,178,6,1,0.16666666666666666,0.008130081300813009,20.499999999999996,sealed_dsv4
28,211,29,62,6,1,0.16666666666666666,0.008130081300813009,20.499999999999996,sealed_dsv4
28,211,29,31,6,1,0.16666666666666666,0.008130081300813009,20.499999999999996,sealed_dsv4
28,211,29,232,6,1,0.16666666666666666,0.008130081300813009,20.499999999999996,sealed_dsv4
28,211,29,211,6,1,0.16666666666666666,0.008130081300813009,20.499999999999996,sealed_dsv4
28,211,29,198,6,1,0.16666666666666666,0.008130081300813009,20.499999999999996,sealed_dsv4
28,211,29,12,6,1,0.16666666666666666,0.008130081300813009,20.499999999999996,sealed_dsv4
28,211,29,81,6,1,0.16666666666666666,0.016260162601626018,10.249999999999998,sealed_dsv4
28,211,29,132,6,1,0.16666666666666666,0.016260162601626018,10.249999999999998,sealed_dsv4
28,211,29,226,6,1,0.16666666666666666,0.008130081300813009,20.499999999999996,sealed_dsv4
28,211,29,230,6,1,0.16666666666666666,0.016260162601626018,10.249999999999998,sealed_dsv4
28,211,29,30,6,1,0.16666666666666666,0.008130081300813009,20.499999999999996,sealed_dsv4
29,254,30,176,8,1,0.125,0.008547008547008548,14.624999999999998,sealed_dsv4
29,254,30,90,8,1,0.125,0.008547008547008548,14.624999999999998,sealed_dsv4
29,254,30,175,8,1,0.125,0.008547008547008548,14.624999999999998,sealed_dsv4
29,254,30,157,8,1,0.125,0.008547008547008548,14.624999999999998,sealed_dsv4
29,254,30,102,8,1,0.125,0.008547008547008548,14.624999999999998,sealed_dsv4
29,254,30,93,8,1,0.125,0.008547008547008548,14.624999999999998,sealed_dsv4
29,254,30,230,8,1,0.125,0.008547008547008548,14.624999999999998,sealed_dsv4
29,254,30,134,8,1,0.125,0.008547008547008548,14.624999999999998,sealed_dsv4
29,254,30,130,8,1,0.125,0.008547008547008548,14.624999999999998,sealed_dsv4
29,254,30,85,8,1,0.125,0.008547008547008548,14.624999999999998,sealed_dsv4
29,254,30,231,8,1,0.125,0.008547008547008548,14.624999999999998,sealed_dsv4
29,254,30,133,8,1,0.125,0.008547008547008548,14.624999999999998,sealed_dsv4
29,254,30,47,8,1,0.125,0.017094017094017096,7.312499999999999,sealed_dsv4
29,254,30,143,8,1,0.125,0.017094017094017096,7.312499999999999,sealed_dsv4
29,254,30,109,8,1,0.125,0.008547008547008548,14.624999999999998,sealed_dsv4
29,254,30,120,8,1,0.125,0.02564102564102564,4.875,sealed_dsv4
29,254,30,79,8,1,0.125,0.008547008547008548,14.624999999999998,sealed_dsv4
29,254,30,3,8,1,0.125,0.008547008547008548,14.624999999999998,sealed_dsv4
29,254,30,236,8,1,0.125,0.017094017094017096,7.312499999999999,sealed_dsv4
29,254,30,201,8,1,0.125,0.008547008547008548,14.624999999999998,sealed_dsv4
29,254,30,59,8,1,0.125,0.008547008547008548,14.624999999999998,sealed_dsv4
29,254,30,148,8,1,0.125,0.008547008547008548,14.624999999999998,sealed_dsv4
29,210,30,176,14,1,0.07142857142857142,0.008547008547008548,8.357142857142856,sealed_dsv4
29,210,30,90,14,1,0.07142857142857142,0.008547008547008548,8.357142857142856,sealed_dsv4
29,210,30,175,14,1,0.07142857142857142,0.008547008547008548,8.357142857142856,sealed_dsv4
29,210,30,157,14,1,0.07142857142857142,0.008547008547008548,8.357142857142856,sealed_dsv4
29,210,30,102,14,1,0.07142857142857142,0.008547008547008548,8.357142857142856,sealed_dsv4
29,210,30,93,14,1,0.07142857142857142,0.008547008547008548,8.357142857142856,sealed_dsv4
29,210,30,230,14,1,0.07142857142857142,0.008547008547008548,8.357142857142856,sealed_dsv4
29,210,30,134,14,1,0.07142857142857142,0.008547008547008548,8.357142857142856,sealed_dsv4
29,210,30,130,14,1,0.07142857142857142,0.008547008547008548,8.357142857142856,sealed_dsv4
29,210,30,85,14,1,0.07142857142857142,0.008547008547008548,8.357142857142856,sealed_dsv4
29,210,30,231,14,1,0.07142857142857142,0.008547008547008548,8.357142857142856,sealed_dsv4
29,210,30,133,14,1,0.07142857142857142,0.008547008547008548,8.357142857142856,sealed_dsv4
29,210,30,47,14,1,0.07142857142857142,0.017094017094017096,4.178571428571428,sealed_dsv4
29,210,30,109,14,1,0.07142857142857142,0.008547008547008548,8.357142857142856,sealed_dsv4
29,210,30,79,14,1,0.07142857142857142,0.008547008547008548,8.357142857142856,sealed_dsv4
29,210,30,3,14,1,0.07142857142857142,0.008547008547008548,8.357142857142856,sealed_dsv4
29,210,30,236,14,1,0.07142857142857142,0.017094017094017096,4.178571428571428,sealed_dsv4
29,210,30,201,14,1,0.07142857142857142,0.008547008547008548,8.357142857142856,sealed_dsv4
29,210,30,59,14,1,0.07142857142857142,0.008547008547008548,8.357142857142856,sealed_dsv4
29,210,30,148,14,1,0.07142857142857142,0.008547008547008548,8.357142857142856,sealed_dsv4
29,215,30,176,6,1,0.16666666666666666,0.008547008547008548,19.499999999999996,sealed_dsv4
29,215,30,90,6,1,0.16666666666666666,0.008547008547008548,19.499999999999996,sealed_dsv4
29,215,30,175,6,1,0.16666666666666666,0.008547008547008548,19.499999999999996,sealed_dsv4
29,215,30,157,6,1,0.16666666666666666,0.008547008547008548,19.499999999999996,sealed_dsv4
29,215,30,102,6,1,0.16666666666666666,0.008547008547008548,19.499999999999996,sealed_dsv4
29,215,30,93,6,1,0.16666666666666666,0.008547008547008548,19.499999999999996,sealed_dsv4
29,215,30,230,6,1,0.16666666666666666,0.008547008547008548,19.499999999999996,sealed_dsv4
29,215,30,134,6,1,0.16666666666666666,0.008547008547008548,19.499999999999996,sealed_dsv4
29,215,30,130,6,1,0.16666666666666666,0.008547008547008548,19.499999999999996,sealed_dsv4
29,215,30,85,6,1,0.16666666666666666,0.008547008547008548,19.499999999999996,sealed_dsv4
29,215,30,231,6,1,0.16666666666666666,0.008547008547008548,19.499999999999996,sealed_dsv4
29,215,30,133,6,1,0.16666666666666666,0.008547008547008548,19.499999999999996,sealed_dsv4
29,215,30,47,6,1,0.16666666666666666,0.017094017094017096,9.749999999999998,sealed_dsv4
29,215,30,109,6,1,0.16666666666666666,0.008547008547008548,19.499999999999996,sealed_dsv4
29,215,30,237,6,1,0.16666666666666666,0.02564102564102564,6.5,sealed_dsv4
29,215,30,79,6,1,0.16666666666666666,0.008547008547008548,19.499999999999996,sealed_dsv4
29,215,30,3,6,1,0.16666666666666666,0.008547008547008548,19.499999999999996,sealed_dsv4
29,215,30,236,6,1,0.16666666666666666,0.017094017094017096,9.749999999999998,sealed_dsv4
29,215,30,201,6,1,0.16666666666666666,0.008547008547008548,19.499999999999996,sealed_dsv4
29,215,30,59,6,1,0.16666666666666666,0.008547008547008548,19.499999999999996,sealed_dsv4
29,215,30,148,6,1,0.16666666666666666,0.008547008547008548,19.499999999999996,sealed_dsv4
29,41,30,176,8,1,0.125,0.008547008547008548,14.624999999999998,sealed_dsv4
29,41,30,90,8,1,0.125,0.008547008547008548,14.624999999999998,sealed_dsv4
29,41,30,175,8,1,0.125,0.008547008547008548,14.624999999999998,sealed_dsv4
29,41,30,157,8,1,0.125,0.008547008547008548,14.624999999999998,sealed_dsv4
29,41,30,102,8,1,0.125,0.008547008547008548,14.624999999999998,sealed_dsv4
29,41,30,93,8,1,0.125,0.008547008547008548,14.624999999999998,sealed_dsv4
29,41,30,230,8,1,0.125,0.008547008547008548,14.624999999999998,sealed_dsv4
29,41,30,134,8,1,0.125,0.008547008547008548,14.624999999999998,sealed_dsv4
29,41,30,130,8,1,0.125,0.008547008547008548,14.624999999999998,sealed_dsv4
29,41,30,85,8,1,0.125,0.008547008547008548,14.624999999999998,sealed_dsv4
29,41,30,231,8,1,0.125,0.008547008547008548,14.624999999999998,sealed_dsv4
29,41,30,133,8,1,0.125,0.008547008547008548,14.624999999999998,sealed_dsv4
29,41,30,47,8,1,0.125,0.017094017094017096,7.312499999999999,sealed_dsv4
29,41,30,143,8,1,0.125,0.017094017094017096,7.312499999999999,sealed_dsv4
29,41,30,251,8,1,0.125,0.02564102564102564,4.875,sealed_dsv4
29,41,30,109,8,1,0.125,0.008547008547008548,14.624999999999998,sealed_dsv4
29,41,30,79,8,1,0.125,0.008547008547008548,14.624999999999998,sealed_dsv4
29,41,30,3,8,1,0.125,0.008547008547008548,14.624999999999998,sealed_dsv4
29,41,30,236,8,1,0.125,0.017094017094017096,7.312499999999999,sealed_dsv4
29,41,30,201,8,1,0.125,0.008547008547008548,14.624999999999998,sealed_dsv4
29,41,30,59,8,1,0.125,0.008547008547008548,14.624999999999998,sealed_dsv4
29,41,30,148,8,1,0.125,0.008547008547008548,14.624999999999998,sealed_dsv4
30,35,31,182,12,1,0.08333333333333333,0.00847457627118644,9.833333333333332,sealed_dsv4
30,35,31,180,12,1,0.08333333333333333,0.00847457627118644,9.833333333333332,sealed_dsv4
30,35,31,90,12,1,0.08333333333333333,0.00847457627118644,9.833333333333332,sealed_dsv4
30,35,31,171,12,1,0.08333333333333333,0.00847457627118644,9.833333333333332,sealed_dsv4
30,35,31,25,12,1,0.08333333333333333,0.00847457627118644,9.833333333333332,sealed_dsv4
30,35,31,40,12,1,0.08333333333333333,0.00847457627118644,9.833333333333332,sealed_dsv4
30,35,31,18,12,1,0.08333333333333333,0.00847457627118644,9.833333333333332,sealed_dsv4
30,35,31,205,12,1,0.08333333333333333,0.00847457627118644,9.833333333333332,sealed_dsv4
30,35,31,44,12,1,0.08333333333333333,0.00847457627118644,9.833333333333332,sealed_dsv4
30,35,31,9,12,1,0.08333333333333333,0.00847457627118644,9.833333333333332,sealed_dsv4
30,35,31,202,12,1,0.08333333333333333,0.00847457627118644,9.833333333333332,sealed_dsv4
30,35,31,146,12,1,0.08333333333333333,0.00847457627118644,9.833333333333332,sealed_dsv4
30,35,31,226,12,1,0.08333333333333333,0.01694915254237288,4.916666666666666,sealed_dsv4
30,35,31,20,12,1,0.08333333333333333,0.00847457627118644,9.833333333333332,sealed_dsv4
30,35,31,49,12,1,0.08333333333333333,0.00847457627118644,9.833333333333332,sealed_dsv4
30,35,31,56,12,1,0.08333333333333333,0.00847457627118644,9.833333333333332,sealed_dsv4
30,35,31,57,12,1,0.08333333333333333,0.00847457627118644,9.833333333333332,sealed_dsv4
30,35,31,3,12,1,0.08333333333333333,0.00847457627118644,9.833333333333332,sealed_dsv4
30,35,31,242,12,1,0.08333333333333333,0.00847457627118644,9.833333333333332,sealed_dsv4
30,35,31,78,12,1,0.08333333333333333,0.00847457627118644,9.833333333333332,sealed_dsv4
30,35,31,214,12,1,0.08333333333333333,0.00847457627118644,9.833333333333332,sealed_dsv4
30,35,31,215,12,1,0.08333333333333333,0.00847457627118644,9.833333333333332,sealed_dsv4
30,117,31,182,12,1,0.08333333333333333,0.00847457627118644,9.833333333333332,sealed_dsv4
30,117,31,180,12,1,0.08333333333333333,0.00847457627118644,9.833333333333332,sealed_dsv4
30,117,31,90,12,1,0.08333333333333333,0.00847457627118644,9.833333333333332,sealed_dsv4
30,117,31,171,12,1,0.08333333333333333,0.00847457627118644,9.833333333333332,sealed_dsv4
30,117,31,25,12,1,0.08333333333333333,0.00847457627118644,9.833333333333332,sealed_dsv4
30,117,31,40,12,1,0.08333333333333333,0.00847457627118644,9.833333333333332,sealed_dsv4
30,117,31,18,12,1,0.08333333333333333,0.00847457627118644,9.833333333333332,sealed_dsv4
30,117,31,205,12,1,0.08333333333333333,0.00847457627118644,9.833333333333332,sealed_dsv4
30,117,31,44,12,1,0.08333333333333333,0.00847457627118644,9.833333333333332,sealed_dsv4
30,117,31,9,12,1,0.08333333333333333,0.00847457627118644,9.833333333333332,sealed_dsv4
30,117,31,202,12,1,0.08333333333333333,0.00847457627118644,9.833333333333332,sealed_dsv4
30,117,31,146,12,1,0.08333333333333333,0.00847457627118644,9.833333333333332,sealed_dsv4
30,117,31,226,12,1,0.08333333333333333,0.01694915254237288,4.916666666666666,sealed_dsv4
30,117,31,20,12,1,0.08333333333333333,0.00847457627118644,9.833333333333332,sealed_dsv4
30,117,31,49,12,1,0.08333333333333333,0.00847457627118644,9.833333333333332,sealed_dsv4
30,117,31,165,12,1,0.08333333333333333,0.01694915254237288,4.916666666666666,sealed_dsv4
30,117,31,56,12,1,0.08333333333333333,0.00847457627118644,9.833333333333332,sealed_dsv4
30,117,31,57,12,1,0.08333333333333333,0.00847457627118644,9.833333333333332,sealed_dsv4
30,117,31,3,12,1,0.08333333333333333,0.00847457627118644,9.833333333333332,sealed_dsv4
30,117,31,242,12,1,0.08333333333333333,0.00847457627118644,9.833333333333332,sealed_dsv4
30,117,31,78,12,1,0.08333333333333333,0.00847457627118644,9.833333333333332,sealed_dsv4
30,117,31,214,12,1,0.08333333333333333,0.00847457627118644,9.833333333333332,sealed_dsv4
30,117,31,215,12,1,0.08333333333333333,0.00847457627118644,9.833333333333332,sealed_dsv4
30,113,31,182,12,1,0.08333333333333333,0.00847457627118644,9.833333333333332,sealed_dsv4
30,113,31,180,12,1,0.08333333333333333,0.00847457627118644,9.833333333333332,sealed_dsv4
30,113,31,90,12,1,0.08333333333333333,0.00847457627118644,9.833333333333332,sealed_dsv4
30,113,31,171,12,1,0.08333333333333333,0.00847457627118644,9.833333333333332,sealed_dsv4
30,113,31,25,12,1,0.08333333333333333,0.00847457627118644,9.833333333333332,sealed_dsv4
30,113,31,40,12,1,0.08333333333333333,0.00847457627118644,9.833333333333332,sealed_dsv4
30,113,31,18,12,1,0.08333333333333333,0.00847457627118644,9.833333333333332,sealed_dsv4
30,113,31,205,12,1,0.08333333333333333,0.00847457627118644,9.833333333333332,sealed_dsv4
30,113,31,44,12,1,0.08333333333333333,0.00847457627118644,9.833333333333332,sealed_dsv4
30,113,31,9,12,1,0.08333333333333333,0.00847457627118644,9.833333333333332,sealed_dsv4
30,113,31,202,12,1,0.08333333333333333,0.00847457627118644,9.833333333333332,sealed_dsv4
30,113,31,146,12,1,0.08333333333333333,0.00847457627118644,9.833333333333332,sealed_dsv4
30,113,31,20,12,1,0.08333333333333333,0.00847457627118644,9.833333333333332,sealed_dsv4
30,113,31,49,12,1,0.08333333333333333,0.00847457627118644,9.833333333333332,sealed_dsv4
30,113,31,165,12,1,0.08333333333333333,0.01694915254237288,4.916666666666666,sealed_dsv4
30,113,31,56,12,1,0.08333333333333333,0.00847457627118644,9.833333333333332,sealed_dsv4
30,113,31,57,12,1,0.08333333333333333,0.00847457627118644,9.833333333333332,sealed_dsv4
30,113,31,123,12,1,0.08333333333333333,0.01694915254237288,4.916666666666666,sealed_dsv4
30,113,31,3,12,1,0.08333333333333333,0.00847457627118644,9.833333333333332,sealed_dsv4
30,113,31,242,12,1,0.08333333333333333,0.00847457627118644,9.833333333333332,sealed_dsv4
30,113,31,94,12,1,0.08333333333333333,0.01694915254237288,4.916666666666666,sealed_dsv4
30,113,31,78,12,1,0.08333333333333333,0.00847457627118644,9.833333333333332,sealed_dsv4
30,113,31,214,12,1,0.08333333333333333,0.00847457627118644,9.833333333333332,sealed_dsv4
30,113,31,215,12,1,0.08333333333333333,0.00847457627118644,9.833333333333332,sealed_dsv4
31,10,32,216,15,1,0.06666666666666667,0.008771929824561403,7.6000000000000005,sealed_dsv4
31,10,32,246,15,1,0.06666666666666667,0.008771929824561403,7.6000000000000005,sealed_dsv4
31,10,32,150,15,1,0.06666666666666667,0.008771929824561403,7.6000000000000005,sealed_dsv4
31,10,32,185,15,1,0.06666666666666667,0.008771929824561403,7.6000000000000005,sealed_dsv4
31,10,32,43,15,1,0.06666666666666667,0.008771929824561403,7.6000000000000005,sealed_dsv4
31,10,32,103,15,1,0.06666666666666667,0.008771929824561403,7.6000000000000005,sealed_dsv4
31,10,32,49,15,1,0.06666666666666667,0.008771929824561403,7.6000000000000005,sealed_dsv4
31,10,32,196,15,1,0.06666666666666667,0.008771929824561403,7.6000000000000005,sealed_dsv4
31,10,32,17,15,1,0.06666666666666667,0.008771929824561403,7.6000000000000005,sealed_dsv4
31,10,32,228,15,1,0.06666666666666667,0.008771929824561403,7.6000000000000005,sealed_dsv4
31,10,32,244,15,1,0.06666666666666667,0.008771929824561403,7.6000000000000005,sealed_dsv4
31,10,32,89,15,1,0.06666666666666667,0.008771929824561403,7.6000000000000005,sealed_dsv4
31,10,32,195,15,1,0.06666666666666667,0.008771929824561403,7.6000000000000005,sealed_dsv4
31,10,32,23,15,1,0.06666666666666667,0.008771929824561403,7.6000000000000005,sealed_dsv4
31,10,32,172,15,1,0.06666666666666667,0.008771929824561403,7.6000000000000005,sealed_dsv4
31,126,32,216,15,1,0.06666666666666667,0.008771929824561403,7.6000000000000005,sealed_dsv4
31,126,32,246,15,1,0.06666666666666667,0.008771929824561403,7.6000000000000005,sealed_dsv4
31,126,32,150,15,1,0.06666666666666667,0.008771929824561403,7.6000000000000005,sealed_dsv4
31,126,32,185,15,1,0.06666666666666667,0.008771929824561403,7.6000000000000005,sealed_dsv4
31,126,32,43,15,1,0.06666666666666667,0.008771929824561403,7.6000000000000005,sealed_dsv4
31,126,32,103,15,1,0.06666666666666667,0.008771929824561403,7.6000000000000005,sealed_dsv4
31,126,32,49,15,1,0.06666666666666667,0.008771929824561403,7.6000000000000005,sealed_dsv4
31,126,32,196,15,1,0.06666666666666667,0.008771929824561403,7.6000000000000005,sealed_dsv4
31,126,32,17,15,1,0.06666666666666667,0.008771929824561403,7.6000000000000005,sealed_dsv4
31,126,32,228,15,1,0.06666666666666667,0.008771929824561403,7.6000000000000005,sealed_dsv4
31,126,32,244,15,1,0.06666666666666667,0.008771929824561403,7.6000000000000005,sealed_dsv4
31,126,32,89,15,1,0.06666666666666667,0.008771929824561403,7.6000000000000005,sealed_dsv4
31,126,32,195,15,1,0.06666666666666667,0.008771929824561403,7.6000000000000005,sealed_dsv4
31,126,32,23,15,1,0.06666666666666667,0.008771929824561403,7.6000000000000005,sealed_dsv4
31,126,32,172,15,1,0.06666666666666667,0.008771929824561403,7.6000000000000005,sealed_dsv4
32,90,33,65,7,1,0.14285714285714285,0.00847457627118644,16.857142857142858,sealed_dsv4
32,90,33,189,7,1,0.14285714285714285,0.00847457627118644,16.857142857142858,sealed_dsv4
32,90,33,221,7,1,0.14285714285714285,0.00847457627118644,16.857142857142858,sealed_dsv4
32,90,33,62,7,1,0.14285714285714285,0.00847457627118644,16.857142857142858,sealed_dsv4
32,90,33,68,7,1,0.14285714285714285,0.00847457627118644,16.857142857142858,sealed_dsv4
32,90,33,203,7,1,0.14285714285714285,0.00847457627118644,16.857142857142858,sealed_dsv4
32,90,33,102,7,1,0.14285714285714285,0.00847457627118644,16.857142857142858,sealed_dsv4
32,90,33,222,7,1,0.14285714285714285,0.00847457627118644,16.857142857142858,sealed_dsv4
32,90,33,122,7,1,0.14285714285714285,0.00847457627118644,16.857142857142858,sealed_dsv4
32,90,33,242,7,1,0.14285714285714285,0.01694915254237288,8.428571428571429,sealed_dsv4
32,90,33,14,7,1,0.14285714285714285,0.00847457627118644,16.857142857142858,sealed_dsv4
32,90,33,193,7,1,0.14285714285714285,0.00847457627118644,16.857142857142858,sealed_dsv4
32,90,33,29,7,1,0.14285714285714285,0.00847457627118644,16.857142857142858,sealed_dsv4
32,90,33,223,7,1,0.14285714285714285,0.00847457627118644,16.857142857142858,sealed_dsv4
32,90,33,181,7,1,0.14285714285714285,0.01694915254237288,8.428571428571429,sealed_dsv4
32,90,33,233,7,1,0.14285714285714285,0.00847457627118644,16.857142857142858,sealed_dsv4
32,90,33,208,7,1,0.14285714285714285,0.00847457627118644,16.857142857142858,sealed_dsv4
32,90,33,112,7,1,0.14285714285714285,0.00847457627118644,16.857142857142858,sealed_dsv4
32,90,33,95,7,1,0.14285714285714285,0.00847457627118644,16.857142857142858,sealed_dsv4
32,90,33,3,7,1,0.14285714285714285,0.00847457627118644,16.857142857142858,sealed_dsv4
32,90,33,27,7,1,0.14285714285714285,0.00847457627118644,16.857142857142858,sealed_dsv4
32,90,33,174,7,1,0.14285714285714285,0.01694915254237288,8.428571428571429,sealed_dsv4
32,90,33,22,7,1,0.14285714285714285,0.00847457627118644,16.857142857142858,sealed_dsv4
32,12,33,65,6,1,0.16666666666666666,0.00847457627118644,19.666666666666664,sealed_dsv4
32,12,33,189,6,1,0.16666666666666666,0.00847457627118644,19.666666666666664,sealed_dsv4
32,12,33,221,6,1,0.16666666666666666,0.00847457627118644,19.666666666666664,sealed_dsv4
32,12,33,62,6,1,0.16666666666666666,0.00847457627118644,19.666666666666664,sealed_dsv4
32,12,33,68,6,1,0.16666666666666666,0.00847457627118644,19.666666666666664,sealed_dsv4
32,12,33,203,6,1,0.16666666666666666,0.00847457627118644,19.666666666666664,sealed_dsv4
32,12,33,102,6,1,0.16666666666666666,0.00847457627118644,19.666666666666664,sealed_dsv4
32,12,33,222,6,1,0.16666666666666666,0.00847457627118644,19.666666666666664,sealed_dsv4
32,12,33,122,6,1,0.16666666666666666,0.00847457627118644,19.666666666666664,sealed_dsv4
32,12,33,242,6,1,0.16666666666666666,0.01694915254237288,9.833333333333332,sealed_dsv4
32,12,33,14,6,1,0.16666666666666666,0.00847457627118644,19.666666666666664,sealed_dsv4
32,12,33,193,6,1,0.16666666666666666,0.00847457627118644,19.666666666666664,sealed_dsv4
32,12,33,29,6,1,0.16666666666666666,0.00847457627118644,19.666666666666664,sealed_dsv4
32,12,33,223,6,1,0.16666666666666666,0.00847457627118644,19.666666666666664,sealed_dsv4
32,12,33,233,6,1,0.16666666666666666,0.00847457627118644,19.666666666666664,sealed_dsv4
32,12,33,208,6,1,0.16666666666666666,0.00847457627118644,19.666666666666664,sealed_dsv4
32,12,33,112,6,1,0.16666666666666666,0.00847457627118644,19.666666666666664,sealed_dsv4
32,12,33,95,6,1,0.16666666666666666,0.00847457627118644,19.666666666666664,sealed_dsv4
32,12,33,3,6,1,0.16666666666666666,0.00847457627118644,19.666666666666664,sealed_dsv4
32,12,33,27,6,1,0.16666666666666666,0.00847457627118644,19.666666666666664,sealed_dsv4
32,12,33,174,6,1,0.16666666666666666,0.01694915254237288,9.833333333333332,sealed_dsv4
32,12,33,22,6,1,0.16666666666666666,0.00847457627118644,19.666666666666664,sealed_dsv4
32,135,33,65,15,1,0.06666666666666667,0.00847457627118644,7.866666666666666,sealed_dsv4
32,135,33,189,15,1,0.06666666666666667,0.00847457627118644,7.866666666666666,sealed_dsv4
32,135,33,221,15,1,0.06666666666666667,0.00847457627118644,7.866666666666666,sealed_dsv4
32,135,33,62,15,1,0.06666666666666667,0.00847457627118644,7.866666666666666,sealed_dsv4
32,135,33,68,15,1,0.06666666666666667,0.00847457627118644,7.866666666666666,sealed_dsv4
32,135,33,203,15,1,0.06666666666666667,0.00847457627118644,7.866666666666666,sealed_dsv4
32,135,33,102,15,1,0.06666666666666667,0.00847457627118644,7.866666666666666,sealed_dsv4
32,135,33,222,15,1,0.06666666666666667,0.00847457627118644,7.866666666666666,sealed_dsv4
32,135,33,122,15,1,0.06666666666666667,0.00847457627118644,7.866666666666666,sealed_dsv4
32,135,33,242,15,1,0.06666666666666667,0.01694915254237288,3.933333333333333,sealed_dsv4
32,135,33,14,15,1,0.06666666666666667,0.00847457627118644,7.866666666666666,sealed_dsv4
32,135,33,193,15,1,0.06666666666666667,0.00847457627118644,7.866666666666666,sealed_dsv4
32,135,33,29,15,1,0.06666666666666667,0.00847457627118644,7.866666666666666,sealed_dsv4
32,135,33,223,15,1,0.06666666666666667,0.00847457627118644,7.866666666666666,sealed_dsv4
32,135,33,233,15,1,0.06666666666666667,0.00847457627118644,7.866666666666666,sealed_dsv4
32,135,33,208,15,1,0.06666666666666667,0.00847457627118644,7.866666666666666,sealed_dsv4
32,135,33,112,15,1,0.06666666666666667,0.00847457627118644,7.866666666666666,sealed_dsv4
32,135,33,95,15,1,0.06666666666666667,0.00847457627118644,7.866666666666666,sealed_dsv4
32,135,33,3,15,1,0.06666666666666667,0.00847457627118644,7.866666666666666,sealed_dsv4
32,135,33,27,15,1,0.06666666666666667,0.00847457627118644,7.866666666666666,sealed_dsv4
32,135,33,22,15,1,0.06666666666666667,0.00847457627118644,7.866666666666666,sealed_dsv4
32,109,33,65,14,1,0.07142857142857142,0.00847457627118644,8.428571428571429,sealed_dsv4
32,109,33,189,14,1,0.07142857142857142,0.00847457627118644,8.428571428571429,sealed_dsv4
32,109,33,221,14,1,0.07142857142857142,0.00847457627118644,8.428571428571429,sealed_dsv4
32,109,33,62,14,1,0.07142857142857142,0.00847457627118644,8.428571428571429,sealed_dsv4
32,109,33,68,14,1,0.07142857142857142,0.00847457627118644,8.428571428571429,sealed_dsv4
32,109,33,203,14,1,0.07142857142857142,0.00847457627118644,8.428571428571429,sealed_dsv4
32,109,33,102,14,1,0.07142857142857142,0.00847457627118644,8.428571428571429,sealed_dsv4
32,109,33,222,14,1,0.07142857142857142,0.00847457627118644,8.428571428571429,sealed_dsv4
32,109,33,122,14,1,0.07142857142857142,0.00847457627118644,8.428571428571429,sealed_dsv4
32,109,33,242,14,1,0.07142857142857142,0.01694915254237288,4.214285714285714,sealed_dsv4
32,109,33,14,14,1,0.07142857142857142,0.00847457627118644,8.428571428571429,sealed_dsv4
32,109,33,193,14,1,0.07142857142857142,0.00847457627118644,8.428571428571429,sealed_dsv4
32,109,33,29,14,1,0.07142857142857142,0.00847457627118644,8.428571428571429,sealed_dsv4
32,109,33,223,14,1,0.07142857142857142,0.00847457627118644,8.428571428571429,sealed_dsv4
32,109,33,233,14,1,0.07142857142857142,0.00847457627118644,8.428571428571429,sealed_dsv4
32,109,33,208,14,1,0.07142857142857142,0.00847457627118644,8.428571428571429,sealed_dsv4
32,109,33,112,14,1,0.07142857142857142,0.00847457627118644,8.428571428571429,sealed_dsv4
32,109,33,95,14,1,0.07142857142857142,0.00847457627118644,8.428571428571429,sealed_dsv4
32,109,33,3,14,1,0.07142857142857142,0.00847457627118644,8.428571428571429,sealed_dsv4
32,109,33,27,14,1,0.07142857142857142,0.00847457627118644,8.428571428571429,sealed_dsv4
32,109,33,22,14,1,0.07142857142857142,0.00847457627118644,8.428571428571429,sealed_dsv4
32,83,33,65,13,1,0.07692307692307693,0.00847457627118644,9.076923076923077,sealed_dsv4
32,83,33,189,13,1,0.07692307692307693,0.00847457627118644,9.076923076923077,sealed_dsv4
32,83,33,221,13,1,0.07692307692307693,0.00847457627118644,9.076923076923077,sealed_dsv4
32,83,33,62,13,1,0.07692307692307693,0.00847457627118644,9.076923076923077,sealed_dsv4
32,83,33,68,13,1,0.07692307692307693,0.00847457627118644,9.076923076923077,sealed_dsv4
32,83,33,203,13,1,0.07692307692307693,0.00847457627118644,9.076923076923077,sealed_dsv4
32,83,33,102,13,1,0.07692307692307693,0.00847457627118644,9.076923076923077,sealed_dsv4
32,83,33,222,13,1,0.07692307692307693,0.00847457627118644,9.076923076923077,sealed_dsv4
32,83,33,122,13,1,0.07692307692307693,0.00847457627118644,9.076923076923077,sealed_dsv4
32,83,33,242,13,1,0.07692307692307693,0.01694915254237288,4.538461538461538,sealed_dsv4
32,83,33,14,13,1,0.07692307692307693,0.00847457627118644,9.076923076923077,sealed_dsv4
32,83,33,193,13,1,0.07692307692307693,0.00847457627118644,9.076923076923077,sealed_dsv4
32,83,33,29,13,1,0.07692307692307693,0.00847457627118644,9.076923076923077,sealed_dsv4
32,83,33,223,13,1,0.07692307692307693,0.00847457627118644,9.076923076923077,sealed_dsv4
32,83,33,181,13,1,0.07692307692307693,0.01694915254237288,4.538461538461538,sealed_dsv4
32,83,33,233,13,1,0.07692307692307693,0.00847457627118644,9.076923076923077,sealed_dsv4
32,83,33,208,13,1,0.07692307692307693,0.00847457627118644,9.076923076923077,sealed_dsv4
32,83,33,112,13,1,0.07692307692307693,0.00847457627118644,9.076923076923077,sealed_dsv4
32,83,33,95,13,1,0.07692307692307693,0.00847457627118644,9.076923076923077,sealed_dsv4
32,83,33,3,13,1,0.07692307692307693,0.00847457627118644,9.076923076923077,sealed_dsv4
32,83,33,27,13,1,0.07692307692307693,0.00847457627118644,9.076923076923077,sealed_dsv4
32,83,33,22,13,1,0.07692307692307693,0.00847457627118644,9.076923076923077,sealed_dsv4
33,255,34,33,15,1,0.06666666666666667,0.00847457627118644,7.866666666666666,sealed_dsv4
33,255,34,121,15,1,0.06666666666666667,0.00847457627118644,7.866666666666666,sealed_dsv4
33,255,34,195,15,1,0.06666666666666667,0.00847457627118644,7.866666666666666,sealed_dsv4
33,255,34,147,15,1,0.06666666666666667,0.00847457627118644,7.866666666666666,sealed_dsv4
33,255,34,103,15,1,0.06666666666666667,0.00847457627118644,7.866666666666666,sealed_dsv4
33,255,34,247,15,1,0.06666666666666667,0.00847457627118644,7.866666666666666,sealed_dsv4
33,255,34,188,15,1,0.06666666666666667,0.00847457627118644,7.866666666666666,sealed_dsv4
33,255,34,233,15,1,0.06666666666666667,0.00847457627118644,7.866666666666666,sealed_dsv4
33,255,34,64,15,1,0.06666666666666667,0.00847457627118644,7.866666666666666,sealed_dsv4
33,255,34,152,15,1,0.06666666666666667,0.00847457627118644,7.866666666666666,sealed_dsv4
33,255,34,159,15,1,0.06666666666666667,0.00847457627118644,7.866666666666666,sealed_dsv4
33,255,34,5,15,1,0.06666666666666667,0.00847457627118644,7.866666666666666,sealed_dsv4
33,255,34,128,15,1,0.06666666666666667,0.00847457627118644,7.866666666666666,sealed_dsv4
33,255,34,57,15,1,0.06666666666666667,0.00847457627118644,7.866666666666666,sealed_dsv4
33,255,34,181,15,1,0.06666666666666667,0.00847457627118644,7.866666666666666,sealed_dsv4
33,255,34,106,15,1,0.06666666666666667,0.00847457627118644,7.866666666666666,sealed_dsv4
33,255,34,80,15,1,0.06666666666666667,0.00847457627118644,7.866666666666666,sealed_dsv4
33,255,34,207,15,1,0.06666666666666667,0.00847457627118644,7.866666666666666,sealed_dsv4
33,255,34,2,15,1,0.06666666666666667,0.00847457627118644,7.866666666666666,sealed_dsv4
33,48,34,33,5,1,0.2,0.00847457627118644,23.6,sealed_dsv4
33,48,34,121,5,1,0.2,0.00847457627118644,23.6,sealed_dsv4
33,48,34,195,5,1,0.2,0.00847457627118644,23.6,sealed_dsv4
33,48,34,147,5,1,0.2,0.00847457627118644,23.6,sealed_dsv4
33,48,34,103,5,1,0.2,0.00847457627118644,23.6,sealed_dsv4
33,48,34,247,5,1,0.2,0.00847457627118644,23.6,sealed_dsv4
33,48,34,188,5,1,0.2,0.00847457627118644,23.6,sealed_dsv4
33,48,34,233,5,1,0.2,0.00847457627118644,23.6,sealed_dsv4
33,48,34,64,5,1,0.2,0.00847457627118644,23.6,sealed_dsv4
33,48,34,152,5,1,0.2,0.00847457627118644,23.6,sealed_dsv4
33,48,34,159,5,1,0.2,0.00847457627118644,23.6,sealed_dsv4
33,48,34,5,5,1,0.2,0.00847457627118644,23.6,sealed_dsv4
33,48,34,128,5,1,0.2,0.00847457627118644,23.6,sealed_dsv4
33,48,34,22,5,1,0.2,0.01694915254237288,11.8,sealed_dsv4
33,48,34,179,5,1,0.2,0.01694915254237288,11.8,sealed_dsv4
33,48,34,57,5,1,0.2,0.00847457627118644,23.6,sealed_dsv4
33,48,34,181,5,1,0.2,0.00847457627118644,23.6,sealed_dsv4
33,48,34,106,5,1,0.2,0.00847457627118644,23.6,sealed_dsv4
33,48,34,80,5,1,0.2,0.00847457627118644,23.6,sealed_dsv4
33,48,34,207,5,1,0.2,0.00847457627118644,23.6,sealed_dsv4
33,48,34,2,5,1,0.2,0.00847457627118644,23.6,sealed_dsv4
33,224,34,33,15,1,0.06666666666666667,0.00847457627118644,7.866666666666666,sealed_dsv4
33,224,34,121,15,1,0.06666666666666667,0.00847457627118644,7.866666666666666,sealed_dsv4
33,224,34,195,15,1,0.06666666666666667,0.00847457627118644,7.866666666666666,sealed_dsv4
33,224,34,147,15,1,0.06666666666666667,0.00847457627118644,7.866666666666666,sealed_dsv4
33,224,34,103,15,1,0.06666666666666667,0.00847457627118644,7.866666666666666,sealed_dsv4
33,224,34,247,15,1,0.06666666666666667,0.00847457627118644,7.866666666666666,sealed_dsv4
33,224,34,188,15,1,0.06666666666666667,0.00847457627118644,7.866666666666666,sealed_dsv4
33,224,34,233,15,1,0.06666666666666667,0.00847457627118644,7.866666666666666,sealed_dsv4
33,224,34,64,15,1,0.06666666666666667,0.00847457627118644,7.866666666666666,sealed_dsv4
33,224,34,152,15,1,0.06666666666666667,0.00847457627118644,7.866666666666666,sealed_dsv4
33,224,34,159,15,1,0.06666666666666667,0.00847457627118644,7.866666666666666,sealed_dsv4
33,224,34,5,15,1,0.06666666666666667,0.00847457627118644,7.866666666666666,sealed_dsv4
33,224,34,128,15,1,0.06666666666666667,0.00847457627118644,7.866666666666666,sealed_dsv4
33,224,34,57,15,1,0.06666666666666667,0.00847457627118644,7.866666666666666,sealed_dsv4
33,224,34,181,15,1,0.06666666666666667,0.00847457627118644,7.866666666666666,sealed_dsv4
33,224,34,106,15,1,0.06666666666666667,0.00847457627118644,7.866666666666666,sealed_dsv4
33,224,34,80,15,1,0.06666666666666667,0.00847457627118644,7.866666666666666,sealed_dsv4
33,224,34,207,15,1,0.06666666666666667,0.00847457627118644,7.866666666666666,sealed_dsv4
33,224,34,2,15,1,0.06666666666666667,0.00847457627118644,7.866666666666666,sealed_dsv4
33,25,34,33,14,1,0.07142857142857142,0.00847457627118644,8.428571428571429,sealed_dsv4
33,25,34,121,14,1,0.07142857142857142,0.00847457627118644,8.428571428571429,sealed_dsv4
33,25,34,195,14,1,0.07142857142857142,0.00847457627118644,8.428571428571429,sealed_dsv4
33,25,34,147,14,1,0.07142857142857142,0.00847457627118644,8.428571428571429,sealed_dsv4
33,25,34,103,14,1,0.07142857142857142,0.00847457627118644,8.428571428571429,sealed_dsv4
33,25,34,247,14,1,0.07142857142857142,0.00847457627118644,8.428571428571429,sealed_dsv4
33,25,34,12,14,1,0.07142857142857142,0.01694915254237288,4.214285714285714,sealed_dsv4
33,25,34,188,14,1,0.07142857142857142,0.00847457627118644,8.428571428571429,sealed_dsv4
33,25,34,233,14,1,0.07142857142857142,0.00847457627118644,8.428571428571429,sealed_dsv4
33,25,34,64,14,1,0.07142857142857142,0.00847457627118644,8.428571428571429,sealed_dsv4
33,25,34,152,14,1,0.07142857142857142,0.00847457627118644,8.428571428571429,sealed_dsv4
33,25,34,159,14,1,0.07142857142857142,0.00847457627118644,8.428571428571429,sealed_dsv4
33,25,34,5,14,1,0.07142857142857142,0.00847457627118644,8.428571428571429,sealed_dsv4
33,25,34,128,14,1,0.07142857142857142,0.00847457627118644,8.428571428571429,sealed_dsv4
33,25,34,57,14,1,0.07142857142857142,0.00847457627118644,8.428571428571429,sealed_dsv4
33,25,34,181,14,1,0.07142857142857142,0.00847457627118644,8.428571428571429,sealed_dsv4
33,25,34,106,14,1,0.07142857142857142,0.00847457627118644,8.428571428571429,sealed_dsv4
33,25,34,80,14,1,0.07142857142857142,0.00847457627118644,8.428571428571429,sealed_dsv4
33,25,34,207,14,1,0.07142857142857142,0.00847457627118644,8.428571428571429,sealed_dsv4
33,25,34,2,14,1,0.07142857142857142,0.00847457627118644,8.428571428571429,sealed_dsv4
33,47,34,33,8,1,0.125,0.00847457627118644,14.75,sealed_dsv4
33,47,34,121,8,1,0.125,0.00847457627118644,14.75,sealed_dsv4
33,47,34,195,8,1,0.125,0.00847457627118644,14.75,sealed_dsv4
33,47,34,147,8,1,0.125,0.00847457627118644,14.75,sealed_dsv4
33,47,34,103,8,1,0.125,0.00847457627118644,14.75,sealed_dsv4
33,47,34,247,8,1,0.125,0.00847457627118644,14.75,sealed_dsv4
33,47,34,12,8,1,0.125,0.01694915254237288,7.375,sealed_dsv4
33,47,34,188,8,1,0.125,0.00847457627118644,14.75,sealed_dsv4
33,47,34,233,8,1,0.125,0.00847457627118644,14.75,sealed_dsv4
33,47,34,64,8,1,0.125,0.00847457627118644,14.75,sealed_dsv4
33,47,34,152,8,1,0.125,0.00847457627118644,14.75,sealed_dsv4
33,47,34,159,8,1,0.125,0.00847457627118644,14.75,sealed_dsv4
33,47,34,5,8,1,0.125,0.00847457627118644,14.75,sealed_dsv4
33,47,34,104,8,1,0.125,0.01694915254237288,7.375,sealed_dsv4
33,47,34,128,8,1,0.125,0.00847457627118644,14.75,sealed_dsv4
33,47,34,57,8,1,0.125,0.00847457627118644,14.75,sealed_dsv4
33,47,34,181,8,1,0.125,0.00847457627118644,14.75,sealed_dsv4
33,47,34,106,8,1,0.125,0.00847457627118644,14.75,sealed_dsv4
33,47,34,80,8,1,0.125,0.00847457627118644,14.75,sealed_dsv4
33,47,34,207,8,1,0.125,0.00847457627118644,14.75,sealed_dsv4
33,47,34,2,8,1,0.125,0.00847457627118644,14.75,sealed_dsv4
34,11,35,81,15,1,0.06666666666666667,0.008130081300813009,8.2,sealed_dsv4
34,11,35,254,15,1,0.06666666666666667,0.008130081300813009,8.2,sealed_dsv4
34,11,35,8,15,1,0.06666666666666667,0.008130081300813009,8.2,sealed_dsv4
34,11,35,58,15,1,0.06666666666666667,0.008130081300813009,8.2,sealed_dsv4
34,11,35,23,15,1,0.06666666666666667,0.008130081300813009,8.2,sealed_dsv4
34,11,35,240,15,1,0.06666666666666667,0.008130081300813009,8.2,sealed_dsv4
34,11,35,203,15,1,0.06666666666666667,0.008130081300813009,8.2,sealed_dsv4
34,11,35,113,15,1,0.06666666666666667,0.008130081300813009,8.2,sealed_dsv4
34,11,35,37,15,1,0.06666666666666667,0.008130081300813009,8.2,sealed_dsv4
34,11,35,120,15,1,0.06666666666666667,0.008130081300813009,8.2,sealed_dsv4
34,11,35,24,15,1,0.06666666666666667,0.008130081300813009,8.2,sealed_dsv4
34,11,35,67,15,1,0.06666666666666667,0.008130081300813009,8.2,sealed_dsv4
34,11,35,198,15,1,0.06666666666666667,0.008130081300813009,8.2,sealed_dsv4
34,11,35,217,15,1,0.06666666666666667,0.008130081300813009,8.2,sealed_dsv4
34,11,35,43,15,1,0.06666666666666667,0.008130081300813009,8.2,sealed_dsv4
34,11,35,246,15,1,0.06666666666666667,0.008130081300813009,8.2,sealed_dsv4
34,11,35,100,15,1,0.06666666666666667,0.008130081300813009,8.2,sealed_dsv4
34,11,35,159,15,1,0.06666666666666667,0.008130081300813009,8.2,sealed_dsv4
34,11,35,215,15,1,0.06666666666666667,0.008130081300813009,8.2,sealed_dsv4
34,11,35,71,15,1,0.06666666666666667,0.008130081300813009,8.2,sealed_dsv4
34,11,35,164,15,1,0.06666666666666667,0.008130081300813009,8.2,sealed_dsv4
34,11,35,190,15,1,0.06666666666666667,0.008130081300813009,8.2,sealed_dsv4
34,11,35,237,15,1,0.06666666666666667,0.008130081300813009,8.2,sealed_dsv4
34,11,35,89,15,1,0.06666666666666667,0.008130081300813009,8.2,sealed_dsv4
34,70,35,81,12,1,0.08333333333333333,0.008130081300813009,10.249999999999998,sealed_dsv4
34,70,35,254,12,1,0.08333333333333333,0.008130081300813009,10.249999999999998,sealed_dsv4
34,70,35,8,12,1,0.08333333333333333,0.008130081300813009,10.249999999999998,sealed_dsv4
34,70,35,58,12,1,0.08333333333333333,0.008130081300813009,10.249999999999998,sealed_dsv4
34,70,35,23,12,1,0.08333333333333333,0.008130081300813009,10.249999999999998,sealed_dsv4
34,70,35,240,12,1,0.08333333333333333,0.008130081300813009,10.249999999999998,sealed_dsv4
34,70,35,203,12,1,0.08333333333333333,0.008130081300813009,10.249999999999998,sealed_dsv4
34,70,35,113,12,1,0.08333333333333333,0.008130081300813009,10.249999999999998,sealed_dsv4
34,70,35,37,12,1,0.08333333333333333,0.008130081300813009,10.249999999999998,sealed_dsv4
34,70,35,120,12,1,0.08333333333333333,0.008130081300813009,10.249999999999998,sealed_dsv4
34,70,35,24,12,1,0.08333333333333333,0.008130081300813009,10.249999999999998,sealed_dsv4
34,70,35,67,12,1,0.08333333333333333,0.008130081300813009,10.249999999999998,sealed_dsv4
34,70,35,198,12,1,0.08333333333333333,0.008130081300813009,10.249999999999998,sealed_dsv4
34,70,35,217,12,1,0.08333333333333333,0.008130081300813009,10.249999999999998,sealed_dsv4
34,70,35,43,12,1,0.08333333333333333,0.008130081300813009,10.249999999999998,sealed_dsv4
34,70,35,246,12,1,0.08333333333333333,0.008130081300813009,10.249999999999998,sealed_dsv4
34,70,35,243,12,1,0.08333333333333333,0.016260162601626018,5.124999999999999,sealed_dsv4
34,70,35,56,12,1,0.08333333333333333,0.016260162601626018,5.124999999999999,sealed_dsv4
34,70,35,100,12,1,0.08333333333333333,0.008130081300813009,10.249999999999998,sealed_dsv4
34,70,35,159,12,1,0.08333333333333333,0.008130081300813009,10.249999999999998,sealed_dsv4
34,70,35,215,12,1,0.08333333333333333,0.008130081300813009,10.249999999999998,sealed_dsv4
34,70,35,71,12,1,0.08333333333333333,0.008130081300813009,10.249999999999998,sealed_dsv4
34,70,35,164,12,1,0.08333333333333333,0.008130081300813009,10.249999999999998,sealed_dsv4
34,70,35,190,12,1,0.08333333333333333,0.008130081300813009,10.249999999999998,sealed_dsv4
34,70,35,237,12,1,0.08333333333333333,0.008130081300813009,10.249999999999998,sealed_dsv4
34,70,35,89,12,1,0.08333333333333333,0.008130081300813009,10.249999999999998,sealed_dsv4
34,243,35,81,11,1,0.09090909090909091,0.008130081300813009,11.181818181818182,sealed_dsv4
34,243,35,254,11,1,0.09090909090909091,0.008130081300813009,11.181818181818182,sealed_dsv4
34,243,35,8,11,1,0.09090909090909091,0.008130081300813009,11.181818181818182,sealed_dsv4
34,243,35,58,11,1,0.09090909090909091,0.008130081300813009,11.181818181818182,sealed_dsv4
34,243,35,23,11,1,0.09090909090909091,0.008130081300813009,11.181818181818182,sealed_dsv4
34,243,35,240,11,1,0.09090909090909091,0.008130081300813009,11.181818181818182,sealed_dsv4
34,243,35,203,11,1,0.09090909090909091,0.008130081300813009,11.181818181818182,sealed_dsv4
34,243,35,113,11,1,0.09090909090909091,0.008130081300813009,11.181818181818182,sealed_dsv4
34,243,35,37,11,1,0.09090909090909091,0.008130081300813009,11.181818181818182,sealed_dsv4
34,243,35,120,11,1,0.09090909090909091,0.008130081300813009,11.181818181818182,sealed_dsv4
34,243,35,24,11,1,0.09090909090909091,0.008130081300813009,11.181818181818182,sealed_dsv4
34,243,35,67,11,1,0.09090909090909091,0.008130081300813009,11.181818181818182,sealed_dsv4
34,243,35,198,11,1,0.09090909090909091,0.008130081300813009,11.181818181818182,sealed_dsv4
34,243,35,158,11,1,0.09090909090909091,0.016260162601626018,5.590909090909091,sealed_dsv4
34,243,35,217,11,1,0.09090909090909091,0.008130081300813009,11.181818181818182,sealed_dsv4
34,243,35,43,11,1,0.09090909090909091,0.008130081300813009,11.181818181818182,sealed_dsv4
34,243,35,246,11,1,0.09090909090909091,0.008130081300813009,11.181818181818182,sealed_dsv4
34,243,35,100,11,1,0.09090909090909091,0.008130081300813009,11.181818181818182,sealed_dsv4
34,243,35,159,11,1,0.09090909090909091,0.008130081300813009,11.181818181818182,sealed_dsv4
34,243,35,215,11,1,0.09090909090909091,0.008130081300813009,11.181818181818182,sealed_dsv4
34,243,35,71,11,1,0.09090909090909091,0.008130081300813009,11.181818181818182,sealed_dsv4
34,243,35,164,11,1,0.09090909090909091,0.008130081300813009,11.181818181818182,sealed_dsv4
34,243,35,190,11,1,0.09090909090909091,0.008130081300813009,11.181818181818182,sealed_dsv4
34,243,35,237,11,1,0.09090909090909091,0.008130081300813009,11.181818181818182,sealed_dsv4
34,243,35,89,11,1,0.09090909090909091,0.008130081300813009,11.181818181818182,sealed_dsv4
34,246,35,81,8,1,0.125,0.008130081300813009,15.374999999999998,sealed_dsv4
34,246,35,254,8,1,0.125,0.008130081300813009,15.374999999999998,sealed_dsv4
34,246,35,8,8,1,0.125,0.008130081300813009,15.374999999999998,sealed_dsv4
34,246,35,58,8,1,0.125,0.008130081300813009,15.374999999999998,sealed_dsv4
34,246,35,23,8,1,0.125,0.008130081300813009,15.374999999999998,sealed_dsv4
34,246,35,240,8,1,0.125,0.008130081300813009,15.374999999999998,sealed_dsv4
34,246,35,203,8,1,0.125,0.008130081300813009,15.374999999999998,sealed_dsv4
34,246,35,113,8,1,0.125,0.008130081300813009,15.374999999999998,sealed_dsv4
34,246,35,37,8,1,0.125,0.008130081300813009,15.374999999999998,sealed_dsv4
34,246,35,120,8,1,0.125,0.008130081300813009,15.374999999999998,sealed_dsv4
34,246,35,24,8,1,0.125,0.008130081300813009,15.374999999999998,sealed_dsv4
34,246,35,67,8,1,0.125,0.008130081300813009,15.374999999999998,sealed_dsv4
34,246,35,198,8,1,0.125,0.008130081300813009,15.374999999999998,sealed_dsv4
34,246,35,217,8,1,0.125,0.008130081300813009,15.374999999999998,sealed_dsv4
34,246,35,43,8,1,0.125,0.008130081300813009,15.374999999999998,sealed_dsv4
34,246,35,246,8,1,0.125,0.008130081300813009,15.374999999999998,sealed_dsv4
34,246,35,243,8,1,0.125,0.016260162601626018,7.687499999999999,sealed_dsv4
34,246,35,56,8,1,0.125,0.016260162601626018,7.687499999999999,sealed_dsv4
34,246,35,230,8,1,0.125,0.024390243902439025,5.125,sealed_dsv4
34,246,35,100,8,1,0.125,0.008130081300813009,15.374999999999998,sealed_dsv4
34,246,35,159,8,1,0.125,0.008130081300813009,15.374999999999998,sealed_dsv4
34,246,35,215,8,1,0.125,0.008130081300813009,15.374999999999998,sealed_dsv4
34,246,35,71,8,1,0.125,0.008130081300813009,15.374999999999998,sealed_dsv4
34,246,35,164,8,1,0.125,0.008130081300813009,15.374999999999998,sealed_dsv4
34,246,35,190,8,1,0.125,0.008130081300813009,15.374999999999998,sealed_dsv4
34,246,35,216,8,1,0.125,0.016260162601626018,7.687499999999999,sealed_dsv4
34,246,35,237,8,1,0.125,0.008130081300813009,15.374999999999998,sealed_dsv4
34,246,35,89,8,1,0.125,0.008130081300813009,15.374999999999998,sealed_dsv4
35,84,36,104,6,1,0.16666666666666666,0.008849557522123894,18.833333333333332,sealed_dsv4
35,84,36,108,6,1,0.16666666666666666,0.008849557522123894,18.833333333333332,sealed_dsv4
35,84,36,52,6,1,0.16666666666666666,0.008849557522123894,18.833333333333332,sealed_dsv4
35,84,36,193,6,1,0.16666666666666666,0.008849557522123894,18.833333333333332,sealed_dsv4
35,84,36,142,6,1,0.16666666666666666,0.008849557522123894,18.833333333333332,sealed_dsv4
35,84,36,241,6,1,0.16666666666666666,0.008849557522123894,18.833333333333332,sealed_dsv4
35,84,36,38,6,1,0.16666666666666666,0.008849557522123894,18.833333333333332,sealed_dsv4
35,84,36,139,6,1,0.16666666666666666,0.008849557522123894,18.833333333333332,sealed_dsv4
35,84,36,143,6,1,0.16666666666666666,0.008849557522123894,18.833333333333332,sealed_dsv4
35,84,36,89,6,1,0.16666666666666666,0.008849557522123894,18.833333333333332,sealed_dsv4
35,84,36,148,6,1,0.16666666666666666,0.008849557522123894,18.833333333333332,sealed_dsv4
35,84,36,81,6,1,0.16666666666666666,0.008849557522123894,18.833333333333332,sealed_dsv4
35,84,36,84,6,1,0.16666666666666666,0.008849557522123894,18.833333333333332,sealed_dsv4
35,84,36,230,6,1,0.16666666666666666,0.008849557522123894,18.833333333333332,sealed_dsv4
35,84,36,24,6,1,0.16666666666666666,0.02654867256637168,6.277777777777778,sealed_dsv4
35,84,36,223,6,1,0.16666666666666666,0.008849557522123894,18.833333333333332,sealed_dsv4
35,84,36,208,6,1,0.16666666666666666,0.008849557522123894,18.833333333333332,sealed_dsv4
35,84,36,144,6,1,0.16666666666666666,0.008849557522123894,18.833333333333332,sealed_dsv4
36,26,37,93,5,1,0.2,0.008547008547008548,23.4,sealed_dsv4
36,26,37,128,5,1,0.2,0.008547008547008548,23.4,sealed_dsv4
36,26,37,170,5,1,0.2,0.008547008547008548,23.4,sealed_dsv4
36,26,37,19,5,1,0.2,0.008547008547008548,23.4,sealed_dsv4
36,26,37,105,5,1,0.2,0.008547008547008548,23.4,sealed_dsv4
36,26,37,49,5,1,0.2,0.008547008547008548,23.4,sealed_dsv4
36,26,37,110,5,1,0.2,0.008547008547008548,23.4,sealed_dsv4
36,26,37,51,5,1,0.2,0.008547008547008548,23.4,sealed_dsv4
36,26,37,213,5,1,0.2,0.008547008547008548,23.4,sealed_dsv4
36,26,37,71,5,1,0.2,0.008547008547008548,23.4,sealed_dsv4
36,26,37,248,5,1,0.2,0.03418803418803419,5.85,sealed_dsv4
36,26,37,152,5,1,0.2,0.008547008547008548,23.4,sealed_dsv4
36,26,37,129,5,1,0.2,0.008547008547008548,23.4,sealed_dsv4
36,26,37,239,5,1,0.2,0.02564102564102564,7.800000000000001,sealed_dsv4
36,26,37,253,5,1,0.2,0.017094017094017096,11.7,sealed_dsv4
36,26,37,222,5,1,0.2,0.008547008547008548,23.4,sealed_dsv4
36,26,37,250,5,1,0.2,0.017094017094017096,11.7,sealed_dsv4
36,26,37,106,5,1,0.2,0.008547008547008548,23.4,sealed_dsv4
36,26,37,33,5,1,0.2,0.008547008547008548,23.4,sealed_dsv4
36,45,37,93,12,1,0.08333333333333333,0.008547008547008548,9.749999999999998,sealed_dsv4
36,45,37,128,12,1,0.08333333333333333,0.008547008547008548,9.749999999999998,sealed_dsv4
36,45,37,170,12,1,0.08333333333333333,0.008547008547008548,9.749999999999998,sealed_dsv4
36,45,37,19,12,1,0.08333333333333333,0.008547008547008548,9.749999999999998,sealed_dsv4
36,45,37,105,12,1,0.08333333333333333,0.008547008547008548,9.749999999999998,sealed_dsv4
36,45,37,49,12,1,0.08333333333333333,0.008547008547008548,9.749999999999998,sealed_dsv4
36,45,37,110,12,1,0.08333333333333333,0.008547008547008548,9.749999999999998,sealed_dsv4
36,45,37,51,12,1,0.08333333333333333,0.008547008547008548,9.749999999999998,sealed_dsv4
36,45,37,213,12,1,0.08333333333333333,0.008547008547008548,9.749999999999998,sealed_dsv4
36,45,37,71,12,1,0.08333333333333333,0.008547008547008548,9.749999999999998,sealed_dsv4
36,45,37,152,12,1,0.08333333333333333,0.008547008547008548,9.749999999999998,sealed_dsv4
36,45,37,129,12,1,0.08333333333333333,0.008547008547008548,9.749999999999998,sealed_dsv4
36,45,37,253,12,1,0.08333333333333333,0.017094017094017096,4.874999999999999,sealed_dsv4
36,45,37,222,12,1,0.08333333333333333,0.008547008547008548,9.749999999999998,sealed_dsv4
36,45,37,106,12,1,0.08333333333333333,0.008547008547008548,9.749999999999998,sealed_dsv4
36,45,37,33,12,1,0.08333333333333333,0.008547008547008548,9.749999999999998,sealed_dsv4
36,152,37,93,11,1,0.09090909090909091,0.008547008547008548,10.636363636363635,sealed_dsv4
36,152,37,128,11,1,0.09090909090909091,0.008547008547008548,10.636363636363635,sealed_dsv4
36,152,37,170,11,1,0.09090909090909091,0.008547008547008548,10.636363636363635,sealed_dsv4
36,152,37,19,11,1,0.09090909090909091,0.008547008547008548,10.636363636363635,sealed_dsv4
36,152,37,105,11,1,0.09090909090909091,0.008547008547008548,10.636363636363635,sealed_dsv4
36,152,37,49,11,1,0.09090909090909091,0.008547008547008548,10.636363636363635,sealed_dsv4
36,152,37,110,11,1,0.09090909090909091,0.008547008547008548,10.636363636363635,sealed_dsv4
36,152,37,51,11,1,0.09090909090909091,0.008547008547008548,10.636363636363635,sealed_dsv4
36,152,37,213,11,1,0.09090909090909091,0.008547008547008548,10.636363636363635,sealed_dsv4
36,152,37,71,11,1,0.09090909090909091,0.008547008547008548,10.636363636363635,sealed_dsv4
36,152,37,152,11,1,0.09090909090909091,0.008547008547008548,10.636363636363635,sealed_dsv4
36,152,37,129,11,1,0.09090909090909091,0.008547008547008548,10.636363636363635,sealed_dsv4
36,152,37,253,11,1,0.09090909090909091,0.017094017094017096,5.3181818181818175,sealed_dsv4
36,152,37,222,11,1,0.09090909090909091,0.008547008547008548,10.636363636363635,sealed_dsv4
36,152,37,106,11,1,0.09090909090909091,0.008547008547008548,10.636363636363635,sealed_dsv4
36,152,37,33,11,1,0.09090909090909091,0.008547008547008548,10.636363636363635,sealed_dsv4
36,5,37,93,11,1,0.09090909090909091,0.008547008547008548,10.636363636363635,sealed_dsv4
36,5,37,128,11,1,0.09090909090909091,0.008547008547008548,10.636363636363635,sealed_dsv4
36,5,37,170,11,1,0.09090909090909091,0.008547008547008548,10.636363636363635,sealed_dsv4
36,5,37,19,11,1,0.09090909090909091,0.008547008547008548,10.636363636363635,sealed_dsv4
36,5,37,105,11,1,0.09090909090909091,0.008547008547008548,10.636363636363635,sealed_dsv4
36,5,37,49,11,1,0.09090909090909091,0.008547008547008548,10.636363636363635,sealed_dsv4
36,5,37,110,11,1,0.09090909090909091,0.008547008547008548,10.636363636363635,sealed_dsv4
36,5,37,51,11,1,0.09090909090909091,0.008547008547008548,10.636363636363635,sealed_dsv4
36,5,37,213,11,1,0.09090909090909091,0.008547008547008548,10.636363636363635,sealed_dsv4
36,5,37,71,11,1,0.09090909090909091,0.008547008547008548,10.636363636363635,sealed_dsv4
36,5,37,152,11,1,0.09090909090909091,0.008547008547008548,10.636363636363635,sealed_dsv4
36,5,37,129,11,1,0.09090909090909091,0.008547008547008548,10.636363636363635,sealed_dsv4
36,5,37,222,11,1,0.09090909090909091,0.008547008547008548,10.636363636363635,sealed_dsv4
36,5,37,250,11,1,0.09090909090909091,0.017094017094017096,5.3181818181818175,sealed_dsv4
36,5,37,106,11,1,0.09090909090909091,0.008547008547008548,10.636363636363635,sealed_dsv4
36,5,37,33,11,1,0.09090909090909091,0.008547008547008548,10.636363636363635,sealed_dsv4
36,10,37,93,8,1,0.125,0.008547008547008548,14.624999999999998,sealed_dsv4
36,10,37,128,8,1,0.125,0.008547008547008548,14.624999999999998,sealed_dsv4
36,10,37,170,8,1,0.125,0.008547008547008548,14.624999999999998,sealed_dsv4
36,10,37,19,8,1,0.125,0.008547008547008548,14.624999999999998,sealed_dsv4
36,10,37,105,8,1,0.125,0.008547008547008548,14.624999999999998,sealed_dsv4
36,10,37,49,8,1,0.125,0.008547008547008548,14.624999999999998,sealed_dsv4
36,10,37,110,8,1,0.125,0.008547008547008548,14.624999999999998,sealed_dsv4
36,10,37,51,8,1,0.125,0.008547008547008548,14.624999999999998,sealed_dsv4
36,10,37,213,8,1,0.125,0.008547008547008548,14.624999999999998,sealed_dsv4
36,10,37,71,8,1,0.125,0.008547008547008548,14.624999999999998,sealed_dsv4
36,10,37,171,8,1,0.125,0.017094017094017096,7.312499999999999,sealed_dsv4
36,10,37,248,8,1,0.125,0.03418803418803419,3.6562499999999996,sealed_dsv4
36,10,37,152,8,1,0.125,0.008547008547008548,14.624999999999998,sealed_dsv4
36,10,37,129,8,1,0.125,0.008547008547008548,14.624999999999998,sealed_dsv4
36,10,37,239,8,1,0.125,0.02564102564102564,4.875,sealed_dsv4
36,10,37,216,8,1,0.125,0.017094017094017096,7.312499999999999,sealed_dsv4
36,10,37,69,8,1,0.125,0.017094017094017096,7.312499999999999,sealed_dsv4
36,10,37,133,8,1,0.125,0.017094017094017096,7.312499999999999,sealed_dsv4
36,10,37,222,8,1,0.125,0.008547008547008548,14.624999999999998,sealed_dsv4
36,10,37,250,8,1,0.125,0.017094017094017096,7.312499999999999,sealed_dsv4
36,10,37,106,8,1,0.125,0.008547008547008548,14.624999999999998,sealed_dsv4
36,10,37,33,8,1,0.125,0.008547008547008548,14.624999999999998,sealed_dsv4
37,245,38,152,12,1,0.08333333333333333,0.00819672131147541,10.166666666666666,sealed_dsv4
37,245,38,84,12,1,0.08333333333333333,0.01639344262295082,5.083333333333333,sealed_dsv4
37,245,38,19,12,1,0.08333333333333333,0.00819672131147541,10.166666666666666,sealed_dsv4
37,245,38,130,12,1,0.08333333333333333,0.00819672131147541,10.166666666666666,sealed_dsv4
37,245,38,112,12,1,0.08333333333333333,0.00819672131147541,10.166666666666666,sealed_dsv4
37,245,38,33,12,1,0.08333333333333333,0.00819672131147541,10.166666666666666,sealed_dsv4
37,245,38,114,12,1,0.08333333333333333,0.00819672131147541,10.166666666666666,sealed_dsv4
37,245,38,23,12,1,0.08333333333333333,0.00819672131147541,10.166666666666666,sealed_dsv4
37,245,38,30,12,1,0.08333333333333333,0.00819672131147541,10.166666666666666,sealed_dsv4
37,245,38,115,12,1,0.08333333333333333,0.00819672131147541,10.166666666666666,sealed_dsv4
37,245,38,202,12,1,0.08333333333333333,0.00819672131147541,10.166666666666666,sealed_dsv4
37,245,38,189,12,1,0.08333333333333333,0.00819672131147541,10.166666666666666,sealed_dsv4
37,245,38,245,12,1,0.08333333333333333,0.00819672131147541,10.166666666666666,sealed_dsv4
37,245,38,195,12,1,0.08333333333333333,0.00819672131147541,10.166666666666666,sealed_dsv4
37,245,38,99,12,1,0.08333333333333333,0.00819672131147541,10.166666666666666,sealed_dsv4
37,245,38,143,12,1,0.08333333333333333,0.00819672131147541,10.166666666666666,sealed_dsv4
37,245,38,171,12,1,0.08333333333333333,0.00819672131147541,10.166666666666666,sealed_dsv4
37,245,38,179,12,1,0.08333333333333333,0.00819672131147541,10.166666666666666,sealed_dsv4
37,245,38,35,12,1,0.08333333333333333,0.00819672131147541,10.166666666666666,sealed_dsv4
37,245,38,95,12,1,0.08333333333333333,0.00819672131147541,10.166666666666666,sealed_dsv4
37,245,38,10,12,1,0.08333333333333333,0.00819672131147541,10.166666666666666,sealed_dsv4
37,138,38,152,11,1,0.09090909090909091,0.00819672131147541,11.09090909090909,sealed_dsv4
37,138,38,84,11,1,0.09090909090909091,0.01639344262295082,5.545454545454545,sealed_dsv4
37,138,38,19,11,1,0.09090909090909091,0.00819672131147541,11.09090909090909,sealed_dsv4
37,138,38,130,11,1,0.09090909090909091,0.00819672131147541,11.09090909090909,sealed_dsv4
37,138,38,112,11,1,0.09090909090909091,0.00819672131147541,11.09090909090909,sealed_dsv4
37,138,38,33,11,1,0.09090909090909091,0.00819672131147541,11.09090909090909,sealed_dsv4
37,138,38,114,11,1,0.09090909090909091,0.00819672131147541,11.09090909090909,sealed_dsv4
37,138,38,23,11,1,0.09090909090909091,0.00819672131147541,11.09090909090909,sealed_dsv4
37,138,38,30,11,1,0.09090909090909091,0.00819672131147541,11.09090909090909,sealed_dsv4
37,138,38,115,11,1,0.09090909090909091,0.00819672131147541,11.09090909090909,sealed_dsv4
37,138,38,202,11,1,0.09090909090909091,0.00819672131147541,11.09090909090909,sealed_dsv4
37,138,38,189,11,1,0.09090909090909091,0.00819672131147541,11.09090909090909,sealed_dsv4
37,138,38,245,11,1,0.09090909090909091,0.00819672131147541,11.09090909090909,sealed_dsv4
37,138,38,195,11,1,0.09090909090909091,0.00819672131147541,11.09090909090909,sealed_dsv4
37,138,38,99,11,1,0.09090909090909091,0.00819672131147541,11.09090909090909,sealed_dsv4
37,138,38,234,11,1,0.09090909090909091,0.01639344262295082,5.545454545454545,sealed_dsv4
37,138,38,143,11,1,0.09090909090909091,0.00819672131147541,11.09090909090909,sealed_dsv4
37,138,38,1,11,1,0.09090909090909091,0.01639344262295082,5.545454545454545,sealed_dsv4
37,138,38,171,11,1,0.09090909090909091,0.00819672131147541,11.09090909090909,sealed_dsv4
37,138,38,179,11,1,0.09090909090909091,0.00819672131147541,11.09090909090909,sealed_dsv4
37,138,38,35,11,1,0.09090909090909091,0.00819672131147541,11.09090909090909,sealed_dsv4
37,138,38,41,11,1,0.09090909090909091,0.01639344262295082,5.545454545454545,sealed_dsv4
37,138,38,247,11,1,0.09090909090909091,0.01639344262295082,5.545454545454545,sealed_dsv4
37,138,38,95,11,1,0.09090909090909091,0.00819672131147541,11.09090909090909,sealed_dsv4
37,138,38,10,11,1,0.09090909090909091,0.00819672131147541,11.09090909090909,sealed_dsv4
37,231,38,152,9,1,0.1111111111111111,0.00819672131147541,13.555555555555554,sealed_dsv4
37,231,38,84,9,1,0.1111111111111111,0.01639344262295082,6.777777777777777,sealed_dsv4
37,231,38,19,9,1,0.1111111111111111,0.00819672131147541,13.555555555555554,sealed_dsv4
37,231,38,130,9,1,0.1111111111111111,0.00819672131147541,13.555555555555554,sealed_dsv4
37,231,38,112,9,1,0.1111111111111111,0.00819672131147541,13.555555555555554,sealed_dsv4
37,231,38,33,9,1,0.1111111111111111,0.00819672131147541,13.555555555555554,sealed_dsv4
37,231,38,114,9,1,0.1111111111111111,0.00819672131147541,13.555555555555554,sealed_dsv4
37,231,38,23,9,1,0.1111111111111111,0.00819672131147541,13.555555555555554,sealed_dsv4
37,231,38,30,9,1,0.1111111111111111,0.00819672131147541,13.555555555555554,sealed_dsv4
37,231,38,115,9,1,0.1111111111111111,0.00819672131147541,13.555555555555554,sealed_dsv4
37,231,38,202,9,1,0.1111111111111111,0.00819672131147541,13.555555555555554,sealed_dsv4
37,231,38,189,9,1,0.1111111111111111,0.00819672131147541,13.555555555555554,sealed_dsv4
37,231,38,22,9,1,0.1111111111111111,0.01639344262295082,6.777777777777777,sealed_dsv4
37,231,38,245,9,1,0.1111111111111111,0.00819672131147541,13.555555555555554,sealed_dsv4
37,231,38,195,9,1,0.1111111111111111,0.00819672131147541,13.555555555555554,sealed_dsv4
37,231,38,99,9,1,0.1111111111111111,0.00819672131147541,13.555555555555554,sealed_dsv4
37,231,38,234,9,1,0.1111111111111111,0.01639344262295082,6.777777777777777,sealed_dsv4
37,231,38,143,9,1,0.1111111111111111,0.00819672131147541,13.555555555555554,sealed_dsv4
37,231,38,171,9,1,0.1111111111111111,0.00819672131147541,13.555555555555554,sealed_dsv4
37,231,38,148,9,1,0.1111111111111111,0.02459016393442623,4.518518518518518,sealed_dsv4
37,231,38,179,9,1,0.1111111111111111,0.00819672131147541,13.555555555555554,sealed_dsv4
37,231,38,35,9,1,0.1111111111111111,0.00819672131147541,13.555555555555554,sealed_dsv4
37,231,38,95,9,1,0.1111111111111111,0.00819672131147541,13.555555555555554,sealed_dsv4
37,231,38,10,9,1,0.1111111111111111,0.00819672131147541,13.555555555555554,sealed_dsv4
38,38,39,64,10,1,0.1,0.01652892561983471,6.05,sealed_dsv4
38,38,39,217,10,1,0.1,0.008264462809917356,12.1,sealed_dsv4
38,38,39,89,10,1,0.1,0.008264462809917356,12.1,sealed_dsv4
38,38,39,62,10,1,0.1,0.008264462809917356,12.1,sealed_dsv4
38,38,39,141,10,1,0.1,0.008264462809917356,12.1,sealed_dsv4
38,38,39,165,10,1,0.1,0.008264462809917356,12.1,sealed_dsv4
38,38,39,78,10,1,0.1,0.008264462809917356,12.1,sealed_dsv4
38,38,39,60,10,1,0.1,0.008264462809917356,12.1,sealed_dsv4
38,38,39,121,10,1,0.1,0.008264462809917356,12.1,sealed_dsv4
38,38,39,120,10,1,0.1,0.008264462809917356,12.1,sealed_dsv4
38,38,39,193,10,1,0.1,0.008264462809917356,12.1,sealed_dsv4
38,38,39,226,10,1,0.1,0.008264462809917356,12.1,sealed_dsv4
38,38,39,173,10,1,0.1,0.008264462809917356,12.1,sealed_dsv4
38,38,39,170,10,1,0.1,0.008264462809917356,12.1,sealed_dsv4
38,38,39,212,10,1,0.1,0.008264462809917356,12.1,sealed_dsv4
38,38,39,112,10,1,0.1,0.008264462809917356,12.1,sealed_dsv4
38,38,39,40,10,1,0.1,0.008264462809917356,12.1,sealed_dsv4
38,38,39,123,10,1,0.1,0.008264462809917356,12.1,sealed_dsv4
38,38,39,162,10,1,0.1,0.008264462809917356,12.1,sealed_dsv4
38,38,39,9,10,1,0.1,0.008264462809917356,12.1,sealed_dsv4
38,38,39,182,10,1,0.1,0.01652892561983471,6.05,sealed_dsv4
38,38,39,221,10,1,0.1,0.03305785123966942,3.025,sealed_dsv4
38,38,39,79,10,1,0.1,0.008264462809917356,12.1,sealed_dsv4
38,38,39,255,10,1,0.1,0.008264462809917356,12.1,sealed_dsv4
38,209,39,217,11,1,0.09090909090909091,0.008264462809917356,11.0,sealed_dsv4
38,209,39,89,11,1,0.09090909090909091,0.008264462809917356,11.0,sealed_dsv4
38,209,39,62,11,1,0.09090909090909091,0.008264462809917356,11.0,sealed_dsv4
38,209,39,141,11,1,0.09090909090909091,0.008264462809917356,11.0,sealed_dsv4
38,209,39,165,11,1,0.09090909090909091,0.008264462809917356,11.0,sealed_dsv4
38,209,39,78,11,1,0.09090909090909091,0.008264462809917356,11.0,sealed_dsv4
38,209,39,60,11,1,0.09090909090909091,0.008264462809917356,11.0,sealed_dsv4
38,209,39,121,11,1,0.09090909090909091,0.008264462809917356,11.0,sealed_dsv4
38,209,39,120,11,1,0.09090909090909091,0.008264462809917356,11.0,sealed_dsv4
38,209,39,193,11,1,0.09090909090909091,0.008264462809917356,11.0,sealed_dsv4
38,209,39,226,11,1,0.09090909090909091,0.008264462809917356,11.0,sealed_dsv4
38,209,39,173,11,1,0.09090909090909091,0.008264462809917356,11.0,sealed_dsv4
38,209,39,170,11,1,0.09090909090909091,0.008264462809917356,11.0,sealed_dsv4
38,209,39,212,11,1,0.09090909090909091,0.008264462809917356,11.0,sealed_dsv4
38,209,39,112,11,1,0.09090909090909091,0.008264462809917356,11.0,sealed_dsv4
38,209,39,40,11,1,0.09090909090909091,0.008264462809917356,11.0,sealed_dsv4
38,209,39,123,11,1,0.09090909090909091,0.008264462809917356,11.0,sealed_dsv4
38,209,39,162,11,1,0.09090909090909091,0.008264462809917356,11.0,sealed_dsv4
38,209,39,9,11,1,0.09090909090909091,0.008264462809917356,11.0,sealed_dsv4
38,209,39,182,11,1,0.09090909090909091,0.01652892561983471,5.5,sealed_dsv4
38,209,39,221,11,1,0.09090909090909091,0.03305785123966942,2.75,sealed_dsv4
38,209,39,79,11,1,0.09090909090909091,0.008264462809917356,11.0,sealed_dsv4
38,209,39,255,11,1,0.09090909090909091,0.008264462809917356,11.0,sealed_dsv4
38,43,39,217,12,1,0.08333333333333333,0.008264462809917356,10.083333333333332,sealed_dsv4
38,43,39,89,12,1,0.08333333333333333,0.008264462809917356,10.083333333333332,sealed_dsv4
38,43,39,62,12,1,0.08333333333333333,0.008264462809917356,10.083333333333332,sealed_dsv4
38,43,39,141,12,1,0.08333333333333333,0.008264462809917356,10.083333333333332,sealed_dsv4
38,43,39,165,12,1,0.08333333333333333,0.008264462809917356,10.083333333333332,sealed_dsv4
38,43,39,78,12,1,0.08333333333333333,0.008264462809917356,10.083333333333332,sealed_dsv4
38,43,39,60,12,1,0.08333333333333333,0.008264462809917356,10.083333333333332,sealed_dsv4
38,43,39,121,12,1,0.08333333333333333,0.008264462809917356,10.083333333333332,sealed_dsv4
38,43,39,120,12,1,0.08333333333333333,0.008264462809917356,10.083333333333332,sealed_dsv4
38,43,39,193,12,1,0.08333333333333333,0.008264462809917356,10.083333333333332,sealed_dsv4
38,43,39,226,12,1,0.08333333333333333,0.008264462809917356,10.083333333333332,sealed_dsv4
38,43,39,173,12,1,0.08333333333333333,0.008264462809917356,10.083333333333332,sealed_dsv4
38,43,39,170,12,1,0.08333333333333333,0.008264462809917356,10.083333333333332,sealed_dsv4
38,43,39,212,12,1,0.08333333333333333,0.008264462809917356,10.083333333333332,sealed_dsv4
38,43,39,112,12,1,0.08333333333333333,0.008264462809917356,10.083333333333332,sealed_dsv4
38,43,39,40,12,1,0.08333333333333333,0.008264462809917356,10.083333333333332,sealed_dsv4
38,43,39,123,12,1,0.08333333333333333,0.008264462809917356,10.083333333333332,sealed_dsv4
38,43,39,162,12,1,0.08333333333333333,0.008264462809917356,10.083333333333332,sealed_dsv4
38,43,39,9,12,1,0.08333333333333333,0.008264462809917356,10.083333333333332,sealed_dsv4
38,43,39,79,12,1,0.08333333333333333,0.008264462809917356,10.083333333333332,sealed_dsv4
38,43,39,255,12,1,0.08333333333333333,0.008264462809917356,10.083333333333332,sealed_dsv4
38,32,39,64,13,1,0.07692307692307693,0.01652892561983471,4.653846153846154,sealed_dsv4
38,32,39,217,13,1,0.07692307692307693,0.008264462809917356,9.307692307692308,sealed_dsv4
38,32,39,89,13,1,0.07692307692307693,0.008264462809917356,9.307692307692308,sealed_dsv4
38,32,39,62,13,1,0.07692307692307693,0.008264462809917356,9.307692307692308,sealed_dsv4
38,32,39,141,13,1,0.07692307692307693,0.008264462809917356,9.307692307692308,sealed_dsv4
38,32,39,165,13,1,0.07692307692307693,0.008264462809917356,9.307692307692308,sealed_dsv4
38,32,39,78,13,1,0.07692307692307693,0.008264462809917356,9.307692307692308,sealed_dsv4
38,32,39,60,13,1,0.07692307692307693,0.008264462809917356,9.307692307692308,sealed_dsv4
38,32,39,121,13,1,0.07692307692307693,0.008264462809917356,9.307692307692308,sealed_dsv4
38,32,39,120,13,1,0.07692307692307693,0.008264462809917356,9.307692307692308,sealed_dsv4
38,32,39,193,13,1,0.07692307692307693,0.008264462809917356,9.307692307692308,sealed_dsv4
38,32,39,226,13,1,0.07692307692307693,0.008264462809917356,9.307692307692308,sealed_dsv4
38,32,39,173,13,1,0.07692307692307693,0.008264462809917356,9.307692307692308,sealed_dsv4
38,32,39,170,13,1,0.07692307692307693,0.008264462809917356,9.307692307692308,sealed_dsv4
38,32,39,212,13,1,0.07692307692307693,0.008264462809917356,9.307692307692308,sealed_dsv4
38,32,39,112,13,1,0.07692307692307693,0.008264462809917356,9.307692307692308,sealed_dsv4
38,32,39,40,13,1,0.07692307692307693,0.008264462809917356,9.307692307692308,sealed_dsv4
38,32,39,123,13,1,0.07692307692307693,0.008264462809917356,9.307692307692308,sealed_dsv4
38,32,39,162,13,1,0.07692307692307693,0.008264462809917356,9.307692307692308,sealed_dsv4
38,32,39,9,13,1,0.07692307692307693,0.008264462809917356,9.307692307692308,sealed_dsv4
38,32,39,79,13,1,0.07692307692307693,0.008264462809917356,9.307692307692308,sealed_dsv4
38,32,39,255,13,1,0.07692307692307693,0.008264462809917356,9.307692307692308,sealed_dsv4
39,191,40,29,13,1,0.07692307692307693,0.017094017094017096,4.5,sealed_dsv4
39,191,40,139,13,1,0.07692307692307693,0.008547008547008548,9.0,sealed_dsv4
39,191,40,232,13,1,0.07692307692307693,0.008547008547008548,9.0,sealed_dsv4
39,191,40,184,13,1,0.07692307692307693,0.008547008547008548,9.0,sealed_dsv4
39,191,40,183,13,1,0.07692307692307693,0.008547008547008548,9.0,sealed_dsv4
39,191,40,164,13,1,0.07692307692307693,0.008547008547008548,9.0,sealed_dsv4
39,191,40,235,13,1,0.07692307692307693,0.008547008547008548,9.0,sealed_dsv4
39,191,40,111,13,1,0.07692307692307693,0.017094017094017096,4.5,sealed_dsv4
39,191,40,129,13,1,0.07692307692307693,0.008547008547008548,9.0,sealed_dsv4
39,191,40,51,13,1,0.07692307692307693,0.008547008547008548,9.0,sealed_dsv4
39,191,40,25,13,1,0.07692307692307693,0.008547008547008548,9.0,sealed_dsv4
39,191,40,203,13,1,0.07692307692307693,0.008547008547008548,9.0,sealed_dsv4
39,191,40,110,13,1,0.07692307692307693,0.017094017094017096,4.5,sealed_dsv4
39,191,40,207,13,1,0.07692307692307693,0.008547008547008548,9.0,sealed_dsv4
39,191,40,193,13,1,0.07692307692307693,0.008547008547008548,9.0,sealed_dsv4
39,191,40,122,13,1,0.07692307692307693,0.008547008547008548,9.0,sealed_dsv4
39,191,40,221,13,1,0.07692307692307693,0.008547008547008548,9.0,sealed_dsv4
39,191,40,69,13,1,0.07692307692307693,0.008547008547008548,9.0,sealed_dsv4
39,191,40,208,13,1,0.07692307692307693,0.008547008547008548,9.0,sealed_dsv4
39,191,40,148,13,1,0.07692307692307693,0.008547008547008548,9.0,sealed_dsv4
40,211,41,154,5,1,0.2,0.008333333333333333,24.0,sealed_dsv4
40,211,41,40,5,1,0.2,0.008333333333333333,24.0,sealed_dsv4
40,211,41,201,5,1,0.2,0.008333333333333333,24.0,sealed_dsv4
40,211,41,243,5,1,0.2,0.008333333333333333,24.0,sealed_dsv4
40,211,41,227,5,1,0.2,0.008333333333333333,24.0,sealed_dsv4
40,211,41,142,5,1,0.2,0.008333333333333333,24.0,sealed_dsv4
40,211,41,109,5,1,0.2,0.008333333333333333,24.0,sealed_dsv4
40,211,41,121,5,1,0.2,0.008333333333333333,24.0,sealed_dsv4
40,211,41,7,5,1,0.2,0.008333333333333333,24.0,sealed_dsv4
40,211,41,107,5,1,0.2,0.008333333333333333,24.0,sealed_dsv4
40,211,41,30,5,1,0.2,0.016666666666666666,12.0,sealed_dsv4
40,211,41,155,5,1,0.2,0.008333333333333333,24.0,sealed_dsv4
40,211,41,131,5,1,0.2,0.008333333333333333,24.0,sealed_dsv4
40,211,41,185,5,1,0.2,0.025,8.0,sealed_dsv4
40,211,41,54,5,1,0.2,0.008333333333333333,24.0,sealed_dsv4
40,211,41,78,5,1,0.2,0.008333333333333333,24.0,sealed_dsv4
40,211,41,82,5,1,0.2,0.008333333333333333,24.0,sealed_dsv4
40,211,41,232,5,1,0.2,0.016666666666666666,12.0,sealed_dsv4
40,211,41,153,5,1,0.2,0.016666666666666666,12.0,sealed_dsv4
40,211,41,97,5,1,0.2,0.008333333333333333,24.0,sealed_dsv4
40,211,41,238,5,1,0.2,0.016666666666666666,12.0,sealed_dsv4
40,7,41,154,5,1,0.2,0.008333333333333333,24.0,sealed_dsv4
40,7,41,40,5,1,0.2,0.008333333333333333,24.0,sealed_dsv4
40,7,41,201,5,1,0.2,0.008333333333333333,24.0,sealed_dsv4
40,7,41,243,5,1,0.2,0.008333333333333333,24.0,sealed_dsv4
40,7,41,227,5,1,0.2,0.008333333333333333,24.0,sealed_dsv4
40,7,41,142,5,1,0.2,0.008333333333333333,24.0,sealed_dsv4
40,7,41,109,5,1,0.2,0.008333333333333333,24.0,sealed_dsv4
40,7,41,121,5,1,0.2,0.008333333333333333,24.0,sealed_dsv4
40,7,41,7,5,1,0.2,0.008333333333333333,24.0,sealed_dsv4
40,7,41,107,5,1,0.2,0.008333333333333333,24.0,sealed_dsv4
40,7,41,30,5,1,0.2,0.016666666666666666,12.0,sealed_dsv4
40,7,41,155,5,1,0.2,0.008333333333333333,24.0,sealed_dsv4
40,7,41,131,5,1,0.2,0.008333333333333333,24.0,sealed_dsv4
40,7,41,185,5,1,0.2,0.025,8.0,sealed_dsv4
40,7,41,54,5,1,0.2,0.008333333333333333,24.0,sealed_dsv4
40,7,41,78,5,1,0.2,0.008333333333333333,24.0,sealed_dsv4
40,7,41,82,5,1,0.2,0.008333333333333333,24.0,sealed_dsv4
40,7,41,232,5,1,0.2,0.016666666666666666,12.0,sealed_dsv4
40,7,41,153,5,1,0.2,0.016666666666666666,12.0,sealed_dsv4
40,7,41,97,5,1,0.2,0.008333333333333333,24.0,sealed_dsv4
40,7,41,238,5,1,0.2,0.016666666666666666,12.0,sealed_dsv4
40,104,41,154,5,1,0.2,0.008333333333333333,24.0,sealed_dsv4
40,104,41,40,5,1,0.2,0.008333333333333333,24.0,sealed_dsv4
40,104,41,201,5,1,0.2,0.008333333333333333,24.0,sealed_dsv4
40,104,41,243,5,1,0.2,0.008333333333333333,24.0,sealed_dsv4
40,104,41,227,5,1,0.2,0.008333333333333333,24.0,sealed_dsv4
40,104,41,111,5,1,0.2,0.016666666666666666,12.0,sealed_dsv4
40,104,41,52,5,1,0.2,0.016666666666666666,12.0,sealed_dsv4
40,104,41,142,5,1,0.2,0.008333333333333333,24.0,sealed_dsv4
40,104,41,95,5,1,0.2,0.016666666666666666,12.0,sealed_dsv4
40,104,41,109,5,1,0.2,0.008333333333333333,24.0,sealed_dsv4
40,104,41,121,5,1,0.2,0.008333333333333333,24.0,sealed_dsv4
40,104,41,7,5,1,0.2,0.008333333333333333,24.0,sealed_dsv4
40,104,41,107,5,1,0.2,0.008333333333333333,24.0,sealed_dsv4
40,104,41,155,5,1,0.2,0.008333333333333333,24.0,sealed_dsv4
40,104,41,131,5,1,0.2,0.008333333333333333,24.0,sealed_dsv4
40,104,41,185,5,1,0.2,0.025,8.0,sealed_dsv4
40,104,41,54,5,1,0.2,0.008333333333333333,24.0,sealed_dsv4
40,104,41,78,5,1,0.2,0.008333333333333333,24.0,sealed_dsv4
40,104,41,82,5,1,0.2,0.008333333333333333,24.0,sealed_dsv4
40,104,41,97,5,1,0.2,0.008333333333333333,24.0,sealed_dsv4
40,104,41,238,5,1,0.2,0.016666666666666666,12.0,sealed_dsv4
41,70,42,26,11,1,0.09090909090909091,0.008264462809917356,11.0,sealed_dsv4
41,70,42,123,11,1,0.09090909090909091,0.008264462809917356,11.0,sealed_dsv4
41,70,42,152,11,1,0.09090909090909091,0.008264462809917356,11.0,sealed_dsv4
41,70,42,154,11,1,0.09090909090909091,0.008264462809917356,11.0,sealed_dsv4
41,70,42,78,11,1,0.09090909090909091,0.008264462809917356,11.0,sealed_dsv4
41,70,42,34,11,1,0.09090909090909091,0.008264462809917356,11.0,sealed_dsv4
41,70,42,209,11,1,0.09090909090909091,0.008264462809917356,11.0,sealed_dsv4
41,70,42,131,11,1,0.09090909090909091,0.008264462809917356,11.0,sealed_dsv4
41,70,42,202,11,1,0.09090909090909091,0.008264462809917356,11.0,sealed_dsv4
41,70,42,241,11,1,0.09090909090909091,0.008264462809917356,11.0,sealed_dsv4
41,70,42,101,11,1,0.09090909090909091,0.008264462809917356,11.0,sealed_dsv4
41,70,42,200,11,1,0.09090909090909091,0.008264462809917356,11.0,sealed_dsv4
41,70,42,56,11,1,0.09090909090909091,0.008264462809917356,11.0,sealed_dsv4
41,70,42,165,11,1,0.09090909090909091,0.008264462809917356,11.0,sealed_dsv4
41,70,42,47,11,1,0.09090909090909091,0.008264462809917356,11.0,sealed_dsv4
41,236,42,26,10,1,0.1,0.008264462809917356,12.1,sealed_dsv4
41,236,42,123,10,1,0.1,0.008264462809917356,12.1,sealed_dsv4
41,236,42,23,10,1,0.1,0.01652892561983471,6.05,sealed_dsv4
41,236,42,152,10,1,0.1,0.008264462809917356,12.1,sealed_dsv4
41,236,42,154,10,1,0.1,0.008264462809917356,12.1,sealed_dsv4
41,236,42,78,10,1,0.1,0.008264462809917356,12.1,sealed_dsv4
41,236,42,233,10,1,0.1,0.01652892561983471,6.05,sealed_dsv4
41,236,42,34,10,1,0.1,0.008264462809917356,12.1,sealed_dsv4
41,236,42,209,10,1,0.1,0.008264462809917356,12.1,sealed_dsv4
41,236,42,131,10,1,0.1,0.008264462809917356,12.1,sealed_dsv4
41,236,42,202,10,1,0.1,0.008264462809917356,12.1,sealed_dsv4
41,236,42,241,10,1,0.1,0.008264462809917356,12.1,sealed_dsv4
41,236,42,101,10,1,0.1,0.008264462809917356,12.1,sealed_dsv4
41,236,42,200,10,1,0.1,0.008264462809917356,12.1,sealed_dsv4
41,236,42,56,10,1,0.1,0.008264462809917356,12.1,sealed_dsv4
41,236,42,165,10,1,0.1,0.008264462809917356,12.1,sealed_dsv4
41,236,42,47,10,1,0.1,0.008264462809917356,12.1,sealed_dsv4
3,71,4,194,7,1,0.14285714285714285,0.008695652173913044,16.428571428571427,sealed_dsv4
3,71,4,242,7,1,0.14285714285714285,0.017391304347826087,8.214285714285714,sealed_dsv4
3,71,4,28,7,1,0.14285714285714285,0.008695652173913044,16.428571428571427,sealed_dsv4
3,101,4,194,7,1,0.14285714285714285,0.008695652173913044,16.428571428571427,sealed_dsv4
3,101,4,242,7,1,0.14285714285714285,0.017391304347826087,8.214285714285714,sealed_dsv4
3,101,4,28,7,1,0.14285714285714285,0.008695652173913044,16.428571428571427,sealed_dsv4
4,97,5,169,9,1,0.1111111111111111,0.00847457627118644,13.11111111111111,sealed_dsv4
4,8,5,169,8,1,0.125,0.00847457627118644,14.75,sealed_dsv4
4,233,5,93,11,1,0.09090909090909091,0.01694915254237288,5.363636363636364,sealed_dsv4
4,233,5,169,11,1,0.09090909090909091,0.00847457627118644,10.727272727272728,sealed_dsv4
4,233,5,210,11,1,0.09090909090909091,0.01694915254237288,5.363636363636364,sealed_dsv4
4,233,5,62,11,1,0.09090909090909091,0.01694915254237288,5.363636363636364,sealed_dsv4
5,208,6,201,8,1,0.125,0.017094017094017096,7.312499999999999,sealed_dsv4
5,205,6,201,5,1,0.2,0.017094017094017096,11.7,sealed_dsv4
7,135,8,20,6,1,0.16666666666666666,0.017094017094017096,9.749999999999998,sealed_dsv4
8,28,9,105,5,1,0.2,0.008333333333333333,24.0,sealed_dsv4
8,28,9,184,5,1,0.2,0.008333333333333333,24.0,sealed_dsv4
8,28,9,13,5,1,0.2,0.025,8.0,sealed_dsv4
8,28,9,57,5,1,0.2,0.008333333333333333,24.0,sealed_dsv4
8,28,9,246,5,1,0.2,0.016666666666666666,12.0,sealed_dsv4
8,115,9,105,8,1,0.125,0.008333333333333333,15.0,sealed_dsv4
8,115,9,184,8,1,0.125,0.008333333333333333,15.0,sealed_dsv4
8,115,9,57,8,1,0.125,0.008333333333333333,15.0,sealed_dsv4
8,200,9,105,8,1,0.125,0.008333333333333333,15.0,sealed_dsv4
8,200,9,184,8,1,0.125,0.008333333333333333,15.0,sealed_dsv4
8,200,9,57,8,1,0.125,0.008333333333333333,15.0,sealed_dsv4
8,161,9,105,5,1,0.2,0.008333333333333333,24.0,sealed_dsv4
8,161,9,184,5,1,0.2,0.008333333333333333,24.0,sealed_dsv4
8,161,9,57,5,1,0.2,0.008333333333333333,24.0,sealed_dsv4
8,146,9,105,7,1,0.14285714285714285,0.008333333333333333,17.142857142857142,sealed_dsv4
8,146,9,184,7,1,0.14285714285714285,0.008333333333333333,17.142857142857142,sealed_dsv4
8,146,9,57,7,1,0.14285714285714285,0.008333333333333333,17.142857142857142,sealed_dsv4
10,40,11,34,9,1,0.1111111111111111,0.00847457627118644,13.11111111111111,sealed_dsv4
11,16,12,105,5,1,0.2,0.01680672268907563,11.9,sealed_dsv4
12,142,13,146,6,1,0.16666666666666666,0.008620689655172414,19.333333333333332,sealed_dsv4
12,43,13,146,6,1,0.16666666666666666,0.008620689655172414,19.333333333333332,sealed_dsv4
12,122,13,146,9,1,0.1111111111111111,0.008620689655172414,12.888888888888888,sealed_dsv4
14,1,15,27,9,1,0.1111111111111111,0.016666666666666666,6.666666666666666,sealed_dsv4
14,245,15,27,6,1,0.16666666666666666,0.016666666666666666,10.0,sealed_dsv4
15,104,16,205,7,1,0.14285714285714285,0.017241379310344827,8.285714285714285,sealed_dsv4
16,255,17,214,6,1,0.16666666666666666,0.008928571428571428,18.666666666666668,sealed_dsv4
16,179,17,5,7,1,0.14285714285714285,0.026785714285714284,5.333333333333333,sealed_dsv4
16,179,17,214,7,1,0.14285714285714285,0.008928571428571428,16.0,sealed_dsv4
16,179,17,195,7,1,0.14285714285714285,0.026785714285714284,5.333333333333333,sealed_dsv4
16,57,17,214,6,1,0.16666666666666666,0.008928571428571428,18.666666666666668,sealed_dsv4
16,176,17,5,6,1,0.16666666666666666,0.026785714285714284,6.222222222222222,sealed_dsv4
16,176,17,214,6,1,0.16666666666666666,0.008928571428571428,18.666666666666668,sealed_dsv4
17,108,18,220,5,1,0.2,0.008695652173913044,23.0,sealed_dsv4
17,61,18,183,8,1,0.125,0.017391304347826087,7.1875,sealed_dsv4
17,61,18,220,8,1,0.125,0.008695652173913044,14.375,sealed_dsv4
17,61,18,246,8,1,0.125,0.017391304347826087,7.1875,sealed_dsv4
17,104,18,220,5,1,0.2,0.008695652173913044,23.0,sealed_dsv4
19,10,20,219,5,1,0.2,0.008620689655172414,23.200000000000003,sealed_dsv4
19,10,20,61,5,1,0.2,0.017241379310344827,11.600000000000001,sealed_dsv4
19,10,20,149,5,1,0.2,0.017241379310344827,11.600000000000001,sealed_dsv4
19,181,20,219,7,1,0.14285714285714285,0.008620689655172414,16.57142857142857,sealed_dsv4
19,181,20,61,7,1,0.14285714285714285,0.017241379310344827,8.285714285714285,sealed_dsv4
19,181,20,149,7,1,0.14285714285714285,0.017241379310344827,8.285714285714285,sealed_dsv4
20,187,21,102,10,1,0.1,0.008547008547008548,11.7,sealed_dsv4
20,187,21,202,10,1,0.1,0.008547008547008548,11.7,sealed_dsv4
20,187,21,146,10,1,0.1,0.017094017094017096,5.85,sealed_dsv4
21,49,22,10,6,1,0.16666666666666666,0.008620689655172414,19.333333333333332,sealed_dsv4
21,49,22,135,6,1,0.16666666666666666,0.008620689655172414,19.333333333333332,sealed_dsv4
22,123,23,143,15,1,0.06666666666666667,0.00847457627118644,7.866666666666666,sealed_dsv4
26,191,27,222,7,1,0.14285714285714285,0.008333333333333333,17.142857142857142,sealed_dsv4
30,35,31,46,12,1,0.08333333333333333,0.00847457627118644,9.833333333333332,sealed_dsv4
30,35,31,207,12,1,0.08333333333333333,0.00847457627118644,9.833333333333332,sealed_dsv4
30,117,31,46,12,1,0.08333333333333333,0.00847457627118644,9.833333333333332,sealed_dsv4
30,117,31,207,12,1,0.08333333333333333,0.00847457627118644,9.833333333333332,sealed_dsv4
32,178,33,48,8,1,0.125,0.0423728813559322,2.95,sealed_dsv4
32,178,33,174,8,1,0.125,0.01694915254237288,7.375,sealed_dsv4
33,48,34,177,5,1,0.2,0.0423728813559322,4.720000000000001,sealed_dsv4
33,129,34,136,11,1,0.09090909090909091,0.025423728813559324,3.5757575757575757,sealed_dsv4
33,129,34,104,11,1,0.09090909090909091,0.01694915254237288,5.363636363636364,sealed_dsv4
34,243,35,235,11,1,0.09090909090909091,0.008130081300813009,11.181818181818182,sealed_dsv4
34,70,35,235,12,1,0.08333333333333333,0.008130081300813009,10.249999999999998,sealed_dsv4
34,11,35,235,15,1,0.06666666666666667,0.008130081300813009,8.2,sealed_dsv4
34,177,35,216,5,1,0.2,0.016260162601626018,12.299999999999999,sealed_dsv4
34,177,35,182,5,1,0.2,0.016260162601626018,12.299999999999999,sealed_dsv4
34,177,35,84,5,1,0.2,0.04878048780487805,4.1,sealed_dsv4
34,177,35,104,5,1,0.2,0.016260162601626018,12.299999999999999,sealed_dsv4
34,177,35,235,5,1,0.2,0.008130081300813009,24.599999999999998,sealed_dsv4
35,84,36,229,6,1,0.16666666666666666,0.07964601769911504,2.0925925925925926,sealed_dsv4
36,10,37,203,8,1,0.125,0.008547008547008548,14.624999999999998,sealed_dsv4
36,45,37,203,12,1,0.08333333333333333,0.008547008547008548,9.749999999999998,sealed_dsv4
36,152,37,203,11,1,0.09090909090909091,0.008547008547008548,10.636363636363635,sealed_dsv4
36,229,37,203,9,1,0.1111111111111111,0.008547008547008548,12.999999999999998,sealed_dsv4
36,5,37,203,11,1,0.09090909090909091,0.008547008547008548,10.636363636363635,sealed_dsv4
36,26,37,203,5,1,0.2,0.008547008547008548,23.4,sealed_dsv4
37,240,38,41,7,1,0.14285714285714285,0.01639344262295082,8.714285714285714,sealed_dsv4
37,240,38,247,7,1,0.14285714285714285,0.01639344262295082,8.714285714285714,sealed_dsv4
37,240,38,1,7,1,0.14285714285714285,0.01639344262295082,8.714285714285714,sealed_dsv4
37,151,38,41,10,1,0.1,0.01639344262295082,6.1,sealed_dsv4
37,151,38,247,10,1,0.1,0.01639344262295082,6.1,sealed_dsv4
37,151,38,1,10,1,0.1,0.01639344262295082,6.1,sealed_dsv4
38,43,39,237,12,1,0.08333333333333333,0.01652892561983471,5.041666666666666,sealed_dsv4
39,191,40,72,13,1,0.07692307692307693,0.008547008547008548,9.0,sealed_dsv4
39,191,40,225,13,1,0.07692307692307693,0.008547008547008548,9.0,sealed_dsv4
39,191,40,162,13,1,0.07692307692307693,0.008547008547008548,9.0,sealed_dsv4
39,179,40,229,11,1,0.09090909090909091,0.02564102564102564,3.545454545454546,sealed_dsv4
39,179,40,72,11,1,0.09090909090909091,0.008547008547008548,10.636363636363635,sealed_dsv4
39,179,40,225,11,1,0.09090909090909091,0.008547008547008548,10.636363636363635,sealed_dsv4
39,179,40,162,11,1,0.09090909090909091,0.008547008547008548,10.636363636363635,sealed_dsv4
41,70,42,198,11,1,0.09090909090909091,0.008264462809917356,11.0,sealed_dsv4
41,236,42,198,10,1,0.1,0.008264462809917356,12.1,sealed_dsv4
3,71,4,126,7,1,0.14285714285714285,0.02608695652173913,5.476190476190476,sealed_dsv4
3,71,4,151,7,1,0.14285714285714285,0.008695652173913044,16.428571428571427,sealed_dsv4
3,71,4,236,7,1,0.14285714285714285,0.008695652173913044,16.428571428571427,sealed_dsv4
3,71,4,70,7,1,0.14285714285714285,0.017391304347826087,8.214285714285714,sealed_dsv4
4,97,5,164,9,1,0.1111111111111111,0.00847457627118644,13.11111111111111,sealed_dsv4
4,8,5,164,8,1,0.125,0.00847457627118644,14.75,sealed_dsv4
5,205,6,30,5,1,0.2,0.017094017094017096,11.7,sealed_dsv4
5,205,6,39,5,1,0.2,0.08547008547008547,2.3400000000000003,sealed_dsv4
5,208,6,30,8,1,0.125,0.017094017094017096,7.312499999999999,sealed_dsv4
6,1,7,180,6,1,0.16666666666666666,0.0743801652892562,2.2407407407407405,sealed_dsv4
6,111,7,180,8,1,0.125,0.0743801652892562,1.6805555555555556,sealed_dsv4
7,180,8,115,9,1,0.1111111111111111,0.06837606837606838,1.6249999999999998,sealed_dsv4
7,180,8,146,9,1,0.1111111111111111,0.05982905982905983,1.857142857142857,sealed_dsv4
7,180,8,28,9,1,0.1111111111111111,0.042735042735042736,2.5999999999999996,sealed_dsv4
7,95,8,200,9,1,0.1111111111111111,0.06837606837606838,1.6249999999999998,sealed_dsv4
8,200,9,248,8,1,0.125,0.025,5.0,sealed_dsv4
9,127,10,59,9,1,0.1111111111111111,0.008695652173913044,12.777777777777777,sealed_dsv4
9,242,10,59,8,1,0.125,0.008695652173913044,14.375,sealed_dsv4
9,219,10,178,10,1,0.1,0.034782608695652174,2.875,sealed_dsv4
9,219,10,59,10,1,0.1,0.008695652173913044,11.5,sealed_dsv4
9,77,10,59,8,1,0.125,0.008695652173913044,14.375,sealed_dsv4
10,228,11,35,9,1,0.1111111111111111,0.01694915254237288,6.555555555555555,sealed_dsv4
10,35,11,35,6,1,0.16666666666666666,0.01694915254237288,9.833333333333332,sealed_dsv4
11,16,12,14,5,1,0.2,0.01680672268907563,11.9,sealed_dsv4
12,46,13,252,6,1,0.16666666666666666,0.02586206896551724,6.444444444444444,sealed_dsv4
14,49,15,209,8,1,0.125,0.041666666666666664,3.0,sealed_dsv4
14,1,15,192,9,1,0.1111111111111111,0.016666666666666666,6.666666666666666,sealed_dsv4
14,235,15,209,6,1,0.16666666666666666,0.041666666666666664,4.0,sealed_dsv4
14,245,15,192,6,1,0.16666666666666666,0.016666666666666666,10.0,sealed_dsv4
14,245,15,209,6,1,0.16666666666666666,0.041666666666666664,4.0,sealed_dsv4
15,104,16,85,7,1,0.14285714285714285,0.008620689655172414,16.57142857142857,sealed_dsv4
15,176,16,85,8,1,0.125,0.008620689655172414,14.5,sealed_dsv4
15,79,16,85,5,1,0.2,0.008620689655172414,23.200000000000003,sealed_dsv4
15,79,16,59,5,1,0.2,0.017241379310344827,11.600000000000001,sealed_dsv4
15,209,16,85,5,1,0.2,0.008620689655172414,23.200000000000003,sealed_dsv4
15,209,16,176,5,1,0.2,0.05172413793103448,3.866666666666667,sealed_dsv4
15,209,16,57,5,1,0.2,0.05172413793103448,3.866666666666667,sealed_dsv4
15,209,16,59,5,1,0.2,0.017241379310344827,11.600000000000001,sealed_dsv4
15,209,16,255,5,1,0.2,0.05172413793103448,3.866666666666667,sealed_dsv4
16,240,17,195,7,1,0.14285714285714285,0.026785714285714284,5.333333333333333,sealed_dsv4
17,3,18,36,13,1,0.07692307692307693,0.017391304347826087,4.423076923076923,sealed_dsv4
17,61,18,36,8,1,0.125,0.017391304347826087,7.1875,sealed_dsv4
17,61,18,241,8,1,0.125,0.034782608695652174,3.59375,sealed_dsv4
18,166,19,225,8,1,0.125,0.01639344262295082,7.625,sealed_dsv4
18,166,19,78,8,1,0.125,0.04918032786885246,2.5416666666666665,sealed_dsv4
18,166,19,19,8,1,0.125,0.02459016393442623,5.083333333333333,sealed_dsv4
18,166,19,40,8,1,0.125,0.01639344262295082,7.625,sealed_dsv4
18,166,19,92,8,1,0.125,0.01639344262295082,7.625,sealed_dsv4
19,78,20,110,6,1,0.16666666666666666,0.008620689655172414,19.333333333333332,sealed_dsv4
19,78,20,171,6,1,0.16666666666666666,0.008620689655172414,19.333333333333332,sealed_dsv4
19,10,20,110,5,1,0.2,0.008620689655172414,23.200000000000003,sealed_dsv4
19,10,20,171,5,1,0.2,0.008620689655172414,23.200000000000003,sealed_dsv4
19,10,20,193,5,1,0.2,0.02586206896551724,7.733333333333334,sealed_dsv4
20,140,21,41,5,1,0.2,0.008547008547008548,23.4,sealed_dsv4
20,182,21,41,5,1,0.2,0.008547008547008548,23.4,sealed_dsv4
20,187,21,41,10,1,0.1,0.008547008547008548,11.7,sealed_dsv4
21,75,22,16,5,1,0.2,0.008620689655172414,23.200000000000003,sealed_dsv4
21,49,22,16,6,1,0.16666666666666666,0.008620689655172414,19.333333333333332,sealed_dsv4
21,49,22,176,6,1,0.16666666666666666,0.017241379310344827,9.666666666666666,sealed_dsv4
21,201,22,16,5,1,0.2,0.008620689655172414,23.200000000000003,sealed_dsv4
21,155,22,101,10,1,0.1,0.017241379310344827,5.800000000000001,sealed_dsv4
21,155,22,158,10,1,0.1,0.017241379310344827,5.800000000000001,sealed_dsv4
21,155,22,252,10,1,0.1,0.017241379310344827,5.800000000000001,sealed_dsv4
21,155,22,16,10,1,0.1,0.008620689655172414,11.600000000000001,sealed_dsv4
24,168,25,9,16,1,0.0625,0.008771929824561403,7.125,sealed_dsv4
24,205,25,9,8,1,0.125,0.008771929824561403,14.25,sealed_dsv4
24,229,25,9,8,1,0.125,0.008771929824561403,14.25,sealed_dsv4
24,254,25,9,6,1,0.16666666666666666,0.008771929824561403,19.0,sealed_dsv4
25,47,26,37,7,1,0.14285714285714285,0.03361344537815126,4.25,sealed_dsv4
26,98,27,106,15,1,0.06666666666666667,0.008333333333333333,8.0,sealed_dsv4
26,191,27,106,7,1,0.14285714285714285,0.008333333333333333,17.142857142857142,sealed_dsv4
26,128,27,88,8,1,0.125,0.041666666666666664,3.0,sealed_dsv4
26,128,27,64,8,1,0.125,0.016666666666666666,7.5,sealed_dsv4
26,128,27,48,8,1,0.125,0.025,5.0,sealed_dsv4
26,128,27,106,8,1,0.125,0.008333333333333333,15.0,sealed_dsv4
27,88,28,21,5,1,0.2,0.03305785123966942,6.05,sealed_dsv4
27,25,28,138,8,1,0.125,0.01652892561983471,7.5625,sealed_dsv4
30,35,31,32,12,1,0.08333333333333333,0.00847457627118644,9.833333333333332,sealed_dsv4
31,244,32,14,10,1,0.1,0.02631578947368421,3.8000000000000003,sealed_dsv4
31,244,32,242,10,1,0.1,0.017543859649122806,5.700000000000001,sealed_dsv4
32,135,33,91,15,1,0.06666666666666667,0.00847457627118644,7.866666666666666,sealed_dsv4
32,12,33,91,6,1,0.16666666666666666,0.00847457627118644,19.666666666666664,sealed_dsv4
32,109,33,91,14,1,0.07142857142857142,0.00847457627118644,8.428571428571429,sealed_dsv4
32,178,33,181,8,1,0.125,0.01694915254237288,7.375,sealed_dsv4
32,178,33,91,8,1,0.125,0.00847457627118644,14.75,sealed_dsv4
34,11,35,74,15,1,0.06666666666666667,0.008130081300813009,8.2,sealed_dsv4
34,11,35,140,15,1,0.06666666666666667,0.008130081300813009,8.2,sealed_dsv4
34,177,35,56,5,1,0.2,0.016260162601626018,12.299999999999999,sealed_dsv4
34,177,35,74,5,1,0.2,0.008130081300813009,24.599999999999998,sealed_dsv4
34,177,35,243,5,1,0.2,0.016260162601626018,12.299999999999999,sealed_dsv4
34,177,35,140,5,1,0.2,0.008130081300813009,24.599999999999998,sealed_dsv4
34,243,35,74,11,1,0.09090909090909091,0.008130081300813009,11.181818181818182,sealed_dsv4
34,243,35,140,11,1,0.09090909090909091,0.008130081300813009,11.181818181818182,sealed_dsv4
35,63,36,24,5,1,0.2,0.02654867256637168,7.533333333333334,sealed_dsv4
36,229,37,216,9,1,0.1111111111111111,0.017094017094017096,6.499999999999999,sealed_dsv4
36,229,37,133,9,1,0.1111111111111111,0.017094017094017096,6.499999999999999,sealed_dsv4
36,229,37,69,9,1,0.1111111111111111,0.017094017094017096,6.499999999999999,sealed_dsv4
37,240,38,234,7,1,0.14285714285714285,0.01639344262295082,8.714285714285714,sealed_dsv4
37,240,38,148,7,1,0.14285714285714285,0.02459016393442623,5.809523809523809,sealed_dsv4
37,151,38,234,10,1,0.1,0.01639344262295082,6.1,sealed_dsv4
37,151,38,148,10,1,0.1,0.02459016393442623,4.066666666666667,sealed_dsv4
38,43,39,30,12,1,0.08333333333333333,0.008264462809917356,10.083333333333332,sealed_dsv4
38,187,39,154,9,1,0.1111111111111111,0.01652892561983471,6.722222222222221,sealed_dsv4
38,187,39,64,9,1,0.1111111111111111,0.01652892561983471,6.722222222222221,sealed_dsv4
38,187,39,30,9,1,0.1111111111111111,0.008264462809917356,13.444444444444443,sealed_dsv4
38,209,39,30,11,1,0.09090909090909091,0.008264462809917356,11.0,sealed_dsv4
39,179,40,110,11,1,0.09090909090909091,0.017094017094017096,5.3181818181818175,sealed_dsv4
39,179,40,111,11,1,0.09090909090909091,0.017094017094017096,5.3181818181818175,sealed_dsv4
40,211,41,41,5,1,0.2,0.016666666666666666,12.0,sealed_dsv4
40,7,41,41,5,1,0.2,0.016666666666666666,12.0,sealed_dsv4
40,104,41,41,5,1,0.2,0.016666666666666666,12.0,sealed_dsv4
5,46,6,249,5,1,0.2,0.008547008547008548,23.4,sealed_dsv4
5,46,6,17,5,1,0.2,0.017094017094017096,11.7,sealed_dsv4
5,52,6,249,14,1,0.07142857142857142,0.008547008547008548,8.357142857142856,sealed_dsv4
5,120,6,249,5,1,0.2,0.008547008547008548,23.4,sealed_dsv4
7,133,8,47,7,1,0.14285714285714285,0.017094017094017096,8.357142857142856,sealed_dsv4
9,219,10,254,10,1,0.1,0.008695652173913044,11.5,sealed_dsv4
9,77,10,254,8,1,0.125,0.008695652173913044,14.375,sealed_dsv4
9,127,10,254,9,1,0.1111111111111111,0.008695652173913044,12.777777777777777,sealed_dsv4
9,127,10,213,9,1,0.1111111111111111,0.017391304347826087,6.388888888888888,sealed_dsv4
10,228,11,149,9,1,0.1111111111111111,0.00847457627118644,13.11111111111111,sealed_dsv4
10,35,11,149,6,1,0.16666666666666666,0.00847457627118644,19.666666666666664,sealed_dsv4
10,76,11,149,6,1,0.16666666666666666,0.00847457627118644,19.666666666666664,sealed_dsv4
11,157,12,38,7,1,0.14285714285714285,0.008403361344537815,17.0,sealed_dsv4
11,157,12,168,7,1,0.14285714285714285,0.01680672268907563,8.5,sealed_dsv4
11,157,12,101,7,1,0.14285714285714285,0.008403361344537815,17.0,sealed_dsv4
12,41,13,51,13,1,0.07692307692307693,0.008620689655172414,8.923076923076923,sealed_dsv4
13,88,14,100,9,1,0.1111111111111111,0.008771929824561403,12.666666666666666,sealed_dsv4
13,88,14,236,9,1,0.1111111111111111,0.017543859649122806,6.333333333333333,sealed_dsv4
13,251,14,100,9,1,0.1111111111111111,0.008771929824561403,12.666666666666666,sealed_dsv4
13,125,14,100,10,1,0.1,0.008771929824561403,11.400000000000002,sealed_dsv4
14,80,15,86,6,1,0.16666666666666666,0.008333333333333333,20.0,sealed_dsv4
14,80,15,158,6,1,0.16666666666666666,0.008333333333333333,20.0,sealed_dsv4
14,80,15,147,6,1,0.16666666666666666,0.008333333333333333,20.0,sealed_dsv4
14,234,15,246,6,1,0.16666666666666666,0.025,6.666666666666666,sealed_dsv4
14,234,15,86,6,1,0.16666666666666666,0.008333333333333333,20.0,sealed_dsv4
14,234,15,158,6,1,0.16666666666666666,0.008333333333333333,20.0,sealed_dsv4
14,234,15,147,6,1,0.16666666666666666,0.008333333333333333,20.0,sealed_dsv4
14,143,15,246,5,1,0.2,0.025,8.0,sealed_dsv4
14,143,15,86,5,1,0.2,0.008333333333333333,24.0,sealed_dsv4
14,143,15,158,5,1,0.2,0.008333333333333333,24.0,sealed_dsv4
14,143,15,147,5,1,0.2,0.008333333333333333,24.0,sealed_dsv4
14,41,15,86,7,1,0.14285714285714285,0.008333333333333333,17.142857142857142,sealed_dsv4
14,41,15,158,7,1,0.14285714285714285,0.008333333333333333,17.142857142857142,sealed_dsv4
14,41,15,147,7,1,0.14285714285714285,0.008333333333333333,17.142857142857142,sealed_dsv4
15,135,16,139,8,1,0.125,0.008620689655172414,14.5,sealed_dsv4
15,135,16,252,8,1,0.125,0.008620689655172414,14.5,sealed_dsv4
15,209,16,148,5,1,0.2,0.017241379310344827,11.600000000000001,sealed_dsv4
15,209,16,139,5,1,0.2,0.008620689655172414,23.200000000000003,sealed_dsv4
15,209,16,252,5,1,0.2,0.008620689655172414,23.200000000000003,sealed_dsv4
16,92,17,249,10,1,0.1,0.008928571428571428,11.200000000000001,sealed_dsv4
16,162,17,63,5,1,0.2,0.017857142857142856,11.200000000000001,sealed_dsv4
16,162,17,249,5,1,0.2,0.008928571428571428,22.400000000000002,sealed_dsv4
16,96,17,63,8,1,0.125,0.017857142857142856,7.0,sealed_dsv4
16,96,17,249,8,1,0.125,0.008928571428571428,14.0,sealed_dsv4
17,93,18,108,8,1,0.125,0.017391304347826087,7.1875,sealed_dsv4
17,93,18,160,8,1,0.125,0.02608695652173913,4.791666666666667,sealed_dsv4
17,93,18,156,8,1,0.125,0.017391304347826087,7.1875,sealed_dsv4
17,112,18,108,10,1,0.1,0.017391304347826087,5.75,sealed_dsv4
17,112,18,160,10,1,0.1,0.02608695652173913,3.833333333333334,sealed_dsv4
17,112,18,156,10,1,0.1,0.017391304347826087,5.75,sealed_dsv4
17,3,18,108,13,1,0.07692307692307693,0.017391304347826087,4.423076923076923,sealed_dsv4
17,3,18,156,13,1,0.07692307692307693,0.017391304347826087,4.423076923076923,sealed_dsv4
18,79,19,19,5,1,0.2,0.02459016393442623,8.133333333333335,sealed_dsv4
18,79,19,148,5,1,0.2,0.01639344262295082,12.2,sealed_dsv4
18,79,19,118,5,1,0.2,0.01639344262295082,12.2,sealed_dsv4
18,79,19,182,5,1,0.2,0.01639344262295082,12.2,sealed_dsv4
18,79,19,4,5,1,0.2,0.02459016393442623,8.133333333333335,sealed_dsv4
19,78,20,198,6,1,0.16666666666666666,0.008620689655172414,19.333333333333332,sealed_dsv4
20,182,21,193,5,1,0.2,0.017094017094017096,11.7,sealed_dsv4
20,182,21,123,5,1,0.2,0.03418803418803419,5.85,sealed_dsv4
21,155,22,194,10,1,0.1,0.017241379310344827,5.800000000000001,sealed_dsv4
21,155,22,70,10,1,0.1,0.017241379310344827,5.800000000000001,sealed_dsv4
21,155,22,183,10,1,0.1,0.008620689655172414,11.600000000000001,sealed_dsv4
21,75,22,183,5,1,0.2,0.008620689655172414,23.200000000000003,sealed_dsv4
21,201,22,183,5,1,0.2,0.008620689655172414,23.200000000000003,sealed_dsv4
23,175,24,121,9,1,0.1111111111111111,0.02586206896551724,4.296296296296296,sealed_dsv4
23,74,24,254,7,1,0.14285714285714285,0.05172413793103448,2.761904761904762,sealed_dsv4
24,254,25,98,6,1,0.16666666666666666,0.05263157894736842,3.1666666666666665,sealed_dsv4
24,206,25,175,6,1,0.16666666666666666,0.06140350877192982,2.7142857142857144,sealed_dsv4
24,206,25,98,6,1,0.16666666666666666,0.05263157894736842,3.1666666666666665,sealed_dsv4
25,98,26,223,6,1,0.16666666666666666,0.03361344537815126,4.958333333333333,sealed_dsv4
26,191,27,96,7,1,0.14285714285714285,0.03333333333333333,4.285714285714286,sealed_dsv4
26,41,27,48,8,1,0.125,0.025,5.0,sealed_dsv4
27,88,28,249,5,1,0.2,0.049586776859504134,4.033333333333333,sealed_dsv4
28,94,29,126,7,1,0.14285714285714285,0.024390243902439025,5.857142857142857,sealed_dsv4
28,249,29,215,6,1,0.16666666666666666,0.04878048780487805,3.4166666666666665,sealed_dsv4
28,249,29,126,6,1,0.16666666666666666,0.024390243902439025,6.833333333333333,sealed_dsv4
28,249,29,200,6,1,0.16666666666666666,0.032520325203252036,5.124999999999999,sealed_dsv4
29,254,30,2,8,1,0.125,0.02564102564102564,4.875,sealed_dsv4
29,58,30,2,8,1,0.125,0.02564102564102564,4.875,sealed_dsv4
29,58,30,251,8,1,0.125,0.02564102564102564,4.875,sealed_dsv4
29,58,30,36,8,1,0.125,0.02564102564102564,4.875,sealed_dsv4
30,35,31,54,12,1,0.08333333333333333,0.00847457627118644,9.833333333333332,sealed_dsv4
30,113,31,54,12,1,0.08333333333333333,0.00847457627118644,9.833333333333332,sealed_dsv4
30,117,31,81,12,1,0.08333333333333333,0.025423728813559324,3.2777777777777772,sealed_dsv4
30,117,31,54,12,1,0.08333333333333333,0.00847457627118644,9.833333333333332,sealed_dsv4
31,244,32,87,10,1,0.1,0.03508771929824561,2.8500000000000005,sealed_dsv4
32,238,33,64,11,1,0.09090909090909091,0.01694915254237288,5.363636363636364,sealed_dsv4
34,177,35,146,5,1,0.2,0.024390243902439025,8.2,sealed_dsv4
34,177,35,64,5,1,0.2,0.008130081300813009,24.599999999999998,sealed_dsv4
34,11,35,64,15,1,0.06666666666666667,0.008130081300813009,8.2,sealed_dsv4
34,139,35,64,8,1,0.125,0.008130081300813009,15.374999999999998,sealed_dsv4
34,246,35,76,8,1,0.125,0.024390243902439025,5.125,sealed_dsv4
34,246,35,64,8,1,0.125,0.008130081300813009,15.374999999999998,sealed_dsv4
34,70,35,76,12,1,0.08333333333333333,0.024390243902439025,3.4166666666666665,sealed_dsv4
34,70,35,64,12,1,0.08333333333333333,0.008130081300813009,10.249999999999998,sealed_dsv4
34,243,35,146,11,1,0.09090909090909091,0.024390243902439025,3.727272727272727,sealed_dsv4
34,243,35,64,11,1,0.09090909090909091,0.008130081300813009,11.181818181818182,sealed_dsv4
35,109,36,100,5,1,0.2,0.008849557522123894,22.6,sealed_dsv4
35,109,36,24,5,1,0.2,0.02654867256637168,7.533333333333334,sealed_dsv4
36,45,37,43,12,1,0.08333333333333333,0.008547008547008548,9.749999999999998,sealed_dsv4
36,229,37,248,9,1,0.1111111111111111,0.03418803418803419,3.2499999999999996,sealed_dsv4
36,229,37,43,9,1,0.1111111111111111,0.008547008547008548,12.999999999999998,sealed_dsv4
36,152,37,43,11,1,0.09090909090909091,0.008547008547008548,10.636363636363635,sealed_dsv4
37,240,38,201,7,1,0.14285714285714285,0.00819672131147541,17.428571428571427,sealed_dsv4
37,245,38,201,12,1,0.08333333333333333,0.00819672131147541,10.166666666666666,sealed_dsv4
37,138,38,201,11,1,0.09090909090909091,0.00819672131147541,11.09090909090909,sealed_dsv4
37,151,38,201,10,1,0.1,0.00819672131147541,12.2,sealed_dsv4
38,43,39,115,12,1,0.08333333333333333,0.008264462809917356,10.083333333333332,sealed_dsv4
38,43,39,27,12,1,0.08333333333333333,0.008264462809917356,10.083333333333332,sealed_dsv4
38,209,39,115,11,1,0.09090909090909091,0.008264462809917356,11.0,sealed_dsv4
38,209,39,27,11,1,0.09090909090909091,0.008264462809917356,11.0,sealed_dsv4
38,38,39,115,10,1,0.1,0.008264462809917356,12.1,sealed_dsv4
38,38,39,154,10,1,0.1,0.01652892561983471,6.05,sealed_dsv4
38,38,39,27,10,1,0.1,0.008264462809917356,12.1,sealed_dsv4
38,32,39,115,13,1,0.07692307692307693,0.008264462809917356,9.307692307692308,sealed_dsv4
38,32,39,154,13,1,0.07692307692307693,0.01652892561983471,4.653846153846154,sealed_dsv4
38,32,39,27,13,1,0.07692307692307693,0.008264462809917356,9.307692307692308,sealed_dsv4
40,211,41,56,5,1,0.2,0.008333333333333333,24.0,sealed_dsv4
40,211,41,235,5,1,0.2,0.008333333333333333,24.0,sealed_dsv4
40,7,41,56,5,1,0.2,0.008333333333333333,24.0,sealed_dsv4
40,7,41,235,5,1,0.2,0.008333333333333333,24.0,sealed_dsv4
41,247,42,75,7,1,0.14285714285714285,0.024793388429752067,5.761904761904762,sealed_dsv4
41,247,42,178,7,1,0.14285714285714285,0.008264462809917356,17.285714285714285,sealed_dsv4
41,247,42,229,7,1,0.14285714285714285,0.008264462809917356,17.285714285714285,sealed_dsv4
41,70,42,178,11,1,0.09090909090909091,0.008264462809917356,11.0,sealed_dsv4
41,70,42,229,11,1,0.09090909090909091,0.008264462809917356,11.0,sealed_dsv4
41,236,42,146,10,1,0.1,0.024793388429752067,4.033333333333333,sealed_dsv4
41,236,42,178,10,1,0.1,0.008264462809917356,12.1,sealed_dsv4
41,236,42,229,10,1,0.1,0.008264462809917356,12.1,sealed_dsv4
3,71,4,163,7,1,0.14285714285714285,0.008695652173913044,16.428571428571427,sealed_dsv4
3,71,4,122,7,1,0.14285714285714285,0.008695652173913044,16.428571428571427,sealed_dsv4
3,101,4,163,7,1,0.14285714285714285,0.008695652173913044,16.428571428571427,sealed_dsv4
3,101,4,122,7,1,0.14285714285714285,0.008695652173913044,16.428571428571427,sealed_dsv4
3,202,4,163,7,1,0.14285714285714285,0.008695652173913044,16.428571428571427,sealed_dsv4
3,202,4,122,7,1,0.14285714285714285,0.008695652173913044,16.428571428571427,sealed_dsv4
3,135,4,163,10,1,0.1,0.008695652173913044,11.5,sealed_dsv4
3,135,4,122,10,1,0.1,0.008695652173913044,11.5,sealed_dsv4
4,97,5,176,9,1,0.1111111111111111,0.01694915254237288,6.555555555555555,sealed_dsv4
4,8,5,176,8,1,0.125,0.01694915254237288,7.375,sealed_dsv4
4,46,5,204,9,1,0.1111111111111111,0.01694915254237288,6.555555555555555,sealed_dsv4
5,205,6,132,5,1,0.2,0.017094017094017096,11.7,sealed_dsv4
5,86,6,132,6,1,0.16666666666666666,0.017094017094017096,9.749999999999998,sealed_dsv4
6,111,7,1,8,1,0.125,0.008264462809917356,15.125,sealed_dsv4
6,53,7,1,10,1,0.1,0.008264462809917356,12.1,sealed_dsv4
6,16,7,1,10,1,0.1,0.008264462809917356,12.1,sealed_dsv4
6,1,7,1,6,1,0.16666666666666666,0.008264462809917356,20.166666666666664,sealed_dsv4
6,138,7,1,7,1,0.14285714285714285,0.008264462809917356,17.285714285714285,sealed_dsv4
7,140,8,101,8,1,0.125,0.008547008547008548,14.624999999999998,sealed_dsv4
7,140,8,180,8,1,0.125,0.008547008547008548,14.624999999999998,sealed_dsv4
7,135,8,101,6,1,0.16666666666666666,0.008547008547008548,19.499999999999996,sealed_dsv4
7,135,8,16,6,1,0.16666666666666666,0.09401709401709402,1.7727272727272727,sealed_dsv4
7,135,8,180,6,1,0.16666666666666666,0.008547008547008548,19.499999999999996,sealed_dsv4
7,141,8,101,14,1,0.07142857142857142,0.008547008547008548,8.357142857142856,sealed_dsv4
7,141,8,180,14,1,0.07142857142857142,0.008547008547008548,8.357142857142856,sealed_dsv4
7,191,8,101,8,1,0.125,0.008547008547008548,14.624999999999998,sealed_dsv4
7,191,8,180,8,1,0.125,0.008547008547008548,14.624999999999998,sealed_dsv4
8,200,9,114,8,1,0.125,0.008333333333333333,15.0,sealed_dsv4
8,115,9,114,8,1,0.125,0.008333333333333333,15.0,sealed_dsv4
8,16,9,188,11,1,0.09090909090909091,0.016666666666666666,5.454545454545455,sealed_dsv4
8,16,9,114,11,1,0.09090909090909091,0.008333333333333333,10.90909090909091,sealed_dsv4
8,28,9,126,5,1,0.2,0.025,8.0,sealed_dsv4
8,28,9,188,5,1,0.2,0.016666666666666666,12.0,sealed_dsv4
8,28,9,114,5,1,0.2,0.008333333333333333,24.0,sealed_dsv4
9,242,10,4,8,1,0.125,0.008695652173913044,14.375,sealed_dsv4
9,77,10,4,8,1,0.125,0.008695652173913044,14.375,sealed_dsv4
10,8,11,110,5,1,0.2,0.00847457627118644,23.6,sealed_dsv4
10,8,11,16,5,1,0.2,0.0423728813559322,4.720000000000001,sealed_dsv4
10,40,11,110,9,1,0.1111111111111111,0.00847457627118644,13.11111111111111,sealed_dsv4
10,228,11,110,9,1,0.1111111111111111,0.00847457627118644,13.11111111111111,sealed_dsv4
10,35,11,110,6,1,0.16666666666666666,0.00847457627118644,19.666666666666664,sealed_dsv4
10,35,11,245,6,1,0.16666666666666666,0.025423728813559324,6.5555555555555545,sealed_dsv4
11,157,12,86,7,1,0.14285714285714285,0.025210084033613446,5.666666666666666,sealed_dsv4
11,132,12,86,5,1,0.2,0.025210084033613446,7.933333333333334,sealed_dsv4
11,16,12,86,5,1,0.2,0.025210084033613446,7.933333333333334,sealed_dsv4
11,16,12,221,5,1,0.2,0.025210084033613446,7.933333333333334,sealed_dsv4
12,122,13,194,9,1,0.1111111111111111,0.008620689655172414,12.888888888888888,sealed_dsv4
12,46,13,194,6,1,0.16666666666666666,0.008620689655172414,19.333333333333332,sealed_dsv4
12,41,13,194,13,1,0.07692307692307693,0.008620689655172414,8.923076923076923,sealed_dsv4
12,43,13,194,6,1,0.16666666666666666,0.008620689655172414,19.333333333333332,sealed_dsv4
13,88,14,47,9,1,0.1111111111111111,0.008771929824561403,12.666666666666666,sealed_dsv4
13,88,14,168,9,1,0.1111111111111111,0.008771929824561403,12.666666666666666,sealed_dsv4
13,14,14,47,8,1,0.125,0.008771929824561403,14.25,sealed_dsv4
13,14,14,168,8,1,0.125,0.008771929824561403,14.25,sealed_dsv4
13,125,14,20,10,1,0.1,0.02631578947368421,3.8000000000000003,sealed_dsv4
13,125,14,47,10,1,0.1,0.008771929824561403,11.400000000000002,sealed_dsv4
13,125,14,168,10,1,0.1,0.008771929824561403,11.400000000000002,sealed_dsv4
14,49,15,151,8,1,0.125,0.016666666666666666,7.5,sealed_dsv4
14,41,15,25,7,1,0.14285714285714285,0.025,5.7142857142857135,sealed_dsv4
15,104,16,200,7,1,0.14285714285714285,0.034482758620689655,4.142857142857142,sealed_dsv4
15,104,16,36,7,1,0.14285714285714285,0.034482758620689655,4.142857142857142,sealed_dsv4
15,104,16,191,7,1,0.14285714285714285,0.008620689655172414,16.57142857142857,sealed_dsv4
15,176,16,200,8,1,0.125,0.034482758620689655,3.625,sealed_dsv4
15,176,16,191,8,1,0.125,0.008620689655172414,14.5,sealed_dsv4
15,15,16,176,9,1,0.1111111111111111,0.05172413793103448,2.148148148148148,sealed_dsv4
15,15,16,191,9,1,0.1111111111111111,0.008620689655172414,12.888888888888888,sealed_dsv4
16,176,17,243,6,1,0.16666666666666666,0.017857142857142856,9.333333333333334,sealed_dsv4
16,176,17,112,6,1,0.16666666666666666,0.08928571428571429,1.8666666666666665,sealed_dsv4
16,176,17,221,6,1,0.16666666666666666,0.026785714285714284,6.222222222222222,sealed_dsv4
16,176,17,78,6,1,0.16666666666666666,0.008928571428571428,18.666666666666668,sealed_dsv4
16,179,17,221,7,1,0.14285714285714285,0.026785714285714284,5.333333333333333,sealed_dsv4
16,179,17,78,7,1,0.14285714285714285,0.008928571428571428,16.0,sealed_dsv4
16,240,17,243,7,1,0.14285714285714285,0.017857142857142856,8.0,sealed_dsv4
16,240,17,78,7,1,0.14285714285714285,0.008928571428571428,16.0,sealed_dsv4
17,3,18,128,13,1,0.07692307692307693,0.008695652173913044,8.846153846153847,sealed_dsv4
17,3,18,242,13,1,0.07692307692307693,0.008695652173913044,8.846153846153847,sealed_dsv4
17,112,18,128,10,1,0.1,0.008695652173913044,11.5,sealed_dsv4
17,112,18,242,10,1,0.1,0.008695652173913044,11.5,sealed_dsv4
17,61,18,128,8,1,0.125,0.008695652173913044,14.375,sealed_dsv4
17,61,18,242,8,1,0.125,0.008695652173913044,14.375,sealed_dsv4
18,75,19,108,14,1,0.07142857142857142,0.00819672131147541,8.714285714285714,sealed_dsv4
18,75,19,238,14,1,0.07142857142857142,0.00819672131147541,8.714285714285714,sealed_dsv4
18,166,19,8,8,1,0.125,0.02459016393442623,5.083333333333333,sealed_dsv4
18,166,19,121,8,1,0.125,0.01639344262295082,7.625,sealed_dsv4
18,166,19,108,8,1,0.125,0.00819672131147541,15.25,sealed_dsv4
18,166,19,238,8,1,0.125,0.00819672131147541,15.25,sealed_dsv4
18,166,19,131,8,1,0.125,0.01639344262295082,7.625,sealed_dsv4
19,181,20,94,7,1,0.14285714285714285,0.017241379310344827,8.285714285714285,sealed_dsv4
19,181,20,186,7,1,0.14285714285714285,0.017241379310344827,8.285714285714285,sealed_dsv4
19,181,20,224,7,1,0.14285714285714285,0.017241379310344827,8.285714285714285,sealed_dsv4
19,181,20,178,7,1,0.14285714285714285,0.008620689655172414,16.57142857142857,sealed_dsv4
19,181,20,3,7,1,0.14285714285714285,0.034482758620689655,4.142857142857142,sealed_dsv4
21,75,22,201,5,1,0.2,0.008620689655172414,23.200000000000003,sealed_dsv4
21,75,22,25,5,1,0.2,0.017241379310344827,11.600000000000001,sealed_dsv4
21,75,22,11,5,1,0.2,0.008620689655172414,23.200000000000003,sealed_dsv4
22,123,23,44,15,1,0.06666666666666667,0.00847457627118644,7.866666666666666,sealed_dsv4
22,13,23,44,9,1,0.1111111111111111,0.00847457627118644,13.11111111111111,sealed_dsv4
22,13,23,7,9,1,0.1111111111111111,0.01694915254237288,6.555555555555555,sealed_dsv4
22,203,23,44,7,1,0.14285714285714285,0.00847457627118644,16.857142857142858,sealed_dsv4
25,0,26,195,16,1,0.0625,0.008403361344537815,7.4375,sealed_dsv4
25,47,26,195,7,1,0.14285714285714285,0.008403361344537815,17.0,sealed_dsv4
25,47,26,189,7,1,0.14285714285714285,0.01680672268907563,8.5,sealed_dsv4
25,143,26,195,10,1,0.1,0.008403361344537815,11.9,sealed_dsv4
25,143,26,189,10,1,0.1,0.01680672268907563,5.95,sealed_dsv4
25,48,26,195,11,1,0.09090909090909091,0.008403361344537815,10.818181818181818,sealed_dsv4
25,48,26,189,11,1,0.09090909090909091,0.01680672268907563,5.409090909090909,sealed_dsv4
25,48,26,150,11,1,0.09090909090909091,0.01680672268907563,5.409090909090909,sealed_dsv4
25,120,26,195,11,1,0.09090909090909091,0.008403361344537815,10.818181818181818,sealed_dsv4
25,120,26,189,11,1,0.09090909090909091,0.01680672268907563,5.409090909090909,sealed_dsv4
25,175,26,195,7,1,0.14285714285714285,0.008403361344537815,17.0,sealed_dsv4
25,175,26,189,7,1,0.14285714285714285,0.01680672268907563,8.5,sealed_dsv4
26,98,27,175,15,1,0.06666666666666667,0.008333333333333333,8.0,sealed_dsv4
26,98,27,227,15,1,0.06666666666666667,0.008333333333333333,8.0,sealed_dsv4
26,41,27,175,8,1,0.125,0.008333333333333333,15.0,sealed_dsv4
26,41,27,227,8,1,0.125,0.008333333333333333,15.0,sealed_dsv4
27,253,28,87,11,1,0.09090909090909091,0.01652892561983471,5.5,sealed_dsv4
27,88,28,8,5,1,0.2,0.01652892561983471,12.1,sealed_dsv4
28,160,29,14,16,1,0.0625,0.008130081300813009,7.687499999999999,sealed_dsv4
28,160,29,146,16,1,0.0625,0.008130081300813009,7.687499999999999,sealed_dsv4
28,160,29,206,16,1,0.0625,0.008130081300813009,7.687499999999999,sealed_dsv4
28,179,29,14,9,1,0.1111111111111111,0.008130081300813009,13.666666666666664,sealed_dsv4
28,179,29,146,9,1,0.1111111111111111,0.008130081300813009,13.666666666666664,sealed_dsv4
28,179,29,205,9,1,0.1111111111111111,0.016260162601626018,6.833333333333332,sealed_dsv4
28,179,29,206,9,1,0.1111111111111111,0.008130081300813009,13.666666666666664,sealed_dsv4
28,94,29,14,7,1,0.14285714285714285,0.008130081300813009,17.57142857142857,sealed_dsv4
28,94,29,146,7,1,0.14285714285714285,0.008130081300813009,17.57142857142857,sealed_dsv4
28,94,29,205,7,1,0.14285714285714285,0.016260162601626018,8.785714285714285,sealed_dsv4
28,94,29,206,7,1,0.14285714285714285,0.008130081300813009,17.57142857142857,sealed_dsv4
29,41,30,2,8,1,0.125,0.02564102564102564,4.875,sealed_dsv4
29,41,30,193,8,1,0.125,0.008547008547008548,14.624999999999998,sealed_dsv4
29,41,30,63,8,1,0.125,0.017094017094017096,7.312499999999999,sealed_dsv4
29,210,30,193,14,1,0.07142857142857142,0.008547008547008548,8.357142857142856,sealed_dsv4
29,210,30,205,14,1,0.07142857142857142,0.017094017094017096,4.178571428571428,sealed_dsv4
30,35,31,14,12,1,0.08333333333333333,0.00847457627118644,9.833333333333332,sealed_dsv4
30,35,31,197,12,1,0.08333333333333333,0.00847457627118644,9.833333333333332,sealed_dsv4
30,35,31,109,12,1,0.08333333333333333,0.00847457627118644,9.833333333333332,sealed_dsv4
30,117,31,14,12,1,0.08333333333333333,0.00847457627118644,9.833333333333332,sealed_dsv4
30,117,31,197,12,1,0.08333333333333333,0.00847457627118644,9.833333333333332,sealed_dsv4
30,117,31,109,12,1,0.08333333333333333,0.00847457627118644,9.833333333333332,sealed_dsv4
31,244,32,141,10,1,0.1,0.02631578947368421,3.8000000000000003,sealed_dsv4
32,178,33,64,8,1,0.125,0.01694915254237288,7.375,sealed_dsv4
32,178,33,59,8,1,0.125,0.03389830508474576,3.6875,sealed_dsv4
33,255,34,95,15,1,0.06666666666666667,0.01694915254237288,3.933333333333333,sealed_dsv4
33,255,34,198,15,1,0.06666666666666667,0.01694915254237288,3.933333333333333,sealed_dsv4
34,177,35,31,5,1,0.2,0.016260162601626018,12.299999999999999,sealed_dsv4
34,177,35,135,5,1,0.2,0.04065040650406504,4.920000000000001,sealed_dsv4
34,177,35,238,5,1,0.2,0.032520325203252036,6.1499999999999995,sealed_dsv4
34,243,35,31,11,1,0.09090909090909091,0.016260162601626018,5.590909090909091,sealed_dsv4
34,11,35,31,15,1,0.06666666666666667,0.016260162601626018,4.1,sealed_dsv4
34,139,35,31,8,1,0.125,0.016260162601626018,7.687499999999999,sealed_dsv4
35,135,36,40,5,1,0.2,0.02654867256637168,7.533333333333334,sealed_dsv4
35,135,36,50,5,1,0.2,0.017699115044247787,11.3,sealed_dsv4
35,135,36,171,5,1,0.2,0.035398230088495575,5.65,sealed_dsv4
36,45,37,40,12,1,0.08333333333333333,0.017094017094017096,4.874999999999999,sealed_dsv4
36,45,37,233,12,1,0.08333333333333333,0.017094017094017096,4.874999999999999,sealed_dsv4
36,45,37,210,12,1,0.08333333333333333,0.008547008547008548,9.749999999999998,sealed_dsv4
36,152,37,40,11,1,0.09090909090909091,0.017094017094017096,5.3181818181818175,sealed_dsv4
36,152,37,233,11,1,0.09090909090909091,0.017094017094017096,5.3181818181818175,sealed_dsv4
36,152,37,210,11,1,0.09090909090909091,0.008547008547008548,10.636363636363635,sealed_dsv4
36,10,37,40,8,1,0.125,0.017094017094017096,7.312499999999999,sealed_dsv4
36,10,37,233,8,1,0.125,0.017094017094017096,7.312499999999999,sealed_dsv4
36,10,37,210,8,1,0.125,0.008547008547008548,14.624999999999998,sealed_dsv4
37,240,38,159,7,1,0.14285714285714285,0.00819672131147541,17.428571428571427,sealed_dsv4
37,240,38,81,7,1,0.14285714285714285,0.00819672131147541,17.428571428571427,sealed_dsv4
37,240,38,56,7,1,0.14285714285714285,0.00819672131147541,17.428571428571427,sealed_dsv4
37,245,38,159,12,1,0.08333333333333333,0.00819672131147541,10.166666666666666,sealed_dsv4
37,245,38,160,12,1,0.08333333333333333,0.01639344262295082,5.083333333333333,sealed_dsv4
37,245,38,81,12,1,0.08333333333333333,0.00819672131147541,10.166666666666666,sealed_dsv4
37,245,38,206,12,1,0.08333333333333333,0.01639344262295082,5.083333333333333,sealed_dsv4
37,245,38,56,12,1,0.08333333333333333,0.00819672131147541,10.166666666666666,sealed_dsv4
37,231,38,159,9,1,0.1111111111111111,0.00819672131147541,13.555555555555554,sealed_dsv4
37,231,38,160,9,1,0.1111111111111111,0.01639344262295082,6.777777777777777,sealed_dsv4
37,231,38,81,9,1,0.1111111111111111,0.00819672131147541,13.555555555555554,sealed_dsv4
37,231,38,206,9,1,0.1111111111111111,0.01639344262295082,6.777777777777777,sealed_dsv4
37,231,38,56,9,1,0.1111111111111111,0.00819672131147541,13.555555555555554,sealed_dsv4
38,32,39,250,13,1,0.07692307692307693,0.01652892561983471,4.653846153846154,sealed_dsv4
38,32,39,26,13,1,0.07692307692307693,0.008264462809917356,9.307692307692308,sealed_dsv4
39,179,40,137,11,1,0.09090909090909091,0.008547008547008548,10.636363636363635,sealed_dsv4
39,179,40,231,11,1,0.09090909090909091,0.017094017094017096,5.3181818181818175,sealed_dsv4
39,191,40,137,13,1,0.07692307692307693,0.008547008547008548,9.0,sealed_dsv4
40,205,41,238,8,1,0.125,0.016666666666666666,7.5,sealed_dsv4
40,205,41,41,8,1,0.125,0.016666666666666666,7.5,sealed_dsv4
40,205,41,75,8,1,0.125,0.008333333333333333,15.0,sealed_dsv4
40,205,41,133,8,1,0.125,0.008333333333333333,15.0,sealed_dsv4
41,236,42,252,10,1,0.1,0.024793388429752067,4.033333333333333,sealed_dsv4
41,236,42,140,10,1,0.1,0.008264462809917356,12.1,sealed_dsv4
41,236,42,51,10,1,0.1,0.008264462809917356,12.1,sealed_dsv4
41,247,42,140,7,1,0.14285714285714285,0.008264462809917356,17.285714285714285,sealed_dsv4
41,247,42,205,7,1,0.14285714285714285,0.024793388429752067,5.761904761904762,sealed_dsv4
41,247,42,51,7,1,0.14285714285714285,0.008264462809917356,17.285714285714285,sealed_dsv4
3,135,4,78,10,1,0.1,0.017391304347826087,5.75,sealed_dsv4
3,135,4,73,10,1,0.1,0.017391304347826087,5.75,sealed_dsv4
4,46,5,104,9,1,0.1111111111111111,0.01694915254237288,6.555555555555555,sealed_dsv4
4,233,5,30,11,1,0.09090909090909091,0.01694915254237288,5.363636363636364,sealed_dsv4
5,52,6,118,14,1,0.07142857142857142,0.008547008547008548,8.357142857142856,sealed_dsv4
5,208,6,118,8,1,0.125,0.008547008547008548,14.624999999999998,sealed_dsv4
5,208,6,32,8,1,0.125,0.02564102564102564,4.875,sealed_dsv4
5,208,6,11,8,1,0.125,0.017094017094017096,7.312499999999999,sealed_dsv4
5,208,6,184,8,1,0.125,0.02564102564102564,4.875,sealed_dsv4
5,120,6,118,5,1,0.2,0.008547008547008548,23.4,sealed_dsv4
5,120,6,32,5,1,0.2,0.02564102564102564,7.800000000000001,sealed_dsv4
5,120,6,132,5,1,0.2,0.017094017094017096,11.7,sealed_dsv4
5,120,6,11,5,1,0.2,0.017094017094017096,11.7,sealed_dsv4
5,120,6,184,5,1,0.2,0.02564102564102564,7.800000000000001,sealed_dsv4
7,191,8,42,8,1,0.125,0.008547008547008548,14.624999999999998,sealed_dsv4
7,180,8,42,9,1,0.1111111111111111,0.008547008547008548,12.999999999999998,sealed_dsv4
7,141,8,42,14,1,0.07142857142857142,0.008547008547008548,8.357142857142856,sealed_dsv4
7,95,8,42,9,1,0.1111111111111111,0.008547008547008548,12.999999999999998,sealed_dsv4
7,133,8,42,7,1,0.14285714285714285,0.008547008547008548,16.71428571428571,sealed_dsv4
8,16,9,234,11,1,0.09090909090909091,0.008333333333333333,10.90909090909091,sealed_dsv4
8,232,9,126,10,1,0.1,0.025,4.0,sealed_dsv4
8,232,9,234,10,1,0.1,0.008333333333333333,12.0,sealed_dsv4
8,71,9,126,9,1,0.1111111111111111,0.025,4.444444444444444,sealed_dsv4
8,71,9,234,9,1,0.1111111111111111,0.008333333333333333,13.333333333333332,sealed_dsv4
8,242,9,126,5,1,0.2,0.025,8.0,sealed_dsv4
8,242,9,234,5,1,0.2,0.008333333333333333,24.0,sealed_dsv4
8,189,9,126,8,1,0.125,0.025,5.0,sealed_dsv4
8,189,9,234,8,1,0.125,0.008333333333333333,15.0,sealed_dsv4
9,219,10,205,10,1,0.1,0.008695652173913044,11.5,sealed_dsv4
9,219,10,168,10,1,0.1,0.008695652173913044,11.5,sealed_dsv4
9,127,10,165,9,1,0.1111111111111111,0.02608695652173913,4.2592592592592595,sealed_dsv4
9,127,10,205,9,1,0.1111111111111111,0.008695652173913044,12.777777777777777,sealed_dsv4
9,127,10,168,9,1,0.1111111111111111,0.008695652173913044,12.777777777777777,sealed_dsv4
9,168,10,205,5,1,0.2,0.008695652173913044,23.0,sealed_dsv4
9,168,10,168,5,1,0.2,0.008695652173913044,23.0,sealed_dsv4
11,9,12,56,14,1,0.07142857142857142,0.008403361344537815,8.5,sealed_dsv4
11,9,12,30,14,1,0.07142857142857142,0.008403361344537815,8.5,sealed_dsv4
11,171,12,56,6,1,0.16666666666666666,0.008403361344537815,19.833333333333332,sealed_dsv4
11,171,12,30,6,1,0.16666666666666666,0.008403361344537815,19.833333333333332,sealed_dsv4
11,132,12,130,5,1,0.2,0.01680672268907563,11.9,sealed_dsv4
11,132,12,56,5,1,0.2,0.008403361344537815,23.8,sealed_dsv4
11,132,12,30,5,1,0.2,0.008403361344537815,23.8,sealed_dsv4
11,157,12,130,7,1,0.14285714285714285,0.01680672268907563,8.5,sealed_dsv4
11,157,12,56,7,1,0.14285714285714285,0.008403361344537815,17.0,sealed_dsv4
11,157,12,30,7,1,0.14285714285714285,0.008403361344537815,17.0,sealed_dsv4
12,41,13,32,13,1,0.07692307692307693,0.008620689655172414,8.923076923076923,sealed_dsv4
12,41,13,200,13,1,0.07692307692307693,0.017241379310344827,4.461538461538462,sealed_dsv4
12,41,13,182,13,1,0.07692307692307693,0.008620689655172414,8.923076923076923,sealed_dsv4
12,41,13,54,13,1,0.07692307692307693,0.008620689655172414,8.923076923076923,sealed_dsv4
12,46,13,32,6,1,0.16666666666666666,0.008620689655172414,19.333333333333332,sealed_dsv4
12,46,13,182,6,1,0.16666666666666666,0.008620689655172414,19.333333333333332,sealed_dsv4
12,46,13,54,6,1,0.16666666666666666,0.008620689655172414,19.333333333333332,sealed_dsv4
14,105,15,208,6,1,0.16666666666666666,0.008333333333333333,20.0,sealed_dsv4
14,105,15,140,6,1,0.16666666666666666,0.008333333333333333,20.0,sealed_dsv4
14,234,15,208,6,1,0.16666666666666666,0.008333333333333333,20.0,sealed_dsv4
14,234,15,155,6,1,0.16666666666666666,0.025,6.666666666666666,sealed_dsv4
14,234,15,140,6,1,0.16666666666666666,0.008333333333333333,20.0,sealed_dsv4
14,143,15,208,5,1,0.2,0.008333333333333333,24.0,sealed_dsv4
14,143,15,155,5,1,0.2,0.025,8.0,sealed_dsv4
14,143,15,140,5,1,0.2,0.008333333333333333,24.0,sealed_dsv4
14,80,15,208,6,1,0.16666666666666666,0.008333333333333333,20.0,sealed_dsv4
14,80,15,140,6,1,0.16666666666666666,0.008333333333333333,20.0,sealed_dsv4
16,92,17,39,10,1,0.1,0.008928571428571428,11.200000000000001,sealed_dsv4
16,96,17,39,8,1,0.125,0.008928571428571428,14.0,sealed_dsv4
16,96,17,5,8,1,0.125,0.026785714285714284,4.666666666666667,sealed_dsv4
16,162,17,39,5,1,0.2,0.008928571428571428,22.400000000000002,sealed_dsv4
16,162,17,5,5,1,0.2,0.026785714285714284,7.466666666666668,sealed_dsv4
17,93,18,66,8,1,0.125,0.02608695652173913,4.791666666666667,sealed_dsv4
17,93,18,42,8,1,0.125,0.008695652173913044,14.375,sealed_dsv4
17,112,18,42,10,1,0.1,0.008695652173913044,11.5,sealed_dsv4
17,3,18,42,13,1,0.07692307692307693,0.008695652173913044,8.846153846153847,sealed_dsv4
17,220,18,65,5,1,0.2,0.017391304347826087,11.5,sealed_dsv4
17,220,18,42,5,1,0.2,0.008695652173913044,23.0,sealed_dsv4
18,122,19,137,8,1,0.125,0.00819672131147541,15.25,sealed_dsv4
18,122,19,8,8,1,0.125,0.02459016393442623,5.083333333333333,sealed_dsv4
18,122,19,4,8,1,0.125,0.02459016393442623,5.083333333333333,sealed_dsv4
18,122,19,2,8,1,0.125,0.00819672131147541,15.25,sealed_dsv4
20,87,21,103,5,1,0.2,0.02564102564102564,7.800000000000001,sealed_dsv4
20,87,21,201,5,1,0.2,0.042735042735042736,4.680000000000001,sealed_dsv4
20,87,21,5,5,1,0.2,0.02564102564102564,7.800000000000001,sealed_dsv4
20,187,21,103,10,1,0.1,0.02564102564102564,3.9000000000000004,sealed_dsv4
20,187,21,5,10,1,0.1,0.02564102564102564,3.9000000000000004,sealed_dsv4
21,155,22,29,10,1,0.1,0.017241379310344827,5.800000000000001,sealed_dsv4
21,155,22,46,10,1,0.1,0.008620689655172414,11.600000000000001,sealed_dsv4
21,201,22,29,5,1,0.2,0.017241379310344827,11.600000000000001,sealed_dsv4
21,201,22,46,5,1,0.2,0.008620689655172414,23.200000000000003,sealed_dsv4
22,203,23,106,7,1,0.14285714285714285,0.03389830508474576,4.214285714285714,sealed_dsv4
23,77,24,211,9,1,0.1111111111111111,0.017241379310344827,6.444444444444444,sealed_dsv4
23,235,24,211,10,1,0.1,0.017241379310344827,5.800000000000001,sealed_dsv4
23,74,24,211,7,1,0.14285714285714285,0.017241379310344827,8.285714285714285,sealed_dsv4
23,175,24,211,9,1,0.1111111111111111,0.017241379310344827,6.444444444444444,sealed_dsv4
24,206,25,47,6,1,0.16666666666666666,0.06140350877192982,2.7142857142857144,sealed_dsv4
25,0,26,58,16,1,0.0625,0.008403361344537815,7.4375,sealed_dsv4
25,48,26,58,11,1,0.09090909090909091,0.008403361344537815,10.818181818181818,sealed_dsv4
25,143,26,58,10,1,0.1,0.008403361344537815,11.9,sealed_dsv4
25,47,26,46,7,1,0.14285714285714285,0.03361344537815126,4.25,sealed_dsv4
25,47,26,58,7,1,0.14285714285714285,0.008403361344537815,17.0,sealed_dsv4
25,120,26,58,11,1,0.09090909090909091,0.008403361344537815,10.818181818181818,sealed_dsv4
26,98,27,242,15,1,0.06666666666666667,0.008333333333333333,8.0,sealed_dsv4
26,98,27,193,15,1,0.06666666666666667,0.008333333333333333,8.0,sealed_dsv4
26,98,27,141,15,1,0.06666666666666667,0.008333333333333333,8.0,sealed_dsv4
26,152,27,242,7,1,0.14285714285714285,0.008333333333333333,17.142857142857142,sealed_dsv4
26,152,27,193,7,1,0.14285714285714285,0.008333333333333333,17.142857142857142,sealed_dsv4
26,152,27,141,7,1,0.14285714285714285,0.008333333333333333,17.142857142857142,sealed_dsv4
26,41,27,242,8,1,0.125,0.008333333333333333,15.0,sealed_dsv4
26,41,27,193,8,1,0.125,0.008333333333333333,15.0,sealed_dsv4
26,41,27,141,8,1,0.125,0.008333333333333333,15.0,sealed_dsv4
26,104,27,242,7,1,0.14285714285714285,0.008333333333333333,17.142857142857142,sealed_dsv4
26,104,27,193,7,1,0.14285714285714285,0.008333333333333333,17.142857142857142,sealed_dsv4
26,104,27,141,7,1,0.14285714285714285,0.008333333333333333,17.142857142857142,sealed_dsv4
27,253,28,192,11,1,0.09090909090909091,0.01652892561983471,5.5,sealed_dsv4
30,34,31,142,7,1,0.14285714285714285,0.025423728813559324,5.619047619047619,sealed_dsv4
30,34,31,120,7,1,0.14285714285714285,0.025423728813559324,5.619047619047619,sealed_dsv4
30,34,31,213,7,1,0.14285714285714285,0.00847457627118644,16.857142857142858,sealed_dsv4
30,113,31,213,12,1,0.08333333333333333,0.00847457627118644,9.833333333333332,sealed_dsv4
30,35,31,213,12,1,0.08333333333333333,0.00847457627118644,9.833333333333332,sealed_dsv4
30,117,31,213,12,1,0.08333333333333333,0.00847457627118644,9.833333333333332,sealed_dsv4
31,126,32,15,15,1,0.06666666666666667,0.008771929824561403,7.6000000000000005,sealed_dsv4
31,10,32,15,15,1,0.06666666666666667,0.008771929824561403,7.6000000000000005,sealed_dsv4
31,244,32,15,10,1,0.1,0.008771929824561403,11.400000000000002,sealed_dsv4
32,238,33,187,11,1,0.09090909090909091,0.01694915254237288,5.363636363636364,sealed_dsv4
32,178,33,187,8,1,0.125,0.01694915254237288,7.375,sealed_dsv4
33,129,34,155,11,1,0.09090909090909091,0.01694915254237288,5.363636363636364,sealed_dsv4
34,243,35,97,11,1,0.09090909090909091,0.04065040650406504,2.2363636363636363,sealed_dsv4
34,122,35,109,9,1,0.1111111111111111,0.04065040650406504,2.7333333333333334,sealed_dsv4
34,139,35,7,8,1,0.125,0.024390243902439025,5.125,sealed_dsv4
35,97,36,10,5,1,0.2,0.07079646017699115,2.825,sealed_dsv4
35,97,36,229,5,1,0.2,0.07964601769911504,2.511111111111111,sealed_dsv4
35,97,36,231,5,1,0.2,0.02654867256637168,7.533333333333334,sealed_dsv4
35,97,36,14,5,1,0.2,0.008849557522123894,22.6,sealed_dsv4
35,129,36,14,8,1,0.125,0.008849557522123894,14.125,sealed_dsv4
35,109,36,5,5,1,0.2,0.09734513274336283,2.0545454545454547,sealed_dsv4
35,109,36,231,5,1,0.2,0.02654867256637168,7.533333333333334,sealed_dsv4
35,109,36,14,5,1,0.2,0.008849557522123894,22.6,sealed_dsv4
35,109,36,135,5,1,0.2,0.02654867256637168,7.533333333333334,sealed_dsv4
35,135,36,14,5,1,0.2,0.008849557522123894,22.6,sealed_dsv4
36,10,37,68,8,1,0.125,0.008547008547008548,14.624999999999998,sealed_dsv4
36,229,37,68,9,1,0.1111111111111111,0.008547008547008548,12.999999999999998,sealed_dsv4
36,5,37,68,11,1,0.09090909090909091,0.008547008547008548,10.636363636363635,sealed_dsv4
39,191,40,41,13,1,0.07692307692307693,0.017094017094017096,4.5,sealed_dsv4
39,159,40,41,6,1,0.16666666666666666,0.017094017094017096,9.749999999999998,sealed_dsv4
39,159,40,35,6,1,0.16666666666666666,0.03418803418803419,4.874999999999999,sealed_dsv4
40,205,41,81,8,1,0.125,0.016666666666666666,7.5,sealed_dsv4
40,205,41,77,8,1,0.125,0.008333333333333333,15.0,sealed_dsv4
40,205,41,246,8,1,0.125,0.008333333333333333,15.0,sealed_dsv4
41,166,42,62,5,1,0.2,0.008264462809917356,24.2,sealed_dsv4
41,166,42,89,5,1,0.2,0.008264462809917356,24.2,sealed_dsv4
3,135,4,129,10,1,0.1,0.008695652173913044,11.5,sealed_dsv4
4,46,5,148,9,1,0.1111111111111111,0.00847457627118644,13.11111111111111,sealed_dsv4
4,46,5,215,9,1,0.1111111111111111,0.00847457627118644,13.11111111111111,sealed_dsv4
5,52,6,203,14,1,0.07142857142857142,0.008547008547008548,8.357142857142856,sealed_dsv4
5,173,6,11,8,1,0.125,0.017094017094017096,7.312499999999999,sealed_dsv4
5,173,6,6,8,1,0.125,0.02564102564102564,4.875,sealed_dsv4
5,173,6,203,8,1,0.125,0.008547008547008548,14.624999999999998,sealed_dsv4
7,180,8,26,9,1,0.1111111111111111,0.008547008547008548,12.999999999999998,sealed_dsv4
7,191,8,30,8,1,0.125,0.017094017094017096,7.312499999999999,sealed_dsv4
7,191,8,26,8,1,0.125,0.008547008547008548,14.624999999999998,sealed_dsv4
7,95,8,26,9,1,0.1111111111111111,0.008547008547008548,12.999999999999998,sealed_dsv4
7,141,8,26,14,1,0.07142857142857142,0.008547008547008548,8.357142857142856,sealed_dsv4
8,16,9,67,11,1,0.09090909090909091,0.008333333333333333,10.90909090909091,sealed_dsv4
8,16,9,23,11,1,0.09090909090909091,0.008333333333333333,10.90909090909091,sealed_dsv4
8,189,9,67,8,1,0.125,0.008333333333333333,15.0,sealed_dsv4
8,189,9,23,8,1,0.125,0.008333333333333333,15.0,sealed_dsv4
8,232,9,67,10,1,0.1,0.008333333333333333,12.0,sealed_dsv4
8,232,9,23,10,1,0.1,0.008333333333333333,12.0,sealed_dsv4
8,242,9,67,5,1,0.2,0.008333333333333333,24.0,sealed_dsv4
8,242,9,23,5,1,0.2,0.008333333333333333,24.0,sealed_dsv4
9,219,10,183,10,1,0.1,0.008695652173913044,11.5,sealed_dsv4
9,168,10,96,5,1,0.2,0.017391304347826087,11.5,sealed_dsv4
9,168,10,183,5,1,0.2,0.008695652173913044,23.0,sealed_dsv4
10,76,11,245,6,1,0.16666666666666666,0.025423728813559324,6.5555555555555545,sealed_dsv4
10,76,11,239,6,1,0.16666666666666666,0.00847457627118644,19.666666666666664,sealed_dsv4
10,228,11,158,9,1,0.1111111111111111,0.01694915254237288,6.555555555555555,sealed_dsv4
10,228,11,239,9,1,0.1111111111111111,0.00847457627118644,13.11111111111111,sealed_dsv4
10,8,11,255,5,1,0.2,0.01694915254237288,11.8,sealed_dsv4
10,8,11,158,5,1,0.2,0.01694915254237288,11.8,sealed_dsv4
10,8,11,239,5,1,0.2,0.00847457627118644,23.6,sealed_dsv4
12,46,13,236,6,1,0.16666666666666666,0.017241379310344827,9.666666666666666,sealed_dsv4
12,46,13,183,6,1,0.16666666666666666,0.008620689655172414,19.333333333333332,sealed_dsv4
14,41,15,229,7,1,0.14285714285714285,0.008333333333333333,17.142857142857142,sealed_dsv4
14,105,15,151,6,1,0.16666666666666666,0.016666666666666666,10.0,sealed_dsv4
14,105,15,229,6,1,0.16666666666666666,0.008333333333333333,20.0,sealed_dsv4
14,1,15,155,9,1,0.1111111111111111,0.025,4.444444444444444,sealed_dsv4
14,1,15,229,9,1,0.1111111111111111,0.008333333333333333,13.333333333333332,sealed_dsv4
14,1,15,246,9,1,0.1111111111111111,0.025,4.444444444444444,sealed_dsv4
15,135,16,179,8,1,0.125,0.0603448275862069,2.071428571428571,sealed_dsv4
16,92,17,243,10,1,0.1,0.017857142857142856,5.6000000000000005,sealed_dsv4
16,96,17,243,8,1,0.125,0.017857142857142856,7.0,sealed_dsv4
16,96,17,61,8,1,0.125,0.07142857142857142,1.75,sealed_dsv4
16,179,17,218,7,1,0.14285714285714285,0.017857142857142856,8.0,sealed_dsv4
17,220,18,53,5,1,0.2,0.017391304347826087,11.5,sealed_dsv4
17,220,18,225,5,1,0.2,0.017391304347826087,11.5,sealed_dsv4
17,3,18,58,13,1,0.07692307692307693,0.017391304347826087,4.423076923076923,sealed_dsv4
17,61,18,58,8,1,0.125,0.017391304347826087,7.1875,sealed_dsv4
17,61,18,79,8,1,0.125,0.043478260869565216,2.875,sealed_dsv4
18,79,19,58,5,1,0.2,0.00819672131147541,24.4,sealed_dsv4
18,79,19,20,5,1,0.2,0.00819672131147541,24.4,sealed_dsv4
18,79,19,121,5,1,0.2,0.01639344262295082,12.2,sealed_dsv4
18,79,19,8,5,1,0.2,0.02459016393442623,8.133333333333335,sealed_dsv4
18,75,19,58,14,1,0.07142857142857142,0.00819672131147541,8.714285714285714,sealed_dsv4
18,75,19,20,14,1,0.07142857142857142,0.00819672131147541,8.714285714285714,sealed_dsv4
23,175,24,79,9,1,0.1111111111111111,0.008620689655172414,12.888888888888888,sealed_dsv4
23,175,24,204,9,1,0.1111111111111111,0.034482758620689655,3.222222222222222,sealed_dsv4
24,168,25,21,16,1,0.0625,0.008771929824561403,7.125,sealed_dsv4
24,168,25,70,16,1,0.0625,0.008771929824561403,7.125,sealed_dsv4
24,168,25,189,16,1,0.0625,0.008771929824561403,7.125,sealed_dsv4
24,168,25,153,16,1,0.0625,0.008771929824561403,7.125,sealed_dsv4
24,254,25,21,6,1,0.16666666666666666,0.008771929824561403,19.0,sealed_dsv4
24,254,25,70,6,1,0.16666666666666666,0.008771929824561403,19.0,sealed_dsv4
24,254,25,189,6,1,0.16666666666666666,0.008771929824561403,19.0,sealed_dsv4
24,254,25,153,6,1,0.16666666666666666,0.008771929824561403,19.0,sealed_dsv4
24,206,25,21,6,1,0.16666666666666666,0.008771929824561403,19.0,sealed_dsv4
24,206,25,70,6,1,0.16666666666666666,0.008771929824561403,19.0,sealed_dsv4
24,206,25,189,6,1,0.16666666666666666,0.008771929824561403,19.0,sealed_dsv4
24,206,25,153,6,1,0.16666666666666666,0.008771929824561403,19.0,sealed_dsv4
26,41,27,143,8,1,0.125,0.03333333333333333,3.75,sealed_dsv4
26,41,27,160,8,1,0.125,0.016666666666666666,7.5,sealed_dsv4
26,41,27,20,8,1,0.125,0.008333333333333333,15.0,sealed_dsv4
26,152,27,143,7,1,0.14285714285714285,0.03333333333333333,4.285714285714286,sealed_dsv4
26,152,27,160,7,1,0.14285714285714285,0.016666666666666666,8.571428571428571,sealed_dsv4
26,152,27,20,7,1,0.14285714285714285,0.008333333333333333,17.142857142857142,sealed_dsv4
26,98,27,20,15,1,0.06666666666666667,0.008333333333333333,8.0,sealed_dsv4
27,5,28,227,16,1,0.0625,0.008264462809917356,7.5625,sealed_dsv4
27,5,28,240,16,1,0.0625,0.008264462809917356,7.5625,sealed_dsv4
27,5,28,168,16,1,0.0625,0.008264462809917356,7.5625,sealed_dsv4
27,25,28,227,8,1,0.125,0.008264462809917356,15.125,sealed_dsv4
27,25,28,240,8,1,0.125,0.008264462809917356,15.125,sealed_dsv4
27,25,28,34,8,1,0.125,0.01652892561983471,7.5625,sealed_dsv4
27,25,28,168,8,1,0.125,0.008264462809917356,15.125,sealed_dsv4
27,253,28,227,11,1,0.09090909090909091,0.008264462809917356,11.0,sealed_dsv4
27,253,28,240,11,1,0.09090909090909091,0.008264462809917356,11.0,sealed_dsv4
27,253,28,168,11,1,0.09090909090909091,0.008264462809917356,11.0,sealed_dsv4
28,160,29,3,16,1,0.0625,0.008130081300813009,7.687499999999999,sealed_dsv4
28,160,29,100,16,1,0.0625,0.008130081300813009,7.687499999999999,sealed_dsv4
28,160,29,166,16,1,0.0625,0.008130081300813009,7.687499999999999,sealed_dsv4
28,160,29,129,16,1,0.0625,0.008130081300813009,7.687499999999999,sealed_dsv4
29,41,30,17,8,1,0.125,0.017094017094017096,7.312499999999999,sealed_dsv4
29,41,30,221,8,1,0.125,0.02564102564102564,4.875,sealed_dsv4
29,41,30,123,8,1,0.125,0.008547008547008548,14.624999999999998,sealed_dsv4
29,41,30,247,8,1,0.125,0.008547008547008548,14.624999999999998,sealed_dsv4
30,117,31,168,12,1,0.08333333333333333,0.00847457627118644,9.833333333333332,sealed_dsv4
30,117,31,30,12,1,0.08333333333333333,0.00847457627118644,9.833333333333332,sealed_dsv4
31,126,32,57,15,1,0.06666666666666667,0.008771929824561403,7.6000000000000005,sealed_dsv4
31,10,32,57,15,1,0.06666666666666667,0.008771929824561403,7.6000000000000005,sealed_dsv4
32,83,33,123,13,1,0.07692307692307693,0.00847457627118644,9.076923076923077,sealed_dsv4
32,135,33,123,15,1,0.06666666666666667,0.00847457627118644,7.866666666666666,sealed_dsv4
32,109,33,123,14,1,0.07142857142857142,0.00847457627118644,8.428571428571429,sealed_dsv4
33,224,34,202,15,1,0.06666666666666667,0.00847457627118644,7.866666666666666,sealed_dsv4
33,224,34,92,15,1,0.06666666666666667,0.01694915254237288,3.933333333333333,sealed_dsv4
33,224,34,58,15,1,0.06666666666666667,0.00847457627118644,7.866666666666666,sealed_dsv4
33,224,34,63,15,1,0.06666666666666667,0.00847457627118644,7.866666666666666,sealed_dsv4
33,129,34,202,11,1,0.09090909090909091,0.00847457627118644,10.727272727272728,sealed_dsv4
33,129,34,92,11,1,0.09090909090909091,0.01694915254237288,5.363636363636364,sealed_dsv4
33,129,34,58,11,1,0.09090909090909091,0.00847457627118644,10.727272727272728,sealed_dsv4
33,129,34,63,11,1,0.09090909090909091,0.00847457627118644,10.727272727272728,sealed_dsv4
33,25,34,202,14,1,0.07142857142857142,0.00847457627118644,8.428571428571429,sealed_dsv4
33,25,34,92,14,1,0.07142857142857142,0.01694915254237288,4.214285714285714,sealed_dsv4
33,25,34,58,14,1,0.07142857142857142,0.00847457627118644,8.428571428571429,sealed_dsv4
33,25,34,63,14,1,0.07142857142857142,0.00847457627118644,8.428571428571429,sealed_dsv4
35,97,36,40,5,1,0.2,0.02654867256637168,7.533333333333334,sealed_dsv4
35,97,36,50,5,1,0.2,0.017699115044247787,11.3,sealed_dsv4
35,97,36,150,5,1,0.2,0.008849557522123894,22.6,sealed_dsv4
35,97,36,175,5,1,0.2,0.008849557522123894,22.6,sealed_dsv4
35,97,36,166,5,1,0.2,0.008849557522123894,22.6,sealed_dsv4
35,109,36,9,5,1,0.2,0.017699115044247787,11.3,sealed_dsv4
35,109,36,150,5,1,0.2,0.008849557522123894,22.6,sealed_dsv4
35,109,36,175,5,1,0.2,0.008849557522123894,22.6,sealed_dsv4
35,109,36,166,5,1,0.2,0.008849557522123894,22.6,sealed_dsv4
37,240,38,84,7,1,0.14285714285714285,0.01639344262295082,8.714285714285714,sealed_dsv4
38,187,39,250,9,1,0.1111111111111111,0.01652892561983471,6.722222222222221,sealed_dsv4
38,187,39,169,9,1,0.1111111111111111,0.008264462809917356,13.444444444444443,sealed_dsv4
38,187,39,146,9,1,0.1111111111111111,0.024793388429752067,4.481481481481481,sealed_dsv4
38,187,39,0,9,1,0.1111111111111111,0.008264462809917356,13.444444444444443,sealed_dsv4
39,150,40,41,6,1,0.16666666666666666,0.017094017094017096,9.749999999999998,sealed_dsv4
39,150,40,35,6,1,0.16666666666666666,0.03418803418803419,4.874999999999999,sealed_dsv4
41,247,42,30,7,1,0.14285714285714285,0.01652892561983471,8.642857142857142,sealed_dsv4
41,247,42,219,7,1,0.14285714285714285,0.01652892561983471,8.642857142857142,sealed_dsv4
41,247,42,126,7,1,0.14285714285714285,0.008264462809917356,17.285714285714285,sealed_dsv4
41,166,42,126,5,1,0.2,0.008264462809917356,24.2,sealed_dsv4
41,44,42,30,6,1,0.16666666666666666,0.01652892561983471,10.083333333333332,sealed_dsv4
41,44,42,113,6,1,0.16666666666666666,0.03305785123966942,5.041666666666666,sealed_dsv4
41,44,42,252,6,1,0.16666666666666666,0.024793388429752067,6.722222222222221,sealed_dsv4
41,44,42,219,6,1,0.16666666666666666,0.01652892561983471,10.083333333333332,sealed_dsv4
41,44,42,36,6,1,0.16666666666666666,0.03305785123966942,5.041666666666666,sealed_dsv4
41,44,42,126,6,1,0.16666666666666666,0.008264462809917356,20.166666666666664,sealed_dsv4
3,101,4,78,7,1,0.14285714285714285,0.017391304347826087,8.214285714285714,sealed_dsv4
3,101,4,137,7,1,0.14285714285714285,0.008695652173913044,16.428571428571427,sealed_dsv4
3,71,4,78,7,1,0.14285714285714285,0.017391304347826087,8.214285714285714,sealed_dsv4
3,71,4,137,7,1,0.14285714285714285,0.008695652173913044,16.428571428571427,sealed_dsv4
3,202,4,78,7,1,0.14285714285714285,0.017391304347826087,8.214285714285714,sealed_dsv4
3,202,4,137,7,1,0.14285714285714285,0.008695652173913044,16.428571428571427,sealed_dsv4
4,97,5,237,9,1,0.1111111111111111,0.01694915254237288,6.555555555555555,sealed_dsv4
4,8,5,237,8,1,0.125,0.01694915254237288,7.375,sealed_dsv4
5,173,6,80,8,1,0.125,0.017094017094017096,7.312499999999999,sealed_dsv4
5,208,6,80,8,1,0.125,0.017094017094017096,7.312499999999999,sealed_dsv4
5,205,6,80,5,1,0.2,0.017094017094017096,11.7,sealed_dsv4
6,111,7,143,8,1,0.125,0.008264462809917356,15.125,sealed_dsv4
6,111,7,30,8,1,0.125,0.008264462809917356,15.125,sealed_dsv4
6,138,7,143,7,1,0.14285714285714285,0.008264462809917356,17.285714285714285,sealed_dsv4
6,138,7,30,7,1,0.14285714285714285,0.008264462809917356,17.285714285714285,sealed_dsv4
6,53,7,143,10,1,0.1,0.008264462809917356,12.1,sealed_dsv4
6,53,7,30,10,1,0.1,0.008264462809917356,12.1,sealed_dsv4
6,16,7,143,10,1,0.1,0.008264462809917356,12.1,sealed_dsv4
6,16,7,30,10,1,0.1,0.008264462809917356,12.1,sealed_dsv4
7,135,8,152,6,1,0.16666666666666666,0.008547008547008548,19.499999999999996,sealed_dsv4
7,141,8,152,14,1,0.07142857142857142,0.008547008547008548,8.357142857142856,sealed_dsv4
7,140,8,152,8,1,0.125,0.008547008547008548,14.624999999999998,sealed_dsv4
8,200,9,212,8,1,0.125,0.03333333333333333,3.75,sealed_dsv4
8,200,9,235,8,1,0.125,0.016666666666666666,7.5,sealed_dsv4
8,115,9,212,8,1,0.125,0.03333333333333333,3.75,sealed_dsv4
8,146,9,212,7,1,0.14285714285714285,0.03333333333333333,4.285714285714286,sealed_dsv4
8,146,9,126,7,1,0.14285714285714285,0.025,5.7142857142857135,sealed_dsv4
8,161,9,212,5,1,0.2,0.03333333333333333,6.0,sealed_dsv4
8,161,9,126,5,1,0.2,0.025,8.0,sealed_dsv4
8,161,9,235,5,1,0.2,0.016666666666666666,12.0,sealed_dsv4
9,242,10,149,8,1,0.125,0.008695652173913044,14.375,sealed_dsv4
9,242,10,234,8,1,0.125,0.008695652173913044,14.375,sealed_dsv4
9,242,10,238,8,1,0.125,0.02608695652173913,4.791666666666667,sealed_dsv4
10,40,11,71,9,1,0.1111111111111111,0.00847457627118644,13.11111111111111,sealed_dsv4
10,8,11,71,5,1,0.2,0.00847457627118644,23.6,sealed_dsv4
11,232,12,86,7,1,0.14285714285714285,0.025210084033613446,5.666666666666666,sealed_dsv4
11,171,12,144,6,1,0.16666666666666666,0.025210084033613446,6.611111111111111,sealed_dsv4
12,122,13,236,9,1,0.1111111111111111,0.017241379310344827,6.444444444444444,sealed_dsv4
12,43,13,236,6,1,0.16666666666666666,0.017241379310344827,9.666666666666666,sealed_dsv4
12,41,13,236,13,1,0.07692307692307693,0.017241379310344827,4.461538461538462,sealed_dsv4
12,142,13,103,6,1,0.16666666666666666,0.034482758620689655,4.833333333333333,sealed_dsv4
12,142,13,236,6,1,0.16666666666666666,0.017241379310344827,9.666666666666666,sealed_dsv4
14,1,15,255,9,1,0.1111111111111111,0.008333333333333333,13.333333333333332,sealed_dsv4
14,1,15,242,9,1,0.1111111111111111,0.016666666666666666,6.666666666666666,sealed_dsv4
14,49,15,255,8,1,0.125,0.008333333333333333,15.0,sealed_dsv4
14,245,15,255,6,1,0.16666666666666666,0.008333333333333333,20.0,sealed_dsv4
14,245,15,242,6,1,0.16666666666666666,0.016666666666666666,10.0,sealed_dsv4
14,235,15,255,6,1,0.16666666666666666,0.008333333333333333,20.0,sealed_dsv4
16,57,17,220,6,1,0.16666666666666666,0.044642857142857144,3.733333333333333,sealed_dsv4
16,255,17,220,6,1,0.16666666666666666,0.044642857142857144,3.733333333333333,sealed_dsv4
16,176,17,220,6,1,0.16666666666666666,0.044642857142857144,3.733333333333333,sealed_dsv4
17,61,18,99,8,1,0.125,0.008695652173913044,14.375,sealed_dsv4
17,104,18,99,5,1,0.2,0.008695652173913044,23.0,sealed_dsv4
17,104,18,173,5,1,0.2,0.017391304347826087,11.5,sealed_dsv4
17,104,18,66,5,1,0.2,0.02608695652173913,7.666666666666668,sealed_dsv4
17,3,18,99,13,1,0.07692307692307693,0.008695652173913044,8.846153846153847,sealed_dsv4
17,220,18,99,5,1,0.2,0.008695652173913044,23.0,sealed_dsv4
17,220,18,209,5,1,0.2,0.043478260869565216,4.6000000000000005,sealed_dsv4
17,220,18,173,5,1,0.2,0.017391304347826087,11.5,sealed_dsv4
17,108,18,99,5,1,0.2,0.008695652173913044,23.0,sealed_dsv4
17,108,18,173,5,1,0.2,0.017391304347826087,11.5,sealed_dsv4
17,108,18,66,5,1,0.2,0.02608695652173913,7.666666666666668,sealed_dsv4
18,166,19,202,8,1,0.125,0.01639344262295082,7.625,sealed_dsv4
18,166,19,221,8,1,0.125,0.02459016393442623,5.083333333333333,sealed_dsv4
18,209,19,202,5,1,0.2,0.01639344262295082,12.2,sealed_dsv4
18,209,19,221,5,1,0.2,0.02459016393442623,8.133333333333335,sealed_dsv4
18,75,19,202,14,1,0.07142857142857142,0.01639344262295082,4.357142857142857,sealed_dsv4
18,75,19,221,14,1,0.07142857142857142,0.02459016393442623,2.9047619047619047,sealed_dsv4
19,10,20,109,5,1,0.2,0.02586206896551724,7.733333333333334,sealed_dsv4
19,10,20,196,5,1,0.2,0.034482758620689655,5.800000000000001,sealed_dsv4
19,10,20,81,5,1,0.2,0.017241379310344827,11.600000000000001,sealed_dsv4
19,181,20,81,7,1,0.14285714285714285,0.017241379310344827,8.285714285714285,sealed_dsv4
20,187,21,16,10,1,0.1,0.017094017094017096,5.85,sealed_dsv4
20,140,21,16,5,1,0.2,0.017094017094017096,11.7,sealed_dsv4
20,140,21,99,5,1,0.2,0.03418803418803419,5.85,sealed_dsv4
20,140,21,20,5,1,0.2,0.02564102564102564,7.800000000000001,sealed_dsv4
20,6,21,16,8,1,0.125,0.017094017094017096,7.312499999999999,sealed_dsv4
21,49,22,200,6,1,0.16666666666666666,0.02586206896551724,6.444444444444444,sealed_dsv4
21,49,22,149,6,1,0.16666666666666666,0.017241379310344827,9.666666666666666,sealed_dsv4
21,155,22,149,10,1,0.1,0.017241379310344827,5.800000000000001,sealed_dsv4
21,167,22,200,7,1,0.14285714285714285,0.02586206896551724,5.523809523809524,sealed_dsv4
21,167,22,149,7,1,0.14285714285714285,0.017241379310344827,8.285714285714285,sealed_dsv4
22,13,23,17,9,1,0.1111111111111111,0.01694915254237288,6.555555555555555,sealed_dsv4
22,136,23,165,7,1,0.14285714285714285,0.03389830508474576,4.214285714285714,sealed_dsv4
22,136,23,60,7,1,0.14285714285714285,0.03389830508474576,4.214285714285714,sealed_dsv4
22,136,23,242,7,1,0.14285714285714285,0.025423728813559324,5.619047619047619,sealed_dsv4
22,136,23,118,7,1,0.14285714285714285,0.025423728813559324,5.619047619047619,sealed_dsv4
22,136,23,17,7,1,0.14285714285714285,0.01694915254237288,8.428571428571429,sealed_dsv4
24,168,25,90,16,1,0.0625,0.008771929824561403,7.125,sealed_dsv4
24,168,25,136,16,1,0.0625,0.008771929824561403,7.125,sealed_dsv4
24,168,25,156,16,1,0.0625,0.008771929824561403,7.125,sealed_dsv4
24,254,25,90,6,1,0.16666666666666666,0.008771929824561403,19.0,sealed_dsv4
24,254,25,136,6,1,0.16666666666666666,0.008771929824561403,19.0,sealed_dsv4
24,254,25,111,6,1,0.16666666666666666,0.017543859649122806,9.5,sealed_dsv4
24,254,25,156,6,1,0.16666666666666666,0.008771929824561403,19.0,sealed_dsv4
24,206,25,90,6,1,0.16666666666666666,0.008771929824561403,19.0,sealed_dsv4
24,206,25,136,6,1,0.16666666666666666,0.008771929824561403,19.0,sealed_dsv4
24,206,25,111,6,1,0.16666666666666666,0.017543859649122806,9.5,sealed_dsv4
24,206,25,156,6,1,0.16666666666666666,0.008771929824561403,19.0,sealed_dsv4
25,0,26,167,16,1,0.0625,0.008403361344537815,7.4375,sealed_dsv4
25,0,26,188,16,1,0.0625,0.008403361344537815,7.4375,sealed_dsv4
26,98,27,203,15,1,0.06666666666666667,0.008333333333333333,8.0,sealed_dsv4
27,5,28,234,16,1,0.0625,0.008264462809917356,7.5625,sealed_dsv4
27,5,28,253,16,1,0.0625,0.008264462809917356,7.5625,sealed_dsv4
27,5,28,241,16,1,0.0625,0.008264462809917356,7.5625,sealed_dsv4
28,160,29,79,16,1,0.0625,0.008130081300813009,7.687499999999999,sealed_dsv4
28,160,29,213,16,1,0.0625,0.008130081300813009,7.687499999999999,sealed_dsv4
28,179,29,79,9,1,0.1111111111111111,0.008130081300813009,13.666666666666664,sealed_dsv4
28,179,29,213,9,1,0.1111111111111111,0.008130081300813009,13.666666666666664,sealed_dsv4
29,215,30,17,6,1,0.16666666666666666,0.017094017094017096,9.749999999999998,sealed_dsv4
29,33,30,17,5,1,0.2,0.017094017094017096,11.7,sealed_dsv4
29,33,30,221,5,1,0.2,0.02564102564102564,7.800000000000001,sealed_dsv4
29,210,30,17,14,1,0.07142857142857142,0.017094017094017096,4.178571428571428,sealed_dsv4
30,113,31,39,12,1,0.08333333333333333,0.01694915254237288,4.916666666666666,sealed_dsv4
30,113,31,247,12,1,0.08333333333333333,0.00847457627118644,9.833333333333332,sealed_dsv4
30,113,31,88,12,1,0.08333333333333333,0.01694915254237288,4.916666666666666,sealed_dsv4
30,117,31,135,12,1,0.08333333333333333,0.01694915254237288,4.916666666666666,sealed_dsv4
30,117,31,247,12,1,0.08333333333333333,0.00847457627118644,9.833333333333332,sealed_dsv4
30,35,31,39,12,1,0.08333333333333333,0.01694915254237288,4.916666666666666,sealed_dsv4
30,35,31,247,12,1,0.08333333333333333,0.00847457627118644,9.833333333333332,sealed_dsv4
30,35,31,88,12,1,0.08333333333333333,0.01694915254237288,4.916666666666666,sealed_dsv4
31,10,32,212,15,1,0.06666666666666667,0.008771929824561403,7.6000000000000005,sealed_dsv4
31,10,32,143,15,1,0.06666666666666667,0.008771929824561403,7.6000000000000005,sealed_dsv4
31,10,32,52,15,1,0.06666666666666667,0.008771929824561403,7.6000000000000005,sealed_dsv4
31,10,32,162,15,1,0.06666666666666667,0.008771929824561403,7.6000000000000005,sealed_dsv4
31,126,32,212,15,1,0.06666666666666667,0.008771929824561403,7.6000000000000005,sealed_dsv4
31,126,32,143,15,1,0.06666666666666667,0.008771929824561403,7.6000000000000005,sealed_dsv4
31,126,32,52,15,1,0.06666666666666667,0.008771929824561403,7.6000000000000005,sealed_dsv4
31,126,32,162,15,1,0.06666666666666667,0.008771929824561403,7.6000000000000005,sealed_dsv4
32,238,33,69,11,1,0.09090909090909091,0.00847457627118644,10.727272727272728,sealed_dsv4
32,238,33,171,11,1,0.09090909090909091,0.00847457627118644,10.727272727272728,sealed_dsv4
32,238,33,242,11,1,0.09090909090909091,0.01694915254237288,5.363636363636364,sealed_dsv4
33,255,34,92,15,1,0.06666666666666667,0.01694915254237288,3.933333333333333,sealed_dsv4
33,255,34,232,15,1,0.06666666666666667,0.00847457627118644,7.866666666666666,sealed_dsv4
33,255,34,60,15,1,0.06666666666666667,0.00847457627118644,7.866666666666666,sealed_dsv4
33,48,34,92,5,1,0.2,0.01694915254237288,11.8,sealed_dsv4
33,48,34,232,5,1,0.2,0.00847457627118644,23.6,sealed_dsv4
33,48,34,60,5,1,0.2,0.00847457627118644,23.6,sealed_dsv4
34,11,35,155,15,1,0.06666666666666667,0.008130081300813009,8.2,sealed_dsv4
34,246,35,155,8,1,0.125,0.008130081300813009,15.374999999999998,sealed_dsv4
35,97,36,70,5,1,0.2,0.008849557522123894,22.6,sealed_dsv4
35,97,36,153,5,1,0.2,0.008849557522123894,22.6,sealed_dsv4
35,97,36,19,5,1,0.2,0.008849557522123894,22.6,sealed_dsv4
35,97,36,244,5,1,0.2,0.008849557522123894,22.6,sealed_dsv4
35,84,36,70,6,1,0.16666666666666666,0.008849557522123894,18.833333333333332,sealed_dsv4
35,84,36,153,6,1,0.16666666666666666,0.008849557522123894,18.833333333333332,sealed_dsv4
35,84,36,19,6,1,0.16666666666666666,0.008849557522123894,18.833333333333332,sealed_dsv4
35,84,36,244,6,1,0.16666666666666666,0.008849557522123894,18.833333333333332,sealed_dsv4
35,109,36,70,5,1,0.2,0.008849557522123894,22.6,sealed_dsv4
35,109,36,153,5,1,0.2,0.008849557522123894,22.6,sealed_dsv4
35,109,36,128,5,1,0.2,0.017699115044247787,11.3,sealed_dsv4
35,109,36,19,5,1,0.2,0.008849557522123894,22.6,sealed_dsv4
35,109,36,244,5,1,0.2,0.008849557522123894,22.6,sealed_dsv4
37,240,38,147,7,1,0.14285714285714285,0.01639344262295082,8.714285714285714,sealed_dsv4
37,240,38,169,7,1,0.14285714285714285,0.00819672131147541,17.428571428571427,sealed_dsv4
37,240,38,72,7,1,0.14285714285714285,0.00819672131147541,17.428571428571427,sealed_dsv4
39,179,40,29,11,1,0.09090909090909091,0.017094017094017096,5.3181818181818175,sealed_dsv4
39,150,40,29,6,1,0.16666666666666666,0.017094017094017096,9.749999999999998,sealed_dsv4
41,247,42,186,7,1,0.14285714285714285,0.008264462809917356,17.285714285714285,sealed_dsv4
41,247,42,100,7,1,0.14285714285714285,0.008264462809917356,17.285714285714285,sealed_dsv4
41,247,42,12,7,1,0.14285714285714285,0.008264462809917356,17.285714285714285,sealed_dsv4
41,247,42,42,7,1,0.14285714285714285,0.008264462809917356,17.285714285714285,sealed_dsv4
41,166,42,186,5,1,0.2,0.008264462809917356,24.2,sealed_dsv4
41,166,42,100,5,1,0.2,0.008264462809917356,24.2,sealed_dsv4
41,166,42,12,5,1,0.2,0.008264462809917356,24.2,sealed_dsv4
41,166,42,42,5,1,0.2,0.008264462809917356,24.2,sealed_dsv4
3,135,4,170,10,1,0.1,0.008695652173913044,11.5,sealed_dsv4
3,135,4,30,10,1,0.1,0.02608695652173913,3.833333333333334,sealed_dsv4
3,135,4,61,10,1,0.1,0.008695652173913044,11.5,sealed_dsv4
5,52,6,109,14,1,0.07142857142857142,0.008547008547008548,8.357142857142856,sealed_dsv4
5,52,6,50,14,1,0.07142857142857142,0.008547008547008548,8.357142857142856,sealed_dsv4
5,52,6,195,14,1,0.07142857142857142,0.008547008547008548,8.357142857142856,sealed_dsv4
5,120,6,109,5,1,0.2,0.008547008547008548,23.4,sealed_dsv4
5,120,6,50,5,1,0.2,0.008547008547008548,23.4,sealed_dsv4
5,120,6,195,5,1,0.2,0.008547008547008548,23.4,sealed_dsv4
5,46,6,109,5,1,0.2,0.008547008547008548,23.4,sealed_dsv4
5,46,6,50,5,1,0.2,0.008547008547008548,23.4,sealed_dsv4
5,46,6,195,5,1,0.2,0.008547008547008548,23.4,sealed_dsv4
5,173,6,109,8,1,0.125,0.008547008547008548,14.624999999999998,sealed_dsv4
5,173,6,50,8,1,0.125,0.008547008547008548,14.624999999999998,sealed_dsv4
5,173,6,195,8,1,0.125,0.008547008547008548,14.624999999999998,sealed_dsv4
7,133,8,30,7,1,0.14285714285714285,0.017094017094017096,8.357142857142856,sealed_dsv4
8,71,9,116,9,1,0.1111111111111111,0.008333333333333333,13.333333333333332,sealed_dsv4
8,71,9,102,9,1,0.1111111111111111,0.008333333333333333,13.333333333333332,sealed_dsv4
8,232,9,116,10,1,0.1,0.008333333333333333,12.0,sealed_dsv4
8,232,9,102,10,1,0.1,0.008333333333333333,12.0,sealed_dsv4
8,189,9,116,8,1,0.125,0.008333333333333333,15.0,sealed_dsv4
8,189,9,102,8,1,0.125,0.008333333333333333,15.0,sealed_dsv4
8,16,9,116,11,1,0.09090909090909091,0.008333333333333333,10.90909090909091,sealed_dsv4
8,16,9,102,11,1,0.09090909090909091,0.008333333333333333,10.90909090909091,sealed_dsv4
9,219,10,62,10,1,0.1,0.008695652173913044,11.5,sealed_dsv4
9,77,10,62,8,1,0.125,0.008695652173913044,14.375,sealed_dsv4
10,35,11,176,6,1,0.16666666666666666,0.00847457627118644,19.666666666666664,sealed_dsv4
10,35,11,192,6,1,0.16666666666666666,0.00847457627118644,19.666666666666664,sealed_dsv4
10,35,11,223,6,1,0.16666666666666666,0.00847457627118644,19.666666666666664,sealed_dsv4
10,228,11,176,9,1,0.1111111111111111,0.00847457627118644,13.11111111111111,sealed_dsv4
10,228,11,192,9,1,0.1111111111111111,0.00847457627118644,13.11111111111111,sealed_dsv4
10,228,11,223,9,1,0.1111111111111111,0.00847457627118644,13.11111111111111,sealed_dsv4
10,40,11,176,9,1,0.1111111111111111,0.00847457627118644,13.11111111111111,sealed_dsv4
10,40,11,219,9,1,0.1111111111111111,0.01694915254237288,6.555555555555555,sealed_dsv4
10,40,11,192,9,1,0.1111111111111111,0.00847457627118644,13.11111111111111,sealed_dsv4
10,40,11,223,9,1,0.1111111111111111,0.00847457627118644,13.11111111111111,sealed_dsv4
11,9,12,168,14,1,0.07142857142857142,0.01680672268907563,4.25,sealed_dsv4
11,9,12,48,14,1,0.07142857142857142,0.008403361344537815,8.5,sealed_dsv4
11,9,12,39,14,1,0.07142857142857142,0.008403361344537815,8.5,sealed_dsv4
12,41,13,185,13,1,0.07692307692307693,0.008620689655172414,8.923076923076923,sealed_dsv4
12,41,13,199,13,1,0.07692307692307693,0.008620689655172414,8.923076923076923,sealed_dsv4
13,251,14,55,9,1,0.1111111111111111,0.008771929824561403,12.666666666666666,sealed_dsv4
13,125,14,55,10,1,0.1,0.008771929824561403,11.400000000000002,sealed_dsv4
14,234,15,17,6,1,0.16666666666666666,0.008333333333333333,20.0,sealed_dsv4
14,234,15,222,6,1,0.16666666666666666,0.008333333333333333,20.0,sealed_dsv4
14,234,15,148,6,1,0.16666666666666666,0.008333333333333333,20.0,sealed_dsv4
14,234,15,160,6,1,0.16666666666666666,0.008333333333333333,20.0,sealed_dsv4
14,143,15,17,5,1,0.2,0.008333333333333333,24.0,sealed_dsv4
14,143,15,222,5,1,0.2,0.008333333333333333,24.0,sealed_dsv4
14,143,15,148,5,1,0.2,0.008333333333333333,24.0,sealed_dsv4
14,143,15,160,5,1,0.2,0.008333333333333333,24.0,sealed_dsv4
14,80,15,17,6,1,0.16666666666666666,0.008333333333333333,20.0,sealed_dsv4
14,80,15,222,6,1,0.16666666666666666,0.008333333333333333,20.0,sealed_dsv4
14,80,15,148,6,1,0.16666666666666666,0.008333333333333333,20.0,sealed_dsv4
14,80,15,160,6,1,0.16666666666666666,0.008333333333333333,20.0,sealed_dsv4
14,62,15,17,6,1,0.16666666666666666,0.008333333333333333,20.0,sealed_dsv4
14,62,15,222,6,1,0.16666666666666666,0.008333333333333333,20.0,sealed_dsv4
14,62,15,148,6,1,0.16666666666666666,0.008333333333333333,20.0,sealed_dsv4
14,62,15,160,6,1,0.16666666666666666,0.008333333333333333,20.0,sealed_dsv4
15,209,16,212,5,1,0.2,0.008620689655172414,23.200000000000003,sealed_dsv4
16,96,17,166,8,1,0.125,0.017857142857142856,7.0,sealed_dsv4
16,96,17,217,8,1,0.125,0.008928571428571428,14.0,sealed_dsv4
16,92,17,217,10,1,0.1,0.008928571428571428,11.200000000000001,sealed_dsv4
16,162,17,245,5,1,0.2,0.017857142857142856,11.200000000000001,sealed_dsv4
16,162,17,166,5,1,0.2,0.017857142857142856,11.200000000000001,sealed_dsv4
16,162,17,217,5,1,0.2,0.008928571428571428,22.400000000000002,sealed_dsv4
17,93,18,199,8,1,0.125,0.008695652173913044,14.375,sealed_dsv4
17,93,18,97,8,1,0.125,0.008695652173913044,14.375,sealed_dsv4
17,112,18,199,10,1,0.1,0.008695652173913044,11.5,sealed_dsv4
17,112,18,97,10,1,0.1,0.008695652173913044,11.5,sealed_dsv4
17,3,18,199,13,1,0.07692307692307693,0.008695652173913044,8.846153846153847,sealed_dsv4
17,3,18,97,13,1,0.07692307692307693,0.008695652173913044,8.846153846153847,sealed_dsv4
18,122,19,202,8,1,0.125,0.01639344262295082,7.625,sealed_dsv4
18,122,19,111,8,1,0.125,0.00819672131147541,15.25,sealed_dsv4
18,122,19,120,8,1,0.125,0.00819672131147541,15.25,sealed_dsv4
19,78,20,129,6,1,0.16666666666666666,0.034482758620689655,4.833333333333333,sealed_dsv4
19,78,20,31,6,1,0.16666666666666666,0.008620689655172414,19.333333333333332,sealed_dsv4
19,78,20,112,6,1,0.16666666666666666,0.034482758620689655,4.833333333333333,sealed_dsv4
19,78,20,85,6,1,0.16666666666666666,0.008620689655172414,19.333333333333332,sealed_dsv4
21,201,22,136,5,1,0.2,0.0603448275862069,3.3142857142857145,sealed_dsv4
21,201,22,66,5,1,0.2,0.06896551724137931,2.9000000000000004,sealed_dsv4
21,201,22,181,5,1,0.2,0.008620689655172414,23.200000000000003,sealed_dsv4
21,201,22,99,5,1,0.2,0.008620689655172414,23.200000000000003,sealed_dsv4
21,155,22,181,10,1,0.1,0.008620689655172414,11.600000000000001,sealed_dsv4
21,155,22,99,10,1,0.1,0.008620689655172414,11.600000000000001,sealed_dsv4
21,167,22,253,7,1,0.14285714285714285,0.017241379310344827,8.285714285714285,sealed_dsv4
21,167,22,181,7,1,0.14285714285714285,0.008620689655172414,16.57142857142857,sealed_dsv4
21,167,22,99,7,1,0.14285714285714285,0.008620689655172414,16.57142857142857,sealed_dsv4
22,123,23,64,15,1,0.06666666666666667,0.01694915254237288,3.933333333333333,sealed_dsv4
22,136,23,64,7,1,0.14285714285714285,0.01694915254237288,8.428571428571429,sealed_dsv4
22,66,23,64,8,1,0.125,0.01694915254237288,7.375,sealed_dsv4
23,235,24,198,10,1,0.1,0.008620689655172414,11.600000000000001,sealed_dsv4
23,235,24,237,10,1,0.1,0.008620689655172414,11.600000000000001,sealed_dsv4
23,77,24,198,9,1,0.1111111111111111,0.008620689655172414,12.888888888888888,sealed_dsv4
23,77,24,237,9,1,0.1111111111111111,0.008620689655172414,12.888888888888888,sealed_dsv4
23,175,24,198,9,1,0.1111111111111111,0.008620689655172414,12.888888888888888,sealed_dsv4
23,175,24,237,9,1,0.1111111111111111,0.008620689655172414,12.888888888888888,sealed_dsv4
23,74,24,198,7,1,0.14285714285714285,0.008620689655172414,16.57142857142857,sealed_dsv4
23,74,24,237,7,1,0.14285714285714285,0.008620689655172414,16.57142857142857,sealed_dsv4
24,168,25,44,16,1,0.0625,0.008771929824561403,7.125,sealed_dsv4
24,206,25,44,6,1,0.16666666666666666,0.008771929824561403,19.0,sealed_dsv4
25,143,26,95,10,1,0.1,0.008403361344537815,11.9,sealed_dsv4
25,0,26,95,16,1,0.0625,0.008403361344537815,7.4375,sealed_dsv4
25,48,26,95,11,1,0.09090909090909091,0.008403361344537815,10.818181818181818,sealed_dsv4
25,120,26,95,11,1,0.09090909090909091,0.008403361344537815,10.818181818181818,sealed_dsv4
26,98,27,220,15,1,0.06666666666666667,0.008333333333333333,8.0,sealed_dsv4
26,98,27,121,15,1,0.06666666666666667,0.008333333333333333,8.0,sealed_dsv4
26,152,27,220,7,1,0.14285714285714285,0.008333333333333333,17.142857142857142,sealed_dsv4
26,152,27,121,7,1,0.14285714285714285,0.008333333333333333,17.142857142857142,sealed_dsv4
26,191,27,220,7,1,0.14285714285714285,0.008333333333333333,17.142857142857142,sealed_dsv4
26,191,27,121,7,1,0.14285714285714285,0.008333333333333333,17.142857142857142,sealed_dsv4
26,41,27,220,8,1,0.125,0.008333333333333333,15.0,sealed_dsv4
26,41,27,121,8,1,0.125,0.008333333333333333,15.0,sealed_dsv4
27,5,28,149,16,1,0.0625,0.008264462809917356,7.5625,sealed_dsv4
27,253,28,149,11,1,0.09090909090909091,0.008264462809917356,11.0,sealed_dsv4
27,177,28,149,7,1,0.14285714285714285,0.008264462809917356,17.285714285714285,sealed_dsv4
29,41,30,228,8,1,0.125,0.017094017094017096,7.312499999999999,sealed_dsv4
29,58,30,228,8,1,0.125,0.017094017094017096,7.312499999999999,sealed_dsv4
30,117,31,164,12,1,0.08333333333333333,0.00847457627118644,9.833333333333332,sealed_dsv4
30,117,31,89,12,1,0.08333333333333333,0.00847457627118644,9.833333333333332,sealed_dsv4
30,113,31,164,12,1,0.08333333333333333,0.00847457627118644,9.833333333333332,sealed_dsv4
30,113,31,89,12,1,0.08333333333333333,0.00847457627118644,9.833333333333332,sealed_dsv4
30,35,31,164,12,1,0.08333333333333333,0.00847457627118644,9.833333333333332,sealed_dsv4
30,35,31,89,12,1,0.08333333333333333,0.00847457627118644,9.833333333333332,sealed_dsv4
32,135,33,37,15,1,0.06666666666666667,0.00847457627118644,7.866666666666666,sealed_dsv4
32,238,33,37,11,1,0.09090909090909091,0.00847457627118644,10.727272727272728,sealed_dsv4
32,12,33,100,6,1,0.16666666666666666,0.025423728813559324,6.5555555555555545,sealed_dsv4
32,12,33,37,6,1,0.16666666666666666,0.00847457627118644,19.666666666666664,sealed_dsv4
32,109,33,37,14,1,0.07142857142857142,0.00847457627118644,8.428571428571429,sealed_dsv4
32,178,33,37,8,1,0.125,0.00847457627118644,14.75,sealed_dsv4
32,83,33,37,13,1,0.07692307692307693,0.00847457627118644,9.076923076923077,sealed_dsv4
33,47,34,155,8,1,0.125,0.01694915254237288,7.375,sealed_dsv4
34,122,35,182,9,1,0.1111111111111111,0.016260162601626018,6.833333333333332,sealed_dsv4
34,246,35,238,8,1,0.125,0.032520325203252036,3.8437499999999996,sealed_dsv4
34,246,35,135,8,1,0.125,0.04065040650406504,3.075,sealed_dsv4
34,246,35,63,8,1,0.125,0.04065040650406504,3.075,sealed_dsv4
34,246,35,182,8,1,0.125,0.016260162601626018,7.687499999999999,sealed_dsv4
35,129,36,39,8,1,0.125,0.008849557522123894,14.125,sealed_dsv4
35,135,36,39,5,1,0.2,0.008849557522123894,22.6,sealed_dsv4
35,63,36,231,5,1,0.2,0.02654867256637168,7.533333333333334,sealed_dsv4
35,63,36,39,5,1,0.2,0.008849557522123894,22.6,sealed_dsv4
35,63,36,135,5,1,0.2,0.02654867256637168,7.533333333333334,sealed_dsv4
36,10,37,174,8,1,0.125,0.008547008547008548,14.624999999999998,sealed_dsv4
36,229,37,253,9,1,0.1111111111111111,0.017094017094017096,6.499999999999999,sealed_dsv4
36,229,37,174,9,1,0.1111111111111111,0.008547008547008548,12.999999999999998,sealed_dsv4
36,5,37,174,11,1,0.09090909090909091,0.008547008547008548,10.636363636363635,sealed_dsv4
39,179,40,230,11,1,0.09090909090909091,0.03418803418803419,2.6590909090909087,sealed_dsv4
39,179,40,209,11,1,0.09090909090909091,0.017094017094017096,5.3181818181818175,sealed_dsv4
39,159,40,230,6,1,0.16666666666666666,0.03418803418803419,4.874999999999999,sealed_dsv4
39,159,40,209,6,1,0.16666666666666666,0.017094017094017096,9.749999999999998,sealed_dsv4
40,205,41,84,8,1,0.125,0.008333333333333333,15.0,sealed_dsv4
40,205,41,179,8,1,0.125,0.016666666666666666,7.5,sealed_dsv4
40,205,41,223,8,1,0.125,0.008333333333333333,15.0,sealed_dsv4
41,166,42,48,5,1,0.2,0.008264462809917356,24.2,sealed_dsv4
41,166,42,92,5,1,0.2,0.008264462809917356,24.2,sealed_dsv4
41,166,42,181,5,1,0.2,0.008264462809917356,24.2,sealed_dsv4
3,135,4,227,10,1,0.1,0.008695652173913044,11.5,sealed_dsv4
4,233,5,166,11,1,0.09090909090909091,0.01694915254237288,5.363636363636364,sealed_dsv4
4,233,5,2,11,1,0.09090909090909091,0.00847457627118644,10.727272727272728,sealed_dsv4
4,233,5,43,11,1,0.09090909090909091,0.00847457627118644,10.727272727272728,sealed_dsv4
4,46,5,2,9,1,0.1111111111111111,0.00847457627118644,13.11111111111111,sealed_dsv4
4,46,5,43,9,1,0.1111111111111111,0.00847457627118644,13.11111111111111,sealed_dsv4
5,52,6,228,14,1,0.07142857142857142,0.008547008547008548,8.357142857142856,sealed_dsv4
5,52,6,55,14,1,0.07142857142857142,0.008547008547008548,8.357142857142856,sealed_dsv4
5,173,6,228,8,1,0.125,0.008547008547008548,14.624999999999998,sealed_dsv4
5,173,6,55,8,1,0.125,0.008547008547008548,14.624999999999998,sealed_dsv4
6,39,7,224,10,1,0.1,0.008264462809917356,12.1,sealed_dsv4
6,39,7,220,10,1,0.1,0.008264462809917356,12.1,sealed_dsv4
6,252,7,224,6,1,0.16666666666666666,0.008264462809917356,20.166666666666664,sealed_dsv4
6,252,7,220,6,1,0.16666666666666666,0.008264462809917356,20.166666666666664,sealed_dsv4
7,180,8,90,9,1,0.1111111111111111,0.008547008547008548,12.999999999999998,sealed_dsv4
7,141,8,90,14,1,0.07142857142857142,0.008547008547008548,8.357142857142856,sealed_dsv4
7,95,8,90,9,1,0.1111111111111111,0.008547008547008548,12.999999999999998,sealed_dsv4
7,133,8,90,7,1,0.14285714285714285,0.008547008547008548,16.71428571428571,sealed_dsv4
8,242,9,61,5,1,0.2,0.016666666666666666,12.0,sealed_dsv4
8,242,9,181,5,1,0.2,0.016666666666666666,12.0,sealed_dsv4
8,242,9,77,5,1,0.2,0.06666666666666667,3.0,sealed_dsv4
9,219,10,189,10,1,0.1,0.008695652173913044,11.5,sealed_dsv4
9,219,10,180,10,1,0.1,0.008695652173913044,11.5,sealed_dsv4
9,77,10,189,8,1,0.125,0.008695652173913044,14.375,sealed_dsv4
9,77,10,96,8,1,0.125,0.017391304347826087,7.1875,sealed_dsv4
9,77,10,180,8,1,0.125,0.008695652173913044,14.375,sealed_dsv4
9,77,10,165,8,1,0.125,0.02608695652173913,4.791666666666667,sealed_dsv4
10,76,11,201,6,1,0.16666666666666666,0.00847457627118644,19.666666666666664,sealed_dsv4
10,76,11,207,6,1,0.16666666666666666,0.00847457627118644,19.666666666666664,sealed_dsv4
10,228,11,201,9,1,0.1111111111111111,0.00847457627118644,13.11111111111111,sealed_dsv4
10,228,11,207,9,1,0.1111111111111111,0.00847457627118644,13.11111111111111,sealed_dsv4
11,171,12,88,6,1,0.16666666666666666,0.008403361344537815,19.833333333333332,sealed_dsv4
11,9,12,88,14,1,0.07142857142857142,0.008403361344537815,8.5,sealed_dsv4
12,41,13,18,13,1,0.07692307692307693,0.008620689655172414,8.923076923076923,sealed_dsv4
12,41,13,213,13,1,0.07692307692307693,0.008620689655172414,8.923076923076923,sealed_dsv4
13,251,14,214,9,1,0.1111111111111111,0.017543859649122806,6.333333333333333,sealed_dsv4
14,80,15,228,6,1,0.16666666666666666,0.008333333333333333,20.0,sealed_dsv4
14,105,15,228,6,1,0.16666666666666666,0.008333333333333333,20.0,sealed_dsv4
14,41,15,228,7,1,0.14285714285714285,0.008333333333333333,17.142857142857142,sealed_dsv4
16,92,17,83,10,1,0.1,0.008928571428571428,11.200000000000001,sealed_dsv4
16,162,17,218,5,1,0.2,0.017857142857142856,11.200000000000001,sealed_dsv4
16,162,17,83,5,1,0.2,0.008928571428571428,22.400000000000002,sealed_dsv4
16,96,17,83,8,1,0.125,0.008928571428571428,14.0,sealed_dsv4
17,93,18,58,8,1,0.125,0.017391304347826087,7.1875,sealed_dsv4
18,75,19,215,14,1,0.07142857142857142,0.00819672131147541,8.714285714285714,sealed_dsv4
18,79,19,215,5,1,0.2,0.00819672131147541,24.4,sealed_dsv4
18,79,19,190,5,1,0.2,0.01639344262295082,12.2,sealed_dsv4
18,122,19,219,8,1,0.125,0.01639344262295082,7.625,sealed_dsv4
18,122,19,231,8,1,0.125,0.01639344262295082,7.625,sealed_dsv4
18,122,19,215,8,1,0.125,0.00819672131147541,15.25,sealed_dsv4
18,122,19,190,8,1,0.125,0.01639344262295082,7.625,sealed_dsv4
19,78,20,124,6,1,0.16666666666666666,0.008620689655172414,19.333333333333332,sealed_dsv4
19,78,20,196,6,1,0.16666666666666666,0.034482758620689655,4.833333333333333,sealed_dsv4
20,182,21,20,5,1,0.2,0.02564102564102564,7.800000000000001,sealed_dsv4
20,182,21,136,5,1,0.2,0.02564102564102564,7.800000000000001,sealed_dsv4
20,182,21,67,5,1,0.2,0.017094017094017096,11.7,sealed_dsv4
20,182,21,99,5,1,0.2,0.03418803418803419,5.85,sealed_dsv4
20,6,21,75,8,1,0.125,0.042735042735042736,2.925,sealed_dsv4
20,6,21,136,8,1,0.125,0.02564102564102564,4.875,sealed_dsv4
20,6,21,67,8,1,0.125,0.017094017094017096,7.312499999999999,sealed_dsv4
20,187,21,67,10,1,0.1,0.017094017094017096,5.85,sealed_dsv4
20,87,21,20,5,1,0.2,0.02564102564102564,7.800000000000001,sealed_dsv4
20,87,21,75,5,1,0.2,0.042735042735042736,4.680000000000001,sealed_dsv4
20,87,21,67,5,1,0.2,0.017094017094017096,11.7,sealed_dsv4
20,87,21,99,5,1,0.2,0.03418803418803419,5.85,sealed_dsv4
21,75,22,200,5,1,0.2,0.02586206896551724,7.733333333333334,sealed_dsv4
21,75,22,66,5,1,0.2,0.06896551724137931,2.9000000000000004,sealed_dsv4
22,13,23,191,9,1,0.1111111111111111,0.01694915254237288,6.555555555555555,sealed_dsv4
22,66,23,191,8,1,0.125,0.01694915254237288,7.375,sealed_dsv4
22,125,23,191,6,1,0.16666666666666666,0.01694915254237288,9.833333333333332,sealed_dsv4
22,125,23,0,6,1,0.16666666666666666,0.03389830508474576,4.916666666666666,sealed_dsv4
23,235,24,7,10,1,0.1,0.02586206896551724,3.866666666666667,sealed_dsv4
23,235,24,69,10,1,0.1,0.008620689655172414,11.600000000000001,sealed_dsv4
23,175,24,69,9,1,0.1111111111111111,0.008620689655172414,12.888888888888888,sealed_dsv4
23,175,24,58,9,1,0.1111111111111111,0.02586206896551724,4.296296296296296,sealed_dsv4
23,77,24,7,9,1,0.1111111111111111,0.02586206896551724,4.296296296296296,sealed_dsv4
23,77,24,69,9,1,0.1111111111111111,0.008620689655172414,12.888888888888888,sealed_dsv4
24,153,25,74,6,1,0.16666666666666666,0.02631578947368421,6.333333333333333,sealed_dsv4
25,98,26,218,6,1,0.16666666666666666,0.025210084033613446,6.611111111111111,sealed_dsv4
25,175,26,218,7,1,0.14285714285714285,0.025210084033613446,5.666666666666666,sealed_dsv4
25,48,26,218,11,1,0.09090909090909091,0.025210084033613446,3.606060606060606,sealed_dsv4
25,48,26,101,11,1,0.09090909090909091,0.025210084033613446,3.606060606060606,sealed_dsv4
25,143,26,218,10,1,0.1,0.025210084033613446,3.966666666666667,sealed_dsv4
26,98,27,117,15,1,0.06666666666666667,0.008333333333333333,8.0,sealed_dsv4
26,128,27,117,8,1,0.125,0.008333333333333333,15.0,sealed_dsv4
26,104,27,117,7,1,0.14285714285714285,0.008333333333333333,17.142857142857142,sealed_dsv4
27,177,28,34,7,1,0.14285714285714285,0.01652892561983471,8.642857142857142,sealed_dsv4
28,94,29,238,7,1,0.14285714285714285,0.032520325203252036,4.392857142857142,sealed_dsv4
28,162,29,200,5,1,0.2,0.032520325203252036,6.1499999999999995,sealed_dsv4
29,215,30,34,6,1,0.16666666666666666,0.05982905982905983,2.7857142857142856,sealed_dsv4
29,254,30,221,8,1,0.125,0.02564102564102564,4.875,sealed_dsv4
30,35,31,190,12,1,0.08333333333333333,0.00847457627118644,9.833333333333332,sealed_dsv4
30,35,31,249,12,1,0.08333333333333333,0.025423728813559324,3.2777777777777772,sealed_dsv4
30,113,31,190,12,1,0.08333333333333333,0.00847457627118644,9.833333333333332,sealed_dsv4
30,34,31,135,7,1,0.14285714285714285,0.01694915254237288,8.428571428571429,sealed_dsv4
30,34,31,81,7,1,0.14285714285714285,0.025423728813559324,5.619047619047619,sealed_dsv4
30,34,31,190,7,1,0.14285714285714285,0.00847457627118644,16.857142857142858,sealed_dsv4
32,238,33,105,11,1,0.09090909090909091,0.00847457627118644,10.727272727272728,sealed_dsv4
32,135,33,105,15,1,0.06666666666666667,0.00847457627118644,7.866666666666666,sealed_dsv4
32,83,33,105,13,1,0.07692307692307693,0.00847457627118644,9.076923076923077,sealed_dsv4
32,109,33,105,14,1,0.07142857142857142,0.00847457627118644,8.428571428571429,sealed_dsv4
32,90,33,59,7,1,0.14285714285714285,0.03389830508474576,4.214285714285714,sealed_dsv4
32,90,33,105,7,1,0.14285714285714285,0.00847457627118644,16.857142857142858,sealed_dsv4
33,129,34,119,11,1,0.09090909090909091,0.025423728813559324,3.5757575757575757,sealed_dsv4
33,25,34,119,14,1,0.07142857142857142,0.025423728813559324,2.8095238095238093,sealed_dsv4
34,122,35,144,9,1,0.1111111111111111,0.016260162601626018,6.833333333333332,sealed_dsv4
34,122,35,80,9,1,0.1111111111111111,0.016260162601626018,6.833333333333332,sealed_dsv4
34,70,35,144,12,1,0.08333333333333333,0.016260162601626018,5.124999999999999,sealed_dsv4
34,70,35,80,12,1,0.08333333333333333,0.016260162601626018,5.124999999999999,sealed_dsv4
34,139,35,144,8,1,0.125,0.016260162601626018,7.687499999999999,sealed_dsv4
34,139,35,80,8,1,0.125,0.016260162601626018,7.687499999999999,sealed_dsv4
35,97,36,15,5,1,0.2,0.008849557522123894,22.6,sealed_dsv4
35,84,36,9,6,1,0.16666666666666666,0.017699115044247787,9.416666666666666,sealed_dsv4
35,84,36,15,6,1,0.16666666666666666,0.008849557522123894,18.833333333333332,sealed_dsv4
35,129,36,9,8,1,0.125,0.017699115044247787,7.0625,sealed_dsv4
35,129,36,15,8,1,0.125,0.008849557522123894,14.125,sealed_dsv4
36,5,37,115,11,1,0.09090909090909091,0.02564102564102564,3.545454545454546,sealed_dsv4
36,5,37,227,11,1,0.09090909090909091,0.02564102564102564,3.545454545454546,sealed_dsv4
36,45,37,115,12,1,0.08333333333333333,0.02564102564102564,3.25,sealed_dsv4
36,45,37,227,12,1,0.08333333333333333,0.02564102564102564,3.25,sealed_dsv4
36,152,37,115,11,1,0.09090909090909091,0.02564102564102564,3.545454545454546,sealed_dsv4
36,152,37,227,11,1,0.09090909090909091,0.02564102564102564,3.545454545454546,sealed_dsv4
37,138,38,226,11,1,0.09090909090909091,0.02459016393442623,3.6969696969696972,sealed_dsv4
38,209,39,146,11,1,0.09090909090909091,0.024793388429752067,3.6666666666666665,sealed_dsv4
38,209,39,48,11,1,0.09090909090909091,0.008264462809917356,11.0,sealed_dsv4
38,32,39,146,13,1,0.07692307692307693,0.024793388429752067,3.1025641025641026,sealed_dsv4
38,32,39,48,13,1,0.07692307692307693,0.008264462809917356,9.307692307692308,sealed_dsv4
38,38,39,146,10,1,0.1,0.024793388429752067,4.033333333333333,sealed_dsv4
38,38,39,48,10,1,0.1,0.008264462809917356,12.1,sealed_dsv4
38,43,39,146,12,1,0.08333333333333333,0.024793388429752067,3.3611111111111107,sealed_dsv4
38,43,39,48,12,1,0.08333333333333333,0.008264462809917356,10.083333333333332,sealed_dsv4
39,191,40,119,13,1,0.07692307692307693,0.008547008547008548,9.0,sealed_dsv4
39,191,40,37,13,1,0.07692307692307693,0.008547008547008548,9.0,sealed_dsv4
39,179,40,119,11,1,0.09090909090909091,0.008547008547008548,10.636363636363635,sealed_dsv4
39,179,40,37,11,1,0.09090909090909091,0.008547008547008548,10.636363636363635,sealed_dsv4
39,150,40,119,6,1,0.16666666666666666,0.008547008547008548,19.499999999999996,sealed_dsv4
39,150,40,37,6,1,0.16666666666666666,0.008547008547008548,19.499999999999996,sealed_dsv4
40,211,41,166,5,1,0.2,0.041666666666666664,4.800000000000001,sealed_dsv4
40,211,41,134,5,1,0.2,0.008333333333333333,24.0,sealed_dsv4
40,211,41,179,5,1,0.2,0.016666666666666666,12.0,sealed_dsv4
40,7,41,166,5,1,0.2,0.041666666666666664,4.800000000000001,sealed_dsv4
40,7,41,134,5,1,0.2,0.008333333333333333,24.0,sealed_dsv4
40,7,41,179,5,1,0.2,0.016666666666666666,12.0,sealed_dsv4
41,166,42,146,5,1,0.2,0.024793388429752067,8.066666666666666,sealed_dsv4
41,166,42,189,5,1,0.2,0.01652892561983471,12.1,sealed_dsv4
41,166,42,97,5,1,0.2,0.008264462809917356,24.2,sealed_dsv4
41,166,42,59,5,1,0.2,0.024793388429752067,8.066666666666666,sealed_dsv4
41,247,42,97,7,1,0.14285714285714285,0.008264462809917356,17.285714285714285,sealed_dsv4
41,70,42,36,11,1,0.09090909090909091,0.03305785123966942,2.75,sealed_dsv4
41,70,42,113,11,1,0.09090909090909091,0.03305785123966942,2.75,sealed_dsv4
41,70,42,97,11,1,0.09090909090909091,0.008264462809917356,11.0,sealed_dsv4
3,71,4,209,7,1,0.14285714285714285,0.008695652173913044,16.428571428571427,sealed_dsv4
3,71,4,93,7,1,0.14285714285714285,0.008695652173913044,16.428571428571427,sealed_dsv4
3,101,4,209,7,1,0.14285714285714285,0.008695652173913044,16.428571428571427,sealed_dsv4
3,101,4,93,7,1,0.14285714285714285,0.008695652173913044,16.428571428571427,sealed_dsv4
3,202,4,209,7,1,0.14285714285714285,0.008695652173913044,16.428571428571427,sealed_dsv4
3,202,4,93,7,1,0.14285714285714285,0.008695652173913044,16.428571428571427,sealed_dsv4
4,97,5,83,9,1,0.1111111111111111,0.00847457627118644,13.11111111111111,sealed_dsv4
4,233,5,83,11,1,0.09090909090909091,0.00847457627118644,10.727272727272728,sealed_dsv4
4,8,5,83,8,1,0.125,0.00847457627118644,14.75,sealed_dsv4
5,173,6,1,8,1,0.125,0.05128205128205128,2.4375,sealed_dsv4
5,173,6,56,8,1,0.125,0.02564102564102564,4.875,sealed_dsv4
6,1,7,74,6,1,0.16666666666666666,0.01652892561983471,10.083333333333332,sealed_dsv4
7,135,8,253,6,1,0.16666666666666666,0.008547008547008548,19.499999999999996,sealed_dsv4
7,135,8,232,6,1,0.16666666666666666,0.08547008547008547,1.95,sealed_dsv4
7,140,8,253,8,1,0.125,0.008547008547008548,14.624999999999998,sealed_dsv4
7,141,8,253,14,1,0.07142857142857142,0.008547008547008548,8.357142857142856,sealed_dsv4
8,115,9,214,8,1,0.125,0.008333333333333333,15.0,sealed_dsv4
8,200,9,214,8,1,0.125,0.008333333333333333,15.0,sealed_dsv4
8,161,9,214,5,1,0.2,0.008333333333333333,24.0,sealed_dsv4
8,146,9,214,7,1,0.14285714285714285,0.008333333333333333,17.142857142857142,sealed_dsv4
8,232,9,80,10,1,0.1,0.03333333333333333,3.0,sealed_dsv4
8,232,9,246,10,1,0.1,0.016666666666666666,6.0,sealed_dsv4
8,232,9,214,10,1,0.1,0.008333333333333333,12.0,sealed_dsv4
8,232,9,13,10,1,0.1,0.025,4.0,sealed_dsv4
9,242,10,85,8,1,0.125,0.008695652173913044,14.375,sealed_dsv4
9,242,10,90,8,1,0.125,0.008695652173913044,14.375,sealed_dsv4
9,127,10,85,9,1,0.1111111111111111,0.008695652173913044,12.777777777777777,sealed_dsv4
9,127,10,162,9,1,0.1111111111111111,0.017391304347826087,6.388888888888888,sealed_dsv4
9,127,10,25,9,1,0.1111111111111111,0.017391304347826087,6.388888888888888,sealed_dsv4
9,127,10,90,9,1,0.1111111111111111,0.008695652173913044,12.777777777777777,sealed_dsv4
11,9,12,11,14,1,0.07142857142857142,0.01680672268907563,4.25,sealed_dsv4
11,16,12,193,5,1,0.2,0.01680672268907563,11.9,sealed_dsv4
11,16,12,144,5,1,0.2,0.025210084033613446,7.933333333333334,sealed_dsv4
11,89,12,144,6,1,0.16666666666666666,0.025210084033613446,6.611111111111111,sealed_dsv4
12,122,13,195,9,1,0.1111111111111111,0.008620689655172414,12.888888888888888,sealed_dsv4
12,122,13,83,9,1,0.1111111111111111,0.008620689655172414,12.888888888888888,sealed_dsv4
12,142,13,195,6,1,0.16666666666666666,0.008620689655172414,19.333333333333332,sealed_dsv4
12,142,13,83,6,1,0.16666666666666666,0.008620689655172414,19.333333333333332,sealed_dsv4
12,43,13,195,6,1,0.16666666666666666,0.008620689655172414,19.333333333333332,sealed_dsv4
12,43,13,83,6,1,0.16666666666666666,0.008620689655172414,19.333333333333332,sealed_dsv4
17,108,18,67,5,1,0.2,0.034782608695652174,5.75,sealed_dsv4
17,104,18,67,5,1,0.2,0.034782608695652174,5.75,sealed_dsv4
20,187,21,4,10,1,0.1,0.008547008547008548,11.7,sealed_dsv4
20,187,21,158,10,1,0.1,0.008547008547008548,11.7,sealed_dsv4
20,182,21,28,5,1,0.2,0.02564102564102564,7.800000000000001,sealed_dsv4
20,182,21,240,5,1,0.2,0.02564102564102564,7.800000000000001,sealed_dsv4
20,182,21,4,5,1,0.2,0.008547008547008548,23.4,sealed_dsv4
20,182,21,158,5,1,0.2,0.008547008547008548,23.4,sealed_dsv4
20,6,21,28,8,1,0.125,0.02564102564102564,4.875,sealed_dsv4
20,6,21,4,8,1,0.125,0.008547008547008548,14.624999999999998,sealed_dsv4
20,6,21,158,8,1,0.125,0.008547008547008548,14.624999999999998,sealed_dsv4
20,140,21,4,5,1,0.2,0.008547008547008548,23.4,sealed_dsv4
20,140,21,158,5,1,0.2,0.008547008547008548,23.4,sealed_dsv4
21,49,22,235,6,1,0.16666666666666666,0.008620689655172414,19.333333333333332,sealed_dsv4
21,155,22,235,10,1,0.1,0.008620689655172414,11.600000000000001,sealed_dsv4
22,66,23,60,8,1,0.125,0.03389830508474576,3.6875,sealed_dsv4
22,66,23,118,8,1,0.125,0.025423728813559324,4.916666666666666,sealed_dsv4
22,66,23,165,8,1,0.125,0.03389830508474576,3.6875,sealed_dsv4
22,66,23,242,8,1,0.125,0.025423728813559324,4.916666666666666,sealed_dsv4
22,66,23,210,8,1,0.125,0.01694915254237288,7.375,sealed_dsv4
24,168,25,81,16,1,0.0625,0.008771929824561403,7.125,sealed_dsv4
24,168,25,57,16,1,0.0625,0.008771929824561403,7.125,sealed_dsv4
24,153,25,81,6,1,0.16666666666666666,0.008771929824561403,19.0,sealed_dsv4
24,153,25,57,6,1,0.16666666666666666,0.008771929824561403,19.0,sealed_dsv4
24,254,25,81,6,1,0.16666666666666666,0.008771929824561403,19.0,sealed_dsv4
24,254,25,57,6,1,0.16666666666666666,0.008771929824561403,19.0,sealed_dsv4
25,48,26,69,11,1,0.09090909090909091,0.025210084033613446,3.606060606060606,sealed_dsv4
26,98,27,206,15,1,0.06666666666666667,0.008333333333333333,8.0,sealed_dsv4
26,128,27,206,8,1,0.125,0.008333333333333333,15.0,sealed_dsv4
26,104,27,206,7,1,0.14285714285714285,0.008333333333333333,17.142857142857142,sealed_dsv4
27,177,28,172,7,1,0.14285714285714285,0.01652892561983471,8.642857142857142,sealed_dsv4
28,160,29,186,16,1,0.0625,0.008130081300813009,7.687499999999999,sealed_dsv4
28,94,29,186,7,1,0.14285714285714285,0.008130081300813009,17.57142857142857,sealed_dsv4
28,162,29,186,5,1,0.2,0.008130081300813009,24.599999999999998,sealed_dsv4
29,254,30,215,8,1,0.125,0.008547008547008548,14.624999999999998,sealed_dsv4
29,254,30,252,8,1,0.125,0.017094017094017096,7.312499999999999,sealed_dsv4
29,210,30,215,14,1,0.07142857142857142,0.008547008547008548,8.357142857142856,sealed_dsv4
29,210,30,252,14,1,0.07142857142857142,0.017094017094017096,4.178571428571428,sealed_dsv4
29,33,30,215,5,1,0.2,0.008547008547008548,23.4,sealed_dsv4
29,33,30,252,5,1,0.2,0.017094017094017096,11.7,sealed_dsv4
29,215,30,228,6,1,0.16666666666666666,0.017094017094017096,9.749999999999998,sealed_dsv4
29,215,30,215,6,1,0.16666666666666666,0.008547008547008548,19.499999999999996,sealed_dsv4
29,215,30,252,6,1,0.16666666666666666,0.017094017094017096,9.749999999999998,sealed_dsv4
30,113,31,93,12,1,0.08333333333333333,0.00847457627118644,9.833333333333332,sealed_dsv4
30,113,31,170,12,1,0.08333333333333333,0.00847457627118644,9.833333333333332,sealed_dsv4
30,113,31,153,12,1,0.08333333333333333,0.00847457627118644,9.833333333333332,sealed_dsv4
30,35,31,93,12,1,0.08333333333333333,0.00847457627118644,9.833333333333332,sealed_dsv4
30,35,31,170,12,1,0.08333333333333333,0.00847457627118644,9.833333333333332,sealed_dsv4
30,35,31,153,12,1,0.08333333333333333,0.00847457627118644,9.833333333333332,sealed_dsv4
31,10,32,136,15,1,0.06666666666666667,0.008771929824561403,7.6000000000000005,sealed_dsv4
31,126,32,136,15,1,0.06666666666666667,0.008771929824561403,7.6000000000000005,sealed_dsv4
32,135,33,213,15,1,0.06666666666666667,0.00847457627118644,7.866666666666666,sealed_dsv4
32,135,33,26,15,1,0.06666666666666667,0.01694915254237288,3.933333333333333,sealed_dsv4
32,135,33,143,15,1,0.06666666666666667,0.00847457627118644,7.866666666666666,sealed_dsv4
32,238,33,213,11,1,0.09090909090909091,0.00847457627118644,10.727272727272728,sealed_dsv4
32,238,33,143,11,1,0.09090909090909091,0.00847457627118644,10.727272727272728,sealed_dsv4
32,12,33,213,6,1,0.16666666666666666,0.00847457627118644,19.666666666666664,sealed_dsv4
32,12,33,26,6,1,0.16666666666666666,0.01694915254237288,9.833333333333332,sealed_dsv4
32,12,33,143,6,1,0.16666666666666666,0.00847457627118644,19.666666666666664,sealed_dsv4
34,11,35,134,15,1,0.06666666666666667,0.008130081300813009,8.2,sealed_dsv4
34,11,35,73,15,1,0.06666666666666667,0.008130081300813009,8.2,sealed_dsv4
34,11,35,107,15,1,0.06666666666666667,0.008130081300813009,8.2,sealed_dsv4
34,246,35,134,8,1,0.125,0.008130081300813009,15.374999999999998,sealed_dsv4
34,246,35,73,8,1,0.125,0.008130081300813009,15.374999999999998,sealed_dsv4
34,246,35,107,8,1,0.125,0.008130081300813009,15.374999999999998,sealed_dsv4
34,122,35,134,9,1,0.1111111111111111,0.008130081300813009,13.666666666666664,sealed_dsv4
34,122,35,73,9,1,0.1111111111111111,0.008130081300813009,13.666666666666664,sealed_dsv4
34,122,35,107,9,1,0.1111111111111111,0.008130081300813009,13.666666666666664,sealed_dsv4
34,70,35,134,12,1,0.08333333333333333,0.008130081300813009,10.249999999999998,sealed_dsv4
34,70,35,73,12,1,0.08333333333333333,0.008130081300813009,10.249999999999998,sealed_dsv4
34,70,35,107,12,1,0.08333333333333333,0.008130081300813009,10.249999999999998,sealed_dsv4
35,84,36,201,6,1,0.16666666666666666,0.008849557522123894,18.833333333333332,sealed_dsv4
35,84,36,17,6,1,0.16666666666666666,0.008849557522123894,18.833333333333332,sealed_dsv4
35,84,36,135,6,1,0.16666666666666666,0.02654867256637168,6.277777777777778,sealed_dsv4
35,97,36,201,5,1,0.2,0.008849557522123894,22.6,sealed_dsv4
35,97,36,17,5,1,0.2,0.008849557522123894,22.6,sealed_dsv4
36,45,37,237,12,1,0.08333333333333333,0.008547008547008548,9.749999999999998,sealed_dsv4
36,45,37,56,12,1,0.08333333333333333,0.008547008547008548,9.749999999999998,sealed_dsv4
36,45,37,160,12,1,0.08333333333333333,0.017094017094017096,4.874999999999999,sealed_dsv4
36,152,37,237,11,1,0.09090909090909091,0.008547008547008548,10.636363636363635,sealed_dsv4
36,152,37,56,11,1,0.09090909090909091,0.008547008547008548,10.636363636363635,sealed_dsv4
36,152,37,160,11,1,0.09090909090909091,0.017094017094017096,5.3181818181818175,sealed_dsv4
37,138,38,36,11,1,0.09090909090909091,0.00819672131147541,11.09090909090909,sealed_dsv4
37,138,38,147,11,1,0.09090909090909091,0.01639344262295082,5.545454545454545,sealed_dsv4
37,138,38,210,11,1,0.09090909090909091,0.00819672131147541,11.09090909090909,sealed_dsv4
38,32,39,202,13,1,0.07692307692307693,0.008264462809917356,9.307692307692308,sealed_dsv4
39,191,40,135,13,1,0.07692307692307693,0.008547008547008548,9.0,sealed_dsv4
39,150,40,135,6,1,0.16666666666666666,0.008547008547008548,19.499999999999996,sealed_dsv4
39,150,40,230,6,1,0.16666666666666666,0.03418803418803419,4.874999999999999,sealed_dsv4
39,150,40,231,6,1,0.16666666666666666,0.017094017094017096,9.749999999999998,sealed_dsv4
40,7,41,149,5,1,0.2,0.016666666666666666,12.0,sealed_dsv4
40,211,41,149,5,1,0.2,0.016666666666666666,12.0,sealed_dsv4
41,247,42,233,7,1,0.14285714285714285,0.01652892561983471,8.642857142857142,sealed_dsv4
41,247,42,23,7,1,0.14285714285714285,0.01652892561983471,8.642857142857142,sealed_dsv4
41,247,42,120,7,1,0.14285714285714285,0.008264462809917356,17.285714285714285,sealed_dsv4
41,70,42,120,11,1,0.09090909090909091,0.008264462809917356,11.0,sealed_dsv4
3,71,4,250,7,1,0.14285714285714285,0.02608695652173913,5.476190476190476,sealed_dsv4
3,135,4,21,10,1,0.1,0.017391304347826087,5.75,sealed_dsv4
4,8,5,200,8,1,0.125,0.01694915254237288,7.375,sealed_dsv4
5,208,6,239,8,1,0.125,0.008547008547008548,14.624999999999998,sealed_dsv4
5,52,6,239,14,1,0.07142857142857142,0.008547008547008548,8.357142857142856,sealed_dsv4
5,173,6,239,8,1,0.125,0.008547008547008548,14.624999999999998,sealed_dsv4
5,86,6,239,6,1,0.16666666666666666,0.008547008547008548,19.499999999999996,sealed_dsv4
5,205,6,239,5,1,0.2,0.008547008547008548,23.4,sealed_dsv4
7,191,8,103,8,1,0.125,0.017094017094017096,7.312499999999999,sealed_dsv4
7,191,8,161,8,1,0.125,0.042735042735042736,2.925,sealed_dsv4
7,135,8,103,6,1,0.16666666666666666,0.017094017094017096,9.749999999999998,sealed_dsv4
8,200,9,48,8,1,0.125,0.008333333333333333,15.0,sealed_dsv4
8,200,9,136,8,1,0.125,0.008333333333333333,15.0,sealed_dsv4
8,146,9,48,7,1,0.14285714285714285,0.008333333333333333,17.142857142857142,sealed_dsv4
8,146,9,136,7,1,0.14285714285714285,0.008333333333333333,17.142857142857142,sealed_dsv4
8,146,9,188,7,1,0.14285714285714285,0.016666666666666666,8.571428571428571,sealed_dsv4
8,115,9,48,8,1,0.125,0.008333333333333333,15.0,sealed_dsv4
8,115,9,136,8,1,0.125,0.008333333333333333,15.0,sealed_dsv4
8,161,9,77,5,1,0.2,0.06666666666666667,3.0,sealed_dsv4
8,161,9,48,5,1,0.2,0.008333333333333333,24.0,sealed_dsv4
8,161,9,136,5,1,0.2,0.008333333333333333,24.0,sealed_dsv4
8,161,9,188,5,1,0.2,0.016666666666666666,12.0,sealed_dsv4
9,242,10,146,8,1,0.125,0.017391304347826087,7.1875,sealed_dsv4
9,242,10,217,8,1,0.125,0.008695652173913044,14.375,sealed_dsv4
9,242,10,70,8,1,0.125,0.008695652173913044,14.375,sealed_dsv4
9,77,10,217,8,1,0.125,0.008695652173913044,14.375,sealed_dsv4
9,77,10,70,8,1,0.125,0.008695652173913044,14.375,sealed_dsv4
10,40,11,68,9,1,0.1111111111111111,0.00847457627118644,13.11111111111111,sealed_dsv4
11,9,12,82,14,1,0.07142857142857142,0.008403361344537815,8.5,sealed_dsv4
11,232,12,138,7,1,0.14285714285714285,0.01680672268907563,8.5,sealed_dsv4
11,232,12,130,7,1,0.14285714285714285,0.01680672268907563,8.5,sealed_dsv4
11,232,12,82,7,1,0.14285714285714285,0.008403361344537815,17.0,sealed_dsv4
11,171,12,193,6,1,0.16666666666666666,0.01680672268907563,9.916666666666666,sealed_dsv4
11,171,12,82,6,1,0.16666666666666666,0.008403361344537815,19.833333333333332,sealed_dsv4
11,89,12,138,6,1,0.16666666666666666,0.01680672268907563,9.916666666666666,sealed_dsv4
11,89,12,130,6,1,0.16666666666666666,0.01680672268907563,9.916666666666666,sealed_dsv4
11,89,12,82,6,1,0.16666666666666666,0.008403361344537815,19.833333333333332,sealed_dsv4
12,41,13,173,13,1,0.07692307692307693,0.008620689655172414,8.923076923076923,sealed_dsv4
12,122,13,173,9,1,0.1111111111111111,0.008620689655172414,12.888888888888888,sealed_dsv4
12,122,13,249,9,1,0.1111111111111111,0.017241379310344827,6.444444444444444,sealed_dsv4
13,14,14,66,8,1,0.125,0.008771929824561403,14.25,sealed_dsv4
13,88,14,66,9,1,0.1111111111111111,0.008771929824561403,12.666666666666666,sealed_dsv4
13,125,14,66,10,1,0.1,0.008771929824561403,11.400000000000002,sealed_dsv4
13,251,14,66,9,1,0.1111111111111111,0.008771929824561403,12.666666666666666,sealed_dsv4
13,251,14,245,9,1,0.1111111111111111,0.05263157894736842,2.111111111111111,sealed_dsv4
14,1,15,206,9,1,0.1111111111111111,0.008333333333333333,13.333333333333332,sealed_dsv4
14,62,15,212,6,1,0.16666666666666666,0.025,6.666666666666666,sealed_dsv4
14,62,15,206,6,1,0.16666666666666666,0.008333333333333333,20.0,sealed_dsv4
14,49,15,206,8,1,0.125,0.008333333333333333,15.0,sealed_dsv4
14,245,15,212,6,1,0.16666666666666666,0.025,6.666666666666666,sealed_dsv4
14,245,15,206,6,1,0.16666666666666666,0.008333333333333333,20.0,sealed_dsv4
14,245,15,15,6,1,0.16666666666666666,0.075,2.2222222222222223,sealed_dsv4
15,104,16,92,7,1,0.14285714285714285,0.08620689655172414,1.657142857142857,sealed_dsv4
15,104,16,219,7,1,0.14285714285714285,0.02586206896551724,5.523809523809524,sealed_dsv4
15,104,16,104,7,1,0.14285714285714285,0.008620689655172414,16.57142857142857,sealed_dsv4
15,176,16,219,8,1,0.125,0.02586206896551724,4.833333333333333,sealed_dsv4
15,176,16,104,8,1,0.125,0.008620689655172414,14.5,sealed_dsv4
15,15,16,59,9,1,0.1111111111111111,0.017241379310344827,6.444444444444444,sealed_dsv4
15,15,16,104,9,1,0.1111111111111111,0.008620689655172414,12.888888888888888,sealed_dsv4
15,186,16,59,5,1,0.2,0.017241379310344827,11.600000000000001,sealed_dsv4
15,186,16,104,5,1,0.2,0.008620689655172414,23.200000000000003,sealed_dsv4
16,179,17,93,7,1,0.14285714285714285,0.07142857142857142,2.0,sealed_dsv4
17,61,18,118,8,1,0.125,0.02608695652173913,4.791666666666667,sealed_dsv4
17,61,18,9,8,1,0.125,0.02608695652173913,4.791666666666667,sealed_dsv4
17,135,18,9,5,1,0.2,0.02608695652173913,7.666666666666668,sealed_dsv4
17,220,18,118,5,1,0.2,0.02608695652173913,7.666666666666668,sealed_dsv4
18,166,19,220,8,1,0.125,0.01639344262295082,7.625,sealed_dsv4
18,166,19,38,8,1,0.125,0.01639344262295082,7.625,sealed_dsv4
18,166,19,88,8,1,0.125,0.00819672131147541,15.25,sealed_dsv4
18,75,19,88,14,1,0.07142857142857142,0.00819672131147541,8.714285714285714,sealed_dsv4
18,122,19,220,8,1,0.125,0.01639344262295082,7.625,sealed_dsv4
18,122,19,38,8,1,0.125,0.01639344262295082,7.625,sealed_dsv4
18,122,19,88,8,1,0.125,0.00819672131147541,15.25,sealed_dsv4
19,181,20,38,7,1,0.14285714285714285,0.008620689655172414,16.57142857142857,sealed_dsv4
20,6,21,238,8,1,0.125,0.017094017094017096,7.312499999999999,sealed_dsv4
20,6,21,17,8,1,0.125,0.008547008547008548,14.624999999999998,sealed_dsv4
20,6,21,57,8,1,0.125,0.008547008547008548,14.624999999999998,sealed_dsv4
20,182,21,94,5,1,0.2,0.02564102564102564,7.800000000000001,sealed_dsv4
20,182,21,238,5,1,0.2,0.017094017094017096,11.7,sealed_dsv4
20,182,21,17,5,1,0.2,0.008547008547008548,23.4,sealed_dsv4
20,182,21,57,5,1,0.2,0.008547008547008548,23.4,sealed_dsv4
20,182,21,153,5,1,0.2,0.03418803418803419,5.85,sealed_dsv4
20,187,21,17,10,1,0.1,0.008547008547008548,11.7,sealed_dsv4
20,187,21,57,10,1,0.1,0.008547008547008548,11.7,sealed_dsv4
21,155,22,218,10,1,0.1,0.008620689655172414,11.600000000000001,sealed_dsv4
22,123,23,110,15,1,0.06666666666666667,0.00847457627118644,7.866666666666666,sealed_dsv4
22,13,23,110,9,1,0.1111111111111111,0.00847457627118644,13.11111111111111,sealed_dsv4
22,66,23,194,8,1,0.125,0.01694915254237288,7.375,sealed_dsv4
22,66,23,110,8,1,0.125,0.00847457627118644,14.75,sealed_dsv4
22,136,23,194,7,1,0.14285714285714285,0.01694915254237288,8.428571428571429,sealed_dsv4
22,136,23,110,7,1,0.14285714285714285,0.00847457627118644,16.857142857142858,sealed_dsv4
23,74,24,151,7,1,0.14285714285714285,0.034482758620689655,4.142857142857142,sealed_dsv4
26,152,27,96,7,1,0.14285714285714285,0.03333333333333333,4.285714285714286,sealed_dsv4
26,152,27,152,7,1,0.14285714285714285,0.03333333333333333,4.285714285714286,sealed_dsv4
26,41,27,152,8,1,0.125,0.03333333333333333,3.75,sealed_dsv4
27,15,28,57,5,1,0.2,0.024793388429752067,8.066666666666666,sealed_dsv4
28,160,29,46,16,1,0.0625,0.008130081300813009,7.687499999999999,sealed_dsv4
28,162,29,46,5,1,0.2,0.008130081300813009,24.599999999999998,sealed_dsv4
28,94,29,46,7,1,0.14285714285714285,0.008130081300813009,17.57142857142857,sealed_dsv4
28,179,29,46,9,1,0.1111111111111111,0.008130081300813009,13.666666666666664,sealed_dsv4
29,254,30,16,8,1,0.125,0.008547008547008548,14.624999999999998,sealed_dsv4
29,254,30,135,8,1,0.125,0.02564102564102564,4.875,sealed_dsv4
29,210,30,16,14,1,0.07142857142857142,0.008547008547008548,8.357142857142856,sealed_dsv4
29,33,30,16,5,1,0.2,0.008547008547008548,23.4,sealed_dsv4
29,33,30,135,5,1,0.2,0.02564102564102564,7.800000000000001,sealed_dsv4
29,33,30,8,5,1,0.2,0.03418803418803419,5.85,sealed_dsv4
29,58,30,16,8,1,0.125,0.008547008547008548,14.624999999999998,sealed_dsv4
29,58,30,80,8,1,0.125,0.03418803418803419,3.6562499999999996,sealed_dsv4
30,113,31,240,12,1,0.08333333333333333,0.00847457627118644,9.833333333333332,sealed_dsv4
30,34,31,226,7,1,0.14285714285714285,0.01694915254237288,8.428571428571429,sealed_dsv4
30,34,31,240,7,1,0.14285714285714285,0.00847457627118644,16.857142857142858,sealed_dsv4
31,10,32,34,15,1,0.06666666666666667,0.008771929824561403,7.6000000000000005,sealed_dsv4
31,126,32,34,15,1,0.06666666666666667,0.008771929824561403,7.6000000000000005,sealed_dsv4
31,244,32,34,10,1,0.1,0.008771929824561403,11.400000000000002,sealed_dsv4
33,48,34,239,5,1,0.2,0.01694915254237288,11.8,sealed_dsv4
33,48,34,139,5,1,0.2,0.06779661016949153,2.95,sealed_dsv4
34,70,35,229,12,1,0.08333333333333333,0.008130081300813009,10.249999999999998,sealed_dsv4
34,11,35,229,15,1,0.06666666666666667,0.008130081300813009,8.2,sealed_dsv4
34,122,35,229,9,1,0.1111111111111111,0.008130081300813009,13.666666666666664,sealed_dsv4
34,122,35,158,9,1,0.1111111111111111,0.016260162601626018,6.833333333333332,sealed_dsv4
34,246,35,229,8,1,0.125,0.008130081300813009,15.374999999999998,sealed_dsv4
34,139,35,229,8,1,0.125,0.008130081300813009,15.374999999999998,sealed_dsv4
34,139,35,158,8,1,0.125,0.016260162601626018,7.687499999999999,sealed_dsv4
35,84,36,23,6,1,0.16666666666666666,0.04424778761061947,3.7666666666666666,sealed_dsv4
35,84,36,231,6,1,0.16666666666666666,0.02654867256637168,6.277777777777778,sealed_dsv4
36,23,37,232,5,1,0.2,0.008547008547008548,23.4,sealed_dsv4
36,45,37,232,12,1,0.08333333333333333,0.008547008547008548,9.749999999999998,sealed_dsv4
36,152,37,232,11,1,0.09090909090909091,0.008547008547008548,10.636363636363635,sealed_dsv4
36,5,37,232,11,1,0.09090909090909091,0.008547008547008548,10.636363636363635,sealed_dsv4
37,151,38,22,10,1,0.1,0.01639344262295082,6.1,sealed_dsv4
37,164,38,22,5,1,0.2,0.01639344262295082,12.2,sealed_dsv4
38,32,39,178,13,1,0.07692307692307693,0.008264462809917356,9.307692307692308,sealed_dsv4
38,209,39,178,11,1,0.09090909090909091,0.008264462809917356,11.0,sealed_dsv4
38,43,39,178,12,1,0.08333333333333333,0.008264462809917356,10.083333333333332,sealed_dsv4
38,187,39,228,9,1,0.1111111111111111,0.01652892561983471,6.722222222222221,sealed_dsv4
38,187,39,163,9,1,0.1111111111111111,0.01652892561983471,6.722222222222221,sealed_dsv4
38,187,39,178,9,1,0.1111111111111111,0.008264462809917356,13.444444444444443,sealed_dsv4
38,38,39,178,10,1,0.1,0.008264462809917356,12.1,sealed_dsv4
40,205,41,140,8,1,0.125,0.008333333333333333,15.0,sealed_dsv4
40,205,41,186,8,1,0.125,0.008333333333333333,15.0,sealed_dsv4
41,44,42,6,6,1,0.16666666666666666,0.024793388429752067,6.722222222222221,sealed_dsv4
3,135,4,198,10,1,0.1,0.008695652173913044,11.5,sealed_dsv4
3,101,4,198,7,1,0.14285714285714285,0.008695652173913044,16.428571428571427,sealed_dsv4
3,101,4,103,7,1,0.14285714285714285,0.017391304347826087,8.214285714285714,sealed_dsv4
3,202,4,198,7,1,0.14285714285714285,0.008695652173913044,16.428571428571427,sealed_dsv4
3,202,4,103,7,1,0.14285714285714285,0.017391304347826087,8.214285714285714,sealed_dsv4
4,233,5,180,11,1,0.09090909090909091,0.00847457627118644,10.727272727272728,sealed_dsv4
4,233,5,135,11,1,0.09090909090909091,0.03389830508474576,2.681818181818182,sealed_dsv4
4,46,5,180,9,1,0.1111111111111111,0.00847457627118644,13.11111111111111,sealed_dsv4
4,97,5,180,9,1,0.1111111111111111,0.00847457627118644,13.11111111111111,sealed_dsv4
5,52,6,150,14,1,0.07142857142857142,0.008547008547008548,8.357142857142856,sealed_dsv4
5,52,6,95,14,1,0.07142857142857142,0.008547008547008548,8.357142857142856,sealed_dsv4
5,120,6,150,5,1,0.2,0.008547008547008548,23.4,sealed_dsv4
5,120,6,95,5,1,0.2,0.008547008547008548,23.4,sealed_dsv4
5,173,6,150,8,1,0.125,0.008547008547008548,14.624999999999998,sealed_dsv4
5,173,6,95,8,1,0.125,0.008547008547008548,14.624999999999998,sealed_dsv4
5,173,6,17,8,1,0.125,0.017094017094017096,7.312499999999999,sealed_dsv4
6,39,7,13,10,1,0.1,0.008264462809917356,12.1,sealed_dsv4
6,252,7,13,6,1,0.16666666666666666,0.008264462809917356,20.166666666666664,sealed_dsv4
6,53,7,13,10,1,0.1,0.008264462809917356,12.1,sealed_dsv4
7,191,8,172,8,1,0.125,0.008547008547008548,14.624999999999998,sealed_dsv4
7,180,8,172,9,1,0.1111111111111111,0.008547008547008548,12.999999999999998,sealed_dsv4
7,180,8,111,9,1,0.1111111111111111,0.03418803418803419,3.2499999999999996,sealed_dsv4
7,133,8,172,7,1,0.14285714285714285,0.008547008547008548,16.71428571428571,sealed_dsv4
7,133,8,200,7,1,0.14285714285714285,0.06837606837606838,2.089285714285714,sealed_dsv4
7,141,8,172,14,1,0.07142857142857142,0.008547008547008548,8.357142857142856,sealed_dsv4
8,232,9,106,10,1,0.1,0.008333333333333333,12.0,sealed_dsv4
8,71,9,106,9,1,0.1111111111111111,0.008333333333333333,13.333333333333332,sealed_dsv4
8,16,9,106,11,1,0.09090909090909091,0.008333333333333333,10.90909090909091,sealed_dsv4
8,200,9,168,8,1,0.125,0.041666666666666664,3.0,sealed_dsv4
8,200,9,5,8,1,0.125,0.016666666666666666,7.5,sealed_dsv4
8,200,9,106,8,1,0.125,0.008333333333333333,15.0,sealed_dsv4
9,219,10,232,10,1,0.1,0.008695652173913044,11.5,sealed_dsv4
9,219,10,146,10,1,0.1,0.017391304347826087,5.75,sealed_dsv4
9,219,10,155,10,1,0.1,0.02608695652173913,3.833333333333334,sealed_dsv4
9,219,10,251,10,1,0.1,0.008695652173913044,11.5,sealed_dsv4
9,168,10,232,5,1,0.2,0.008695652173913044,23.0,sealed_dsv4
9,168,10,146,5,1,0.2,0.017391304347826087,11.5,sealed_dsv4
9,168,10,35,5,1,0.2,0.05217391304347826,3.833333333333334,sealed_dsv4
9,168,10,155,5,1,0.2,0.02608695652173913,7.666666666666668,sealed_dsv4
9,168,10,251,5,1,0.2,0.008695652173913044,23.0,sealed_dsv4
9,127,10,232,9,1,0.1111111111111111,0.008695652173913044,12.777777777777777,sealed_dsv4
9,127,10,146,9,1,0.1111111111111111,0.017391304347826087,6.388888888888888,sealed_dsv4
9,127,10,251,9,1,0.1111111111111111,0.008695652173913044,12.777777777777777,sealed_dsv4
9,77,10,232,8,1,0.125,0.008695652173913044,14.375,sealed_dsv4
9,77,10,251,8,1,0.125,0.008695652173913044,14.375,sealed_dsv4
11,157,12,144,7,1,0.14285714285714285,0.025210084033613446,5.666666666666666,sealed_dsv4
11,132,12,179,5,1,0.2,0.025210084033613446,7.933333333333334,sealed_dsv4
11,132,12,144,5,1,0.2,0.025210084033613446,7.933333333333334,sealed_dsv4
12,41,13,97,13,1,0.07692307692307693,0.008620689655172414,8.923076923076923,sealed_dsv4
12,122,13,242,9,1,0.1111111111111111,0.017241379310344827,6.444444444444444,sealed_dsv4
12,122,13,13,9,1,0.1111111111111111,0.034482758620689655,3.222222222222222,sealed_dsv4
12,122,13,97,9,1,0.1111111111111111,0.008620689655172414,12.888888888888888,sealed_dsv4
14,62,15,162,6,1,0.16666666666666666,0.025,6.666666666666666,sealed_dsv4
14,62,15,226,6,1,0.16666666666666666,0.008333333333333333,20.0,sealed_dsv4
14,234,15,226,6,1,0.16666666666666666,0.008333333333333333,20.0,sealed_dsv4
14,105,15,226,6,1,0.16666666666666666,0.008333333333333333,20.0,sealed_dsv4
14,143,15,162,5,1,0.2,0.025,8.0,sealed_dsv4
14,143,15,186,5,1,0.2,0.041666666666666664,4.800000000000001,sealed_dsv4
14,143,15,226,5,1,0.2,0.008333333333333333,24.0,sealed_dsv4
14,80,15,226,6,1,0.16666666666666666,0.008333333333333333,20.0,sealed_dsv4
14,1,15,162,9,1,0.1111111111111111,0.025,4.444444444444444,sealed_dsv4
14,1,15,226,9,1,0.1111111111111111,0.008333333333333333,13.333333333333332,sealed_dsv4
15,135,16,219,8,1,0.125,0.02586206896551724,4.833333333333333,sealed_dsv4
15,135,16,240,8,1,0.125,0.0603448275862069,2.071428571428571,sealed_dsv4
15,186,16,21,5,1,0.2,0.034482758620689655,5.800000000000001,sealed_dsv4
16,92,17,227,10,1,0.1,0.008928571428571428,11.200000000000001,sealed_dsv4
16,96,17,221,8,1,0.125,0.026785714285714284,4.666666666666667,sealed_dsv4
16,96,17,227,8,1,0.125,0.008928571428571428,14.0,sealed_dsv4
16,240,17,227,7,1,0.14285714285714285,0.008928571428571428,16.0,sealed_dsv4
17,93,18,167,8,1,0.125,0.008695652173913044,14.375,sealed_dsv4
17,93,18,74,8,1,0.125,0.017391304347826087,7.1875,sealed_dsv4
17,112,18,167,10,1,0.1,0.008695652173913044,11.5,sealed_dsv4
17,112,18,74,10,1,0.1,0.017391304347826087,5.75,sealed_dsv4
17,135,18,167,5,1,0.2,0.008695652173913044,23.0,sealed_dsv4
17,135,18,74,5,1,0.2,0.017391304347826087,11.5,sealed_dsv4
17,3,18,167,13,1,0.07692307692307693,0.008695652173913044,8.846153846153847,sealed_dsv4
17,3,18,74,13,1,0.07692307692307693,0.017391304347826087,4.423076923076923,sealed_dsv4
18,75,19,224,14,1,0.07142857142857142,0.00819672131147541,8.714285714285714,sealed_dsv4
18,122,19,224,8,1,0.125,0.00819672131147541,15.25,sealed_dsv4
18,166,19,224,8,1,0.125,0.00819672131147541,15.25,sealed_dsv4
18,166,19,158,8,1,0.125,0.02459016393442623,5.083333333333333,sealed_dsv4
18,166,19,186,8,1,0.125,0.03278688524590164,3.8125,sealed_dsv4
19,181,20,250,7,1,0.14285714285714285,0.008620689655172414,16.57142857142857,sealed_dsv4
19,181,20,174,7,1,0.14285714285714285,0.02586206896551724,5.523809523809524,sealed_dsv4
20,6,21,76,8,1,0.125,0.008547008547008548,14.624999999999998,sealed_dsv4
20,6,21,199,8,1,0.125,0.008547008547008548,14.624999999999998,sealed_dsv4
20,6,21,156,8,1,0.125,0.008547008547008548,14.624999999999998,sealed_dsv4
22,123,23,186,15,1,0.06666666666666667,0.00847457627118644,7.866666666666666,sealed_dsv4
22,13,23,186,9,1,0.1111111111111111,0.00847457627118644,13.11111111111111,sealed_dsv4
22,136,23,186,7,1,0.14285714285714285,0.00847457627118644,16.857142857142858,sealed_dsv4
22,136,23,13,7,1,0.14285714285714285,0.025423728813559324,5.619047619047619,sealed_dsv4
22,66,23,186,8,1,0.125,0.00847457627118644,14.75,sealed_dsv4
22,125,23,186,6,1,0.16666666666666666,0.00847457627118644,19.666666666666664,sealed_dsv4
26,104,27,102,7,1,0.14285714285714285,0.016666666666666666,8.571428571428571,sealed_dsv4
27,253,28,203,11,1,0.09090909090909091,0.03305785123966942,2.75,sealed_dsv4
27,177,28,203,7,1,0.14285714285714285,0.03305785123966942,4.321428571428571,sealed_dsv4
28,162,29,98,5,1,0.2,0.016260162601626018,12.299999999999999,sealed_dsv4
30,113,31,251,12,1,0.08333333333333333,0.00847457627118644,9.833333333333332,sealed_dsv4
30,34,31,251,7,1,0.14285714285714285,0.00847457627118644,16.857142857142858,sealed_dsv4
30,35,31,251,12,1,0.08333333333333333,0.00847457627118644,9.833333333333332,sealed_dsv4
30,117,31,251,12,1,0.08333333333333333,0.00847457627118644,9.833333333333332,sealed_dsv4
32,90,33,100,7,1,0.14285714285714285,0.025423728813559324,5.619047619047619,sealed_dsv4
34,70,35,47,12,1,0.08333333333333333,0.008130081300813009,10.249999999999998,sealed_dsv4
34,70,35,21,12,1,0.08333333333333333,0.008130081300813009,10.249999999999998,sealed_dsv4
34,122,35,47,9,1,0.1111111111111111,0.008130081300813009,13.666666666666664,sealed_dsv4
34,122,35,21,9,1,0.1111111111111111,0.008130081300813009,13.666666666666664,sealed_dsv4
34,11,35,47,15,1,0.06666666666666667,0.008130081300813009,8.2,sealed_dsv4
34,11,35,21,15,1,0.06666666666666667,0.008130081300813009,8.2,sealed_dsv4
34,243,35,47,11,1,0.09090909090909091,0.008130081300813009,11.181818181818182,sealed_dsv4
34,243,35,21,11,1,0.09090909090909091,0.008130081300813009,11.181818181818182,sealed_dsv4
34,246,35,47,8,1,0.125,0.008130081300813009,15.374999999999998,sealed_dsv4
34,246,35,201,8,1,0.125,0.016260162601626018,7.687499999999999,sealed_dsv4
34,246,35,21,8,1,0.125,0.008130081300813009,15.374999999999998,sealed_dsv4
36,229,37,163,9,1,0.1111111111111111,0.008547008547008548,12.999999999999998,sealed_dsv4
36,23,37,163,5,1,0.2,0.008547008547008548,23.4,sealed_dsv4
36,5,37,163,11,1,0.09090909090909091,0.008547008547008548,10.636363636363635,sealed_dsv4
36,45,37,163,12,1,0.08333333333333333,0.008547008547008548,9.749999999999998,sealed_dsv4
36,26,37,163,5,1,0.2,0.008547008547008548,23.4,sealed_dsv4
36,10,37,163,8,1,0.125,0.008547008547008548,14.624999999999998,sealed_dsv4
37,151,38,229,10,1,0.1,0.00819672131147541,12.2,sealed_dsv4
37,138,38,229,11,1,0.09090909090909091,0.00819672131147541,11.09090909090909,sealed_dsv4
37,245,38,229,12,1,0.08333333333333333,0.00819672131147541,10.166666666666666,sealed_dsv4
37,164,38,229,5,1,0.2,0.00819672131147541,24.4,sealed_dsv4
37,231,38,229,9,1,0.1111111111111111,0.00819672131147541,13.555555555555554,sealed_dsv4
39,191,40,45,13,1,0.07692307692307693,0.008547008547008548,9.0,sealed_dsv4
39,159,40,45,6,1,0.16666666666666666,0.008547008547008548,19.499999999999996,sealed_dsv4
39,179,40,45,11,1,0.09090909090909091,0.008547008547008548,10.636363636363635,sealed_dsv4
39,179,40,215,11,1,0.09090909090909091,0.02564102564102564,3.545454545454546,sealed_dsv4
40,205,41,59,8,1,0.125,0.008333333333333333,15.0,sealed_dsv4
41,70,42,133,11,1,0.09090909090909091,0.008264462809917356,11.0,sealed_dsv4
41,44,42,133,6,1,0.16666666666666666,0.008264462809917356,20.166666666666664,sealed_dsv4
41,236,42,133,10,1,0.1,0.008264462809917356,12.1,sealed_dsv4
3,135,4,65,10,1,0.1,0.008695652173913044,11.5,sealed_dsv4
3,135,4,186,10,1,0.1,0.008695652173913044,11.5,sealed_dsv4
4,233,5,46,11,1,0.09090909090909091,0.0423728813559322,2.1454545454545455,sealed_dsv4
4,233,5,217,11,1,0.09090909090909091,0.00847457627118644,10.727272727272728,sealed_dsv4
5,46,6,42,5,1,0.2,0.008547008547008548,23.4,sealed_dsv4
5,46,6,31,5,1,0.2,0.017094017094017096,11.7,sealed_dsv4
5,46,6,220,5,1,0.2,0.008547008547008548,23.4,sealed_dsv4
5,52,6,42,14,1,0.07142857142857142,0.008547008547008548,8.357142857142856,sealed_dsv4
5,52,6,220,14,1,0.07142857142857142,0.008547008547008548,8.357142857142856,sealed_dsv4
5,173,6,42,8,1,0.125,0.008547008547008548,14.624999999999998,sealed_dsv4
5,173,6,31,8,1,0.125,0.017094017094017096,7.312499999999999,sealed_dsv4
5,173,6,220,8,1,0.125,0.008547008547008548,14.624999999999998,sealed_dsv4
6,252,7,243,6,1,0.16666666666666666,0.008264462809917356,20.166666666666664,sealed_dsv4
6,39,7,243,10,1,0.1,0.008264462809917356,12.1,sealed_dsv4
6,53,7,243,10,1,0.1,0.008264462809917356,12.1,sealed_dsv4
7,180,8,173,9,1,0.1111111111111111,0.008547008547008548,12.999999999999998,sealed_dsv4
7,133,8,173,7,1,0.14285714285714285,0.008547008547008548,16.71428571428571,sealed_dsv4
7,191,8,173,8,1,0.125,0.008547008547008548,14.624999999999998,sealed_dsv4
7,95,8,173,9,1,0.1111111111111111,0.008547008547008548,12.999999999999998,sealed_dsv4
8,16,9,159,11,1,0.09090909090909091,0.008333333333333333,10.90909090909091,sealed_dsv4
8,232,9,159,10,1,0.1,0.008333333333333333,12.0,sealed_dsv4
8,71,9,159,9,1,0.1111111111111111,0.008333333333333333,13.333333333333332,sealed_dsv4
8,189,9,159,8,1,0.125,0.008333333333333333,15.0,sealed_dsv4
8,242,9,220,5,1,0.2,0.016666666666666666,12.0,sealed_dsv4
8,242,9,159,5,1,0.2,0.008333333333333333,24.0,sealed_dsv4
9,219,10,160,10,1,0.1,0.008695652173913044,11.5,sealed_dsv4
9,168,10,160,5,1,0.2,0.008695652173913044,23.0,sealed_dsv4
9,168,10,201,5,1,0.2,0.034782608695652174,5.75,sealed_dsv4
9,127,10,160,9,1,0.1111111111111111,0.008695652173913044,12.777777777777777,sealed_dsv4
10,76,11,119,6,1,0.16666666666666666,0.00847457627118644,19.666666666666664,sealed_dsv4
11,9,12,4,14,1,0.07142857142857142,0.008403361344537815,8.5,sealed_dsv4
11,9,12,200,14,1,0.07142857142857142,0.008403361344537815,8.5,sealed_dsv4
11,9,12,160,14,1,0.07142857142857142,0.008403361344537815,8.5,sealed_dsv4
11,157,12,4,7,1,0.14285714285714285,0.008403361344537815,17.0,sealed_dsv4
11,157,12,200,7,1,0.14285714285714285,0.008403361344537815,17.0,sealed_dsv4
11,157,12,160,7,1,0.14285714285714285,0.008403361344537815,17.0,sealed_dsv4
11,132,12,4,5,1,0.2,0.008403361344537815,23.8,sealed_dsv4
11,132,12,200,5,1,0.2,0.008403361344537815,23.8,sealed_dsv4
11,132,12,160,5,1,0.2,0.008403361344537815,23.8,sealed_dsv4
12,41,13,56,13,1,0.07692307692307693,0.008620689655172414,8.923076923076923,sealed_dsv4
12,46,13,249,6,1,0.16666666666666666,0.017241379310344827,9.666666666666666,sealed_dsv4
12,46,13,56,6,1,0.16666666666666666,0.008620689655172414,19.333333333333332,sealed_dsv4
13,251,14,237,9,1,0.1111111111111111,0.008771929824561403,12.666666666666666,sealed_dsv4
13,251,14,74,9,1,0.1111111111111111,0.008771929824561403,12.666666666666666,sealed_dsv4
13,251,14,39,9,1,0.1111111111111111,0.008771929824561403,12.666666666666666,sealed_dsv4
13,125,14,237,10,1,0.1,0.008771929824561403,11.400000000000002,sealed_dsv4
13,125,14,74,10,1,0.1,0.008771929824561403,11.400000000000002,sealed_dsv4
13,125,14,39,10,1,0.1,0.008771929824561403,11.400000000000002,sealed_dsv4
14,62,15,144,6,1,0.16666666666666666,0.008333333333333333,20.0,sealed_dsv4
14,62,15,23,6,1,0.16666666666666666,0.008333333333333333,20.0,sealed_dsv4
14,105,15,144,6,1,0.16666666666666666,0.008333333333333333,20.0,sealed_dsv4
14,105,15,23,6,1,0.16666666666666666,0.008333333333333333,20.0,sealed_dsv4
14,41,15,144,7,1,0.14285714285714285,0.008333333333333333,17.142857142857142,sealed_dsv4
14,41,15,23,7,1,0.14285714285714285,0.008333333333333333,17.142857142857142,sealed_dsv4
14,41,15,249,7,1,0.14285714285714285,0.025,5.7142857142857135,sealed_dsv4
15,186,16,162,5,1,0.2,0.04310344827586207,4.64,sealed_dsv4
16,92,17,174,10,1,0.1,0.008928571428571428,11.200000000000001,sealed_dsv4
16,92,17,194,10,1,0.1,0.008928571428571428,11.200000000000001,sealed_dsv4
16,96,17,174,8,1,0.125,0.008928571428571428,14.0,sealed_dsv4
16,96,17,194,8,1,0.125,0.008928571428571428,14.0,sealed_dsv4
16,162,17,135,5,1,0.2,0.044642857142857144,4.48,sealed_dsv4
16,162,17,174,5,1,0.2,0.008928571428571428,22.400000000000002,sealed_dsv4
16,162,17,194,5,1,0.2,0.008928571428571428,22.400000000000002,sealed_dsv4
18,75,19,228,14,1,0.07142857142857142,0.00819672131147541,8.714285714285714,sealed_dsv4
18,75,19,53,14,1,0.07142857142857142,0.00819672131147541,8.714285714285714,sealed_dsv4
18,79,19,228,5,1,0.2,0.00819672131147541,24.4,sealed_dsv4
18,79,19,53,5,1,0.2,0.00819672131147541,24.4,sealed_dsv4
18,122,19,228,8,1,0.125,0.00819672131147541,15.25,sealed_dsv4
18,122,19,53,8,1,0.125,0.00819672131147541,15.25,sealed_dsv4
19,78,20,73,6,1,0.16666666666666666,0.008620689655172414,19.333333333333332,sealed_dsv4
19,78,20,134,6,1,0.16666666666666666,0.008620689655172414,19.333333333333332,sealed_dsv4
19,78,20,224,6,1,0.16666666666666666,0.017241379310344827,9.666666666666666,sealed_dsv4
20,6,21,56,8,1,0.125,0.008547008547008548,14.624999999999998,sealed_dsv4
20,6,21,231,8,1,0.125,0.008547008547008548,14.624999999999998,sealed_dsv4
20,87,21,173,5,1,0.2,0.017094017094017096,11.7,sealed_dsv4
20,87,21,240,5,1,0.2,0.02564102564102564,7.800000000000001,sealed_dsv4
20,87,21,56,5,1,0.2,0.008547008547008548,23.4,sealed_dsv4
20,87,21,231,5,1,0.2,0.008547008547008548,23.4,sealed_dsv4
22,125,23,6,6,1,0.16666666666666666,0.00847457627118644,19.666666666666664,sealed_dsv4
22,123,23,6,15,1,0.06666666666666667,0.00847457627118644,7.866666666666666,sealed_dsv4
22,13,23,6,9,1,0.1111111111111111,0.00847457627118644,13.11111111111111,sealed_dsv4
22,66,23,6,8,1,0.125,0.00847457627118644,14.75,sealed_dsv4
22,66,23,45,8,1,0.125,0.03389830508474576,3.6875,sealed_dsv4
22,136,23,6,7,1,0.14285714285714285,0.00847457627118644,16.857142857142858,sealed_dsv4
22,136,23,45,7,1,0.14285714285714285,0.03389830508474576,4.214285714285714,sealed_dsv4
24,24,25,61,5,1,0.2,0.008771929824561403,22.800000000000004,sealed_dsv4
24,168,25,61,16,1,0.0625,0.008771929824561403,7.125,sealed_dsv4
24,229,25,61,8,1,0.125,0.008771929824561403,14.25,sealed_dsv4
24,153,25,61,6,1,0.16666666666666666,0.008771929824561403,19.0,sealed_dsv4
24,205,25,61,8,1,0.125,0.008771929824561403,14.25,sealed_dsv4
26,128,27,217,8,1,0.125,0.016666666666666666,7.5,sealed_dsv4
27,177,28,80,7,1,0.14285714285714285,0.024793388429752067,5.761904761904762,sealed_dsv4
28,160,29,68,16,1,0.0625,0.008130081300813009,7.687499999999999,sealed_dsv4
28,211,29,68,6,1,0.16666666666666666,0.008130081300813009,20.499999999999996,sealed_dsv4
28,211,29,98,6,1,0.16666666666666666,0.016260162601626018,10.249999999999998,sealed_dsv4
28,179,29,68,9,1,0.1111111111111111,0.008130081300813009,13.666666666666664,sealed_dsv4
28,179,29,98,9,1,0.1111111111111111,0.016260162601626018,6.833333333333332,sealed_dsv4
28,249,29,68,6,1,0.16666666666666666,0.008130081300813009,20.499999999999996,sealed_dsv4
28,94,29,68,7,1,0.14285714285714285,0.008130081300813009,17.57142857142857,sealed_dsv4
30,34,31,255,7,1,0.14285714285714285,0.025423728813559324,5.619047619047619,sealed_dsv4
33,224,34,88,15,1,0.06666666666666667,0.00847457627118644,7.866666666666666,sealed_dsv4
33,255,34,88,15,1,0.06666666666666667,0.00847457627118644,7.866666666666666,sealed_dsv4
33,129,34,88,11,1,0.09090909090909091,0.00847457627118644,10.727272727272728,sealed_dsv4
33,25,34,88,14,1,0.07142857142857142,0.00847457627118644,8.428571428571429,sealed_dsv4
33,47,34,88,8,1,0.125,0.00847457627118644,14.75,sealed_dsv4
34,139,35,201,8,1,0.125,0.016260162601626018,7.687499999999999,sealed_dsv4
37,151,38,155,10,1,0.1,0.00819672131147541,12.2,sealed_dsv4
37,138,38,155,11,1,0.09090909090909091,0.00819672131147541,11.09090909090909,sealed_dsv4
37,245,38,155,12,1,0.08333333333333333,0.00819672131147541,10.166666666666666,sealed_dsv4
37,164,38,155,5,1,0.2,0.00819672131147541,24.4,sealed_dsv4
37,231,38,155,9,1,0.1111111111111111,0.00819672131147541,13.555555555555554,sealed_dsv4
38,32,39,117,13,1,0.07692307692307693,0.008264462809917356,9.307692307692308,sealed_dsv4
38,32,39,184,13,1,0.07692307692307693,0.01652892561983471,4.653846153846154,sealed_dsv4
38,32,39,3,13,1,0.07692307692307693,0.008264462809917356,9.307692307692308,sealed_dsv4
38,209,39,117,11,1,0.09090909090909091,0.008264462809917356,11.0,sealed_dsv4
38,209,39,3,11,1,0.09090909090909091,0.008264462809917356,11.0,sealed_dsv4
38,43,39,117,12,1,0.08333333333333333,0.008264462809917356,10.083333333333332,sealed_dsv4
38,43,39,3,12,1,0.08333333333333333,0.008264462809917356,10.083333333333332,sealed_dsv4
38,187,39,117,9,1,0.1111111111111111,0.008264462809917356,13.444444444444443,sealed_dsv4
38,187,39,3,9,1,0.1111111111111111,0.008264462809917356,13.444444444444443,sealed_dsv4
38,38,39,117,10,1,0.1,0.008264462809917356,12.1,sealed_dsv4
38,38,39,184,10,1,0.1,0.01652892561983471,6.05,sealed_dsv4
38,38,39,3,10,1,0.1,0.008264462809917356,12.1,sealed_dsv4
39,159,40,120,6,1,0.16666666666666666,0.008547008547008548,19.499999999999996,sealed_dsv4
39,191,40,120,13,1,0.07692307692307693,0.008547008547008548,9.0,sealed_dsv4
40,205,41,92,8,1,0.125,0.03333333333333333,3.75,sealed_dsv4
40,205,41,42,8,1,0.125,0.008333333333333333,15.0,sealed_dsv4
40,104,41,42,5,1,0.2,0.008333333333333333,24.0,sealed_dsv4
41,70,42,70,11,1,0.09090909090909091,0.008264462809917356,11.0,sealed_dsv4
41,44,42,158,6,1,0.16666666666666666,0.01652892561983471,10.083333333333332,sealed_dsv4
41,44,42,70,6,1,0.16666666666666666,0.008264462809917356,20.166666666666664,sealed_dsv4
41,236,42,70,10,1,0.1,0.008264462809917356,12.1,sealed_dsv4
3,135,4,114,10,1,0.1,0.017391304347826087,5.75,sealed_dsv4
3,135,4,239,10,1,0.1,0.017391304347826087,5.75,sealed_dsv4
4,233,5,122,11,1,0.09090909090909091,0.00847457627118644,10.727272727272728,sealed_dsv4
4,233,5,151,11,1,0.09090909090909091,0.00847457627118644,10.727272727272728,sealed_dsv4
4,233,5,172,11,1,0.09090909090909091,0.00847457627118644,10.727272727272728,sealed_dsv4
5,52,6,73,14,1,0.07142857142857142,0.008547008547008548,8.357142857142856,sealed_dsv4
5,52,6,205,14,1,0.07142857142857142,0.008547008547008548,8.357142857142856,sealed_dsv4
5,52,6,145,14,1,0.07142857142857142,0.008547008547008548,8.357142857142856,sealed_dsv4
6,39,7,249,10,1,0.1,0.008264462809917356,12.1,sealed_dsv4
6,16,7,249,10,1,0.1,0.008264462809917356,12.1,sealed_dsv4
7,191,8,47,8,1,0.125,0.017094017094017096,7.312499999999999,sealed_dsv4
8,16,9,81,11,1,0.09090909090909091,0.008333333333333333,10.90909090909091,sealed_dsv4
8,232,9,81,10,1,0.1,0.008333333333333333,12.0,sealed_dsv4
8,189,9,81,8,1,0.125,0.008333333333333333,15.0,sealed_dsv4
8,189,9,5,8,1,0.125,0.016666666666666666,7.5,sealed_dsv4
8,71,9,81,9,1,0.1111111111111111,0.008333333333333333,13.333333333333332,sealed_dsv4
8,242,9,81,5,1,0.2,0.008333333333333333,24.0,sealed_dsv4
8,242,9,5,5,1,0.2,0.016666666666666666,12.0,sealed_dsv4
9,219,10,34,10,1,0.1,0.008695652173913044,11.5,sealed_dsv4
9,219,10,48,10,1,0.1,0.017391304347826087,5.75,sealed_dsv4
9,219,10,175,10,1,0.1,0.008695652173913044,11.5,sealed_dsv4
9,127,10,34,9,1,0.1111111111111111,0.008695652173913044,12.777777777777777,sealed_dsv4
9,127,10,175,9,1,0.1111111111111111,0.008695652173913044,12.777777777777777,sealed_dsv4
9,168,10,34,5,1,0.2,0.008695652173913044,23.0,sealed_dsv4
9,168,10,48,5,1,0.2,0.017391304347826087,11.5,sealed_dsv4
9,168,10,175,5,1,0.2,0.008695652173913044,23.0,sealed_dsv4
11,9,12,182,14,1,0.07142857142857142,0.008403361344537815,8.5,sealed_dsv4
11,9,12,218,14,1,0.07142857142857142,0.008403361344537815,8.5,sealed_dsv4
11,157,12,182,7,1,0.14285714285714285,0.008403361344537815,17.0,sealed_dsv4
11,157,12,218,7,1,0.14285714285714285,0.008403361344537815,17.0,sealed_dsv4
12,41,13,71,13,1,0.07692307692307693,0.008620689655172414,8.923076923076923,sealed_dsv4
13,125,14,101,10,1,0.1,0.008771929824561403,11.400000000000002,sealed_dsv4
13,125,14,32,10,1,0.1,0.008771929824561403,11.400000000000002,sealed_dsv4
13,251,14,101,9,1,0.1111111111111111,0.008771929824561403,12.666666666666666,sealed_dsv4
13,251,14,32,9,1,0.1111111111111111,0.008771929824561403,12.666666666666666,sealed_dsv4
14,234,15,24,6,1,0.16666666666666666,0.008333333333333333,20.0,sealed_dsv4
14,234,15,64,6,1,0.16666666666666666,0.008333333333333333,20.0,sealed_dsv4
14,234,15,204,6,1,0.16666666666666666,0.008333333333333333,20.0,sealed_dsv4
14,105,15,24,6,1,0.16666666666666666,0.008333333333333333,20.0,sealed_dsv4
14,105,15,64,6,1,0.16666666666666666,0.008333333333333333,20.0,sealed_dsv4
14,105,15,204,6,1,0.16666666666666666,0.008333333333333333,20.0,sealed_dsv4
14,62,15,24,6,1,0.16666666666666666,0.008333333333333333,20.0,sealed_dsv4
14,62,15,64,6,1,0.16666666666666666,0.008333333333333333,20.0,sealed_dsv4
14,62,15,204,6,1,0.16666666666666666,0.008333333333333333,20.0,sealed_dsv4
14,143,15,24,5,1,0.2,0.008333333333333333,24.0,sealed_dsv4
14,143,15,64,5,1,0.2,0.008333333333333333,24.0,sealed_dsv4
14,143,15,204,5,1,0.2,0.008333333333333333,24.0,sealed_dsv4
15,135,16,186,8,1,0.125,0.008620689655172414,14.5,sealed_dsv4
15,209,16,186,5,1,0.2,0.008620689655172414,23.200000000000003,sealed_dsv4
15,209,16,106,5,1,0.2,0.017241379310344827,11.600000000000001,sealed_dsv4
15,15,16,186,9,1,0.1111111111111111,0.008620689655172414,12.888888888888888,sealed_dsv4
16,92,17,202,10,1,0.1,0.008928571428571428,11.200000000000001,sealed_dsv4
16,96,17,202,8,1,0.125,0.008928571428571428,14.0,sealed_dsv4
17,93,18,26,8,1,0.125,0.017391304347826087,7.1875,sealed_dsv4
17,93,18,123,8,1,0.125,0.008695652173913044,14.375,sealed_dsv4
17,112,18,26,10,1,0.1,0.017391304347826087,5.75,sealed_dsv4
17,112,18,123,10,1,0.1,0.008695652173913044,11.5,sealed_dsv4
17,135,18,123,5,1,0.2,0.008695652173913044,23.0,sealed_dsv4
17,3,18,123,13,1,0.07692307692307693,0.008695652173913044,8.846153846153847,sealed_dsv4
18,75,19,117,14,1,0.07142857142857142,0.00819672131147541,8.714285714285714,sealed_dsv4
18,75,19,96,14,1,0.07142857142857142,0.00819672131147541,8.714285714285714,sealed_dsv4
18,75,19,95,14,1,0.07142857142857142,0.00819672131147541,8.714285714285714,sealed_dsv4
18,79,19,3,5,1,0.2,0.01639344262295082,12.2,sealed_dsv4
18,79,19,117,5,1,0.2,0.00819672131147541,24.4,sealed_dsv4
18,79,19,96,5,1,0.2,0.00819672131147541,24.4,sealed_dsv4
18,79,19,95,5,1,0.2,0.00819672131147541,24.4,sealed_dsv4
18,122,19,3,8,1,0.125,0.01639344262295082,7.625,sealed_dsv4
18,122,19,117,8,1,0.125,0.00819672131147541,15.25,sealed_dsv4
18,122,19,96,8,1,0.125,0.00819672131147541,15.25,sealed_dsv4
18,122,19,95,8,1,0.125,0.00819672131147541,15.25,sealed_dsv4
20,87,21,203,5,1,0.2,0.008547008547008548,23.4,sealed_dsv4
20,87,21,197,5,1,0.2,0.017094017094017096,11.7,sealed_dsv4
20,6,21,203,8,1,0.125,0.008547008547008548,14.624999999999998,sealed_dsv4
20,6,21,197,8,1,0.125,0.017094017094017096,7.312499999999999,sealed_dsv4
21,167,22,180,7,1,0.14285714285714285,0.008620689655172414,16.57142857142857,sealed_dsv4
21,155,22,180,10,1,0.1,0.008620689655172414,11.600000000000001,sealed_dsv4
21,155,22,61,10,1,0.1,0.02586206896551724,3.866666666666667,sealed_dsv4
22,123,23,144,15,1,0.06666666666666667,0.00847457627118644,7.866666666666666,sealed_dsv4
22,13,23,144,9,1,0.1111111111111111,0.00847457627118644,13.11111111111111,sealed_dsv4
22,136,23,0,7,1,0.14285714285714285,0.03389830508474576,4.214285714285714,sealed_dsv4
22,136,23,144,7,1,0.14285714285714285,0.00847457627118644,16.857142857142858,sealed_dsv4
22,136,23,201,7,1,0.14285714285714285,0.01694915254237288,8.428571428571429,sealed_dsv4
22,66,23,144,8,1,0.125,0.00847457627118644,14.75,sealed_dsv4
22,66,23,201,8,1,0.125,0.01694915254237288,7.375,sealed_dsv4
24,24,25,100,5,1,0.2,0.008771929824561403,22.800000000000004,sealed_dsv4
24,205,25,100,8,1,0.125,0.008771929824561403,14.25,sealed_dsv4
24,153,25,191,6,1,0.16666666666666666,0.03508771929824561,4.75,sealed_dsv4
24,153,25,100,6,1,0.16666666666666666,0.008771929824561403,19.0,sealed_dsv4
24,153,25,122,6,1,0.16666666666666666,0.017543859649122806,9.5,sealed_dsv4
24,153,25,221,6,1,0.16666666666666666,0.017543859649122806,9.5,sealed_dsv4
24,168,25,100,16,1,0.0625,0.008771929824561403,7.125,sealed_dsv4
24,206,25,100,6,1,0.16666666666666666,0.008771929824561403,19.0,sealed_dsv4
24,206,25,122,6,1,0.16666666666666666,0.017543859649122806,9.5,sealed_dsv4
24,206,25,221,6,1,0.16666666666666666,0.017543859649122806,9.5,sealed_dsv4
25,48,26,115,11,1,0.09090909090909091,0.01680672268907563,5.409090909090909,sealed_dsv4
26,128,27,31,8,1,0.125,0.016666666666666666,7.5,sealed_dsv4
26,152,27,231,7,1,0.14285714285714285,0.016666666666666666,8.571428571428571,sealed_dsv4
26,152,27,31,7,1,0.14285714285714285,0.016666666666666666,8.571428571428571,sealed_dsv4
27,15,28,142,5,1,0.2,0.01652892561983471,12.1,sealed_dsv4
27,15,28,213,5,1,0.2,0.01652892561983471,12.1,sealed_dsv4
27,253,28,26,11,1,0.09090909090909091,0.01652892561983471,5.5,sealed_dsv4
28,160,29,156,16,1,0.0625,0.008130081300813009,7.687499999999999,sealed_dsv4
28,160,29,77,16,1,0.0625,0.008130081300813009,7.687499999999999,sealed_dsv4
28,179,29,45,9,1,0.1111111111111111,0.016260162601626018,6.833333333333332,sealed_dsv4
28,179,29,156,9,1,0.1111111111111111,0.008130081300813009,13.666666666666664,sealed_dsv4
28,179,29,48,9,1,0.1111111111111111,0.016260162601626018,6.833333333333332,sealed_dsv4
28,179,29,77,9,1,0.1111111111111111,0.008130081300813009,13.666666666666664,sealed_dsv4
29,210,30,234,14,1,0.07142857142857142,0.008547008547008548,8.357142857142856,sealed_dsv4
29,58,30,234,8,1,0.125,0.008547008547008548,14.624999999999998,sealed_dsv4
29,58,30,63,8,1,0.125,0.017094017094017096,7.312499999999999,sealed_dsv4
30,113,31,82,12,1,0.08333333333333333,0.00847457627118644,9.833333333333332,sealed_dsv4
30,34,31,82,7,1,0.14285714285714285,0.00847457627118644,16.857142857142858,sealed_dsv4
30,117,31,82,12,1,0.08333333333333333,0.00847457627118644,9.833333333333332,sealed_dsv4
31,244,32,55,10,1,0.1,0.017543859649122806,5.700000000000001,sealed_dsv4
34,122,35,195,9,1,0.1111111111111111,0.008130081300813009,13.666666666666664,sealed_dsv4
34,122,35,25,9,1,0.1111111111111111,0.008130081300813009,13.666666666666664,sealed_dsv4
34,70,35,195,12,1,0.08333333333333333,0.008130081300813009,10.249999999999998,sealed_dsv4
34,70,35,25,12,1,0.08333333333333333,0.008130081300813009,10.249999999999998,sealed_dsv4
34,11,35,195,15,1,0.06666666666666667,0.008130081300813009,8.2,sealed_dsv4
34,11,35,25,15,1,0.06666666666666667,0.008130081300813009,8.2,sealed_dsv4
34,243,35,195,11,1,0.09090909090909091,0.008130081300813009,11.181818181818182,sealed_dsv4
34,243,35,25,11,1,0.09090909090909091,0.008130081300813009,11.181818181818182,sealed_dsv4
34,139,35,195,8,1,0.125,0.008130081300813009,15.374999999999998,sealed_dsv4
34,139,35,25,8,1,0.125,0.008130081300813009,15.374999999999998,sealed_dsv4
34,177,35,129,5,1,0.2,0.06504065040650407,3.0749999999999997,sealed_dsv4
34,177,35,195,5,1,0.2,0.008130081300813009,24.599999999999998,sealed_dsv4
34,177,35,25,5,1,0.2,0.008130081300813009,24.599999999999998,sealed_dsv4
34,177,35,75,5,1,0.2,0.016260162601626018,12.299999999999999,sealed_dsv4
36,23,37,171,5,1,0.2,0.017094017094017096,11.7,sealed_dsv4
36,229,37,171,9,1,0.1111111111111111,0.017094017094017096,6.499999999999999,sealed_dsv4
37,151,38,42,10,1,0.1,0.00819672131147541,12.2,sealed_dsv4
37,138,38,42,11,1,0.09090909090909091,0.00819672131147541,11.09090909090909,sealed_dsv4
37,245,38,42,12,1,0.08333333333333333,0.00819672131147541,10.166666666666666,sealed_dsv4
37,164,38,42,5,1,0.2,0.00819672131147541,24.4,sealed_dsv4
37,231,38,42,9,1,0.1111111111111111,0.00819672131147541,13.555555555555554,sealed_dsv4
38,209,39,7,11,1,0.09090909090909091,0.008264462809917356,11.0,sealed_dsv4
38,209,39,224,11,1,0.09090909090909091,0.01652892561983471,5.5,sealed_dsv4
38,43,39,7,12,1,0.08333333333333333,0.008264462809917356,10.083333333333332,sealed_dsv4
38,43,39,224,12,1,0.08333333333333333,0.01652892561983471,5.041666666666666,sealed_dsv4
38,187,39,7,9,1,0.1111111111111111,0.008264462809917356,13.444444444444443,sealed_dsv4
38,187,39,224,9,1,0.1111111111111111,0.01652892561983471,6.722222222222221,sealed_dsv4
38,32,39,7,13,1,0.07692307692307693,0.008264462809917356,9.307692307692308,sealed_dsv4
38,38,39,7,10,1,0.1,0.008264462809917356,12.1,sealed_dsv4
38,38,39,224,10,1,0.1,0.01652892561983471,6.05,sealed_dsv4
39,191,40,83,13,1,0.07692307692307693,0.008547008547008548,9.0,sealed_dsv4
39,159,40,83,6,1,0.16666666666666666,0.008547008547008548,19.499999999999996,sealed_dsv4
39,159,40,42,6,1,0.16666666666666666,0.03418803418803419,4.874999999999999,sealed_dsv4
39,150,40,83,6,1,0.16666666666666666,0.008547008547008548,19.499999999999996,sealed_dsv4
39,150,40,42,6,1,0.16666666666666666,0.03418803418803419,4.874999999999999,sealed_dsv4
40,205,41,149,8,1,0.125,0.016666666666666666,7.5,sealed_dsv4
40,205,41,119,8,1,0.125,0.008333333333333333,15.0,sealed_dsv4
41,70,42,155,11,1,0.09090909090909091,0.008264462809917356,11.0,sealed_dsv4
41,247,42,239,7,1,0.14285714285714285,0.04132231404958678,3.457142857142857,sealed_dsv4
41,247,42,98,7,1,0.14285714285714285,0.049586776859504134,2.880952380952381,sealed_dsv4
41,247,42,155,7,1,0.14285714285714285,0.008264462809917356,17.285714285714285,sealed_dsv4
41,247,42,99,7,1,0.14285714285714285,0.024793388429752067,5.761904761904762,sealed_dsv4
41,236,42,155,10,1,0.1,0.008264462809917356,12.1,sealed_dsv4
41,44,42,155,6,1,0.16666666666666666,0.008264462809917356,20.166666666666664,sealed_dsv4
3,101,4,69,7,1,0.14285714285714285,0.008695652173913044,16.428571428571427,sealed_dsv4
3,101,4,9,7,1,0.14285714285714285,0.017391304347826087,8.214285714285714,sealed_dsv4
3,101,4,80,7,1,0.14285714285714285,0.017391304347826087,8.214285714285714,sealed_dsv4
3,202,4,69,7,1,0.14285714285714285,0.008695652173913044,16.428571428571427,sealed_dsv4
3,135,4,69,10,1,0.1,0.008695652173913044,11.5,sealed_dsv4
3,135,4,9,10,1,0.1,0.017391304347826087,5.75,sealed_dsv4
3,135,4,80,10,1,0.1,0.017391304347826087,5.75,sealed_dsv4
3,71,4,69,7,1,0.14285714285714285,0.008695652173913044,16.428571428571427,sealed_dsv4
3,71,4,9,7,1,0.14285714285714285,0.017391304347826087,8.214285714285714,sealed_dsv4
3,71,4,80,7,1,0.14285714285714285,0.017391304347826087,8.214285714285714,sealed_dsv4
4,97,5,107,9,1,0.1111111111111111,0.00847457627118644,13.11111111111111,sealed_dsv4
4,97,5,78,9,1,0.1111111111111111,0.00847457627118644,13.11111111111111,sealed_dsv4
4,97,5,129,9,1,0.1111111111111111,0.01694915254237288,6.555555555555555,sealed_dsv4
4,97,5,130,9,1,0.1111111111111111,0.00847457627118644,13.11111111111111,sealed_dsv4
4,8,5,107,8,1,0.125,0.00847457627118644,14.75,sealed_dsv4
4,8,5,78,8,1,0.125,0.00847457627118644,14.75,sealed_dsv4
4,8,5,129,8,1,0.125,0.01694915254237288,7.375,sealed_dsv4
4,8,5,130,8,1,0.125,0.00847457627118644,14.75,sealed_dsv4
4,233,5,107,11,1,0.09090909090909091,0.00847457627118644,10.727272727272728,sealed_dsv4
4,233,5,78,11,1,0.09090909090909091,0.00847457627118644,10.727272727272728,sealed_dsv4
4,233,5,130,11,1,0.09090909090909091,0.00847457627118644,10.727272727272728,sealed_dsv4
6,16,7,43,10,1,0.1,0.008264462809917356,12.1,sealed_dsv4
6,16,7,252,10,1,0.1,0.008264462809917356,12.1,sealed_dsv4
6,111,7,43,8,1,0.125,0.008264462809917356,15.125,sealed_dsv4
6,111,7,252,8,1,0.125,0.008264462809917356,15.125,sealed_dsv4
6,138,7,43,7,1,0.14285714285714285,0.008264462809917356,17.285714285714285,sealed_dsv4
6,138,7,252,7,1,0.14285714285714285,0.008264462809917356,17.285714285714285,sealed_dsv4
6,53,7,43,10,1,0.1,0.008264462809917356,12.1,sealed_dsv4
6,53,7,252,10,1,0.1,0.008264462809917356,12.1,sealed_dsv4
6,1,7,43,6,1,0.16666666666666666,0.008264462809917356,20.166666666666664,sealed_dsv4
6,1,7,252,6,1,0.16666666666666666,0.008264462809917356,20.166666666666664,sealed_dsv4
7,141,8,12,14,1,0.07142857142857142,0.008547008547008548,8.357142857142856,sealed_dsv4
7,140,8,12,8,1,0.125,0.008547008547008548,14.624999999999998,sealed_dsv4
7,135,8,12,6,1,0.16666666666666666,0.008547008547008548,19.499999999999996,sealed_dsv4
8,115,9,180,8,1,0.125,0.008333333333333333,15.0,sealed_dsv4
8,115,9,99,8,1,0.125,0.008333333333333333,15.0,sealed_dsv4
8,115,9,131,8,1,0.125,0.008333333333333333,15.0,sealed_dsv4
8,200,9,180,8,1,0.125,0.008333333333333333,15.0,sealed_dsv4
8,200,9,99,8,1,0.125,0.008333333333333333,15.0,sealed_dsv4
8,200,9,131,8,1,0.125,0.008333333333333333,15.0,sealed_dsv4
8,146,9,180,7,1,0.14285714285714285,0.008333333333333333,17.142857142857142,sealed_dsv4
8,146,9,99,7,1,0.14285714285714285,0.008333333333333333,17.142857142857142,sealed_dsv4
8,146,9,131,7,1,0.14285714285714285,0.008333333333333333,17.142857142857142,sealed_dsv4
8,28,9,180,5,1,0.2,0.008333333333333333,24.0,sealed_dsv4
8,28,9,80,5,1,0.2,0.03333333333333333,6.0,sealed_dsv4
8,28,9,99,5,1,0.2,0.008333333333333333,24.0,sealed_dsv4
8,28,9,131,5,1,0.2,0.008333333333333333,24.0,sealed_dsv4
8,161,9,180,5,1,0.2,0.008333333333333333,24.0,sealed_dsv4
8,161,9,99,5,1,0.2,0.008333333333333333,24.0,sealed_dsv4
8,161,9,131,5,1,0.2,0.008333333333333333,24.0,sealed_dsv4
9,242,10,23,8,1,0.125,0.008695652173913044,14.375,sealed_dsv4
9,242,10,105,8,1,0.125,0.008695652173913044,14.375,sealed_dsv4
9,242,10,48,8,1,0.125,0.017391304347826087,7.1875,sealed_dsv4
9,242,10,84,8,1,0.125,0.008695652173913044,14.375,sealed_dsv4
9,127,10,23,9,1,0.1111111111111111,0.008695652173913044,12.777777777777777,sealed_dsv4
9,127,10,105,9,1,0.1111111111111111,0.008695652173913044,12.777777777777777,sealed_dsv4
9,127,10,84,9,1,0.1111111111111111,0.008695652173913044,12.777777777777777,sealed_dsv4
10,40,11,199,9,1,0.1111111111111111,0.00847457627118644,13.11111111111111,sealed_dsv4
12,122,13,47,9,1,0.1111111111111111,0.008620689655172414,12.888888888888888,sealed_dsv4
12,122,13,222,9,1,0.1111111111111111,0.008620689655172414,12.888888888888888,sealed_dsv4
12,41,13,47,13,1,0.07692307692307693,0.008620689655172414,8.923076923076923,sealed_dsv4
12,41,13,222,13,1,0.07692307692307693,0.008620689655172414,8.923076923076923,sealed_dsv4
12,142,13,47,6,1,0.16666666666666666,0.008620689655172414,19.333333333333332,sealed_dsv4
12,142,13,222,6,1,0.16666666666666666,0.008620689655172414,19.333333333333332,sealed_dsv4
12,43,13,47,6,1,0.16666666666666666,0.008620689655172414,19.333333333333332,sealed_dsv4
12,43,13,222,6,1,0.16666666666666666,0.008620689655172414,19.333333333333332,sealed_dsv4
13,125,14,178,10,1,0.1,0.02631578947368421,3.8000000000000003,sealed_dsv4
14,1,15,165,9,1,0.1111111111111111,0.008333333333333333,13.333333333333332,sealed_dsv4
14,49,15,165,8,1,0.125,0.008333333333333333,15.0,sealed_dsv4
14,235,15,165,6,1,0.16666666666666666,0.008333333333333333,20.0,sealed_dsv4
14,245,15,165,6,1,0.16666666666666666,0.008333333333333333,20.0,sealed_dsv4
14,62,15,79,6,1,0.16666666666666666,0.041666666666666664,4.0,sealed_dsv4
14,62,15,9,6,1,0.16666666666666666,0.016666666666666666,10.0,sealed_dsv4
14,62,15,165,6,1,0.16666666666666666,0.008333333333333333,20.0,sealed_dsv4
15,104,16,189,7,1,0.14285714285714285,0.008620689655172414,16.57142857142857,sealed_dsv4
15,176,16,189,8,1,0.125,0.008620689655172414,14.5,sealed_dsv4
15,79,16,189,5,1,0.2,0.008620689655172414,23.200000000000003,sealed_dsv4
15,186,16,176,5,1,0.2,0.05172413793103448,3.866666666666667,sealed_dsv4
15,186,16,189,5,1,0.2,0.008620689655172414,23.200000000000003,sealed_dsv4
16,179,17,137,7,1,0.14285714285714285,0.008928571428571428,16.0,sealed_dsv4
16,240,17,137,7,1,0.14285714285714285,0.008928571428571428,16.0,sealed_dsv4
16,255,17,137,6,1,0.16666666666666666,0.008928571428571428,18.666666666666668,sealed_dsv4
16,255,17,135,6,1,0.16666666666666666,0.044642857142857144,3.733333333333333,sealed_dsv4
16,176,17,137,6,1,0.16666666666666666,0.008928571428571428,18.666666666666668,sealed_dsv4
16,176,17,135,6,1,0.16666666666666666,0.044642857142857144,3.733333333333333,sealed_dsv4
16,57,17,137,6,1,0.16666666666666666,0.008928571428571428,18.666666666666668,sealed_dsv4
16,57,17,135,6,1,0.16666666666666666,0.044642857142857144,3.733333333333333,sealed_dsv4
17,61,18,26,8,1,0.125,0.017391304347826087,7.1875,sealed_dsv4
17,135,18,209,5,1,0.2,0.043478260869565216,4.6000000000000005,sealed_dsv4
17,135,18,173,5,1,0.2,0.017391304347826087,11.5,sealed_dsv4
18,166,19,203,8,1,0.125,0.00819672131147541,15.25,sealed_dsv4
18,166,19,30,8,1,0.125,0.00819672131147541,15.25,sealed_dsv4
18,75,19,203,14,1,0.07142857142857142,0.00819672131147541,8.714285714285714,sealed_dsv4
18,75,19,30,14,1,0.07142857142857142,0.00819672131147541,8.714285714285714,sealed_dsv4
18,209,19,203,5,1,0.2,0.00819672131147541,24.4,sealed_dsv4
18,209,19,30,5,1,0.2,0.00819672131147541,24.4,sealed_dsv4
18,122,19,203,8,1,0.125,0.00819672131147541,15.25,sealed_dsv4
18,122,19,10,8,1,0.125,0.040983606557377046,3.0500000000000003,sealed_dsv4
18,122,19,107,8,1,0.125,0.02459016393442623,5.083333333333333,sealed_dsv4
18,122,19,30,8,1,0.125,0.00819672131147541,15.25,sealed_dsv4
18,122,19,234,8,1,0.125,0.02459016393442623,5.083333333333333,sealed_dsv4
19,181,20,205,7,1,0.14285714285714285,0.008620689655172414,16.57142857142857,sealed_dsv4
19,181,20,112,7,1,0.14285714285714285,0.034482758620689655,4.142857142857142,sealed_dsv4
19,181,20,50,7,1,0.14285714285714285,0.008620689655172414,16.57142857142857,sealed_dsv4
19,181,20,87,7,1,0.14285714285714285,0.04310344827586207,3.314285714285714,sealed_dsv4
19,10,20,205,5,1,0.2,0.008620689655172414,23.200000000000003,sealed_dsv4
19,10,20,112,5,1,0.2,0.034482758620689655,5.800000000000001,sealed_dsv4
19,10,20,50,5,1,0.2,0.008620689655172414,23.200000000000003,sealed_dsv4
19,10,20,60,5,1,0.2,0.02586206896551724,7.733333333333334,sealed_dsv4
19,10,20,87,5,1,0.2,0.04310344827586207,4.64,sealed_dsv4
20,6,21,221,8,1,0.125,0.008547008547008548,14.624999999999998,sealed_dsv4
20,87,21,221,5,1,0.2,0.008547008547008548,23.4,sealed_dsv4
20,87,21,49,5,1,0.2,0.05128205128205128,3.9000000000000004,sealed_dsv4
21,167,22,254,7,1,0.14285714285714285,0.008620689655172414,16.57142857142857,sealed_dsv4
21,167,22,33,7,1,0.14285714285714285,0.008620689655172414,16.57142857142857,sealed_dsv4
21,49,22,254,6,1,0.16666666666666666,0.008620689655172414,19.333333333333332,sealed_dsv4
21,49,22,33,6,1,0.16666666666666666,0.008620689655172414,19.333333333333332,sealed_dsv4
21,155,22,254,10,1,0.1,0.008620689655172414,11.600000000000001,sealed_dsv4
21,155,22,33,10,1,0.1,0.008620689655172414,11.600000000000001,sealed_dsv4
22,123,23,22,15,1,0.06666666666666667,0.00847457627118644,7.866666666666666,sealed_dsv4
22,13,23,106,9,1,0.1111111111111111,0.03389830508474576,3.2777777777777777,sealed_dsv4
22,13,23,22,9,1,0.1111111111111111,0.00847457627118644,13.11111111111111,sealed_dsv4
22,66,23,22,8,1,0.125,0.00847457627118644,14.75,sealed_dsv4
22,136,23,22,7,1,0.14285714285714285,0.00847457627118644,16.857142857142858,sealed_dsv4
23,74,24,81,7,1,0.14285714285714285,0.008620689655172414,16.57142857142857,sealed_dsv4
23,175,24,81,9,1,0.1111111111111111,0.008620689655172414,12.888888888888888,sealed_dsv4
24,229,25,221,8,1,0.125,0.017543859649122806,7.125,sealed_dsv4
24,229,25,122,8,1,0.125,0.017543859649122806,7.125,sealed_dsv4
25,0,26,62,16,1,0.0625,0.008403361344537815,7.4375,sealed_dsv4
25,0,26,172,16,1,0.0625,0.008403361344537815,7.4375,sealed_dsv4
25,48,26,62,11,1,0.09090909090909091,0.008403361344537815,10.818181818181818,sealed_dsv4
25,48,26,172,11,1,0.09090909090909091,0.008403361344537815,10.818181818181818,sealed_dsv4
25,143,26,62,10,1,0.1,0.008403361344537815,11.9,sealed_dsv4
25,143,26,172,10,1,0.1,0.008403361344537815,11.9,sealed_dsv4
25,143,26,232,10,1,0.1,0.01680672268907563,5.95,sealed_dsv4
26,98,27,232,15,1,0.06666666666666667,0.008333333333333333,8.0,sealed_dsv4
26,98,27,87,15,1,0.06666666666666667,0.008333333333333333,8.0,sealed_dsv4
26,128,27,232,8,1,0.125,0.008333333333333333,15.0,sealed_dsv4
26,128,27,87,8,1,0.125,0.008333333333333333,15.0,sealed_dsv4
27,5,28,41,16,1,0.0625,0.008264462809917356,7.5625,sealed_dsv4
27,253,28,41,11,1,0.09090909090909091,0.008264462809917356,11.0,sealed_dsv4
27,25,28,41,8,1,0.125,0.008264462809917356,15.125,sealed_dsv4
28,160,29,119,16,1,0.0625,0.008130081300813009,7.687499999999999,sealed_dsv4
28,249,29,45,6,1,0.16666666666666666,0.016260162601626018,10.249999999999998,sealed_dsv4
28,249,29,48,6,1,0.16666666666666666,0.016260162601626018,10.249999999999998,sealed_dsv4
28,249,29,119,6,1,0.16666666666666666,0.008130081300813009,20.499999999999996,sealed_dsv4
29,58,30,120,8,1,0.125,0.02564102564102564,4.875,sealed_dsv4
29,41,30,135,8,1,0.125,0.02564102564102564,4.875,sealed_dsv4
30,34,31,76,7,1,0.14285714285714285,0.00847457627118644,16.857142857142858,sealed_dsv4
30,113,31,76,12,1,0.08333333333333333,0.00847457627118644,9.833333333333332,sealed_dsv4
30,117,31,76,12,1,0.08333333333333333,0.00847457627118644,9.833333333333332,sealed_dsv4
33,224,34,75,15,1,0.06666666666666667,0.00847457627118644,7.866666666666666,sealed_dsv4
33,255,34,75,15,1,0.06666666666666667,0.00847457627118644,7.866666666666666,sealed_dsv4
33,25,34,75,14,1,0.07142857142857142,0.00847457627118644,8.428571428571429,sealed_dsv4
33,129,34,75,11,1,0.09090909090909091,0.00847457627118644,10.727272727272728,sealed_dsv4
33,47,34,75,8,1,0.125,0.00847457627118644,14.75,sealed_dsv4
34,122,35,104,9,1,0.1111111111111111,0.016260162601626018,6.833333333333332,sealed_dsv4
34,139,35,104,8,1,0.125,0.016260162601626018,7.687499999999999,sealed_dsv4
37,164,38,190,5,1,0.2,0.02459016393442623,8.133333333333335,sealed_dsv4
38,209,39,86,11,1,0.09090909090909091,0.008264462809917356,11.0,sealed_dsv4
38,43,39,86,12,1,0.08333333333333333,0.008264462809917356,10.083333333333332,sealed_dsv4
38,32,39,86,13,1,0.07692307692307693,0.008264462809917356,9.307692307692308,sealed_dsv4
38,187,39,86,9,1,0.1111111111111111,0.008264462809917356,13.444444444444443,sealed_dsv4
38,38,39,86,10,1,0.1,0.008264462809917356,12.1,sealed_dsv4
39,159,40,112,6,1,0.16666666666666666,0.017094017094017096,9.749999999999998,sealed_dsv4
39,179,40,28,11,1,0.09090909090909091,0.017094017094017096,5.3181818181818175,sealed_dsv4
39,179,40,112,11,1,0.09090909090909091,0.017094017094017096,5.3181818181818175,sealed_dsv4
39,150,40,104,6,1,0.16666666666666666,0.042735042735042736,3.9,sealed_dsv4
39,150,40,112,6,1,0.16666666666666666,0.017094017094017096,9.749999999999998,sealed_dsv4
40,205,41,17,8,1,0.125,0.008333333333333333,15.0,sealed_dsv4
40,205,41,209,8,1,0.125,0.008333333333333333,15.0,sealed_dsv4
40,104,41,17,5,1,0.2,0.008333333333333333,24.0,sealed_dsv4
40,104,41,209,5,1,0.2,0.008333333333333333,24.0,sealed_dsv4
8,123,9,95,11,11,1.0,0.125,8.0,ornith_dual-long-prompt
7,245,8,123,10,10,1.0,0.125,8.0,ornith_dual-long-prompt
9,95,10,194,11,10,0.9090909090909091,0.11363636363636363,8.0,ornith_dual-long-prompt
9,95,10,70,11,10,0.9090909090909091,0.11363636363636363,8.0,ornith_dual-long-prompt
33,127,34,40,10,9,0.9,0.11363636363636363,7.920000000000001,ornith_dual-long-prompt
7,245,8,72,10,9,0.9,0.10227272727272728,8.799999999999999,ornith_dual-long-prompt
8,72,9,95,9,9,1.0,0.125,8.0,ornith_dual-long-prompt
20,72,21,95,9,9,1.0,0.11363636363636363,8.8,ornith_dual-long-prompt
31,162,32,191,9,9,1.0,0.11363636363636363,8.8,ornith_dual-long-prompt
32,191,33,127,10,9,0.9,0.11363636363636363,7.920000000000001,ornith_dual-long-prompt
37,55,38,209,9,9,1.0,0.125,8.0,ornith_dual-long-prompt
7,245,8,3,10,9,0.9,0.10227272727272728,8.799999999999999,ornith_dual-long-prompt
7,116,8,3,9,9,1.0,0.10227272727272728,9.777777777777777,ornith_dual-long-prompt
7,116,8,123,9,9,1.0,0.125,8.0,ornith_dual-long-prompt
8,3,9,95,9,9,1.0,0.125,8.0,ornith_dual-long-prompt
12,60,13,70,9,9,1.0,0.10227272727272728,9.777777777777777,ornith_dual-long-prompt
12,60,13,120,9,9,1.0,0.10227272727272728,9.777777777777777,ornith_dual-long-prompt
13,70,14,225,9,9,1.0,0.10227272727272728,9.777777777777777,ornith_dual-long-prompt
13,120,14,225,9,9,1.0,0.10227272727272728,9.777777777777777,ornith_dual-long-prompt
16,60,17,100,10,9,0.9,0.10227272727272728,8.799999999999999,ornith_dual-long-prompt
16,233,17,100,10,9,0.9,0.10227272727272728,8.799999999999999,ornith_dual-long-prompt
30,182,31,215,9,9,1.0,0.10227272727272728,9.777777777777777,ornith_dual-long-prompt
31,215,32,191,9,9,1.0,0.11363636363636363,8.8,ornith_dual-long-prompt
32,191,33,165,10,9,0.9,0.10227272727272728,8.799999999999999,ornith_dual-long-prompt
32,101,33,127,9,8,0.8888888888888888,0.11363636363636363,7.822222222222222,ornith_dual-long-prompt
34,40,35,97,10,8,0.8,0.09090909090909091,8.8,ornith_dual-long-prompt
6,149,7,245,8,8,1.0,0.11363636363636363,8.8,ornith_dual-long-prompt
7,245,8,232,10,8,0.8,0.09090909090909091,8.8,ornith_dual-long-prompt
8,123,9,99,11,8,0.7272727272727273,0.09090909090909091,8.0,ornith_dual-long-prompt
8,72,9,99,9,8,0.8888888888888888,0.09090909090909091,9.777777777777777,ornith_dual-long-prompt
8,232,9,95,8,8,1.0,0.125,8.0,ornith_dual-long-prompt
9,99,10,194,8,8,1.0,0.11363636363636363,8.8,ornith_dual-long-prompt
9,99,10,70,8,8,1.0,0.11363636363636363,8.8,ornith_dual-long-prompt
16,130,17,248,9,8,0.8888888888888888,0.09090909090909091,9.777777777777777,ornith_dual-long-prompt
16,60,17,248,10,8,0.8,0.09090909090909091,8.8,ornith_dual-long-prompt
16,233,17,248,10,8,0.8,0.09090909090909091,8.8,ornith_dual-long-prompt
17,248,18,34,8,8,1.0,0.09090909090909091,11.0,ornith_dual-long-prompt
20,3,21,95,8,8,1.0,0.11363636363636363,8.8,ornith_dual-long-prompt
21,95,22,194,10,8,0.8,0.09090909090909091,8.8,ornith_dual-long-prompt
24,1,25,70,8,8,1.0,0.11363636363636363,8.8,ornith_dual-long-prompt
25,70,26,105,10,8,0.8,0.09090909090909091,8.8,ornith_dual-long-prompt
28,233,29,232,10,8,0.8,0.09090909090909091,8.8,ornith_dual-long-prompt
28,60,29,232,9,8,0.8888888888888888,0.09090909090909091,9.777777777777777,ornith_dual-long-prompt
36,73,37,55,9,8,0.8888888888888888,0.10227272727272728,8.691358024691358,ornith_dual-long-prompt
12,42,13,70,8,8,1.0,0.10227272727272728,9.777777777777777,ornith_dual-long-prompt
12,42,13,120,8,8,1.0,0.10227272727272728,9.777777777777777,ornith_dual-long-prompt
16,60,17,71,10,8,0.8,0.09090909090909091,8.8,ornith_dual-long-prompt
16,130,17,100,9,8,0.8888888888888888,0.10227272727272728,8.691358024691358,ornith_dual-long-prompt
16,233,17,71,10,8,0.8,0.09090909090909091,8.8,ornith_dual-long-prompt
17,100,18,182,9,8,0.8888888888888888,0.09090909090909091,9.777777777777777,ornith_dual-long-prompt
17,71,18,182,8,8,1.0,0.09090909090909091,11.0,ornith_dual-long-prompt
18,182,19,215,8,8,1.0,0.10227272727272728,9.777777777777777,ornith_dual-long-prompt
19,215,20,72,9,8,0.8888888888888888,0.10227272727272728,8.691358024691358,ornith_dual-long-prompt
21,95,22,70,10,8,0.8,0.09090909090909091,8.8,ornith_dual-long-prompt
25,70,26,225,10,8,0.8,0.09090909090909091,8.8,ornith_dual-long-prompt
28,60,29,71,9,8,0.8888888888888888,0.09090909090909091,9.777777777777777,ornith_dual-long-prompt
28,233,29,71,10,8,0.8,0.09090909090909091,8.8,ornith_dual-long-prompt
29,71,30,182,8,8,1.0,0.10227272727272728,9.777777777777777,ornith_dual-long-prompt
30,182,31,162,9,8,0.8888888888888888,0.10227272727272728,8.691358024691358,ornith_dual-long-prompt
30,30,31,215,8,8,1.0,0.10227272727272728,9.777777777777777,ornith_dual-long-prompt
33,165,34,40,9,8,0.8888888888888888,0.11363636363636363,7.822222222222222,ornith_dual-long-prompt
34,40,35,131,10,8,0.8,0.09090909090909091,8.8,ornith_dual-long-prompt
34,40,35,35,10,8,0.8,0.10227272727272728,7.822222222222222,ornith_dual-long-prompt
37,55,38,173,9,8,0.8888888888888888,0.09090909090909091,9.777777777777777,ornith_dual-long-prompt
7,95,8,72,8,8,1.0,0.10227272727272728,9.777777777777777,ornith_dual-long-prompt
7,95,8,123,8,8,1.0,0.125,8.0,ornith_dual-long-prompt
7,95,8,3,8,8,1.0,0.10227272727272728,9.777777777777777,ornith_dual-long-prompt
7,116,8,72,9,8,0.8888888888888888,0.10227272727272728,8.691358024691358,ornith_dual-long-prompt
16,40,17,100,8,8,1.0,0.10227272727272728,9.777777777777777,ornith_dual-long-prompt
35,97,36,73,8,7,0.875,0.10227272727272728,8.555555555555555,ornith_dual-long-prompt
4,134,5,64,8,7,0.875,0.07954545454545454,11.0,ornith_dual-long-prompt
7,166,8,123,7,7,1.0,0.125,8.0,ornith_dual-long-prompt
7,166,8,232,7,7,1.0,0.09090909090909091,11.0,ornith_dual-long-prompt
10,194,11,237,10,7,0.7,0.07954545454545454,8.799999999999999,ornith_dual-long-prompt
10,70,11,237,10,7,0.7,0.07954545454545454,8.799999999999999,ornith_dual-long-prompt
14,12,15,6,7,7,1.0,0.07954545454545454,12.571428571428571,ornith_dual-long-prompt
15,6,16,14,7,7,1.0,0.09090909090909091,11.0,ornith_dual-long-prompt
15,6,16,60,7,7,1.0,0.11363636363636363,8.8,ornith_dual-long-prompt
15,6,16,233,7,7,1.0,0.11363636363636363,8.8,ornith_dual-long-prompt
16,14,17,144,8,7,0.875,0.07954545454545454,11.0,ornith_dual-long-prompt
16,60,17,144,10,7,0.7,0.07954545454545454,8.799999999999999,ornith_dual-long-prompt
16,233,17,144,10,7,0.7,0.07954545454545454,8.799999999999999,ornith_dual-long-prompt
17,144,18,195,7,7,1.0,0.07954545454545454,12.571428571428571,ornith_dual-long-prompt
17,144,18,30,7,7,1.0,0.09090909090909091,11.0,ornith_dual-long-prompt
18,195,19,239,7,7,1.0,0.07954545454545454,12.571428571428571,ornith_dual-long-prompt
18,30,19,239,8,7,0.875,0.07954545454545454,11.0,ornith_dual-long-prompt
19,239,20,172,7,7,1.0,0.07954545454545454,12.571428571428571,ornith_dual-long-prompt
20,172,21,95,7,7,1.0,0.11363636363636363,8.8,ornith_dual-long-prompt
25,70,26,12,10,7,0.7,0.07954545454545454,8.799999999999999,ornith_dual-long-prompt
25,70,26,119,10,7,0.7,0.07954545454545454,8.799999999999999,ornith_dual-long-prompt
26,119,27,6,7,7,1.0,0.07954545454545454,12.571428571428571,ornith_dual-long-prompt
26,105,27,85,8,7,0.875,0.07954545454545454,11.0,ornith_dual-long-prompt
27,85,28,130,7,7,1.0,0.10227272727272728,9.777777777777777,ornith_dual-long-prompt
27,85,28,233,7,7,1.0,0.11363636363636363,8.8,ornith_dual-long-prompt
27,6,28,14,7,7,1.0,0.09090909090909091,11.0,ornith_dual-long-prompt
27,6,28,233,7,7,1.0,0.11363636363636363,8.8,ornith_dual-long-prompt
27,6,28,60,7,7,1.0,0.10227272727272728,9.777777777777777,ornith_dual-long-prompt
28,14,29,232,8,7,0.875,0.09090909090909091,9.625,ornith_dual-long-prompt
28,14,29,144,8,7,0.875,0.07954545454545454,11.0,ornith_dual-long-prompt
28,130,29,232,9,7,0.7777777777777778,0.09090909090909091,8.555555555555555,ornith_dual-long-prompt
28,233,29,144,10,7,0.7,0.07954545454545454,8.799999999999999,ornith_dual-long-prompt
28,60,29,144,9,7,0.7777777777777778,0.07954545454545454,9.777777777777779,ornith_dual-long-prompt
31,162,32,101,9,7,0.7777777777777778,0.10227272727272728,7.604938271604938,ornith_dual-long-prompt
37,55,38,14,9,7,0.7777777777777778,0.07954545454545454,9.777777777777779,ornith_dual-long-prompt
7,116,8,232,9,7,0.7777777777777778,0.09090909090909091,8.555555555555555,ornith_dual-long-prompt
16,14,17,100,8,7,0.875,0.10227272727272728,8.555555555555555,ornith_dual-long-prompt
16,14,17,71,8,7,0.875,0.09090909090909091,9.625,ornith_dual-long-prompt
16,130,17,71,9,7,0.7777777777777778,0.09090909090909091,8.555555555555555,ornith_dual-long-prompt
17,100,18,30,9,7,0.7777777777777778,0.09090909090909091,8.555555555555555,ornith_dual-long-prompt
17,100,18,34,9,7,0.7777777777777778,0.09090909090909091,8.555555555555555,ornith_dual-long-prompt
17,71,18,30,8,7,0.875,0.09090909090909091,9.625,ornith_dual-long-prompt
18,30,19,215,8,7,0.875,0.10227272727272728,8.555555555555555,ornith_dual-long-prompt
18,34,19,215,8,7,0.875,0.10227272727272728,8.555555555555555,ornith_dual-long-prompt
19,215,20,3,9,7,0.7777777777777778,0.09090909090909091,8.555555555555555,ornith_dual-long-prompt
21,128,22,194,7,7,1.0,0.09090909090909091,11.0,ornith_dual-long-prompt
28,14,29,71,8,7,0.875,0.09090909090909091,9.625,ornith_dual-long-prompt
28,113,29,232,8,7,0.875,0.09090909090909091,9.625,ornith_dual-long-prompt
28,113,29,71,8,7,0.875,0.09090909090909091,9.625,ornith_dual-long-prompt
28,40,29,232,7,7,1.0,0.09090909090909091,11.0,ornith_dual-long-prompt
28,40,29,71,7,7,1.0,0.09090909090909091,11.0,ornith_dual-long-prompt
28,130,29,71,9,7,0.7777777777777778,0.09090909090909091,8.555555555555555,ornith_dual-long-prompt
29,232,30,182,8,7,0.875,0.10227272727272728,8.555555555555555,ornith_dual-long-prompt
29,232,30,30,8,7,0.875,0.09090909090909091,9.625,ornith_dual-long-prompt
29,71,30,30,8,7,0.875,0.09090909090909091,9.625,ornith_dual-long-prompt
29,71,30,121,8,7,0.875,0.07954545454545454,11.0,ornith_dual-long-prompt
30,182,31,173,9,7,0.7777777777777778,0.07954545454545454,9.777777777777779,ornith_dual-long-prompt
30,30,31,173,8,7,0.875,0.07954545454545454,11.0,ornith_dual-long-prompt
30,30,31,162,8,7,0.875,0.10227272727272728,8.555555555555555,ornith_dual-long-prompt
30,121,31,215,7,7,1.0,0.10227272727272728,9.777777777777777,ornith_dual-long-prompt
31,215,32,101,9,7,0.7777777777777778,0.10227272727272728,7.604938271604938,ornith_dual-long-prompt
31,173,32,191,7,7,1.0,0.11363636363636363,8.8,ornith_dual-long-prompt
31,173,32,101,7,7,1.0,0.10227272727272728,9.777777777777777,ornith_dual-long-prompt
32,101,33,165,9,7,0.7777777777777778,0.10227272727272728,7.604938271604938,ornith_dual-long-prompt
35,131,36,73,8,7,0.875,0.10227272727272728,8.555555555555555,ornith_dual-long-prompt
35,131,36,18,8,7,0.875,0.07954545454545454,11.0,ornith_dual-long-prompt
35,35,36,73,9,7,0.7777777777777778,0.10227272727272728,7.604938271604938,ornith_dual-long-prompt
35,35,36,18,9,7,0.7777777777777778,0.07954545454545454,9.777777777777779,ornith_dual-long-prompt
36,18,37,55,7,7,1.0,0.10227272727272728,9.777777777777777,ornith_dual-long-prompt
37,166,38,209,7,7,1.0,0.125,8.0,ornith_dual-long-prompt
37,166,38,173,7,7,1.0,0.09090909090909091,11.0,ornith_dual-long-prompt
5,139,6,149,7,7,1.0,0.09090909090909091,11.0,ornith_dual-long-prompt
6,149,7,95,8,7,0.875,0.09090909090909091,9.625,ornith_dual-long-prompt
6,149,7,116,8,7,0.875,0.10227272727272728,8.555555555555555,ornith_dual-long-prompt
8,3,9,99,9,7,0.7777777777777778,0.09090909090909091,8.555555555555555,ornith_dual-long-prompt
16,40,17,71,8,7,0.875,0.09090909090909091,9.625,ornith_dual-long-prompt
3,163,4,134,6,6,1.0,0.09090909090909091,11.0,ornith_dual-long-prompt
4,30,5,46,8,6,0.75,0.07954545454545454,9.428571428571429,ornith_dual-long-prompt
5,64,6,149,7,6,0.8571428571428571,0.09090909090909091,9.428571428571427,ornith_dual-long-prompt
5,64,6,195,7,6,0.8571428571428571,0.06818181818181818,12.571428571428571,ornith_dual-long-prompt
6,149,7,166,8,6,0.75,0.07954545454545454,9.428571428571429,ornith_dual-long-prompt
6,195,7,166,6,6,1.0,0.07954545454545454,12.571428571428571,ornith_dual-long-prompt
6,195,7,245,6,6,1.0,0.11363636363636363,8.8,ornith_dual-long-prompt
7,166,8,72,7,6,0.8571428571428571,0.10227272727272728,8.38095238095238,ornith_dual-long-prompt
8,232,9,99,8,6,0.75,0.09090909090909091,8.25,ornith_dual-long-prompt
9,95,10,124,11,6,0.5454545454545454,0.06818181818181818,8.0,ornith_dual-long-prompt
13,224,14,12,6,6,1.0,0.07954545454545454,12.571428571428571,ornith_dual-long-prompt
15,6,16,130,7,6,0.8571428571428571,0.10227272727272728,8.38095238095238,ornith_dual-long-prompt
16,14,17,248,8,6,0.75,0.09090909090909091,8.25,ornith_dual-long-prompt
16,130,17,144,9,6,0.6666666666666666,0.07954545454545454,8.380952380952381,ornith_dual-long-prompt
17,248,18,30,8,6,0.75,0.09090909090909091,8.25,ornith_dual-long-prompt
19,239,20,72,7,6,0.8571428571428571,0.10227272727272728,8.38095238095238,ornith_dual-long-prompt
19,239,20,3,7,6,0.8571428571428571,0.09090909090909091,9.428571428571427,ornith_dual-long-prompt
24,1,25,202,8,6,0.75,0.06818181818181818,11.0,ornith_dual-long-prompt
25,202,26,105,6,6,1.0,0.09090909090909091,11.0,ornith_dual-long-prompt
25,70,26,97,10,6,0.6,0.06818181818181818,8.8,ornith_dual-long-prompt
26,12,27,6,7,6,0.8571428571428571,0.07954545454545454,10.775510204081632,ornith_dual-long-prompt
27,85,28,60,7,6,0.8571428571428571,0.10227272727272728,8.38095238095238,ornith_dual-long-prompt
27,218,28,233,7,6,0.8571428571428571,0.11363636363636363,7.542857142857143,ornith_dual-long-prompt
27,6,28,130,7,6,0.8571428571428571,0.10227272727272728,8.38095238095238,ornith_dual-long-prompt
28,130,29,144,9,6,0.6666666666666666,0.07954545454545454,8.380952380952381,ornith_dual-long-prompt
7,166,8,3,7,6,0.8571428571428571,0.10227272727272728,8.38095238095238,ornith_dual-long-prompt
8,232,9,121,8,6,0.75,0.06818181818181818,11.0,ornith_dual-long-prompt
8,3,9,121,9,6,0.6666666666666666,0.06818181818181818,9.777777777777779,ornith_dual-long-prompt
8,123,9,121,11,6,0.5454545454545454,0.06818181818181818,8.0,ornith_dual-long-prompt
9,121,10,70,6,6,1.0,0.11363636363636363,8.8,ornith_dual-long-prompt
9,121,10,194,6,6,1.0,0.11363636363636363,8.8,ornith_dual-long-prompt
10,70,11,191,10,6,0.6,0.06818181818181818,8.8,ornith_dual-long-prompt
10,70,11,101,10,6,0.6,0.06818181818181818,8.8,ornith_dual-long-prompt
10,194,11,191,10,6,0.6,0.06818181818181818,8.8,ornith_dual-long-prompt
10,194,11,101,10,6,0.6,0.06818181818181818,8.8,ornith_dual-long-prompt
11,237,12,60,7,6,0.8571428571428571,0.10227272727272728,8.38095238095238,ornith_dual-long-prompt
11,191,12,42,6,6,1.0,0.09090909090909091,11.0,ornith_dual-long-prompt
11,191,12,60,6,6,1.0,0.10227272727272728,9.777777777777777,ornith_dual-long-prompt
11,101,12,60,6,6,1.0,0.10227272727272728,9.777777777777777,ornith_dual-long-prompt
13,70,14,12,9,6,0.6666666666666666,0.07954545454545454,8.380952380952381,ornith_dual-long-prompt
13,120,14,12,9,6,0.6666666666666666,0.07954545454545454,8.380952380952381,ornith_dual-long-prompt
14,12,15,126,7,6,0.8571428571428571,0.06818181818181818,12.571428571428571,ornith_dual-long-prompt
14,225,15,6,9,6,0.6666666666666666,0.07954545454545454,8.380952380952381,ornith_dual-long-prompt
14,225,15,126,9,6,0.6666666666666666,0.06818181818181818,9.777777777777779,ornith_dual-long-prompt
15,126,16,14,6,6,1.0,0.09090909090909091,11.0,ornith_dual-long-prompt
15,126,16,60,6,6,1.0,0.11363636363636363,8.8,ornith_dual-long-prompt
15,126,16,233,6,6,1.0,0.11363636363636363,8.8,ornith_dual-long-prompt
16,14,17,232,8,6,0.75,0.06818181818181818,11.0,ornith_dual-long-prompt
16,60,17,232,10,6,0.6,0.06818181818181818,8.8,ornith_dual-long-prompt
16,233,17,232,10,6,0.6,0.06818181818181818,8.8,ornith_dual-long-prompt
17,100,18,195,9,6,0.6666666666666666,0.07954545454545454,8.380952380952381,ornith_dual-long-prompt
17,100,18,209,9,6,0.6666666666666666,0.06818181818181818,9.777777777777779,ornith_dual-long-prompt
17,144,18,209,7,6,0.8571428571428571,0.06818181818181818,12.571428571428571,ornith_dual-long-prompt
17,144,18,182,7,6,0.8571428571428571,0.09090909090909091,9.428571428571427,ornith_dual-long-prompt
17,71,18,195,8,6,0.75,0.07954545454545454,9.428571428571429,ornith_dual-long-prompt
17,71,18,209,8,6,0.75,0.06818181818181818,11.0,ornith_dual-long-prompt
17,71,18,34,8,6,0.75,0.09090909090909091,8.25,ornith_dual-long-prompt
17,232,18,195,6,6,1.0,0.07954545454545454,12.571428571428571,ornith_dual-long-prompt
17,232,18,209,6,6,1.0,0.06818181818181818,14.666666666666668,ornith_dual-long-prompt
17,232,18,30,6,6,1.0,0.09090909090909091,11.0,ornith_dual-long-prompt
17,232,18,182,6,6,1.0,0.09090909090909091,11.0,ornith_dual-long-prompt
17,248,18,182,8,6,0.75,0.09090909090909091,8.25,ornith_dual-long-prompt
18,195,19,215,7,6,0.8571428571428571,0.10227272727272728,8.38095238095238,ornith_dual-long-prompt
18,195,19,23,7,6,0.8571428571428571,0.06818181818181818,12.571428571428571,ornith_dual-long-prompt
18,209,19,239,6,6,1.0,0.07954545454545454,12.571428571428571,ornith_dual-long-prompt
18,209,19,215,6,6,1.0,0.10227272727272728,9.777777777777777,ornith_dual-long-prompt
18,209,19,23,6,6,1.0,0.06818181818181818,14.666666666666668,ornith_dual-long-prompt
18,30,19,23,8,6,0.75,0.06818181818181818,11.0,ornith_dual-long-prompt
18,182,19,239,8,6,0.75,0.07954545454545454,9.428571428571429,ornith_dual-long-prompt
18,182,19,23,8,6,0.75,0.06818181818181818,11.0,ornith_dual-long-prompt
19,239,20,50,7,6,0.8571428571428571,0.06818181818181818,12.571428571428571,ornith_dual-long-prompt
19,215,20,172,9,6,0.6666666666666666,0.07954545454545454,8.380952380952381,ornith_dual-long-prompt
19,215,20,50,9,6,0.6666666666666666,0.06818181818181818,9.777777777777779,ornith_dual-long-prompt
19,23,20,172,6,6,1.0,0.07954545454545454,12.571428571428571,ornith_dual-long-prompt
19,23,20,50,6,6,1.0,0.06818181818181818,14.666666666666668,ornith_dual-long-prompt
20,172,21,128,7,6,0.8571428571428571,0.07954545454545454,10.775510204081632,ornith_dual-long-prompt
20,172,21,58,7,6,0.8571428571428571,0.06818181818181818,12.571428571428571,ornith_dual-long-prompt
20,50,21,95,6,6,1.0,0.11363636363636363,8.8,ornith_dual-long-prompt
20,50,21,128,6,6,1.0,0.07954545454545454,12.571428571428571,ornith_dual-long-prompt
20,50,21,58,6,6,1.0,0.06818181818181818,14.666666666666668,ornith_dual-long-prompt
20,72,21,128,9,6,0.6666666666666666,0.07954545454545454,8.380952380952381,ornith_dual-long-prompt
21,95,22,192,10,6,0.6,0.07954545454545454,7.542857142857143,ornith_dual-long-prompt
21,128,22,70,7,6,0.8571428571428571,0.09090909090909091,9.428571428571427,ornith_dual-long-prompt
21,128,22,192,7,6,0.8571428571428571,0.07954545454545454,10.775510204081632,ornith_dual-long-prompt
21,58,22,194,6,6,1.0,0.09090909090909091,11.0,ornith_dual-long-prompt
21,58,22,70,6,6,1.0,0.09090909090909091,11.0,ornith_dual-long-prompt
21,58,22,192,6,6,1.0,0.07954545454545454,12.571428571428571,ornith_dual-long-prompt
28,60,29,100,9,6,0.6666666666666666,0.06818181818181818,9.777777777777779,ornith_dual-long-prompt
28,233,29,100,10,6,0.6,0.06818181818181818,8.8,ornith_dual-long-prompt
28,130,29,100,9,6,0.6666666666666666,0.06818181818181818,9.777777777777779,ornith_dual-long-prompt
29,232,30,121,8,6,0.75,0.07954545454545454,9.428571428571429,ornith_dual-long-prompt
29,100,30,182,6,6,1.0,0.10227272727272728,9.777777777777777,ornith_dual-long-prompt
29,144,30,182,7,6,0.8571428571428571,0.10227272727272728,8.38095238095238,ornith_dual-long-prompt
30,121,31,173,7,6,0.8571428571428571,0.07954545454545454,10.775510204081632,ornith_dual-long-prompt
30,121,31,162,7,6,0.8571428571428571,0.10227272727272728,8.38095238095238,ornith_dual-long-prompt
31,215,32,27,9,6,0.6666666666666666,0.06818181818181818,9.777777777777779,ornith_dual-long-prompt
32,27,33,165,6,6,1.0,0.10227272727272728,9.777777777777777,ornith_dual-long-prompt
33,165,34,57,9,6,0.6666666666666666,0.06818181818181818,9.777777777777779,ornith_dual-long-prompt
34,57,35,131,6,6,1.0,0.09090909090909091,11.0,ornith_dual-long-prompt
34,57,35,35,6,6,1.0,0.10227272727272728,9.777777777777777,ornith_dual-long-prompt
36,73,37,166,9,6,0.6666666666666666,0.07954545454545454,8.380952380952381,ornith_dual-long-prompt
36,73,37,87,9,6,0.6666666666666666,0.06818181818181818,9.777777777777779,ornith_dual-long-prompt
36,18,37,166,7,6,0.8571428571428571,0.07954545454545454,10.775510204081632,ornith_dual-long-prompt
37,55,38,39,9,6,0.6666666666666666,0.06818181818181818,9.777777777777779,ornith_dual-long-prompt
37,97,38,209,6,6,1.0,0.125,8.0,ornith_dual-long-prompt
37,97,38,173,6,6,1.0,0.09090909090909091,11.0,ornith_dual-long-prompt
37,87,38,14,6,6,1.0,0.07954545454545454,12.571428571428571,ornith_dual-long-prompt
37,87,38,209,6,6,1.0,0.125,8.0,ornith_dual-long-prompt
37,87,38,173,6,6,1.0,0.09090909090909091,11.0,ornith_dual-long-prompt
37,87,38,39,6,6,1.0,0.06818181818181818,14.666666666666668,ornith_dual-long-prompt
4,30,5,139,8,6,0.75,0.07954545454545454,9.428571428571429,ornith_dual-long-prompt
4,134,5,139,8,6,0.75,0.07954545454545454,9.428571428571429,ornith_dual-long-prompt
6,71,7,245,6,6,1.0,0.11363636363636363,8.8,ornith_dual-long-prompt
6,71,7,95,6,6,1.0,0.09090909090909091,11.0,ornith_dual-long-prompt
6,71,7,116,6,6,1.0,0.10227272727272728,9.777777777777777,ornith_dual-long-prompt
7,95,8,232,8,6,0.75,0.09090909090909091,8.25,ornith_dual-long-prompt
12,173,13,70,6,6,1.0,0.10227272727272728,9.777777777777777,ornith_dual-long-prompt
12,173,13,120,6,6,1.0,0.10227272727272728,9.777777777777777,ornith_dual-long-prompt
12,107,13,70,6,6,1.0,0.10227272727272728,9.777777777777777,ornith_dual-long-prompt
12,107,13,120,6,6,1.0,0.10227272727272728,9.777777777777777,ornith_dual-long-prompt
16,40,17,248,8,6,0.75,0.09090909090909091,8.25,ornith_dual-long-prompt
24,60,25,70,6,6,1.0,0.11363636363636363,8.8,ornith_dual-long-prompt
29,71,30,34,8,6,0.75,0.06818181818181818,11.0,ornith_dual-long-prompt
30,34,31,215,6,6,1.0,0.10227272727272728,9.777777777777777,ornith_dual-long-prompt
31,35,32,101,6,5,0.8333333333333334,0.10227272727272728,8.148148148148149,ornith_dual-long-prompt
32,101,33,201,9,5,0.5555555555555556,0.056818181818181816,9.777777777777779,ornith_dual-long-prompt
33,201,34,40,5,5,1.0,0.11363636363636363,8.8,ornith_dual-long-prompt
4,134,5,46,8,5,0.625,0.07954545454545454,7.857142857142858,ornith_dual-long-prompt
4,206,5,64,5,5,1.0,0.07954545454545454,12.571428571428571,ornith_dual-long-prompt
4,30,5,64,8,5,0.625,0.07954545454545454,7.857142857142858,ornith_dual-long-prompt
5,46,6,149,7,5,0.7142857142857143,0.09090909090909091,7.857142857142857,ornith_dual-long-prompt
6,165,7,245,5,5,1.0,0.11363636363636363,8.8,ornith_dual-long-prompt
10,124,11,237,6,5,0.8333333333333334,0.07954545454545454,10.476190476190476,ornith_dual-long-prompt
17,248,18,55,8,5,0.625,0.06818181818181818,9.166666666666668,ornith_dual-long-prompt
17,248,18,195,8,5,0.625,0.07954545454545454,7.857142857142858,ornith_dual-long-prompt
17,144,18,55,7,5,0.7142857142857143,0.06818181818181818,10.476190476190478,ornith_dual-long-prompt
17,144,18,34,7,5,0.7142857142857143,0.09090909090909091,7.857142857142857,ornith_dual-long-prompt
18,55,19,239,6,5,0.8333333333333334,0.07954545454545454,10.476190476190476,ornith_dual-long-prompt
18,34,19,239,8,5,0.625,0.07954545454545454,7.857142857142858,ornith_dual-long-prompt
20,172,21,43,7,5,0.7142857142857143,0.056818181818181816,12.571428571428573,ornith_dual-long-prompt
21,43,22,194,5,5,1.0,0.09090909090909091,11.0,ornith_dual-long-prompt
22,194,23,24,8,5,0.625,0.056818181818181816,11.0,ornith_dual-long-prompt
24,221,25,202,5,5,1.0,0.06818181818181818,14.666666666666668,ornith_dual-long-prompt
24,221,25,70,5,5,1.0,0.11363636363636363,8.8,ornith_dual-long-prompt
25,202,26,97,6,5,0.8333333333333334,0.06818181818181818,12.222222222222223,ornith_dual-long-prompt
25,194,26,12,5,5,1.0,0.07954545454545454,12.571428571428571,ornith_dual-long-prompt
25,194,26,119,5,5,1.0,0.07954545454545454,12.571428571428571,ornith_dual-long-prompt
26,12,27,85,7,5,0.7142857142857143,0.07954545454545454,8.979591836734695,ornith_dual-long-prompt
26,97,27,85,6,5,0.8333333333333334,0.07954545454545454,10.476190476190476,ornith_dual-long-prompt
26,105,27,6,8,5,0.625,0.07954545454545454,7.857142857142858,ornith_dual-long-prompt
27,85,28,14,7,5,0.7142857142857143,0.09090909090909091,7.857142857142857,ornith_dual-long-prompt
27,218,28,130,7,5,0.7142857142857143,0.10227272727272728,6.984126984126984,ornith_dual-long-prompt
27,218,28,60,7,5,0.7142857142857143,0.10227272727272728,6.984126984126984,ornith_dual-long-prompt
28,130,29,64,9,5,0.5555555555555556,0.056818181818181816,9.777777777777779,ornith_dual-long-prompt
28,233,29,64,10,5,0.5,0.056818181818181816,8.8,ornith_dual-long-prompt
32,101,33,12,9,5,0.5555555555555556,0.056818181818181816,9.777777777777779,ornith_dual-long-prompt
32,191,33,12,10,5,0.5,0.056818181818181816,8.8,ornith_dual-long-prompt
33,12,34,40,5,5,1.0,0.11363636363636363,8.8,ornith_dual-long-prompt
38,209,39,108,11,5,0.45454545454545453,0.056818181818181816,8.0,ornith_dual-long-prompt
6,195,7,116,6,5,0.8333333333333334,0.10227272727272728,8.148148148148149,ornith_dual-long-prompt
10,124,11,101,6,5,0.8333333333333334,0.06818181818181818,12.222222222222223,ornith_dual-long-prompt
11,237,12,42,7,5,0.7142857142857143,0.09090909090909091,7.857142857142857,ornith_dual-long-prompt
11,101,12,42,6,5,0.8333333333333334,0.09090909090909091,9.166666666666666,ornith_dual-long-prompt
15,6,16,234,7,5,0.7142857142857143,0.056818181818181816,12.571428571428573,ornith_dual-long-prompt
15,126,16,234,6,5,0.8333333333333334,0.056818181818181816,14.666666666666668,ornith_dual-long-prompt
15,126,16,130,6,5,0.8333333333333334,0.10227272727272728,8.148148148148149,ornith_dual-long-prompt
16,234,17,100,5,5,1.0,0.10227272727272728,9.777777777777777,ornith_dual-long-prompt
16,234,17,144,5,5,1.0,0.07954545454545454,12.571428571428571,ornith_dual-long-prompt
16,234,17,71,5,5,1.0,0.09090909090909091,11.0,ornith_dual-long-prompt
16,234,17,232,5,5,1.0,0.06818181818181818,14.666666666666668,ornith_dual-long-prompt
16,130,17,232,9,5,0.5555555555555556,0.06818181818181818,8.148148148148149,ornith_dual-long-prompt
17,100,18,121,9,5,0.5555555555555556,0.056818181818181816,9.777777777777779,ornith_dual-long-prompt
17,100,18,55,9,5,0.5555555555555556,0.06818181818181818,8.148148148148149,ornith_dual-long-prompt
17,71,18,121,8,5,0.625,0.056818181818181816,11.0,ornith_dual-long-prompt
17,71,18,55,8,5,0.625,0.06818181818181818,9.166666666666668,ornith_dual-long-prompt
18,121,19,215,5,5,1.0,0.10227272727272728,9.777777777777777,ornith_dual-long-prompt
18,55,19,215,6,5,0.8333333333333334,0.10227272727272728,8.148148148148149,ornith_dual-long-prompt
19,239,20,186,7,5,0.7142857142857143,0.056818181818181816,12.571428571428573,ornith_dual-long-prompt
19,215,20,186,9,5,0.5555555555555556,0.056818181818181816,9.777777777777779,ornith_dual-long-prompt
19,23,20,72,6,5,0.8333333333333334,0.10227272727272728,8.148148148148149,ornith_dual-long-prompt
19,23,20,3,6,5,0.8333333333333334,0.09090909090909091,9.166666666666666,ornith_dual-long-prompt
19,23,20,186,6,5,0.8333333333333334,0.056818181818181816,14.666666666666668,ornith_dual-long-prompt
20,72,21,58,9,5,0.5555555555555556,0.06818181818181818,8.148148148148149,ornith_dual-long-prompt
20,3,21,128,8,5,0.625,0.07954545454545454,7.857142857142858,ornith_dual-long-prompt
20,3,21,58,8,5,0.625,0.06818181818181818,9.166666666666668,ornith_dual-long-prompt
20,186,21,95,5,5,1.0,0.11363636363636363,8.8,ornith_dual-long-prompt
20,186,21,128,5,5,1.0,0.07954545454545454,12.571428571428571,ornith_dual-long-prompt
20,186,21,58,5,5,1.0,0.06818181818181818,14.666666666666668,ornith_dual-long-prompt
22,194,23,237,8,5,0.625,0.056818181818181816,11.0,ornith_dual-long-prompt
22,70,23,237,8,5,0.625,0.056818181818181816,11.0,ornith_dual-long-prompt
22,192,23,237,7,5,0.7142857142857143,0.056818181818181816,12.571428571428573,ornith_dual-long-prompt
23,237,24,173,5,5,1.0,0.056818181818181816,17.6,ornith_dual-long-prompt
23,191,24,1,5,5,1.0,0.09090909090909091,11.0,ornith_dual-long-prompt
24,68,25,70,5,5,1.0,0.11363636363636363,8.8,ornith_dual-long-prompt
24,173,25,70,5,5,1.0,0.11363636363636363,8.8,ornith_dual-long-prompt
24,1,25,26,8,5,0.625,0.06818181818181818,9.166666666666668,ornith_dual-long-prompt
25,26,26,12,6,5,0.8333333333333334,0.07954545454545454,10.476190476190476,ornith_dual-long-prompt
25,26,26,119,6,5,0.8333333333333334,0.07954545454545454,10.476190476190476,ornith_dual-long-prompt
25,26,26,225,6,5,0.8333333333333334,0.09090909090909091,9.166666666666666,ornith_dual-long-prompt
25,26,26,105,6,5,0.8333333333333334,0.09090909090909091,9.166666666666666,ornith_dual-long-prompt
26,225,27,6,8,5,0.625,0.07954545454545454,7.857142857142858,ornith_dual-long-prompt
27,6,28,113,7,5,0.7142857142857143,0.09090909090909091,7.857142857142857,ornith_dual-long-prompt
27,6,28,40,7,5,0.7142857142857143,0.07954545454545454,8.979591836734695,ornith_dual-long-prompt
28,14,29,100,8,5,0.625,0.06818181818181818,9.166666666666668,ornith_dual-long-prompt
28,14,29,215,8,5,0.625,0.056818181818181816,11.0,ornith_dual-long-prompt
28,60,29,215,9,5,0.5555555555555556,0.056818181818181816,9.777777777777779,ornith_dual-long-prompt
28,233,29,215,10,5,0.5,0.056818181818181816,8.8,ornith_dual-long-prompt
28,113,29,100,8,5,0.625,0.06818181818181818,9.166666666666668,ornith_dual-long-prompt
28,113,29,144,8,5,0.625,0.07954545454545454,7.857142857142858,ornith_dual-long-prompt
28,113,29,215,8,5,0.625,0.056818181818181816,11.0,ornith_dual-long-prompt
28,40,29,100,7,5,0.7142857142857143,0.06818181818181818,10.476190476190478,ornith_dual-long-prompt
28,40,29,144,7,5,0.7142857142857143,0.07954545454545454,8.979591836734695,ornith_dual-long-prompt
28,40,29,215,7,5,0.7142857142857143,0.056818181818181816,12.571428571428573,ornith_dual-long-prompt
29,100,30,30,6,5,0.8333333333333334,0.09090909090909091,9.166666666666666,ornith_dual-long-prompt
29,100,30,121,6,5,0.8333333333333334,0.07954545454545454,10.476190476190476,ornith_dual-long-prompt
29,144,30,30,7,5,0.7142857142857143,0.09090909090909091,7.857142857142857,ornith_dual-long-prompt
29,144,30,121,7,5,0.7142857142857143,0.07954545454545454,8.979591836734695,ornith_dual-long-prompt
29,215,30,182,5,5,1.0,0.10227272727272728,9.777777777777777,ornith_dual-long-prompt
29,215,30,30,5,5,1.0,0.09090909090909091,11.0,ornith_dual-long-prompt
30,182,31,35,9,5,0.5555555555555556,0.06818181818181818,8.148148148148149,ornith_dual-long-prompt
30,121,31,35,7,5,0.7142857142857143,0.06818181818181818,10.476190476190478,ornith_dual-long-prompt
31,35,32,191,6,5,0.8333333333333334,0.11363636363636363,7.333333333333334,ornith_dual-long-prompt
31,173,32,27,7,5,0.7142857142857143,0.06818181818181818,10.476190476190478,ornith_dual-long-prompt
31,162,32,27,9,5,0.5555555555555556,0.06818181818181818,8.148148148148149,ornith_dual-long-prompt
32,27,33,127,6,5,0.8333333333333334,0.11363636363636363,7.333333333333334,ornith_dual-long-prompt
33,127,34,57,10,5,0.5,0.06818181818181818,7.333333333333334,ornith_dual-long-prompt
35,131,36,77,8,5,0.625,0.056818181818181816,11.0,ornith_dual-long-prompt
35,35,36,77,9,5,0.5555555555555556,0.056818181818181816,9.777777777777779,ornith_dual-long-prompt
36,73,37,99,9,5,0.5555555555555556,0.056818181818181816,9.777777777777779,ornith_dual-long-prompt
36,73,37,97,9,5,0.5555555555555556,0.06818181818181818,8.148148148148149,ornith_dual-long-prompt
36,77,37,55,5,5,1.0,0.10227272727272728,9.777777777777777,ornith_dual-long-prompt
36,18,37,99,7,5,0.7142857142857143,0.056818181818181816,12.571428571428573,ornith_dual-long-prompt
36,18,37,97,7,5,0.7142857142857143,0.06818181818181818,10.476190476190478,ornith_dual-long-prompt
36,18,37,87,7,5,0.7142857142857143,0.06818181818181818,10.476190476190478,ornith_dual-long-prompt
37,99,38,14,5,5,1.0,0.07954545454545454,12.571428571428571,ornith_dual-long-prompt
37,99,38,209,5,5,1.0,0.125,8.0,ornith_dual-long-prompt
37,99,38,173,5,5,1.0,0.09090909090909091,11.0,ornith_dual-long-prompt
37,99,38,39,5,5,1.0,0.06818181818181818,14.666666666666668,ornith_dual-long-prompt
37,166,38,14,7,5,0.7142857142857143,0.07954545454545454,8.979591836734695,ornith_dual-long-prompt
37,166,38,39,7,5,0.7142857142857143,0.06818181818181818,10.476190476190478,ornith_dual-long-prompt
38,14,39,61,7,5,0.7142857142857143,0.056818181818181816,12.571428571428573,ornith_dual-long-prompt
38,209,39,61,11,5,0.45454545454545453,0.056818181818181816,8.0,ornith_dual-long-prompt
38,209,39,66,11,5,0.45454545454545453,0.056818181818181816,8.0,ornith_dual-long-prompt
38,173,39,61,8,5,0.625,0.056818181818181816,11.0,ornith_dual-long-prompt
38,173,39,66,8,5,0.625,0.056818181818181816,11.0,ornith_dual-long-prompt
38,39,39,61,6,5,0.8333333333333334,0.056818181818181816,14.666666666666668,ornith_dual-long-prompt
5,64,6,242,7,5,0.7142857142857143,0.056818181818181816,12.571428571428573,ornith_dual-long-prompt
5,139,6,242,7,5,0.7142857142857143,0.056818181818181816,12.571428571428573,ornith_dual-long-prompt
5,139,6,71,7,5,0.7142857142857143,0.06818181818181818,10.476190476190478,ornith_dual-long-prompt
6,149,7,130,8,5,0.625,0.056818181818181816,11.0,ornith_dual-long-prompt
6,242,7,245,5,5,1.0,0.11363636363636363,8.8,ornith_dual-long-prompt
6,242,7,166,5,5,1.0,0.07954545454545454,12.571428571428571,ornith_dual-long-prompt
6,242,7,95,5,5,1.0,0.09090909090909091,11.0,ornith_dual-long-prompt
6,242,7,116,5,5,1.0,0.10227272727272728,9.777777777777777,ornith_dual-long-prompt
7,245,8,186,10,5,0.5,0.056818181818181816,8.8,ornith_dual-long-prompt
7,166,8,186,7,5,0.7142857142857143,0.056818181818181816,12.571428571428573,ornith_dual-long-prompt
7,95,8,186,8,5,0.625,0.056818181818181816,11.0,ornith_dual-long-prompt
7,130,8,72,5,5,1.0,0.10227272727272728,9.777777777777777,ornith_dual-long-prompt
7,130,8,232,5,5,1.0,0.09090909090909091,11.0,ornith_dual-long-prompt
7,130,8,123,5,5,1.0,0.125,8.0,ornith_dual-long-prompt
7,130,8,3,5,5,1.0,0.10227272727272728,9.777777777777777,ornith_dual-long-prompt
7,116,8,186,9,5,0.5555555555555556,0.056818181818181816,9.777777777777779,ornith_dual-long-prompt
8,72,9,121,9,5,0.5555555555555556,0.06818181818181818,8.148148148148149,ornith_dual-long-prompt
8,72,9,162,9,5,0.5555555555555556,0.056818181818181816,9.777777777777779,ornith_dual-long-prompt
8,232,9,162,8,5,0.625,0.056818181818181816,11.0,ornith_dual-long-prompt
8,123,9,162,11,5,0.45454545454545453,0.056818181818181816,8.0,ornith_dual-long-prompt
8,3,9,162,9,5,0.5555555555555556,0.056818181818181816,9.777777777777779,ornith_dual-long-prompt
8,186,9,121,5,5,1.0,0.06818181818181818,14.666666666666668,ornith_dual-long-prompt
8,186,9,162,5,5,1.0,0.056818181818181816,17.6,ornith_dual-long-prompt
8,186,9,95,5,5,1.0,0.125,8.0,ornith_dual-long-prompt
8,186,9,99,5,5,1.0,0.09090909090909091,11.0,ornith_dual-long-prompt
9,162,10,70,5,5,1.0,0.11363636363636363,8.8,ornith_dual-long-prompt
9,162,10,194,5,5,1.0,0.11363636363636363,8.8,ornith_dual-long-prompt
11,237,12,173,7,5,0.7142857142857143,0.06818181818181818,10.476190476190478,ornith_dual-long-prompt
11,237,12,107,7,5,0.7142857142857143,0.06818181818181818,10.476190476190478,ornith_dual-long-prompt
11,101,12,173,6,5,0.8333333333333334,0.06818181818181818,12.222222222222223,ornith_dual-long-prompt
11,101,12,107,6,5,0.8333333333333334,0.06818181818181818,12.222222222222223,ornith_dual-long-prompt
12,173,13,224,6,5,0.8333333333333334,0.06818181818181818,12.222222222222223,ornith_dual-long-prompt
12,107,13,224,6,5,0.8333333333333334,0.06818181818181818,12.222222222222223,ornith_dual-long-prompt
12,60,13,224,9,5,0.5555555555555556,0.06818181818181818,8.148148148148149,ornith_dual-long-prompt
13,224,14,225,6,5,0.8333333333333334,0.10227272727272728,8.148148148148149,ornith_dual-long-prompt
15,6,16,40,7,5,0.7142857142857143,0.09090909090909091,7.857142857142857,ornith_dual-long-prompt
15,126,16,40,6,5,0.8333333333333334,0.09090909090909091,9.166666666666666,ornith_dual-long-prompt
16,40,17,144,8,5,0.625,0.07954545454545454,7.857142857142858,ornith_dual-long-prompt
16,40,17,232,8,5,0.625,0.06818181818181818,9.166666666666668,ornith_dual-long-prompt
18,30,19,37,8,5,0.625,0.056818181818181816,11.0,ornith_dual-long-prompt
18,209,19,37,6,5,0.8333333333333334,0.056818181818181816,14.666666666666668,ornith_dual-long-prompt
18,182,19,37,8,5,0.625,0.056818181818181816,11.0,ornith_dual-long-prompt
18,195,19,37,7,5,0.7142857142857143,0.056818181818181816,12.571428571428573,ornith_dual-long-prompt
19,37,20,172,5,5,1.0,0.07954545454545454,12.571428571428571,ornith_dual-long-prompt
19,37,20,50,5,5,1.0,0.06818181818181818,14.666666666666668,ornith_dual-long-prompt
20,72,21,44,9,5,0.5555555555555556,0.056818181818181816,9.777777777777779,ornith_dual-long-prompt
24,107,25,70,5,5,1.0,0.11363636363636363,8.8,ornith_dual-long-prompt
26,225,27,85,8,5,0.625,0.07954545454545454,7.857142857142858,ornith_dual-long-prompt
27,85,28,113,7,5,0.7142857142857143,0.09090909090909091,7.857142857142857,ornith_dual-long-prompt
29,232,30,34,8,5,0.625,0.06818181818181818,9.166666666666668,ornith_dual-long-prompt
29,144,30,34,7,5,0.7142857142857143,0.06818181818181818,10.476190476190478,ornith_dual-long-prompt
30,34,31,173,6,5,0.8333333333333334,0.07954545454545454,10.476190476190476,ornith_dual-long-prompt
30,34,31,162,6,5,0.8333333333333334,0.10227272727272728,8.148148148148149,ornith_dual-long-prompt
33,165,34,137,9,5,0.5555555555555556,0.056818181818181816,9.777777777777779,ornith_dual-long-prompt
34,137,35,35,5,5,1.0,0.10227272727272728,9.777777777777777,ornith_dual-long-prompt
34,137,35,131,5,5,1.0,0.09090909090909091,11.0,ornith_dual-long-prompt
34,57,35,97,6,5,0.8333333333333334,0.09090909090909091,9.166666666666666,ornith_dual-long-prompt
35,97,36,14,8,5,0.625,0.056818181818181816,11.0,ornith_dual-long-prompt
35,35,36,14,9,5,0.5555555555555556,0.056818181818181816,9.777777777777779,ornith_dual-long-prompt
35,131,36,14,8,5,0.625,0.056818181818181816,11.0,ornith_dual-long-prompt
36,73,37,83,9,5,0.5555555555555556,0.056818181818181816,9.777777777777779,ornith_dual-long-prompt
36,14,37,55,5,5,1.0,0.10227272727272728,9.777777777777777,ornith_dual-long-prompt
36,14,37,166,5,5,1.0,0.07954545454545454,12.571428571428571,ornith_dual-long-prompt
37,83,38,209,5,5,1.0,0.125,8.0,ornith_dual-long-prompt
37,83,38,173,5,5,1.0,0.09090909090909091,11.0,ornith_dual-long-prompt
37,83,38,39,5,5,1.0,0.06818181818181818,14.666666666666668,ornith_dual-long-prompt
37,83,38,14,5,5,1.0,0.07954545454545454,12.571428571428571,ornith_dual-long-prompt
5,75,6,9,5,5,1.0,0.056818181818181816,17.6,ornith_dual-long-prompt
5,75,6,149,5,5,1.0,0.09090909090909091,11.0,ornith_dual-long-prompt
5,139,6,9,7,5,0.7142857142857143,0.056818181818181816,12.571428571428573,ornith_dual-long-prompt
6,9,7,245,5,5,1.0,0.11363636363636363,8.8,ornith_dual-long-prompt
6,9,7,95,5,5,1.0,0.09090909090909091,11.0,ornith_dual-long-prompt
6,9,7,116,5,5,1.0,0.10227272727272728,9.777777777777777,ornith_dual-long-prompt
26,225,27,218,8,5,0.625,0.07954545454545454,7.857142857142858,ornith_dual-long-prompt
27,218,28,113,7,5,0.7142857142857143,0.09090909090909091,7.857142857142857,ornith_dual-long-prompt
35,97,36,18,8,5,0.625,0.07954545454545454,7.857142857142858,ornith_dual-long-prompt
9,95,10,184,11,5,0.45454545454545453,0.056818181818181816,8.0,ornith_dual-long-prompt
38,209,39,78,11,4,0.36363636363636365,0.045454545454545456,8.0,ornith_dual-long-prompt
3,163,4,206,6,4,0.6666666666666666,0.056818181818181816,11.733333333333333,ornith_dual-long-prompt
3,163,4,30,6,4,0.6666666666666666,0.09090909090909091,7.333333333333333,ornith_dual-long-prompt
5,46,6,165,7,4,0.5714285714285714,0.056818181818181816,10.057142857142857,ornith_dual-long-prompt
5,46,6,195,7,4,0.5714285714285714,0.06818181818181818,8.380952380952381,ornith_dual-long-prompt
7,166,8,172,7,4,0.5714285714285714,0.045454545454545456,12.571428571428571,ornith_dual-long-prompt
7,245,8,172,10,4,0.4,0.045454545454545456,8.8,ornith_dual-long-prompt
8,123,9,221,11,4,0.36363636363636365,0.045454545454545456,8.0,ornith_dual-long-prompt
8,72,9,221,9,4,0.4444444444444444,0.045454545454545456,9.777777777777777,ornith_dual-long-prompt
8,232,9,221,8,4,0.5,0.045454545454545456,11.0,ornith_dual-long-prompt
9,99,10,124,8,4,0.5,0.06818181818181818,7.333333333333334,ornith_dual-long-prompt
12,1,13,202,5,4,0.8,0.045454545454545456,17.6,ornith_dual-long-prompt
12,1,13,47,5,4,0.8,0.045454545454545456,17.6,ornith_dual-long-prompt
16,130,17,35,9,4,0.4444444444444444,0.045454545454545456,9.777777777777777,ornith_dual-long-prompt
16,60,17,35,10,4,0.4,0.045454545454545456,8.8,ornith_dual-long-prompt
16,233,17,35,10,4,0.4,0.045454545454545456,8.8,ornith_dual-long-prompt
17,248,18,13,8,4,0.5,0.045454545454545456,11.0,ornith_dual-long-prompt
18,55,19,237,6,4,0.6666666666666666,0.045454545454545456,14.666666666666666,ornith_dual-long-prompt
18,195,19,114,7,4,0.5714285714285714,0.045454545454545456,12.571428571428571,ornith_dual-long-prompt
18,34,19,35,8,4,0.5,0.045454545454545456,11.0,ornith_dual-long-prompt
18,34,19,114,8,4,0.5,0.045454545454545456,11.0,ornith_dual-long-prompt
18,30,19,237,8,4,0.5,0.045454545454545456,11.0,ornith_dual-long-prompt
18,30,19,114,8,4,0.5,0.045454545454545456,11.0,ornith_dual-long-prompt
20,72,21,43,9,4,0.4444444444444444,0.056818181818181816,7.822222222222222,ornith_dual-long-prompt
20,3,21,43,8,4,0.5,0.056818181818181816,8.8,ornith_dual-long-prompt
23,24,24,1,5,4,0.8,0.09090909090909091,8.8,ornith_dual-long-prompt
24,1,25,194,8,4,0.5,0.056818181818181816,8.8,ornith_dual-long-prompt
25,202,26,12,6,4,0.6666666666666666,0.07954545454545454,8.380952380952381,ornith_dual-long-prompt
25,194,26,105,5,4,0.8,0.09090909090909091,8.8,ornith_dual-long-prompt
26,97,27,6,6,4,0.6666666666666666,0.07954545454545454,8.380952380952381,ornith_dual-long-prompt
26,119,27,85,7,4,0.5714285714285714,0.07954545454545454,7.183673469387755,ornith_dual-long-prompt
26,119,27,218,7,4,0.5714285714285714,0.07954545454545454,7.183673469387755,ornith_dual-long-prompt
26,105,27,218,8,4,0.5,0.07954545454545454,6.285714285714286,ornith_dual-long-prompt
27,218,28,14,7,4,0.5714285714285714,0.09090909090909091,6.285714285714286,ornith_dual-long-prompt
28,60,29,64,9,4,0.4444444444444444,0.056818181818181816,7.822222222222222,ornith_dual-long-prompt
29,232,30,209,8,4,0.5,0.045454545454545456,11.0,ornith_dual-long-prompt
29,144,30,209,7,4,0.5714285714285714,0.045454545454545456,12.571428571428571,ornith_dual-long-prompt
32,191,33,201,10,4,0.4,0.056818181818181816,7.040000000000001,ornith_dual-long-prompt
38,209,39,224,11,4,0.36363636363636365,0.045454545454545456,8.0,ornith_dual-long-prompt
38,14,39,224,7,4,0.5714285714285714,0.045454545454545456,12.571428571428571,ornith_dual-long-prompt
6,165,7,116,5,4,0.8,0.10227272727272728,7.822222222222222,ornith_dual-long-prompt
7,245,8,76,10,4,0.4,0.045454545454545456,8.8,ornith_dual-long-prompt
7,116,8,76,9,4,0.4444444444444444,0.045454545454545456,9.777777777777777,ornith_dual-long-prompt
8,232,9,225,8,4,0.5,0.045454545454545456,11.0,ornith_dual-long-prompt
8,3,9,225,9,4,0.4444444444444444,0.045454545454545456,9.777777777777777,ornith_dual-long-prompt
8,3,9,137,9,4,0.4444444444444444,0.045454545454545456,9.777777777777777,ornith_dual-long-prompt
8,123,9,225,11,4,0.36363636363636365,0.045454545454545456,8.0,ornith_dual-long-prompt
8,123,9,137,11,4,0.36363636363636365,0.045454545454545456,8.0,ornith_dual-long-prompt
9,121,10,124,6,4,0.6666666666666666,0.06818181818181818,9.777777777777779,ornith_dual-long-prompt
10,70,11,33,10,4,0.4,0.045454545454545456,8.8,ornith_dual-long-prompt
10,70,11,63,10,4,0.4,0.045454545454545456,8.8,ornith_dual-long-prompt
10,194,11,33,10,4,0.4,0.045454545454545456,8.8,ornith_dual-long-prompt
10,194,11,63,10,4,0.4,0.045454545454545456,8.8,ornith_dual-long-prompt
11,191,12,1,6,4,0.6666666666666666,0.056818181818181816,11.733333333333333,ornith_dual-long-prompt
11,191,12,219,6,4,0.6666666666666666,0.045454545454545456,14.666666666666666,ornith_dual-long-prompt
12,42,13,14,8,4,0.5,0.045454545454545456,11.0,ornith_dual-long-prompt
12,60,13,14,9,4,0.4444444444444444,0.045454545454545456,9.777777777777777,ornith_dual-long-prompt
12,60,13,26,9,4,0.4444444444444444,0.045454545454545456,9.777777777777777,ornith_dual-long-prompt
12,1,13,70,5,4,0.8,0.10227272727272728,7.822222222222222,ornith_dual-long-prompt
12,1,13,120,5,4,0.8,0.10227272727272728,7.822222222222222,ornith_dual-long-prompt
12,1,13,14,5,4,0.8,0.045454545454545456,17.6,ornith_dual-long-prompt
13,70,14,105,9,4,0.4444444444444444,0.045454545454545456,9.777777777777777,ornith_dual-long-prompt
13,120,14,105,9,4,0.4444444444444444,0.045454545454545456,9.777777777777777,ornith_dual-long-prompt
14,225,15,133,9,4,0.4444444444444444,0.045454545454545456,9.777777777777777,ornith_dual-long-prompt
14,225,15,229,9,4,0.4444444444444444,0.045454545454545456,9.777777777777777,ornith_dual-long-prompt
16,14,17,9,8,4,0.5,0.045454545454545456,11.0,ornith_dual-long-prompt
16,60,17,9,10,4,0.4,0.045454545454545456,8.8,ornith_dual-long-prompt
16,233,17,9,10,4,0.4,0.045454545454545456,8.8,ornith_dual-long-prompt
17,144,18,121,7,4,0.5714285714285714,0.056818181818181816,10.057142857142857,ornith_dual-long-prompt
17,232,18,121,6,4,0.6666666666666666,0.056818181818181816,11.733333333333333,ornith_dual-long-prompt
17,232,18,55,6,4,0.6666666666666666,0.06818181818181818,9.777777777777779,ornith_dual-long-prompt
17,232,18,34,6,4,0.6666666666666666,0.09090909090909091,7.333333333333333,ornith_dual-long-prompt
17,248,18,209,8,4,0.5,0.06818181818181818,7.333333333333334,ornith_dual-long-prompt
17,248,18,121,8,4,0.5,0.056818181818181816,8.8,ornith_dual-long-prompt
18,121,19,239,5,4,0.8,0.07954545454545454,10.057142857142859,ornith_dual-long-prompt
18,121,19,23,5,4,0.8,0.06818181818181818,11.733333333333334,ornith_dual-long-prompt
18,55,19,23,6,4,0.6666666666666666,0.06818181818181818,9.777777777777779,ornith_dual-long-prompt
18,34,19,23,8,4,0.5,0.06818181818181818,7.333333333333334,ornith_dual-long-prompt
19,215,20,193,9,4,0.4444444444444444,0.045454545454545456,9.777777777777777,ornith_dual-long-prompt
20,172,21,32,7,4,0.5714285714285714,0.045454545454545456,12.571428571428571,ornith_dual-long-prompt
20,172,21,121,7,4,0.5714285714285714,0.045454545454545456,12.571428571428571,ornith_dual-long-prompt
20,50,21,32,6,4,0.6666666666666666,0.045454545454545456,14.666666666666666,ornith_dual-long-prompt
20,50,21,121,6,4,0.6666666666666666,0.045454545454545456,14.666666666666666,ornith_dual-long-prompt
20,72,21,32,9,4,0.4444444444444444,0.045454545454545456,9.777777777777777,ornith_dual-long-prompt
20,3,21,121,8,4,0.5,0.045454545454545456,11.0,ornith_dual-long-prompt
22,70,23,191,8,4,0.5,0.056818181818181816,8.8,ornith_dual-long-prompt
22,70,23,24,8,4,0.5,0.056818181818181816,8.8,ornith_dual-long-prompt
22,192,23,24,7,4,0.5714285714285714,0.056818181818181816,10.057142857142857,ornith_dual-long-prompt
23,237,24,68,5,4,0.8,0.056818181818181816,14.080000000000002,ornith_dual-long-prompt
23,191,24,42,5,4,0.8,0.045454545454545456,17.6,ornith_dual-long-prompt
23,24,24,173,5,4,0.8,0.056818181818181816,14.080000000000002,ornith_dual-long-prompt
24,68,25,26,5,4,0.8,0.06818181818181818,11.733333333333334,ornith_dual-long-prompt
24,173,25,26,5,4,0.8,0.06818181818181818,11.733333333333334,ornith_dual-long-prompt
24,173,25,193,5,4,0.8,0.045454545454545456,17.6,ornith_dual-long-prompt
24,1,25,120,8,4,0.5,0.045454545454545456,11.0,ornith_dual-long-prompt
25,26,26,97,6,4,0.6666666666666666,0.06818181818181818,9.777777777777779,ornith_dual-long-prompt
26,97,27,139,6,4,0.6666666666666666,0.045454545454545456,14.666666666666666,ornith_dual-long-prompt
26,119,27,189,7,4,0.5714285714285714,0.045454545454545456,12.571428571428571,ornith_dual-long-prompt
26,225,27,189,8,4,0.5,0.045454545454545456,11.0,ornith_dual-long-prompt
26,225,27,27,8,4,0.5,0.045454545454545456,11.0,ornith_dual-long-prompt
26,105,27,139,8,4,0.5,0.045454545454545456,11.0,ornith_dual-long-prompt
28,14,29,9,8,4,0.5,0.045454545454545456,11.0,ornith_dual-long-prompt
28,60,29,9,9,4,0.4444444444444444,0.045454545454545456,9.777777777777777,ornith_dual-long-prompt
28,233,29,9,10,4,0.4,0.045454545454545456,8.8,ornith_dual-long-prompt
28,130,29,9,9,4,0.4444444444444444,0.045454545454545456,9.777777777777777,ornith_dual-long-prompt
28,130,29,215,9,4,0.4444444444444444,0.056818181818181816,7.822222222222222,ornith_dual-long-prompt
29,71,30,99,8,4,0.5,0.045454545454545456,11.0,ornith_dual-long-prompt
29,100,30,99,6,4,0.6666666666666666,0.045454545454545456,14.666666666666666,ornith_dual-long-prompt
29,144,30,99,7,4,0.5714285714285714,0.045454545454545456,12.571428571428571,ornith_dual-long-prompt
29,215,30,121,5,4,0.8,0.07954545454545454,10.057142857142859,ornith_dual-long-prompt
30,30,31,35,8,4,0.5,0.06818181818181818,7.333333333333334,ornith_dual-long-prompt
31,215,32,144,9,4,0.4444444444444444,0.045454545454545456,9.777777777777777,ornith_dual-long-prompt
31,215,32,88,9,4,0.4444444444444444,0.045454545454545456,9.777777777777777,ornith_dual-long-prompt
31,173,32,88,7,4,0.5714285714285714,0.045454545454545456,12.571428571428571,ornith_dual-long-prompt
31,162,32,144,9,4,0.4444444444444444,0.045454545454545456,9.777777777777777,ornith_dual-long-prompt
31,162,32,88,9,4,0.4444444444444444,0.045454545454545456,9.777777777777777,ornith_dual-long-prompt
32,191,33,29,10,4,0.4,0.045454545454545456,8.8,ornith_dual-long-prompt
32,101,33,29,9,4,0.4444444444444444,0.045454545454545456,9.777777777777777,ornith_dual-long-prompt
32,27,33,12,6,4,0.6666666666666666,0.056818181818181816,11.733333333333333,ornith_dual-long-prompt
36,77,37,99,5,4,0.8,0.056818181818181816,14.080000000000002,ornith_dual-long-prompt
36,77,37,166,5,4,0.8,0.07954545454545454,10.057142857142859,ornith_dual-long-prompt
36,77,37,97,5,4,0.8,0.06818181818181818,11.733333333333334,ornith_dual-long-prompt
36,77,37,87,5,4,0.8,0.06818181818181818,11.733333333333334,ornith_dual-long-prompt
37,97,38,14,6,4,0.6666666666666666,0.07954545454545454,8.380952380952381,ornith_dual-long-prompt
37,97,38,39,6,4,0.6666666666666666,0.06818181818181818,9.777777777777779,ornith_dual-long-prompt
38,14,39,66,7,4,0.5714285714285714,0.056818181818181816,10.057142857142857,ornith_dual-long-prompt
38,39,39,66,6,4,0.6666666666666666,0.056818181818181816,11.733333333333333,ornith_dual-long-prompt
5,139,6,195,7,4,0.5714285714285714,0.06818181818181818,8.380952380952381,ornith_dual-long-prompt
6,195,7,95,6,4,0.6666666666666666,0.09090909090909091,7.333333333333333,ornith_dual-long-prompt
6,242,7,130,5,4,0.8,0.056818181818181816,14.080000000000002,ornith_dual-long-prompt
7,245,8,88,10,4,0.4,0.045454545454545456,8.8,ornith_dual-long-prompt
7,166,8,88,7,4,0.5714285714285714,0.045454545454545456,12.571428571428571,ornith_dual-long-prompt
7,95,8,88,8,4,0.5,0.045454545454545456,11.0,ornith_dual-long-prompt
7,130,8,186,5,4,0.8,0.056818181818181816,14.080000000000002,ornith_dual-long-prompt
7,130,8,88,5,4,0.8,0.045454545454545456,17.6,ornith_dual-long-prompt
7,116,8,88,9,4,0.4444444444444444,0.045454545454545456,9.777777777777777,ornith_dual-long-prompt
10,70,11,173,10,4,0.4,0.045454545454545456,8.8,ornith_dual-long-prompt
10,194,11,173,10,4,0.4,0.045454545454545456,8.8,ornith_dual-long-prompt
12,173,13,136,6,4,0.6666666666666666,0.045454545454545456,14.666666666666666,ornith_dual-long-prompt
12,107,13,136,6,4,0.6666666666666666,0.045454545454545456,14.666666666666666,ornith_dual-long-prompt
12,60,13,136,9,4,0.4444444444444444,0.045454545454545456,9.777777777777777,ornith_dual-long-prompt
12,42,13,224,8,4,0.5,0.06818181818181818,7.333333333333334,ornith_dual-long-prompt
13,70,14,30,9,4,0.4444444444444444,0.056818181818181816,7.822222222222222,ornith_dual-long-prompt
13,120,14,30,9,4,0.4444444444444444,0.056818181818181816,7.822222222222222,ornith_dual-long-prompt
14,225,15,82,9,4,0.4444444444444444,0.056818181818181816,7.822222222222222,ornith_dual-long-prompt
14,225,15,142,9,4,0.4444444444444444,0.045454545454545456,9.777777777777777,ornith_dual-long-prompt
14,225,15,147,9,4,0.4444444444444444,0.045454545454545456,9.777777777777777,ornith_dual-long-prompt
14,12,15,82,7,4,0.5714285714285714,0.056818181818181816,10.057142857142857,ornith_dual-long-prompt
14,12,15,142,7,4,0.5714285714285714,0.045454545454545456,12.571428571428571,ornith_dual-long-prompt
15,82,16,14,5,4,0.8,0.09090909090909091,8.8,ornith_dual-long-prompt
15,82,16,233,5,4,0.8,0.11363636363636363,7.040000000000001,ornith_dual-long-prompt
15,82,16,40,5,4,0.8,0.09090909090909091,8.8,ornith_dual-long-prompt
15,82,16,60,5,4,0.8,0.11363636363636363,7.040000000000001,ornith_dual-long-prompt
19,37,20,72,5,4,0.8,0.10227272727272728,7.822222222222222,ornith_dual-long-prompt
19,37,20,186,5,4,0.8,0.056818181818181816,14.080000000000002,ornith_dual-long-prompt
20,172,21,162,7,4,0.5714285714285714,0.045454545454545456,12.571428571428571,ornith_dual-long-prompt
20,50,21,162,6,4,0.6666666666666666,0.045454545454545456,14.666666666666666,ornith_dual-long-prompt
20,50,21,43,6,4,0.6666666666666666,0.056818181818181816,11.733333333333333,ornith_dual-long-prompt
20,186,21,162,5,4,0.8,0.045454545454545456,17.6,ornith_dual-long-prompt
20,186,21,43,5,4,0.8,0.056818181818181816,14.080000000000002,ornith_dual-long-prompt
21,95,22,82,10,4,0.4,0.056818181818181816,7.040000000000001,ornith_dual-long-prompt
21,128,22,82,7,4,0.5714285714285714,0.056818181818181816,10.057142857142857,ornith_dual-long-prompt
21,44,22,70,5,4,0.8,0.09090909090909091,8.8,ornith_dual-long-prompt
21,58,22,82,6,4,0.6666666666666666,0.056818181818181816,11.733333333333333,ornith_dual-long-prompt
21,43,22,70,5,4,0.8,0.09090909090909091,8.8,ornith_dual-long-prompt
21,43,22,192,5,4,0.8,0.07954545454545454,10.057142857142859,ornith_dual-long-prompt
23,237,24,107,5,4,0.8,0.056818181818181816,14.080000000000002,ornith_dual-long-prompt
24,1,25,47,8,4,0.5,0.045454545454545456,11.0,ornith_dual-long-prompt
24,173,25,180,5,4,0.8,0.045454545454545456,17.6,ornith_dual-long-prompt
24,107,25,26,5,4,0.8,0.06818181818181818,11.733333333333334,ornith_dual-long-prompt
24,107,25,180,5,4,0.8,0.045454545454545456,17.6,ornith_dual-long-prompt
24,60,25,202,6,4,0.6666666666666666,0.06818181818181818,9.777777777777779,ornith_dual-long-prompt
24,60,25,26,6,4,0.6666666666666666,0.06818181818181818,9.777777777777779,ornith_dual-long-prompt
24,60,25,47,6,4,0.6666666666666666,0.045454545454545456,14.666666666666666,ornith_dual-long-prompt
25,70,26,31,10,4,0.4,0.045454545454545456,8.8,ornith_dual-long-prompt
25,202,26,225,6,4,0.6666666666666666,0.09090909090909091,7.333333333333333,ornith_dual-long-prompt
25,26,26,31,6,4,0.6666666666666666,0.045454545454545456,14.666666666666666,ornith_dual-long-prompt
27,6,28,19,7,4,0.5714285714285714,0.045454545454545456,12.571428571428571,ornith_dual-long-prompt
27,85,28,40,7,4,0.5714285714285714,0.07954545454545454,7.183673469387755,ornith_dual-long-prompt
28,14,29,247,8,4,0.5,0.045454545454545456,11.0,ornith_dual-long-prompt
28,14,29,3,8,4,0.5,0.045454545454545456,11.0,ornith_dual-long-prompt
28,233,29,247,10,4,0.4,0.045454545454545456,8.8,ornith_dual-long-prompt
28,233,29,3,10,4,0.4,0.045454545454545456,8.8,ornith_dual-long-prompt
28,113,29,247,8,4,0.5,0.045454545454545456,11.0,ornith_dual-long-prompt
28,113,29,3,8,4,0.5,0.045454545454545456,11.0,ornith_dual-long-prompt
28,60,29,247,9,4,0.4444444444444444,0.045454545454545456,9.777777777777777,ornith_dual-long-prompt
28,60,29,3,9,4,0.4444444444444444,0.045454545454545456,9.777777777777777,ornith_dual-long-prompt
28,40,29,247,7,4,0.5714285714285714,0.045454545454545456,12.571428571428571,ornith_dual-long-prompt
28,40,29,3,7,4,0.5714285714285714,0.045454545454545456,12.571428571428571,ornith_dual-long-prompt
33,127,34,137,10,4,0.4,0.056818181818181816,7.040000000000001,ornith_dual-long-prompt
34,40,35,20,10,4,0.4,0.045454545454545456,8.8,ornith_dual-long-prompt
34,137,35,20,5,4,0.8,0.045454545454545456,17.6,ornith_dual-long-prompt
34,137,35,97,5,4,0.8,0.09090909090909091,8.8,ornith_dual-long-prompt
36,14,37,97,5,4,0.8,0.06818181818181818,11.733333333333334,ornith_dual-long-prompt
4,134,5,75,8,4,0.5,0.056818181818181816,8.8,ornith_dual-long-prompt
13,70,14,145,9,4,0.4444444444444444,0.045454545454545456,9.777777777777777,ornith_dual-long-prompt
13,70,14,119,9,4,0.4444444444444444,0.045454545454545456,9.777777777777777,ornith_dual-long-prompt
13,224,14,119,6,4,0.6666666666666666,0.045454545454545456,14.666666666666666,ornith_dual-long-prompt
13,120,14,145,9,4,0.4444444444444444,0.045454545454545456,9.777777777777777,ornith_dual-long-prompt
13,120,14,119,9,4,0.4444444444444444,0.045454545454545456,9.777777777777777,ornith_dual-long-prompt
16,14,17,215,8,4,0.5,0.045454545454545456,11.0,ornith_dual-long-prompt
16,60,17,215,10,4,0.4,0.045454545454545456,8.8,ornith_dual-long-prompt
16,40,17,215,8,4,0.5,0.045454545454545456,11.0,ornith_dual-long-prompt
16,233,17,215,10,4,0.4,0.045454545454545456,8.8,ornith_dual-long-prompt
19,37,20,3,5,4,0.8,0.09090909090909091,8.8,ornith_dual-long-prompt
25,70,26,177,10,4,0.4,0.045454545454545456,8.8,ornith_dual-long-prompt
25,26,26,177,6,4,0.6666666666666666,0.045454545454545456,14.666666666666666,ornith_dual-long-prompt
27,218,28,40,7,4,0.5714285714285714,0.07954545454545454,7.183673469387755,ornith_dual-long-prompt
29,215,30,34,5,4,0.8,0.06818181818181818,11.733333333333334,ornith_dual-long-prompt
29,100,30,34,6,4,0.6666666666666666,0.06818181818181818,9.777777777777779,ornith_dual-long-prompt
36,18,37,83,7,4,0.5714285714285714,0.056818181818181816,10.057142857142857,ornith_dual-long-prompt
38,209,39,15,11,4,0.36363636363636365,0.045454545454545456,8.0,ornith_dual-long-prompt
38,173,39,15,8,4,0.5,0.045454545454545456,11.0,ornith_dual-long-prompt
38,39,39,15,6,4,0.6666666666666666,0.045454545454545456,14.666666666666666,ornith_dual-long-prompt
38,14,39,15,7,4,0.5714285714285714,0.045454545454545456,12.571428571428571,ornith_dual-long-prompt
4,30,5,75,8,4,0.5,0.056818181818181816,8.8,ornith_dual-long-prompt
4,30,5,5,8,4,0.5,0.045454545454545456,11.0,ornith_dual-long-prompt
5,139,6,131,7,4,0.5714285714285714,0.045454545454545456,12.571428571428571,ornith_dual-long-prompt
9,99,10,184,8,4,0.5,0.056818181818181816,8.8,ornith_dual-long-prompt
10,184,11,191,5,4,0.8,0.06818181818181818,11.733333333333334,ornith_dual-long-prompt
18,34,19,162,8,4,0.5,0.045454545454545456,11.0,ornith_dual-long-prompt
28,233,29,248,10,4,0.4,0.045454545454545456,8.8,ornith_dual-long-prompt
28,130,29,248,9,4,0.4444444444444444,0.045454545454545456,9.777777777777777,ornith_dual-long-prompt
29,64,30,182,5,4,0.8,0.10227272727272728,7.822222222222222,ornith_dual-long-prompt
30,182,31,20,9,4,0.4444444444444444,0.056818181818181816,7.822222222222222,ornith_dual-long-prompt
31,20,32,191,5,4,0.8,0.11363636363636363,7.040000000000001,ornith_dual-long-prompt
5,46,6,71,7,4,0.5714285714285714,0.06818181818181818,8.380952380952381,ornith_dual-long-prompt
15,82,16,245,5,3,0.6,0.03409090909090909,17.6,ornith_dual-long-prompt
31,20,32,101,5,3,0.6,0.10227272727272728,5.866666666666666,ornith_dual-long-prompt
31,20,32,112,5,3,0.6,0.045454545454545456,13.2,ornith_dual-long-prompt
32,101,33,179,9,3,0.3333333333333333,0.03409090909090909,9.777777777777779,ornith_dual-long-prompt
38,209,39,177,11,3,0.2727272727272727,0.03409090909090909,8.0,ornith_dual-long-prompt
38,209,39,10,11,3,0.2727272727272727,0.03409090909090909,8.0,ornith_dual-long-prompt
3,163,4,243,6,3,0.5,0.045454545454545456,11.0,ornith_dual-long-prompt
3,163,4,149,6,3,0.5,0.03409090909090909,14.666666666666668,ornith_dual-long-prompt
4,206,5,46,5,3,0.6,0.07954545454545454,7.542857142857143,ornith_dual-long-prompt
5,64,6,165,7,3,0.42857142857142855,0.056818181818181816,7.542857142857143,ornith_dual-long-prompt
5,46,6,138,7,3,0.42857142857142855,0.045454545454545456,9.428571428571427,ornith_dual-long-prompt
6,149,7,184,8,3,0.375,0.045454545454545456,8.25,ornith_dual-long-prompt
6,165,7,166,5,3,0.6,0.07954545454545454,7.542857142857143,ornith_dual-long-prompt
6,165,7,184,5,3,0.6,0.045454545454545456,13.2,ornith_dual-long-prompt
7,245,8,133,10,3,0.3,0.03409090909090909,8.8,ornith_dual-long-prompt
10,194,11,107,10,3,0.3,0.03409090909090909,8.8,ornith_dual-long-prompt
10,70,11,107,10,3,0.3,0.03409090909090909,8.8,ornith_dual-long-prompt
11,237,12,208,7,3,0.42857142857142855,0.045454545454545456,9.428571428571427,ornith_dual-long-prompt
13,224,14,30,6,3,0.5,0.056818181818181816,8.8,ornith_dual-long-prompt
13,224,14,17,6,3,0.5,0.045454545454545456,11.0,ornith_dual-long-prompt
14,30,15,6,5,3,0.6,0.07954545454545454,7.542857142857143,ornith_dual-long-prompt
16,14,17,206,8,3,0.375,0.03409090909090909,11.0,ornith_dual-long-prompt
16,130,17,206,9,3,0.3333333333333333,0.03409090909090909,9.777777777777779,ornith_dual-long-prompt
16,60,17,206,10,3,0.3,0.03409090909090909,8.8,ornith_dual-long-prompt
16,233,17,206,10,3,0.3,0.03409090909090909,8.8,ornith_dual-long-prompt
18,55,19,35,6,3,0.5,0.045454545454545456,11.0,ornith_dual-long-prompt
18,55,19,114,6,3,0.5,0.045454545454545456,11.0,ornith_dual-long-prompt
18,55,19,55,6,3,0.5,0.03409090909090909,14.666666666666668,ornith_dual-long-prompt
18,195,19,237,7,3,0.42857142857142855,0.045454545454545456,9.428571428571427,ornith_dual-long-prompt
18,195,19,55,7,3,0.42857142857142855,0.03409090909090909,12.571428571428571,ornith_dual-long-prompt
18,34,19,237,8,3,0.375,0.045454545454545456,8.25,ornith_dual-long-prompt
18,34,19,55,8,3,0.375,0.03409090909090909,11.0,ornith_dual-long-prompt
18,30,19,35,8,3,0.375,0.045454545454545456,8.25,ornith_dual-long-prompt
18,30,19,55,8,3,0.375,0.03409090909090909,11.0,ornith_dual-long-prompt
21,95,22,123,10,3,0.3,0.03409090909090909,8.8,ornith_dual-long-prompt
23,24,24,158,5,3,0.6,0.045454545454545456,13.2,ornith_dual-long-prompt
24,1,25,230,8,3,0.375,0.03409090909090909,11.0,ornith_dual-long-prompt
25,202,26,54,6,3,0.5,0.03409090909090909,14.666666666666668,ornith_dual-long-prompt
25,202,26,119,6,3,0.5,0.07954545454545454,6.285714285714286,ornith_dual-long-prompt
25,70,26,54,10,3,0.3,0.03409090909090909,8.8,ornith_dual-long-prompt
25,194,26,97,5,3,0.6,0.06818181818181818,8.8,ornith_dual-long-prompt
26,12,27,218,7,3,0.42857142857142855,0.07954545454545454,5.387755102040816,ornith_dual-long-prompt
28,14,29,64,8,3,0.375,0.056818181818181816,6.6000000000000005,ornith_dual-long-prompt
29,232,30,55,8,3,0.375,0.03409090909090909,11.0,ornith_dual-long-prompt
31,162,32,112,9,3,0.3333333333333333,0.045454545454545456,7.333333333333333,ornith_dual-long-prompt
32,101,33,161,9,3,0.3333333333333333,0.03409090909090909,9.777777777777779,ornith_dual-long-prompt
32,101,33,103,9,3,0.3333333333333333,0.03409090909090909,9.777777777777779,ornith_dual-long-prompt
32,191,33,161,10,3,0.3,0.03409090909090909,8.8,ornith_dual-long-prompt
32,191,33,103,10,3,0.3,0.03409090909090909,8.8,ornith_dual-long-prompt
33,127,34,94,10,3,0.3,0.03409090909090909,8.8,ornith_dual-long-prompt
33,127,34,227,10,3,0.3,0.03409090909090909,8.8,ornith_dual-long-prompt
33,201,34,94,5,3,0.6,0.03409090909090909,17.6,ornith_dual-long-prompt
33,201,34,227,5,3,0.6,0.03409090909090909,17.6,ornith_dual-long-prompt
33,12,34,94,5,3,0.6,0.03409090909090909,17.6,ornith_dual-long-prompt
33,12,34,227,5,3,0.6,0.03409090909090909,17.6,ornith_dual-long-prompt
37,55,38,132,9,3,0.3333333333333333,0.03409090909090909,9.777777777777779,ornith_dual-long-prompt
38,209,39,77,11,3,0.2727272727272727,0.03409090909090909,8.0,ornith_dual-long-prompt
38,209,39,252,11,3,0.2727272727272727,0.03409090909090909,8.0,ornith_dual-long-prompt
38,14,39,77,7,3,0.42857142857142855,0.03409090909090909,12.571428571428571,ornith_dual-long-prompt
38,14,39,252,7,3,0.42857142857142855,0.03409090909090909,12.571428571428571,ornith_dual-long-prompt
1,236,2,235,5,3,0.6,0.03409090909090909,17.6,ornith_dual-long-prompt
4,206,5,77,5,3,0.6,0.03409090909090909,17.6,ornith_dual-long-prompt
4,134,5,77,8,3,0.375,0.03409090909090909,11.0,ornith_dual-long-prompt
7,166,8,50,7,3,0.42857142857142855,0.03409090909090909,12.571428571428571,ornith_dual-long-prompt
7,245,8,50,10,3,0.3,0.03409090909090909,8.8,ornith_dual-long-prompt
7,116,8,172,9,3,0.3333333333333333,0.045454545454545456,7.333333333333333,ornith_dual-long-prompt
7,116,8,50,9,3,0.3333333333333333,0.03409090909090909,9.777777777777779,ornith_dual-long-prompt
8,232,9,58,8,3,0.375,0.03409090909090909,11.0,ornith_dual-long-prompt
8,232,9,100,8,3,0.375,0.03409090909090909,11.0,ornith_dual-long-prompt
8,3,9,58,9,3,0.3333333333333333,0.03409090909090909,9.777777777777779,ornith_dual-long-prompt
8,3,9,100,9,3,0.3333333333333333,0.03409090909090909,9.777777777777779,ornith_dual-long-prompt
8,123,9,58,11,3,0.2727272727272727,0.03409090909090909,8.0,ornith_dual-long-prompt
8,123,9,100,11,3,0.2727272727272727,0.03409090909090909,8.0,ornith_dual-long-prompt
10,70,11,143,10,3,0.3,0.045454545454545456,6.6,ornith_dual-long-prompt
10,194,11,143,10,3,0.3,0.045454545454545456,6.6,ornith_dual-long-prompt
10,124,11,33,6,3,0.5,0.045454545454545456,11.0,ornith_dual-long-prompt
12,42,13,26,8,3,0.375,0.045454545454545456,8.25,ornith_dual-long-prompt
13,70,14,17,9,3,0.3333333333333333,0.045454545454545456,7.333333333333333,ornith_dual-long-prompt
13,120,14,17,9,3,0.3333333333333333,0.045454545454545456,7.333333333333333,ornith_dual-long-prompt
14,225,15,134,9,3,0.3333333333333333,0.03409090909090909,9.777777777777779,ornith_dual-long-prompt
14,225,15,54,9,3,0.3333333333333333,0.03409090909090909,9.777777777777779,ornith_dual-long-prompt
16,14,17,59,8,3,0.375,0.03409090909090909,11.0,ornith_dual-long-prompt
16,234,17,248,5,3,0.6,0.09090909090909091,6.6,ornith_dual-long-prompt
16,234,17,59,5,3,0.6,0.03409090909090909,17.6,ornith_dual-long-prompt
16,234,17,9,5,3,0.6,0.045454545454545456,13.2,ornith_dual-long-prompt
16,60,17,59,10,3,0.3,0.03409090909090909,8.8,ornith_dual-long-prompt
16,130,17,59,9,3,0.3333333333333333,0.03409090909090909,9.777777777777779,ornith_dual-long-prompt
16,130,17,9,9,3,0.3333333333333333,0.045454545454545456,7.333333333333333,ornith_dual-long-prompt
16,233,17,59,10,3,0.3,0.03409090909090909,8.8,ornith_dual-long-prompt
18,195,19,94,7,3,0.42857142857142855,0.03409090909090909,12.571428571428571,ornith_dual-long-prompt
18,209,19,94,6,3,0.5,0.03409090909090909,14.666666666666668,ornith_dual-long-prompt
18,209,19,114,6,3,0.5,0.045454545454545456,11.0,ornith_dual-long-prompt
18,30,19,94,8,3,0.375,0.03409090909090909,11.0,ornith_dual-long-prompt
18,182,19,94,8,3,0.375,0.03409090909090909,11.0,ornith_dual-long-prompt
18,182,19,237,8,3,0.375,0.045454545454545456,8.25,ornith_dual-long-prompt
18,182,19,114,8,3,0.375,0.045454545454545456,8.25,ornith_dual-long-prompt
18,121,19,94,5,3,0.6,0.03409090909090909,17.6,ornith_dual-long-prompt
18,121,19,237,5,3,0.6,0.045454545454545456,13.2,ornith_dual-long-prompt
18,121,19,114,5,3,0.6,0.045454545454545456,13.2,ornith_dual-long-prompt
18,55,19,94,6,3,0.5,0.03409090909090909,14.666666666666668,ornith_dual-long-prompt
19,239,20,150,7,3,0.42857142857142855,0.03409090909090909,12.571428571428571,ornith_dual-long-prompt
19,215,20,150,9,3,0.3333333333333333,0.03409090909090909,9.777777777777779,ornith_dual-long-prompt
19,23,20,150,6,3,0.5,0.03409090909090909,14.666666666666668,ornith_dual-long-prompt
20,72,21,121,9,3,0.3333333333333333,0.045454545454545456,7.333333333333333,ornith_dual-long-prompt
20,3,21,32,8,3,0.375,0.045454545454545456,8.25,ornith_dual-long-prompt
20,186,21,32,5,3,0.6,0.045454545454545456,13.2,ornith_dual-long-prompt
20,186,21,121,5,3,0.6,0.045454545454545456,13.2,ornith_dual-long-prompt
21,95,22,254,10,3,0.3,0.03409090909090909,8.8,ornith_dual-long-prompt
21,128,22,254,7,3,0.42857142857142855,0.03409090909090909,12.571428571428571,ornith_dual-long-prompt
21,58,22,254,6,3,0.5,0.03409090909090909,14.666666666666668,ornith_dual-long-prompt
22,194,23,191,8,3,0.375,0.056818181818181816,6.6000000000000005,ornith_dual-long-prompt
22,194,23,71,8,3,0.375,0.03409090909090909,11.0,ornith_dual-long-prompt
22,70,23,71,8,3,0.375,0.03409090909090909,11.0,ornith_dual-long-prompt
22,192,23,71,7,3,0.42857142857142855,0.03409090909090909,12.571428571428571,ornith_dual-long-prompt
23,237,24,1,5,3,0.6,0.09090909090909091,6.6,ornith_dual-long-prompt
23,191,24,219,5,3,0.6,0.03409090909090909,17.6,ornith_dual-long-prompt
23,24,24,68,5,3,0.6,0.056818181818181816,10.56,ornith_dual-long-prompt
24,68,25,194,5,3,0.6,0.056818181818181816,10.56,ornith_dual-long-prompt
24,68,25,193,5,3,0.6,0.045454545454545456,13.2,ornith_dual-long-prompt
24,173,25,194,5,3,0.6,0.056818181818181816,10.56,ornith_dual-long-prompt
25,194,26,225,5,3,0.6,0.09090909090909091,6.6,ornith_dual-long-prompt
26,97,27,82,6,3,0.5,0.045454545454545456,11.0,ornith_dual-long-prompt
26,12,27,189,7,3,0.42857142857142855,0.045454545454545456,9.428571428571427,ornith_dual-long-prompt
26,12,27,139,7,3,0.42857142857142855,0.045454545454545456,9.428571428571427,ornith_dual-long-prompt
26,12,27,82,7,3,0.42857142857142855,0.045454545454545456,9.428571428571427,ornith_dual-long-prompt
26,12,27,27,7,3,0.42857142857142855,0.045454545454545456,9.428571428571427,ornith_dual-long-prompt
26,119,27,139,7,3,0.42857142857142855,0.045454545454545456,9.428571428571427,ornith_dual-long-prompt
26,119,27,82,7,3,0.42857142857142855,0.045454545454545456,9.428571428571427,ornith_dual-long-prompt
26,119,27,27,7,3,0.42857142857142855,0.045454545454545456,9.428571428571427,ornith_dual-long-prompt
26,225,27,139,8,3,0.375,0.045454545454545456,8.25,ornith_dual-long-prompt
26,105,27,189,8,3,0.375,0.045454545454545456,8.25,ornith_dual-long-prompt
26,105,27,82,8,3,0.375,0.045454545454545456,8.25,ornith_dual-long-prompt
27,6,28,234,7,3,0.42857142857142855,0.03409090909090909,12.571428571428571,ornith_dual-long-prompt
28,113,29,9,8,3,0.375,0.045454545454545456,8.25,ornith_dual-long-prompt
28,40,29,9,7,3,0.42857142857142855,0.045454545454545456,9.428571428571427,ornith_dual-long-prompt
29,232,30,99,8,3,0.375,0.045454545454545456,8.25,ornith_dual-long-prompt
29,71,30,116,8,3,0.375,0.03409090909090909,11.0,ornith_dual-long-prompt
29,71,30,209,8,3,0.375,0.045454545454545456,8.25,ornith_dual-long-prompt
29,144,30,116,7,3,0.42857142857142855,0.03409090909090909,12.571428571428571,ornith_dual-long-prompt
29,215,30,99,5,3,0.6,0.045454545454545456,13.2,ornith_dual-long-prompt
30,182,31,114,9,3,0.3333333333333333,0.03409090909090909,9.777777777777779,ornith_dual-long-prompt
30,121,31,114,7,3,0.42857142857142855,0.03409090909090909,12.571428571428571,ornith_dual-long-prompt
31,215,32,143,9,3,0.3333333333333333,0.03409090909090909,9.777777777777779,ornith_dual-long-prompt
31,215,32,26,9,3,0.3333333333333333,0.03409090909090909,9.777777777777779,ornith_dual-long-prompt
31,35,32,143,6,3,0.5,0.03409090909090909,14.666666666666668,ornith_dual-long-prompt
31,35,32,144,6,3,0.5,0.045454545454545456,11.0,ornith_dual-long-prompt
31,35,32,27,6,3,0.5,0.06818181818181818,7.333333333333334,ornith_dual-long-prompt
31,173,32,144,7,3,0.42857142857142855,0.045454545454545456,9.428571428571427,ornith_dual-long-prompt
31,173,32,26,7,3,0.42857142857142855,0.03409090909090909,12.571428571428571,ornith_dual-long-prompt
31,162,32,143,9,3,0.3333333333333333,0.03409090909090909,9.777777777777779,ornith_dual-long-prompt
31,162,32,26,9,3,0.3333333333333333,0.03409090909090909,9.777777777777779,ornith_dual-long-prompt
32,191,33,15,10,3,0.3,0.03409090909090909,8.8,ornith_dual-long-prompt
32,27,33,201,6,3,0.5,0.056818181818181816,8.8,ornith_dual-long-prompt
33,165,34,109,9,3,0.3333333333333333,0.03409090909090909,9.777777777777779,ornith_dual-long-prompt
33,165,34,163,9,3,0.3333333333333333,0.03409090909090909,9.777777777777779,ornith_dual-long-prompt
33,12,34,57,5,3,0.6,0.06818181818181818,8.8,ornith_dual-long-prompt
33,127,34,109,10,3,0.3,0.03409090909090909,8.8,ornith_dual-long-prompt
33,127,34,163,10,3,0.3,0.03409090909090909,8.8,ornith_dual-long-prompt
34,40,35,16,10,3,0.3,0.045454545454545456,6.6,ornith_dual-long-prompt
34,57,35,16,6,3,0.5,0.045454545454545456,11.0,ornith_dual-long-prompt
36,73,37,37,9,3,0.3333333333333333,0.03409090909090909,9.777777777777779,ornith_dual-long-prompt
36,18,37,37,7,3,0.42857142857142855,0.03409090909090909,12.571428571428571,ornith_dual-long-prompt
37,55,38,242,9,3,0.3333333333333333,0.03409090909090909,9.777777777777779,ornith_dual-long-prompt
37,166,38,242,7,3,0.42857142857142855,0.03409090909090909,12.571428571428571,ornith_dual-long-prompt
37,87,38,242,6,3,0.5,0.03409090909090909,14.666666666666668,ornith_dual-long-prompt
38,173,39,224,8,3,0.375,0.045454545454545456,8.25,ornith_dual-long-prompt
38,39,39,224,6,3,0.5,0.045454545454545456,11.0,ornith_dual-long-prompt
4,206,5,139,5,3,0.6,0.07954545454545454,7.542857142857143,ornith_dual-long-prompt
4,134,5,201,8,3,0.375,0.03409090909090909,11.0,ornith_dual-long-prompt
5,64,6,71,7,3,0.42857142857142855,0.06818181818181818,6.285714285714286,ornith_dual-long-prompt
5,64,6,25,7,3,0.42857142857142855,0.03409090909090909,12.571428571428571,ornith_dual-long-prompt
5,139,6,25,7,3,0.42857142857142855,0.03409090909090909,12.571428571428571,ornith_dual-long-prompt
6,195,7,130,6,3,0.5,0.056818181818181816,8.8,ornith_dual-long-prompt
6,165,7,95,5,3,0.6,0.09090909090909091,6.6,ornith_dual-long-prompt
6,71,7,166,6,3,0.5,0.07954545454545454,6.285714285714286,ornith_dual-long-prompt
6,71,7,130,6,3,0.5,0.056818181818181816,8.8,ornith_dual-long-prompt
7,245,8,151,10,3,0.3,0.03409090909090909,8.8,ornith_dual-long-prompt
7,95,8,151,8,3,0.375,0.03409090909090909,11.0,ornith_dual-long-prompt
7,116,8,151,9,3,0.3333333333333333,0.03409090909090909,9.777777777777779,ornith_dual-long-prompt
8,72,9,225,9,3,0.3333333333333333,0.045454545454545456,7.333333333333333,ornith_dual-long-prompt
8,3,9,221,9,3,0.3333333333333333,0.045454545454545456,7.333333333333333,ornith_dual-long-prompt
8,186,9,221,5,3,0.6,0.045454545454545456,13.2,ornith_dual-long-prompt
9,162,10,124,5,3,0.6,0.06818181818181818,8.8,ornith_dual-long-prompt
10,124,11,173,6,3,0.5,0.045454545454545456,11.0,ornith_dual-long-prompt
11,237,12,195,7,3,0.42857142857142855,0.03409090909090909,12.571428571428571,ornith_dual-long-prompt
11,237,12,22,7,3,0.42857142857142855,0.03409090909090909,12.571428571428571,ornith_dual-long-prompt
11,101,12,195,6,3,0.5,0.03409090909090909,14.666666666666668,ornith_dual-long-prompt
11,101,12,22,6,3,0.5,0.03409090909090909,14.666666666666668,ornith_dual-long-prompt
11,101,12,208,6,3,0.5,0.045454545454545456,11.0,ornith_dual-long-prompt
12,173,13,74,6,3,0.5,0.03409090909090909,14.666666666666668,ornith_dual-long-prompt
12,173,13,230,6,3,0.5,0.045454545454545456,11.0,ornith_dual-long-prompt
12,173,13,180,6,3,0.5,0.03409090909090909,14.666666666666668,ornith_dual-long-prompt
12,107,13,74,6,3,0.5,0.03409090909090909,14.666666666666668,ornith_dual-long-prompt
12,107,13,230,6,3,0.5,0.045454545454545456,11.0,ornith_dual-long-prompt
12,107,13,180,6,3,0.5,0.03409090909090909,14.666666666666668,ornith_dual-long-prompt
12,60,13,74,9,3,0.3333333333333333,0.03409090909090909,9.777777777777779,ornith_dual-long-prompt
12,60,13,230,9,3,0.3333333333333333,0.045454545454545456,7.333333333333333,ornith_dual-long-prompt
12,60,13,180,9,3,0.3333333333333333,0.03409090909090909,9.777777777777779,ornith_dual-long-prompt
12,42,13,136,8,3,0.375,0.045454545454545456,8.25,ornith_dual-long-prompt
12,42,13,230,8,3,0.375,0.045454545454545456,8.25,ornith_dual-long-prompt
14,30,15,147,5,3,0.6,0.045454545454545456,13.2,ornith_dual-long-prompt
15,82,16,130,5,3,0.6,0.10227272727272728,5.866666666666666,ornith_dual-long-prompt
15,82,16,234,5,3,0.6,0.056818181818181816,10.56,ornith_dual-long-prompt
16,40,17,9,8,3,0.375,0.045454545454545456,8.25,ornith_dual-long-prompt
18,30,19,194,8,3,0.375,0.03409090909090909,11.0,ornith_dual-long-prompt
18,209,19,194,6,3,0.5,0.03409090909090909,14.666666666666668,ornith_dual-long-prompt
18,55,19,37,6,3,0.5,0.056818181818181816,8.8,ornith_dual-long-prompt
18,182,19,35,8,3,0.375,0.045454545454545456,8.25,ornith_dual-long-prompt
18,182,19,194,8,3,0.375,0.03409090909090909,11.0,ornith_dual-long-prompt
18,34,19,194,8,3,0.375,0.03409090909090909,11.0,ornith_dual-long-prompt
18,34,19,37,8,3,0.375,0.056818181818181816,6.6000000000000005,ornith_dual-long-prompt
18,195,19,194,7,3,0.42857142857142855,0.03409090909090909,12.571428571428571,ornith_dual-long-prompt
20,72,21,162,9,3,0.3333333333333333,0.045454545454545456,7.333333333333333,ornith_dual-long-prompt
21,95,22,137,10,3,0.3,0.03409090909090909,8.8,ornith_dual-long-prompt
21,44,22,194,5,3,0.6,0.09090909090909091,6.6,ornith_dual-long-prompt
21,43,22,82,5,3,0.6,0.056818181818181816,10.56,ornith_dual-long-prompt
22,194,23,221,8,3,0.375,0.03409090909090909,11.0,ornith_dual-long-prompt
22,70,23,221,8,3,0.375,0.03409090909090909,11.0,ornith_dual-long-prompt
22,192,23,221,7,3,0.42857142857142855,0.03409090909090909,12.571428571428571,ornith_dual-long-prompt
22,82,23,24,5,3,0.6,0.056818181818181816,10.56,ornith_dual-long-prompt
22,82,23,237,5,3,0.6,0.056818181818181816,10.56,ornith_dual-long-prompt
22,82,23,221,5,3,0.6,0.03409090909090909,17.6,ornith_dual-long-prompt
23,24,24,107,5,3,0.6,0.056818181818181816,10.56,ornith_dual-long-prompt
23,24,24,60,5,3,0.6,0.06818181818181818,8.8,ornith_dual-long-prompt
23,237,24,60,5,3,0.6,0.06818181818181818,8.8,ornith_dual-long-prompt
24,107,25,193,5,3,0.6,0.045454545454545456,13.2,ornith_dual-long-prompt
24,60,25,180,6,3,0.5,0.045454545454545456,11.0,ornith_dual-long-prompt
24,221,25,47,5,3,0.6,0.045454545454545456,13.2,ornith_dual-long-prompt
24,68,25,180,5,3,0.6,0.045454545454545456,13.2,ornith_dual-long-prompt
26,119,27,124,7,3,0.42857142857142855,0.03409090909090909,12.571428571428571,ornith_dual-long-prompt
26,119,27,38,7,3,0.42857142857142855,0.03409090909090909,12.571428571428571,ornith_dual-long-prompt
26,225,27,124,8,3,0.375,0.03409090909090909,11.0,ornith_dual-long-prompt
26,225,27,38,8,3,0.375,0.03409090909090909,11.0,ornith_dual-long-prompt
28,130,29,247,9,3,0.3333333333333333,0.045454545454545456,7.333333333333333,ornith_dual-long-prompt
28,130,29,3,9,3,0.3333333333333333,0.045454545454545456,7.333333333333333,ornith_dual-long-prompt
29,71,30,36,8,3,0.375,0.03409090909090909,11.0,ornith_dual-long-prompt
29,71,30,189,8,3,0.375,0.03409090909090909,11.0,ornith_dual-long-prompt
29,232,30,36,8,3,0.375,0.03409090909090909,11.0,ornith_dual-long-prompt
29,232,30,189,8,3,0.375,0.03409090909090909,11.0,ornith_dual-long-prompt
29,144,30,36,7,3,0.42857142857142855,0.03409090909090909,12.571428571428571,ornith_dual-long-prompt
29,144,30,189,7,3,0.42857142857142855,0.03409090909090909,12.571428571428571,ornith_dual-long-prompt
30,30,31,194,8,3,0.375,0.03409090909090909,11.0,ornith_dual-long-prompt
30,30,31,89,8,3,0.375,0.03409090909090909,11.0,ornith_dual-long-prompt
30,182,31,194,9,3,0.3333333333333333,0.03409090909090909,9.777777777777779,ornith_dual-long-prompt
30,182,31,89,9,3,0.3333333333333333,0.03409090909090909,9.777777777777779,ornith_dual-long-prompt
30,34,31,35,6,3,0.5,0.06818181818181818,7.333333333333334,ornith_dual-long-prompt
30,34,31,194,6,3,0.5,0.03409090909090909,14.666666666666668,ornith_dual-long-prompt
30,34,31,89,6,3,0.5,0.03409090909090909,14.666666666666668,ornith_dual-long-prompt
30,121,31,194,7,3,0.42857142857142855,0.03409090909090909,12.571428571428571,ornith_dual-long-prompt
30,121,31,89,7,3,0.42857142857142855,0.03409090909090909,12.571428571428571,ornith_dual-long-prompt
32,191,33,235,10,3,0.3,0.03409090909090909,8.8,ornith_dual-long-prompt
36,14,37,83,5,3,0.6,0.056818181818181816,10.56,ornith_dual-long-prompt
36,14,37,87,5,3,0.6,0.06818181818181818,8.8,ornith_dual-long-prompt
38,209,39,239,11,3,0.2727272727272727,0.03409090909090909,8.0,ornith_dual-long-prompt
38,173,39,239,8,3,0.375,0.03409090909090909,11.0,ornith_dual-long-prompt
38,173,39,108,8,3,0.375,0.056818181818181816,6.6000000000000005,ornith_dual-long-prompt
3,163,4,169,6,3,0.5,0.045454545454545456,11.0,ornith_dual-long-prompt
5,64,6,9,7,3,0.42857142857142855,0.056818181818181816,7.542857142857143,ornith_dual-long-prompt
5,75,6,242,5,3,0.6,0.056818181818181816,10.56,ornith_dual-long-prompt
5,75,6,142,5,3,0.6,0.03409090909090909,17.6,ornith_dual-long-prompt
5,75,6,174,5,3,0.6,0.03409090909090909,17.6,ornith_dual-long-prompt
5,139,6,142,7,3,0.42857142857142855,0.03409090909090909,12.571428571428571,ornith_dual-long-prompt
5,139,6,174,7,3,0.42857142857142855,0.03409090909090909,12.571428571428571,ornith_dual-long-prompt
6,9,7,166,5,3,0.6,0.07954545454545454,7.542857142857143,ornith_dual-long-prompt
6,9,7,130,5,3,0.6,0.056818181818181816,10.56,ornith_dual-long-prompt
6,9,7,147,5,3,0.6,0.045454545454545456,13.2,ornith_dual-long-prompt
6,149,7,147,8,3,0.375,0.045454545454545456,8.25,ornith_dual-long-prompt
9,162,10,192,5,3,0.6,0.03409090909090909,17.6,ornith_dual-long-prompt
9,162,10,214,5,3,0.6,0.03409090909090909,17.6,ornith_dual-long-prompt
9,95,10,192,11,3,0.2727272727272727,0.03409090909090909,8.0,ornith_dual-long-prompt
9,95,10,214,11,3,0.2727272727272727,0.03409090909090909,8.0,ornith_dual-long-prompt
9,99,10,192,8,3,0.375,0.03409090909090909,11.0,ornith_dual-long-prompt
9,99,10,214,8,3,0.375,0.03409090909090909,11.0,ornith_dual-long-prompt
9,121,10,192,6,3,0.5,0.03409090909090909,14.666666666666668,ornith_dual-long-prompt
9,121,10,214,6,3,0.5,0.03409090909090909,14.666666666666668,ornith_dual-long-prompt
12,173,13,26,6,3,0.5,0.045454545454545456,11.0,ornith_dual-long-prompt
12,107,13,26,6,3,0.5,0.045454545454545456,11.0,ornith_dual-long-prompt
13,70,14,31,9,3,0.3333333333333333,0.03409090909090909,9.777777777777779,ornith_dual-long-prompt
13,70,14,239,9,3,0.3333333333333333,0.03409090909090909,9.777777777777779,ornith_dual-long-prompt
13,224,14,31,6,3,0.5,0.03409090909090909,14.666666666666668,ornith_dual-long-prompt
13,224,14,239,6,3,0.5,0.03409090909090909,14.666666666666668,ornith_dual-long-prompt
13,224,14,145,6,3,0.5,0.045454545454545456,11.0,ornith_dual-long-prompt
13,120,14,31,9,3,0.3333333333333333,0.03409090909090909,9.777777777777779,ornith_dual-long-prompt
13,120,14,239,9,3,0.3333333333333333,0.03409090909090909,9.777777777777779,ornith_dual-long-prompt
16,130,17,215,9,3,0.3333333333333333,0.045454545454545456,7.333333333333333,ornith_dual-long-prompt
17,71,18,99,8,3,0.375,0.03409090909090909,11.0,ornith_dual-long-prompt
17,144,18,99,7,3,0.42857142857142855,0.03409090909090909,12.571428571428571,ornith_dual-long-prompt
17,232,18,99,6,3,0.5,0.03409090909090909,14.666666666666668,ornith_dual-long-prompt
17,100,18,99,9,3,0.3333333333333333,0.03409090909090909,9.777777777777779,ornith_dual-long-prompt
18,121,19,37,5,3,0.6,0.056818181818181816,10.56,ornith_dual-long-prompt
20,3,21,162,8,3,0.375,0.045454545454545456,8.25,ornith_dual-long-prompt
20,3,21,44,8,3,0.375,0.056818181818181816,6.6000000000000005,ornith_dual-long-prompt
24,173,25,117,5,3,0.6,0.03409090909090909,17.6,ornith_dual-long-prompt
24,107,25,117,5,3,0.6,0.03409090909090909,17.6,ornith_dual-long-prompt
25,70,26,209,10,3,0.3,0.03409090909090909,8.8,ornith_dual-long-prompt
25,26,26,209,6,3,0.5,0.03409090909090909,14.666666666666668,ornith_dual-long-prompt
27,218,28,19,7,3,0.42857142857142855,0.045454545454545456,9.428571428571427,ornith_dual-long-prompt
29,232,30,38,8,3,0.375,0.03409090909090909,11.0,ornith_dual-long-prompt
29,71,30,38,8,3,0.375,0.03409090909090909,11.0,ornith_dual-long-prompt
29,215,30,38,5,3,0.6,0.03409090909090909,17.6,ornith_dual-long-prompt
29,100,30,38,6,3,0.5,0.03409090909090909,14.666666666666668,ornith_dual-long-prompt
30,30,31,60,8,3,0.375,0.03409090909090909,11.0,ornith_dual-long-prompt
30,30,31,123,8,3,0.375,0.03409090909090909,11.0,ornith_dual-long-prompt
30,182,31,60,9,3,0.3333333333333333,0.03409090909090909,9.777777777777779,ornith_dual-long-prompt
30,182,31,123,9,3,0.3333333333333333,0.03409090909090909,9.777777777777779,ornith_dual-long-prompt
30,34,31,60,6,3,0.5,0.03409090909090909,14.666666666666668,ornith_dual-long-prompt
30,34,31,123,6,3,0.5,0.03409090909090909,14.666666666666668,ornith_dual-long-prompt
31,215,32,43,9,3,0.3333333333333333,0.03409090909090909,9.777777777777779,ornith_dual-long-prompt
31,173,32,43,7,3,0.42857142857142855,0.03409090909090909,12.571428571428571,ornith_dual-long-prompt
33,165,34,28,9,3,0.3333333333333333,0.03409090909090909,9.777777777777779,ornith_dual-long-prompt
34,40,35,34,10,3,0.3,0.03409090909090909,8.8,ornith_dual-long-prompt
34,137,35,34,5,3,0.6,0.03409090909090909,17.6,ornith_dual-long-prompt
35,97,36,77,8,3,0.375,0.056818181818181816,6.6000000000000005,ornith_dual-long-prompt
36,77,37,83,5,3,0.6,0.056818181818181816,10.56,ornith_dual-long-prompt
37,55,38,157,9,3,0.3333333333333333,0.03409090909090909,9.777777777777779,ornith_dual-long-prompt
37,83,38,157,5,3,0.6,0.03409090909090909,17.6,ornith_dual-long-prompt
37,87,38,157,6,3,0.5,0.03409090909090909,14.666666666666668,ornith_dual-long-prompt
37,99,38,157,5,3,0.6,0.03409090909090909,17.6,ornith_dual-long-prompt
3,163,4,180,6,3,0.5,0.045454545454545456,11.0,ornith_dual-long-prompt
4,134,5,217,8,3,0.375,0.03409090909090909,11.0,ornith_dual-long-prompt
4,30,5,217,8,3,0.375,0.03409090909090909,11.0,ornith_dual-long-prompt
5,75,6,131,5,3,0.6,0.045454545454545456,13.2,ornith_dual-long-prompt
5,46,6,9,7,3,0.42857142857142855,0.056818181818181816,7.542857142857143,ornith_dual-long-prompt
5,46,6,131,7,3,0.42857142857142855,0.045454545454545456,9.428571428571427,ornith_dual-long-prompt
5,46,6,242,7,3,0.42857142857142855,0.056818181818181816,7.542857142857143,ornith_dual-long-prompt
5,64,6,131,7,3,0.42857142857142855,0.045454545454545456,9.428571428571427,ornith_dual-long-prompt
6,149,7,146,8,3,0.375,0.03409090909090909,11.0,ornith_dual-long-prompt
10,70,11,212,10,3,0.3,0.03409090909090909,8.8,ornith_dual-long-prompt
10,194,11,212,10,3,0.3,0.03409090909090909,8.8,ornith_dual-long-prompt
16,234,17,215,5,3,0.6,0.045454545454545456,13.2,ornith_dual-long-prompt
29,71,30,20,8,3,0.375,0.045454545454545456,8.25,ornith_dual-long-prompt
33,12,34,137,5,3,0.6,0.056818181818181816,10.56,ornith_dual-long-prompt
34,40,35,240,10,3,0.3,0.03409090909090909,8.8,ornith_dual-long-prompt
34,40,35,60,10,3,0.3,0.03409090909090909,8.8,ornith_dual-long-prompt
34,137,35,240,5,3,0.6,0.03409090909090909,17.6,ornith_dual-long-prompt
34,137,35,60,5,3,0.6,0.03409090909090909,17.6,ornith_dual-long-prompt
35,35,36,193,9,3,0.3333333333333333,0.03409090909090909,9.777777777777779,ornith_dual-long-prompt
35,131,36,193,8,3,0.375,0.03409090909090909,11.0,ornith_dual-long-prompt
37,55,38,17,9,3,0.3333333333333333,0.03409090909090909,9.777777777777779,ornith_dual-long-prompt
37,166,38,17,7,3,0.42857142857142855,0.03409090909090909,12.571428571428571,ornith_dual-long-prompt
5,75,6,71,5,3,0.6,0.06818181818181818,8.8,ornith_dual-long-prompt
6,71,7,147,6,3,0.5,0.045454545454545456,11.0,ornith_dual-long-prompt
6,71,7,184,6,3,0.5,0.045454545454545456,11.0,ornith_dual-long-prompt
7,95,8,76,8,3,0.375,0.045454545454545456,8.25,ornith_dual-long-prompt
8,3,9,243,9,3,0.3333333333333333,0.03409090909090909,9.777777777777779,ornith_dual-long-prompt
8,72,9,137,9,3,0.3333333333333333,0.045454545454545456,7.333333333333333,ornith_dual-long-prompt
8,72,9,243,9,3,0.3333333333333333,0.03409090909090909,9.777777777777779,ornith_dual-long-prompt
8,123,9,243,11,3,0.2727272727272727,0.03409090909090909,8.0,ornith_dual-long-prompt
10,184,11,63,5,3,0.6,0.045454545454545456,13.2,ornith_dual-long-prompt
11,191,12,221,6,3,0.5,0.045454545454545456,11.0,ornith_dual-long-prompt
11,191,12,107,6,3,0.5,0.06818181818181818,7.333333333333334,ornith_dual-long-prompt
11,191,12,173,6,3,0.5,0.06818181818181818,7.333333333333334,ornith_dual-long-prompt
12,60,13,202,9,3,0.3333333333333333,0.045454545454545456,7.333333333333333,ornith_dual-long-prompt
12,60,13,47,9,3,0.3333333333333333,0.045454545454545456,7.333333333333333,ornith_dual-long-prompt
12,42,13,202,8,3,0.375,0.045454545454545456,8.25,ornith_dual-long-prompt
12,42,13,47,8,3,0.375,0.045454545454545456,8.25,ornith_dual-long-prompt
13,120,14,51,9,3,0.3333333333333333,0.03409090909090909,9.777777777777779,ornith_dual-long-prompt
13,70,14,51,9,3,0.3333333333333333,0.03409090909090909,9.777777777777779,ornith_dual-long-prompt
14,30,15,133,5,3,0.6,0.045454545454545456,13.2,ornith_dual-long-prompt
16,130,17,64,9,3,0.3333333333333333,0.03409090909090909,9.777777777777779,ornith_dual-long-prompt
16,40,17,64,8,3,0.375,0.03409090909090909,11.0,ornith_dual-long-prompt
16,40,17,35,8,3,0.375,0.045454545454545456,8.25,ornith_dual-long-prompt
16,233,17,64,10,3,0.3,0.03409090909090909,8.8,ornith_dual-long-prompt
16,60,17,64,10,3,0.3,0.03409090909090909,8.8,ornith_dual-long-prompt
17,248,18,43,8,3,0.375,0.03409090909090909,11.0,ornith_dual-long-prompt
17,100,18,43,9,3,0.3333333333333333,0.03409090909090909,9.777777777777779,ornith_dual-long-prompt
17,100,18,13,9,3,0.3333333333333333,0.045454545454545456,7.333333333333333,ornith_dual-long-prompt
18,34,19,36,8,3,0.375,0.03409090909090909,11.0,ornith_dual-long-prompt
18,34,19,154,8,3,0.375,0.045454545454545456,8.25,ornith_dual-long-prompt
18,34,19,96,8,3,0.375,0.03409090909090909,11.0,ornith_dual-long-prompt
18,182,19,154,8,3,0.375,0.045454545454545456,8.25,ornith_dual-long-prompt
18,182,19,162,8,3,0.375,0.045454545454545456,8.25,ornith_dual-long-prompt
19,215,20,151,9,3,0.3333333333333333,0.03409090909090909,9.777777777777779,ornith_dual-long-prompt
19,215,20,141,9,3,0.3333333333333333,0.03409090909090909,9.777777777777779,ornith_dual-long-prompt
21,95,22,25,10,3,0.3,0.03409090909090909,8.8,ornith_dual-long-prompt
21,95,22,65,10,3,0.3,0.03409090909090909,8.8,ornith_dual-long-prompt
21,44,22,25,5,3,0.6,0.03409090909090909,17.6,ornith_dual-long-prompt
21,44,22,65,5,3,0.6,0.03409090909090909,17.6,ornith_dual-long-prompt
22,194,23,33,8,3,0.375,0.03409090909090909,11.0,ornith_dual-long-prompt
23,191,24,221,5,3,0.6,0.056818181818181816,10.56,ornith_dual-long-prompt
24,221,25,182,5,3,0.6,0.03409090909090909,17.6,ornith_dual-long-prompt
24,1,25,182,8,3,0.375,0.03409090909090909,11.0,ornith_dual-long-prompt
25,202,26,103,6,3,0.5,0.03409090909090909,14.666666666666668,ornith_dual-long-prompt
25,70,26,103,10,3,0.3,0.03409090909090909,8.8,ornith_dual-long-prompt
26,105,27,87,8,3,0.375,0.03409090909090909,11.0,ornith_dual-long-prompt
26,105,27,185,8,3,0.375,0.03409090909090909,11.0,ornith_dual-long-prompt
26,225,27,87,8,3,0.375,0.03409090909090909,11.0,ornith_dual-long-prompt
26,225,27,185,8,3,0.375,0.03409090909090909,11.0,ornith_dual-long-prompt
28,60,29,248,9,3,0.3333333333333333,0.045454545454545456,7.333333333333333,ornith_dual-long-prompt
28,113,29,64,8,3,0.375,0.056818181818181816,6.6000000000000005,ornith_dual-long-prompt
28,113,29,248,8,3,0.375,0.045454545454545456,8.25,ornith_dual-long-prompt
29,64,30,30,5,3,0.6,0.09090909090909091,6.6,ornith_dual-long-prompt
29,64,30,121,5,3,0.6,0.07954545454545454,7.542857142857143,ornith_dual-long-prompt
29,64,30,134,5,3,0.6,0.03409090909090909,17.6,ornith_dual-long-prompt
30,30,31,20,8,3,0.375,0.056818181818181816,6.6000000000000005,ornith_dual-long-prompt
30,121,31,20,7,3,0.42857142857142855,0.056818181818181816,7.542857142857143,ornith_dual-long-prompt
11,191,12,248,6,3,0.5,0.03409090909090909,14.666666666666668,ornith_dual-long-prompt
13,70,14,218,9,3,0.3333333333333333,0.03409090909090909,9.777777777777779,ornith_dual-long-prompt
13,120,14,218,9,3,0.3333333333333333,0.03409090909090909,9.777777777777779,ornith_dual-long-prompt
34,40,35,96,10,3,0.3,0.045454545454545456,6.6,ornith_dual-long-prompt
34,57,35,96,6,3,0.5,0.045454545454545456,11.0,ornith_dual-long-prompt
23,191,24,60,5,3,0.6,0.06818181818181818,8.8,ornith_dual-long-prompt
26,105,27,229,8,3,0.375,0.03409090909090909,11.0,ornith_dual-long-prompt
29,64,30,20,5,3,0.6,0.045454545454545456,13.2,ornith_dual-long-prompt
8,123,9,72,11,2,0.18181818181818182,0.022727272727272728,8.0,ornith_dual-long-prompt
9,95,10,183,11,2,0.18181818181818182,0.022727272727272728,8.0,ornith_dual-long-prompt
22,82,23,92,5,2,0.4,0.022727272727272728,17.6,ornith_dual-long-prompt
22,192,23,92,7,2,0.2857142857142857,0.022727272727272728,12.571428571428571,ornith_dual-long-prompt
27,218,28,166,7,2,0.2857142857142857,0.022727272727272728,12.571428571428571,ornith_dual-long-prompt
31,35,32,224,6,2,0.3333333333333333,0.022727272727272728,14.666666666666666,ornith_dual-long-prompt
31,35,32,111,6,2,0.3333333333333333,0.03409090909090909,9.777777777777779,ornith_dual-long-prompt
31,35,32,112,6,2,0.3333333333333333,0.045454545454545456,7.333333333333333,ornith_dual-long-prompt
31,20,32,224,5,2,0.4,0.022727272727272728,17.6,ornith_dual-long-prompt
31,20,32,111,5,2,0.4,0.03409090909090909,11.733333333333334,ornith_dual-long-prompt
32,101,33,156,9,2,0.2222222222222222,0.022727272727272728,9.777777777777777,ornith_dual-long-prompt
33,127,34,63,10,2,0.2,0.022727272727272728,8.8,ornith_dual-long-prompt
33,127,34,85,10,2,0.2,0.022727272727272728,8.8,ornith_dual-long-prompt
33,127,34,204,10,2,0.2,0.022727272727272728,8.8,ornith_dual-long-prompt
33,201,34,63,5,2,0.4,0.022727272727272728,17.6,ornith_dual-long-prompt
33,201,34,204,5,2,0.4,0.022727272727272728,17.6,ornith_dual-long-prompt
34,40,35,225,10,2,0.2,0.022727272727272728,8.8,ornith_dual-long-prompt
34,40,35,210,10,2,0.2,0.022727272727272728,8.8,ornith_dual-long-prompt
35,97,36,24,8,2,0.25,0.03409090909090909,7.333333333333334,ornith_dual-long-prompt
36,73,37,50,9,2,0.2222222222222222,0.022727272727272728,9.777777777777777,ornith_dual-long-prompt
36,73,37,165,9,2,0.2222222222222222,0.022727272727272728,9.777777777777777,ornith_dual-long-prompt
36,73,37,158,9,2,0.2222222222222222,0.022727272727272728,9.777777777777777,ornith_dual-long-prompt
38,209,39,85,11,2,0.18181818181818182,0.022727272727272728,8.0,ornith_dual-long-prompt
38,209,39,70,11,2,0.18181818181818182,0.022727272727272728,8.0,ornith_dual-long-prompt
38,209,39,62,11,2,0.18181818181818182,0.022727272727272728,8.0,ornith_dual-long-prompt
38,209,39,213,11,2,0.18181818181818182,0.022727272727272728,8.0,ornith_dual-long-prompt
1,236,2,221,5,2,0.4,0.022727272727272728,17.6,ornith_dual-long-prompt
1,236,2,139,5,2,0.4,0.022727272727272728,17.6,ornith_dual-long-prompt
1,205,2,221,7,2,0.2857142857142857,0.022727272727272728,12.571428571428571,ornith_dual-long-prompt
1,205,2,139,7,2,0.2857142857142857,0.022727272727272728,12.571428571428571,ornith_dual-long-prompt
4,30,5,251,8,2,0.25,0.022727272727272728,11.0,ornith_dual-long-prompt
5,64,6,138,7,2,0.2857142857142857,0.045454545454545456,6.285714285714286,ornith_dual-long-prompt
5,46,6,156,7,2,0.2857142857142857,0.022727272727272728,12.571428571428571,ornith_dual-long-prompt
6,149,7,185,8,2,0.25,0.022727272727272728,11.0,ornith_dual-long-prompt
6,165,7,185,5,2,0.4,0.022727272727272728,17.6,ornith_dual-long-prompt
7,245,8,52,10,2,0.2,0.022727272727272728,8.8,ornith_dual-long-prompt
8,123,9,45,11,2,0.18181818181818182,0.022727272727272728,8.0,ornith_dual-long-prompt
8,72,9,45,9,2,0.2222222222222222,0.022727272727272728,9.777777777777777,ornith_dual-long-prompt
8,232,9,45,8,2,0.25,0.022727272727272728,11.0,ornith_dual-long-prompt
9,95,10,228,11,2,0.18181818181818182,0.022727272727272728,8.0,ornith_dual-long-prompt
9,95,10,162,11,2,0.18181818181818182,0.022727272727272728,8.0,ornith_dual-long-prompt
9,99,10,228,8,2,0.25,0.022727272727272728,11.0,ornith_dual-long-prompt
10,124,11,107,6,2,0.3333333333333333,0.03409090909090909,9.777777777777779,ornith_dual-long-prompt
10,124,11,124,6,2,0.3333333333333333,0.022727272727272728,14.666666666666666,ornith_dual-long-prompt
10,194,11,124,10,2,0.2,0.022727272727272728,8.8,ornith_dual-long-prompt
10,70,11,124,10,2,0.2,0.022727272727272728,8.8,ornith_dual-long-prompt
11,237,12,1,7,2,0.2857142857142857,0.056818181818181816,5.0285714285714285,ornith_dual-long-prompt
11,237,12,166,7,2,0.2857142857142857,0.022727272727272728,12.571428571428571,ornith_dual-long-prompt
12,1,13,194,5,2,0.4,0.03409090909090909,11.733333333333334,ornith_dual-long-prompt
12,1,13,66,5,2,0.4,0.022727272727272728,17.6,ornith_dual-long-prompt
13,224,14,97,6,2,0.3333333333333333,0.03409090909090909,9.777777777777779,ornith_dual-long-prompt
14,30,15,218,5,2,0.4,0.03409090909090909,11.733333333333334,ornith_dual-long-prompt
15,6,16,38,7,2,0.2857142857142857,0.022727272727272728,12.571428571428571,ornith_dual-long-prompt
16,14,17,35,8,2,0.25,0.045454545454545456,5.5,ornith_dual-long-prompt
17,248,18,166,8,2,0.25,0.022727272727272728,11.0,ornith_dual-long-prompt
18,195,19,35,7,2,0.2857142857142857,0.045454545454545456,6.285714285714286,ornith_dual-long-prompt
20,72,21,45,9,2,0.2222222222222222,0.022727272727272728,9.777777777777777,ornith_dual-long-prompt
20,72,21,255,9,2,0.2222222222222222,0.022727272727272728,9.777777777777777,ornith_dual-long-prompt
20,3,21,255,8,2,0.25,0.022727272727272728,11.0,ornith_dual-long-prompt
21,95,22,133,10,2,0.2,0.022727272727272728,8.8,ornith_dual-long-prompt
21,95,22,191,10,2,0.2,0.022727272727272728,8.8,ornith_dual-long-prompt
21,95,22,176,10,2,0.2,0.022727272727272728,8.8,ornith_dual-long-prompt
21,43,22,123,5,2,0.4,0.03409090909090909,11.733333333333334,ornith_dual-long-prompt
22,194,23,135,8,2,0.25,0.022727272727272728,11.0,ornith_dual-long-prompt
22,194,23,204,8,2,0.25,0.022727272727272728,11.0,ornith_dual-long-prompt
22,194,23,208,8,2,0.25,0.022727272727272728,11.0,ornith_dual-long-prompt
23,24,24,221,5,2,0.4,0.056818181818181816,7.040000000000001,ornith_dual-long-prompt
23,24,24,153,5,2,0.4,0.03409090909090909,11.733333333333334,ornith_dual-long-prompt
24,221,25,230,5,2,0.4,0.03409090909090909,11.733333333333334,ornith_dual-long-prompt
26,12,27,188,7,2,0.2857142857142857,0.022727272727272728,12.571428571428571,ornith_dual-long-prompt
26,97,27,218,6,2,0.3333333333333333,0.07954545454545454,4.190476190476191,ornith_dual-long-prompt
26,97,27,188,6,2,0.3333333333333333,0.022727272727272728,14.666666666666666,ornith_dual-long-prompt
26,119,27,188,7,2,0.2857142857142857,0.022727272727272728,12.571428571428571,ornith_dual-long-prompt
26,105,27,188,8,2,0.25,0.022727272727272728,11.0,ornith_dual-long-prompt
28,14,29,60,8,2,0.25,0.022727272727272728,11.0,ornith_dual-long-prompt
28,130,29,60,9,2,0.2222222222222222,0.022727272727272728,9.777777777777777,ornith_dual-long-prompt
28,233,29,60,10,2,0.2,0.022727272727272728,8.8,ornith_dual-long-prompt
28,60,29,60,9,2,0.2222222222222222,0.022727272727272728,9.777777777777777,ornith_dual-long-prompt
29,144,30,55,7,2,0.2857142857142857,0.03409090909090909,8.380952380952381,ornith_dual-long-prompt
29,144,30,199,7,2,0.2857142857142857,0.022727272727272728,12.571428571428571,ornith_dual-long-prompt
29,64,30,55,5,2,0.4,0.03409090909090909,11.733333333333334,ornith_dual-long-prompt
29,64,30,199,5,2,0.4,0.022727272727272728,17.6,ornith_dual-long-prompt
31,162,32,209,9,2,0.2222222222222222,0.022727272727272728,9.777777777777777,ornith_dual-long-prompt
32,191,33,179,10,2,0.2,0.03409090909090909,5.866666666666667,ornith_dual-long-prompt
35,97,36,148,8,2,0.25,0.03409090909090909,7.333333333333334,ornith_dual-long-prompt
35,97,36,55,8,2,0.25,0.03409090909090909,7.333333333333334,ornith_dual-long-prompt
35,97,36,48,8,2,0.25,0.03409090909090909,7.333333333333334,ornith_dual-long-prompt
35,97,36,188,8,2,0.25,0.03409090909090909,7.333333333333334,ornith_dual-long-prompt
36,73,37,196,9,2,0.2222222222222222,0.022727272727272728,9.777777777777777,ornith_dual-long-prompt
36,73,37,162,9,2,0.2222222222222222,0.022727272727272728,9.777777777777777,ornith_dual-long-prompt
36,73,37,126,9,2,0.2222222222222222,0.022727272727272728,9.777777777777777,ornith_dual-long-prompt
38,14,39,108,7,2,0.2857142857142857,0.056818181818181816,5.0285714285714285,ornith_dual-long-prompt
38,14,39,177,7,2,0.2857142857142857,0.03409090909090909,8.380952380952381,ornith_dual-long-prompt
1,236,2,181,5,2,0.4,0.022727272727272728,17.6,ornith_dual-long-prompt
7,245,8,117,10,2,0.2,0.022727272727272728,8.8,ornith_dual-long-prompt
7,245,8,95,10,2,0.2,0.022727272727272728,8.8,ornith_dual-long-prompt
7,116,8,117,9,2,0.2222222222222222,0.022727272727272728,9.777777777777777,ornith_dual-long-prompt
7,116,8,95,9,2,0.2222222222222222,0.022727272727272728,9.777777777777777,ornith_dual-long-prompt
8,232,9,32,8,2,0.25,0.022727272727272728,11.0,ornith_dual-long-prompt
8,232,9,137,8,2,0.25,0.045454545454545456,5.5,ornith_dual-long-prompt
8,3,9,32,9,2,0.2222222222222222,0.022727272727272728,9.777777777777777,ornith_dual-long-prompt
8,123,9,32,11,2,0.18181818181818182,0.022727272727272728,8.0,ornith_dual-long-prompt
10,124,11,191,6,2,0.3333333333333333,0.06818181818181818,4.888888888888889,ornith_dual-long-prompt
10,124,11,143,6,2,0.3333333333333333,0.045454545454545456,7.333333333333333,ornith_dual-long-prompt
10,124,11,63,6,2,0.3333333333333333,0.045454545454545456,7.333333333333333,ornith_dual-long-prompt
11,237,12,50,7,2,0.2857142857142857,0.022727272727272728,12.571428571428571,ornith_dual-long-prompt
11,191,12,50,6,2,0.3333333333333333,0.022727272727272728,14.666666666666666,ornith_dual-long-prompt
11,101,12,1,6,2,0.3333333333333333,0.056818181818181816,5.866666666666666,ornith_dual-long-prompt
11,101,12,219,6,2,0.3333333333333333,0.045454545454545456,7.333333333333333,ornith_dual-long-prompt
12,42,13,194,8,2,0.25,0.03409090909090909,7.333333333333334,ornith_dual-long-prompt
12,42,13,185,8,2,0.25,0.022727272727272728,11.0,ornith_dual-long-prompt
12,42,13,193,8,2,0.25,0.022727272727272728,11.0,ornith_dual-long-prompt
12,60,13,194,9,2,0.2222222222222222,0.03409090909090909,6.518518518518519,ornith_dual-long-prompt
12,60,13,185,9,2,0.2222222222222222,0.022727272727272728,9.777777777777777,ornith_dual-long-prompt
12,60,13,193,9,2,0.2222222222222222,0.022727272727272728,9.777777777777777,ornith_dual-long-prompt
13,70,14,97,9,2,0.2222222222222222,0.03409090909090909,6.518518518518519,ornith_dual-long-prompt
13,120,14,97,9,2,0.2222222222222222,0.03409090909090909,6.518518518518519,ornith_dual-long-prompt
14,12,15,133,7,2,0.2857142857142857,0.045454545454545456,6.285714285714286,ornith_dual-long-prompt
14,12,15,134,7,2,0.2857142857142857,0.03409090909090909,8.380952380952381,ornith_dual-long-prompt
14,12,15,131,7,2,0.2857142857142857,0.022727272727272728,12.571428571428571,ornith_dual-long-prompt
14,225,15,131,9,2,0.2222222222222222,0.022727272727272728,9.777777777777777,ornith_dual-long-prompt
15,6,16,223,7,2,0.2857142857142857,0.022727272727272728,12.571428571428571,ornith_dual-long-prompt
15,126,16,223,6,2,0.3333333333333333,0.022727272727272728,14.666666666666666,ornith_dual-long-prompt
17,100,18,116,9,2,0.2222222222222222,0.022727272727272728,9.777777777777777,ornith_dual-long-prompt
17,144,18,116,7,2,0.2857142857142857,0.022727272727272728,12.571428571428571,ornith_dual-long-prompt
17,71,18,116,8,2,0.25,0.022727272727272728,11.0,ornith_dual-long-prompt
17,232,18,116,6,2,0.3333333333333333,0.022727272727272728,14.666666666666666,ornith_dual-long-prompt
17,248,18,116,8,2,0.25,0.022727272727272728,11.0,ornith_dual-long-prompt
18,195,19,21,7,2,0.2857142857142857,0.022727272727272728,12.571428571428571,ornith_dual-long-prompt
18,209,19,237,6,2,0.3333333333333333,0.045454545454545456,7.333333333333333,ornith_dual-long-prompt
18,209,19,55,6,2,0.3333333333333333,0.03409090909090909,9.777777777777779,ornith_dual-long-prompt
18,209,19,21,6,2,0.3333333333333333,0.022727272727272728,14.666666666666666,ornith_dual-long-prompt
18,30,19,21,8,2,0.25,0.022727272727272728,11.0,ornith_dual-long-prompt
18,182,19,55,8,2,0.25,0.03409090909090909,7.333333333333334,ornith_dual-long-prompt
18,182,19,21,8,2,0.25,0.022727272727272728,11.0,ornith_dual-long-prompt
18,34,19,94,8,2,0.25,0.03409090909090909,7.333333333333334,ornith_dual-long-prompt
19,239,20,193,7,2,0.2857142857142857,0.045454545454545456,6.285714285714286,ornith_dual-long-prompt
19,239,20,202,7,2,0.2857142857142857,0.022727272727272728,12.571428571428571,ornith_dual-long-prompt
19,215,20,202,9,2,0.2222222222222222,0.022727272727272728,9.777777777777777,ornith_dual-long-prompt
19,23,20,193,6,2,0.3333333333333333,0.045454545454545456,7.333333333333333,ornith_dual-long-prompt
19,23,20,202,6,2,0.3333333333333333,0.022727272727272728,14.666666666666666,ornith_dual-long-prompt
20,172,21,214,7,2,0.2857142857142857,0.022727272727272728,12.571428571428571,ornith_dual-long-prompt
20,172,21,142,7,2,0.2857142857142857,0.022727272727272728,12.571428571428571,ornith_dual-long-prompt
20,50,21,214,6,2,0.3333333333333333,0.022727272727272728,14.666666666666666,ornith_dual-long-prompt
20,50,21,142,6,2,0.3333333333333333,0.022727272727272728,14.666666666666666,ornith_dual-long-prompt
20,72,21,214,9,2,0.2222222222222222,0.022727272727272728,9.777777777777777,ornith_dual-long-prompt
20,72,21,137,9,2,0.2222222222222222,0.022727272727272728,9.777777777777777,ornith_dual-long-prompt
20,72,21,142,9,2,0.2222222222222222,0.022727272727272728,9.777777777777777,ornith_dual-long-prompt
20,3,21,142,8,2,0.25,0.022727272727272728,11.0,ornith_dual-long-prompt
20,186,21,214,5,2,0.4,0.022727272727272728,17.6,ornith_dual-long-prompt
22,194,23,38,8,2,0.25,0.022727272727272728,11.0,ornith_dual-long-prompt
22,194,23,200,8,2,0.25,0.022727272727272728,11.0,ornith_dual-long-prompt
22,70,23,38,8,2,0.25,0.022727272727272728,11.0,ornith_dual-long-prompt
22,70,23,200,8,2,0.25,0.022727272727272728,11.0,ornith_dual-long-prompt
22,192,23,191,7,2,0.2857142857142857,0.056818181818181816,5.0285714285714285,ornith_dual-long-prompt
22,192,23,38,7,2,0.2857142857142857,0.022727272727272728,12.571428571428571,ornith_dual-long-prompt
22,192,23,200,7,2,0.2857142857142857,0.022727272727272728,12.571428571428571,ornith_dual-long-prompt
23,237,24,158,5,2,0.4,0.045454545454545456,8.8,ornith_dual-long-prompt
23,191,24,158,5,2,0.4,0.045454545454545456,8.8,ornith_dual-long-prompt
23,191,24,68,5,2,0.4,0.056818181818181816,7.040000000000001,ornith_dual-long-prompt
23,191,24,50,5,2,0.4,0.022727272727272728,17.6,ornith_dual-long-prompt
24,68,25,120,5,2,0.4,0.045454545454545456,8.8,ornith_dual-long-prompt
24,68,25,203,5,2,0.4,0.022727272727272728,17.6,ornith_dual-long-prompt
24,68,25,230,5,2,0.4,0.03409090909090909,11.733333333333334,ornith_dual-long-prompt
24,173,25,203,5,2,0.4,0.022727272727272728,17.6,ornith_dual-long-prompt
24,173,25,230,5,2,0.4,0.03409090909090909,11.733333333333334,ornith_dual-long-prompt
24,1,25,203,8,2,0.25,0.022727272727272728,11.0,ornith_dual-long-prompt
24,1,25,193,8,2,0.25,0.045454545454545456,5.5,ornith_dual-long-prompt
25,70,26,17,10,2,0.2,0.022727272727272728,8.8,ornith_dual-long-prompt
25,70,26,129,10,2,0.2,0.022727272727272728,8.8,ornith_dual-long-prompt
25,194,26,17,5,2,0.4,0.022727272727272728,17.6,ornith_dual-long-prompt
25,194,26,129,5,2,0.4,0.022727272727272728,17.6,ornith_dual-long-prompt
25,26,26,17,6,2,0.3333333333333333,0.022727272727272728,14.666666666666666,ornith_dual-long-prompt
26,97,27,189,6,2,0.3333333333333333,0.045454545454545456,7.333333333333333,ornith_dual-long-prompt
26,97,27,95,6,2,0.3333333333333333,0.022727272727272728,14.666666666666666,ornith_dual-long-prompt
26,97,27,27,6,2,0.3333333333333333,0.045454545454545456,7.333333333333333,ornith_dual-long-prompt
26,12,27,95,7,2,0.2857142857142857,0.022727272727272728,12.571428571428571,ornith_dual-long-prompt
26,119,27,95,7,2,0.2857142857142857,0.022727272727272728,12.571428571428571,ornith_dual-long-prompt
26,225,27,82,8,2,0.25,0.045454545454545456,5.5,ornith_dual-long-prompt
26,225,27,95,8,2,0.25,0.022727272727272728,11.0,ornith_dual-long-prompt
26,105,27,95,8,2,0.25,0.022727272727272728,11.0,ornith_dual-long-prompt
26,105,27,27,8,2,0.25,0.045454545454545456,5.5,ornith_dual-long-prompt
27,6,28,114,7,2,0.2857142857142857,0.022727272727272728,12.571428571428571,ornith_dual-long-prompt
28,14,29,170,8,2,0.25,0.022727272727272728,11.0,ornith_dual-long-prompt
28,60,29,170,9,2,0.2222222222222222,0.022727272727272728,9.777777777777777,ornith_dual-long-prompt
28,233,29,170,10,2,0.2,0.022727272727272728,8.8,ornith_dual-long-prompt
28,113,29,170,8,2,0.25,0.022727272727272728,11.0,ornith_dual-long-prompt
28,40,29,170,7,2,0.2857142857142857,0.022727272727272728,12.571428571428571,ornith_dual-long-prompt
28,130,29,170,9,2,0.2222222222222222,0.022727272727272728,9.777777777777777,ornith_dual-long-prompt
29,232,30,116,8,2,0.25,0.03409090909090909,7.333333333333334,ornith_dual-long-prompt
29,71,30,55,8,2,0.25,0.03409090909090909,7.333333333333334,ornith_dual-long-prompt
29,100,30,116,6,2,0.3333333333333333,0.03409090909090909,9.777777777777779,ornith_dual-long-prompt
29,100,30,209,6,2,0.3333333333333333,0.045454545454545456,7.333333333333333,ornith_dual-long-prompt
29,100,30,55,6,2,0.3333333333333333,0.03409090909090909,9.777777777777779,ornith_dual-long-prompt
29,215,30,209,5,2,0.4,0.045454545454545456,8.8,ornith_dual-long-prompt
29,215,30,55,5,2,0.4,0.03409090909090909,11.733333333333334,ornith_dual-long-prompt
30,182,31,23,9,2,0.2222222222222222,0.022727272727272728,9.777777777777777,ornith_dual-long-prompt
30,182,31,237,9,2,0.2222222222222222,0.045454545454545456,4.888888888888888,ornith_dual-long-prompt
30,30,31,23,8,2,0.25,0.022727272727272728,11.0,ornith_dual-long-prompt
30,30,31,114,8,2,0.25,0.03409090909090909,7.333333333333334,ornith_dual-long-prompt
30,30,31,237,8,2,0.25,0.045454545454545456,5.5,ornith_dual-long-prompt
30,121,31,237,7,2,0.2857142857142857,0.045454545454545456,6.285714285714286,ornith_dual-long-prompt
31,215,32,22,9,2,0.2222222222222222,0.022727272727272728,9.777777777777777,ornith_dual-long-prompt
31,35,32,22,6,2,0.3333333333333333,0.022727272727272728,14.666666666666666,ornith_dual-long-prompt
31,35,32,26,6,2,0.3333333333333333,0.03409090909090909,9.777777777777779,ornith_dual-long-prompt
31,35,32,88,6,2,0.3333333333333333,0.045454545454545456,7.333333333333333,ornith_dual-long-prompt
31,173,32,143,7,2,0.2857142857142857,0.03409090909090909,8.380952380952381,ornith_dual-long-prompt
31,173,32,22,7,2,0.2857142857142857,0.022727272727272728,12.571428571428571,ornith_dual-long-prompt
31,162,32,22,9,2,0.2222222222222222,0.022727272727272728,9.777777777777777,ornith_dual-long-prompt
32,101,33,15,9,2,0.2222222222222222,0.03409090909090909,6.518518518518519,ornith_dual-long-prompt
32,27,33,103,6,2,0.3333333333333333,0.03409090909090909,9.777777777777779,ornith_dual-long-prompt
32,27,33,29,6,2,0.3333333333333333,0.045454545454545456,7.333333333333333,ornith_dual-long-prompt
32,27,33,161,6,2,0.3333333333333333,0.03409090909090909,9.777777777777779,ornith_dual-long-prompt
32,27,33,15,6,2,0.3333333333333333,0.03409090909090909,9.777777777777779,ornith_dual-long-prompt
33,165,34,94,9,2,0.2222222222222222,0.03409090909090909,6.518518518518519,ornith_dual-long-prompt
33,165,34,47,9,2,0.2222222222222222,0.022727272727272728,9.777777777777777,ornith_dual-long-prompt
33,165,34,227,9,2,0.2222222222222222,0.03409090909090909,6.518518518518519,ornith_dual-long-prompt
33,165,34,222,9,2,0.2222222222222222,0.022727272727272728,9.777777777777777,ornith_dual-long-prompt
33,12,34,47,5,2,0.4,0.022727272727272728,17.6,ornith_dual-long-prompt
33,12,34,109,5,2,0.4,0.03409090909090909,11.733333333333334,ornith_dual-long-prompt
33,127,34,47,10,2,0.2,0.022727272727272728,8.8,ornith_dual-long-prompt
33,127,34,222,10,2,0.2,0.022727272727272728,8.8,ornith_dual-long-prompt
33,201,34,47,5,2,0.4,0.022727272727272728,17.6,ornith_dual-long-prompt
33,201,34,109,5,2,0.4,0.03409090909090909,11.733333333333334,ornith_dual-long-prompt
33,201,34,57,5,2,0.4,0.06818181818181818,5.866666666666667,ornith_dual-long-prompt
34,40,35,30,10,2,0.2,0.022727272727272728,8.8,ornith_dual-long-prompt
34,57,35,30,6,2,0.3333333333333333,0.022727272727272728,14.666666666666666,ornith_dual-long-prompt
35,131,36,148,8,2,0.25,0.03409090909090909,7.333333333333334,ornith_dual-long-prompt
35,131,36,48,8,2,0.25,0.03409090909090909,7.333333333333334,ornith_dual-long-prompt
35,131,36,55,8,2,0.25,0.03409090909090909,7.333333333333334,ornith_dual-long-prompt
35,35,36,148,9,2,0.2222222222222222,0.03409090909090909,6.518518518518519,ornith_dual-long-prompt
35,35,36,48,9,2,0.2222222222222222,0.03409090909090909,6.518518518518519,ornith_dual-long-prompt
35,35,36,55,9,2,0.2222222222222222,0.03409090909090909,6.518518518518519,ornith_dual-long-prompt
36,77,37,37,5,2,0.4,0.03409090909090909,11.733333333333334,ornith_dual-long-prompt
37,99,38,242,5,2,0.4,0.03409090909090909,11.733333333333334,ornith_dual-long-prompt
37,166,38,132,7,2,0.2857142857142857,0.03409090909090909,8.380952380952381,ornith_dual-long-prompt
37,97,38,132,6,2,0.3333333333333333,0.03409090909090909,9.777777777777779,ornith_dual-long-prompt
37,97,38,242,6,2,0.3333333333333333,0.03409090909090909,9.777777777777779,ornith_dual-long-prompt
37,87,38,132,6,2,0.3333333333333333,0.03409090909090909,9.777777777777779,ornith_dual-long-prompt
38,14,39,52,7,2,0.2857142857142857,0.022727272727272728,12.571428571428571,ornith_dual-long-prompt
38,14,39,220,7,2,0.2857142857142857,0.022727272727272728,12.571428571428571,ornith_dual-long-prompt
38,209,39,52,11,2,0.18181818181818182,0.022727272727272728,8.0,ornith_dual-long-prompt
38,209,39,220,11,2,0.18181818181818182,0.022727272727272728,8.0,ornith_dual-long-prompt
38,173,39,77,8,2,0.25,0.03409090909090909,7.333333333333334,ornith_dual-long-prompt
38,173,39,252,8,2,0.25,0.03409090909090909,7.333333333333334,ornith_dual-long-prompt
38,173,39,52,8,2,0.25,0.022727272727272728,11.0,ornith_dual-long-prompt
38,173,39,220,8,2,0.25,0.022727272727272728,11.0,ornith_dual-long-prompt
38,39,39,77,6,2,0.3333333333333333,0.03409090909090909,9.777777777777779,ornith_dual-long-prompt
38,39,39,252,6,2,0.3333333333333333,0.03409090909090909,9.777777777777779,ornith_dual-long-prompt
38,39,39,52,6,2,0.3333333333333333,0.022727272727272728,14.666666666666666,ornith_dual-long-prompt
38,39,39,220,6,2,0.3333333333333333,0.022727272727272728,14.666666666666666,ornith_dual-long-prompt
4,30,5,201,8,2,0.25,0.03409090909090909,7.333333333333334,ornith_dual-long-prompt
4,30,5,77,8,2,0.25,0.03409090909090909,7.333333333333334,ornith_dual-long-prompt
4,206,5,201,5,2,0.4,0.03409090909090909,11.733333333333334,ornith_dual-long-prompt
4,206,5,244,5,2,0.4,0.022727272727272728,17.6,ornith_dual-long-prompt
4,134,5,244,8,2,0.25,0.022727272727272728,11.0,ornith_dual-long-prompt
5,139,6,165,7,2,0.2857142857142857,0.056818181818181816,5.0285714285714285,ornith_dual-long-prompt
6,149,7,38,8,2,0.25,0.022727272727272728,11.0,ornith_dual-long-prompt
6,149,7,1,8,2,0.25,0.022727272727272728,11.0,ornith_dual-long-prompt
6,195,7,38,6,2,0.3333333333333333,0.022727272727272728,14.666666666666666,ornith_dual-long-prompt
6,195,7,1,6,2,0.3333333333333333,0.022727272727272728,14.666666666666666,ornith_dual-long-prompt
6,242,7,38,5,2,0.4,0.022727272727272728,17.6,ornith_dual-long-prompt
6,242,7,1,5,2,0.4,0.022727272727272728,17.6,ornith_dual-long-prompt
6,71,7,38,6,2,0.3333333333333333,0.022727272727272728,14.666666666666666,ornith_dual-long-prompt
6,71,7,1,6,2,0.3333333333333333,0.022727272727272728,14.666666666666666,ornith_dual-long-prompt
7,95,8,172,8,2,0.25,0.045454545454545456,5.5,ornith_dual-long-prompt
7,130,8,172,5,2,0.4,0.045454545454545456,8.8,ornith_dual-long-prompt
7,130,8,151,5,2,0.4,0.03409090909090909,11.733333333333334,ornith_dual-long-prompt
8,72,9,128,9,2,0.2222222222222222,0.022727272727272728,9.777777777777777,ornith_dual-long-prompt
8,232,9,128,8,2,0.25,0.022727272727272728,11.0,ornith_dual-long-prompt
8,123,9,128,11,2,0.18181818181818182,0.022727272727272728,8.0,ornith_dual-long-prompt
8,3,9,128,9,2,0.2222222222222222,0.022727272727272728,9.777777777777777,ornith_dual-long-prompt
8,186,9,128,5,2,0.4,0.022727272727272728,17.6,ornith_dual-long-prompt
8,186,9,225,5,2,0.4,0.045454545454545456,8.8,ornith_dual-long-prompt
9,121,10,103,6,2,0.3333333333333333,0.022727272727272728,14.666666666666666,ornith_dual-long-prompt
9,121,10,216,6,2,0.3333333333333333,0.022727272727272728,14.666666666666666,ornith_dual-long-prompt
9,162,10,103,5,2,0.4,0.022727272727272728,17.6,ornith_dual-long-prompt
9,162,10,216,5,2,0.4,0.022727272727272728,17.6,ornith_dual-long-prompt
9,95,10,103,11,2,0.18181818181818182,0.022727272727272728,8.0,ornith_dual-long-prompt
9,95,10,216,11,2,0.18181818181818182,0.022727272727272728,8.0,ornith_dual-long-prompt
9,99,10,103,8,2,0.25,0.022727272727272728,11.0,ornith_dual-long-prompt
9,99,10,216,8,2,0.25,0.022727272727272728,11.0,ornith_dual-long-prompt
10,70,11,176,10,2,0.2,0.022727272727272728,8.8,ornith_dual-long-prompt
10,70,11,154,10,2,0.2,0.022727272727272728,8.8,ornith_dual-long-prompt
10,70,11,24,10,2,0.2,0.022727272727272728,8.8,ornith_dual-long-prompt
10,194,11,176,10,2,0.2,0.022727272727272728,8.8,ornith_dual-long-prompt
10,194,11,154,10,2,0.2,0.022727272727272728,8.8,ornith_dual-long-prompt
10,194,11,24,10,2,0.2,0.022727272727272728,8.8,ornith_dual-long-prompt
10,124,11,176,6,2,0.3333333333333333,0.022727272727272728,14.666666666666666,ornith_dual-long-prompt
10,124,11,24,6,2,0.3333333333333333,0.022727272727272728,14.666666666666666,ornith_dual-long-prompt
11,237,12,68,7,2,0.2857142857142857,0.03409090909090909,8.380952380952381,ornith_dual-long-prompt
11,101,12,68,6,2,0.3333333333333333,0.03409090909090909,9.777777777777779,ornith_dual-long-prompt
12,42,13,74,8,2,0.25,0.03409090909090909,7.333333333333334,ornith_dual-long-prompt
12,42,13,180,8,2,0.25,0.03409090909090909,7.333333333333334,ornith_dual-long-prompt
13,70,14,54,9,2,0.2222222222222222,0.022727272727272728,9.777777777777777,ornith_dual-long-prompt
13,70,14,242,9,2,0.2222222222222222,0.022727272727272728,9.777777777777777,ornith_dual-long-prompt
13,224,14,242,6,2,0.3333333333333333,0.022727272727272728,14.666666666666666,ornith_dual-long-prompt
13,120,14,54,9,2,0.2222222222222222,0.022727272727272728,9.777777777777777,ornith_dual-long-prompt
13,120,14,242,9,2,0.2222222222222222,0.022727272727272728,9.777777777777777,ornith_dual-long-prompt
14,30,15,82,5,2,0.4,0.056818181818181816,7.040000000000001,ornith_dual-long-prompt
14,30,15,126,5,2,0.4,0.06818181818181818,5.866666666666667,ornith_dual-long-prompt
15,6,16,245,7,2,0.2857142857142857,0.03409090909090909,8.380952380952381,ornith_dual-long-prompt
15,6,16,114,7,2,0.2857142857142857,0.022727272727272728,12.571428571428571,ornith_dual-long-prompt
15,82,16,114,5,2,0.4,0.022727272727272728,17.6,ornith_dual-long-prompt
15,126,16,245,6,2,0.3333333333333333,0.03409090909090909,9.777777777777779,ornith_dual-long-prompt
15,126,16,114,6,2,0.3333333333333333,0.022727272727272728,14.666666666666666,ornith_dual-long-prompt
16,14,17,84,8,2,0.25,0.022727272727272728,11.0,ornith_dual-long-prompt
16,130,17,84,9,2,0.2222222222222222,0.022727272727272728,9.777777777777777,ornith_dual-long-prompt
16,233,17,84,10,2,0.2,0.022727272727272728,8.8,ornith_dual-long-prompt
16,40,17,84,8,2,0.25,0.022727272727272728,11.0,ornith_dual-long-prompt
16,40,17,59,8,2,0.25,0.03409090909090909,7.333333333333334,ornith_dual-long-prompt
16,60,17,84,10,2,0.2,0.022727272727272728,8.8,ornith_dual-long-prompt
16,234,17,84,5,2,0.4,0.022727272727272728,17.6,ornith_dual-long-prompt
18,55,19,194,6,2,0.3333333333333333,0.03409090909090909,9.777777777777779,ornith_dual-long-prompt
19,37,20,150,5,2,0.4,0.03409090909090909,11.733333333333334,ornith_dual-long-prompt
20,172,21,44,7,2,0.2857142857142857,0.056818181818181816,5.0285714285714285,ornith_dual-long-prompt
20,50,21,44,6,2,0.3333333333333333,0.056818181818181816,5.866666666666666,ornith_dual-long-prompt
20,186,21,44,5,2,0.4,0.056818181818181816,7.040000000000001,ornith_dual-long-prompt
21,128,22,137,7,2,0.2857142857142857,0.03409090909090909,8.380952380952381,ornith_dual-long-prompt
21,44,22,192,5,2,0.4,0.07954545454545454,5.028571428571429,ornith_dual-long-prompt
21,44,22,82,5,2,0.4,0.056818181818181816,7.040000000000001,ornith_dual-long-prompt
21,44,22,137,5,2,0.4,0.03409090909090909,11.733333333333334,ornith_dual-long-prompt
21,58,22,137,6,2,0.3333333333333333,0.03409090909090909,9.777777777777779,ornith_dual-long-prompt
21,43,22,254,5,2,0.4,0.03409090909090909,11.733333333333334,ornith_dual-long-prompt
22,82,23,71,5,2,0.4,0.03409090909090909,11.733333333333334,ornith_dual-long-prompt
23,24,24,91,5,2,0.4,0.022727272727272728,17.6,ornith_dual-long-prompt
23,237,24,91,5,2,0.4,0.022727272727272728,17.6,ornith_dual-long-prompt
24,1,25,180,8,2,0.25,0.045454545454545456,5.5,ornith_dual-long-prompt
24,107,25,202,5,2,0.4,0.06818181818181818,5.866666666666667,ornith_dual-long-prompt
24,60,25,193,6,2,0.3333333333333333,0.045454545454545456,7.333333333333333,ornith_dual-long-prompt
24,221,25,26,5,2,0.4,0.06818181818181818,5.866666666666667,ornith_dual-long-prompt
24,68,25,202,5,2,0.4,0.06818181818181818,5.866666666666667,ornith_dual-long-prompt
25,202,26,31,6,2,0.3333333333333333,0.045454545454545456,7.333333333333333,ornith_dual-long-prompt
26,12,27,124,7,2,0.2857142857142857,0.03409090909090909,8.380952380952381,ornith_dual-long-prompt
26,12,27,38,7,2,0.2857142857142857,0.03409090909090909,8.380952380952381,ornith_dual-long-prompt
26,105,27,124,8,2,0.25,0.03409090909090909,7.333333333333334,ornith_dual-long-prompt
26,105,27,38,8,2,0.25,0.03409090909090909,7.333333333333334,ornith_dual-long-prompt
27,85,28,19,7,2,0.2857142857142857,0.045454545454545456,6.285714285714286,ornith_dual-long-prompt
27,85,28,234,7,2,0.2857142857142857,0.03409090909090909,8.380952380952381,ornith_dual-long-prompt
30,182,31,94,9,2,0.2222222222222222,0.022727272727272728,9.777777777777777,ornith_dual-long-prompt
30,34,31,94,6,2,0.3333333333333333,0.022727272727272728,14.666666666666666,ornith_dual-long-prompt
30,121,31,94,7,2,0.2857142857142857,0.022727272727272728,12.571428571428571,ornith_dual-long-prompt
32,101,33,235,9,2,0.2222222222222222,0.03409090909090909,6.518518518518519,ornith_dual-long-prompt
32,101,33,118,9,2,0.2222222222222222,0.022727272727272728,9.777777777777777,ornith_dual-long-prompt
32,191,33,250,10,2,0.2,0.022727272727272728,8.8,ornith_dual-long-prompt
32,191,33,118,10,2,0.2,0.022727272727272728,8.8,ornith_dual-long-prompt
33,127,34,48,10,2,0.2,0.022727272727272728,8.8,ornith_dual-long-prompt
33,165,34,48,9,2,0.2222222222222222,0.022727272727272728,9.777777777777777,ornith_dual-long-prompt
34,40,35,9,10,2,0.2,0.022727272727272728,8.8,ornith_dual-long-prompt
34,57,35,20,6,2,0.3333333333333333,0.045454545454545456,7.333333333333333,ornith_dual-long-prompt
34,57,35,9,6,2,0.3333333333333333,0.022727272727272728,14.666666666666666,ornith_dual-long-prompt
35,97,36,110,8,2,0.25,0.022727272727272728,11.0,ornith_dual-long-prompt
35,35,36,110,9,2,0.2222222222222222,0.022727272727272728,9.777777777777777,ornith_dual-long-prompt
35,131,36,110,8,2,0.25,0.022727272727272728,11.0,ornith_dual-long-prompt
37,83,38,242,5,2,0.4,0.03409090909090909,11.733333333333334,ornith_dual-long-prompt
38,209,39,138,11,2,0.18181818181818182,0.022727272727272728,8.0,ornith_dual-long-prompt
38,209,39,219,11,2,0.18181818181818182,0.022727272727272728,8.0,ornith_dual-long-prompt
38,173,39,138,8,2,0.25,0.022727272727272728,11.0,ornith_dual-long-prompt
38,173,39,219,8,2,0.25,0.022727272727272728,11.0,ornith_dual-long-prompt
38,39,39,239,6,2,0.3333333333333333,0.03409090909090909,9.777777777777779,ornith_dual-long-prompt
38,14,39,239,7,2,0.2857142857142857,0.03409090909090909,8.380952380952381,ornith_dual-long-prompt
1,205,2,230,7,2,0.2857142857142857,0.022727272727272728,12.571428571428571,ornith_dual-long-prompt
3,163,4,94,6,2,0.3333333333333333,0.022727272727272728,14.666666666666666,ornith_dual-long-prompt
3,163,4,71,6,2,0.3333333333333333,0.022727272727272728,14.666666666666666,ornith_dual-long-prompt
4,206,5,75,5,2,0.4,0.056818181818181816,7.040000000000001,ornith_dual-long-prompt
4,134,5,42,8,2,0.25,0.022727272727272728,11.0,ornith_dual-long-prompt
4,134,5,60,8,2,0.25,0.022727272727272728,11.0,ornith_dual-long-prompt
4,134,5,173,8,2,0.25,0.022727272727272728,11.0,ornith_dual-long-prompt
5,64,6,142,7,2,0.2857142857142857,0.03409090909090909,8.380952380952381,ornith_dual-long-prompt
5,64,6,174,7,2,0.2857142857142857,0.03409090909090909,8.380952380952381,ornith_dual-long-prompt
5,75,6,195,5,2,0.4,0.06818181818181818,5.866666666666667,ornith_dual-long-prompt
7,95,8,50,8,2,0.25,0.03409090909090909,7.333333333333334,ornith_dual-long-prompt
8,72,9,58,9,2,0.2222222222222222,0.03409090909090909,6.518518518518519,ornith_dual-long-prompt
8,72,9,4,9,2,0.2222222222222222,0.022727272727272728,9.777777777777777,ornith_dual-long-prompt
8,232,9,4,8,2,0.25,0.022727272727272728,11.0,ornith_dual-long-prompt
8,3,9,4,9,2,0.2222222222222222,0.022727272727272728,9.777777777777777,ornith_dual-long-prompt
8,186,9,58,5,2,0.4,0.03409090909090909,11.733333333333334,ornith_dual-long-prompt
8,186,9,4,5,2,0.4,0.022727272727272728,17.6,ornith_dual-long-prompt
8,123,9,4,11,2,0.18181818181818182,0.022727272727272728,8.0,ornith_dual-long-prompt
10,70,11,246,10,2,0.2,0.03409090909090909,5.866666666666667,ornith_dual-long-prompt
10,194,11,246,10,2,0.2,0.03409090909090909,5.866666666666667,ornith_dual-long-prompt
10,124,11,246,6,2,0.3333333333333333,0.03409090909090909,9.777777777777779,ornith_dual-long-prompt
11,101,12,105,6,2,0.3333333333333333,0.022727272727272728,14.666666666666666,ornith_dual-long-prompt
11,237,12,105,7,2,0.2857142857142857,0.022727272727272728,12.571428571428571,ornith_dual-long-prompt
13,70,14,209,9,2,0.2222222222222222,0.022727272727272728,9.777777777777777,ornith_dual-long-prompt
13,224,14,209,6,2,0.3333333333333333,0.022727272727272728,14.666666666666666,ornith_dual-long-prompt
13,120,14,209,9,2,0.2222222222222222,0.022727272727272728,9.777777777777777,ornith_dual-long-prompt
14,225,15,154,9,2,0.2222222222222222,0.022727272727272728,9.777777777777777,ornith_dual-long-prompt
15,6,16,113,7,2,0.2857142857142857,0.022727272727272728,12.571428571428571,ornith_dual-long-prompt
15,126,16,113,6,2,0.3333333333333333,0.022727272727272728,14.666666666666666,ornith_dual-long-prompt
15,82,16,113,5,2,0.4,0.022727272727272728,17.6,ornith_dual-long-prompt
16,40,17,206,8,2,0.25,0.03409090909090909,7.333333333333334,ornith_dual-long-prompt
17,71,18,189,8,2,0.25,0.022727272727272728,11.0,ornith_dual-long-prompt
17,144,18,189,7,2,0.2857142857142857,0.022727272727272728,12.571428571428571,ornith_dual-long-prompt
17,232,18,189,6,2,0.3333333333333333,0.022727272727272728,14.666666666666666,ornith_dual-long-prompt
17,100,18,189,9,2,0.2222222222222222,0.022727272727272728,9.777777777777777,ornith_dual-long-prompt
17,248,18,99,8,2,0.25,0.03409090909090909,7.333333333333334,ornith_dual-long-prompt
18,30,19,179,8,2,0.25,0.022727272727272728,11.0,ornith_dual-long-prompt
18,195,19,179,7,2,0.2857142857142857,0.022727272727272728,12.571428571428571,ornith_dual-long-prompt
18,182,19,179,8,2,0.25,0.022727272727272728,11.0,ornith_dual-long-prompt
18,209,19,179,6,2,0.3333333333333333,0.022727272727272728,14.666666666666666,ornith_dual-long-prompt
18,121,19,194,5,2,0.4,0.03409090909090909,11.733333333333334,ornith_dual-long-prompt
19,215,20,36,9,2,0.2222222222222222,0.022727272727272728,9.777777777777777,ornith_dual-long-prompt
19,239,20,36,7,2,0.2857142857142857,0.022727272727272728,12.571428571428571,ornith_dual-long-prompt
19,23,20,36,6,2,0.3333333333333333,0.022727272727272728,14.666666666666666,ornith_dual-long-prompt
19,37,20,36,5,2,0.4,0.022727272727272728,17.6,ornith_dual-long-prompt
20,172,21,219,7,2,0.2857142857142857,0.022727272727272728,12.571428571428571,ornith_dual-long-prompt
20,50,21,219,6,2,0.3333333333333333,0.022727272727272728,14.666666666666666,ornith_dual-long-prompt
20,3,21,219,8,2,0.25,0.022727272727272728,11.0,ornith_dual-long-prompt
20,186,21,219,5,2,0.4,0.022727272727272728,17.6,ornith_dual-long-prompt
21,128,22,123,7,2,0.2857142857142857,0.03409090909090909,8.380952380952381,ornith_dual-long-prompt
21,58,22,123,6,2,0.3333333333333333,0.03409090909090909,9.777777777777779,ornith_dual-long-prompt
22,70,23,246,8,2,0.25,0.022727272727272728,11.0,ornith_dual-long-prompt
22,70,23,173,8,2,0.25,0.022727272727272728,11.0,ornith_dual-long-prompt
22,70,23,212,8,2,0.25,0.022727272727272728,11.0,ornith_dual-long-prompt
22,82,23,246,5,2,0.4,0.022727272727272728,17.6,ornith_dual-long-prompt
22,82,23,173,5,2,0.4,0.022727272727272728,17.6,ornith_dual-long-prompt
22,82,23,212,5,2,0.4,0.022727272727272728,17.6,ornith_dual-long-prompt
22,194,23,246,8,2,0.25,0.022727272727272728,11.0,ornith_dual-long-prompt
22,194,23,173,8,2,0.25,0.022727272727272728,11.0,ornith_dual-long-prompt
22,194,23,212,8,2,0.25,0.022727272727272728,11.0,ornith_dual-long-prompt
22,192,23,246,7,2,0.2857142857142857,0.022727272727272728,12.571428571428571,ornith_dual-long-prompt
22,192,23,173,7,2,0.2857142857142857,0.022727272727272728,12.571428571428571,ornith_dual-long-prompt
22,192,23,212,7,2,0.2857142857142857,0.022727272727272728,12.571428571428571,ornith_dual-long-prompt
23,237,24,153,5,2,0.4,0.03409090909090909,11.733333333333334,ornith_dual-long-prompt
24,173,25,224,5,2,0.4,0.022727272727272728,17.6,ornith_dual-long-prompt
24,173,25,136,5,2,0.4,0.022727272727272728,17.6,ornith_dual-long-prompt
24,173,25,110,5,2,0.4,0.022727272727272728,17.6,ornith_dual-long-prompt
24,107,25,224,5,2,0.4,0.022727272727272728,17.6,ornith_dual-long-prompt
24,107,25,136,5,2,0.4,0.022727272727272728,17.6,ornith_dual-long-prompt
24,107,25,194,5,2,0.4,0.056818181818181816,7.040000000000001,ornith_dual-long-prompt
24,107,25,110,5,2,0.4,0.022727272727272728,17.6,ornith_dual-long-prompt
24,60,25,136,6,2,0.3333333333333333,0.022727272727272728,14.666666666666666,ornith_dual-long-prompt
24,60,25,194,6,2,0.3333333333333333,0.056818181818181816,5.866666666666666,ornith_dual-long-prompt
24,60,25,110,6,2,0.3333333333333333,0.022727272727272728,14.666666666666666,ornith_dual-long-prompt
24,60,25,117,6,2,0.3333333333333333,0.03409090909090909,9.777777777777779,ornith_dual-long-prompt
24,68,25,224,5,2,0.4,0.022727272727272728,17.6,ornith_dual-long-prompt
24,68,25,117,5,2,0.4,0.03409090909090909,11.733333333333334,ornith_dual-long-prompt
25,194,26,31,5,2,0.4,0.045454545454545456,8.8,ornith_dual-long-prompt
25,194,26,209,5,2,0.4,0.03409090909090909,11.733333333333334,ornith_dual-long-prompt
25,194,26,177,5,2,0.4,0.045454545454545456,8.8,ornith_dual-long-prompt
26,225,27,83,8,2,0.25,0.03409090909090909,7.333333333333334,ornith_dual-long-prompt
26,119,27,83,7,2,0.2857142857142857,0.03409090909090909,8.380952380952381,ornith_dual-long-prompt
29,232,30,24,8,2,0.25,0.022727272727272728,11.0,ornith_dual-long-prompt
29,71,30,24,8,2,0.25,0.022727272727272728,11.0,ornith_dual-long-prompt
29,144,30,24,7,2,0.2857142857142857,0.022727272727272728,12.571428571428571,ornith_dual-long-prompt
29,144,30,38,7,2,0.2857142857142857,0.03409090909090909,8.380952380952381,ornith_dual-long-prompt
29,215,30,24,5,2,0.4,0.022727272727272728,17.6,ornith_dual-long-prompt
29,215,30,189,5,2,0.4,0.03409090909090909,11.733333333333334,ornith_dual-long-prompt
30,34,31,114,6,2,0.3333333333333333,0.03409090909090909,9.777777777777779,ornith_dual-long-prompt
30,121,31,60,7,2,0.2857142857142857,0.03409090909090909,8.380952380952381,ornith_dual-long-prompt
30,121,31,123,7,2,0.2857142857142857,0.03409090909090909,8.380952380952381,ornith_dual-long-prompt
31,215,32,205,9,2,0.2222222222222222,0.022727272727272728,9.777777777777777,ornith_dual-long-prompt
31,162,32,43,9,2,0.2222222222222222,0.03409090909090909,6.518518518518519,ornith_dual-long-prompt
31,162,32,205,9,2,0.2222222222222222,0.022727272727272728,9.777777777777777,ornith_dual-long-prompt
32,191,33,137,10,2,0.2,0.022727272727272728,8.8,ornith_dual-long-prompt
32,191,33,38,10,2,0.2,0.022727272727272728,8.8,ornith_dual-long-prompt
32,101,33,137,9,2,0.2222222222222222,0.022727272727272728,9.777777777777777,ornith_dual-long-prompt
32,101,33,38,9,2,0.2222222222222222,0.022727272727272728,9.777777777777777,ornith_dual-long-prompt
32,27,33,137,6,2,0.3333333333333333,0.022727272727272728,14.666666666666666,ornith_dual-long-prompt
32,27,33,38,6,2,0.3333333333333333,0.022727272727272728,14.666666666666666,ornith_dual-long-prompt
33,165,34,236,9,2,0.2222222222222222,0.022727272727272728,9.777777777777777,ornith_dual-long-prompt
33,127,34,28,10,2,0.2,0.03409090909090909,5.866666666666667,ornith_dual-long-prompt
34,40,35,222,10,2,0.2,0.022727272727272728,8.8,ornith_dual-long-prompt
34,137,35,222,5,2,0.4,0.022727272727272728,17.6,ornith_dual-long-prompt
36,14,37,99,5,2,0.4,0.056818181818181816,7.040000000000001,ornith_dual-long-prompt
37,55,38,215,9,2,0.2222222222222222,0.022727272727272728,9.777777777777777,ornith_dual-long-prompt
37,166,38,215,7,2,0.2857142857142857,0.022727272727272728,12.571428571428571,ornith_dual-long-prompt
37,166,38,157,7,2,0.2857142857142857,0.03409090909090909,8.380952380952381,ornith_dual-long-prompt
37,97,38,215,6,2,0.3333333333333333,0.022727272727272728,14.666666666666666,ornith_dual-long-prompt
37,97,38,157,6,2,0.3333333333333333,0.03409090909090909,9.777777777777779,ornith_dual-long-prompt
38,209,39,129,11,2,0.18181818181818182,0.022727272727272728,8.0,ornith_dual-long-prompt
38,173,39,129,8,2,0.25,0.022727272727272728,11.0,ornith_dual-long-prompt
3,163,4,80,6,2,0.3333333333333333,0.045454545454545456,7.333333333333333,ornith_dual-long-prompt
4,134,5,5,8,2,0.25,0.045454545454545456,5.5,ornith_dual-long-prompt
5,46,6,142,7,2,0.2857142857142857,0.03409090909090909,8.380952380952381,ornith_dual-long-prompt
6,9,7,146,5,2,0.4,0.03409090909090909,11.733333333333334,ornith_dual-long-prompt
6,242,7,146,5,2,0.4,0.03409090909090909,11.733333333333334,ornith_dual-long-prompt
9,162,10,184,5,2,0.4,0.056818181818181816,7.040000000000001,ornith_dual-long-prompt
9,95,10,240,11,2,0.18181818181818182,0.022727272727272728,8.0,ornith_dual-long-prompt
9,121,10,184,6,2,0.3333333333333333,0.056818181818181816,5.866666666666666,ornith_dual-long-prompt
10,184,11,173,5,2,0.4,0.045454545454545456,8.8,ornith_dual-long-prompt
10,184,11,237,5,2,0.4,0.07954545454545454,5.028571428571429,ornith_dual-long-prompt
10,184,11,101,5,2,0.4,0.06818181818181818,5.866666666666667,ornith_dual-long-prompt
10,184,11,212,5,2,0.4,0.03409090909090909,11.733333333333334,ornith_dual-long-prompt
19,215,20,6,9,2,0.2222222222222222,0.022727272727272728,9.777777777777777,ornith_dual-long-prompt
19,215,20,248,9,2,0.2222222222222222,0.022727272727272728,9.777777777777777,ornith_dual-long-prompt
19,23,20,6,6,2,0.3333333333333333,0.022727272727272728,14.666666666666666,ornith_dual-long-prompt
19,23,20,248,6,2,0.3333333333333333,0.022727272727272728,14.666666666666666,ornith_dual-long-prompt
19,239,20,6,7,2,0.2857142857142857,0.022727272727272728,12.571428571428571,ornith_dual-long-prompt
19,239,20,248,7,2,0.2857142857142857,0.022727272727272728,12.571428571428571,ornith_dual-long-prompt
19,37,20,6,5,2,0.4,0.022727272727272728,17.6,ornith_dual-long-prompt
19,37,20,248,5,2,0.4,0.022727272727272728,17.6,ornith_dual-long-prompt
21,95,22,60,10,2,0.2,0.022727272727272728,8.8,ornith_dual-long-prompt
21,128,22,60,7,2,0.2857142857142857,0.022727272727272728,12.571428571428571,ornith_dual-long-prompt
29,232,30,20,8,2,0.25,0.045454545454545456,5.5,ornith_dual-long-prompt
29,144,30,20,7,2,0.2857142857142857,0.045454545454545456,6.285714285714286,ornith_dual-long-prompt
29,215,30,36,5,2,0.4,0.03409090909090909,11.733333333333334,ornith_dual-long-prompt
31,215,32,111,9,2,0.2222222222222222,0.03409090909090909,6.518518518518519,ornith_dual-long-prompt
31,215,32,51,9,2,0.2222222222222222,0.022727272727272728,9.777777777777777,ornith_dual-long-prompt
31,215,32,20,9,2,0.2222222222222222,0.022727272727272728,9.777777777777777,ornith_dual-long-prompt
31,173,32,111,7,2,0.2857142857142857,0.03409090909090909,8.380952380952381,ornith_dual-long-prompt
31,173,32,51,7,2,0.2857142857142857,0.022727272727272728,12.571428571428571,ornith_dual-long-prompt
31,173,32,20,7,2,0.2857142857142857,0.022727272727272728,12.571428571428571,ornith_dual-long-prompt
32,101,33,117,9,2,0.2222222222222222,0.022727272727272728,9.777777777777777,ornith_dual-long-prompt
32,191,33,117,10,2,0.2,0.022727272727272728,8.8,ornith_dual-long-prompt
32,27,33,117,6,2,0.3333333333333333,0.022727272727272728,14.666666666666666,ornith_dual-long-prompt
33,165,34,177,9,2,0.2222222222222222,0.022727272727272728,9.777777777777777,ornith_dual-long-prompt
33,165,34,20,9,2,0.2222222222222222,0.022727272727272728,9.777777777777777,ornith_dual-long-prompt
33,165,34,250,9,2,0.2222222222222222,0.022727272727272728,9.777777777777777,ornith_dual-long-prompt
33,12,34,177,5,2,0.4,0.022727272727272728,17.6,ornith_dual-long-prompt
33,12,34,28,5,2,0.4,0.03409090909090909,11.733333333333334,ornith_dual-long-prompt
34,57,35,240,6,2,0.3333333333333333,0.03409090909090909,9.777777777777779,ornith_dual-long-prompt
34,57,35,60,6,2,0.3333333333333333,0.03409090909090909,9.777777777777779,ornith_dual-long-prompt
35,35,36,57,9,2,0.2222222222222222,0.022727272727272728,9.777777777777777,ornith_dual-long-prompt
35,131,36,57,8,2,0.25,0.022727272727272728,11.0,ornith_dual-long-prompt
35,97,36,193,8,2,0.25,0.03409090909090909,7.333333333333334,ornith_dual-long-prompt
37,55,38,44,9,2,0.2222222222222222,0.022727272727272728,9.777777777777777,ornith_dual-long-prompt
37,87,38,44,6,2,0.3333333333333333,0.022727272727272728,14.666666666666666,ornith_dual-long-prompt
37,87,38,17,6,2,0.3333333333333333,0.03409090909090909,9.777777777777779,ornith_dual-long-prompt
37,83,38,44,5,2,0.4,0.022727272727272728,17.6,ornith_dual-long-prompt
37,83,38,17,5,2,0.4,0.03409090909090909,11.733333333333334,ornith_dual-long-prompt
37,99,38,44,5,2,0.4,0.022727272727272728,17.6,ornith_dual-long-prompt
37,99,38,17,5,2,0.4,0.03409090909090909,11.733333333333334,ornith_dual-long-prompt
1,205,2,160,7,2,0.2857142857142857,0.022727272727272728,12.571428571428571,ornith_dual-long-prompt
1,205,2,45,7,2,0.2857142857142857,0.03409090909090909,8.380952380952381,ornith_dual-long-prompt
1,205,2,158,7,2,0.2857142857142857,0.022727272727272728,12.571428571428571,ornith_dual-long-prompt
6,9,7,184,5,2,0.4,0.045454545454545456,8.8,ornith_dual-long-prompt
6,71,7,146,6,2,0.3333333333333333,0.03409090909090909,9.777777777777779,ornith_dual-long-prompt
10,194,11,225,10,2,0.2,0.022727272727272728,8.8,ornith_dual-long-prompt
10,70,11,225,10,2,0.2,0.022727272727272728,8.8,ornith_dual-long-prompt
10,184,11,225,5,2,0.4,0.022727272727272728,17.6,ornith_dual-long-prompt
10,184,11,107,5,2,0.4,0.03409090909090909,11.733333333333334,ornith_dual-long-prompt
12,60,13,166,9,2,0.2222222222222222,0.022727272727272728,9.777777777777777,ornith_dual-long-prompt
12,1,13,166,5,2,0.4,0.022727272727272728,17.6,ornith_dual-long-prompt
12,42,13,166,8,2,0.25,0.022727272727272728,11.0,ornith_dual-long-prompt
13,120,14,160,9,2,0.2222222222222222,0.022727272727272728,9.777777777777777,ornith_dual-long-prompt
13,120,14,125,9,2,0.2222222222222222,0.03409090909090909,6.518518518518519,ornith_dual-long-prompt
13,70,14,160,9,2,0.2222222222222222,0.022727272727272728,9.777777777777777,ornith_dual-long-prompt
13,70,14,125,9,2,0.2222222222222222,0.03409090909090909,6.518518518518519,ornith_dual-long-prompt
14,225,15,148,9,2,0.2222222222222222,0.022727272727272728,9.777777777777777,ornith_dual-long-prompt
14,30,15,54,5,2,0.4,0.03409090909090909,11.733333333333334,ornith_dual-long-prompt
14,30,15,229,5,2,0.4,0.045454545454545456,8.8,ornith_dual-long-prompt
14,30,15,134,5,2,0.4,0.03409090909090909,11.733333333333334,ornith_dual-long-prompt
16,130,17,129,9,2,0.2222222222222222,0.022727272727272728,9.777777777777777,ornith_dual-long-prompt
16,40,17,129,8,2,0.25,0.022727272727272728,11.0,ornith_dual-long-prompt
16,233,17,129,10,2,0.2,0.022727272727272728,8.8,ornith_dual-long-prompt
16,60,17,129,10,2,0.2,0.022727272727272728,8.8,ornith_dual-long-prompt
17,71,18,43,8,2,0.25,0.03409090909090909,7.333333333333334,ornith_dual-long-prompt
17,71,18,13,8,2,0.25,0.045454545454545456,5.5,ornith_dual-long-prompt
18,182,19,36,8,2,0.25,0.03409090909090909,7.333333333333334,ornith_dual-long-prompt
18,182,19,96,8,2,0.25,0.03409090909090909,7.333333333333334,ornith_dual-long-prompt
18,121,19,154,5,2,0.4,0.045454545454545456,8.8,ornith_dual-long-prompt
18,121,19,162,5,2,0.4,0.045454545454545456,8.8,ornith_dual-long-prompt
18,55,19,154,6,2,0.3333333333333333,0.045454545454545456,7.333333333333333,ornith_dual-long-prompt
18,55,19,162,6,2,0.3333333333333333,0.045454545454545456,7.333333333333333,ornith_dual-long-prompt
18,30,19,154,8,2,0.25,0.045454545454545456,5.5,ornith_dual-long-prompt
18,30,19,162,8,2,0.25,0.045454545454545456,5.5,ornith_dual-long-prompt
19,215,20,224,9,2,0.2222222222222222,0.022727272727272728,9.777777777777777,ornith_dual-long-prompt
21,95,22,69,10,2,0.2,0.022727272727272728,8.8,ornith_dual-long-prompt
21,44,22,69,5,2,0.4,0.022727272727272728,17.6,ornith_dual-long-prompt
22,194,23,56,8,2,0.25,0.03409090909090909,7.333333333333334,ornith_dual-long-prompt
24,221,25,84,5,2,0.4,0.022727272727272728,17.6,ornith_dual-long-prompt
24,221,25,120,5,2,0.4,0.045454545454545456,8.8,ornith_dual-long-prompt
24,1,25,166,8,2,0.25,0.022727272727272728,11.0,ornith_dual-long-prompt
24,1,25,84,8,2,0.25,0.022727272727272728,11.0,ornith_dual-long-prompt
25,202,26,177,6,2,0.3333333333333333,0.045454545454545456,7.333333333333333,ornith_dual-long-prompt
26,225,27,254,8,2,0.25,0.022727272727272728,11.0,ornith_dual-long-prompt
26,97,27,87,6,2,0.3333333333333333,0.03409090909090909,9.777777777777779,ornith_dual-long-prompt
26,97,27,185,6,2,0.3333333333333333,0.03409090909090909,9.777777777777779,ornith_dual-long-prompt
26,12,27,254,7,2,0.2857142857142857,0.022727272727272728,12.571428571428571,ornith_dual-long-prompt
28,14,29,248,8,2,0.25,0.045454545454545456,5.5,ornith_dual-long-prompt
28,40,29,64,7,2,0.2857142857142857,0.056818181818181816,5.0285714285714285,ornith_dual-long-prompt
28,40,29,248,7,2,0.2857142857142857,0.045454545454545456,6.285714285714286,ornith_dual-long-prompt
29,71,30,166,8,2,0.25,0.022727272727272728,11.0,ornith_dual-long-prompt
29,71,30,134,8,2,0.25,0.03409090909090909,7.333333333333334,ornith_dual-long-prompt
29,100,30,166,6,2,0.3333333333333333,0.022727272727272728,14.666666666666666,ornith_dual-long-prompt
29,100,30,134,6,2,0.3333333333333333,0.03409090909090909,9.777777777777779,ornith_dual-long-prompt
29,64,30,34,5,2,0.4,0.06818181818181818,5.866666666666667,ornith_dual-long-prompt
29,215,30,166,5,2,0.4,0.022727272727272728,17.6,ornith_dual-long-prompt
29,232,30,166,8,2,0.25,0.022727272727272728,11.0,ornith_dual-long-prompt
29,232,30,134,8,2,0.25,0.03409090909090909,7.333333333333334,ornith_dual-long-prompt
30,30,31,154,8,2,0.25,0.022727272727272728,11.0,ornith_dual-long-prompt
30,182,31,154,9,2,0.2222222222222222,0.022727272727272728,9.777777777777777,ornith_dual-long-prompt
30,34,31,20,6,2,0.3333333333333333,0.056818181818181816,5.866666666666666,ornith_dual-long-prompt
31,20,32,27,5,2,0.4,0.06818181818181818,5.866666666666667,ornith_dual-long-prompt
32,101,33,228,9,2,0.2222222222222222,0.022727272727272728,9.777777777777777,ornith_dual-long-prompt
32,191,33,228,10,2,0.2,0.022727272727272728,8.8,ornith_dual-long-prompt
33,201,34,137,5,2,0.4,0.056818181818181816,7.040000000000001,ornith_dual-long-prompt
38,14,39,10,7,2,0.2857142857142857,0.03409090909090909,8.380952380952381,ornith_dual-long-prompt
38,173,39,10,8,2,0.25,0.03409090909090909,7.333333333333334,ornith_dual-long-prompt
38,39,39,10,6,2,0.3333333333333333,0.03409090909090909,9.777777777777779,ornith_dual-long-prompt
1,236,2,45,5,2,0.4,0.03409090909090909,11.733333333333334,ornith_dual-long-prompt
1,236,2,112,5,2,0.4,0.022727272727272728,17.6,ornith_dual-long-prompt
4,134,5,190,8,2,0.25,0.022727272727272728,11.0,ornith_dual-long-prompt
4,30,5,190,8,2,0.25,0.022727272727272728,11.0,ornith_dual-long-prompt
5,46,6,25,7,2,0.2857142857142857,0.03409090909090909,8.380952380952381,ornith_dual-long-prompt
6,149,7,133,8,2,0.25,0.022727272727272728,11.0,ornith_dual-long-prompt
6,71,7,133,6,2,0.3333333333333333,0.022727272727272728,14.666666666666666,ornith_dual-long-prompt
6,195,7,133,6,2,0.3333333333333333,0.022727272727272728,14.666666666666666,ornith_dual-long-prompt
6,242,7,133,5,2,0.4,0.022727272727272728,17.6,ornith_dual-long-prompt
8,72,9,100,9,2,0.2222222222222222,0.03409090909090909,6.518518518518519,ornith_dual-long-prompt
8,186,9,100,5,2,0.4,0.03409090909090909,11.733333333333334,ornith_dual-long-prompt
11,191,12,99,6,2,0.3333333333333333,0.022727272727272728,14.666666666666666,ornith_dual-long-prompt
11,237,12,99,7,2,0.2857142857142857,0.022727272727272728,12.571428571428571,ornith_dual-long-prompt
11,237,12,248,7,2,0.2857142857142857,0.03409090909090909,8.380952380952381,ornith_dual-long-prompt
13,224,14,218,6,2,0.3333333333333333,0.03409090909090909,9.777777777777779,ornith_dual-long-prompt
14,12,15,97,7,2,0.2857142857142857,0.022727272727272728,12.571428571428571,ornith_dual-long-prompt
14,225,15,97,9,2,0.2222222222222222,0.022727272727272728,9.777777777777777,ornith_dual-long-prompt
21,128,22,195,7,2,0.2857142857142857,0.022727272727272728,12.571428571428571,ornith_dual-long-prompt
21,95,22,195,10,2,0.2,0.022727272727272728,8.8,ornith_dual-long-prompt
21,58,22,195,6,2,0.3333333333333333,0.022727272727272728,14.666666666666666,ornith_dual-long-prompt
22,192,23,33,7,2,0.2857142857142857,0.03409090909090909,8.380952380952381,ornith_dual-long-prompt
22,70,23,33,8,2,0.25,0.03409090909090909,7.333333333333334,ornith_dual-long-prompt
26,12,27,132,7,2,0.2857142857142857,0.022727272727272728,12.571428571428571,ornith_dual-long-prompt
26,119,27,132,7,2,0.2857142857142857,0.022727272727272728,12.571428571428571,ornith_dual-long-prompt
32,27,33,235,6,2,0.3333333333333333,0.03409090909090909,9.777777777777779,ornith_dual-long-prompt
6,149,7,62,8,2,0.25,0.022727272727272728,11.0,ornith_dual-long-prompt
6,9,7,62,5,2,0.4,0.022727272727272728,17.6,ornith_dual-long-prompt
6,71,7,125,6,2,0.3333333333333333,0.022727272727272728,14.666666666666666,ornith_dual-long-prompt
6,71,7,62,6,2,0.3333333333333333,0.022727272727272728,14.666666666666666,ornith_dual-long-prompt
19,215,20,194,9,2,0.2222222222222222,0.022727272727272728,9.777777777777777,ornith_dual-long-prompt
20,72,21,107,9,2,0.2222222222222222,0.022727272727272728,9.777777777777777,ornith_dual-long-prompt
20,3,21,107,8,2,0.25,0.022727272727272728,11.0,ornith_dual-long-prompt
22,70,23,174,8,2,0.25,0.022727272727272728,11.0,ornith_dual-long-prompt
22,70,23,56,8,2,0.25,0.03409090909090909,7.333333333333334,ornith_dual-long-prompt
24,60,25,120,6,2,0.3333333333333333,0.045454545454545456,7.333333333333333,ornith_dual-long-prompt
26,97,27,155,6,2,0.3333333333333333,0.022727272727272728,14.666666666666666,ornith_dual-long-prompt
26,97,27,229,6,2,0.3333333333333333,0.03409090909090909,9.777777777777779,ornith_dual-long-prompt
26,105,27,155,8,2,0.25,0.022727272727272728,11.0,ornith_dual-long-prompt
29,100,30,20,6,2,0.3333333333333333,0.045454545454545456,7.333333333333333,ornith_dual-long-prompt
34,57,35,29,6,2,0.3333333333333333,0.03409090909090909,9.777777777777779,ornith_dual-long-prompt
34,40,35,29,10,2,0.2,0.03409090909090909,5.866666666666667,ornith_dual-long-prompt
35,97,36,203,8,2,0.25,0.022727272727272728,11.0,ornith_dual-long-prompt
35,35,36,203,9,2,0.2222222222222222,0.022727272727272728,9.777777777777777,ornith_dual-long-prompt
35,131,36,203,8,2,0.25,0.022727272727272728,11.0,ornith_dual-long-prompt
36,14,37,76,5,2,0.4,0.022727272727272728,17.6,ornith_dual-long-prompt
36,14,37,145,5,2,0.4,0.022727272727272728,17.6,ornith_dual-long-prompt
36,18,37,76,7,2,0.2857142857142857,0.022727272727272728,12.571428571428571,ornith_dual-long-prompt
36,18,37,145,7,2,0.2857142857142857,0.022727272727272728,12.571428571428571,ornith_dual-long-prompt
37,55,38,143,9,2,0.2222222222222222,0.03409090909090909,6.518518518518519,ornith_dual-long-prompt
37,166,38,143,7,2,0.2857142857142857,0.03409090909090909,8.380952380952381,ornith_dual-long-prompt
37,97,38,143,6,2,0.3333333333333333,0.03409090909090909,9.777777777777779,ornith_dual-long-prompt
38,173,39,78,8,2,0.25,0.045454545454545456,5.5,ornith_dual-long-prompt
1,205,2,17,7,2,0.2857142857142857,0.022727272727272728,12.571428571428571,ornith_dual-long-prompt
5,46,6,246,7,2,0.2857142857142857,0.022727272727272728,12.571428571428571,ornith_dual-long-prompt
5,46,6,153,7,2,0.2857142857142857,0.022727272727272728,12.571428571428571,ornith_dual-long-prompt
6,165,7,147,5,2,0.4,0.045454545454545456,8.8,ornith_dual-long-prompt
7,116,8,133,9,2,0.2222222222222222,0.03409090909090909,6.518518518518519,ornith_dual-long-prompt
7,95,8,133,8,2,0.25,0.03409090909090909,7.333333333333334,ornith_dual-long-prompt
8,72,9,255,9,2,0.2222222222222222,0.022727272727272728,9.777777777777777,ornith_dual-long-prompt
8,3,9,255,9,2,0.2222222222222222,0.022727272727272728,9.777777777777777,ornith_dual-long-prompt
8,123,9,255,11,2,0.18181818181818182,0.022727272727272728,8.0,ornith_dual-long-prompt
9,95,10,169,11,2,0.18181818181818182,0.022727272727272728,8.0,ornith_dual-long-prompt
9,95,10,198,11,2,0.18181818181818182,0.022727272727272728,8.0,ornith_dual-long-prompt
9,95,10,65,11,2,0.18181818181818182,0.022727272727272728,8.0,ornith_dual-long-prompt
9,95,10,247,11,2,0.18181818181818182,0.022727272727272728,8.0,ornith_dual-long-prompt
9,99,10,169,8,2,0.25,0.022727272727272728,11.0,ornith_dual-long-prompt
9,99,10,198,8,2,0.25,0.022727272727272728,11.0,ornith_dual-long-prompt
9,99,10,65,8,2,0.25,0.022727272727272728,11.0,ornith_dual-long-prompt
9,99,10,247,8,2,0.25,0.022727272727272728,11.0,ornith_dual-long-prompt
10,184,11,189,5,2,0.4,0.022727272727272728,17.6,ornith_dual-long-prompt
10,194,11,189,10,2,0.2,0.022727272727272728,8.8,ornith_dual-long-prompt
10,70,11,189,10,2,0.2,0.022727272727272728,8.8,ornith_dual-long-prompt
11,191,12,14,6,2,0.3333333333333333,0.022727272727272728,14.666666666666666,ornith_dual-long-prompt
13,70,14,137,9,2,0.2222222222222222,0.022727272727272728,9.777777777777777,ornith_dual-long-prompt
13,120,14,137,9,2,0.2222222222222222,0.022727272727272728,9.777777777777777,ornith_dual-long-prompt
14,225,15,23,9,2,0.2222222222222222,0.022727272727272728,9.777777777777777,ornith_dual-long-prompt
14,225,15,87,9,2,0.2222222222222222,0.022727272727272728,9.777777777777777,ornith_dual-long-prompt
16,130,17,176,9,2,0.2222222222222222,0.022727272727272728,9.777777777777777,ornith_dual-long-prompt
16,40,17,176,8,2,0.25,0.022727272727272728,11.0,ornith_dual-long-prompt
16,60,17,176,10,2,0.2,0.022727272727272728,8.8,ornith_dual-long-prompt
16,233,17,176,10,2,0.2,0.022727272727272728,8.8,ornith_dual-long-prompt
17,248,18,163,8,2,0.25,0.022727272727272728,11.0,ornith_dual-long-prompt
17,248,18,134,8,2,0.25,0.022727272727272728,11.0,ornith_dual-long-prompt
17,248,18,213,8,2,0.25,0.022727272727272728,11.0,ornith_dual-long-prompt
17,100,18,163,9,2,0.2222222222222222,0.022727272727272728,9.777777777777777,ornith_dual-long-prompt
17,100,18,134,9,2,0.2222222222222222,0.022727272727272728,9.777777777777777,ornith_dual-long-prompt
17,100,18,213,9,2,0.2222222222222222,0.022727272727272728,9.777777777777777,ornith_dual-long-prompt
18,34,19,20,8,2,0.25,0.022727272727272728,11.0,ornith_dual-long-prompt
19,215,20,115,9,2,0.2222222222222222,0.022727272727272728,9.777777777777777,ornith_dual-long-prompt
20,72,21,38,9,2,0.2222222222222222,0.022727272727272728,9.777777777777777,ornith_dual-long-prompt
20,72,21,164,9,2,0.2222222222222222,0.022727272727272728,9.777777777777777,ornith_dual-long-prompt
20,72,21,2,9,2,0.2222222222222222,0.022727272727272728,9.777777777777777,ornith_dual-long-prompt
20,3,21,38,8,2,0.25,0.022727272727272728,11.0,ornith_dual-long-prompt
20,3,21,164,8,2,0.25,0.022727272727272728,11.0,ornith_dual-long-prompt
20,3,21,2,8,2,0.25,0.022727272727272728,11.0,ornith_dual-long-prompt
21,95,22,169,10,2,0.2,0.022727272727272728,8.8,ornith_dual-long-prompt
21,95,22,198,10,2,0.2,0.022727272727272728,8.8,ornith_dual-long-prompt
21,44,22,169,5,2,0.4,0.022727272727272728,17.6,ornith_dual-long-prompt
21,44,22,198,5,2,0.4,0.022727272727272728,17.6,ornith_dual-long-prompt
22,70,23,189,8,2,0.25,0.022727272727272728,11.0,ornith_dual-long-prompt
22,70,23,108,8,2,0.25,0.03409090909090909,7.333333333333334,ornith_dual-long-prompt
22,70,23,128,8,2,0.25,0.022727272727272728,11.0,ornith_dual-long-prompt
22,70,23,63,8,2,0.25,0.022727272727272728,11.0,ornith_dual-long-prompt
24,60,25,182,6,2,0.3333333333333333,0.03409090909090909,9.777777777777779,ornith_dual-long-prompt
25,70,26,160,10,2,0.2,0.022727272727272728,8.8,ornith_dual-long-prompt
25,70,26,137,10,2,0.2,0.022727272727272728,8.8,ornith_dual-long-prompt
25,202,26,160,6,2,0.3333333333333333,0.022727272727272728,14.666666666666666,ornith_dual-long-prompt
25,202,26,137,6,2,0.3333333333333333,0.022727272727272728,14.666666666666666,ornith_dual-long-prompt
26,225,27,229,8,2,0.25,0.03409090909090909,7.333333333333334,ornith_dual-long-prompt
27,85,28,111,7,2,0.2857142857142857,0.022727272727272728,12.571428571428571,ornith_dual-long-prompt
27,85,28,133,7,2,0.2857142857142857,0.022727272727272728,12.571428571428571,ornith_dual-long-prompt
27,218,28,111,7,2,0.2857142857142857,0.022727272727272728,12.571428571428571,ornith_dual-long-prompt
27,218,28,133,7,2,0.2857142857142857,0.022727272727272728,12.571428571428571,ornith_dual-long-prompt
28,233,29,76,10,2,0.2,0.022727272727272728,8.8,ornith_dual-long-prompt
28,130,29,76,9,2,0.2222222222222222,0.022727272727272728,9.777777777777777,ornith_dual-long-prompt
28,113,29,76,8,2,0.25,0.022727272727272728,11.0,ornith_dual-long-prompt
29,64,30,43,5,2,0.4,0.022727272727272728,17.6,ornith_dual-long-prompt
29,64,30,179,5,2,0.4,0.022727272727272728,17.6,ornith_dual-long-prompt
31,162,32,134,9,2,0.2222222222222222,0.022727272727272728,9.777777777777777,ornith_dual-long-prompt
31,162,32,90,9,2,0.2222222222222222,0.022727272727272728,9.777777777777777,ornith_dual-long-prompt
31,20,32,134,5,2,0.4,0.022727272727272728,17.6,ornith_dual-long-prompt
31,20,32,90,5,2,0.4,0.022727272727272728,17.6,ornith_dual-long-prompt
31,215,32,112,9,2,0.2222222222222222,0.045454545454545456,4.888888888888888,ornith_dual-long-prompt
31,215,32,134,9,2,0.2222222222222222,0.022727272727272728,9.777777777777777,ornith_dual-long-prompt
31,215,32,90,9,2,0.2222222222222222,0.022727272727272728,9.777777777777777,ornith_dual-long-prompt
32,191,33,92,10,2,0.2,0.022727272727272728,8.8,ornith_dual-long-prompt
33,127,34,26,10,2,0.2,0.022727272727272728,8.8,ornith_dual-long-prompt
33,127,34,51,10,2,0.2,0.022727272727272728,8.8,ornith_dual-long-prompt
33,127,34,169,10,2,0.2,0.022727272727272728,8.8,ornith_dual-long-prompt
33,165,34,26,9,2,0.2222222222222222,0.022727272727272728,9.777777777777777,ornith_dual-long-prompt
33,165,34,51,9,2,0.2222222222222222,0.022727272727272728,9.777777777777777,ornith_dual-long-prompt
33,165,34,169,9,2,0.2222222222222222,0.022727272727272728,9.777777777777777,ornith_dual-long-prompt
35,35,36,120,9,2,0.2222222222222222,0.022727272727272728,9.777777777777777,ornith_dual-long-prompt
35,35,36,141,9,2,0.2222222222222222,0.022727272727272728,9.777777777777777,ornith_dual-long-prompt
35,35,36,217,9,2,0.2222222222222222,0.022727272727272728,9.777777777777777,ornith_dual-long-prompt
35,35,36,188,9,2,0.2222222222222222,0.03409090909090909,6.518518518518519,ornith_dual-long-prompt
38,209,39,38,11,2,0.18181818181818182,0.022727272727272728,8.0,ornith_dual-long-prompt
38,209,39,154,11,2,0.18181818181818182,0.022727272727272728,8.0,ornith_dual-long-prompt
8,123,9,246,11,1,0.09090909090909091,0.011363636363636364,8.0,ornith_dual-long-prompt
8,123,9,122,11,1,0.09090909090909091,0.011363636363636364,8.0,ornith_dual-long-prompt
8,123,9,210,11,1,0.09090909090909091,0.011363636363636364,8.0,ornith_dual-long-prompt
8,123,9,12,11,1,0.09090909090909091,0.011363636363636364,8.0,ornith_dual-long-prompt
8,123,9,232,11,1,0.09090909090909091,0.011363636363636364,8.0,ornith_dual-long-prompt
8,123,9,136,11,1,0.09090909090909091,0.011363636363636364,8.0,ornith_dual-long-prompt
9,95,10,175,11,1,0.09090909090909091,0.011363636363636364,8.0,ornith_dual-long-prompt
9,95,10,120,11,1,0.09090909090909091,0.011363636363636364,8.0,ornith_dual-long-prompt
9,95,10,14,11,1,0.09090909090909091,0.011363636363636364,8.0,ornith_dual-long-prompt
9,95,10,100,11,1,0.09090909090909091,0.011363636363636364,8.0,ornith_dual-long-prompt
9,95,10,179,11,1,0.09090909090909091,0.011363636363636364,8.0,ornith_dual-long-prompt
9,95,10,249,11,1,0.09090909090909091,0.011363636363636364,8.0,ornith_dual-long-prompt
9,95,10,203,11,1,0.09090909090909091,0.011363636363636364,8.0,ornith_dual-long-prompt
15,82,16,89,5,1,0.2,0.011363636363636364,17.6,ornith_dual-long-prompt
15,82,16,166,5,1,0.2,0.011363636363636364,17.6,ornith_dual-long-prompt
15,82,16,88,5,1,0.2,0.022727272727272728,8.8,ornith_dual-long-prompt
15,82,16,203,5,1,0.2,0.011363636363636364,17.6,ornith_dual-long-prompt
15,82,16,16,5,1,0.2,0.011363636363636364,17.6,ornith_dual-long-prompt
15,82,16,141,5,1,0.2,0.011363636363636364,17.6,ornith_dual-long-prompt
15,82,16,107,5,1,0.2,0.011363636363636364,17.6,ornith_dual-long-prompt
22,82,23,180,5,1,0.2,0.011363636363636364,17.6,ornith_dual-long-prompt
22,82,23,41,5,1,0.2,0.011363636363636364,17.6,ornith_dual-long-prompt
22,82,23,87,5,1,0.2,0.011363636363636364,17.6,ornith_dual-long-prompt
22,82,23,152,5,1,0.2,0.011363636363636364,17.6,ornith_dual-long-prompt
22,82,23,132,5,1,0.2,0.011363636363636364,17.6,ornith_dual-long-prompt
22,82,23,213,5,1,0.2,0.011363636363636364,17.6,ornith_dual-long-prompt
22,82,23,96,5,1,0.2,0.011363636363636364,17.6,ornith_dual-long-prompt
22,192,23,180,7,1,0.14285714285714285,0.011363636363636364,12.571428571428571,ornith_dual-long-prompt
22,192,23,41,7,1,0.14285714285714285,0.011363636363636364,12.571428571428571,ornith_dual-long-prompt
22,192,23,87,7,1,0.14285714285714285,0.011363636363636364,12.571428571428571,ornith_dual-long-prompt
22,192,23,152,7,1,0.14285714285714285,0.011363636363636364,12.571428571428571,ornith_dual-long-prompt
22,192,23,132,7,1,0.14285714285714285,0.011363636363636364,12.571428571428571,ornith_dual-long-prompt
22,192,23,213,7,1,0.14285714285714285,0.011363636363636364,12.571428571428571,ornith_dual-long-prompt
22,192,23,96,7,1,0.14285714285714285,0.011363636363636364,12.571428571428571,ornith_dual-long-prompt
27,218,28,158,7,1,0.14285714285714285,0.011363636363636364,12.571428571428571,ornith_dual-long-prompt
27,218,28,107,7,1,0.14285714285714285,0.011363636363636364,12.571428571428571,ornith_dual-long-prompt
27,218,28,88,7,1,0.14285714285714285,0.011363636363636364,12.571428571428571,ornith_dual-long-prompt
27,218,28,93,7,1,0.14285714285714285,0.011363636363636364,12.571428571428571,ornith_dual-long-prompt
27,218,28,218,7,1,0.14285714285714285,0.022727272727272728,6.285714285714286,ornith_dual-long-prompt
27,218,28,18,7,1,0.14285714285714285,0.011363636363636364,12.571428571428571,ornith_dual-long-prompt
27,218,28,89,7,1,0.14285714285714285,0.011363636363636364,12.571428571428571,ornith_dual-long-prompt
31,35,32,252,6,1,0.16666666666666666,0.011363636363636364,14.666666666666666,ornith_dual-long-prompt
31,35,32,42,6,1,0.16666666666666666,0.022727272727272728,7.333333333333333,ornith_dual-long-prompt
31,35,32,71,6,1,0.16666666666666666,0.011363636363636364,14.666666666666666,ornith_dual-long-prompt
31,35,32,172,6,1,0.16666666666666666,0.011363636363636364,14.666666666666666,ornith_dual-long-prompt
31,20,32,252,5,1,0.2,0.011363636363636364,17.6,ornith_dual-long-prompt
31,20,32,42,5,1,0.2,0.022727272727272728,8.8,ornith_dual-long-prompt
31,20,32,71,5,1,0.2,0.011363636363636364,17.6,ornith_dual-long-prompt
31,20,32,172,5,1,0.2,0.011363636363636364,17.6,ornith_dual-long-prompt
32,101,33,144,9,1,0.1111111111111111,0.011363636363636364,9.777777777777777,ornith_dual-long-prompt
32,101,33,9,9,1,0.1111111111111111,0.011363636363636364,9.777777777777777,ornith_dual-long-prompt
32,101,33,39,9,1,0.1111111111111111,0.011363636363636364,9.777777777777777,ornith_dual-long-prompt
32,101,33,241,9,1,0.1111111111111111,0.011363636363636364,9.777777777777777,ornith_dual-long-prompt
33,127,34,231,10,1,0.1,0.011363636363636364,8.8,ornith_dual-long-prompt
33,127,34,202,10,1,0.1,0.011363636363636364,8.8,ornith_dual-long-prompt
33,127,34,234,10,1,0.1,0.011363636363636364,8.8,ornith_dual-long-prompt
33,127,34,105,10,1,0.1,0.011363636363636364,8.8,ornith_dual-long-prompt
33,201,34,231,5,1,0.2,0.011363636363636364,17.6,ornith_dual-long-prompt
33,201,34,85,5,1,0.2,0.022727272727272728,8.8,ornith_dual-long-prompt
33,201,34,202,5,1,0.2,0.011363636363636364,17.6,ornith_dual-long-prompt
33,201,34,234,5,1,0.2,0.011363636363636364,17.6,ornith_dual-long-prompt
33,201,34,105,5,1,0.2,0.011363636363636364,17.6,ornith_dual-long-prompt
34,40,35,203,10,1,0.1,0.011363636363636364,8.8,ornith_dual-long-prompt
34,40,35,102,10,1,0.1,0.011363636363636364,8.8,ornith_dual-long-prompt
34,40,35,213,10,1,0.1,0.011363636363636364,8.8,ornith_dual-long-prompt
34,40,35,215,10,1,0.1,0.011363636363636364,8.8,ornith_dual-long-prompt
34,40,35,112,10,1,0.1,0.011363636363636364,8.8,ornith_dual-long-prompt
35,97,36,159,8,1,0.125,0.011363636363636364,11.0,ornith_dual-long-prompt
35,97,36,255,8,1,0.125,0.022727272727272728,5.5,ornith_dual-long-prompt
35,97,36,186,8,1,0.125,0.011363636363636364,11.0,ornith_dual-long-prompt
35,97,36,212,8,1,0.125,0.011363636363636364,11.0,ornith_dual-long-prompt
35,97,36,201,8,1,0.125,0.011363636363636364,11.0,ornith_dual-long-prompt
35,97,36,45,8,1,0.125,0.011363636363636364,11.0,ornith_dual-long-prompt
36,73,37,109,9,1,0.1111111111111111,0.011363636363636364,9.777777777777777,ornith_dual-long-prompt
36,73,37,245,9,1,0.1111111111111111,0.011363636363636364,9.777777777777777,ornith_dual-long-prompt
36,73,37,72,9,1,0.1111111111111111,0.011363636363636364,9.777777777777777,ornith_dual-long-prompt
36,73,37,219,9,1,0.1111111111111111,0.022727272727272728,4.888888888888888,ornith_dual-long-prompt
36,73,37,13,9,1,0.1111111111111111,0.011363636363636364,9.777777777777777,ornith_dual-long-prompt
38,209,39,13,11,1,0.09090909090909091,0.011363636363636364,8.0,ornith_dual-long-prompt
1,236,2,58,5,1,0.2,0.011363636363636364,17.6,ornith_dual-long-prompt
1,236,2,187,5,1,0.2,0.011363636363636364,17.6,ornith_dual-long-prompt
1,236,2,5,5,1,0.2,0.011363636363636364,17.6,ornith_dual-long-prompt
1,236,2,216,5,1,0.2,0.011363636363636364,17.6,ornith_dual-long-prompt
1,236,2,133,5,1,0.2,0.011363636363636364,17.6,ornith_dual-long-prompt
1,236,2,193,5,1,0.2,0.011363636363636364,17.6,ornith_dual-long-prompt
1,205,2,58,7,1,0.14285714285714285,0.011363636363636364,12.571428571428571,ornith_dual-long-prompt
1,205,2,187,7,1,0.14285714285714285,0.011363636363636364,12.571428571428571,ornith_dual-long-prompt
1,205,2,5,7,1,0.14285714285714285,0.011363636363636364,12.571428571428571,ornith_dual-long-prompt
1,205,2,216,7,1,0.14285714285714285,0.011363636363636364,12.571428571428571,ornith_dual-long-prompt
1,205,2,133,7,1,0.14285714285714285,0.011363636363636364,12.571428571428571,ornith_dual-long-prompt
1,205,2,193,7,1,0.14285714285714285,0.011363636363636364,12.571428571428571,ornith_dual-long-prompt
3,163,4,154,6,1,0.16666666666666666,0.011363636363636364,14.666666666666666,ornith_dual-long-prompt
3,163,4,88,6,1,0.16666666666666666,0.022727272727272728,7.333333333333333,ornith_dual-long-prompt
3,163,4,40,6,1,0.16666666666666666,0.011363636363636364,14.666666666666666,ornith_dual-long-prompt
4,134,5,147,8,1,0.125,0.022727272727272728,5.5,ornith_dual-long-prompt
4,134,5,251,8,1,0.125,0.022727272727272728,5.5,ornith_dual-long-prompt
4,134,5,213,8,1,0.125,0.011363636363636364,11.0,ornith_dual-long-prompt
4,134,5,218,8,1,0.125,0.011363636363636364,11.0,ornith_dual-long-prompt
4,134,5,153,8,1,0.125,0.011363636363636364,11.0,ornith_dual-long-prompt
4,134,5,198,8,1,0.125,0.011363636363636364,11.0,ornith_dual-long-prompt
4,206,5,147,5,1,0.2,0.022727272727272728,8.8,ornith_dual-long-prompt
4,206,5,251,5,1,0.2,0.022727272727272728,8.8,ornith_dual-long-prompt
4,206,5,213,5,1,0.2,0.011363636363636364,17.6,ornith_dual-long-prompt
4,206,5,218,5,1,0.2,0.011363636363636364,17.6,ornith_dual-long-prompt
4,206,5,153,5,1,0.2,0.011363636363636364,17.6,ornith_dual-long-prompt
4,206,5,198,5,1,0.2,0.011363636363636364,17.6,ornith_dual-long-prompt
4,30,5,147,8,1,0.125,0.022727272727272728,5.5,ornith_dual-long-prompt
4,30,5,213,8,1,0.125,0.011363636363636364,11.0,ornith_dual-long-prompt
4,30,5,218,8,1,0.125,0.011363636363636364,11.0,ornith_dual-long-prompt
4,30,5,153,8,1,0.125,0.011363636363636364,11.0,ornith_dual-long-prompt
4,30,5,198,8,1,0.125,0.011363636363636364,11.0,ornith_dual-long-prompt
5,64,6,196,7,1,0.14285714285714285,0.022727272727272728,6.285714285714286,ornith_dual-long-prompt
5,64,6,156,7,1,0.14285714285714285,0.022727272727272728,6.285714285714286,ornith_dual-long-prompt
5,64,6,192,7,1,0.14285714285714285,0.011363636363636364,12.571428571428571,ornith_dual-long-prompt
5,64,6,162,7,1,0.14285714285714285,0.011363636363636364,12.571428571428571,ornith_dual-long-prompt
5,46,6,196,7,1,0.14285714285714285,0.022727272727272728,6.285714285714286,ornith_dual-long-prompt
5,46,6,192,7,1,0.14285714285714285,0.011363636363636364,12.571428571428571,ornith_dual-long-prompt
5,46,6,162,7,1,0.14285714285714285,0.011363636363636364,12.571428571428571,ornith_dual-long-prompt
6,149,7,221,8,1,0.125,0.022727272727272728,5.5,ornith_dual-long-prompt
6,149,7,191,8,1,0.125,0.022727272727272728,5.5,ornith_dual-long-prompt
6,149,7,75,8,1,0.125,0.011363636363636364,11.0,ornith_dual-long-prompt
6,149,7,32,8,1,0.125,0.011363636363636364,11.0,ornith_dual-long-prompt
6,165,7,221,5,1,0.2,0.022727272727272728,8.8,ornith_dual-long-prompt
6,165,7,191,5,1,0.2,0.022727272727272728,8.8,ornith_dual-long-prompt
6,165,7,75,5,1,0.2,0.011363636363636364,17.6,ornith_dual-long-prompt
6,165,7,32,5,1,0.2,0.011363636363636364,17.6,ornith_dual-long-prompt
6,195,7,221,6,1,0.16666666666666666,0.022727272727272728,7.333333333333333,ornith_dual-long-prompt
6,195,7,191,6,1,0.16666666666666666,0.022727272727272728,7.333333333333333,ornith_dual-long-prompt
6,195,7,75,6,1,0.16666666666666666,0.011363636363636364,14.666666666666666,ornith_dual-long-prompt
6,195,7,32,6,1,0.16666666666666666,0.011363636363636364,14.666666666666666,ornith_dual-long-prompt
6,195,7,185,6,1,0.16666666666666666,0.022727272727272728,7.333333333333333,ornith_dual-long-prompt
6,195,7,184,6,1,0.16666666666666666,0.045454545454545456,3.6666666666666665,ornith_dual-long-prompt
7,166,8,52,7,1,0.14285714285714285,0.022727272727272728,6.285714285714286,ornith_dual-long-prompt
7,166,8,133,7,1,0.14285714285714285,0.03409090909090909,4.190476190476191,ornith_dual-long-prompt
7,166,8,71,7,1,0.14285714285714285,0.011363636363636364,12.571428571428571,ornith_dual-long-prompt
7,166,8,191,7,1,0.14285714285714285,0.011363636363636364,12.571428571428571,ornith_dual-long-prompt
7,245,8,71,10,1,0.1,0.011363636363636364,8.8,ornith_dual-long-prompt
7,245,8,191,10,1,0.1,0.011363636363636364,8.8,ornith_dual-long-prompt
8,123,9,70,11,1,0.09090909090909091,0.011363636363636364,8.0,ornith_dual-long-prompt
8,123,9,151,11,1,0.09090909090909091,0.011363636363636364,8.0,ornith_dual-long-prompt
8,123,9,84,11,1,0.09090909090909091,0.011363636363636364,8.0,ornith_dual-long-prompt
8,123,9,161,11,1,0.09090909090909091,0.011363636363636364,8.0,ornith_dual-long-prompt
8,72,9,70,9,1,0.1111111111111111,0.011363636363636364,9.777777777777777,ornith_dual-long-prompt
8,72,9,151,9,1,0.1111111111111111,0.011363636363636364,9.777777777777777,ornith_dual-long-prompt
8,72,9,84,9,1,0.1111111111111111,0.011363636363636364,9.777777777777777,ornith_dual-long-prompt
8,72,9,161,9,1,0.1111111111111111,0.011363636363636364,9.777777777777777,ornith_dual-long-prompt
8,232,9,70,8,1,0.125,0.011363636363636364,11.0,ornith_dual-long-prompt
8,232,9,151,8,1,0.125,0.011363636363636364,11.0,ornith_dual-long-prompt
8,232,9,84,8,1,0.125,0.011363636363636364,11.0,ornith_dual-long-prompt
8,232,9,161,8,1,0.125,0.011363636363636364,11.0,ornith_dual-long-prompt
9,95,10,171,11,1,0.09090909090909091,0.011363636363636364,8.0,ornith_dual-long-prompt
9,95,10,17,11,1,0.09090909090909091,0.011363636363636364,8.0,ornith_dual-long-prompt
9,95,10,234,11,1,0.09090909090909091,0.011363636363636364,8.0,ornith_dual-long-prompt
9,99,10,171,8,1,0.125,0.011363636363636364,11.0,ornith_dual-long-prompt
9,99,10,17,8,1,0.125,0.011363636363636364,11.0,ornith_dual-long-prompt
9,99,10,234,8,1,0.125,0.011363636363636364,11.0,ornith_dual-long-prompt
9,99,10,162,8,1,0.125,0.022727272727272728,5.5,ornith_dual-long-prompt
10,124,11,12,6,1,0.16666666666666666,0.011363636363636364,14.666666666666666,ornith_dual-long-prompt
10,124,11,204,6,1,0.16666666666666666,0.011363636363636364,14.666666666666666,ornith_dual-long-prompt
10,124,11,27,6,1,0.16666666666666666,0.011363636363636364,14.666666666666666,ornith_dual-long-prompt
10,124,11,35,6,1,0.16666666666666666,0.011363636363636364,14.666666666666666,ornith_dual-long-prompt
10,124,11,109,6,1,0.16666666666666666,0.011363636363636364,14.666666666666666,ornith_dual-long-prompt
10,194,11,12,10,1,0.1,0.011363636363636364,8.8,ornith_dual-long-prompt
10,194,11,204,10,1,0.1,0.011363636363636364,8.8,ornith_dual-long-prompt
10,194,11,27,10,1,0.1,0.011363636363636364,8.8,ornith_dual-long-prompt
10,194,11,35,10,1,0.1,0.011363636363636364,8.8,ornith_dual-long-prompt
10,194,11,109,10,1,0.1,0.011363636363636364,8.8,ornith_dual-long-prompt
10,70,11,12,10,1,0.1,0.011363636363636364,8.8,ornith_dual-long-prompt
10,70,11,204,10,1,0.1,0.011363636363636364,8.8,ornith_dual-long-prompt
10,70,11,27,10,1,0.1,0.011363636363636364,8.8,ornith_dual-long-prompt
10,70,11,35,10,1,0.1,0.011363636363636364,8.8,ornith_dual-long-prompt
10,70,11,109,10,1,0.1,0.011363636363636364,8.8,ornith_dual-long-prompt
11,237,12,221,7,1,0.14285714285714285,0.045454545454545456,3.142857142857143,ornith_dual-long-prompt
11,237,12,13,7,1,0.14285714285714285,0.011363636363636364,12.571428571428571,ornith_dual-long-prompt
11,237,12,16,7,1,0.14285714285714285,0.011363636363636364,12.571428571428571,ornith_dual-long-prompt
11,237,12,126,7,1,0.14285714285714285,0.011363636363636364,12.571428571428571,ornith_dual-long-prompt
11,237,12,204,7,1,0.14285714285714285,0.011363636363636364,12.571428571428571,ornith_dual-long-prompt
12,1,13,99,5,1,0.2,0.011363636363636364,17.6,ornith_dual-long-prompt
12,1,13,230,5,1,0.2,0.045454545454545456,4.4,ornith_dual-long-prompt
12,1,13,155,5,1,0.2,0.011363636363636364,17.6,ornith_dual-long-prompt
12,1,13,224,5,1,0.2,0.06818181818181818,2.9333333333333336,ornith_dual-long-prompt
13,224,14,238,6,1,0.16666666666666666,0.011363636363636364,14.666666666666666,ornith_dual-long-prompt
13,224,14,125,6,1,0.16666666666666666,0.03409090909090909,4.888888888888889,ornith_dual-long-prompt
13,224,14,142,6,1,0.16666666666666666,0.011363636363636364,14.666666666666666,ornith_dual-long-prompt
13,224,14,71,6,1,0.16666666666666666,0.011363636363636364,14.666666666666666,ornith_dual-long-prompt
14,12,15,18,7,1,0.14285714285714285,0.011363636363636364,12.571428571428571,ornith_dual-long-prompt
14,12,15,255,7,1,0.14285714285714285,0.011363636363636364,12.571428571428571,ornith_dual-long-prompt
14,12,15,110,7,1,0.14285714285714285,0.011363636363636364,12.571428571428571,ornith_dual-long-prompt
14,12,15,138,7,1,0.14285714285714285,0.011363636363636364,12.571428571428571,ornith_dual-long-prompt
14,12,15,218,7,1,0.14285714285714285,0.03409090909090909,4.190476190476191,ornith_dual-long-prompt
14,12,15,150,7,1,0.14285714285714285,0.011363636363636364,12.571428571428571,ornith_dual-long-prompt
14,12,15,61,7,1,0.14285714285714285,0.011363636363636364,12.571428571428571,ornith_dual-long-prompt
14,30,15,18,5,1,0.2,0.011363636363636364,17.6,ornith_dual-long-prompt
14,30,15,255,5,1,0.2,0.011363636363636364,17.6,ornith_dual-long-prompt
14,30,15,110,5,1,0.2,0.011363636363636364,17.6,ornith_dual-long-prompt
14,30,15,138,5,1,0.2,0.011363636363636364,17.6,ornith_dual-long-prompt
14,30,15,150,5,1,0.2,0.011363636363636364,17.6,ornith_dual-long-prompt
14,30,15,61,5,1,0.2,0.011363636363636364,17.6,ornith_dual-long-prompt
15,6,16,10,7,1,0.14285714285714285,0.011363636363636364,12.571428571428571,ornith_dual-long-prompt
15,6,16,88,7,1,0.14285714285714285,0.022727272727272728,6.285714285714286,ornith_dual-long-prompt
15,6,16,143,7,1,0.14285714285714285,0.011363636363636364,12.571428571428571,ornith_dual-long-prompt
16,14,17,126,8,1,0.125,0.011363636363636364,11.0,ornith_dual-long-prompt
16,14,17,145,8,1,0.125,0.011363636363636364,11.0,ornith_dual-long-prompt
16,14,17,89,8,1,0.125,0.011363636363636364,11.0,ornith_dual-long-prompt
16,14,17,241,8,1,0.125,0.011363636363636364,11.0,ornith_dual-long-prompt
16,130,17,126,9,1,0.1111111111111111,0.011363636363636364,9.777777777777777,ornith_dual-long-prompt
16,130,17,145,9,1,0.1111111111111111,0.011363636363636364,9.777777777777777,ornith_dual-long-prompt
16,130,17,89,9,1,0.1111111111111111,0.011363636363636364,9.777777777777777,ornith_dual-long-prompt
16,130,17,241,9,1,0.1111111111111111,0.011363636363636364,9.777777777777777,ornith_dual-long-prompt
16,60,17,126,10,1,0.1,0.011363636363636364,8.8,ornith_dual-long-prompt
16,60,17,145,10,1,0.1,0.011363636363636364,8.8,ornith_dual-long-prompt
16,60,17,89,10,1,0.1,0.011363636363636364,8.8,ornith_dual-long-prompt
16,60,17,241,10,1,0.1,0.011363636363636364,8.8,ornith_dual-long-prompt
16,233,17,126,10,1,0.1,0.011363636363636364,8.8,ornith_dual-long-prompt
16,233,17,145,10,1,0.1,0.011363636363636364,8.8,ornith_dual-long-prompt
16,233,17,89,10,1,0.1,0.011363636363636364,8.8,ornith_dual-long-prompt
16,233,17,241,10,1,0.1,0.011363636363636364,8.8,ornith_dual-long-prompt
17,248,18,237,8,1,0.125,0.011363636363636364,11.0,ornith_dual-long-prompt
17,248,18,199,8,1,0.125,0.011363636363636364,11.0,ornith_dual-long-prompt
17,144,18,237,7,1,0.14285714285714285,0.011363636363636364,12.571428571428571,ornith_dual-long-prompt
17,144,18,199,7,1,0.14285714285714285,0.011363636363636364,12.571428571428571,ornith_dual-long-prompt
17,144,18,166,7,1,0.14285714285714285,0.022727272727272728,6.285714285714286,ornith_dual-long-prompt
17,144,18,13,7,1,0.14285714285714285,0.045454545454545456,3.142857142857143,ornith_dual-long-prompt
18,55,19,173,6,1,0.16666666666666666,0.011363636363636364,14.666666666666666,ornith_dual-long-prompt
18,55,19,61,6,1,0.16666666666666666,0.011363636363636364,14.666666666666666,ornith_dual-long-prompt
18,55,19,75,6,1,0.16666666666666666,0.011363636363636364,14.666666666666666,ornith_dual-long-prompt
18,195,19,173,7,1,0.14285714285714285,0.011363636363636364,12.571428571428571,ornith_dual-long-prompt
18,195,19,61,7,1,0.14285714285714285,0.011363636363636364,12.571428571428571,ornith_dual-long-prompt
18,195,19,75,7,1,0.14285714285714285,0.011363636363636364,12.571428571428571,ornith_dual-long-prompt
18,34,19,173,8,1,0.125,0.011363636363636364,11.0,ornith_dual-long-prompt
18,34,19,61,8,1,0.125,0.011363636363636364,11.0,ornith_dual-long-prompt
18,34,19,75,8,1,0.125,0.011363636363636364,11.0,ornith_dual-long-prompt
18,30,19,173,8,1,0.125,0.011363636363636364,11.0,ornith_dual-long-prompt
18,30,19,61,8,1,0.125,0.011363636363636364,11.0,ornith_dual-long-prompt
18,30,19,75,8,1,0.125,0.011363636363636364,11.0,ornith_dual-long-prompt
19,239,20,176,7,1,0.14285714285714285,0.011363636363636364,12.571428571428571,ornith_dual-long-prompt
19,239,20,16,7,1,0.14285714285714285,0.011363636363636364,12.571428571428571,ornith_dual-long-prompt
19,239,20,71,7,1,0.14285714285714285,0.022727272727272728,6.285714285714286,ornith_dual-long-prompt
19,239,20,232,7,1,0.14285714285714285,0.011363636363636364,12.571428571428571,ornith_dual-long-prompt
19,239,20,214,7,1,0.14285714285714285,0.011363636363636364,12.571428571428571,ornith_dual-long-prompt
20,172,21,45,7,1,0.14285714285714285,0.022727272727272728,6.285714285714286,ornith_dual-long-prompt
20,172,21,151,7,1,0.14285714285714285,0.011363636363636364,12.571428571428571,ornith_dual-long-prompt
20,172,21,255,7,1,0.14285714285714285,0.022727272727272728,6.285714285714286,ornith_dual-long-prompt
20,172,21,70,7,1,0.14285714285714285,0.011363636363636364,12.571428571428571,ornith_dual-long-prompt
20,172,21,168,7,1,0.14285714285714285,0.011363636363636364,12.571428571428571,ornith_dual-long-prompt
20,172,21,197,7,1,0.14285714285714285,0.011363636363636364,12.571428571428571,ornith_dual-long-prompt
20,72,21,151,9,1,0.1111111111111111,0.011363636363636364,9.777777777777777,ornith_dual-long-prompt
20,72,21,70,9,1,0.1111111111111111,0.011363636363636364,9.777777777777777,ornith_dual-long-prompt
20,72,21,168,9,1,0.1111111111111111,0.011363636363636364,9.777777777777777,ornith_dual-long-prompt
20,72,21,197,9,1,0.1111111111111111,0.011363636363636364,9.777777777777777,ornith_dual-long-prompt
20,3,21,45,8,1,0.125,0.022727272727272728,5.5,ornith_dual-long-prompt
20,3,21,151,8,1,0.125,0.011363636363636364,11.0,ornith_dual-long-prompt
20,3,21,70,8,1,0.125,0.011363636363636364,11.0,ornith_dual-long-prompt
20,3,21,168,8,1,0.125,0.011363636363636364,11.0,ornith_dual-long-prompt
20,3,21,197,8,1,0.125,0.011363636363636364,11.0,ornith_dual-long-prompt
21,95,22,234,10,1,0.1,0.011363636363636364,8.8,ornith_dual-long-prompt
21,95,22,171,10,1,0.1,0.011363636363636364,8.8,ornith_dual-long-prompt
21,95,22,109,10,1,0.1,0.011363636363636364,8.8,ornith_dual-long-prompt
21,43,22,133,5,1,0.2,0.022727272727272728,8.8,ornith_dual-long-prompt
21,43,22,234,5,1,0.2,0.011363636363636364,17.6,ornith_dual-long-prompt
21,43,22,171,5,1,0.2,0.011363636363636364,17.6,ornith_dual-long-prompt
21,43,22,191,5,1,0.2,0.022727272727272728,8.8,ornith_dual-long-prompt
21,43,22,176,5,1,0.2,0.022727272727272728,8.8,ornith_dual-long-prompt
21,43,22,109,5,1,0.2,0.011363636363636364,17.6,ornith_dual-long-prompt
22,194,23,107,8,1,0.125,0.011363636363636364,11.0,ornith_dual-long-prompt
22,194,23,124,8,1,0.125,0.011363636363636364,11.0,ornith_dual-long-prompt
22,194,23,35,8,1,0.125,0.011363636363636364,11.0,ornith_dual-long-prompt
22,194,23,209,8,1,0.125,0.011363636363636364,11.0,ornith_dual-long-prompt
23,24,24,155,5,1,0.2,0.022727272727272728,8.8,ornith_dual-long-prompt
23,24,24,126,5,1,0.2,0.022727272727272728,8.8,ornith_dual-long-prompt
23,24,24,101,5,1,0.2,0.011363636363636364,17.6,ornith_dual-long-prompt
23,24,24,204,5,1,0.2,0.011363636363636364,17.6,ornith_dual-long-prompt
24,221,25,155,5,1,0.2,0.011363636363636364,17.6,ornith_dual-long-prompt
24,221,25,93,5,1,0.2,0.011363636363636364,17.6,ornith_dual-long-prompt
24,221,25,66,5,1,0.2,0.011363636363636364,17.6,ornith_dual-long-prompt
24,221,25,132,5,1,0.2,0.022727272727272728,8.8,ornith_dual-long-prompt
24,221,25,194,5,1,0.2,0.056818181818181816,3.5200000000000005,ornith_dual-long-prompt
24,1,25,155,8,1,0.125,0.011363636363636364,11.0,ornith_dual-long-prompt
24,1,25,93,8,1,0.125,0.011363636363636364,11.0,ornith_dual-long-prompt
24,1,25,66,8,1,0.125,0.011363636363636364,11.0,ornith_dual-long-prompt
24,1,25,132,8,1,0.125,0.022727272727272728,5.5,ornith_dual-long-prompt
25,202,26,238,6,1,0.16666666666666666,0.011363636363636364,14.666666666666666,ornith_dual-long-prompt
25,202,26,231,6,1,0.16666666666666666,0.011363636363636364,14.666666666666666,ornith_dual-long-prompt
25,202,26,167,6,1,0.16666666666666666,0.011363636363636364,14.666666666666666,ornith_dual-long-prompt
25,70,26,238,10,1,0.1,0.011363636363636364,8.8,ornith_dual-long-prompt
25,70,26,231,10,1,0.1,0.011363636363636364,8.8,ornith_dual-long-prompt
25,70,26,167,10,1,0.1,0.011363636363636364,8.8,ornith_dual-long-prompt
25,194,26,54,5,1,0.2,0.03409090909090909,5.866666666666667,ornith_dual-long-prompt
25,194,26,238,5,1,0.2,0.011363636363636364,17.6,ornith_dual-long-prompt
25,194,26,231,5,1,0.2,0.011363636363636364,17.6,ornith_dual-long-prompt
25,194,26,167,5,1,0.2,0.011363636363636364,17.6,ornith_dual-long-prompt
26,12,27,18,7,1,0.14285714285714285,0.011363636363636364,12.571428571428571,ornith_dual-long-prompt
26,12,27,110,7,1,0.14285714285714285,0.011363636363636364,12.571428571428571,ornith_dual-long-prompt
26,12,27,215,7,1,0.14285714285714285,0.011363636363636364,12.571428571428571,ornith_dual-long-prompt
26,12,27,138,7,1,0.14285714285714285,0.011363636363636364,12.571428571428571,ornith_dual-long-prompt
26,97,27,18,6,1,0.16666666666666666,0.011363636363636364,14.666666666666666,ornith_dual-long-prompt
26,97,27,110,6,1,0.16666666666666666,0.011363636363636364,14.666666666666666,ornith_dual-long-prompt
26,97,27,215,6,1,0.16666666666666666,0.011363636363636364,14.666666666666666,ornith_dual-long-prompt
26,97,27,138,6,1,0.16666666666666666,0.011363636363636364,14.666666666666666,ornith_dual-long-prompt
26,119,27,18,7,1,0.14285714285714285,0.011363636363636364,12.571428571428571,ornith_dual-long-prompt
26,119,27,110,7,1,0.14285714285714285,0.011363636363636364,12.571428571428571,ornith_dual-long-prompt
26,119,27,215,7,1,0.14285714285714285,0.011363636363636364,12.571428571428571,ornith_dual-long-prompt
26,119,27,138,7,1,0.14285714285714285,0.011363636363636364,12.571428571428571,ornith_dual-long-prompt
26,105,27,18,8,1,0.125,0.011363636363636364,11.0,ornith_dual-long-prompt
26,105,27,110,8,1,0.125,0.011363636363636364,11.0,ornith_dual-long-prompt
26,105,27,215,8,1,0.125,0.011363636363636364,11.0,ornith_dual-long-prompt
26,105,27,138,8,1,0.125,0.011363636363636364,11.0,ornith_dual-long-prompt
27,85,28,80,7,1,0.14285714285714285,0.011363636363636364,12.571428571428571,ornith_dual-long-prompt
27,85,28,10,7,1,0.14285714285714285,0.011363636363636364,12.571428571428571,ornith_dual-long-prompt
27,85,28,222,7,1,0.14285714285714285,0.011363636363636364,12.571428571428571,ornith_dual-long-prompt
27,85,28,136,7,1,0.14285714285714285,0.011363636363636364,12.571428571428571,ornith_dual-long-prompt
27,218,28,80,7,1,0.14285714285714285,0.011363636363636364,12.571428571428571,ornith_dual-long-prompt
27,218,28,10,7,1,0.14285714285714285,0.011363636363636364,12.571428571428571,ornith_dual-long-prompt
27,218,28,222,7,1,0.14285714285714285,0.011363636363636364,12.571428571428571,ornith_dual-long-prompt
27,218,28,136,7,1,0.14285714285714285,0.011363636363636364,12.571428571428571,ornith_dual-long-prompt
27,6,28,80,7,1,0.14285714285714285,0.011363636363636364,12.571428571428571,ornith_dual-long-prompt
27,6,28,10,7,1,0.14285714285714285,0.011363636363636364,12.571428571428571,ornith_dual-long-prompt
27,6,28,222,7,1,0.14285714285714285,0.011363636363636364,12.571428571428571,ornith_dual-long-prompt
27,6,28,136,7,1,0.14285714285714285,0.011363636363636364,12.571428571428571,ornith_dual-long-prompt
28,14,29,126,8,1,0.125,0.011363636363636364,11.0,ornith_dual-long-prompt
28,14,29,206,8,1,0.125,0.011363636363636364,11.0,ornith_dual-long-prompt
28,14,29,188,8,1,0.125,0.011363636363636364,11.0,ornith_dual-long-prompt
28,14,29,89,8,1,0.125,0.011363636363636364,11.0,ornith_dual-long-prompt
28,130,29,126,9,1,0.1111111111111111,0.011363636363636364,9.777777777777777,ornith_dual-long-prompt
28,130,29,206,9,1,0.1111111111111111,0.011363636363636364,9.777777777777777,ornith_dual-long-prompt
28,130,29,188,9,1,0.1111111111111111,0.011363636363636364,9.777777777777777,ornith_dual-long-prompt
28,130,29,89,9,1,0.1111111111111111,0.011363636363636364,9.777777777777777,ornith_dual-long-prompt
28,233,29,126,10,1,0.1,0.011363636363636364,8.8,ornith_dual-long-prompt
28,233,29,206,10,1,0.1,0.011363636363636364,8.8,ornith_dual-long-prompt
28,233,29,188,10,1,0.1,0.011363636363636364,8.8,ornith_dual-long-prompt
28,233,29,89,10,1,0.1,0.011363636363636364,8.8,ornith_dual-long-prompt
28,60,29,126,9,1,0.1111111111111111,0.011363636363636364,9.777777777777777,ornith_dual-long-prompt
28,60,29,206,9,1,0.1111111111111111,0.011363636363636364,9.777777777777777,ornith_dual-long-prompt
28,60,29,188,9,1,0.1111111111111111,0.011363636363636364,9.777777777777777,ornith_dual-long-prompt
28,60,29,89,9,1,0.1111111111111111,0.011363636363636364,9.777777777777777,ornith_dual-long-prompt
29,232,30,13,8,1,0.125,0.011363636363636364,11.0,ornith_dual-long-prompt
29,232,30,237,8,1,0.125,0.011363636363636364,11.0,ornith_dual-long-prompt
29,232,30,18,8,1,0.125,0.011363636363636364,11.0,ornith_dual-long-prompt
29,232,30,199,8,1,0.125,0.022727272727272728,5.5,ornith_dual-long-prompt
29,232,30,176,8,1,0.125,0.011363636363636364,11.0,ornith_dual-long-prompt
29,232,30,203,8,1,0.125,0.011363636363636364,11.0,ornith_dual-long-prompt
29,144,30,13,7,1,0.14285714285714285,0.011363636363636364,12.571428571428571,ornith_dual-long-prompt
29,144,30,237,7,1,0.14285714285714285,0.011363636363636364,12.571428571428571,ornith_dual-long-prompt
29,144,30,18,7,1,0.14285714285714285,0.011363636363636364,12.571428571428571,ornith_dual-long-prompt
29,144,30,176,7,1,0.14285714285714285,0.011363636363636364,12.571428571428571,ornith_dual-long-prompt
29,144,30,203,7,1,0.14285714285714285,0.011363636363636364,12.571428571428571,ornith_dual-long-prompt
29,64,30,13,5,1,0.2,0.011363636363636364,17.6,ornith_dual-long-prompt
29,64,30,237,5,1,0.2,0.011363636363636364,17.6,ornith_dual-long-prompt
29,64,30,209,5,1,0.2,0.045454545454545456,4.4,ornith_dual-long-prompt
29,64,30,18,5,1,0.2,0.011363636363636364,17.6,ornith_dual-long-prompt
29,64,30,176,5,1,0.2,0.011363636363636364,17.6,ornith_dual-long-prompt
29,64,30,203,5,1,0.2,0.011363636363636364,17.6,ornith_dual-long-prompt
31,162,32,42,9,1,0.1111111111111111,0.022727272727272728,4.888888888888888,ornith_dual-long-prompt
31,162,32,68,9,1,0.1111111111111111,0.011363636363636364,9.777777777777777,ornith_dual-long-prompt
31,162,32,115,9,1,0.1111111111111111,0.011363636363636364,9.777777777777777,ornith_dual-long-prompt
31,162,32,47,9,1,0.1111111111111111,0.011363636363636364,9.777777777777777,ornith_dual-long-prompt
32,101,33,5,9,1,0.1111111111111111,0.011363636363636364,9.777777777777777,ornith_dual-long-prompt
32,101,33,16,9,1,0.1111111111111111,0.011363636363636364,9.777777777777777,ornith_dual-long-prompt
32,191,33,5,10,1,0.1,0.011363636363636364,8.8,ornith_dual-long-prompt
32,191,33,16,10,1,0.1,0.011363636363636364,8.8,ornith_dual-long-prompt
33,127,34,181,10,1,0.1,0.011363636363636364,8.8,ornith_dual-long-prompt
33,127,34,247,10,1,0.1,0.011363636363636364,8.8,ornith_dual-long-prompt
33,127,34,196,10,1,0.1,0.011363636363636364,8.8,ornith_dual-long-prompt
33,127,34,249,10,1,0.1,0.011363636363636364,8.8,ornith_dual-long-prompt
33,201,34,181,5,1,0.2,0.011363636363636364,17.6,ornith_dual-long-prompt
33,201,34,247,5,1,0.2,0.011363636363636364,17.6,ornith_dual-long-prompt
33,201,34,196,5,1,0.2,0.011363636363636364,17.6,ornith_dual-long-prompt
33,201,34,249,5,1,0.2,0.011363636363636364,17.6,ornith_dual-long-prompt
33,12,34,63,5,1,0.2,0.022727272727272728,8.8,ornith_dual-long-prompt
33,12,34,181,5,1,0.2,0.011363636363636364,17.6,ornith_dual-long-prompt
33,12,34,247,5,1,0.2,0.011363636363636364,17.6,ornith_dual-long-prompt
33,12,34,196,5,1,0.2,0.011363636363636364,17.6,ornith_dual-long-prompt
33,12,34,249,5,1,0.2,0.011363636363636364,17.6,ornith_dual-long-prompt
34,40,35,22,10,1,0.1,0.011363636363636364,8.8,ornith_dual-long-prompt
34,40,35,247,10,1,0.1,0.011363636363636364,8.8,ornith_dual-long-prompt
34,40,35,230,10,1,0.1,0.011363636363636364,8.8,ornith_dual-long-prompt
34,40,35,214,10,1,0.1,0.011363636363636364,8.8,ornith_dual-long-prompt
34,40,35,156,10,1,0.1,0.011363636363636364,8.8,ornith_dual-long-prompt
34,40,35,84,10,1,0.1,0.011363636363636364,8.8,ornith_dual-long-prompt
35,97,36,153,8,1,0.125,0.011363636363636364,11.0,ornith_dual-long-prompt
35,97,36,241,8,1,0.125,0.011363636363636364,11.0,ornith_dual-long-prompt
36,73,37,14,9,1,0.1111111111111111,0.011363636363636364,9.777777777777777,ornith_dual-long-prompt
36,73,37,134,9,1,0.1111111111111111,0.011363636363636364,9.777777777777777,ornith_dual-long-prompt
36,73,37,144,9,1,0.1111111111111111,0.011363636363636364,9.777777777777777,ornith_dual-long-prompt
37,55,38,52,9,1,0.1111111111111111,0.011363636363636364,9.777777777777777,ornith_dual-long-prompt
37,55,38,120,9,1,0.1111111111111111,0.022727272727272728,4.888888888888888,ornith_dual-long-prompt
37,55,38,79,9,1,0.1111111111111111,0.022727272727272728,4.888888888888888,ornith_dual-long-prompt
37,55,38,124,9,1,0.1111111111111111,0.011363636363636364,9.777777777777777,ornith_dual-long-prompt
37,55,38,118,9,1,0.1111111111111111,0.011363636363636364,9.777777777777777,ornith_dual-long-prompt
38,209,39,8,11,1,0.09090909090909091,0.011363636363636364,8.0,ornith_dual-long-prompt
38,14,39,70,7,1,0.14285714285714285,0.022727272727272728,6.285714285714286,ornith_dual-long-prompt
38,14,39,62,7,1,0.14285714285714285,0.022727272727272728,6.285714285714286,ornith_dual-long-prompt
38,14,39,8,7,1,0.14285714285714285,0.011363636363636364,12.571428571428571,ornith_dual-long-prompt
1,236,2,121,5,1,0.2,0.022727272727272728,8.8,ornith_dual-long-prompt
1,236,2,165,5,1,0.2,0.011363636363636364,17.6,ornith_dual-long-prompt
1,236,2,239,5,1,0.2,0.011363636363636364,17.6,ornith_dual-long-prompt
1,236,2,75,5,1,0.2,0.011363636363636364,17.6,ornith_dual-long-prompt
1,236,2,80,5,1,0.2,0.022727272727272728,8.8,ornith_dual-long-prompt
1,236,2,104,5,1,0.2,0.011363636363636364,17.6,ornith_dual-long-prompt
3,163,4,36,6,1,0.16666666666666666,0.011363636363636364,14.666666666666666,ornith_dual-long-prompt
3,163,4,177,6,1,0.16666666666666666,0.011363636363636364,14.666666666666666,ornith_dual-long-prompt
3,163,4,4,6,1,0.16666666666666666,0.011363636363636364,14.666666666666666,ornith_dual-long-prompt
3,163,4,41,6,1,0.16666666666666666,0.011363636363636364,14.666666666666666,ornith_dual-long-prompt
3,163,4,198,6,1,0.16666666666666666,0.011363636363636364,14.666666666666666,ornith_dual-long-prompt
4,206,5,243,5,1,0.2,0.011363636363636364,17.6,ornith_dual-long-prompt
4,206,5,233,5,1,0.2,0.011363636363636364,17.6,ornith_dual-long-prompt
4,206,5,117,5,1,0.2,0.011363636363636364,17.6,ornith_dual-long-prompt
4,206,5,101,5,1,0.2,0.011363636363636364,17.6,ornith_dual-long-prompt
4,206,5,166,5,1,0.2,0.022727272727272728,8.8,ornith_dual-long-prompt
4,134,5,243,8,1,0.125,0.011363636363636364,11.0,ornith_dual-long-prompt
4,134,5,233,8,1,0.125,0.011363636363636364,11.0,ornith_dual-long-prompt
4,134,5,117,8,1,0.125,0.011363636363636364,11.0,ornith_dual-long-prompt
4,134,5,101,8,1,0.125,0.011363636363636364,11.0,ornith_dual-long-prompt
4,134,5,166,8,1,0.125,0.022727272727272728,5.5,ornith_dual-long-prompt
5,64,6,212,7,1,0.14285714285714285,0.011363636363636364,12.571428571428571,ornith_dual-long-prompt
5,64,6,255,7,1,0.14285714285714285,0.011363636363636364,12.571428571428571,ornith_dual-long-prompt
5,64,6,64,7,1,0.14285714285714285,0.011363636363636364,12.571428571428571,ornith_dual-long-prompt
5,64,6,32,7,1,0.14285714285714285,0.011363636363636364,12.571428571428571,ornith_dual-long-prompt
5,64,6,135,7,1,0.14285714285714285,0.011363636363636364,12.571428571428571,ornith_dual-long-prompt
5,46,6,212,7,1,0.14285714285714285,0.011363636363636364,12.571428571428571,ornith_dual-long-prompt
5,46,6,255,7,1,0.14285714285714285,0.011363636363636364,12.571428571428571,ornith_dual-long-prompt
5,46,6,64,7,1,0.14285714285714285,0.011363636363636364,12.571428571428571,ornith_dual-long-prompt
5,46,6,32,7,1,0.14285714285714285,0.011363636363636364,12.571428571428571,ornith_dual-long-prompt
5,46,6,135,7,1,0.14285714285714285,0.011363636363636364,12.571428571428571,ornith_dual-long-prompt
6,195,7,80,6,1,0.16666666666666666,0.011363636363636364,14.666666666666666,ornith_dual-long-prompt
6,195,7,6,6,1,0.16666666666666666,0.011363636363636364,14.666666666666666,ornith_dual-long-prompt
6,195,7,233,6,1,0.16666666666666666,0.011363636363636364,14.666666666666666,ornith_dual-long-prompt
6,195,7,30,6,1,0.16666666666666666,0.011363636363636364,14.666666666666666,ornith_dual-long-prompt
6,195,7,91,6,1,0.16666666666666666,0.011363636363636364,14.666666666666666,ornith_dual-long-prompt
6,165,7,80,5,1,0.2,0.011363636363636364,17.6,ornith_dual-long-prompt
6,165,7,6,5,1,0.2,0.011363636363636364,17.6,ornith_dual-long-prompt
6,165,7,233,5,1,0.2,0.011363636363636364,17.6,ornith_dual-long-prompt
6,165,7,30,5,1,0.2,0.011363636363636364,17.6,ornith_dual-long-prompt
6,165,7,91,5,1,0.2,0.011363636363636364,17.6,ornith_dual-long-prompt
7,166,8,117,7,1,0.14285714285714285,0.022727272727272728,6.285714285714286,ornith_dual-long-prompt
7,166,8,76,7,1,0.14285714285714285,0.045454545454545456,3.142857142857143,ornith_dual-long-prompt
7,166,8,95,7,1,0.14285714285714285,0.022727272727272728,6.285714285714286,ornith_dual-long-prompt
8,232,9,107,8,1,0.125,0.011363636363636364,11.0,ornith_dual-long-prompt
8,3,9,107,9,1,0.1111111111111111,0.011363636363636364,9.777777777777777,ornith_dual-long-prompt
8,123,9,107,11,1,0.09090909090909091,0.011363636363636364,8.0,ornith_dual-long-prompt
9,95,10,176,11,1,0.09090909090909091,0.011363636363636364,8.0,ornith_dual-long-prompt
9,95,10,204,11,1,0.09090909090909091,0.011363636363636364,8.0,ornith_dual-long-prompt
9,95,10,111,11,1,0.09090909090909091,0.011363636363636364,8.0,ornith_dual-long-prompt
9,121,10,176,6,1,0.16666666666666666,0.011363636363636364,14.666666666666666,ornith_dual-long-prompt
9,121,10,162,6,1,0.16666666666666666,0.022727272727272728,7.333333333333333,ornith_dual-long-prompt
9,121,10,204,6,1,0.16666666666666666,0.011363636363636364,14.666666666666666,ornith_dual-long-prompt
9,121,10,183,6,1,0.16666666666666666,0.022727272727272728,7.333333333333333,ornith_dual-long-prompt
9,121,10,111,6,1,0.16666666666666666,0.011363636363636364,14.666666666666666,ornith_dual-long-prompt
10,70,11,38,10,1,0.1,0.011363636363636364,8.8,ornith_dual-long-prompt
10,194,11,38,10,1,0.1,0.011363636363636364,8.8,ornith_dual-long-prompt
10,124,11,38,6,1,0.16666666666666666,0.011363636363636364,14.666666666666666,ornith_dual-long-prompt
11,237,12,23,7,1,0.14285714285714285,0.011363636363636364,12.571428571428571,ornith_dual-long-prompt
11,237,12,187,7,1,0.14285714285714285,0.011363636363636364,12.571428571428571,ornith_dual-long-prompt
11,237,12,139,7,1,0.14285714285714285,0.011363636363636364,12.571428571428571,ornith_dual-long-prompt
11,237,12,219,7,1,0.14285714285714285,0.045454545454545456,3.142857142857143,ornith_dual-long-prompt
11,191,12,23,6,1,0.16666666666666666,0.011363636363636364,14.666666666666666,ornith_dual-long-prompt
11,191,12,187,6,1,0.16666666666666666,0.011363636363636364,14.666666666666666,ornith_dual-long-prompt
11,191,12,139,6,1,0.16666666666666666,0.011363636363636364,14.666666666666666,ornith_dual-long-prompt
11,101,12,23,6,1,0.16666666666666666,0.011363636363636364,14.666666666666666,ornith_dual-long-prompt
11,101,12,50,6,1,0.16666666666666666,0.022727272727272728,7.333333333333333,ornith_dual-long-prompt
11,101,12,187,6,1,0.16666666666666666,0.011363636363636364,14.666666666666666,ornith_dual-long-prompt
11,101,12,139,6,1,0.16666666666666666,0.011363636363636364,14.666666666666666,ornith_dual-long-prompt
12,42,13,162,8,1,0.125,0.011363636363636364,11.0,ornith_dual-long-prompt
12,60,13,162,9,1,0.1111111111111111,0.011363636363636364,9.777777777777777,ornith_dual-long-prompt
12,1,13,185,5,1,0.2,0.022727272727272728,8.8,ornith_dual-long-prompt
12,1,13,162,5,1,0.2,0.011363636363636364,17.6,ornith_dual-long-prompt
12,1,13,193,5,1,0.2,0.022727272727272728,8.8,ornith_dual-long-prompt
12,1,13,26,5,1,0.2,0.045454545454545456,4.4,ornith_dual-long-prompt
13,70,14,63,9,1,0.1111111111111111,0.011363636363636364,9.777777777777777,ornith_dual-long-prompt
13,70,14,21,9,1,0.1111111111111111,0.011363636363636364,9.777777777777777,ornith_dual-long-prompt
13,70,14,14,9,1,0.1111111111111111,0.011363636363636364,9.777777777777777,ornith_dual-long-prompt
13,120,14,63,9,1,0.1111111111111111,0.011363636363636364,9.777777777777777,ornith_dual-long-prompt
13,120,14,21,9,1,0.1111111111111111,0.011363636363636364,9.777777777777777,ornith_dual-long-prompt
13,120,14,14,9,1,0.1111111111111111,0.011363636363636364,9.777777777777777,ornith_dual-long-prompt
14,12,15,229,7,1,0.14285714285714285,0.045454545454545456,3.142857142857143,ornith_dual-long-prompt
14,12,15,155,7,1,0.14285714285714285,0.011363636363636364,12.571428571428571,ornith_dual-long-prompt
14,12,15,54,7,1,0.14285714285714285,0.03409090909090909,4.190476190476191,ornith_dual-long-prompt
14,225,15,155,9,1,0.1111111111111111,0.011363636363636364,9.777777777777777,ornith_dual-long-prompt
15,6,16,169,7,1,0.14285714285714285,0.011363636363636364,12.571428571428571,ornith_dual-long-prompt
15,126,16,38,6,1,0.16666666666666666,0.022727272727272728,7.333333333333333,ornith_dual-long-prompt
15,126,16,169,6,1,0.16666666666666666,0.011363636363636364,14.666666666666666,ornith_dual-long-prompt
16,14,17,220,8,1,0.125,0.011363636363636364,11.0,ornith_dual-long-prompt
16,234,17,220,5,1,0.2,0.011363636363636364,17.6,ornith_dual-long-prompt
16,60,17,220,10,1,0.1,0.011363636363636364,8.8,ornith_dual-long-prompt
16,130,17,220,9,1,0.1111111111111111,0.011363636363636364,9.777777777777777,ornith_dual-long-prompt
16,233,17,220,10,1,0.1,0.011363636363636364,8.8,ornith_dual-long-prompt
18,121,19,55,5,1,0.2,0.03409090909090909,5.866666666666667,ornith_dual-long-prompt
18,121,19,21,5,1,0.2,0.022727272727272728,8.8,ornith_dual-long-prompt
18,55,19,21,6,1,0.16666666666666666,0.022727272727272728,7.333333333333333,ornith_dual-long-prompt
18,34,19,21,8,1,0.125,0.022727272727272728,5.5,ornith_dual-long-prompt
20,172,21,137,7,1,0.14285714285714285,0.022727272727272728,6.285714285714286,ornith_dual-long-prompt
20,50,21,137,6,1,0.16666666666666666,0.022727272727272728,7.333333333333333,ornith_dual-long-prompt
20,3,21,214,8,1,0.125,0.022727272727272728,5.5,ornith_dual-long-prompt
20,3,21,137,8,1,0.125,0.022727272727272728,5.5,ornith_dual-long-prompt
20,186,21,137,5,1,0.2,0.022727272727272728,8.8,ornith_dual-long-prompt
20,186,21,142,5,1,0.2,0.022727272727272728,8.8,ornith_dual-long-prompt
21,95,22,229,10,1,0.1,0.011363636363636364,8.8,ornith_dual-long-prompt
21,95,22,219,10,1,0.1,0.011363636363636364,8.8,ornith_dual-long-prompt
21,128,22,176,7,1,0.14285714285714285,0.022727272727272728,6.285714285714286,ornith_dual-long-prompt
21,128,22,191,7,1,0.14285714285714285,0.022727272727272728,6.285714285714286,ornith_dual-long-prompt
21,128,22,229,7,1,0.14285714285714285,0.011363636363636364,12.571428571428571,ornith_dual-long-prompt
21,128,22,219,7,1,0.14285714285714285,0.011363636363636364,12.571428571428571,ornith_dual-long-prompt
21,58,22,176,6,1,0.16666666666666666,0.022727272727272728,7.333333333333333,ornith_dual-long-prompt
21,58,22,191,6,1,0.16666666666666666,0.022727272727272728,7.333333333333333,ornith_dual-long-prompt
21,58,22,229,6,1,0.16666666666666666,0.011363636363636364,14.666666666666666,ornith_dual-long-prompt
21,58,22,219,6,1,0.16666666666666666,0.011363636363636364,14.666666666666666,ornith_dual-long-prompt
22,194,23,146,8,1,0.125,0.011363636363636364,11.0,ornith_dual-long-prompt
22,70,23,135,8,1,0.125,0.022727272727272728,5.5,ornith_dual-long-prompt
22,70,23,146,8,1,0.125,0.011363636363636364,11.0,ornith_dual-long-prompt
22,192,23,135,7,1,0.14285714285714285,0.022727272727272728,6.285714285714286,ornith_dual-long-prompt
22,192,23,146,7,1,0.14285714285714285,0.011363636363636364,12.571428571428571,ornith_dual-long-prompt
23,237,24,23,5,1,0.2,0.011363636363636364,17.6,ornith_dual-long-prompt
23,237,24,50,5,1,0.2,0.022727272727272728,8.8,ornith_dual-long-prompt
23,237,24,219,5,1,0.2,0.03409090909090909,5.866666666666667,ornith_dual-long-prompt
23,237,24,42,5,1,0.2,0.045454545454545456,4.4,ornith_dual-long-prompt
23,191,24,23,5,1,0.2,0.011363636363636364,17.6,ornith_dual-long-prompt
23,191,24,173,5,1,0.2,0.056818181818181816,3.5200000000000005,ornith_dual-long-prompt
23,24,24,23,5,1,0.2,0.011363636363636364,17.6,ornith_dual-long-prompt
23,24,24,50,5,1,0.2,0.022727272727272728,8.8,ornith_dual-long-prompt
23,24,24,219,5,1,0.2,0.03409090909090909,5.866666666666667,ornith_dual-long-prompt
23,24,24,42,5,1,0.2,0.045454545454545456,4.4,ornith_dual-long-prompt
24,68,25,0,5,1,0.2,0.011363636363636364,17.6,ornith_dual-long-prompt
24,173,25,120,5,1,0.2,0.045454545454545456,4.4,ornith_dual-long-prompt
24,173,25,0,5,1,0.2,0.011363636363636364,17.6,ornith_dual-long-prompt
24,1,25,0,8,1,0.125,0.011363636363636364,11.0,ornith_dual-long-prompt
25,70,26,248,10,1,0.1,0.011363636363636364,8.8,ornith_dual-long-prompt
25,194,26,248,5,1,0.2,0.011363636363636364,17.6,ornith_dual-long-prompt
25,26,26,248,6,1,0.16666666666666666,0.011363636363636364,14.666666666666666,ornith_dual-long-prompt
25,26,26,129,6,1,0.16666666666666666,0.022727272727272728,7.333333333333333,ornith_dual-long-prompt
26,97,27,79,6,1,0.16666666666666666,0.011363636363636364,14.666666666666666,ornith_dual-long-prompt
26,12,27,79,7,1,0.14285714285714285,0.011363636363636364,12.571428571428571,ornith_dual-long-prompt
26,119,27,79,7,1,0.14285714285714285,0.011363636363636364,12.571428571428571,ornith_dual-long-prompt
26,225,27,188,8,1,0.125,0.022727272727272728,5.5,ornith_dual-long-prompt
26,225,27,79,8,1,0.125,0.011363636363636364,11.0,ornith_dual-long-prompt
26,105,27,79,8,1,0.125,0.011363636363636364,11.0,ornith_dual-long-prompt
28,14,29,4,8,1,0.125,0.011363636363636364,11.0,ornith_dual-long-prompt
28,60,29,4,9,1,0.1111111111111111,0.011363636363636364,9.777777777777777,ornith_dual-long-prompt
28,233,29,4,10,1,0.1,0.011363636363636364,8.8,ornith_dual-long-prompt
28,113,29,4,8,1,0.125,0.011363636363636364,11.0,ornith_dual-long-prompt
28,40,29,4,7,1,0.14285714285714285,0.011363636363636364,12.571428571428571,ornith_dual-long-prompt
28,130,29,4,9,1,0.1111111111111111,0.011363636363636364,9.777777777777777,ornith_dual-long-prompt
29,232,30,87,8,1,0.125,0.011363636363636364,11.0,ornith_dual-long-prompt
29,71,30,87,8,1,0.125,0.011363636363636364,11.0,ornith_dual-long-prompt
29,100,30,87,6,1,0.16666666666666666,0.011363636363636364,14.666666666666666,ornith_dual-long-prompt
29,144,30,87,7,1,0.14285714285714285,0.011363636363636364,12.571428571428571,ornith_dual-long-prompt
29,215,30,116,5,1,0.2,0.03409090909090909,5.866666666666667,ornith_dual-long-prompt
29,215,30,87,5,1,0.2,0.011363636363636364,17.6,ornith_dual-long-prompt
30,182,31,176,9,1,0.1111111111111111,0.011363636363636364,9.777777777777777,ornith_dual-long-prompt
30,30,31,176,8,1,0.125,0.011363636363636364,11.0,ornith_dual-long-prompt
30,121,31,23,7,1,0.14285714285714285,0.022727272727272728,6.285714285714286,ornith_dual-long-prompt
30,121,31,176,7,1,0.14285714285714285,0.011363636363636364,12.571428571428571,ornith_dual-long-prompt
33,12,34,163,5,1,0.2,0.03409090909090909,5.866666666666667,ornith_dual-long-prompt
33,12,34,222,5,1,0.2,0.022727272727272728,8.8,ornith_dual-long-prompt
33,201,34,163,5,1,0.2,0.03409090909090909,5.866666666666667,ornith_dual-long-prompt
33,201,34,222,5,1,0.2,0.022727272727272728,8.8,ornith_dual-long-prompt
34,40,35,117,10,1,0.1,0.011363636363636364,8.8,ornith_dual-long-prompt
34,40,35,121,10,1,0.1,0.011363636363636364,8.8,ornith_dual-long-prompt
34,40,35,123,10,1,0.1,0.011363636363636364,8.8,ornith_dual-long-prompt
34,40,35,100,10,1,0.1,0.011363636363636364,8.8,ornith_dual-long-prompt
34,57,35,117,6,1,0.16666666666666666,0.011363636363636364,14.666666666666666,ornith_dual-long-prompt
34,57,35,121,6,1,0.16666666666666666,0.011363636363636364,14.666666666666666,ornith_dual-long-prompt
34,57,35,123,6,1,0.16666666666666666,0.011363636363636364,14.666666666666666,ornith_dual-long-prompt
34,57,35,100,6,1,0.16666666666666666,0.011363636363636364,14.666666666666666,ornith_dual-long-prompt
35,131,36,127,8,1,0.125,0.011363636363636364,11.0,ornith_dual-long-prompt
35,131,36,206,8,1,0.125,0.011363636363636364,11.0,ornith_dual-long-prompt
35,35,36,127,9,1,0.1111111111111111,0.011363636363636364,9.777777777777777,ornith_dual-long-prompt
35,35,36,206,9,1,0.1111111111111111,0.011363636363636364,9.777777777777777,ornith_dual-long-prompt
36,73,37,7,9,1,0.1111111111111111,0.011363636363636364,9.777777777777777,ornith_dual-long-prompt
36,77,37,7,5,1,0.2,0.011363636363636364,17.6,ornith_dual-long-prompt
36,77,37,196,5,1,0.2,0.022727272727272728,8.8,ornith_dual-long-prompt
36,18,37,7,7,1,0.14285714285714285,0.011363636363636364,12.571428571428571,ornith_dual-long-prompt
36,18,37,196,7,1,0.14285714285714285,0.022727272727272728,6.285714285714286,ornith_dual-long-prompt
37,55,38,210,9,1,0.1111111111111111,0.011363636363636364,9.777777777777777,ornith_dual-long-prompt
37,55,38,3,9,1,0.1111111111111111,0.011363636363636364,9.777777777777777,ornith_dual-long-prompt
37,99,38,132,5,1,0.2,0.03409090909090909,5.866666666666667,ornith_dual-long-prompt
37,99,38,210,5,1,0.2,0.011363636363636364,17.6,ornith_dual-long-prompt
37,99,38,3,5,1,0.2,0.011363636363636364,17.6,ornith_dual-long-prompt
37,166,38,210,7,1,0.14285714285714285,0.011363636363636364,12.571428571428571,ornith_dual-long-prompt
37,166,38,3,7,1,0.14285714285714285,0.011363636363636364,12.571428571428571,ornith_dual-long-prompt
37,97,38,210,6,1,0.16666666666666666,0.011363636363636364,14.666666666666666,ornith_dual-long-prompt
37,97,38,3,6,1,0.16666666666666666,0.011363636363636364,14.666666666666666,ornith_dual-long-prompt
37,87,38,210,6,1,0.16666666666666666,0.011363636363636364,14.666666666666666,ornith_dual-long-prompt
37,87,38,3,6,1,0.16666666666666666,0.011363636363636364,14.666666666666666,ornith_dual-long-prompt
38,14,39,197,7,1,0.14285714285714285,0.011363636363636364,12.571428571428571,ornith_dual-long-prompt
38,209,39,197,11,1,0.09090909090909091,0.011363636363636364,8.0,ornith_dual-long-prompt
38,173,39,197,8,1,0.125,0.011363636363636364,11.0,ornith_dual-long-prompt
38,39,39,197,6,1,0.16666666666666666,0.011363636363636364,14.666666666666666,ornith_dual-long-prompt
1,236,2,74,5,1,0.2,0.011363636363636364,17.6,ornith_dual-long-prompt
1,236,2,69,5,1,0.2,0.022727272727272728,8.8,ornith_dual-long-prompt
1,236,2,85,5,1,0.2,0.022727272727272728,8.8,ornith_dual-long-prompt
1,236,2,100,5,1,0.2,0.011363636363636364,17.6,ornith_dual-long-prompt
1,236,2,48,5,1,0.2,0.011363636363636364,17.6,ornith_dual-long-prompt
1,236,2,215,5,1,0.2,0.011363636363636364,17.6,ornith_dual-long-prompt
4,30,5,24,8,1,0.125,0.011363636363636364,11.0,ornith_dual-long-prompt
4,30,5,244,8,1,0.125,0.022727272727272728,5.5,ornith_dual-long-prompt
4,30,5,145,8,1,0.125,0.011363636363636364,11.0,ornith_dual-long-prompt
4,30,5,82,8,1,0.125,0.011363636363636364,11.0,ornith_dual-long-prompt
4,206,5,24,5,1,0.2,0.011363636363636364,17.6,ornith_dual-long-prompt
4,206,5,145,5,1,0.2,0.011363636363636364,17.6,ornith_dual-long-prompt
4,206,5,82,5,1,0.2,0.011363636363636364,17.6,ornith_dual-long-prompt
4,134,5,24,8,1,0.125,0.011363636363636364,11.0,ornith_dual-long-prompt
4,134,5,145,8,1,0.125,0.011363636363636364,11.0,ornith_dual-long-prompt
4,134,5,82,8,1,0.125,0.011363636363636364,11.0,ornith_dual-long-prompt
5,64,6,189,7,1,0.14285714285714285,0.011363636363636364,12.571428571428571,ornith_dual-long-prompt
5,64,6,144,7,1,0.14285714285714285,0.011363636363636364,12.571428571428571,ornith_dual-long-prompt
5,139,6,189,7,1,0.14285714285714285,0.011363636363636364,12.571428571428571,ornith_dual-long-prompt
5,139,6,144,7,1,0.14285714285714285,0.011363636363636364,12.571428571428571,ornith_dual-long-prompt
6,149,7,37,8,1,0.125,0.011363636363636364,11.0,ornith_dual-long-prompt
6,195,7,37,6,1,0.16666666666666666,0.011363636363636364,14.666666666666666,ornith_dual-long-prompt
6,242,7,37,5,1,0.2,0.011363636363636364,17.6,ornith_dual-long-prompt
6,165,7,130,5,1,0.2,0.056818181818181816,3.5200000000000005,ornith_dual-long-prompt
6,165,7,38,5,1,0.2,0.022727272727272728,8.8,ornith_dual-long-prompt
6,165,7,1,5,1,0.2,0.022727272727272728,8.8,ornith_dual-long-prompt
6,165,7,37,5,1,0.2,0.011363636363636364,17.6,ornith_dual-long-prompt
6,71,7,37,6,1,0.16666666666666666,0.011363636363636364,14.666666666666666,ornith_dual-long-prompt
7,166,8,151,7,1,0.14285714285714285,0.03409090909090909,4.190476190476191,ornith_dual-long-prompt
8,72,9,140,9,1,0.1111111111111111,0.011363636363636364,9.777777777777777,ornith_dual-long-prompt
8,232,9,140,8,1,0.125,0.011363636363636364,11.0,ornith_dual-long-prompt
8,123,9,140,11,1,0.09090909090909091,0.011363636363636364,8.0,ornith_dual-long-prompt
8,3,9,140,9,1,0.1111111111111111,0.011363636363636364,9.777777777777777,ornith_dual-long-prompt
8,186,9,140,5,1,0.2,0.011363636363636364,17.6,ornith_dual-long-prompt
9,121,10,254,6,1,0.16666666666666666,0.011363636363636364,14.666666666666666,ornith_dual-long-prompt
9,121,10,92,6,1,0.16666666666666666,0.011363636363636364,14.666666666666666,ornith_dual-long-prompt
9,121,10,228,6,1,0.16666666666666666,0.022727272727272728,7.333333333333333,ornith_dual-long-prompt
9,162,10,254,5,1,0.2,0.011363636363636364,17.6,ornith_dual-long-prompt
9,162,10,92,5,1,0.2,0.011363636363636364,17.6,ornith_dual-long-prompt
9,162,10,228,5,1,0.2,0.022727272727272728,8.8,ornith_dual-long-prompt
9,95,10,254,11,1,0.09090909090909091,0.011363636363636364,8.0,ornith_dual-long-prompt
9,95,10,92,11,1,0.09090909090909091,0.011363636363636364,8.0,ornith_dual-long-prompt
9,99,10,254,8,1,0.125,0.011363636363636364,11.0,ornith_dual-long-prompt
9,99,10,92,8,1,0.125,0.011363636363636364,11.0,ornith_dual-long-prompt
10,70,11,221,10,1,0.1,0.011363636363636364,8.8,ornith_dual-long-prompt
10,194,11,221,10,1,0.1,0.011363636363636364,8.8,ornith_dual-long-prompt
10,124,11,154,6,1,0.16666666666666666,0.022727272727272728,7.333333333333333,ornith_dual-long-prompt
10,124,11,221,6,1,0.16666666666666666,0.011363636363636364,14.666666666666666,ornith_dual-long-prompt
12,173,13,244,6,1,0.16666666666666666,0.011363636363636364,14.666666666666666,ornith_dual-long-prompt
12,107,13,244,6,1,0.16666666666666666,0.011363636363636364,14.666666666666666,ornith_dual-long-prompt
12,60,13,244,9,1,0.1111111111111111,0.011363636363636364,9.777777777777777,ornith_dual-long-prompt
12,42,13,244,8,1,0.125,0.011363636363636364,11.0,ornith_dual-long-prompt
13,70,14,66,9,1,0.1111111111111111,0.011363636363636364,9.777777777777777,ornith_dual-long-prompt
13,224,14,54,6,1,0.16666666666666666,0.022727272727272728,7.333333333333333,ornith_dual-long-prompt
13,224,14,66,6,1,0.16666666666666666,0.011363636363636364,14.666666666666666,ornith_dual-long-prompt
13,120,14,66,9,1,0.1111111111111111,0.011363636363636364,9.777777777777777,ornith_dual-long-prompt
14,225,15,44,9,1,0.1111111111111111,0.011363636363636364,9.777777777777777,ornith_dual-long-prompt
14,225,15,69,9,1,0.1111111111111111,0.011363636363636364,9.777777777777777,ornith_dual-long-prompt
14,30,15,44,5,1,0.2,0.011363636363636364,17.6,ornith_dual-long-prompt
14,30,15,142,5,1,0.2,0.045454545454545456,4.4,ornith_dual-long-prompt
14,30,15,69,5,1,0.2,0.011363636363636364,17.6,ornith_dual-long-prompt
14,30,15,131,5,1,0.2,0.022727272727272728,8.8,ornith_dual-long-prompt
14,12,15,44,7,1,0.14285714285714285,0.011363636363636364,12.571428571428571,ornith_dual-long-prompt
14,12,15,69,7,1,0.14285714285714285,0.011363636363636364,12.571428571428571,ornith_dual-long-prompt
14,12,15,147,7,1,0.14285714285714285,0.045454545454545456,3.142857142857143,ornith_dual-long-prompt
17,71,18,105,8,1,0.125,0.011363636363636364,11.0,ornith_dual-long-prompt
17,248,18,105,8,1,0.125,0.011363636363636364,11.0,ornith_dual-long-prompt
17,144,18,105,7,1,0.14285714285714285,0.011363636363636364,12.571428571428571,ornith_dual-long-prompt
17,232,18,105,6,1,0.16666666666666666,0.011363636363636364,14.666666666666666,ornith_dual-long-prompt
17,100,18,105,9,1,0.1111111111111111,0.011363636363636364,9.777777777777777,ornith_dual-long-prompt
18,30,19,144,8,1,0.125,0.011363636363636364,11.0,ornith_dual-long-prompt
18,209,19,144,6,1,0.16666666666666666,0.011363636363636364,14.666666666666666,ornith_dual-long-prompt
18,209,19,35,6,1,0.16666666666666666,0.045454545454545456,3.6666666666666665,ornith_dual-long-prompt
18,55,19,144,6,1,0.16666666666666666,0.011363636363636364,14.666666666666666,ornith_dual-long-prompt
18,182,19,144,8,1,0.125,0.011363636363636364,11.0,ornith_dual-long-prompt
18,34,19,144,8,1,0.125,0.011363636363636364,11.0,ornith_dual-long-prompt
18,195,19,144,7,1,0.14285714285714285,0.011363636363636364,12.571428571428571,ornith_dual-long-prompt
19,215,20,165,9,1,0.1111111111111111,0.011363636363636364,9.777777777777777,ornith_dual-long-prompt
19,215,20,134,9,1,0.1111111111111111,0.011363636363636364,9.777777777777777,ornith_dual-long-prompt
19,23,20,165,6,1,0.16666666666666666,0.011363636363636364,14.666666666666666,ornith_dual-long-prompt
19,23,20,134,6,1,0.16666666666666666,0.011363636363636364,14.666666666666666,ornith_dual-long-prompt
19,239,20,165,7,1,0.14285714285714285,0.011363636363636364,12.571428571428571,ornith_dual-long-prompt
19,239,20,134,7,1,0.14285714285714285,0.011363636363636364,12.571428571428571,ornith_dual-long-prompt
19,37,20,165,5,1,0.2,0.011363636363636364,17.6,ornith_dual-long-prompt
19,37,20,202,5,1,0.2,0.022727272727272728,8.8,ornith_dual-long-prompt
19,37,20,134,5,1,0.2,0.011363636363636364,17.6,ornith_dual-long-prompt
21,95,22,20,10,1,0.1,0.011363636363636364,8.8,ornith_dual-long-prompt
21,95,22,124,10,1,0.1,0.011363636363636364,8.8,ornith_dual-long-prompt
21,128,22,20,7,1,0.14285714285714285,0.011363636363636364,12.571428571428571,ornith_dual-long-prompt
21,128,22,124,7,1,0.14285714285714285,0.011363636363636364,12.571428571428571,ornith_dual-long-prompt
21,44,22,254,5,1,0.2,0.03409090909090909,5.866666666666667,ornith_dual-long-prompt
21,44,22,20,5,1,0.2,0.011363636363636364,17.6,ornith_dual-long-prompt
21,44,22,124,5,1,0.2,0.011363636363636364,17.6,ornith_dual-long-prompt
21,58,22,20,6,1,0.16666666666666666,0.011363636363636364,14.666666666666666,ornith_dual-long-prompt
21,58,22,124,6,1,0.16666666666666666,0.011363636363636364,14.666666666666666,ornith_dual-long-prompt
21,43,22,20,5,1,0.2,0.011363636363636364,17.6,ornith_dual-long-prompt
21,43,22,124,5,1,0.2,0.011363636363636364,17.6,ornith_dual-long-prompt
21,43,22,137,5,1,0.2,0.03409090909090909,5.866666666666667,ornith_dual-long-prompt
22,194,23,154,8,1,0.125,0.011363636363636364,11.0,ornith_dual-long-prompt
22,194,23,46,8,1,0.125,0.011363636363636364,11.0,ornith_dual-long-prompt
22,194,23,176,8,1,0.125,0.011363636363636364,11.0,ornith_dual-long-prompt
22,194,23,197,8,1,0.125,0.011363636363636364,11.0,ornith_dual-long-prompt
22,70,23,154,8,1,0.125,0.011363636363636364,11.0,ornith_dual-long-prompt
22,70,23,46,8,1,0.125,0.011363636363636364,11.0,ornith_dual-long-prompt
22,70,23,176,8,1,0.125,0.011363636363636364,11.0,ornith_dual-long-prompt
22,70,23,197,8,1,0.125,0.011363636363636364,11.0,ornith_dual-long-prompt
22,192,23,154,7,1,0.14285714285714285,0.011363636363636364,12.571428571428571,ornith_dual-long-prompt
22,192,23,46,7,1,0.14285714285714285,0.011363636363636364,12.571428571428571,ornith_dual-long-prompt
22,192,23,176,7,1,0.14285714285714285,0.011363636363636364,12.571428571428571,ornith_dual-long-prompt
22,192,23,197,7,1,0.14285714285714285,0.011363636363636364,12.571428571428571,ornith_dual-long-prompt
22,82,23,154,5,1,0.2,0.011363636363636364,17.6,ornith_dual-long-prompt
22,82,23,46,5,1,0.2,0.011363636363636364,17.6,ornith_dual-long-prompt
22,82,23,176,5,1,0.2,0.011363636363636364,17.6,ornith_dual-long-prompt
22,82,23,197,5,1,0.2,0.011363636363636364,17.6,ornith_dual-long-prompt
23,237,24,221,5,1,0.2,0.056818181818181816,3.5200000000000005,ornith_dual-long-prompt
24,173,25,202,5,1,0.2,0.06818181818181818,2.9333333333333336,ornith_dual-long-prompt
24,173,25,47,5,1,0.2,0.045454545454545456,4.4,ornith_dual-long-prompt
24,107,25,203,5,1,0.2,0.022727272727272728,8.8,ornith_dual-long-prompt
24,107,25,230,5,1,0.2,0.03409090909090909,5.866666666666667,ornith_dual-long-prompt
24,107,25,47,5,1,0.2,0.045454545454545456,4.4,ornith_dual-long-prompt
24,60,25,203,6,1,0.16666666666666666,0.022727272727272728,7.333333333333333,ornith_dual-long-prompt
24,60,25,230,6,1,0.16666666666666666,0.03409090909090909,4.888888888888889,ornith_dual-long-prompt
24,221,25,180,5,1,0.2,0.045454545454545456,4.4,ornith_dual-long-prompt
24,221,25,203,5,1,0.2,0.022727272727272728,8.8,ornith_dual-long-prompt
24,221,25,193,5,1,0.2,0.045454545454545456,4.4,ornith_dual-long-prompt
24,68,25,47,5,1,0.2,0.045454545454545456,4.4,ornith_dual-long-prompt
25,70,26,181,10,1,0.1,0.022727272727272728,4.4,ornith_dual-long-prompt
25,70,26,189,10,1,0.1,0.011363636363636364,8.8,ornith_dual-long-prompt
25,202,26,181,6,1,0.16666666666666666,0.022727272727272728,7.333333333333333,ornith_dual-long-prompt
25,202,26,189,6,1,0.16666666666666666,0.011363636363636364,14.666666666666666,ornith_dual-long-prompt
25,26,26,181,6,1,0.16666666666666666,0.022727272727272728,7.333333333333333,ornith_dual-long-prompt
25,26,26,189,6,1,0.16666666666666666,0.011363636363636364,14.666666666666666,ornith_dual-long-prompt
26,97,27,124,6,1,0.16666666666666666,0.03409090909090909,4.888888888888889,ornith_dual-long-prompt
26,97,27,38,6,1,0.16666666666666666,0.03409090909090909,4.888888888888889,ornith_dual-long-prompt
28,14,29,214,8,1,0.125,0.011363636363636364,11.0,ornith_dual-long-prompt
28,233,29,214,10,1,0.1,0.011363636363636364,8.8,ornith_dual-long-prompt
28,130,29,214,9,1,0.1111111111111111,0.011363636363636364,9.777777777777777,ornith_dual-long-prompt
28,113,29,214,8,1,0.125,0.011363636363636364,11.0,ornith_dual-long-prompt
28,60,29,214,9,1,0.1111111111111111,0.011363636363636364,9.777777777777777,ornith_dual-long-prompt
28,40,29,214,7,1,0.14285714285714285,0.011363636363636364,12.571428571428571,ornith_dual-long-prompt
30,30,31,94,8,1,0.125,0.022727272727272728,5.5,ornith_dual-long-prompt
30,30,31,144,8,1,0.125,0.011363636363636364,11.0,ornith_dual-long-prompt
30,182,31,144,9,1,0.1111111111111111,0.011363636363636364,9.777777777777777,ornith_dual-long-prompt
30,34,31,144,6,1,0.16666666666666666,0.011363636363636364,14.666666666666666,ornith_dual-long-prompt
30,121,31,144,7,1,0.14285714285714285,0.011363636363636364,12.571428571428571,ornith_dual-long-prompt
31,215,32,92,9,1,0.1111111111111111,0.011363636363636364,9.777777777777777,ornith_dual-long-prompt
31,35,32,92,6,1,0.16666666666666666,0.011363636363636364,14.666666666666666,ornith_dual-long-prompt
31,173,32,92,7,1,0.14285714285714285,0.011363636363636364,12.571428571428571,ornith_dual-long-prompt
31,162,32,92,9,1,0.1111111111111111,0.011363636363636364,9.777777777777777,ornith_dual-long-prompt
32,101,33,151,9,1,0.1111111111111111,0.011363636363636364,9.777777777777777,ornith_dual-long-prompt
32,101,33,225,9,1,0.1111111111111111,0.011363636363636364,9.777777777777777,ornith_dual-long-prompt
32,101,33,250,9,1,0.1111111111111111,0.022727272727272728,4.888888888888888,ornith_dual-long-prompt
32,191,33,151,10,1,0.1,0.011363636363636364,8.8,ornith_dual-long-prompt
32,191,33,225,10,1,0.1,0.011363636363636364,8.8,ornith_dual-long-prompt
33,127,34,175,10,1,0.1,0.011363636363636364,8.8,ornith_dual-long-prompt
33,127,34,56,10,1,0.1,0.011363636363636364,8.8,ornith_dual-long-prompt
33,165,34,175,9,1,0.1111111111111111,0.011363636363636364,9.777777777777777,ornith_dual-long-prompt
33,165,34,56,9,1,0.1111111111111111,0.011363636363636364,9.777777777777777,ornith_dual-long-prompt
34,40,35,236,10,1,0.1,0.011363636363636364,8.8,ornith_dual-long-prompt
34,40,35,85,10,1,0.1,0.011363636363636364,8.8,ornith_dual-long-prompt
34,40,35,114,10,1,0.1,0.011363636363636364,8.8,ornith_dual-long-prompt
34,137,35,236,5,1,0.2,0.011363636363636364,17.6,ornith_dual-long-prompt
34,137,35,85,5,1,0.2,0.011363636363636364,17.6,ornith_dual-long-prompt
34,137,35,114,5,1,0.2,0.011363636363636364,17.6,ornith_dual-long-prompt
34,137,35,9,5,1,0.2,0.022727272727272728,8.8,ornith_dual-long-prompt
34,57,35,236,6,1,0.16666666666666666,0.011363636363636364,14.666666666666666,ornith_dual-long-prompt
34,57,35,85,6,1,0.16666666666666666,0.011363636363636364,14.666666666666666,ornith_dual-long-prompt
34,57,35,114,6,1,0.16666666666666666,0.011363636363636364,14.666666666666666,ornith_dual-long-prompt
35,97,36,126,8,1,0.125,0.011363636363636364,11.0,ornith_dual-long-prompt
35,97,36,202,8,1,0.125,0.011363636363636364,11.0,ornith_dual-long-prompt
35,97,36,211,8,1,0.125,0.011363636363636364,11.0,ornith_dual-long-prompt
35,97,36,79,8,1,0.125,0.011363636363636364,11.0,ornith_dual-long-prompt
35,97,36,246,8,1,0.125,0.011363636363636364,11.0,ornith_dual-long-prompt
35,35,36,126,9,1,0.1111111111111111,0.011363636363636364,9.777777777777777,ornith_dual-long-prompt
35,35,36,202,9,1,0.1111111111111111,0.011363636363636364,9.777777777777777,ornith_dual-long-prompt
35,35,36,211,9,1,0.1111111111111111,0.011363636363636364,9.777777777777777,ornith_dual-long-prompt
35,35,36,79,9,1,0.1111111111111111,0.011363636363636364,9.777777777777777,ornith_dual-long-prompt
35,35,36,246,9,1,0.1111111111111111,0.011363636363636364,9.777777777777777,ornith_dual-long-prompt
35,131,36,126,8,1,0.125,0.011363636363636364,11.0,ornith_dual-long-prompt
35,131,36,202,8,1,0.125,0.011363636363636364,11.0,ornith_dual-long-prompt
35,131,36,211,8,1,0.125,0.011363636363636364,11.0,ornith_dual-long-prompt
35,131,36,79,8,1,0.125,0.011363636363636364,11.0,ornith_dual-long-prompt
35,131,36,246,8,1,0.125,0.011363636363636364,11.0,ornith_dual-long-prompt
36,73,37,174,9,1,0.1111111111111111,0.011363636363636364,9.777777777777777,ornith_dual-long-prompt
36,73,37,67,9,1,0.1111111111111111,0.011363636363636364,9.777777777777777,ornith_dual-long-prompt
36,73,37,161,9,1,0.1111111111111111,0.011363636363636364,9.777777777777777,ornith_dual-long-prompt
36,14,37,174,5,1,0.2,0.011363636363636364,17.6,ornith_dual-long-prompt
36,14,37,67,5,1,0.2,0.011363636363636364,17.6,ornith_dual-long-prompt
36,14,37,161,5,1,0.2,0.011363636363636364,17.6,ornith_dual-long-prompt
37,55,38,201,9,1,0.1111111111111111,0.011363636363636364,9.777777777777777,ornith_dual-long-prompt
37,55,38,234,9,1,0.1111111111111111,0.011363636363636364,9.777777777777777,ornith_dual-long-prompt
37,83,38,132,5,1,0.2,0.03409090909090909,5.866666666666667,ornith_dual-long-prompt
37,83,38,201,5,1,0.2,0.011363636363636364,17.6,ornith_dual-long-prompt
37,83,38,234,5,1,0.2,0.011363636363636364,17.6,ornith_dual-long-prompt
37,166,38,201,7,1,0.14285714285714285,0.011363636363636364,12.571428571428571,ornith_dual-long-prompt
37,166,38,234,7,1,0.14285714285714285,0.011363636363636364,12.571428571428571,ornith_dual-long-prompt
37,97,38,201,6,1,0.16666666666666666,0.011363636363636364,14.666666666666666,ornith_dual-long-prompt
37,97,38,234,6,1,0.16666666666666666,0.011363636363636364,14.666666666666666,ornith_dual-long-prompt
37,87,38,201,6,1,0.16666666666666666,0.011363636363636364,14.666666666666666,ornith_dual-long-prompt
37,87,38,234,6,1,0.16666666666666666,0.011363636363636364,14.666666666666666,ornith_dual-long-prompt
38,209,39,246,11,1,0.09090909090909091,0.011363636363636364,8.0,ornith_dual-long-prompt
38,209,39,1,11,1,0.09090909090909091,0.011363636363636364,8.0,ornith_dual-long-prompt
38,209,39,215,11,1,0.09090909090909091,0.011363636363636364,8.0,ornith_dual-long-prompt
38,173,39,246,8,1,0.125,0.011363636363636364,11.0,ornith_dual-long-prompt
38,173,39,1,8,1,0.125,0.011363636363636364,11.0,ornith_dual-long-prompt
38,173,39,215,8,1,0.125,0.011363636363636364,11.0,ornith_dual-long-prompt
38,39,39,246,6,1,0.16666666666666666,0.011363636363636364,14.666666666666666,ornith_dual-long-prompt
38,39,39,1,6,1,0.16666666666666666,0.011363636363636364,14.666666666666666,ornith_dual-long-prompt
38,39,39,138,6,1,0.16666666666666666,0.022727272727272728,7.333333333333333,ornith_dual-long-prompt
38,39,39,219,6,1,0.16666666666666666,0.022727272727272728,7.333333333333333,ornith_dual-long-prompt
38,39,39,108,6,1,0.16666666666666666,0.056818181818181816,2.933333333333333,ornith_dual-long-prompt
38,39,39,215,6,1,0.16666666666666666,0.011363636363636364,14.666666666666666,ornith_dual-long-prompt
38,14,39,246,7,1,0.14285714285714285,0.011363636363636364,12.571428571428571,ornith_dual-long-prompt
38,14,39,1,7,1,0.14285714285714285,0.011363636363636364,12.571428571428571,ornith_dual-long-prompt
38,14,39,138,7,1,0.14285714285714285,0.022727272727272728,6.285714285714286,ornith_dual-long-prompt
38,14,39,219,7,1,0.14285714285714285,0.022727272727272728,6.285714285714286,ornith_dual-long-prompt
38,14,39,215,7,1,0.14285714285714285,0.011363636363636364,12.571428571428571,ornith_dual-long-prompt
1,205,2,154,7,1,0.14285714285714285,0.011363636363636364,12.571428571428571,ornith_dual-long-prompt
1,205,2,224,7,1,0.14285714285714285,0.011363636363636364,12.571428571428571,ornith_dual-long-prompt
1,205,2,111,7,1,0.14285714285714285,0.011363636363636364,12.571428571428571,ornith_dual-long-prompt
1,205,2,251,7,1,0.14285714285714285,0.011363636363636364,12.571428571428571,ornith_dual-long-prompt
1,205,2,28,7,1,0.14285714285714285,0.011363636363636364,12.571428571428571,ornith_dual-long-prompt
1,205,2,85,7,1,0.14285714285714285,0.022727272727272728,6.285714285714286,ornith_dual-long-prompt
1,205,2,226,7,1,0.14285714285714285,0.011363636363636364,12.571428571428571,ornith_dual-long-prompt
3,163,4,112,6,1,0.16666666666666666,0.011363636363636364,14.666666666666666,ornith_dual-long-prompt
3,163,4,163,6,1,0.16666666666666666,0.022727272727272728,7.333333333333333,ornith_dual-long-prompt
3,163,4,97,6,1,0.16666666666666666,0.011363636363636364,14.666666666666666,ornith_dual-long-prompt
4,206,5,42,5,1,0.2,0.022727272727272728,8.8,ornith_dual-long-prompt
4,206,5,60,5,1,0.2,0.022727272727272728,8.8,ornith_dual-long-prompt
4,206,5,173,5,1,0.2,0.022727272727272728,8.8,ornith_dual-long-prompt
5,64,6,40,7,1,0.14285714285714285,0.022727272727272728,6.285714285714286,ornith_dual-long-prompt
5,64,6,78,7,1,0.14285714285714285,0.011363636363636364,12.571428571428571,ornith_dual-long-prompt
5,75,6,40,5,1,0.2,0.022727272727272728,8.8,ornith_dual-long-prompt
5,75,6,78,5,1,0.2,0.011363636363636364,17.6,ornith_dual-long-prompt
5,139,6,40,7,1,0.14285714285714285,0.022727272727272728,6.285714285714286,ornith_dual-long-prompt
5,139,6,78,7,1,0.14285714285714285,0.011363636363636364,12.571428571428571,ornith_dual-long-prompt
6,195,7,147,6,1,0.16666666666666666,0.045454545454545456,3.6666666666666665,ornith_dual-long-prompt
6,195,7,223,6,1,0.16666666666666666,0.011363636363636364,14.666666666666666,ornith_dual-long-prompt
6,195,7,180,6,1,0.16666666666666666,0.011363636363636364,14.666666666666666,ornith_dual-long-prompt
6,242,7,147,5,1,0.2,0.045454545454545456,4.4,ornith_dual-long-prompt
6,242,7,223,5,1,0.2,0.011363636363636364,17.6,ornith_dual-long-prompt
6,242,7,180,5,1,0.2,0.011363636363636364,17.6,ornith_dual-long-prompt
6,9,7,223,5,1,0.2,0.011363636363636364,17.6,ornith_dual-long-prompt
6,9,7,180,5,1,0.2,0.011363636363636364,17.6,ornith_dual-long-prompt
6,149,7,223,8,1,0.125,0.011363636363636364,11.0,ornith_dual-long-prompt
6,149,7,180,8,1,0.125,0.011363636363636364,11.0,ornith_dual-long-prompt
7,130,8,50,5,1,0.2,0.03409090909090909,5.866666666666667,ornith_dual-long-prompt
8,72,9,96,9,1,0.1111111111111111,0.011363636363636364,9.777777777777777,ornith_dual-long-prompt
8,232,9,96,8,1,0.125,0.011363636363636364,11.0,ornith_dual-long-prompt
8,3,9,96,9,1,0.1111111111111111,0.011363636363636364,9.777777777777777,ornith_dual-long-prompt
8,186,9,96,5,1,0.2,0.011363636363636364,17.6,ornith_dual-long-prompt
8,123,9,96,11,1,0.09090909090909091,0.011363636363636364,8.0,ornith_dual-long-prompt
9,162,10,90,5,1,0.2,0.011363636363636364,17.6,ornith_dual-long-prompt
9,162,10,82,5,1,0.2,0.011363636363636364,17.6,ornith_dual-long-prompt
9,162,10,50,5,1,0.2,0.011363636363636364,17.6,ornith_dual-long-prompt
9,95,10,90,11,1,0.09090909090909091,0.011363636363636364,8.0,ornith_dual-long-prompt
9,95,10,82,11,1,0.09090909090909091,0.011363636363636364,8.0,ornith_dual-long-prompt
9,95,10,50,11,1,0.09090909090909091,0.011363636363636364,8.0,ornith_dual-long-prompt
9,99,10,90,8,1,0.125,0.011363636363636364,11.0,ornith_dual-long-prompt
9,99,10,82,8,1,0.125,0.011363636363636364,11.0,ornith_dual-long-prompt
9,99,10,50,8,1,0.125,0.011363636363636364,11.0,ornith_dual-long-prompt
9,121,10,90,6,1,0.16666666666666666,0.011363636363636364,14.666666666666666,ornith_dual-long-prompt
9,121,10,82,6,1,0.16666666666666666,0.011363636363636364,14.666666666666666,ornith_dual-long-prompt
9,121,10,50,6,1,0.16666666666666666,0.011363636363636364,14.666666666666666,ornith_dual-long-prompt
10,70,11,90,10,1,0.1,0.011363636363636364,8.8,ornith_dual-long-prompt
10,194,11,90,10,1,0.1,0.011363636363636364,8.8,ornith_dual-long-prompt
10,124,11,90,6,1,0.16666666666666666,0.011363636363636364,14.666666666666666,ornith_dual-long-prompt
11,101,12,20,6,1,0.16666666666666666,0.011363636363636364,14.666666666666666,ornith_dual-long-prompt
11,237,12,20,7,1,0.14285714285714285,0.011363636363636364,12.571428571428571,ornith_dual-long-prompt
12,173,13,174,6,1,0.16666666666666666,0.011363636363636364,14.666666666666666,ornith_dual-long-prompt
12,60,13,174,9,1,0.1111111111111111,0.011363636363636364,9.777777777777777,ornith_dual-long-prompt
12,107,13,174,6,1,0.16666666666666666,0.011363636363636364,14.666666666666666,ornith_dual-long-prompt
13,70,14,230,9,1,0.1111111111111111,0.011363636363636364,9.777777777777777,ornith_dual-long-prompt
13,224,14,230,6,1,0.16666666666666666,0.011363636363636364,14.666666666666666,ornith_dual-long-prompt
13,120,14,230,9,1,0.1111111111111111,0.011363636363636364,9.777777777777777,ornith_dual-long-prompt
14,225,15,124,9,1,0.1111111111111111,0.011363636363636364,9.777777777777777,ornith_dual-long-prompt
14,225,15,248,9,1,0.1111111111111111,0.011363636363636364,9.777777777777777,ornith_dual-long-prompt
14,225,15,157,9,1,0.1111111111111111,0.022727272727272728,4.888888888888888,ornith_dual-long-prompt
14,12,15,124,7,1,0.14285714285714285,0.011363636363636364,12.571428571428571,ornith_dual-long-prompt
14,12,15,248,7,1,0.14285714285714285,0.011363636363636364,12.571428571428571,ornith_dual-long-prompt
14,12,15,157,7,1,0.14285714285714285,0.022727272727272728,6.285714285714286,ornith_dual-long-prompt
14,12,15,154,7,1,0.14285714285714285,0.022727272727272728,6.285714285714286,ornith_dual-long-prompt
15,6,16,206,7,1,0.14285714285714285,0.011363636363636364,12.571428571428571,ornith_dual-long-prompt
15,126,16,206,6,1,0.16666666666666666,0.011363636363636364,14.666666666666666,ornith_dual-long-prompt
15,82,16,206,5,1,0.2,0.011363636363636364,17.6,ornith_dual-long-prompt
17,248,18,189,8,1,0.125,0.022727272727272728,5.5,ornith_dual-long-prompt
18,30,19,60,8,1,0.125,0.011363636363636364,11.0,ornith_dual-long-prompt
18,195,19,60,7,1,0.14285714285714285,0.011363636363636364,12.571428571428571,ornith_dual-long-prompt
18,182,19,60,8,1,0.125,0.011363636363636364,11.0,ornith_dual-long-prompt
18,209,19,60,6,1,0.16666666666666666,0.011363636363636364,14.666666666666666,ornith_dual-long-prompt
18,34,19,179,8,1,0.125,0.022727272727272728,5.5,ornith_dual-long-prompt
18,34,19,60,8,1,0.125,0.011363636363636364,11.0,ornith_dual-long-prompt
18,121,19,179,5,1,0.2,0.022727272727272728,8.8,ornith_dual-long-prompt
18,121,19,60,5,1,0.2,0.011363636363636364,17.6,ornith_dual-long-prompt
19,215,20,91,9,1,0.1111111111111111,0.011363636363636364,9.777777777777777,ornith_dual-long-prompt
19,215,20,118,9,1,0.1111111111111111,0.011363636363636364,9.777777777777777,ornith_dual-long-prompt
19,239,20,91,7,1,0.14285714285714285,0.011363636363636364,12.571428571428571,ornith_dual-long-prompt
19,239,20,118,7,1,0.14285714285714285,0.011363636363636364,12.571428571428571,ornith_dual-long-prompt
19,23,20,91,6,1,0.16666666666666666,0.011363636363636364,14.666666666666666,ornith_dual-long-prompt
19,23,20,118,6,1,0.16666666666666666,0.011363636363636364,14.666666666666666,ornith_dual-long-prompt
19,37,20,91,5,1,0.2,0.011363636363636364,17.6,ornith_dual-long-prompt
19,37,20,118,5,1,0.2,0.011363636363636364,17.6,ornith_dual-long-prompt
20,172,21,96,7,1,0.14285714285714285,0.011363636363636364,12.571428571428571,ornith_dual-long-prompt
20,50,21,96,6,1,0.16666666666666666,0.011363636363636364,14.666666666666666,ornith_dual-long-prompt
20,3,21,96,8,1,0.125,0.011363636363636364,11.0,ornith_dual-long-prompt
20,72,21,219,9,1,0.1111111111111111,0.022727272727272728,4.888888888888888,ornith_dual-long-prompt
20,72,21,96,9,1,0.1111111111111111,0.011363636363636364,9.777777777777777,ornith_dual-long-prompt
20,186,21,96,5,1,0.2,0.011363636363636364,17.6,ornith_dual-long-prompt
21,95,22,0,10,1,0.1,0.011363636363636364,8.8,ornith_dual-long-prompt
21,95,22,7,10,1,0.1,0.011363636363636364,8.8,ornith_dual-long-prompt
21,95,22,90,10,1,0.1,0.022727272727272728,4.4,ornith_dual-long-prompt
21,128,22,0,7,1,0.14285714285714285,0.011363636363636364,12.571428571428571,ornith_dual-long-prompt
21,128,22,7,7,1,0.14285714285714285,0.011363636363636364,12.571428571428571,ornith_dual-long-prompt
21,128,22,90,7,1,0.14285714285714285,0.022727272727272728,6.285714285714286,ornith_dual-long-prompt
21,58,22,0,6,1,0.16666666666666666,0.011363636363636364,14.666666666666666,ornith_dual-long-prompt
21,58,22,7,6,1,0.16666666666666666,0.011363636363636364,14.666666666666666,ornith_dual-long-prompt
21,58,22,90,6,1,0.16666666666666666,0.022727272727272728,7.333333333333333,ornith_dual-long-prompt
21,43,22,0,5,1,0.2,0.011363636363636364,17.6,ornith_dual-long-prompt
21,43,22,7,5,1,0.2,0.011363636363636364,17.6,ornith_dual-long-prompt
21,43,22,90,5,1,0.2,0.022727272727272728,8.8,ornith_dual-long-prompt
21,44,22,0,5,1,0.2,0.011363636363636364,17.6,ornith_dual-long-prompt
21,44,22,123,5,1,0.2,0.03409090909090909,5.866666666666667,ornith_dual-long-prompt
21,44,22,7,5,1,0.2,0.011363636363636364,17.6,ornith_dual-long-prompt
21,44,22,90,5,1,0.2,0.022727272727272728,8.8,ornith_dual-long-prompt
22,70,23,92,8,1,0.125,0.022727272727272728,5.5,ornith_dual-long-prompt
22,70,23,34,8,1,0.125,0.011363636363636364,11.0,ornith_dual-long-prompt
22,82,23,34,5,1,0.2,0.011363636363636364,17.6,ornith_dual-long-prompt
22,194,23,92,8,1,0.125,0.022727272727272728,5.5,ornith_dual-long-prompt
22,194,23,34,8,1,0.125,0.011363636363636364,11.0,ornith_dual-long-prompt
22,192,23,34,7,1,0.14285714285714285,0.011363636363636364,12.571428571428571,ornith_dual-long-prompt
23,237,24,105,5,1,0.2,0.011363636363636364,17.6,ornith_dual-long-prompt
23,24,24,105,5,1,0.2,0.011363636363636364,17.6,ornith_dual-long-prompt
24,1,25,224,8,1,0.125,0.022727272727272728,5.5,ornith_dual-long-prompt
24,1,25,136,8,1,0.125,0.022727272727272728,5.5,ornith_dual-long-prompt
24,1,25,110,8,1,0.125,0.022727272727272728,5.5,ornith_dual-long-prompt
24,1,25,117,8,1,0.125,0.03409090909090909,3.666666666666667,ornith_dual-long-prompt
24,60,25,224,6,1,0.16666666666666666,0.022727272727272728,7.333333333333333,ornith_dual-long-prompt
24,68,25,136,5,1,0.2,0.022727272727272728,8.8,ornith_dual-long-prompt
24,68,25,110,5,1,0.2,0.022727272727272728,8.8,ornith_dual-long-prompt
25,70,26,230,10,1,0.1,0.011363636363636364,8.8,ornith_dual-long-prompt
25,194,26,230,5,1,0.2,0.011363636363636364,17.6,ornith_dual-long-prompt
25,26,26,230,6,1,0.16666666666666666,0.011363636363636364,14.666666666666666,ornith_dual-long-prompt
26,12,27,126,7,1,0.14285714285714285,0.011363636363636364,12.571428571428571,ornith_dual-long-prompt
26,12,27,83,7,1,0.14285714285714285,0.03409090909090909,4.190476190476191,ornith_dual-long-prompt
26,225,27,126,8,1,0.125,0.011363636363636364,11.0,ornith_dual-long-prompt
26,119,27,126,7,1,0.14285714285714285,0.011363636363636364,12.571428571428571,ornith_dual-long-prompt
26,105,27,126,8,1,0.125,0.011363636363636364,11.0,ornith_dual-long-prompt
26,105,27,83,8,1,0.125,0.03409090909090909,3.666666666666667,ornith_dual-long-prompt
27,6,28,164,7,1,0.14285714285714285,0.011363636363636364,12.571428571428571,ornith_dual-long-prompt
27,218,28,164,7,1,0.14285714285714285,0.011363636363636364,12.571428571428571,ornith_dual-long-prompt
27,85,28,164,7,1,0.14285714285714285,0.011363636363636364,12.571428571428571,ornith_dual-long-prompt
29,100,30,24,6,1,0.16666666666666666,0.022727272727272728,7.333333333333333,ornith_dual-long-prompt
29,100,30,189,6,1,0.16666666666666666,0.03409090909090909,4.888888888888889,ornith_dual-long-prompt
30,30,31,179,8,1,0.125,0.011363636363636364,11.0,ornith_dual-long-prompt
30,182,31,179,9,1,0.1111111111111111,0.011363636363636364,9.777777777777777,ornith_dual-long-prompt
30,34,31,179,6,1,0.16666666666666666,0.011363636363636364,14.666666666666666,ornith_dual-long-prompt
30,121,31,179,7,1,0.14285714285714285,0.011363636363636364,12.571428571428571,ornith_dual-long-prompt
31,215,32,86,9,1,0.1111111111111111,0.011363636363636364,9.777777777777777,ornith_dual-long-prompt
31,215,32,64,9,1,0.1111111111111111,0.011363636363636364,9.777777777777777,ornith_dual-long-prompt
31,173,32,86,7,1,0.14285714285714285,0.011363636363636364,12.571428571428571,ornith_dual-long-prompt
31,173,32,64,7,1,0.14285714285714285,0.011363636363636364,12.571428571428571,ornith_dual-long-prompt
31,173,32,205,7,1,0.14285714285714285,0.022727272727272728,6.285714285714286,ornith_dual-long-prompt
31,162,32,86,9,1,0.1111111111111111,0.011363636363636364,9.777777777777777,ornith_dual-long-prompt
31,162,32,64,9,1,0.1111111111111111,0.011363636363636364,9.777777777777777,ornith_dual-long-prompt
32,191,33,36,10,1,0.1,0.011363636363636364,8.8,ornith_dual-long-prompt
32,191,33,97,10,1,0.1,0.011363636363636364,8.8,ornith_dual-long-prompt
32,191,33,37,10,1,0.1,0.011363636363636364,8.8,ornith_dual-long-prompt
32,101,33,36,9,1,0.1111111111111111,0.011363636363636364,9.777777777777777,ornith_dual-long-prompt
32,101,33,97,9,1,0.1111111111111111,0.011363636363636364,9.777777777777777,ornith_dual-long-prompt
32,101,33,37,9,1,0.1111111111111111,0.011363636363636364,9.777777777777777,ornith_dual-long-prompt
32,27,33,36,6,1,0.16666666666666666,0.011363636363636364,14.666666666666666,ornith_dual-long-prompt
32,27,33,97,6,1,0.16666666666666666,0.011363636363636364,14.666666666666666,ornith_dual-long-prompt
32,27,33,118,6,1,0.16666666666666666,0.022727272727272728,7.333333333333333,ornith_dual-long-prompt
32,27,33,37,6,1,0.16666666666666666,0.011363636363636364,14.666666666666666,ornith_dual-long-prompt
33,165,34,90,9,1,0.1111111111111111,0.011363636363636364,9.777777777777777,ornith_dual-long-prompt
33,165,34,255,9,1,0.1111111111111111,0.011363636363636364,9.777777777777777,ornith_dual-long-prompt
33,165,34,212,9,1,0.1111111111111111,0.011363636363636364,9.777777777777777,ornith_dual-long-prompt
33,127,34,90,10,1,0.1,0.011363636363636364,8.8,ornith_dual-long-prompt
33,127,34,255,10,1,0.1,0.011363636363636364,8.8,ornith_dual-long-prompt
33,127,34,212,10,1,0.1,0.011363636363636364,8.8,ornith_dual-long-prompt
33,127,34,236,10,1,0.1,0.022727272727272728,4.4,ornith_dual-long-prompt
34,40,35,49,10,1,0.1,0.011363636363636364,8.8,ornith_dual-long-prompt
34,40,35,44,10,1,0.1,0.011363636363636364,8.8,ornith_dual-long-prompt
34,137,35,49,5,1,0.2,0.011363636363636364,17.6,ornith_dual-long-prompt
34,137,35,44,5,1,0.2,0.011363636363636364,17.6,ornith_dual-long-prompt
35,35,36,147,9,1,0.1111111111111111,0.011363636363636364,9.777777777777777,ornith_dual-long-prompt
35,35,36,234,9,1,0.1111111111111111,0.011363636363636364,9.777777777777777,ornith_dual-long-prompt
35,35,36,32,9,1,0.1111111111111111,0.011363636363636364,9.777777777777777,ornith_dual-long-prompt
35,35,36,28,9,1,0.1111111111111111,0.011363636363636364,9.777777777777777,ornith_dual-long-prompt
35,97,36,147,8,1,0.125,0.011363636363636364,11.0,ornith_dual-long-prompt
35,97,36,234,8,1,0.125,0.011363636363636364,11.0,ornith_dual-long-prompt
35,97,36,32,8,1,0.125,0.011363636363636364,11.0,ornith_dual-long-prompt
35,97,36,28,8,1,0.125,0.011363636363636364,11.0,ornith_dual-long-prompt
35,131,36,147,8,1,0.125,0.011363636363636364,11.0,ornith_dual-long-prompt
35,131,36,234,8,1,0.125,0.011363636363636364,11.0,ornith_dual-long-prompt
35,131,36,32,8,1,0.125,0.011363636363636364,11.0,ornith_dual-long-prompt
35,131,36,28,8,1,0.125,0.011363636363636364,11.0,ornith_dual-long-prompt
36,73,37,193,9,1,0.1111111111111111,0.011363636363636364,9.777777777777777,ornith_dual-long-prompt
36,73,37,233,9,1,0.1111111111111111,0.011363636363636364,9.777777777777777,ornith_dual-long-prompt
36,14,37,193,5,1,0.2,0.011363636363636364,17.6,ornith_dual-long-prompt
36,14,37,233,5,1,0.2,0.011363636363636364,17.6,ornith_dual-long-prompt
36,77,37,193,5,1,0.2,0.011363636363636364,17.6,ornith_dual-long-prompt
36,77,37,233,5,1,0.2,0.011363636363636364,17.6,ornith_dual-long-prompt
36,18,37,193,7,1,0.14285714285714285,0.011363636363636364,12.571428571428571,ornith_dual-long-prompt
36,18,37,233,7,1,0.14285714285714285,0.011363636363636364,12.571428571428571,ornith_dual-long-prompt
37,55,38,88,9,1,0.1111111111111111,0.011363636363636364,9.777777777777777,ornith_dual-long-prompt
37,55,38,139,9,1,0.1111111111111111,0.011363636363636364,9.777777777777777,ornith_dual-long-prompt
37,166,38,88,7,1,0.14285714285714285,0.011363636363636364,12.571428571428571,ornith_dual-long-prompt
37,166,38,139,7,1,0.14285714285714285,0.011363636363636364,12.571428571428571,ornith_dual-long-prompt
37,83,38,88,5,1,0.2,0.011363636363636364,17.6,ornith_dual-long-prompt
37,83,38,215,5,1,0.2,0.022727272727272728,8.8,ornith_dual-long-prompt
37,83,38,139,5,1,0.2,0.011363636363636364,17.6,ornith_dual-long-prompt
37,87,38,88,6,1,0.16666666666666666,0.011363636363636364,14.666666666666666,ornith_dual-long-prompt
37,87,38,215,6,1,0.16666666666666666,0.022727272727272728,7.333333333333333,ornith_dual-long-prompt
37,87,38,139,6,1,0.16666666666666666,0.011363636363636364,14.666666666666666,ornith_dual-long-prompt
37,99,38,88,5,1,0.2,0.011363636363636364,17.6,ornith_dual-long-prompt
37,99,38,215,5,1,0.2,0.022727272727272728,8.8,ornith_dual-long-prompt
37,99,38,139,5,1,0.2,0.011363636363636364,17.6,ornith_dual-long-prompt
37,97,38,88,6,1,0.16666666666666666,0.011363636363636364,14.666666666666666,ornith_dual-long-prompt
37,97,38,139,6,1,0.16666666666666666,0.011363636363636364,14.666666666666666,ornith_dual-long-prompt
38,209,39,158,11,1,0.09090909090909091,0.011363636363636364,8.0,ornith_dual-long-prompt
38,209,39,127,11,1,0.09090909090909091,0.011363636363636364,8.0,ornith_dual-long-prompt
38,173,39,158,8,1,0.125,0.011363636363636364,11.0,ornith_dual-long-prompt
38,173,39,127,8,1,0.125,0.011363636363636364,11.0,ornith_dual-long-prompt
38,39,39,158,6,1,0.16666666666666666,0.011363636363636364,14.666666666666666,ornith_dual-long-prompt
38,39,39,129,6,1,0.16666666666666666,0.022727272727272728,7.333333333333333,ornith_dual-long-prompt
38,39,39,127,6,1,0.16666666666666666,0.011363636363636364,14.666666666666666,ornith_dual-long-prompt
38,14,39,158,7,1,0.14285714285714285,0.011363636363636364,12.571428571428571,ornith_dual-long-prompt
38,14,39,129,7,1,0.14285714285714285,0.022727272727272728,6.285714285714286,ornith_dual-long-prompt
38,14,39,127,7,1,0.14285714285714285,0.011363636363636364,12.571428571428571,ornith_dual-long-prompt
1,205,2,73,7,1,0.14285714285714285,0.011363636363636364,12.571428571428571,ornith_dual-long-prompt
1,205,2,69,7,1,0.14285714285714285,0.022727272727272728,6.285714285714286,ornith_dual-long-prompt
1,205,2,123,7,1,0.14285714285714285,0.011363636363636364,12.571428571428571,ornith_dual-long-prompt
1,205,2,197,7,1,0.14285714285714285,0.022727272727272728,6.285714285714286,ornith_dual-long-prompt
1,205,2,179,7,1,0.14285714285714285,0.011363636363636364,12.571428571428571,ornith_dual-long-prompt
1,205,2,220,7,1,0.14285714285714285,0.011363636363636364,12.571428571428571,ornith_dual-long-prompt
1,205,2,0,7,1,0.14285714285714285,0.022727272727272728,6.285714285714286,ornith_dual-long-prompt
3,163,4,55,6,1,0.16666666666666666,0.022727272727272728,7.333333333333333,ornith_dual-long-prompt
4,30,5,60,8,1,0.125,0.022727272727272728,5.5,ornith_dual-long-prompt
5,139,6,250,7,1,0.14285714285714285,0.011363636363636364,12.571428571428571,ornith_dual-long-prompt
5,139,6,119,7,1,0.14285714285714285,0.011363636363636364,12.571428571428571,ornith_dual-long-prompt
5,75,6,250,5,1,0.2,0.011363636363636364,17.6,ornith_dual-long-prompt
5,75,6,119,5,1,0.2,0.011363636363636364,17.6,ornith_dual-long-prompt
5,46,6,174,7,1,0.14285714285714285,0.03409090909090909,4.190476190476191,ornith_dual-long-prompt
5,46,6,250,7,1,0.14285714285714285,0.011363636363636364,12.571428571428571,ornith_dual-long-prompt
5,46,6,119,7,1,0.14285714285714285,0.011363636363636364,12.571428571428571,ornith_dual-long-prompt
5,64,6,250,7,1,0.14285714285714285,0.011363636363636364,12.571428571428571,ornith_dual-long-prompt
5,64,6,119,7,1,0.14285714285714285,0.011363636363636364,12.571428571428571,ornith_dual-long-prompt
6,9,7,243,5,1,0.2,0.011363636363636364,17.6,ornith_dual-long-prompt
6,9,7,210,5,1,0.2,0.011363636363636364,17.6,ornith_dual-long-prompt
6,149,7,243,8,1,0.125,0.011363636363636364,11.0,ornith_dual-long-prompt
6,149,7,210,8,1,0.125,0.011363636363636364,11.0,ornith_dual-long-prompt
6,242,7,243,5,1,0.2,0.011363636363636364,17.6,ornith_dual-long-prompt
6,242,7,210,5,1,0.2,0.011363636363636364,17.6,ornith_dual-long-prompt
7,95,8,38,8,1,0.125,0.011363636363636364,11.0,ornith_dual-long-prompt
7,95,8,112,8,1,0.125,0.011363636363636364,11.0,ornith_dual-long-prompt
7,245,8,38,10,1,0.1,0.011363636363636364,8.8,ornith_dual-long-prompt
7,245,8,112,10,1,0.1,0.011363636363636364,8.8,ornith_dual-long-prompt
7,116,8,38,9,1,0.1111111111111111,0.011363636363636364,9.777777777777777,ornith_dual-long-prompt
7,116,8,112,9,1,0.1111111111111111,0.011363636363636364,9.777777777777777,ornith_dual-long-prompt
7,166,8,38,7,1,0.14285714285714285,0.011363636363636364,12.571428571428571,ornith_dual-long-prompt
7,166,8,112,7,1,0.14285714285714285,0.011363636363636364,12.571428571428571,ornith_dual-long-prompt
7,130,8,38,5,1,0.2,0.011363636363636364,17.6,ornith_dual-long-prompt
7,130,8,112,5,1,0.2,0.011363636363636364,17.6,ornith_dual-long-prompt
8,72,9,19,9,1,0.1111111111111111,0.011363636363636364,9.777777777777777,ornith_dual-long-prompt
8,72,9,105,9,1,0.1111111111111111,0.011363636363636364,9.777777777777777,ornith_dual-long-prompt
8,72,9,145,9,1,0.1111111111111111,0.011363636363636364,9.777777777777777,ornith_dual-long-prompt
8,72,9,86,9,1,0.1111111111111111,0.011363636363636364,9.777777777777777,ornith_dual-long-prompt
8,232,9,19,8,1,0.125,0.011363636363636364,11.0,ornith_dual-long-prompt
8,232,9,105,8,1,0.125,0.011363636363636364,11.0,ornith_dual-long-prompt
8,232,9,145,8,1,0.125,0.011363636363636364,11.0,ornith_dual-long-prompt
8,232,9,86,8,1,0.125,0.011363636363636364,11.0,ornith_dual-long-prompt
8,3,9,19,9,1,0.1111111111111111,0.011363636363636364,9.777777777777777,ornith_dual-long-prompt
8,3,9,105,9,1,0.1111111111111111,0.011363636363636364,9.777777777777777,ornith_dual-long-prompt
8,3,9,145,9,1,0.1111111111111111,0.011363636363636364,9.777777777777777,ornith_dual-long-prompt
8,3,9,86,9,1,0.1111111111111111,0.011363636363636364,9.777777777777777,ornith_dual-long-prompt
8,186,9,19,5,1,0.2,0.011363636363636364,17.6,ornith_dual-long-prompt
8,186,9,105,5,1,0.2,0.011363636363636364,17.6,ornith_dual-long-prompt
8,186,9,145,5,1,0.2,0.011363636363636364,17.6,ornith_dual-long-prompt
8,186,9,86,5,1,0.2,0.011363636363636364,17.6,ornith_dual-long-prompt
8,123,9,19,11,1,0.09090909090909091,0.011363636363636364,8.0,ornith_dual-long-prompt
8,123,9,105,11,1,0.09090909090909091,0.011363636363636364,8.0,ornith_dual-long-prompt
8,123,9,145,11,1,0.09090909090909091,0.011363636363636364,8.0,ornith_dual-long-prompt
8,123,9,86,11,1,0.09090909090909091,0.011363636363636364,8.0,ornith_dual-long-prompt
9,162,10,7,5,1,0.2,0.011363636363636364,17.6,ornith_dual-long-prompt
9,162,10,163,5,1,0.2,0.011363636363636364,17.6,ornith_dual-long-prompt
9,162,10,240,5,1,0.2,0.022727272727272728,8.8,ornith_dual-long-prompt
9,162,10,60,5,1,0.2,0.011363636363636364,17.6,ornith_dual-long-prompt
9,95,10,7,11,1,0.09090909090909091,0.011363636363636364,8.0,ornith_dual-long-prompt
9,95,10,163,11,1,0.09090909090909091,0.011363636363636364,8.0,ornith_dual-long-prompt
9,95,10,60,11,1,0.09090909090909091,0.011363636363636364,8.0,ornith_dual-long-prompt
9,121,10,7,6,1,0.16666666666666666,0.011363636363636364,14.666666666666666,ornith_dual-long-prompt
9,121,10,163,6,1,0.16666666666666666,0.011363636363636364,14.666666666666666,ornith_dual-long-prompt
9,121,10,240,6,1,0.16666666666666666,0.022727272727272728,7.333333333333333,ornith_dual-long-prompt
9,121,10,60,6,1,0.16666666666666666,0.011363636363636364,14.666666666666666,ornith_dual-long-prompt
9,99,10,7,8,1,0.125,0.011363636363636364,11.0,ornith_dual-long-prompt
9,99,10,163,8,1,0.125,0.011363636363636364,11.0,ornith_dual-long-prompt
9,99,10,240,8,1,0.125,0.022727272727272728,5.5,ornith_dual-long-prompt
9,99,10,60,8,1,0.125,0.011363636363636364,11.0,ornith_dual-long-prompt
10,70,11,2,10,1,0.1,0.011363636363636364,8.8,ornith_dual-long-prompt
10,70,11,18,10,1,0.1,0.011363636363636364,8.8,ornith_dual-long-prompt
10,70,11,153,10,1,0.1,0.011363636363636364,8.8,ornith_dual-long-prompt
10,194,11,2,10,1,0.1,0.011363636363636364,8.8,ornith_dual-long-prompt
10,194,11,18,10,1,0.1,0.011363636363636364,8.8,ornith_dual-long-prompt
10,194,11,153,10,1,0.1,0.011363636363636364,8.8,ornith_dual-long-prompt
10,184,11,2,5,1,0.2,0.011363636363636364,17.6,ornith_dual-long-prompt
10,184,11,18,5,1,0.2,0.011363636363636364,17.6,ornith_dual-long-prompt
10,184,11,153,5,1,0.2,0.011363636363636364,17.6,ornith_dual-long-prompt
10,184,11,246,5,1,0.2,0.03409090909090909,5.866666666666667,ornith_dual-long-prompt
10,124,11,2,6,1,0.16666666666666666,0.011363636363636364,14.666666666666666,ornith_dual-long-prompt
10,124,11,18,6,1,0.16666666666666666,0.011363636363636364,14.666666666666666,ornith_dual-long-prompt
10,124,11,212,6,1,0.16666666666666666,0.03409090909090909,4.888888888888889,ornith_dual-long-prompt
10,124,11,153,6,1,0.16666666666666666,0.011363636363636364,14.666666666666666,ornith_dual-long-prompt
11,237,12,233,7,1,0.14285714285714285,0.011363636363636364,12.571428571428571,ornith_dual-long-prompt
11,101,12,233,6,1,0.16666666666666666,0.011363636363636364,14.666666666666666,ornith_dual-long-prompt
12,173,13,200,6,1,0.16666666666666666,0.011363636363636364,14.666666666666666,ornith_dual-long-prompt
12,173,13,163,6,1,0.16666666666666666,0.011363636363636364,14.666666666666666,ornith_dual-long-prompt
12,173,13,2,6,1,0.16666666666666666,0.011363636363636364,14.666666666666666,ornith_dual-long-prompt
12,42,13,200,8,1,0.125,0.011363636363636364,11.0,ornith_dual-long-prompt
12,42,13,163,8,1,0.125,0.011363636363636364,11.0,ornith_dual-long-prompt
12,42,13,2,8,1,0.125,0.011363636363636364,11.0,ornith_dual-long-prompt
12,107,13,200,6,1,0.16666666666666666,0.011363636363636364,14.666666666666666,ornith_dual-long-prompt
12,107,13,163,6,1,0.16666666666666666,0.011363636363636364,14.666666666666666,ornith_dual-long-prompt
12,107,13,2,6,1,0.16666666666666666,0.011363636363636364,14.666666666666666,ornith_dual-long-prompt
12,60,13,200,9,1,0.1111111111111111,0.011363636363636364,9.777777777777777,ornith_dual-long-prompt
12,60,13,163,9,1,0.1111111111111111,0.011363636363636364,9.777777777777777,ornith_dual-long-prompt
12,60,13,2,9,1,0.1111111111111111,0.011363636363636364,9.777777777777777,ornith_dual-long-prompt
13,70,14,191,9,1,0.1111111111111111,0.022727272727272728,4.888888888888888,ornith_dual-long-prompt
13,70,14,29,9,1,0.1111111111111111,0.011363636363636364,9.777777777777777,ornith_dual-long-prompt
13,120,14,191,9,1,0.1111111111111111,0.022727272727272728,4.888888888888888,ornith_dual-long-prompt
13,120,14,29,9,1,0.1111111111111111,0.011363636363636364,9.777777777777777,ornith_dual-long-prompt
13,224,14,191,6,1,0.16666666666666666,0.022727272727272728,7.333333333333333,ornith_dual-long-prompt
13,224,14,29,6,1,0.16666666666666666,0.011363636363636364,14.666666666666666,ornith_dual-long-prompt
14,225,15,241,9,1,0.1111111111111111,0.011363636363636364,9.777777777777777,ornith_dual-long-prompt
14,225,15,38,9,1,0.1111111111111111,0.011363636363636364,9.777777777777777,ornith_dual-long-prompt
14,225,15,103,9,1,0.1111111111111111,0.011363636363636364,9.777777777777777,ornith_dual-long-prompt
14,225,15,45,9,1,0.1111111111111111,0.011363636363636364,9.777777777777777,ornith_dual-long-prompt
14,12,15,241,7,1,0.14285714285714285,0.011363636363636364,12.571428571428571,ornith_dual-long-prompt
14,12,15,38,7,1,0.14285714285714285,0.011363636363636364,12.571428571428571,ornith_dual-long-prompt
14,12,15,103,7,1,0.14285714285714285,0.011363636363636364,12.571428571428571,ornith_dual-long-prompt
14,12,15,45,7,1,0.14285714285714285,0.011363636363636364,12.571428571428571,ornith_dual-long-prompt
15,126,16,78,6,1,0.16666666666666666,0.011363636363636364,14.666666666666666,ornith_dual-long-prompt
15,126,16,241,6,1,0.16666666666666666,0.011363636363636364,14.666666666666666,ornith_dual-long-prompt
15,6,16,78,7,1,0.14285714285714285,0.011363636363636364,12.571428571428571,ornith_dual-long-prompt
15,6,16,241,7,1,0.14285714285714285,0.011363636363636364,12.571428571428571,ornith_dual-long-prompt
15,82,16,78,5,1,0.2,0.011363636363636364,17.6,ornith_dual-long-prompt
15,82,16,241,5,1,0.2,0.011363636363636364,17.6,ornith_dual-long-prompt
16,60,17,128,10,1,0.1,0.011363636363636364,8.8,ornith_dual-long-prompt
16,60,17,247,10,1,0.1,0.011363636363636364,8.8,ornith_dual-long-prompt
16,233,17,128,10,1,0.1,0.011363636363636364,8.8,ornith_dual-long-prompt
16,233,17,247,10,1,0.1,0.011363636363636364,8.8,ornith_dual-long-prompt
16,234,17,128,5,1,0.2,0.011363636363636364,17.6,ornith_dual-long-prompt
16,234,17,247,5,1,0.2,0.011363636363636364,17.6,ornith_dual-long-prompt
16,40,17,128,8,1,0.125,0.011363636363636364,11.0,ornith_dual-long-prompt
16,40,17,247,8,1,0.125,0.011363636363636364,11.0,ornith_dual-long-prompt
16,14,17,128,8,1,0.125,0.011363636363636364,11.0,ornith_dual-long-prompt
16,14,17,247,8,1,0.125,0.011363636363636364,11.0,ornith_dual-long-prompt
17,71,18,38,8,1,0.125,0.011363636363636364,11.0,ornith_dual-long-prompt
17,71,18,20,8,1,0.125,0.011363636363636364,11.0,ornith_dual-long-prompt
17,232,18,38,6,1,0.16666666666666666,0.011363636363636364,14.666666666666666,ornith_dual-long-prompt
17,232,18,20,6,1,0.16666666666666666,0.011363636363636364,14.666666666666666,ornith_dual-long-prompt
17,144,18,38,7,1,0.14285714285714285,0.011363636363636364,12.571428571428571,ornith_dual-long-prompt
17,144,18,20,7,1,0.14285714285714285,0.011363636363636364,12.571428571428571,ornith_dual-long-prompt
17,100,18,38,9,1,0.1111111111111111,0.011363636363636364,9.777777777777777,ornith_dual-long-prompt
17,100,18,20,9,1,0.1111111111111111,0.011363636363636364,9.777777777777777,ornith_dual-long-prompt
18,30,19,185,8,1,0.125,0.011363636363636364,11.0,ornith_dual-long-prompt
18,30,19,118,8,1,0.125,0.011363636363636364,11.0,ornith_dual-long-prompt
18,195,19,185,7,1,0.14285714285714285,0.011363636363636364,12.571428571428571,ornith_dual-long-prompt
18,195,19,118,7,1,0.14285714285714285,0.011363636363636364,12.571428571428571,ornith_dual-long-prompt
18,182,19,185,8,1,0.125,0.011363636363636364,11.0,ornith_dual-long-prompt
18,182,19,118,8,1,0.125,0.011363636363636364,11.0,ornith_dual-long-prompt
18,209,19,185,6,1,0.16666666666666666,0.011363636363636364,14.666666666666666,ornith_dual-long-prompt
18,209,19,118,6,1,0.16666666666666666,0.011363636363636364,14.666666666666666,ornith_dual-long-prompt
19,215,20,112,9,1,0.1111111111111111,0.011363636363636364,9.777777777777777,ornith_dual-long-prompt
19,23,20,112,6,1,0.16666666666666666,0.011363636363636364,14.666666666666666,ornith_dual-long-prompt
19,239,20,112,7,1,0.14285714285714285,0.011363636363636364,12.571428571428571,ornith_dual-long-prompt
19,37,20,112,5,1,0.2,0.011363636363636364,17.6,ornith_dual-long-prompt
20,172,21,19,7,1,0.14285714285714285,0.011363636363636364,12.571428571428571,ornith_dual-long-prompt
20,50,21,19,6,1,0.16666666666666666,0.011363636363636364,14.666666666666666,ornith_dual-long-prompt
20,3,21,19,8,1,0.125,0.011363636363636364,11.0,ornith_dual-long-prompt
20,186,21,19,5,1,0.2,0.011363636363636364,17.6,ornith_dual-long-prompt
21,95,22,140,10,1,0.1,0.011363636363636364,8.8,ornith_dual-long-prompt
21,95,22,97,10,1,0.1,0.011363636363636364,8.8,ornith_dual-long-prompt
21,95,22,95,10,1,0.1,0.011363636363636364,8.8,ornith_dual-long-prompt
21,58,22,60,6,1,0.16666666666666666,0.022727272727272728,7.333333333333333,ornith_dual-long-prompt
21,58,22,140,6,1,0.16666666666666666,0.011363636363636364,14.666666666666666,ornith_dual-long-prompt
21,58,22,97,6,1,0.16666666666666666,0.011363636363636364,14.666666666666666,ornith_dual-long-prompt
21,58,22,95,6,1,0.16666666666666666,0.011363636363636364,14.666666666666666,ornith_dual-long-prompt
21,43,22,60,5,1,0.2,0.022727272727272728,8.8,ornith_dual-long-prompt
21,43,22,140,5,1,0.2,0.011363636363636364,17.6,ornith_dual-long-prompt
21,43,22,97,5,1,0.2,0.011363636363636364,17.6,ornith_dual-long-prompt
21,43,22,95,5,1,0.2,0.011363636363636364,17.6,ornith_dual-long-prompt
21,128,22,140,7,1,0.14285714285714285,0.011363636363636364,12.571428571428571,ornith_dual-long-prompt
21,128,22,97,7,1,0.14285714285714285,0.011363636363636364,12.571428571428571,ornith_dual-long-prompt
21,128,22,95,7,1,0.14285714285714285,0.011363636363636364,12.571428571428571,ornith_dual-long-prompt
22,192,23,104,7,1,0.14285714285714285,0.011363636363636364,12.571428571428571,ornith_dual-long-prompt
22,192,23,18,7,1,0.14285714285714285,0.011363636363636364,12.571428571428571,ornith_dual-long-prompt
22,70,23,104,8,1,0.125,0.011363636363636364,11.0,ornith_dual-long-prompt
22,70,23,18,8,1,0.125,0.011363636363636364,11.0,ornith_dual-long-prompt
22,82,23,104,5,1,0.2,0.011363636363636364,17.6,ornith_dual-long-prompt
22,82,23,18,5,1,0.2,0.011363636363636364,17.6,ornith_dual-long-prompt
22,194,23,104,8,1,0.125,0.011363636363636364,11.0,ornith_dual-long-prompt
22,194,23,18,8,1,0.125,0.011363636363636364,11.0,ornith_dual-long-prompt
23,237,24,195,5,1,0.2,0.011363636363636364,17.6,ornith_dual-long-prompt
23,237,24,98,5,1,0.2,0.011363636363636364,17.6,ornith_dual-long-prompt
23,237,24,233,5,1,0.2,0.011363636363636364,17.6,ornith_dual-long-prompt
23,237,24,200,5,1,0.2,0.011363636363636364,17.6,ornith_dual-long-prompt
23,237,24,22,5,1,0.2,0.011363636363636364,17.6,ornith_dual-long-prompt
23,24,24,195,5,1,0.2,0.011363636363636364,17.6,ornith_dual-long-prompt
23,24,24,98,5,1,0.2,0.011363636363636364,17.6,ornith_dual-long-prompt
23,24,24,233,5,1,0.2,0.011363636363636364,17.6,ornith_dual-long-prompt
23,24,24,200,5,1,0.2,0.011363636363636364,17.6,ornith_dual-long-prompt
23,24,24,22,5,1,0.2,0.011363636363636364,17.6,ornith_dual-long-prompt
24,173,25,174,5,1,0.2,0.011363636363636364,17.6,ornith_dual-long-prompt
24,107,25,174,5,1,0.2,0.011363636363636364,17.6,ornith_dual-long-prompt
24,60,25,174,6,1,0.16666666666666666,0.011363636363636364,14.666666666666666,ornith_dual-long-prompt
25,70,26,191,10,1,0.1,0.011363636363636364,8.8,ornith_dual-long-prompt
25,70,26,29,10,1,0.1,0.011363636363636364,8.8,ornith_dual-long-prompt
25,70,26,136,10,1,0.1,0.022727272727272728,4.4,ornith_dual-long-prompt
25,26,26,191,6,1,0.16666666666666666,0.011363636363636364,14.666666666666666,ornith_dual-long-prompt
25,26,26,29,6,1,0.16666666666666666,0.011363636363636364,14.666666666666666,ornith_dual-long-prompt
25,26,26,136,6,1,0.16666666666666666,0.022727272727272728,7.333333333333333,ornith_dual-long-prompt
26,119,27,93,7,1,0.14285714285714285,0.011363636363636364,12.571428571428571,ornith_dual-long-prompt
26,225,27,93,8,1,0.125,0.011363636363636364,11.0,ornith_dual-long-prompt
27,6,28,241,7,1,0.14285714285714285,0.011363636363636364,12.571428571428571,ornith_dual-long-prompt
27,6,28,166,7,1,0.14285714285714285,0.022727272727272728,6.285714285714286,ornith_dual-long-prompt
27,218,28,241,7,1,0.14285714285714285,0.011363636363636364,12.571428571428571,ornith_dual-long-prompt
28,60,29,77,9,1,0.1111111111111111,0.011363636363636364,9.777777777777777,ornith_dual-long-prompt
28,60,29,95,9,1,0.1111111111111111,0.011363636363636364,9.777777777777777,ornith_dual-long-prompt
28,14,29,77,8,1,0.125,0.011363636363636364,11.0,ornith_dual-long-prompt
28,14,29,95,8,1,0.125,0.011363636363636364,11.0,ornith_dual-long-prompt
28,233,29,77,10,1,0.1,0.011363636363636364,8.8,ornith_dual-long-prompt
28,233,29,95,10,1,0.1,0.011363636363636364,8.8,ornith_dual-long-prompt
28,113,29,77,8,1,0.125,0.011363636363636364,11.0,ornith_dual-long-prompt
28,113,29,95,8,1,0.125,0.011363636363636364,11.0,ornith_dual-long-prompt
28,40,29,77,7,1,0.14285714285714285,0.011363636363636364,12.571428571428571,ornith_dual-long-prompt
28,40,29,95,7,1,0.14285714285714285,0.011363636363636364,12.571428571428571,ornith_dual-long-prompt
29,215,30,20,5,1,0.2,0.045454545454545456,4.4,ornith_dual-long-prompt
30,30,31,221,8,1,0.125,0.011363636363636364,11.0,ornith_dual-long-prompt
30,30,31,186,8,1,0.125,0.011363636363636364,11.0,ornith_dual-long-prompt
30,182,31,221,9,1,0.1111111111111111,0.011363636363636364,9.777777777777777,ornith_dual-long-prompt
30,182,31,186,9,1,0.1111111111111111,0.011363636363636364,9.777777777777777,ornith_dual-long-prompt
30,121,31,221,7,1,0.14285714285714285,0.011363636363636364,12.571428571428571,ornith_dual-long-prompt
30,121,31,186,7,1,0.14285714285714285,0.011363636363636364,12.571428571428571,ornith_dual-long-prompt
30,34,31,221,6,1,0.16666666666666666,0.011363636363636364,14.666666666666666,ornith_dual-long-prompt
30,34,31,186,6,1,0.16666666666666666,0.011363636363636364,14.666666666666666,ornith_dual-long-prompt
31,215,32,17,9,1,0.1111111111111111,0.011363636363636364,9.777777777777777,ornith_dual-long-prompt
31,173,32,17,7,1,0.14285714285714285,0.011363636363636364,12.571428571428571,ornith_dual-long-prompt
32,101,33,23,9,1,0.1111111111111111,0.011363636363636364,9.777777777777777,ornith_dual-long-prompt
32,101,33,67,9,1,0.1111111111111111,0.011363636363636364,9.777777777777777,ornith_dual-long-prompt
32,191,33,23,10,1,0.1,0.011363636363636364,8.8,ornith_dual-long-prompt
32,191,33,67,10,1,0.1,0.011363636363636364,8.8,ornith_dual-long-prompt
32,27,33,23,6,1,0.16666666666666666,0.011363636363636364,14.666666666666666,ornith_dual-long-prompt
32,27,33,67,6,1,0.16666666666666666,0.011363636363636364,14.666666666666666,ornith_dual-long-prompt
33,12,34,20,5,1,0.2,0.022727272727272728,8.8,ornith_dual-long-prompt
33,12,34,250,5,1,0.2,0.022727272727272728,8.8,ornith_dual-long-prompt
33,12,34,236,5,1,0.2,0.022727272727272728,8.8,ornith_dual-long-prompt
34,40,35,106,10,1,0.1,0.011363636363636364,8.8,ornith_dual-long-prompt
34,137,35,106,5,1,0.2,0.011363636363636364,17.6,ornith_dual-long-prompt
34,57,35,34,6,1,0.16666666666666666,0.03409090909090909,4.888888888888889,ornith_dual-long-prompt
34,57,35,106,6,1,0.16666666666666666,0.011363636363636364,14.666666666666666,ornith_dual-long-prompt
35,35,36,253,9,1,0.1111111111111111,0.011363636363636364,9.777777777777777,ornith_dual-long-prompt
35,35,36,0,9,1,0.1111111111111111,0.011363636363636364,9.777777777777777,ornith_dual-long-prompt
35,35,36,21,9,1,0.1111111111111111,0.011363636363636364,9.777777777777777,ornith_dual-long-prompt
35,131,36,253,8,1,0.125,0.011363636363636364,11.0,ornith_dual-long-prompt
35,131,36,0,8,1,0.125,0.011363636363636364,11.0,ornith_dual-long-prompt
35,131,36,21,8,1,0.125,0.011363636363636364,11.0,ornith_dual-long-prompt
35,97,36,253,8,1,0.125,0.011363636363636364,11.0,ornith_dual-long-prompt
35,97,36,57,8,1,0.125,0.022727272727272728,5.5,ornith_dual-long-prompt
35,97,36,0,8,1,0.125,0.011363636363636364,11.0,ornith_dual-long-prompt
35,97,36,21,8,1,0.125,0.011363636363636364,11.0,ornith_dual-long-prompt
36,73,37,92,9,1,0.1111111111111111,0.011363636363636364,9.777777777777777,ornith_dual-long-prompt
36,73,37,220,9,1,0.1111111111111111,0.011363636363636364,9.777777777777777,ornith_dual-long-prompt
36,73,37,84,9,1,0.1111111111111111,0.011363636363636364,9.777777777777777,ornith_dual-long-prompt
36,77,37,92,5,1,0.2,0.011363636363636364,17.6,ornith_dual-long-prompt
36,77,37,220,5,1,0.2,0.011363636363636364,17.6,ornith_dual-long-prompt
36,77,37,84,5,1,0.2,0.011363636363636364,17.6,ornith_dual-long-prompt
36,18,37,92,7,1,0.14285714285714285,0.011363636363636364,12.571428571428571,ornith_dual-long-prompt
36,18,37,220,7,1,0.14285714285714285,0.011363636363636364,12.571428571428571,ornith_dual-long-prompt
36,18,37,84,7,1,0.14285714285714285,0.011363636363636364,12.571428571428571,ornith_dual-long-prompt
37,55,38,136,9,1,0.1111111111111111,0.011363636363636364,9.777777777777777,ornith_dual-long-prompt
37,87,38,136,6,1,0.16666666666666666,0.011363636363636364,14.666666666666666,ornith_dual-long-prompt
37,166,38,136,7,1,0.14285714285714285,0.011363636363636364,12.571428571428571,ornith_dual-long-prompt
37,166,38,44,7,1,0.14285714285714285,0.022727272727272728,6.285714285714286,ornith_dual-long-prompt
37,83,38,136,5,1,0.2,0.011363636363636364,17.6,ornith_dual-long-prompt
37,99,38,136,5,1,0.2,0.011363636363636364,17.6,ornith_dual-long-prompt
38,173,39,23,8,1,0.125,0.011363636363636364,11.0,ornith_dual-long-prompt
38,173,39,68,8,1,0.125,0.011363636363636364,11.0,ornith_dual-long-prompt
38,173,39,175,8,1,0.125,0.011363636363636364,11.0,ornith_dual-long-prompt
38,173,39,146,8,1,0.125,0.011363636363636364,11.0,ornith_dual-long-prompt
38,173,39,241,8,1,0.125,0.011363636363636364,11.0,ornith_dual-long-prompt
38,173,39,16,8,1,0.125,0.011363636363636364,11.0,ornith_dual-long-prompt
38,209,39,23,11,1,0.09090909090909091,0.011363636363636364,8.0,ornith_dual-long-prompt
38,209,39,68,11,1,0.09090909090909091,0.011363636363636364,8.0,ornith_dual-long-prompt
38,209,39,175,11,1,0.09090909090909091,0.011363636363636364,8.0,ornith_dual-long-prompt
38,209,39,146,11,1,0.09090909090909091,0.011363636363636364,8.0,ornith_dual-long-prompt
38,209,39,241,11,1,0.09090909090909091,0.011363636363636364,8.0,ornith_dual-long-prompt
38,209,39,16,11,1,0.09090909090909091,0.011363636363636364,8.0,ornith_dual-long-prompt
38,14,39,23,7,1,0.14285714285714285,0.011363636363636364,12.571428571428571,ornith_dual-long-prompt
38,14,39,68,7,1,0.14285714285714285,0.011363636363636364,12.571428571428571,ornith_dual-long-prompt
38,14,39,175,7,1,0.14285714285714285,0.011363636363636364,12.571428571428571,ornith_dual-long-prompt
38,14,39,146,7,1,0.14285714285714285,0.011363636363636364,12.571428571428571,ornith_dual-long-prompt
38,14,39,241,7,1,0.14285714285714285,0.011363636363636364,12.571428571428571,ornith_dual-long-prompt
38,14,39,16,7,1,0.14285714285714285,0.011363636363636364,12.571428571428571,ornith_dual-long-prompt
38,39,39,23,6,1,0.16666666666666666,0.011363636363636364,14.666666666666666,ornith_dual-long-prompt
38,39,39,68,6,1,0.16666666666666666,0.011363636363636364,14.666666666666666,ornith_dual-long-prompt
38,39,39,175,6,1,0.16666666666666666,0.011363636363636364,14.666666666666666,ornith_dual-long-prompt
38,39,39,146,6,1,0.16666666666666666,0.011363636363636364,14.666666666666666,ornith_dual-long-prompt
38,39,39,241,6,1,0.16666666666666666,0.011363636363636364,14.666666666666666,ornith_dual-long-prompt
38,39,39,16,6,1,0.16666666666666666,0.011363636363636364,14.666666666666666,ornith_dual-long-prompt
1,205,2,205,7,1,0.14285714285714285,0.011363636363636364,12.571428571428571,ornith_dual-long-prompt
1,205,2,137,7,1,0.14285714285714285,0.011363636363636364,12.571428571428571,ornith_dual-long-prompt
1,205,2,24,7,1,0.14285714285714285,0.011363636363636364,12.571428571428571,ornith_dual-long-prompt
1,205,2,233,7,1,0.14285714285714285,0.022727272727272728,6.285714285714286,ornith_dual-long-prompt
1,205,2,35,7,1,0.14285714285714285,0.011363636363636364,12.571428571428571,ornith_dual-long-prompt
4,134,5,174,8,1,0.125,0.022727272727272728,5.5,ornith_dual-long-prompt
4,134,5,232,8,1,0.125,0.011363636363636364,11.0,ornith_dual-long-prompt
4,134,5,142,8,1,0.125,0.011363636363636364,11.0,ornith_dual-long-prompt
4,134,5,225,8,1,0.125,0.011363636363636364,11.0,ornith_dual-long-prompt
4,30,5,174,8,1,0.125,0.022727272727272728,5.5,ornith_dual-long-prompt
4,30,5,232,8,1,0.125,0.011363636363636364,11.0,ornith_dual-long-prompt
4,30,5,142,8,1,0.125,0.011363636363636364,11.0,ornith_dual-long-prompt
4,30,5,225,8,1,0.125,0.011363636363636364,11.0,ornith_dual-long-prompt
5,139,6,108,7,1,0.14285714285714285,0.011363636363636364,12.571428571428571,ornith_dual-long-prompt
5,139,6,196,7,1,0.14285714285714285,0.022727272727272728,6.285714285714286,ornith_dual-long-prompt
5,139,6,27,7,1,0.14285714285714285,0.011363636363636364,12.571428571428571,ornith_dual-long-prompt
5,75,6,108,5,1,0.2,0.011363636363636364,17.6,ornith_dual-long-prompt
5,75,6,196,5,1,0.2,0.022727272727272728,8.8,ornith_dual-long-prompt
5,75,6,27,5,1,0.2,0.011363636363636364,17.6,ornith_dual-long-prompt
6,9,7,26,5,1,0.2,0.011363636363636364,17.6,ornith_dual-long-prompt
6,149,7,26,8,1,0.125,0.011363636363636364,11.0,ornith_dual-long-prompt
6,71,7,26,6,1,0.16666666666666666,0.011363636363636364,14.666666666666666,ornith_dual-long-prompt
7,116,8,193,9,1,0.1111111111111111,0.011363636363636364,9.777777777777777,ornith_dual-long-prompt
7,245,8,193,10,1,0.1,0.011363636363636364,8.8,ornith_dual-long-prompt
7,95,8,193,8,1,0.125,0.011363636363636364,11.0,ornith_dual-long-prompt
7,95,8,117,8,1,0.125,0.022727272727272728,5.5,ornith_dual-long-prompt
7,130,8,193,5,1,0.2,0.011363636363636364,17.6,ornith_dual-long-prompt
7,130,8,76,5,1,0.2,0.045454545454545456,4.4,ornith_dual-long-prompt
7,130,8,117,5,1,0.2,0.022727272727272728,8.8,ornith_dual-long-prompt
8,3,9,45,9,1,0.1111111111111111,0.022727272727272728,4.888888888888888,ornith_dual-long-prompt
8,3,9,72,9,1,0.1111111111111111,0.022727272727272728,4.888888888888888,ornith_dual-long-prompt
8,3,9,102,9,1,0.1111111111111111,0.011363636363636364,9.777777777777777,ornith_dual-long-prompt
8,3,9,184,9,1,0.1111111111111111,0.011363636363636364,9.777777777777777,ornith_dual-long-prompt
8,72,9,72,9,1,0.1111111111111111,0.022727272727272728,4.888888888888888,ornith_dual-long-prompt
8,72,9,102,9,1,0.1111111111111111,0.011363636363636364,9.777777777777777,ornith_dual-long-prompt
8,72,9,184,9,1,0.1111111111111111,0.011363636363636364,9.777777777777777,ornith_dual-long-prompt
8,123,9,102,11,1,0.09090909090909091,0.011363636363636364,8.0,ornith_dual-long-prompt
8,123,9,184,11,1,0.09090909090909091,0.011363636363636364,8.0,ornith_dual-long-prompt
8,232,9,72,8,1,0.125,0.022727272727272728,5.5,ornith_dual-long-prompt
8,232,9,102,8,1,0.125,0.011363636363636364,11.0,ornith_dual-long-prompt
8,232,9,243,8,1,0.125,0.03409090909090909,3.666666666666667,ornith_dual-long-prompt
8,232,9,184,8,1,0.125,0.011363636363636364,11.0,ornith_dual-long-prompt
9,95,10,68,11,1,0.09090909090909091,0.011363636363636364,8.0,ornith_dual-long-prompt
9,95,10,217,11,1,0.09090909090909091,0.011363636363636364,8.0,ornith_dual-long-prompt
9,95,10,185,11,1,0.09090909090909091,0.011363636363636364,8.0,ornith_dual-long-prompt
10,194,11,64,10,1,0.1,0.011363636363636364,8.8,ornith_dual-long-prompt
10,194,11,88,10,1,0.1,0.011363636363636364,8.8,ornith_dual-long-prompt
10,70,11,64,10,1,0.1,0.011363636363636364,8.8,ornith_dual-long-prompt
10,70,11,88,10,1,0.1,0.011363636363636364,8.8,ornith_dual-long-prompt
10,184,11,64,5,1,0.2,0.011363636363636364,17.6,ornith_dual-long-prompt
10,184,11,88,5,1,0.2,0.011363636363636364,17.6,ornith_dual-long-prompt
10,184,11,33,5,1,0.2,0.045454545454545456,4.4,ornith_dual-long-prompt
10,124,11,64,6,1,0.16666666666666666,0.011363636363636364,14.666666666666666,ornith_dual-long-prompt
10,124,11,225,6,1,0.16666666666666666,0.022727272727272728,7.333333333333333,ornith_dual-long-prompt
10,124,11,88,6,1,0.16666666666666666,0.011363636363636364,14.666666666666666,ornith_dual-long-prompt
11,191,12,208,6,1,0.16666666666666666,0.045454545454545456,3.6666666666666665,ornith_dual-long-prompt
11,101,12,221,6,1,0.16666666666666666,0.045454545454545456,3.6666666666666665,ornith_dual-long-prompt
12,60,13,164,9,1,0.1111111111111111,0.011363636363636364,9.777777777777777,ornith_dual-long-prompt
12,1,13,164,5,1,0.2,0.011363636363636364,17.6,ornith_dual-long-prompt
12,1,13,74,5,1,0.2,0.03409090909090909,5.866666666666667,ornith_dual-long-prompt
12,42,13,164,8,1,0.125,0.011363636363636364,11.0,ornith_dual-long-prompt
12,107,13,202,6,1,0.16666666666666666,0.045454545454545456,3.6666666666666665,ornith_dual-long-prompt
12,107,13,164,6,1,0.16666666666666666,0.011363636363636364,14.666666666666666,ornith_dual-long-prompt
12,107,13,47,6,1,0.16666666666666666,0.045454545454545456,3.6666666666666665,ornith_dual-long-prompt
12,107,13,14,6,1,0.16666666666666666,0.045454545454545456,3.6666666666666665,ornith_dual-long-prompt
12,107,13,166,6,1,0.16666666666666666,0.022727272727272728,7.333333333333333,ornith_dual-long-prompt
12,173,13,202,6,1,0.16666666666666666,0.045454545454545456,3.6666666666666665,ornith_dual-long-prompt
12,173,13,164,6,1,0.16666666666666666,0.011363636363636364,14.666666666666666,ornith_dual-long-prompt
12,173,13,47,6,1,0.16666666666666666,0.045454545454545456,3.6666666666666665,ornith_dual-long-prompt
12,173,13,14,6,1,0.16666666666666666,0.045454545454545456,3.6666666666666665,ornith_dual-long-prompt
12,173,13,166,6,1,0.16666666666666666,0.022727272727272728,7.333333333333333,ornith_dual-long-prompt
13,120,14,67,9,1,0.1111111111111111,0.011363636363636364,9.777777777777777,ornith_dual-long-prompt
13,70,14,67,9,1,0.1111111111111111,0.011363636363636364,9.777777777777777,ornith_dual-long-prompt
14,225,15,139,9,1,0.1111111111111111,0.011363636363636364,9.777777777777777,ornith_dual-long-prompt
14,225,15,195,9,1,0.1111111111111111,0.011363636363636364,9.777777777777777,ornith_dual-long-prompt
14,30,15,139,5,1,0.2,0.011363636363636364,17.6,ornith_dual-long-prompt
14,30,15,148,5,1,0.2,0.022727272727272728,8.8,ornith_dual-long-prompt
14,30,15,195,5,1,0.2,0.011363636363636364,17.6,ornith_dual-long-prompt
16,130,17,26,9,1,0.1111111111111111,0.022727272727272728,4.888888888888888,ornith_dual-long-prompt
16,130,17,140,9,1,0.1111111111111111,0.011363636363636364,9.777777777777777,ornith_dual-long-prompt
16,40,17,26,8,1,0.125,0.022727272727272728,5.5,ornith_dual-long-prompt
16,40,17,140,8,1,0.125,0.011363636363636364,11.0,ornith_dual-long-prompt
16,233,17,26,10,1,0.1,0.022727272727272728,4.4,ornith_dual-long-prompt
16,233,17,140,10,1,0.1,0.011363636363636364,8.8,ornith_dual-long-prompt
16,60,17,26,10,1,0.1,0.022727272727272728,4.4,ornith_dual-long-prompt
16,60,17,140,10,1,0.1,0.011363636363636364,8.8,ornith_dual-long-prompt
16,14,17,64,8,1,0.125,0.03409090909090909,3.666666666666667,ornith_dual-long-prompt
16,14,17,26,8,1,0.125,0.022727272727272728,5.5,ornith_dual-long-prompt
16,14,17,140,8,1,0.125,0.011363636363636364,11.0,ornith_dual-long-prompt
16,14,17,129,8,1,0.125,0.022727272727272728,5.5,ornith_dual-long-prompt
17,248,18,15,8,1,0.125,0.011363636363636364,11.0,ornith_dual-long-prompt
17,100,18,15,9,1,0.1111111111111111,0.011363636363636364,9.777777777777777,ornith_dual-long-prompt
17,71,18,15,8,1,0.125,0.011363636363636364,11.0,ornith_dual-long-prompt
18,34,19,231,8,1,0.125,0.011363636363636364,11.0,ornith_dual-long-prompt
18,182,19,231,8,1,0.125,0.011363636363636364,11.0,ornith_dual-long-prompt
18,121,19,35,5,1,0.2,0.045454545454545456,4.4,ornith_dual-long-prompt
18,121,19,36,5,1,0.2,0.03409090909090909,5.866666666666667,ornith_dual-long-prompt
18,121,19,231,5,1,0.2,0.011363636363636364,17.6,ornith_dual-long-prompt
18,121,19,96,5,1,0.2,0.03409090909090909,5.866666666666667,ornith_dual-long-prompt
18,55,19,36,6,1,0.16666666666666666,0.03409090909090909,4.888888888888889,ornith_dual-long-prompt
18,55,19,231,6,1,0.16666666666666666,0.011363636363636364,14.666666666666666,ornith_dual-long-prompt
18,55,19,96,6,1,0.16666666666666666,0.03409090909090909,4.888888888888889,ornith_dual-long-prompt
18,30,19,36,8,1,0.125,0.03409090909090909,3.666666666666667,ornith_dual-long-prompt
18,30,19,231,8,1,0.125,0.011363636363636364,11.0,ornith_dual-long-prompt
18,30,19,96,8,1,0.125,0.03409090909090909,3.666666666666667,ornith_dual-long-prompt
19,215,20,23,9,1,0.1111111111111111,0.011363636363636364,9.777777777777777,ornith_dual-long-prompt
19,215,20,71,9,1,0.1111111111111111,0.022727272727272728,4.888888888888888,ornith_dual-long-prompt
19,215,20,76,9,1,0.1111111111111111,0.011363636363636364,9.777777777777777,ornith_dual-long-prompt
20,72,21,119,9,1,0.1111111111111111,0.011363636363636364,9.777777777777777,ornith_dual-long-prompt
20,72,21,72,9,1,0.1111111111111111,0.022727272727272728,4.888888888888888,ornith_dual-long-prompt
20,72,21,6,9,1,0.1111111111111111,0.011363636363636364,9.777777777777777,ornith_dual-long-prompt
21,95,22,227,10,1,0.1,0.011363636363636364,8.8,ornith_dual-long-prompt
21,95,22,68,10,1,0.1,0.011363636363636364,8.8,ornith_dual-long-prompt
21,128,22,25,7,1,0.14285714285714285,0.03409090909090909,4.190476190476191,ornith_dual-long-prompt
21,128,22,65,7,1,0.14285714285714285,0.03409090909090909,4.190476190476191,ornith_dual-long-prompt
21,128,22,69,7,1,0.14285714285714285,0.022727272727272728,6.285714285714286,ornith_dual-long-prompt
21,128,22,227,7,1,0.14285714285714285,0.011363636363636364,12.571428571428571,ornith_dual-long-prompt
21,128,22,68,7,1,0.14285714285714285,0.011363636363636364,12.571428571428571,ornith_dual-long-prompt
21,128,22,133,7,1,0.14285714285714285,0.022727272727272728,6.285714285714286,ornith_dual-long-prompt
21,44,22,227,5,1,0.2,0.011363636363636364,17.6,ornith_dual-long-prompt
21,44,22,68,5,1,0.2,0.011363636363636364,17.6,ornith_dual-long-prompt
21,44,22,133,5,1,0.2,0.022727272727272728,8.8,ornith_dual-long-prompt
21,44,22,60,5,1,0.2,0.022727272727272728,8.8,ornith_dual-long-prompt
22,194,23,108,8,1,0.125,0.03409090909090909,3.666666666666667,ornith_dual-long-prompt
22,194,23,172,8,1,0.125,0.011363636363636364,11.0,ornith_dual-long-prompt
22,194,23,64,8,1,0.125,0.011363636363636364,11.0,ornith_dual-long-prompt
22,194,23,144,8,1,0.125,0.022727272727272728,5.5,ornith_dual-long-prompt
23,191,24,126,5,1,0.2,0.022727272727272728,8.8,ornith_dual-long-prompt
23,191,24,177,5,1,0.2,0.011363636363636364,17.6,ornith_dual-long-prompt
23,191,24,107,5,1,0.2,0.056818181818181816,3.5200000000000005,ornith_dual-long-prompt
24,221,25,166,5,1,0.2,0.022727272727272728,8.8,ornith_dual-long-prompt
24,221,25,164,5,1,0.2,0.011363636363636364,17.6,ornith_dual-long-prompt
24,1,25,164,8,1,0.125,0.011363636363636364,11.0,ornith_dual-long-prompt
24,68,25,166,5,1,0.2,0.022727272727272728,8.8,ornith_dual-long-prompt
24,68,25,164,5,1,0.2,0.011363636363636364,17.6,ornith_dual-long-prompt
24,68,25,84,5,1,0.2,0.022727272727272728,8.8,ornith_dual-long-prompt
24,68,25,182,5,1,0.2,0.03409090909090909,5.866666666666667,ornith_dual-long-prompt
24,107,25,166,5,1,0.2,0.022727272727272728,8.8,ornith_dual-long-prompt
24,107,25,164,5,1,0.2,0.011363636363636364,17.6,ornith_dual-long-prompt
24,107,25,84,5,1,0.2,0.022727272727272728,8.8,ornith_dual-long-prompt
24,107,25,120,5,1,0.2,0.045454545454545456,4.4,ornith_dual-long-prompt
24,107,25,182,5,1,0.2,0.03409090909090909,5.866666666666667,ornith_dual-long-prompt
25,202,26,127,6,1,0.16666666666666666,0.011363636363636364,14.666666666666666,ornith_dual-long-prompt
25,202,26,214,6,1,0.16666666666666666,0.011363636363636364,14.666666666666666,ornith_dual-long-prompt
25,26,26,103,6,1,0.16666666666666666,0.03409090909090909,4.888888888888889,ornith_dual-long-prompt
25,26,26,127,6,1,0.16666666666666666,0.011363636363636364,14.666666666666666,ornith_dual-long-prompt
25,26,26,214,6,1,0.16666666666666666,0.011363636363636364,14.666666666666666,ornith_dual-long-prompt
25,70,26,127,10,1,0.1,0.011363636363636364,8.8,ornith_dual-long-prompt
25,70,26,214,10,1,0.1,0.011363636363636364,8.8,ornith_dual-long-prompt
26,105,27,254,8,1,0.125,0.022727272727272728,5.5,ornith_dual-long-prompt
26,105,27,56,8,1,0.125,0.011363636363636364,11.0,ornith_dual-long-prompt
26,105,27,242,8,1,0.125,0.011363636363636364,11.0,ornith_dual-long-prompt
26,105,27,133,8,1,0.125,0.011363636363636364,11.0,ornith_dual-long-prompt
26,225,27,56,8,1,0.125,0.011363636363636364,11.0,ornith_dual-long-prompt
26,225,27,242,8,1,0.125,0.011363636363636364,11.0,ornith_dual-long-prompt
26,225,27,133,8,1,0.125,0.011363636363636364,11.0,ornith_dual-long-prompt
26,97,27,254,6,1,0.16666666666666666,0.022727272727272728,7.333333333333333,ornith_dual-long-prompt
26,97,27,56,6,1,0.16666666666666666,0.011363636363636364,14.666666666666666,ornith_dual-long-prompt
26,97,27,242,6,1,0.16666666666666666,0.011363636363636364,14.666666666666666,ornith_dual-long-prompt
26,97,27,133,6,1,0.16666666666666666,0.011363636363636364,14.666666666666666,ornith_dual-long-prompt
26,12,27,87,7,1,0.14285714285714285,0.03409090909090909,4.190476190476191,ornith_dual-long-prompt
26,12,27,56,7,1,0.14285714285714285,0.011363636363636364,12.571428571428571,ornith_dual-long-prompt
26,12,27,242,7,1,0.14285714285714285,0.011363636363636364,12.571428571428571,ornith_dual-long-prompt
26,12,27,185,7,1,0.14285714285714285,0.03409090909090909,4.190476190476191,ornith_dual-long-prompt
26,12,27,133,7,1,0.14285714285714285,0.011363636363636364,12.571428571428571,ornith_dual-long-prompt
27,85,28,218,7,1,0.14285714285714285,0.022727272727272728,6.285714285714286,ornith_dual-long-prompt
27,85,28,175,7,1,0.14285714285714285,0.011363636363636364,12.571428571428571,ornith_dual-long-prompt
28,14,29,26,8,1,0.125,0.011363636363636364,11.0,ornith_dual-long-prompt
28,14,29,198,8,1,0.125,0.011363636363636364,11.0,ornith_dual-long-prompt
28,233,29,26,10,1,0.1,0.011363636363636364,8.8,ornith_dual-long-prompt
28,233,29,198,10,1,0.1,0.011363636363636364,8.8,ornith_dual-long-prompt
28,130,29,26,9,1,0.1111111111111111,0.011363636363636364,9.777777777777777,ornith_dual-long-prompt
28,130,29,198,9,1,0.1111111111111111,0.011363636363636364,9.777777777777777,ornith_dual-long-prompt
28,40,29,26,7,1,0.14285714285714285,0.011363636363636364,12.571428571428571,ornith_dual-long-prompt
28,40,29,198,7,1,0.14285714285714285,0.011363636363636364,12.571428571428571,ornith_dual-long-prompt
28,60,29,26,9,1,0.1111111111111111,0.011363636363636364,9.777777777777777,ornith_dual-long-prompt
28,60,29,198,9,1,0.1111111111111111,0.011363636363636364,9.777777777777777,ornith_dual-long-prompt
28,113,29,26,8,1,0.125,0.011363636363636364,11.0,ornith_dual-long-prompt
28,113,29,198,8,1,0.125,0.011363636363636364,11.0,ornith_dual-long-prompt
29,64,30,38,5,1,0.2,0.03409090909090909,5.866666666666667,ornith_dual-long-prompt
29,64,30,166,5,1,0.2,0.022727272727272728,8.8,ornith_dual-long-prompt
29,215,30,134,5,1,0.2,0.03409090909090909,5.866666666666667,ornith_dual-long-prompt
30,121,31,154,7,1,0.14285714285714285,0.022727272727272728,6.285714285714286,ornith_dual-long-prompt
30,34,31,237,6,1,0.16666666666666666,0.045454545454545456,3.6666666666666665,ornith_dual-long-prompt
30,34,31,154,6,1,0.16666666666666666,0.022727272727272728,7.333333333333333,ornith_dual-long-prompt
31,215,32,224,9,1,0.1111111111111111,0.022727272727272728,4.888888888888888,ornith_dual-long-prompt
31,162,32,224,9,1,0.1111111111111111,0.022727272727272728,4.888888888888888,ornith_dual-long-prompt
31,162,32,111,9,1,0.1111111111111111,0.03409090909090909,3.2592592592592595,ornith_dual-long-prompt
31,162,32,51,9,1,0.1111111111111111,0.022727272727272728,4.888888888888888,ornith_dual-long-prompt
31,162,32,20,9,1,0.1111111111111111,0.022727272727272728,4.888888888888888,ornith_dual-long-prompt
31,20,32,51,5,1,0.2,0.022727272727272728,8.8,ornith_dual-long-prompt
31,20,32,43,5,1,0.2,0.03409090909090909,5.866666666666667,ornith_dual-long-prompt
31,20,32,20,5,1,0.2,0.022727272727272728,8.8,ornith_dual-long-prompt
31,173,32,224,7,1,0.14285714285714285,0.022727272727272728,6.285714285714286,ornith_dual-long-prompt
31,35,32,51,6,1,0.16666666666666666,0.022727272727272728,7.333333333333333,ornith_dual-long-prompt
31,35,32,43,6,1,0.16666666666666666,0.03409090909090909,4.888888888888889,ornith_dual-long-prompt
31,35,32,20,6,1,0.16666666666666666,0.022727272727272728,7.333333333333333,ornith_dual-long-prompt
32,191,33,156,10,1,0.1,0.022727272727272728,4.4,ornith_dual-long-prompt
32,27,33,179,6,1,0.16666666666666666,0.03409090909090909,4.888888888888889,ornith_dual-long-prompt
32,27,33,156,6,1,0.16666666666666666,0.022727272727272728,7.333333333333333,ornith_dual-long-prompt
32,27,33,228,6,1,0.16666666666666666,0.022727272727272728,7.333333333333333,ornith_dual-long-prompt
33,165,34,49,9,1,0.1111111111111111,0.011363636363636364,9.777777777777777,ornith_dual-long-prompt
33,165,34,217,9,1,0.1111111111111111,0.011363636363636364,9.777777777777777,ornith_dual-long-prompt
33,165,34,17,9,1,0.1111111111111111,0.011363636363636364,9.777777777777777,ornith_dual-long-prompt
33,201,34,49,5,1,0.2,0.011363636363636364,17.6,ornith_dual-long-prompt
33,201,34,217,5,1,0.2,0.011363636363636364,17.6,ornith_dual-long-prompt
33,201,34,177,5,1,0.2,0.022727272727272728,8.8,ornith_dual-long-prompt
33,201,34,28,5,1,0.2,0.03409090909090909,5.866666666666667,ornith_dual-long-prompt
33,201,34,17,5,1,0.2,0.011363636363636364,17.6,ornith_dual-long-prompt
33,12,34,49,5,1,0.2,0.011363636363636364,17.6,ornith_dual-long-prompt
33,12,34,217,5,1,0.2,0.011363636363636364,17.6,ornith_dual-long-prompt
33,12,34,17,5,1,0.2,0.011363636363636364,17.6,ornith_dual-long-prompt
33,127,34,49,10,1,0.1,0.011363636363636364,8.8,ornith_dual-long-prompt
33,127,34,217,10,1,0.1,0.011363636363636364,8.8,ornith_dual-long-prompt
33,127,34,177,10,1,0.1,0.022727272727272728,4.4,ornith_dual-long-prompt
33,127,34,17,10,1,0.1,0.011363636363636364,8.8,ornith_dual-long-prompt
34,40,35,224,10,1,0.1,0.011363636363636364,8.8,ornith_dual-long-prompt
34,137,35,224,5,1,0.2,0.011363636363636364,17.6,ornith_dual-long-prompt
35,35,36,255,9,1,0.1111111111111111,0.022727272727272728,4.888888888888888,ornith_dual-long-prompt
35,35,36,24,9,1,0.1111111111111111,0.03409090909090909,3.2592592592592595,ornith_dual-long-prompt
35,35,36,42,9,1,0.1111111111111111,0.011363636363636364,9.777777777777777,ornith_dual-long-prompt
35,131,36,255,8,1,0.125,0.022727272727272728,5.5,ornith_dual-long-prompt
35,131,36,24,8,1,0.125,0.03409090909090909,3.666666666666667,ornith_dual-long-prompt
35,131,36,42,8,1,0.125,0.011363636363636364,11.0,ornith_dual-long-prompt
36,77,37,158,5,1,0.2,0.022727272727272728,8.8,ornith_dual-long-prompt
36,77,37,50,5,1,0.2,0.022727272727272728,8.8,ornith_dual-long-prompt
36,18,37,158,7,1,0.14285714285714285,0.022727272727272728,6.285714285714286,ornith_dual-long-prompt
36,18,37,50,7,1,0.14285714285714285,0.022727272727272728,6.285714285714286,ornith_dual-long-prompt
37,55,38,146,9,1,0.1111111111111111,0.022727272727272728,4.888888888888888,ornith_dual-long-prompt
37,55,38,244,9,1,0.1111111111111111,0.011363636363636364,9.777777777777777,ornith_dual-long-prompt
37,83,38,146,5,1,0.2,0.022727272727272728,8.8,ornith_dual-long-prompt
37,83,38,244,5,1,0.2,0.011363636363636364,17.6,ornith_dual-long-prompt
37,87,38,146,6,1,0.16666666666666666,0.022727272727272728,7.333333333333333,ornith_dual-long-prompt
37,87,38,244,6,1,0.16666666666666666,0.011363636363636364,14.666666666666666,ornith_dual-long-prompt
37,99,38,146,5,1,0.2,0.022727272727272728,8.8,ornith_dual-long-prompt
37,99,38,244,5,1,0.2,0.011363636363636364,17.6,ornith_dual-long-prompt
37,97,38,146,6,1,0.16666666666666666,0.022727272727272728,7.333333333333333,ornith_dual-long-prompt
37,97,38,44,6,1,0.16666666666666666,0.022727272727272728,7.333333333333333,ornith_dual-long-prompt
37,97,38,244,6,1,0.16666666666666666,0.011363636363636364,14.666666666666666,ornith_dual-long-prompt
38,14,39,85,7,1,0.14285714285714285,0.022727272727272728,6.285714285714286,ornith_dual-long-prompt
38,14,39,14,7,1,0.14285714285714285,0.011363636363636364,12.571428571428571,ornith_dual-long-prompt
38,173,39,85,8,1,0.125,0.022727272727272728,5.5,ornith_dual-long-prompt
38,173,39,177,8,1,0.125,0.03409090909090909,3.666666666666667,ornith_dual-long-prompt
38,173,39,14,8,1,0.125,0.011363636363636364,11.0,ornith_dual-long-prompt
38,209,39,14,11,1,0.09090909090909091,0.011363636363636364,8.0,ornith_dual-long-prompt
38,39,39,85,6,1,0.16666666666666666,0.022727272727272728,7.333333333333333,ornith_dual-long-prompt
38,39,39,177,6,1,0.16666666666666666,0.03409090909090909,4.888888888888889,ornith_dual-long-prompt
38,39,39,14,6,1,0.16666666666666666,0.011363636363636364,14.666666666666666,ornith_dual-long-prompt
1,236,2,160,5,1,0.2,0.022727272727272728,8.8,ornith_dual-long-prompt
1,236,2,13,5,1,0.2,0.011363636363636364,17.6,ornith_dual-long-prompt
1,236,2,61,5,1,0.2,0.011363636363636364,17.6,ornith_dual-long-prompt
1,236,2,153,5,1,0.2,0.011363636363636364,17.6,ornith_dual-long-prompt
1,205,2,13,7,1,0.14285714285714285,0.011363636363636364,12.571428571428571,ornith_dual-long-prompt
1,205,2,61,7,1,0.14285714285714285,0.011363636363636364,12.571428571428571,ornith_dual-long-prompt
1,205,2,153,7,1,0.14285714285714285,0.011363636363636364,12.571428571428571,ornith_dual-long-prompt
1,205,2,112,7,1,0.14285714285714285,0.022727272727272728,6.285714285714286,ornith_dual-long-prompt
3,163,4,203,6,1,0.16666666666666666,0.011363636363636364,14.666666666666666,ornith_dual-long-prompt
3,163,4,188,6,1,0.16666666666666666,0.011363636363636364,14.666666666666666,ornith_dual-long-prompt
4,134,5,63,8,1,0.125,0.011363636363636364,11.0,ornith_dual-long-prompt
4,30,5,42,8,1,0.125,0.022727272727272728,5.5,ornith_dual-long-prompt
4,30,5,173,8,1,0.125,0.022727272727272728,5.5,ornith_dual-long-prompt
4,30,5,63,8,1,0.125,0.011363636363636364,11.0,ornith_dual-long-prompt
5,64,6,152,7,1,0.14285714285714285,0.011363636363636364,12.571428571428571,ornith_dual-long-prompt
5,64,6,12,7,1,0.14285714285714285,0.011363636363636364,12.571428571428571,ornith_dual-long-prompt
5,139,6,152,7,1,0.14285714285714285,0.011363636363636364,12.571428571428571,ornith_dual-long-prompt
5,139,6,12,7,1,0.14285714285714285,0.011363636363636364,12.571428571428571,ornith_dual-long-prompt
5,46,6,152,7,1,0.14285714285714285,0.011363636363636364,12.571428571428571,ornith_dual-long-prompt
5,46,6,12,7,1,0.14285714285714285,0.011363636363636364,12.571428571428571,ornith_dual-long-prompt
6,195,7,146,6,1,0.16666666666666666,0.03409090909090909,4.888888888888889,ornith_dual-long-prompt
7,245,8,7,10,1,0.1,0.011363636363636364,8.8,ornith_dual-long-prompt
7,245,8,124,10,1,0.1,0.011363636363636364,8.8,ornith_dual-long-prompt
7,95,8,7,8,1,0.125,0.011363636363636364,11.0,ornith_dual-long-prompt
7,95,8,124,8,1,0.125,0.011363636363636364,11.0,ornith_dual-long-prompt
7,130,8,7,5,1,0.2,0.011363636363636364,17.6,ornith_dual-long-prompt
7,130,8,124,5,1,0.2,0.011363636363636364,17.6,ornith_dual-long-prompt
7,166,8,7,7,1,0.14285714285714285,0.011363636363636364,12.571428571428571,ornith_dual-long-prompt
7,166,8,124,7,1,0.14285714285714285,0.011363636363636364,12.571428571428571,ornith_dual-long-prompt
7,116,8,7,9,1,0.1111111111111111,0.011363636363636364,9.777777777777777,ornith_dual-long-prompt
7,116,8,124,9,1,0.1111111111111111,0.011363636363636364,9.777777777777777,ornith_dual-long-prompt
8,72,9,32,9,1,0.1111111111111111,0.022727272727272728,4.888888888888888,ornith_dual-long-prompt
8,186,9,32,5,1,0.2,0.022727272727272728,8.8,ornith_dual-long-prompt
9,162,10,117,5,1,0.2,0.011363636363636364,17.6,ornith_dual-long-prompt
9,162,10,245,5,1,0.2,0.011363636363636364,17.6,ornith_dual-long-prompt
9,162,10,143,5,1,0.2,0.011363636363636364,17.6,ornith_dual-long-prompt
9,99,10,117,8,1,0.125,0.011363636363636364,11.0,ornith_dual-long-prompt
9,99,10,245,8,1,0.125,0.011363636363636364,11.0,ornith_dual-long-prompt
9,99,10,143,8,1,0.125,0.011363636363636364,11.0,ornith_dual-long-prompt
9,95,10,117,11,1,0.09090909090909091,0.011363636363636364,8.0,ornith_dual-long-prompt
9,95,10,245,11,1,0.09090909090909091,0.011363636363636364,8.0,ornith_dual-long-prompt
9,95,10,143,11,1,0.09090909090909091,0.011363636363636364,8.0,ornith_dual-long-prompt
9,121,10,117,6,1,0.16666666666666666,0.011363636363636364,14.666666666666666,ornith_dual-long-prompt
9,121,10,245,6,1,0.16666666666666666,0.011363636363636364,14.666666666666666,ornith_dual-long-prompt
9,121,10,143,6,1,0.16666666666666666,0.011363636363636364,14.666666666666666,ornith_dual-long-prompt
10,70,11,208,10,1,0.1,0.011363636363636364,8.8,ornith_dual-long-prompt
10,70,11,216,10,1,0.1,0.011363636363636364,8.8,ornith_dual-long-prompt
10,70,11,146,10,1,0.1,0.011363636363636364,8.8,ornith_dual-long-prompt
10,194,11,208,10,1,0.1,0.011363636363636364,8.8,ornith_dual-long-prompt
10,194,11,216,10,1,0.1,0.011363636363636364,8.8,ornith_dual-long-prompt
10,194,11,146,10,1,0.1,0.011363636363636364,8.8,ornith_dual-long-prompt
11,191,12,166,6,1,0.16666666666666666,0.022727272727272728,7.333333333333333,ornith_dual-long-prompt
11,191,12,195,6,1,0.16666666666666666,0.03409090909090909,4.888888888888889,ornith_dual-long-prompt
11,101,12,99,6,1,0.16666666666666666,0.022727272727272728,7.333333333333333,ornith_dual-long-prompt
11,101,12,166,6,1,0.16666666666666666,0.022727272727272728,7.333333333333333,ornith_dual-long-prompt
11,101,12,248,6,1,0.16666666666666666,0.03409090909090909,4.888888888888889,ornith_dual-long-prompt
12,173,13,193,6,1,0.16666666666666666,0.022727272727272728,7.333333333333333,ornith_dual-long-prompt
12,173,13,185,6,1,0.16666666666666666,0.022727272727272728,7.333333333333333,ornith_dual-long-prompt
12,173,13,192,6,1,0.16666666666666666,0.011363636363636364,14.666666666666666,ornith_dual-long-prompt
12,60,13,192,9,1,0.1111111111111111,0.011363636363636364,9.777777777777777,ornith_dual-long-prompt
12,42,13,192,8,1,0.125,0.011363636363636364,11.0,ornith_dual-long-prompt
12,107,13,193,6,1,0.16666666666666666,0.022727272727272728,7.333333333333333,ornith_dual-long-prompt
12,107,13,185,6,1,0.16666666666666666,0.022727272727272728,7.333333333333333,ornith_dual-long-prompt
12,107,13,192,6,1,0.16666666666666666,0.011363636363636364,14.666666666666666,ornith_dual-long-prompt
13,70,14,92,9,1,0.1111111111111111,0.011363636363636364,9.777777777777777,ornith_dual-long-prompt
13,224,14,92,6,1,0.16666666666666666,0.011363636363636364,14.666666666666666,ornith_dual-long-prompt
13,120,14,92,9,1,0.1111111111111111,0.011363636363636364,9.777777777777777,ornith_dual-long-prompt
14,12,15,117,7,1,0.14285714285714285,0.022727272727272728,6.285714285714286,ornith_dual-long-prompt
14,12,15,247,7,1,0.14285714285714285,0.022727272727272728,6.285714285714286,ornith_dual-long-prompt
14,12,15,22,7,1,0.14285714285714285,0.011363636363636364,12.571428571428571,ornith_dual-long-prompt
14,12,15,27,7,1,0.14285714285714285,0.011363636363636364,12.571428571428571,ornith_dual-long-prompt
14,225,15,117,9,1,0.1111111111111111,0.022727272727272728,4.888888888888888,ornith_dual-long-prompt
14,225,15,247,9,1,0.1111111111111111,0.022727272727272728,4.888888888888888,ornith_dual-long-prompt
14,225,15,22,9,1,0.1111111111111111,0.011363636363636364,9.777777777777777,ornith_dual-long-prompt
14,225,15,27,9,1,0.1111111111111111,0.011363636363636364,9.777777777777777,ornith_dual-long-prompt
15,6,16,81,7,1,0.14285714285714285,0.022727272727272728,6.285714285714286,ornith_dual-long-prompt
15,6,16,236,7,1,0.14285714285714285,0.011363636363636364,12.571428571428571,ornith_dual-long-prompt
15,126,16,81,6,1,0.16666666666666666,0.022727272727272728,7.333333333333333,ornith_dual-long-prompt
15,126,16,236,6,1,0.16666666666666666,0.011363636363636364,14.666666666666666,ornith_dual-long-prompt
16,14,17,186,8,1,0.125,0.011363636363636364,11.0,ornith_dual-long-prompt
16,60,17,186,10,1,0.1,0.011363636363636364,8.8,ornith_dual-long-prompt
16,233,17,186,10,1,0.1,0.011363636363636364,8.8,ornith_dual-long-prompt
16,40,17,186,8,1,0.125,0.011363636363636364,11.0,ornith_dual-long-prompt
16,234,17,206,5,1,0.2,0.03409090909090909,5.866666666666667,ornith_dual-long-prompt
16,234,17,186,5,1,0.2,0.011363636363636364,17.6,ornith_dual-long-prompt
16,130,17,186,9,1,0.1111111111111111,0.011363636363636364,9.777777777777777,ornith_dual-long-prompt
17,71,18,46,8,1,0.125,0.011363636363636364,11.0,ornith_dual-long-prompt
17,71,18,194,8,1,0.125,0.011363636363636364,11.0,ornith_dual-long-prompt
17,232,18,46,6,1,0.16666666666666666,0.011363636363636364,14.666666666666666,ornith_dual-long-prompt
17,232,18,194,6,1,0.16666666666666666,0.011363636363636364,14.666666666666666,ornith_dual-long-prompt
17,100,18,46,9,1,0.1111111111111111,0.011363636363636364,9.777777777777777,ornith_dual-long-prompt
17,100,18,194,9,1,0.1111111111111111,0.011363636363636364,9.777777777777777,ornith_dual-long-prompt
17,144,18,46,7,1,0.14285714285714285,0.011363636363636364,12.571428571428571,ornith_dual-long-prompt
17,144,18,194,7,1,0.14285714285714285,0.011363636363636364,12.571428571428571,ornith_dual-long-prompt
18,209,19,206,6,1,0.16666666666666666,0.011363636363636364,14.666666666666666,ornith_dual-long-prompt
18,209,19,154,6,1,0.16666666666666666,0.045454545454545456,3.6666666666666665,ornith_dual-long-prompt
18,30,19,206,8,1,0.125,0.011363636363636364,11.0,ornith_dual-long-prompt
18,55,19,206,6,1,0.16666666666666666,0.011363636363636364,14.666666666666666,ornith_dual-long-prompt
18,182,19,206,8,1,0.125,0.011363636363636364,11.0,ornith_dual-long-prompt
18,195,19,206,7,1,0.14285714285714285,0.011363636363636364,12.571428571428571,ornith_dual-long-prompt
18,195,19,154,7,1,0.14285714285714285,0.045454545454545456,3.142857142857143,ornith_dual-long-prompt
18,121,19,206,5,1,0.2,0.011363636363636364,17.6,ornith_dual-long-prompt
19,215,20,128,9,1,0.1111111111111111,0.011363636363636364,9.777777777777777,ornith_dual-long-prompt
19,37,20,128,5,1,0.2,0.011363636363636364,17.6,ornith_dual-long-prompt
19,239,20,128,7,1,0.14285714285714285,0.011363636363636364,12.571428571428571,ornith_dual-long-prompt
19,23,20,128,6,1,0.16666666666666666,0.011363636363636364,14.666666666666666,ornith_dual-long-prompt
20,50,21,36,6,1,0.16666666666666666,0.011363636363636364,14.666666666666666,ornith_dual-long-prompt
20,172,21,36,7,1,0.14285714285714285,0.011363636363636364,12.571428571428571,ornith_dual-long-prompt
20,72,21,36,9,1,0.1111111111111111,0.011363636363636364,9.777777777777777,ornith_dual-long-prompt
20,186,21,36,5,1,0.2,0.011363636363636364,17.6,ornith_dual-long-prompt
20,3,21,36,8,1,0.125,0.011363636363636364,11.0,ornith_dual-long-prompt
21,128,22,117,7,1,0.14285714285714285,0.011363636363636364,12.571428571428571,ornith_dual-long-prompt
21,128,22,10,7,1,0.14285714285714285,0.011363636363636364,12.571428571428571,ornith_dual-long-prompt
21,128,22,168,7,1,0.14285714285714285,0.011363636363636364,12.571428571428571,ornith_dual-long-prompt
21,95,22,117,10,1,0.1,0.011363636363636364,8.8,ornith_dual-long-prompt
21,95,22,10,10,1,0.1,0.011363636363636364,8.8,ornith_dual-long-prompt
21,95,22,168,10,1,0.1,0.011363636363636364,8.8,ornith_dual-long-prompt
21,58,22,117,6,1,0.16666666666666666,0.011363636363636364,14.666666666666666,ornith_dual-long-prompt
21,58,22,10,6,1,0.16666666666666666,0.011363636363636364,14.666666666666666,ornith_dual-long-prompt
21,58,22,168,6,1,0.16666666666666666,0.011363636363636364,14.666666666666666,ornith_dual-long-prompt
21,43,22,195,5,1,0.2,0.022727272727272728,8.8,ornith_dual-long-prompt
21,43,22,117,5,1,0.2,0.011363636363636364,17.6,ornith_dual-long-prompt
21,43,22,10,5,1,0.2,0.011363636363636364,17.6,ornith_dual-long-prompt
21,43,22,168,5,1,0.2,0.011363636363636364,17.6,ornith_dual-long-prompt
22,192,23,208,7,1,0.14285714285714285,0.022727272727272728,6.285714285714286,ornith_dual-long-prompt
22,192,23,138,7,1,0.14285714285714285,0.011363636363636364,12.571428571428571,ornith_dual-long-prompt
22,192,23,131,7,1,0.14285714285714285,0.011363636363636364,12.571428571428571,ornith_dual-long-prompt
22,192,23,88,7,1,0.14285714285714285,0.011363636363636364,12.571428571428571,ornith_dual-long-prompt
22,194,23,138,8,1,0.125,0.011363636363636364,11.0,ornith_dual-long-prompt
22,194,23,131,8,1,0.125,0.011363636363636364,11.0,ornith_dual-long-prompt
22,194,23,88,8,1,0.125,0.011363636363636364,11.0,ornith_dual-long-prompt
22,70,23,208,8,1,0.125,0.022727272727272728,5.5,ornith_dual-long-prompt
22,70,23,138,8,1,0.125,0.011363636363636364,11.0,ornith_dual-long-prompt
22,70,23,131,8,1,0.125,0.011363636363636364,11.0,ornith_dual-long-prompt
22,70,23,88,8,1,0.125,0.011363636363636364,11.0,ornith_dual-long-prompt
23,237,24,99,5,1,0.2,0.022727272727272728,8.8,ornith_dual-long-prompt
23,237,24,248,5,1,0.2,0.022727272727272728,8.8,ornith_dual-long-prompt
23,237,24,78,5,1,0.2,0.011363636363636364,17.6,ornith_dual-long-prompt
23,237,24,167,5,1,0.2,0.022727272727272728,8.8,ornith_dual-long-prompt
24,173,25,221,5,1,0.2,0.03409090909090909,5.866666666666667,ornith_dual-long-prompt
24,173,25,82,5,1,0.2,0.011363636363636364,17.6,ornith_dual-long-prompt
24,107,25,221,5,1,0.2,0.03409090909090909,5.866666666666667,ornith_dual-long-prompt
24,107,25,82,5,1,0.2,0.011363636363636364,17.6,ornith_dual-long-prompt
24,68,25,221,5,1,0.2,0.03409090909090909,5.866666666666667,ornith_dual-long-prompt
24,68,25,82,5,1,0.2,0.011363636363636364,17.6,ornith_dual-long-prompt
25,70,26,95,10,1,0.1,0.011363636363636364,8.8,ornith_dual-long-prompt
25,70,26,125,10,1,0.1,0.011363636363636364,8.8,ornith_dual-long-prompt
25,70,26,218,10,1,0.1,0.011363636363636364,8.8,ornith_dual-long-prompt
25,70,26,251,10,1,0.1,0.011363636363636364,8.8,ornith_dual-long-prompt
25,194,26,95,5,1,0.2,0.011363636363636364,17.6,ornith_dual-long-prompt
25,194,26,125,5,1,0.2,0.011363636363636364,17.6,ornith_dual-long-prompt
25,194,26,218,5,1,0.2,0.011363636363636364,17.6,ornith_dual-long-prompt
25,194,26,251,5,1,0.2,0.011363636363636364,17.6,ornith_dual-long-prompt
26,12,27,22,7,1,0.14285714285714285,0.011363636363636364,12.571428571428571,ornith_dual-long-prompt
26,12,27,117,7,1,0.14285714285714285,0.011363636363636364,12.571428571428571,ornith_dual-long-prompt
26,12,27,128,7,1,0.14285714285714285,0.011363636363636364,12.571428571428571,ornith_dual-long-prompt
26,119,27,22,7,1,0.14285714285714285,0.011363636363636364,12.571428571428571,ornith_dual-long-prompt
26,119,27,254,7,1,0.14285714285714285,0.022727272727272728,6.285714285714286,ornith_dual-long-prompt
26,119,27,117,7,1,0.14285714285714285,0.011363636363636364,12.571428571428571,ornith_dual-long-prompt
26,119,27,128,7,1,0.14285714285714285,0.011363636363636364,12.571428571428571,ornith_dual-long-prompt
26,225,27,132,8,1,0.125,0.022727272727272728,5.5,ornith_dual-long-prompt
26,225,27,22,8,1,0.125,0.011363636363636364,11.0,ornith_dual-long-prompt
26,225,27,117,8,1,0.125,0.011363636363636364,11.0,ornith_dual-long-prompt
26,225,27,128,8,1,0.125,0.011363636363636364,11.0,ornith_dual-long-prompt
27,6,28,210,7,1,0.14285714285714285,0.011363636363636364,12.571428571428571,ornith_dual-long-prompt
27,218,28,210,7,1,0.14285714285714285,0.011363636363636364,12.571428571428571,ornith_dual-long-prompt
28,14,29,186,8,1,0.125,0.011363636363636364,11.0,ornith_dual-long-prompt
28,60,29,186,9,1,0.1111111111111111,0.011363636363636364,9.777777777777777,ornith_dual-long-prompt
28,233,29,186,10,1,0.1,0.011363636363636364,8.8,ornith_dual-long-prompt
28,130,29,186,9,1,0.1111111111111111,0.011363636363636364,9.777777777777777,ornith_dual-long-prompt
28,113,29,186,8,1,0.125,0.011363636363636364,11.0,ornith_dual-long-prompt
28,40,29,186,7,1,0.14285714285714285,0.011363636363636364,12.571428571428571,ornith_dual-long-prompt
29,144,30,166,7,1,0.14285714285714285,0.022727272727272728,6.285714285714286,ornith_dual-long-prompt
29,100,30,36,6,1,0.16666666666666666,0.03409090909090909,4.888888888888889,ornith_dual-long-prompt
30,30,31,41,8,1,0.125,0.011363636363636364,11.0,ornith_dual-long-prompt
30,30,31,247,8,1,0.125,0.011363636363636364,11.0,ornith_dual-long-prompt
30,182,31,41,9,1,0.1111111111111111,0.011363636363636364,9.777777777777777,ornith_dual-long-prompt
30,182,31,247,9,1,0.1111111111111111,0.011363636363636364,9.777777777777777,ornith_dual-long-prompt
30,34,31,41,6,1,0.16666666666666666,0.011363636363636364,14.666666666666666,ornith_dual-long-prompt
30,34,31,247,6,1,0.16666666666666666,0.011363636363636364,14.666666666666666,ornith_dual-long-prompt
30,34,31,23,6,1,0.16666666666666666,0.022727272727272728,7.333333333333333,ornith_dual-long-prompt
31,215,32,209,9,1,0.1111111111111111,0.022727272727272728,4.888888888888888,ornith_dual-long-prompt
31,215,32,61,9,1,0.1111111111111111,0.011363636363636364,9.777777777777777,ornith_dual-long-prompt
31,173,32,209,7,1,0.14285714285714285,0.022727272727272728,6.285714285714286,ornith_dual-long-prompt
31,173,32,61,7,1,0.14285714285714285,0.011363636363636364,12.571428571428571,ornith_dual-long-prompt
31,162,32,61,9,1,0.1111111111111111,0.011363636363636364,9.777777777777777,ornith_dual-long-prompt
32,191,33,198,10,1,0.1,0.011363636363636364,8.8,ornith_dual-long-prompt
32,101,33,198,9,1,0.1111111111111111,0.011363636363636364,9.777777777777777,ornith_dual-long-prompt
32,27,33,198,6,1,0.16666666666666666,0.011363636363636364,14.666666666666666,ornith_dual-long-prompt
33,165,34,164,9,1,0.1111111111111111,0.011363636363636364,9.777777777777777,ornith_dual-long-prompt
33,165,34,204,9,1,0.1111111111111111,0.022727272727272728,4.888888888888888,ornith_dual-long-prompt
33,127,34,164,10,1,0.1,0.011363636363636364,8.8,ornith_dual-long-prompt
33,12,34,164,5,1,0.2,0.011363636363636364,17.6,ornith_dual-long-prompt
33,12,34,204,5,1,0.2,0.022727272727272728,8.8,ornith_dual-long-prompt
33,201,34,164,5,1,0.2,0.011363636363636364,17.6,ornith_dual-long-prompt
34,57,35,225,6,1,0.16666666666666666,0.022727272727272728,7.333333333333333,ornith_dual-long-prompt
34,137,35,96,5,1,0.2,0.045454545454545456,4.4,ornith_dual-long-prompt
34,137,35,225,5,1,0.2,0.022727272727272728,8.8,ornith_dual-long-prompt
34,137,35,30,5,1,0.2,0.022727272727272728,8.8,ornith_dual-long-prompt
35,131,36,60,8,1,0.125,0.011363636363636364,11.0,ornith_dual-long-prompt
35,35,36,60,9,1,0.1111111111111111,0.011363636363636364,9.777777777777777,ornith_dual-long-prompt
35,97,36,60,8,1,0.125,0.011363636363636364,11.0,ornith_dual-long-prompt
36,14,37,126,5,1,0.2,0.022727272727272728,8.8,ornith_dual-long-prompt
36,14,37,37,5,1,0.2,0.03409090909090909,5.866666666666667,ornith_dual-long-prompt
36,14,37,162,5,1,0.2,0.022727272727272728,8.8,ornith_dual-long-prompt
36,18,37,126,7,1,0.14285714285714285,0.022727272727272728,6.285714285714286,ornith_dual-long-prompt
36,18,37,162,7,1,0.14285714285714285,0.022727272727272728,6.285714285714286,ornith_dual-long-prompt
37,55,38,47,9,1,0.1111111111111111,0.011363636363636364,9.777777777777777,ornith_dual-long-prompt
37,55,38,228,9,1,0.1111111111111111,0.011363636363636364,9.777777777777777,ornith_dual-long-prompt
37,99,38,47,5,1,0.2,0.011363636363636364,17.6,ornith_dual-long-prompt
37,99,38,228,5,1,0.2,0.011363636363636364,17.6,ornith_dual-long-prompt
37,166,38,47,7,1,0.14285714285714285,0.011363636363636364,12.571428571428571,ornith_dual-long-prompt
37,166,38,228,7,1,0.14285714285714285,0.011363636363636364,12.571428571428571,ornith_dual-long-prompt
37,87,38,47,6,1,0.16666666666666666,0.011363636363636364,14.666666666666666,ornith_dual-long-prompt
37,87,38,228,6,1,0.16666666666666666,0.011363636363636364,14.666666666666666,ornith_dual-long-prompt
37,83,38,47,5,1,0.2,0.011363636363636364,17.6,ornith_dual-long-prompt
37,83,38,228,5,1,0.2,0.011363636363636364,17.6,ornith_dual-long-prompt
38,209,39,167,11,1,0.09090909090909091,0.011363636363636364,8.0,ornith_dual-long-prompt
38,173,39,167,8,1,0.125,0.011363636363636364,11.0,ornith_dual-long-prompt
38,14,39,167,7,1,0.14285714285714285,0.011363636363636364,12.571428571428571,ornith_dual-long-prompt
38,39,39,167,6,1,0.16666666666666666,0.011363636363636364,14.666666666666666,ornith_dual-long-prompt
1,236,2,127,5,1,0.2,0.011363636363636364,17.6,ornith_dual-long-prompt
1,236,2,174,5,1,0.2,0.011363636363636364,17.6,ornith_dual-long-prompt
1,236,2,204,5,1,0.2,0.011363636363636364,17.6,ornith_dual-long-prompt
1,236,2,0,5,1,0.2,0.022727272727272728,8.8,ornith_dual-long-prompt
1,236,2,168,5,1,0.2,0.011363636363636364,17.6,ornith_dual-long-prompt
3,163,4,101,6,1,0.16666666666666666,0.011363636363636364,14.666666666666666,ornith_dual-long-prompt
3,163,4,24,6,1,0.16666666666666666,0.011363636363636364,14.666666666666666,ornith_dual-long-prompt
4,206,5,190,5,1,0.2,0.022727272727272728,8.8,ornith_dual-long-prompt
4,206,5,171,5,1,0.2,0.011363636363636364,17.6,ornith_dual-long-prompt
4,206,5,3,5,1,0.2,0.011363636363636364,17.6,ornith_dual-long-prompt
4,30,5,171,8,1,0.125,0.011363636363636364,11.0,ornith_dual-long-prompt
4,30,5,3,8,1,0.125,0.011363636363636364,11.0,ornith_dual-long-prompt
4,134,5,171,8,1,0.125,0.011363636363636364,11.0,ornith_dual-long-prompt
4,134,5,3,8,1,0.125,0.011363636363636364,11.0,ornith_dual-long-prompt
5,64,6,123,7,1,0.14285714285714285,0.011363636363636364,12.571428571428571,ornith_dual-long-prompt
5,139,6,123,7,1,0.14285714285714285,0.011363636363636364,12.571428571428571,ornith_dual-long-prompt
5,75,6,123,5,1,0.2,0.011363636363636364,17.6,ornith_dual-long-prompt
5,75,6,25,5,1,0.2,0.03409090909090909,5.866666666666667,ornith_dual-long-prompt
5,46,6,123,7,1,0.14285714285714285,0.011363636363636364,12.571428571428571,ornith_dual-long-prompt
6,149,7,125,8,1,0.125,0.022727272727272728,5.5,ornith_dual-long-prompt
6,195,7,125,6,1,0.16666666666666666,0.022727272727272728,7.333333333333333,ornith_dual-long-prompt
6,195,7,62,6,1,0.16666666666666666,0.022727272727272728,7.333333333333333,ornith_dual-long-prompt
6,9,7,125,5,1,0.2,0.022727272727272728,8.8,ornith_dual-long-prompt
6,9,7,38,5,1,0.2,0.022727272727272728,8.8,ornith_dual-long-prompt
6,9,7,133,5,1,0.2,0.022727272727272728,8.8,ornith_dual-long-prompt
6,242,7,125,5,1,0.2,0.022727272727272728,8.8,ornith_dual-long-prompt
6,242,7,62,5,1,0.2,0.022727272727272728,8.8,ornith_dual-long-prompt
7,245,8,63,10,1,0.1,0.011363636363636364,8.8,ornith_dual-long-prompt
7,245,8,169,10,1,0.1,0.011363636363636364,8.8,ornith_dual-long-prompt
7,166,8,63,7,1,0.14285714285714285,0.011363636363636364,12.571428571428571,ornith_dual-long-prompt
7,166,8,169,7,1,0.14285714285714285,0.011363636363636364,12.571428571428571,ornith_dual-long-prompt
7,95,8,63,8,1,0.125,0.011363636363636364,11.0,ornith_dual-long-prompt
7,95,8,169,8,1,0.125,0.011363636363636364,11.0,ornith_dual-long-prompt
7,116,8,63,9,1,0.1111111111111111,0.011363636363636364,9.777777777777777,ornith_dual-long-prompt
7,116,8,169,9,1,0.1111111111111111,0.011363636363636364,9.777777777777777,ornith_dual-long-prompt
9,95,10,95,11,1,0.09090909090909091,0.011363636363636364,8.0,ornith_dual-long-prompt
9,95,10,74,11,1,0.09090909090909091,0.011363636363636364,8.0,ornith_dual-long-prompt
9,162,10,95,5,1,0.2,0.011363636363636364,17.6,ornith_dual-long-prompt
9,162,10,74,5,1,0.2,0.011363636363636364,17.6,ornith_dual-long-prompt
9,99,10,95,8,1,0.125,0.011363636363636364,11.0,ornith_dual-long-prompt
9,99,10,74,8,1,0.125,0.011363636363636364,11.0,ornith_dual-long-prompt
9,121,10,95,6,1,0.16666666666666666,0.011363636363636364,14.666666666666666,ornith_dual-long-prompt
9,121,10,74,6,1,0.16666666666666666,0.011363636363636364,14.666666666666666,ornith_dual-long-prompt
10,70,11,215,10,1,0.1,0.011363636363636364,8.8,ornith_dual-long-prompt
10,70,11,37,10,1,0.1,0.011363636363636364,8.8,ornith_dual-long-prompt
10,194,11,215,10,1,0.1,0.011363636363636364,8.8,ornith_dual-long-prompt
10,194,11,37,10,1,0.1,0.011363636363636364,8.8,ornith_dual-long-prompt
10,184,11,154,5,1,0.2,0.022727272727272728,8.8,ornith_dual-long-prompt
10,184,11,215,5,1,0.2,0.011363636363636364,17.6,ornith_dual-long-prompt
10,184,11,143,5,1,0.2,0.045454545454545456,4.4,ornith_dual-long-prompt
10,184,11,37,5,1,0.2,0.011363636363636364,17.6,ornith_dual-long-prompt
11,191,12,124,6,1,0.16666666666666666,0.022727272727272728,7.333333333333333,ornith_dual-long-prompt
11,237,12,124,7,1,0.14285714285714285,0.022727272727272728,6.285714285714286,ornith_dual-long-prompt
12,173,13,194,6,1,0.16666666666666666,0.03409090909090909,4.888888888888889,ornith_dual-long-prompt
12,173,13,171,6,1,0.16666666666666666,0.011363636363636364,14.666666666666666,ornith_dual-long-prompt
12,60,13,171,9,1,0.1111111111111111,0.011363636363636364,9.777777777777777,ornith_dual-long-prompt
12,42,13,171,8,1,0.125,0.011363636363636364,11.0,ornith_dual-long-prompt
12,107,13,194,6,1,0.16666666666666666,0.03409090909090909,4.888888888888889,ornith_dual-long-prompt
12,107,13,171,6,1,0.16666666666666666,0.011363636363636364,14.666666666666666,ornith_dual-long-prompt
14,12,15,191,7,1,0.14285714285714285,0.022727272727272728,6.285714285714286,ornith_dual-long-prompt
14,12,15,132,7,1,0.14285714285714285,0.011363636363636364,12.571428571428571,ornith_dual-long-prompt
14,225,15,191,9,1,0.1111111111111111,0.022727272727272728,4.888888888888888,ornith_dual-long-prompt
14,225,15,132,9,1,0.1111111111111111,0.011363636363636364,9.777777777777777,ornith_dual-long-prompt
14,30,15,191,5,1,0.2,0.022727272727272728,8.8,ornith_dual-long-prompt
14,30,15,97,5,1,0.2,0.022727272727272728,8.8,ornith_dual-long-prompt
14,30,15,132,5,1,0.2,0.011363636363636364,17.6,ornith_dual-long-prompt
15,82,16,223,5,1,0.2,0.022727272727272728,8.8,ornith_dual-long-prompt
16,14,17,119,8,1,0.125,0.011363636363636364,11.0,ornith_dual-long-prompt
16,60,17,119,10,1,0.1,0.011363636363636364,8.8,ornith_dual-long-prompt
16,233,17,119,10,1,0.1,0.011363636363636364,8.8,ornith_dual-long-prompt
16,40,17,119,8,1,0.125,0.011363636363636364,11.0,ornith_dual-long-prompt
16,130,17,119,9,1,0.1111111111111111,0.011363636363636364,9.777777777777777,ornith_dual-long-prompt
16,234,17,119,5,1,0.2,0.011363636363636364,17.6,ornith_dual-long-prompt
18,195,19,162,7,1,0.14285714285714285,0.045454545454545456,3.142857142857143,ornith_dual-long-prompt
18,209,19,162,6,1,0.16666666666666666,0.045454545454545456,3.6666666666666665,ornith_dual-long-prompt
19,239,20,194,7,1,0.14285714285714285,0.022727272727272728,6.285714285714286,ornith_dual-long-prompt
19,239,20,63,7,1,0.14285714285714285,0.011363636363636364,12.571428571428571,ornith_dual-long-prompt
19,215,20,63,9,1,0.1111111111111111,0.011363636363636364,9.777777777777777,ornith_dual-long-prompt
19,23,20,194,6,1,0.16666666666666666,0.022727272727272728,7.333333333333333,ornith_dual-long-prompt
19,23,20,63,6,1,0.16666666666666666,0.011363636363636364,14.666666666666666,ornith_dual-long-prompt
19,37,20,193,5,1,0.2,0.045454545454545456,4.4,ornith_dual-long-prompt
19,37,20,194,5,1,0.2,0.022727272727272728,8.8,ornith_dual-long-prompt
19,37,20,63,5,1,0.2,0.011363636363636364,17.6,ornith_dual-long-prompt
20,50,21,103,6,1,0.16666666666666666,0.011363636363636364,14.666666666666666,ornith_dual-long-prompt
20,50,21,107,6,1,0.16666666666666666,0.022727272727272728,7.333333333333333,ornith_dual-long-prompt
20,172,21,103,7,1,0.14285714285714285,0.011363636363636364,12.571428571428571,ornith_dual-long-prompt
20,172,21,107,7,1,0.14285714285714285,0.022727272727272728,6.285714285714286,ornith_dual-long-prompt
20,72,21,103,9,1,0.1111111111111111,0.011363636363636364,9.777777777777777,ornith_dual-long-prompt
20,3,21,103,8,1,0.125,0.011363636363636364,11.0,ornith_dual-long-prompt
21,95,22,74,10,1,0.1,0.011363636363636364,8.8,ornith_dual-long-prompt
21,58,22,74,6,1,0.16666666666666666,0.011363636363636364,14.666666666666666,ornith_dual-long-prompt
21,128,22,74,7,1,0.14285714285714285,0.011363636363636364,12.571428571428571,ornith_dual-long-prompt
22,70,23,51,8,1,0.125,0.011363636363636364,11.0,ornith_dual-long-prompt
22,70,23,225,8,1,0.125,0.011363636363636364,11.0,ornith_dual-long-prompt
22,70,23,136,8,1,0.125,0.011363636363636364,11.0,ornith_dual-long-prompt
22,192,23,51,7,1,0.14285714285714285,0.011363636363636364,12.571428571428571,ornith_dual-long-prompt
22,192,23,174,7,1,0.14285714285714285,0.022727272727272728,6.285714285714286,ornith_dual-long-prompt
22,192,23,225,7,1,0.14285714285714285,0.011363636363636364,12.571428571428571,ornith_dual-long-prompt
22,192,23,56,7,1,0.14285714285714285,0.03409090909090909,4.190476190476191,ornith_dual-long-prompt
22,192,23,136,7,1,0.14285714285714285,0.011363636363636364,12.571428571428571,ornith_dual-long-prompt
22,194,23,51,8,1,0.125,0.011363636363636364,11.0,ornith_dual-long-prompt
22,194,23,174,8,1,0.125,0.022727272727272728,5.5,ornith_dual-long-prompt
22,194,23,225,8,1,0.125,0.011363636363636364,11.0,ornith_dual-long-prompt
22,194,23,136,8,1,0.125,0.011363636363636364,11.0,ornith_dual-long-prompt
22,82,23,51,5,1,0.2,0.011363636363636364,17.6,ornith_dual-long-prompt
22,82,23,191,5,1,0.2,0.056818181818181816,3.5200000000000005,ornith_dual-long-prompt
22,82,23,174,5,1,0.2,0.022727272727272728,8.8,ornith_dual-long-prompt
22,82,23,225,5,1,0.2,0.011363636363636364,17.6,ornith_dual-long-prompt
22,82,23,56,5,1,0.2,0.03409090909090909,5.866666666666667,ornith_dual-long-prompt
22,82,23,33,5,1,0.2,0.03409090909090909,5.866666666666667,ornith_dual-long-prompt
22,82,23,136,5,1,0.2,0.011363636363636364,17.6,ornith_dual-long-prompt
23,191,24,248,5,1,0.2,0.022727272727272728,8.8,ornith_dual-long-prompt
23,191,24,2,5,1,0.2,0.011363636363636364,17.6,ornith_dual-long-prompt
23,191,24,99,5,1,0.2,0.022727272727272728,8.8,ornith_dual-long-prompt
24,1,25,221,8,1,0.125,0.03409090909090909,3.666666666666667,ornith_dual-long-prompt
24,60,25,221,6,1,0.16666666666666666,0.03409090909090909,4.888888888888889,ornith_dual-long-prompt
24,60,25,166,6,1,0.16666666666666666,0.022727272727272728,7.333333333333333,ornith_dual-long-prompt
25,202,26,17,6,1,0.16666666666666666,0.022727272727272728,7.333333333333333,ornith_dual-long-prompt
25,202,26,209,6,1,0.16666666666666666,0.03409090909090909,4.888888888888889,ornith_dual-long-prompt
26,12,27,191,7,1,0.14285714285714285,0.022727272727272728,6.285714285714286,ornith_dual-long-prompt
26,12,27,155,7,1,0.14285714285714285,0.022727272727272728,6.285714285714286,ornith_dual-long-prompt
26,12,27,229,7,1,0.14285714285714285,0.03409090909090909,4.190476190476191,ornith_dual-long-prompt
26,97,27,191,6,1,0.16666666666666666,0.022727272727272728,7.333333333333333,ornith_dual-long-prompt
26,97,27,132,6,1,0.16666666666666666,0.022727272727272728,7.333333333333333,ornith_dual-long-prompt
26,105,27,191,8,1,0.125,0.022727272727272728,5.5,ornith_dual-long-prompt
26,105,27,132,8,1,0.125,0.022727272727272728,5.5,ornith_dual-long-prompt
26,119,27,191,7,1,0.14285714285714285,0.022727272727272728,6.285714285714286,ornith_dual-long-prompt
26,119,27,155,7,1,0.14285714285714285,0.022727272727272728,6.285714285714286,ornith_dual-long-prompt
26,119,27,229,7,1,0.14285714285714285,0.03409090909090909,4.190476190476191,ornith_dual-long-prompt
27,6,28,223,7,1,0.14285714285714285,0.011363636363636364,12.571428571428571,ornith_dual-long-prompt
27,6,28,50,7,1,0.14285714285714285,0.011363636363636364,12.571428571428571,ornith_dual-long-prompt
27,85,28,114,7,1,0.14285714285714285,0.022727272727272728,6.285714285714286,ornith_dual-long-prompt
27,85,28,223,7,1,0.14285714285714285,0.011363636363636364,12.571428571428571,ornith_dual-long-prompt
27,85,28,50,7,1,0.14285714285714285,0.011363636363636364,12.571428571428571,ornith_dual-long-prompt
28,14,29,220,8,1,0.125,0.011363636363636364,11.0,ornith_dual-long-prompt
28,60,29,220,9,1,0.1111111111111111,0.011363636363636364,9.777777777777777,ornith_dual-long-prompt
28,130,29,220,9,1,0.1111111111111111,0.011363636363636364,9.777777777777777,ornith_dual-long-prompt
28,233,29,220,10,1,0.1,0.011363636363636364,8.8,ornith_dual-long-prompt
29,100,30,199,6,1,0.16666666666666666,0.022727272727272728,7.333333333333333,ornith_dual-long-prompt
29,100,30,220,6,1,0.16666666666666666,0.011363636363636364,14.666666666666666,ornith_dual-long-prompt
29,64,30,99,5,1,0.2,0.045454545454545456,4.4,ornith_dual-long-prompt
29,64,30,116,5,1,0.2,0.03409090909090909,5.866666666666667,ornith_dual-long-prompt
29,64,30,220,5,1,0.2,0.011363636363636364,17.6,ornith_dual-long-prompt
29,144,30,220,7,1,0.14285714285714285,0.011363636363636364,12.571428571428571,ornith_dual-long-prompt
29,71,30,199,8,1,0.125,0.022727272727272728,5.5,ornith_dual-long-prompt
29,71,30,220,8,1,0.125,0.011363636363636364,11.0,ornith_dual-long-prompt
30,121,31,14,7,1,0.14285714285714285,0.011363636363636364,12.571428571428571,ornith_dual-long-prompt
30,121,31,75,7,1,0.14285714285714285,0.022727272727272728,6.285714285714286,ornith_dual-long-prompt
30,182,31,14,9,1,0.1111111111111111,0.011363636363636364,9.777777777777777,ornith_dual-long-prompt
30,182,31,75,9,1,0.1111111111111111,0.022727272727272728,4.888888888888888,ornith_dual-long-prompt
30,34,31,14,6,1,0.16666666666666666,0.011363636363636364,14.666666666666666,ornith_dual-long-prompt
30,34,31,75,6,1,0.16666666666666666,0.022727272727272728,7.333333333333333,ornith_dual-long-prompt
31,35,32,109,6,1,0.16666666666666666,0.011363636363636364,14.666666666666666,ornith_dual-long-prompt
31,35,32,254,6,1,0.16666666666666666,0.011363636363636364,14.666666666666666,ornith_dual-long-prompt
31,35,32,205,6,1,0.16666666666666666,0.022727272727272728,7.333333333333333,ornith_dual-long-prompt
31,35,32,104,6,1,0.16666666666666666,0.011363636363636364,14.666666666666666,ornith_dual-long-prompt
31,162,32,109,9,1,0.1111111111111111,0.011363636363636364,9.777777777777777,ornith_dual-long-prompt
31,162,32,254,9,1,0.1111111111111111,0.011363636363636364,9.777777777777777,ornith_dual-long-prompt
31,162,32,104,9,1,0.1111111111111111,0.011363636363636364,9.777777777777777,ornith_dual-long-prompt
31,215,32,109,9,1,0.1111111111111111,0.011363636363636364,9.777777777777777,ornith_dual-long-prompt
31,215,32,254,9,1,0.1111111111111111,0.011363636363636364,9.777777777777777,ornith_dual-long-prompt
31,215,32,104,9,1,0.1111111111111111,0.011363636363636364,9.777777777777777,ornith_dual-long-prompt
31,20,32,143,5,1,0.2,0.03409090909090909,5.866666666666667,ornith_dual-long-prompt
31,20,32,144,5,1,0.2,0.045454545454545456,4.4,ornith_dual-long-prompt
31,20,32,109,5,1,0.2,0.011363636363636364,17.6,ornith_dual-long-prompt
31,20,32,254,5,1,0.2,0.011363636363636364,17.6,ornith_dual-long-prompt
31,20,32,205,5,1,0.2,0.022727272727272728,8.8,ornith_dual-long-prompt
31,20,32,104,5,1,0.2,0.011363636363636364,17.6,ornith_dual-long-prompt
32,191,33,132,10,1,0.1,0.011363636363636364,8.8,ornith_dual-long-prompt
32,191,33,47,10,1,0.1,0.011363636363636364,8.8,ornith_dual-long-prompt
32,191,33,52,10,1,0.1,0.011363636363636364,8.8,ornith_dual-long-prompt
32,27,33,250,6,1,0.16666666666666666,0.022727272727272728,7.333333333333333,ornith_dual-long-prompt
32,27,33,132,6,1,0.16666666666666666,0.011363636363636364,14.666666666666666,ornith_dual-long-prompt
32,27,33,47,6,1,0.16666666666666666,0.011363636363636364,14.666666666666666,ornith_dual-long-prompt
32,27,33,52,6,1,0.16666666666666666,0.011363636363636364,14.666666666666666,ornith_dual-long-prompt
33,127,34,20,10,1,0.1,0.022727272727272728,4.4,ornith_dual-long-prompt
33,127,34,250,10,1,0.1,0.022727272727272728,4.4,ornith_dual-long-prompt
33,127,34,120,10,1,0.1,0.011363636363636364,8.8,ornith_dual-long-prompt
33,127,34,103,10,1,0.1,0.011363636363636364,8.8,ornith_dual-long-prompt
33,165,34,120,9,1,0.1111111111111111,0.011363636363636364,9.777777777777777,ornith_dual-long-prompt
33,165,34,103,9,1,0.1111111111111111,0.011363636363636364,9.777777777777777,ornith_dual-long-prompt
34,57,35,8,6,1,0.16666666666666666,0.011363636363636364,14.666666666666666,ornith_dual-long-prompt
34,40,35,8,10,1,0.1,0.011363636363636364,8.8,ornith_dual-long-prompt
35,97,36,93,8,1,0.125,0.011363636363636364,11.0,ornith_dual-long-prompt
35,97,36,39,8,1,0.125,0.011363636363636364,11.0,ornith_dual-long-prompt
35,35,36,93,9,1,0.1111111111111111,0.011363636363636364,9.777777777777777,ornith_dual-long-prompt
35,35,36,39,9,1,0.1111111111111111,0.011363636363636364,9.777777777777777,ornith_dual-long-prompt
35,131,36,93,8,1,0.125,0.011363636363636364,11.0,ornith_dual-long-prompt
35,131,36,39,8,1,0.125,0.011363636363636364,11.0,ornith_dual-long-prompt
36,73,37,169,9,1,0.1111111111111111,0.011363636363636364,9.777777777777777,ornith_dual-long-prompt
36,73,37,4,9,1,0.1111111111111111,0.011363636363636364,9.777777777777777,ornith_dual-long-prompt
36,73,37,76,9,1,0.1111111111111111,0.022727272727272728,4.888888888888888,ornith_dual-long-prompt
36,73,37,145,9,1,0.1111111111111111,0.022727272727272728,4.888888888888888,ornith_dual-long-prompt
36,73,37,127,9,1,0.1111111111111111,0.011363636363636364,9.777777777777777,ornith_dual-long-prompt
36,14,37,169,5,1,0.2,0.011363636363636364,17.6,ornith_dual-long-prompt
36,14,37,4,5,1,0.2,0.011363636363636364,17.6,ornith_dual-long-prompt
36,14,37,127,5,1,0.2,0.011363636363636364,17.6,ornith_dual-long-prompt
36,77,37,169,5,1,0.2,0.011363636363636364,17.6,ornith_dual-long-prompt
36,77,37,4,5,1,0.2,0.011363636363636364,17.6,ornith_dual-long-prompt
36,77,37,76,5,1,0.2,0.022727272727272728,8.8,ornith_dual-long-prompt
36,77,37,145,5,1,0.2,0.022727272727272728,8.8,ornith_dual-long-prompt
36,77,37,127,5,1,0.2,0.011363636363636364,17.6,ornith_dual-long-prompt
36,18,37,169,7,1,0.14285714285714285,0.011363636363636364,12.571428571428571,ornith_dual-long-prompt
36,18,37,4,7,1,0.14285714285714285,0.011363636363636364,12.571428571428571,ornith_dual-long-prompt
36,18,37,127,7,1,0.14285714285714285,0.011363636363636364,12.571428571428571,ornith_dual-long-prompt
37,55,38,61,9,1,0.1111111111111111,0.011363636363636364,9.777777777777777,ornith_dual-long-prompt
37,55,38,169,9,1,0.1111111111111111,0.011363636363636364,9.777777777777777,ornith_dual-long-prompt
37,55,38,158,9,1,0.1111111111111111,0.011363636363636364,9.777777777777777,ornith_dual-long-prompt
37,55,38,163,9,1,0.1111111111111111,0.011363636363636364,9.777777777777777,ornith_dual-long-prompt
37,166,38,61,7,1,0.14285714285714285,0.011363636363636364,12.571428571428571,ornith_dual-long-prompt
37,166,38,169,7,1,0.14285714285714285,0.011363636363636364,12.571428571428571,ornith_dual-long-prompt
37,166,38,158,7,1,0.14285714285714285,0.011363636363636364,12.571428571428571,ornith_dual-long-prompt
37,166,38,163,7,1,0.14285714285714285,0.011363636363636364,12.571428571428571,ornith_dual-long-prompt
37,97,38,61,6,1,0.16666666666666666,0.011363636363636364,14.666666666666666,ornith_dual-long-prompt
37,97,38,169,6,1,0.16666666666666666,0.011363636363636364,14.666666666666666,ornith_dual-long-prompt
37,97,38,158,6,1,0.16666666666666666,0.011363636363636364,14.666666666666666,ornith_dual-long-prompt
37,97,38,163,6,1,0.16666666666666666,0.011363636363636364,14.666666666666666,ornith_dual-long-prompt
38,209,39,231,11,1,0.09090909090909091,0.011363636363636364,8.0,ornith_dual-long-prompt
38,173,39,231,8,1,0.125,0.011363636363636364,11.0,ornith_dual-long-prompt
1,205,2,4,7,1,0.14285714285714285,0.011363636363636364,12.571428571428571,ornith_dual-long-prompt
1,205,2,162,7,1,0.14285714285714285,0.011363636363636364,12.571428571428571,ornith_dual-long-prompt
1,205,2,210,7,1,0.14285714285714285,0.011363636363636364,12.571428571428571,ornith_dual-long-prompt
1,205,2,164,7,1,0.14285714285714285,0.011363636363636364,12.571428571428571,ornith_dual-long-prompt
1,205,2,90,7,1,0.14285714285714285,0.011363636363636364,12.571428571428571,ornith_dual-long-prompt
1,205,2,103,7,1,0.14285714285714285,0.011363636363636364,12.571428571428571,ornith_dual-long-prompt
1,205,2,40,7,1,0.14285714285714285,0.011363636363636364,12.571428571428571,ornith_dual-long-prompt
4,30,5,104,8,1,0.125,0.011363636363636364,11.0,ornith_dual-long-prompt
4,30,5,6,8,1,0.125,0.011363636363636364,11.0,ornith_dual-long-prompt
4,30,5,186,8,1,0.125,0.011363636363636364,11.0,ornith_dual-long-prompt
4,30,5,205,8,1,0.125,0.011363636363636364,11.0,ornith_dual-long-prompt
5,139,6,167,7,1,0.14285714285714285,0.011363636363636364,12.571428571428571,ornith_dual-long-prompt
5,139,6,246,7,1,0.14285714285714285,0.022727272727272728,6.285714285714286,ornith_dual-long-prompt
5,139,6,153,7,1,0.14285714285714285,0.022727272727272728,6.285714285714286,ornith_dual-long-prompt
5,75,6,167,5,1,0.2,0.011363636363636364,17.6,ornith_dual-long-prompt
5,75,6,246,5,1,0.2,0.022727272727272728,8.8,ornith_dual-long-prompt
5,75,6,165,5,1,0.2,0.056818181818181816,3.5200000000000005,ornith_dual-long-prompt
5,75,6,153,5,1,0.2,0.022727272727272728,8.8,ornith_dual-long-prompt
5,46,6,167,7,1,0.14285714285714285,0.011363636363636364,12.571428571428571,ornith_dual-long-prompt
6,165,7,29,5,1,0.2,0.011363636363636364,17.6,ornith_dual-long-prompt
6,165,7,62,5,1,0.2,0.022727272727272728,8.8,ornith_dual-long-prompt
6,149,7,29,8,1,0.125,0.011363636363636364,11.0,ornith_dual-long-prompt
6,71,7,29,6,1,0.16666666666666666,0.011363636363636364,14.666666666666666,ornith_dual-long-prompt
6,71,7,185,6,1,0.16666666666666666,0.022727272727272728,7.333333333333333,ornith_dual-long-prompt
6,9,7,29,5,1,0.2,0.011363636363636364,17.6,ornith_dual-long-prompt
6,9,7,185,5,1,0.2,0.022727272727272728,8.8,ornith_dual-long-prompt
7,245,8,234,10,1,0.1,0.011363636363636364,8.8,ornith_dual-long-prompt
7,245,8,110,10,1,0.1,0.011363636363636364,8.8,ornith_dual-long-prompt
7,116,8,234,9,1,0.1111111111111111,0.011363636363636364,9.777777777777777,ornith_dual-long-prompt
7,116,8,110,9,1,0.1111111111111111,0.011363636363636364,9.777777777777777,ornith_dual-long-prompt
7,95,8,234,8,1,0.125,0.011363636363636364,11.0,ornith_dual-long-prompt
7,95,8,110,8,1,0.125,0.011363636363636364,11.0,ornith_dual-long-prompt
8,72,9,29,9,1,0.1111111111111111,0.011363636363636364,9.777777777777777,ornith_dual-long-prompt
8,72,9,81,9,1,0.1111111111111111,0.011363636363636364,9.777777777777777,ornith_dual-long-prompt
8,72,9,94,9,1,0.1111111111111111,0.011363636363636364,9.777777777777777,ornith_dual-long-prompt
8,3,9,29,9,1,0.1111111111111111,0.011363636363636364,9.777777777777777,ornith_dual-long-prompt
8,3,9,81,9,1,0.1111111111111111,0.011363636363636364,9.777777777777777,ornith_dual-long-prompt
8,3,9,94,9,1,0.1111111111111111,0.011363636363636364,9.777777777777777,ornith_dual-long-prompt
8,123,9,29,11,1,0.09090909090909091,0.011363636363636364,8.0,ornith_dual-long-prompt
8,123,9,81,11,1,0.09090909090909091,0.011363636363636364,8.0,ornith_dual-long-prompt
8,123,9,94,11,1,0.09090909090909091,0.011363636363636364,8.0,ornith_dual-long-prompt
9,95,10,113,11,1,0.09090909090909091,0.011363636363636364,8.0,ornith_dual-long-prompt
9,99,10,113,8,1,0.125,0.011363636363636364,11.0,ornith_dual-long-prompt
10,184,11,174,5,1,0.2,0.011363636363636364,17.6,ornith_dual-long-prompt
10,184,11,144,5,1,0.2,0.011363636363636364,17.6,ornith_dual-long-prompt
10,184,11,7,5,1,0.2,0.011363636363636364,17.6,ornith_dual-long-prompt
10,194,11,174,10,1,0.1,0.011363636363636364,8.8,ornith_dual-long-prompt
10,194,11,144,10,1,0.1,0.011363636363636364,8.8,ornith_dual-long-prompt
10,194,11,7,10,1,0.1,0.011363636363636364,8.8,ornith_dual-long-prompt
10,70,11,174,10,1,0.1,0.011363636363636364,8.8,ornith_dual-long-prompt
10,70,11,144,10,1,0.1,0.011363636363636364,8.8,ornith_dual-long-prompt
10,70,11,7,10,1,0.1,0.011363636363636364,8.8,ornith_dual-long-prompt
11,191,12,149,6,1,0.16666666666666666,0.011363636363636364,14.666666666666666,ornith_dual-long-prompt
12,1,13,220,5,1,0.2,0.011363636363636364,17.6,ornith_dual-long-prompt
12,1,13,60,5,1,0.2,0.011363636363636364,17.6,ornith_dual-long-prompt
12,60,13,220,9,1,0.1111111111111111,0.011363636363636364,9.777777777777777,ornith_dual-long-prompt
12,60,13,60,9,1,0.1111111111111111,0.011363636363636364,9.777777777777777,ornith_dual-long-prompt
12,42,13,220,8,1,0.125,0.011363636363636364,11.0,ornith_dual-long-prompt
12,42,13,60,8,1,0.125,0.011363636363636364,11.0,ornith_dual-long-prompt
14,225,15,218,9,1,0.1111111111111111,0.03409090909090909,3.2592592592592595,ornith_dual-long-prompt
14,30,15,23,5,1,0.2,0.022727272727272728,8.8,ornith_dual-long-prompt
14,30,15,87,5,1,0.2,0.022727272727272728,8.8,ornith_dual-long-prompt
14,30,15,154,5,1,0.2,0.022727272727272728,8.8,ornith_dual-long-prompt
16,130,17,160,9,1,0.1111111111111111,0.011363636363636364,9.777777777777777,ornith_dual-long-prompt
16,40,17,160,8,1,0.125,0.011363636363636364,11.0,ornith_dual-long-prompt
16,60,17,160,10,1,0.1,0.011363636363636364,8.8,ornith_dual-long-prompt
16,233,17,160,10,1,0.1,0.011363636363636364,8.8,ornith_dual-long-prompt
17,100,18,166,9,1,0.1111111111111111,0.022727272727272728,4.888888888888888,ornith_dual-long-prompt
17,71,18,163,8,1,0.125,0.022727272727272728,5.5,ornith_dual-long-prompt
17,71,18,134,8,1,0.125,0.022727272727272728,5.5,ornith_dual-long-prompt
17,71,18,166,8,1,0.125,0.022727272727272728,5.5,ornith_dual-long-prompt
17,71,18,213,8,1,0.125,0.022727272727272728,5.5,ornith_dual-long-prompt
18,34,19,163,8,1,0.125,0.011363636363636364,11.0,ornith_dual-long-prompt
18,182,19,20,8,1,0.125,0.022727272727272728,5.5,ornith_dual-long-prompt
18,182,19,163,8,1,0.125,0.011363636363636364,11.0,ornith_dual-long-prompt
19,215,20,234,9,1,0.1111111111111111,0.011363636363636364,9.777777777777777,ornith_dual-long-prompt
20,72,21,29,9,1,0.1111111111111111,0.011363636363636364,9.777777777777777,ornith_dual-long-prompt
20,72,21,180,9,1,0.1111111111111111,0.011363636363636364,9.777777777777777,ornith_dual-long-prompt
20,3,21,29,8,1,0.125,0.011363636363636364,11.0,ornith_dual-long-prompt
20,3,21,180,8,1,0.125,0.011363636363636364,11.0,ornith_dual-long-prompt
21,95,22,187,10,1,0.1,0.011363636363636364,8.8,ornith_dual-long-prompt
21,44,22,187,5,1,0.2,0.011363636363636364,17.6,ornith_dual-long-prompt
22,70,23,144,8,1,0.125,0.022727272727272728,5.5,ornith_dual-long-prompt
23,191,24,155,5,1,0.2,0.022727272727272728,8.8,ornith_dual-long-prompt
23,191,24,108,5,1,0.2,0.011363636363636364,17.6,ornith_dual-long-prompt
23,191,24,63,5,1,0.2,0.011363636363636364,17.6,ornith_dual-long-prompt
24,1,25,157,8,1,0.125,0.011363636363636364,11.0,ornith_dual-long-prompt
24,1,25,197,8,1,0.125,0.011363636363636364,11.0,ornith_dual-long-prompt
24,1,25,175,8,1,0.125,0.011363636363636364,11.0,ornith_dual-long-prompt
24,221,25,157,5,1,0.2,0.011363636363636364,17.6,ornith_dual-long-prompt
24,221,25,197,5,1,0.2,0.011363636363636364,17.6,ornith_dual-long-prompt
24,221,25,175,5,1,0.2,0.011363636363636364,17.6,ornith_dual-long-prompt
24,60,25,84,6,1,0.16666666666666666,0.022727272727272728,7.333333333333333,ornith_dual-long-prompt
24,60,25,157,6,1,0.16666666666666666,0.011363636363636364,14.666666666666666,ornith_dual-long-prompt
24,60,25,197,6,1,0.16666666666666666,0.011363636363636364,14.666666666666666,ornith_dual-long-prompt
24,60,25,175,6,1,0.16666666666666666,0.011363636363636364,14.666666666666666,ornith_dual-long-prompt
25,70,26,63,10,1,0.1,0.011363636363636364,8.8,ornith_dual-long-prompt
25,202,26,63,6,1,0.16666666666666666,0.011363636363636364,14.666666666666666,ornith_dual-long-prompt
26,105,27,23,8,1,0.125,0.011363636363636364,11.0,ornith_dual-long-prompt
26,225,27,23,8,1,0.125,0.011363636363636364,11.0,ornith_dual-long-prompt
26,225,27,155,8,1,0.125,0.022727272727272728,5.5,ornith_dual-long-prompt
26,97,27,23,6,1,0.16666666666666666,0.011363636363636364,14.666666666666666,ornith_dual-long-prompt
27,85,28,91,7,1,0.14285714285714285,0.011363636363636364,12.571428571428571,ornith_dual-long-prompt
27,218,28,91,7,1,0.14285714285714285,0.011363636363636364,12.571428571428571,ornith_dual-long-prompt
28,233,29,35,10,1,0.1,0.011363636363636364,8.8,ornith_dual-long-prompt
28,233,29,145,10,1,0.1,0.011363636363636364,8.8,ornith_dual-long-prompt
28,130,29,35,9,1,0.1111111111111111,0.011363636363636364,9.777777777777777,ornith_dual-long-prompt
28,130,29,145,9,1,0.1111111111111111,0.011363636363636364,9.777777777777777,ornith_dual-long-prompt
28,113,29,35,8,1,0.125,0.011363636363636364,11.0,ornith_dual-long-prompt
28,113,29,145,8,1,0.125,0.011363636363636364,11.0,ornith_dual-long-prompt
28,60,29,35,9,1,0.1111111111111111,0.011363636363636364,9.777777777777777,ornith_dual-long-prompt
28,60,29,76,9,1,0.1111111111111111,0.022727272727272728,4.888888888888888,ornith_dual-long-prompt
28,60,29,145,9,1,0.1111111111111111,0.011363636363636364,9.777777777777777,ornith_dual-long-prompt
28,40,29,35,7,1,0.14285714285714285,0.011363636363636364,12.571428571428571,ornith_dual-long-prompt
28,40,29,76,7,1,0.14285714285714285,0.022727272727272728,6.285714285714286,ornith_dual-long-prompt
28,40,29,145,7,1,0.14285714285714285,0.011363636363636364,12.571428571428571,ornith_dual-long-prompt
29,64,30,0,5,1,0.2,0.011363636363636364,17.6,ornith_dual-long-prompt
29,71,30,43,8,1,0.125,0.022727272727272728,5.5,ornith_dual-long-prompt
29,71,30,0,8,1,0.125,0.011363636363636364,11.0,ornith_dual-long-prompt
29,71,30,179,8,1,0.125,0.022727272727272728,5.5,ornith_dual-long-prompt
29,100,30,43,6,1,0.16666666666666666,0.022727272727272728,7.333333333333333,ornith_dual-long-prompt
29,100,30,0,6,1,0.16666666666666666,0.011363636363636364,14.666666666666666,ornith_dual-long-prompt
29,100,30,179,6,1,0.16666666666666666,0.022727272727272728,7.333333333333333,ornith_dual-long-prompt
29,232,30,43,8,1,0.125,0.022727272727272728,5.5,ornith_dual-long-prompt
29,232,30,0,8,1,0.125,0.011363636363636364,11.0,ornith_dual-long-prompt
29,232,30,179,8,1,0.125,0.022727272727272728,5.5,ornith_dual-long-prompt
30,30,31,96,8,1,0.125,0.011363636363636364,11.0,ornith_dual-long-prompt
30,30,31,163,8,1,0.125,0.011363636363636364,11.0,ornith_dual-long-prompt
30,30,31,30,8,1,0.125,0.011363636363636364,11.0,ornith_dual-long-prompt
30,121,31,96,7,1,0.14285714285714285,0.011363636363636364,12.571428571428571,ornith_dual-long-prompt
30,121,31,163,7,1,0.14285714285714285,0.011363636363636364,12.571428571428571,ornith_dual-long-prompt
30,121,31,30,7,1,0.14285714285714285,0.011363636363636364,12.571428571428571,ornith_dual-long-prompt
30,182,31,96,9,1,0.1111111111111111,0.011363636363636364,9.777777777777777,ornith_dual-long-prompt
30,182,31,163,9,1,0.1111111111111111,0.011363636363636364,9.777777777777777,ornith_dual-long-prompt
30,182,31,30,9,1,0.1111111111111111,0.011363636363636364,9.777777777777777,ornith_dual-long-prompt
31,162,32,98,9,1,0.1111111111111111,0.011363636363636364,9.777777777777777,ornith_dual-long-prompt
31,162,32,99,9,1,0.1111111111111111,0.011363636363636364,9.777777777777777,ornith_dual-long-prompt
31,162,32,106,9,1,0.1111111111111111,0.011363636363636364,9.777777777777777,ornith_dual-long-prompt
31,20,32,98,5,1,0.2,0.011363636363636364,17.6,ornith_dual-long-prompt
31,20,32,99,5,1,0.2,0.011363636363636364,17.6,ornith_dual-long-prompt
31,20,32,106,5,1,0.2,0.011363636363636364,17.6,ornith_dual-long-prompt
31,215,32,98,9,1,0.1111111111111111,0.011363636363636364,9.777777777777777,ornith_dual-long-prompt
31,215,32,99,9,1,0.1111111111111111,0.011363636363636364,9.777777777777777,ornith_dual-long-prompt
31,215,32,106,9,1,0.1111111111111111,0.011363636363636364,9.777777777777777,ornith_dual-long-prompt
31,35,32,98,6,1,0.16666666666666666,0.011363636363636364,14.666666666666666,ornith_dual-long-prompt
31,35,32,134,6,1,0.16666666666666666,0.022727272727272728,7.333333333333333,ornith_dual-long-prompt
31,35,32,90,6,1,0.16666666666666666,0.022727272727272728,7.333333333333333,ornith_dual-long-prompt
31,35,32,99,6,1,0.16666666666666666,0.011363636363636364,14.666666666666666,ornith_dual-long-prompt
31,35,32,106,6,1,0.16666666666666666,0.011363636363636364,14.666666666666666,ornith_dual-long-prompt
31,173,32,98,7,1,0.14285714285714285,0.011363636363636364,12.571428571428571,ornith_dual-long-prompt
31,173,32,112,7,1,0.14285714285714285,0.045454545454545456,3.142857142857143,ornith_dual-long-prompt
31,173,32,134,7,1,0.14285714285714285,0.022727272727272728,6.285714285714286,ornith_dual-long-prompt
31,173,32,90,7,1,0.14285714285714285,0.022727272727272728,6.285714285714286,ornith_dual-long-prompt
31,173,32,99,7,1,0.14285714285714285,0.011363636363636364,12.571428571428571,ornith_dual-long-prompt
31,173,32,106,7,1,0.14285714285714285,0.011363636363636364,12.571428571428571,ornith_dual-long-prompt
32,191,33,183,10,1,0.1,0.011363636363636364,8.8,ornith_dual-long-prompt
32,191,33,126,10,1,0.1,0.011363636363636364,8.8,ornith_dual-long-prompt
32,101,33,183,9,1,0.1111111111111111,0.011363636363636364,9.777777777777777,ornith_dual-long-prompt
32,101,33,126,9,1,0.1111111111111111,0.011363636363636364,9.777777777777777,ornith_dual-long-prompt
32,101,33,92,9,1,0.1111111111111111,0.022727272727272728,4.888888888888888,ornith_dual-long-prompt
33,127,34,84,10,1,0.1,0.011363636363636364,8.8,ornith_dual-long-prompt
33,127,34,61,10,1,0.1,0.011363636363636364,8.8,ornith_dual-long-prompt
33,127,34,207,10,1,0.1,0.011363636363636364,8.8,ornith_dual-long-prompt
33,165,34,84,9,1,0.1111111111111111,0.011363636363636364,9.777777777777777,ornith_dual-long-prompt
33,165,34,61,9,1,0.1111111111111111,0.011363636363636364,9.777777777777777,ornith_dual-long-prompt
33,165,34,207,9,1,0.1111111111111111,0.011363636363636364,9.777777777777777,ornith_dual-long-prompt
34,40,35,57,10,1,0.1,0.022727272727272728,4.4,ornith_dual-long-prompt
34,40,35,42,10,1,0.1,0.022727272727272728,4.4,ornith_dual-long-prompt
34,57,35,57,6,1,0.16666666666666666,0.022727272727272728,7.333333333333333,ornith_dual-long-prompt
34,57,35,42,6,1,0.16666666666666666,0.022727272727272728,7.333333333333333,ornith_dual-long-prompt
35,35,36,70,9,1,0.1111111111111111,0.011363636363636364,9.777777777777777,ornith_dual-long-prompt
35,97,36,120,8,1,0.125,0.022727272727272728,5.5,ornith_dual-long-prompt
35,97,36,141,8,1,0.125,0.022727272727272728,5.5,ornith_dual-long-prompt
35,97,36,70,8,1,0.125,0.011363636363636364,11.0,ornith_dual-long-prompt
35,97,36,217,8,1,0.125,0.022727272727272728,5.5,ornith_dual-long-prompt
35,131,36,120,8,1,0.125,0.022727272727272728,5.5,ornith_dual-long-prompt
35,131,36,141,8,1,0.125,0.022727272727272728,5.5,ornith_dual-long-prompt
35,131,36,70,8,1,0.125,0.011363636363636364,11.0,ornith_dual-long-prompt
35,131,36,217,8,1,0.125,0.022727272727272728,5.5,ornith_dual-long-prompt
35,131,36,188,8,1,0.125,0.03409090909090909,3.666666666666667,ornith_dual-long-prompt
36,14,37,182,5,1,0.2,0.022727272727272728,8.8,ornith_dual-long-prompt
36,14,37,190,5,1,0.2,0.022727272727272728,8.8,ornith_dual-long-prompt
36,14,37,106,5,1,0.2,0.022727272727272728,8.8,ornith_dual-long-prompt
36,18,37,182,7,1,0.14285714285714285,0.022727272727272728,6.285714285714286,ornith_dual-long-prompt
36,18,37,190,7,1,0.14285714285714285,0.022727272727272728,6.285714285714286,ornith_dual-long-prompt
36,18,37,106,7,1,0.14285714285714285,0.022727272727272728,6.285714285714286,ornith_dual-long-prompt
37,97,38,148,6,1,0.16666666666666666,0.022727272727272728,7.333333333333333,ornith_dual-long-prompt
37,97,38,17,6,1,0.16666666666666666,0.03409090909090909,4.888888888888889,ornith_dual-long-prompt
37,97,38,92,6,1,0.16666666666666666,0.011363636363636364,14.666666666666666,ornith_dual-long-prompt
37,97,38,71,6,1,0.16666666666666666,0.011363636363636364,14.666666666666666,ornith_dual-long-prompt
37,97,38,100,6,1,0.16666666666666666,0.022727272727272728,7.333333333333333,ornith_dual-long-prompt
37,166,38,148,7,1,0.14285714285714285,0.022727272727272728,6.285714285714286,ornith_dual-long-prompt
37,166,38,92,7,1,0.14285714285714285,0.011363636363636364,12.571428571428571,ornith_dual-long-prompt
37,166,38,71,7,1,0.14285714285714285,0.011363636363636364,12.571428571428571,ornith_dual-long-prompt
37,166,38,100,7,1,0.14285714285714285,0.022727272727272728,6.285714285714286,ornith_dual-long-prompt
37,55,38,148,9,1,0.1111111111111111,0.022727272727272728,4.888888888888888,ornith_dual-long-prompt
37,55,38,92,9,1,0.1111111111111111,0.011363636363636364,9.777777777777777,ornith_dual-long-prompt
37,55,38,71,9,1,0.1111111111111111,0.011363636363636364,9.777777777777777,ornith_dual-long-prompt
37,55,38,100,9,1,0.1111111111111111,0.022727272727272728,4.888888888888888,ornith_dual-long-prompt
38,209,39,2,11,1,0.09090909090909091,0.011363636363636364,8.0,ornith_dual-long-prompt
38,209,39,69,11,1,0.09090909090909091,0.011363636363636364,8.0,ornith_dual-long-prompt
38,209,39,189,11,1,0.09090909090909091,0.011363636363636364,8.0,ornith_dual-long-prompt
38,173,39,2,8,1,0.125,0.011363636363636364,11.0,ornith_dual-long-prompt
38,173,39,38,8,1,0.125,0.022727272727272728,5.5,ornith_dual-long-prompt
38,173,39,69,8,1,0.125,0.011363636363636364,11.0,ornith_dual-long-prompt
38,173,39,189,8,1,0.125,0.011363636363636364,11.0,ornith_dual-long-prompt
38,173,39,154,8,1,0.125,0.022727272727272728,5.5,ornith_dual-long-prompt
38,173,39,213,8,1,0.125,0.022727272727272728,5.5,ornith_dual-long-prompt
1,205,2,10,7,1,0.14285714285714285,0.011363636363636364,12.571428571428571,ornith_dual-long-prompt
1,205,2,121,7,1,0.14285714285714285,0.022727272727272728,6.285714285714286,ornith_dual-long-prompt
1,205,2,145,7,1,0.14285714285714285,0.011363636363636364,12.571428571428571,ornith_dual-long-prompt
1,205,2,109,7,1,0.14285714285714285,0.011363636363636364,12.571428571428571,ornith_dual-long-prompt
1,205,2,57,7,1,0.14285714285714285,0.011363636363636364,12.571428571428571,ornith_dual-long-prompt
1,205,2,93,7,1,0.14285714285714285,0.011363636363636364,12.571428571428571,ornith_dual-long-prompt
4,30,5,88,8,1,0.125,0.011363636363636364,11.0,ornith_dual-long-prompt
4,30,5,47,8,1,0.125,0.011363636363636364,11.0,ornith_dual-long-prompt
4,30,5,44,8,1,0.125,0.011363636363636364,11.0,ornith_dual-long-prompt
4,30,5,193,8,1,0.125,0.011363636363636364,11.0,ornith_dual-long-prompt
4,30,5,65,8,1,0.125,0.011363636363636364,11.0,ornith_dual-long-prompt
5,46,6,22,7,1,0.14285714285714285,0.011363636363636364,12.571428571428571,ornith_dual-long-prompt
5,46,6,60,7,1,0.14285714285714285,0.011363636363636364,12.571428571428571,ornith_dual-long-prompt
6,165,7,123,5,1,0.2,0.011363636363636364,17.6,ornith_dual-long-prompt
6,165,7,203,5,1,0.2,0.011363636363636364,17.6,ornith_dual-long-prompt
6,165,7,125,5,1,0.2,0.022727272727272728,8.8,ornith_dual-long-prompt
6,71,7,123,6,1,0.16666666666666666,0.011363636363636364,14.666666666666666,ornith_dual-long-prompt
6,71,7,203,6,1,0.16666666666666666,0.011363636363636364,14.666666666666666,ornith_dual-long-prompt
7,245,8,224,10,1,0.1,0.011363636363636364,8.8,ornith_dual-long-prompt
7,116,8,224,9,1,0.1111111111111111,0.011363636363636364,9.777777777777777,ornith_dual-long-prompt
7,116,8,52,9,1,0.1111111111111111,0.022727272727272728,4.888888888888888,ornith_dual-long-prompt
7,95,8,224,8,1,0.125,0.011363636363636364,11.0,ornith_dual-long-prompt
7,95,8,95,8,1,0.125,0.022727272727272728,5.5,ornith_dual-long-prompt
7,95,8,52,8,1,0.125,0.022727272727272728,5.5,ornith_dual-long-prompt
8,72,9,116,9,1,0.1111111111111111,0.011363636363636364,9.777777777777777,ornith_dual-long-prompt
8,72,9,191,9,1,0.1111111111111111,0.011363636363636364,9.777777777777777,ornith_dual-long-prompt
8,72,9,2,9,1,0.1111111111111111,0.011363636363636364,9.777777777777777,ornith_dual-long-prompt
8,123,9,116,11,1,0.09090909090909091,0.011363636363636364,8.0,ornith_dual-long-prompt
8,123,9,191,11,1,0.09090909090909091,0.011363636363636364,8.0,ornith_dual-long-prompt
8,123,9,2,11,1,0.09090909090909091,0.011363636363636364,8.0,ornith_dual-long-prompt
8,3,9,116,9,1,0.1111111111111111,0.011363636363636364,9.777777777777777,ornith_dual-long-prompt
8,3,9,191,9,1,0.1111111111111111,0.011363636363636364,9.777777777777777,ornith_dual-long-prompt
8,3,9,2,9,1,0.1111111111111111,0.011363636363636364,9.777777777777777,ornith_dual-long-prompt
9,95,10,125,11,1,0.09090909090909091,0.011363636363636364,8.0,ornith_dual-long-prompt
9,99,10,125,8,1,0.125,0.011363636363636364,11.0,ornith_dual-long-prompt
10,70,11,206,10,1,0.1,0.011363636363636364,8.8,ornith_dual-long-prompt
10,70,11,108,10,1,0.1,0.011363636363636364,8.8,ornith_dual-long-prompt
10,70,11,128,10,1,0.1,0.011363636363636364,8.8,ornith_dual-long-prompt
10,70,11,86,10,1,0.1,0.011363636363636364,8.8,ornith_dual-long-prompt
10,70,11,150,10,1,0.1,0.011363636363636364,8.8,ornith_dual-long-prompt
10,194,11,206,10,1,0.1,0.011363636363636364,8.8,ornith_dual-long-prompt
10,194,11,108,10,1,0.1,0.011363636363636364,8.8,ornith_dual-long-prompt
10,194,11,128,10,1,0.1,0.011363636363636364,8.8,ornith_dual-long-prompt
10,194,11,86,10,1,0.1,0.011363636363636364,8.8,ornith_dual-long-prompt
10,194,11,150,10,1,0.1,0.011363636363636364,8.8,ornith_dual-long-prompt
10,184,11,206,5,1,0.2,0.011363636363636364,17.6,ornith_dual-long-prompt
10,184,11,108,5,1,0.2,0.011363636363636364,17.6,ornith_dual-long-prompt
10,184,11,128,5,1,0.2,0.011363636363636364,17.6,ornith_dual-long-prompt
10,184,11,86,5,1,0.2,0.011363636363636364,17.6,ornith_dual-long-prompt
10,184,11,150,5,1,0.2,0.011363636363636364,17.6,ornith_dual-long-prompt
11,191,12,93,6,1,0.16666666666666666,0.011363636363636364,14.666666666666666,ornith_dual-long-prompt
11,191,12,74,6,1,0.16666666666666666,0.011363636363636364,14.666666666666666,ornith_dual-long-prompt
12,60,13,182,9,1,0.1111111111111111,0.011363636363636364,9.777777777777777,ornith_dual-long-prompt
12,60,13,89,9,1,0.1111111111111111,0.011363636363636364,9.777777777777777,ornith_dual-long-prompt
12,60,13,66,9,1,0.1111111111111111,0.022727272727272728,4.888888888888888,ornith_dual-long-prompt
12,1,13,182,5,1,0.2,0.011363636363636364,17.6,ornith_dual-long-prompt
12,1,13,89,5,1,0.2,0.011363636363636364,17.6,ornith_dual-long-prompt
12,42,13,182,8,1,0.125,0.011363636363636364,11.0,ornith_dual-long-prompt
12,42,13,89,8,1,0.125,0.011363636363636364,11.0,ornith_dual-long-prompt
12,42,13,66,8,1,0.125,0.022727272727272728,5.5,ornith_dual-long-prompt
13,70,14,103,9,1,0.1111111111111111,0.011363636363636364,9.777777777777777,ornith_dual-long-prompt
13,70,14,28,9,1,0.1111111111111111,0.011363636363636364,9.777777777777777,ornith_dual-long-prompt
13,70,14,189,9,1,0.1111111111111111,0.011363636363636364,9.777777777777777,ornith_dual-long-prompt
13,120,14,103,9,1,0.1111111111111111,0.011363636363636364,9.777777777777777,ornith_dual-long-prompt
13,120,14,28,9,1,0.1111111111111111,0.011363636363636364,9.777777777777777,ornith_dual-long-prompt
13,120,14,189,9,1,0.1111111111111111,0.011363636363636364,9.777777777777777,ornith_dual-long-prompt
14,225,15,159,9,1,0.1111111111111111,0.011363636363636364,9.777777777777777,ornith_dual-long-prompt
14,225,15,58,9,1,0.1111111111111111,0.011363636363636364,9.777777777777777,ornith_dual-long-prompt
14,225,15,165,9,1,0.1111111111111111,0.011363636363636364,9.777777777777777,ornith_dual-long-prompt
16,130,17,0,9,1,0.1111111111111111,0.011363636363636364,9.777777777777777,ornith_dual-long-prompt
16,130,17,20,9,1,0.1111111111111111,0.011363636363636364,9.777777777777777,ornith_dual-long-prompt
16,130,17,87,9,1,0.1111111111111111,0.011363636363636364,9.777777777777777,ornith_dual-long-prompt
16,233,17,0,10,1,0.1,0.011363636363636364,8.8,ornith_dual-long-prompt
16,233,17,20,10,1,0.1,0.011363636363636364,8.8,ornith_dual-long-prompt
16,233,17,87,10,1,0.1,0.011363636363636364,8.8,ornith_dual-long-prompt
16,40,17,0,8,1,0.125,0.011363636363636364,11.0,ornith_dual-long-prompt
16,40,17,20,8,1,0.125,0.011363636363636364,11.0,ornith_dual-long-prompt
16,40,17,87,8,1,0.125,0.011363636363636364,11.0,ornith_dual-long-prompt
16,60,17,0,10,1,0.1,0.011363636363636364,8.8,ornith_dual-long-prompt
16,60,17,20,10,1,0.1,0.011363636363636364,8.8,ornith_dual-long-prompt
16,60,17,87,10,1,0.1,0.011363636363636364,8.8,ornith_dual-long-prompt
17,248,18,179,8,1,0.125,0.011363636363636364,11.0,ornith_dual-long-prompt
17,248,18,0,8,1,0.125,0.011363636363636364,11.0,ornith_dual-long-prompt
17,100,18,179,9,1,0.1111111111111111,0.011363636363636364,9.777777777777777,ornith_dual-long-prompt
17,100,18,0,9,1,0.1111111111111111,0.011363636363636364,9.777777777777777,ornith_dual-long-prompt
18,34,19,116,8,1,0.125,0.011363636363636364,11.0,ornith_dual-long-prompt
18,34,19,121,8,1,0.125,0.011363636363636364,11.0,ornith_dual-long-prompt
19,215,20,175,9,1,0.1111111111111111,0.022727272727272728,4.888888888888888,ornith_dual-long-prompt
19,215,20,209,9,1,0.1111111111111111,0.011363636363636364,9.777777777777777,ornith_dual-long-prompt
20,3,21,116,8,1,0.125,0.011363636363636364,11.0,ornith_dual-long-prompt
20,3,21,191,8,1,0.125,0.011363636363636364,11.0,ornith_dual-long-prompt
20,72,21,116,9,1,0.1111111111111111,0.011363636363636364,9.777777777777777,ornith_dual-long-prompt
20,72,21,191,9,1,0.1111111111111111,0.011363636363636364,9.777777777777777,ornith_dual-long-prompt
21,95,22,125,10,1,0.1,0.011363636363636364,8.8,ornith_dual-long-prompt
21,95,22,243,10,1,0.1,0.011363636363636364,8.8,ornith_dual-long-prompt
21,95,22,193,10,1,0.1,0.011363636363636364,8.8,ornith_dual-long-prompt
21,44,22,125,5,1,0.2,0.011363636363636364,17.6,ornith_dual-long-prompt
21,44,22,243,5,1,0.2,0.011363636363636364,17.6,ornith_dual-long-prompt
21,44,22,193,5,1,0.2,0.011363636363636364,17.6,ornith_dual-long-prompt
22,70,23,206,8,1,0.125,0.011363636363636364,11.0,ornith_dual-long-prompt
22,70,23,86,8,1,0.125,0.011363636363636364,11.0,ornith_dual-long-prompt
22,70,23,106,8,1,0.125,0.011363636363636364,11.0,ornith_dual-long-prompt
23,191,24,93,5,1,0.2,0.011363636363636364,17.6,ornith_dual-long-prompt
23,191,24,44,5,1,0.2,0.011363636363636364,17.6,ornith_dual-long-prompt
23,191,24,151,5,1,0.2,0.011363636363636364,17.6,ornith_dual-long-prompt
23,191,24,103,5,1,0.2,0.011363636363636364,17.6,ornith_dual-long-prompt
23,191,24,74,5,1,0.2,0.011363636363636364,17.6,ornith_dual-long-prompt
24,221,25,61,5,1,0.2,0.011363636363636364,17.6,ornith_dual-long-prompt
24,221,25,104,5,1,0.2,0.011363636363636364,17.6,ornith_dual-long-prompt
24,221,25,89,5,1,0.2,0.011363636363636364,17.6,ornith_dual-long-prompt
24,60,25,61,6,1,0.16666666666666666,0.011363636363636364,14.666666666666666,ornith_dual-long-prompt
24,60,25,104,6,1,0.16666666666666666,0.011363636363636364,14.666666666666666,ornith_dual-long-prompt
24,60,25,89,6,1,0.16666666666666666,0.011363636363636364,14.666666666666666,ornith_dual-long-prompt
24,1,25,61,8,1,0.125,0.011363636363636364,11.0,ornith_dual-long-prompt
24,1,25,104,8,1,0.125,0.011363636363636364,11.0,ornith_dual-long-prompt
24,1,25,89,8,1,0.125,0.011363636363636364,11.0,ornith_dual-long-prompt
25,202,26,53,6,1,0.16666666666666666,0.011363636363636364,14.666666666666666,ornith_dual-long-prompt
25,202,26,32,6,1,0.16666666666666666,0.011363636363636364,14.666666666666666,ornith_dual-long-prompt
25,70,26,53,10,1,0.1,0.011363636363636364,8.8,ornith_dual-long-prompt
25,70,26,32,10,1,0.1,0.011363636363636364,8.8,ornith_dual-long-prompt
26,105,27,204,8,1,0.125,0.011363636363636364,11.0,ornith_dual-long-prompt
26,105,27,165,8,1,0.125,0.011363636363636364,11.0,ornith_dual-long-prompt
26,105,27,200,8,1,0.125,0.011363636363636364,11.0,ornith_dual-long-prompt
26,225,27,204,8,1,0.125,0.011363636363636364,11.0,ornith_dual-long-prompt
26,225,27,165,8,1,0.125,0.011363636363636364,11.0,ornith_dual-long-prompt
26,225,27,200,8,1,0.125,0.011363636363636364,11.0,ornith_dual-long-prompt
27,218,28,43,7,1,0.14285714285714285,0.011363636363636364,12.571428571428571,ornith_dual-long-prompt
27,218,28,229,7,1,0.14285714285714285,0.011363636363636364,12.571428571428571,ornith_dual-long-prompt
27,218,28,151,7,1,0.14285714285714285,0.011363636363636364,12.571428571428571,ornith_dual-long-prompt
27,85,28,43,7,1,0.14285714285714285,0.011363636363636364,12.571428571428571,ornith_dual-long-prompt
27,85,28,229,7,1,0.14285714285714285,0.011363636363636364,12.571428571428571,ornith_dual-long-prompt
27,85,28,151,7,1,0.14285714285714285,0.011363636363636364,12.571428571428571,ornith_dual-long-prompt
28,130,29,0,9,1,0.1111111111111111,0.011363636363636364,9.777777777777777,ornith_dual-long-prompt
28,130,29,87,9,1,0.1111111111111111,0.011363636363636364,9.777777777777777,ornith_dual-long-prompt
28,130,29,57,9,1,0.1111111111111111,0.011363636363636364,9.777777777777777,ornith_dual-long-prompt
28,130,29,48,9,1,0.1111111111111111,0.011363636363636364,9.777777777777777,ornith_dual-long-prompt
28,130,29,176,9,1,0.1111111111111111,0.011363636363636364,9.777777777777777,ornith_dual-long-prompt
28,233,29,0,10,1,0.1,0.011363636363636364,8.8,ornith_dual-long-prompt
28,233,29,87,10,1,0.1,0.011363636363636364,8.8,ornith_dual-long-prompt
28,233,29,57,10,1,0.1,0.011363636363636364,8.8,ornith_dual-long-prompt
28,233,29,48,10,1,0.1,0.011363636363636364,8.8,ornith_dual-long-prompt
28,233,29,176,10,1,0.1,0.011363636363636364,8.8,ornith_dual-long-prompt
28,113,29,0,8,1,0.125,0.011363636363636364,11.0,ornith_dual-long-prompt
28,113,29,87,8,1,0.125,0.011363636363636364,11.0,ornith_dual-long-prompt
28,113,29,57,8,1,0.125,0.011363636363636364,11.0,ornith_dual-long-prompt
28,113,29,48,8,1,0.125,0.011363636363636364,11.0,ornith_dual-long-prompt
28,113,29,176,8,1,0.125,0.011363636363636364,11.0,ornith_dual-long-prompt
29,64,30,163,5,1,0.2,0.011363636363636364,17.6,ornith_dual-long-prompt
29,64,30,89,5,1,0.2,0.011363636363636364,17.6,ornith_dual-long-prompt
30,30,31,116,8,1,0.125,0.011363636363636364,11.0,ornith_dual-long-prompt
30,30,31,121,8,1,0.125,0.011363636363636364,11.0,ornith_dual-long-prompt
30,30,31,26,8,1,0.125,0.011363636363636364,11.0,ornith_dual-long-prompt
30,30,31,12,8,1,0.125,0.011363636363636364,11.0,ornith_dual-long-prompt
30,182,31,116,9,1,0.1111111111111111,0.011363636363636364,9.777777777777777,ornith_dual-long-prompt
30,182,31,121,9,1,0.1111111111111111,0.011363636363636364,9.777777777777777,ornith_dual-long-prompt
30,182,31,26,9,1,0.1111111111111111,0.011363636363636364,9.777777777777777,ornith_dual-long-prompt
30,182,31,12,9,1,0.1111111111111111,0.011363636363636364,9.777777777777777,ornith_dual-long-prompt
31,162,32,119,9,1,0.1111111111111111,0.011363636363636364,9.777777777777777,ornith_dual-long-prompt
31,162,32,181,9,1,0.1111111111111111,0.011363636363636364,9.777777777777777,ornith_dual-long-prompt
31,162,32,53,9,1,0.1111111111111111,0.011363636363636364,9.777777777777777,ornith_dual-long-prompt
31,162,32,227,9,1,0.1111111111111111,0.011363636363636364,9.777777777777777,ornith_dual-long-prompt
31,20,32,119,5,1,0.2,0.011363636363636364,17.6,ornith_dual-long-prompt
31,20,32,181,5,1,0.2,0.011363636363636364,17.6,ornith_dual-long-prompt
31,20,32,53,5,1,0.2,0.011363636363636364,17.6,ornith_dual-long-prompt
31,20,32,227,5,1,0.2,0.011363636363636364,17.6,ornith_dual-long-prompt
31,215,32,119,9,1,0.1111111111111111,0.011363636363636364,9.777777777777777,ornith_dual-long-prompt
31,215,32,181,9,1,0.1111111111111111,0.011363636363636364,9.777777777777777,ornith_dual-long-prompt
31,215,32,53,9,1,0.1111111111111111,0.011363636363636364,9.777777777777777,ornith_dual-long-prompt
31,215,32,227,9,1,0.1111111111111111,0.011363636363636364,9.777777777777777,ornith_dual-long-prompt
32,191,33,93,10,1,0.1,0.011363636363636364,8.8,ornith_dual-long-prompt
32,191,33,129,10,1,0.1,0.011363636363636364,8.8,ornith_dual-long-prompt
32,191,33,220,10,1,0.1,0.011363636363636364,8.8,ornith_dual-long-prompt
32,191,33,43,10,1,0.1,0.011363636363636364,8.8,ornith_dual-long-prompt
32,191,33,83,10,1,0.1,0.011363636363636364,8.8,ornith_dual-long-prompt
33,127,34,82,10,1,0.1,0.011363636363636364,8.8,ornith_dual-long-prompt
33,127,34,92,10,1,0.1,0.011363636363636364,8.8,ornith_dual-long-prompt
33,127,34,132,10,1,0.1,0.011363636363636364,8.8,ornith_dual-long-prompt
33,127,34,1,10,1,0.1,0.011363636363636364,8.8,ornith_dual-long-prompt
33,165,34,82,9,1,0.1111111111111111,0.011363636363636364,9.777777777777777,ornith_dual-long-prompt
33,165,34,85,9,1,0.1111111111111111,0.022727272727272728,4.888888888888888,ornith_dual-long-prompt
33,165,34,92,9,1,0.1111111111111111,0.011363636363636364,9.777777777777777,ornith_dual-long-prompt
33,165,34,132,9,1,0.1111111111111111,0.011363636363636364,9.777777777777777,ornith_dual-long-prompt
33,165,34,1,9,1,0.1111111111111111,0.011363636363636364,9.777777777777777,ornith_dual-long-prompt
35,35,36,20,9,1,0.1111111111111111,0.011363636363636364,9.777777777777777,ornith_dual-long-prompt
35,35,36,165,9,1,0.1111111111111111,0.011363636363636364,9.777777777777777,ornith_dual-long-prompt
35,35,36,174,9,1,0.1111111111111111,0.011363636363636364,9.777777777777777,ornith_dual-long-prompt
35,35,36,192,9,1,0.1111111111111111,0.011363636363636364,9.777777777777777,ornith_dual-long-prompt
38,209,39,110,11,1,0.09090909090909091,0.011363636363636364,8.0,ornith_dual-long-prompt
38,209,39,243,11,1,0.09090909090909091,0.011363636363636364,8.0,ornith_dual-long-prompt
38,209,39,12,11,1,0.09090909090909091,0.011363636363636364,8.0,ornith_dual-long-prompt
38,209,39,156,11,1,0.09090909090909091,0.011363636363636364,8.0,ornith_dual-long-prompt
