gap_ms,bw_gibps,need_ms_per_record,gap_records_per_row,r,p,k,target_rows,emitted,emitted_correct,emitted_wrong,emit_recall_realized,emit_precision_realized,admitted,dropped_infeasible_at_emit,pf_completed,pf_hit_events,pf_used_keys,pf_completed_never_used,pred_correct_on_miss,ready_before_use_frac,conversions,survival_gains,pollution_extra_fills,fate_completed,fate_skipped_resident,fate_merged,fate_starved,fate_partial,fate_hopeless,fate_infeasible,device_outcome_mismatches,starved,partial_at_deadline,partial_ms_wasted,dropped_hopeless,hopeless_lastgap_skips,pending_depth_mean,pending_depth_max,gap_budget_utilization,host_evictions0,host_evictions1,pf_evictions0,pf_evictions1,evicted_live_pf0,evicted_live_pf1,completion_lead_rows_mean,lead_ms_nominal,decode_preads,preads_saved_net,ssd_gib_avoided_net,ssd_gib_converted_gross,ssd_gib_pollution_cost,device_misses0,device_misses1,extra_h2d_gib,decode_fill_wall_s,wall_saved_s,frac_of_oracle_bound
23.0,0.29,42.94,0.536,0.1,0.1,1,644,4180,418,3762,0.1082,0.1,0,4180,0,0,0,0,137,0.0,0,0,0,0,0,0,0,0,0,4180,0,0,0,0.0,0,0,0,0,0.0,678,411,0,0,0,0,0.0,102.7,1224,0,0.0,0.0,0.0,2284,2161,0.0,42.838,0.0,0.0
23.0,0.29,42.94,0.536,0.1,0.25,1,644,1672,418,1254,0.1082,0.25,0,1672,0,0,0,0,137,0.0,0,0,0,0,0,0,0,0,0,1672,0,0,0,0.0,0,0,0,0,0.0,678,411,0,0,0,0,0.0,102.7,1224,0,0.0,0.0,0.0,2284,2161,0.0,42.838,0.0,0.0
23.0,0.29,42.94,0.536,0.1,0.5,1,644,836,418,418,0.1082,0.5,0,836,0,0,0,0,137,0.0,0,0,0,0,0,0,0,0,0,836,0,0,0,0.0,0,0,0,0,0.0,678,411,0,0,0,0,0.0,102.7,1224,0,0.0,0.0,0.0,2284,2161,0.0,42.838,0.0,0.0
23.0,0.29,42.94,0.536,0.1,0.75,1,644,502,418,84,0.1082,0.8327,0,502,0,0,0,0,137,0.0,0,0,0,0,0,0,0,0,0,502,0,0,0,0.0,0,0,0,0,0.0,678,411,0,0,0,0,0.0,102.7,1224,0,0.0,0.0,0.0,2284,2161,0.0,42.838,0.0,0.0
23.0,0.29,42.94,0.536,0.1,1.0,1,644,418,418,0,0.1082,1.0,0,418,0,0,0,0,137,0.0,0,0,0,0,0,0,0,0,0,418,0,0,0,0.0,0,0,0,0,0.0,678,411,0,0,0,0,0.0,102.7,1224,0,0.0,0.0,0.0,2284,2161,0.0,42.838,0.0,0.0
23.0,0.29,42.94,0.536,0.25,0.1,1,644,9800,980,8820,0.2536,0.1,0,9800,0,0,0,0,316,0.0,0,0,0,0,0,0,0,0,0,9800,0,0,0,0.0,0,0,0,0,0.0,678,411,0,0,0,0,0.0,102.7,1224,0,0.0,0.0,0.0,2284,2161,0.0,42.838,0.0,0.0
23.0,0.29,42.94,0.536,0.25,0.25,1,644,3920,980,2940,0.2536,0.25,0,3920,0,0,0,0,316,0.0,0,0,0,0,0,0,0,0,0,3920,0,0,0,0.0,0,0,0,0,0.0,678,411,0,0,0,0,0.0,102.7,1224,0,0.0,0.0,0.0,2284,2161,0.0,42.838,0.0,0.0
23.0,0.29,42.94,0.536,0.25,0.5,1,644,1960,980,980,0.2536,0.5,0,1960,0,0,0,0,316,0.0,0,0,0,0,0,0,0,0,0,1960,0,0,0,0.0,0,0,0,0,0.0,678,411,0,0,0,0,0.0,102.7,1224,0,0.0,0.0,0.0,2284,2161,0.0,42.838,0.0,0.0
23.0,0.29,42.94,0.536,0.25,0.75,1,644,1284,980,304,0.2536,0.7632,0,1284,0,0,0,0,316,0.0,0,0,0,0,0,0,0,0,0,1284,0,0,0,0.0,0,0,0,0,0.0,678,411,0,0,0,0,0.0,102.7,1224,0,0.0,0.0,0.0,2284,2161,0.0,42.838,0.0,0.0
23.0,0.29,42.94,0.536,0.25,1.0,1,644,980,980,0,0.2536,1.0,0,980,0,0,0,0,316,0.0,0,0,0,0,0,0,0,0,0,980,0,0,0,0.0,0,0,0,0,0.0,678,411,0,0,0,0,0.0,102.7,1224,0,0.0,0.0,0.0,2284,2161,0.0,42.838,0.0,0.0
23.0,0.29,42.94,0.536,0.5,0.1,1,644,19470,1947,17523,0.5039,0.1,0,19470,0,0,0,0,602,0.0,0,0,0,0,0,0,0,0,0,19470,0,0,0,0.0,0,0,0,0,0.0,678,411,0,0,0,0,0.0,102.7,1224,0,0.0,0.0,0.0,2284,2161,0.0,42.838,0.0,0.0
23.0,0.29,42.94,0.536,0.5,0.25,1,644,7788,1947,5841,0.5039,0.25,0,7788,0,0,0,0,602,0.0,0,0,0,0,0,0,0,0,0,7788,0,0,0,0.0,0,0,0,0,0.0,678,411,0,0,0,0,0.0,102.7,1224,0,0.0,0.0,0.0,2284,2161,0.0,42.838,0.0,0.0
23.0,0.29,42.94,0.536,0.5,0.5,1,644,3894,1947,1947,0.5039,0.5,0,3894,0,0,0,0,602,0.0,0,0,0,0,0,0,0,0,0,3894,0,0,0,0.0,0,0,0,0,0.0,678,411,0,0,0,0,0.0,102.7,1224,0,0.0,0.0,0.0,2284,2161,0.0,42.838,0.0,0.0
23.0,0.29,42.94,0.536,0.5,0.75,1,644,2598,1947,651,0.5039,0.7494,0,2598,0,0,0,0,602,0.0,0,0,0,0,0,0,0,0,0,2598,0,0,0,0.0,0,0,0,0,0.0,678,411,0,0,0,0,0.0,102.7,1224,0,0.0,0.0,0.0,2284,2161,0.0,42.838,0.0,0.0
23.0,0.29,42.94,0.536,0.5,1.0,1,644,1947,1947,0,0.5039,1.0,0,1947,0,0,0,0,602,0.0,0,0,0,0,0,0,0,0,0,1947,0,0,0,0.0,0,0,0,0,0.0,678,411,0,0,0,0,0.0,102.7,1224,0,0.0,0.0,0.0,2284,2161,0.0,42.838,0.0,0.0
23.0,0.29,42.94,0.536,0.75,0.1,1,644,28870,2887,25983,0.7472,0.1,0,28870,0,0,0,0,907,0.0,0,0,0,0,0,0,0,0,0,28870,0,0,0,0.0,0,0,0,0,0.0,678,411,0,0,0,0,0.0,102.7,1224,0,0.0,0.0,0.0,2284,2161,0.0,42.838,0.0,0.0
23.0,0.29,42.94,0.536,0.75,0.25,1,644,11548,2887,8661,0.7472,0.25,0,11548,0,0,0,0,907,0.0,0,0,0,0,0,0,0,0,0,11548,0,0,0,0.0,0,0,0,0,0.0,678,411,0,0,0,0,0.0,102.7,1224,0,0.0,0.0,0.0,2284,2161,0.0,42.838,0.0,0.0
23.0,0.29,42.94,0.536,0.75,0.5,1,644,5774,2887,2887,0.7472,0.5,0,5774,0,0,0,0,907,0.0,0,0,0,0,0,0,0,0,0,5774,0,0,0,0.0,0,0,0,0,0.0,678,411,0,0,0,0,0.0,102.7,1224,0,0.0,0.0,0.0,2284,2161,0.0,42.838,0.0,0.0
23.0,0.29,42.94,0.536,0.75,0.75,1,644,3861,2887,974,0.7472,0.7477,0,3861,0,0,0,0,907,0.0,0,0,0,0,0,0,0,0,0,3861,0,0,0,0.0,0,0,0,0,0.0,678,411,0,0,0,0,0.0,102.7,1224,0,0.0,0.0,0.0,2284,2161,0.0,42.838,0.0,0.0
23.0,0.29,42.94,0.536,0.75,1.0,1,644,2887,2887,0,0.7472,1.0,0,2887,0,0,0,0,907,0.0,0,0,0,0,0,0,0,0,0,2887,0,0,0,0.0,0,0,0,0,0.0,678,411,0,0,0,0,0.0,102.7,1224,0,0.0,0.0,0.0,2284,2161,0.0,42.838,0.0,0.0
23.0,0.29,42.94,0.536,1.0,0.1,1,644,38640,3864,34776,1.0,0.1,0,38640,0,0,0,0,1219,0.0,0,0,0,0,0,0,0,0,0,38640,0,0,0,0.0,0,0,0,0,0.0,678,411,0,0,0,0,0.0,102.7,1224,0,0.0,0.0,0.0,2284,2161,0.0,42.838,0.0,0.0
23.0,0.29,42.94,0.536,1.0,0.25,1,644,15456,3864,11592,1.0,0.25,0,15456,0,0,0,0,1219,0.0,0,0,0,0,0,0,0,0,0,15456,0,0,0,0.0,0,0,0,0,0.0,678,411,0,0,0,0,0.0,102.7,1224,0,0.0,0.0,0.0,2284,2161,0.0,42.838,0.0,0.0
23.0,0.29,42.94,0.536,1.0,0.5,1,644,7728,3864,3864,1.0,0.5,0,7728,0,0,0,0,1219,0.0,0,0,0,0,0,0,0,0,0,7728,0,0,0,0.0,0,0,0,0,0.0,678,411,0,0,0,0,0.0,102.7,1224,0,0.0,0.0,0.0,2284,2161,0.0,42.838,0.0,0.0
23.0,0.29,42.94,0.536,1.0,0.75,1,644,5152,3864,1288,1.0,0.75,0,5152,0,0,0,0,1219,0.0,0,0,0,0,0,0,0,0,0,5152,0,0,0,0.0,0,0,0,0,0.0,678,411,0,0,0,0,0.0,102.7,1224,0,0.0,0.0,0.0,2284,2161,0.0,42.838,0.0,0.0
23.0,0.29,42.94,0.536,1.0,1.0,1,644,3864,3864,0,1.0,1.0,0,3864,0,0,0,0,1219,0.0,0,0,0,0,0,0,0,0,0,3864,0,0,0,0.0,0,0,0,0,0.0,678,411,0,0,0,0,0.0,102.7,1224,0,0.0,0.0,0.0,2284,2161,0.0,42.838,0.0,0.0
23.0,0.29,42.94,0.536,0.1,0.1,2,644,4180,418,3762,0.1082,0.1,4180,0,215,200,142,73,137,1.0292,141,0,7,215,2819,0,0,0,1146,0,0,0,0,0.0,1146,0,9.66,40,0.6222,720,450,102,91,17,10,1,205.4,1090,134,1.668,1.756,0.087,2284,2161,0.0,38.083,4.755,0.3981
23.0,0.29,42.94,0.536,0.1,0.25,2,644,1672,418,1254,0.1082,0.25,1672,0,185,191,127,58,137,0.927,127,0,4,185,1139,0,0,0,348,0,0,0,0,0.0,348,0,3.63,16,0.5354,709,442,89,76,14,6,1,205.4,1101,123,1.531,1.581,0.05,2284,2161,0.0,38.577,4.261,0.3567
23.0,0.29,42.94,0.536,0.1,0.5,2,644,836,418,418,0.1082,0.5,836,0,148,190,117,30,137,0.8613,118,0,2,148,576,0,0,0,112,0,0,0,0,0.0,112,0,1.75,8,0.4283,696,425,76,55,7,3,1,205.4,1108,116,1.444,1.469,0.025,2284,2161,0.0,38.764,4.074,0.3411
23.0,0.29,42.94,0.536,0.1,0.75,2,644,502,418,84,0.1082,0.8327,502,0,113,216,108,4,137,0.7956,109,0,0,113,341,0,0,0,48,0,0,0,0,0.0,48,0,1.04,6,0.327,680,413,57,41,12,7,1,205.4,1115,109,1.357,1.357,0.0,2284,2161,0.0,39.022,3.816,0.3195
23.0,0.29,42.94,0.536,0.1,1.0,2,644,418,418,0,0.1082,1.0,418,0,104,203,103,0,137,0.7591,104,0,0,104,281,0,0,0,33,0,0,0,0,0.0,33,0,0.84,4,0.301,678,411,52,38,10,5,1,205.4,1120,104,1.295,1.295,0.0,2284,2161,0.0,39.192,3.646,0.3053
23.0,0.29,42.94,0.536,0.25,0.1,2,644,9800,980,8820,0.2536,0.1,9790,10,290,261,183,107,316,0.5759,182,0,13,290,6595,0,0,0,2905,10,0,0,0,0.0,2905,0,21.32,70,0.8393,742,468,140,124,27,10,1,205.4,1055,169,2.104,2.266,0.162,2284,2161,0.0,37.007,5.831,0.4882
23.0,0.29,42.94,0.536,0.25,0.25,2,644,3920,980,2940,0.2536,0.25,3916,4,265,286,177,88,316,0.5601,177,0,8,265,2663,0,0,0,988,4,0,0,0,0.0,988,0,8.36,28,0.767,731,454,129,109,20,13,1,205.4,1055,169,2.104,2.204,0.1,2284,2161,0.0,36.985,5.852,0.49
23.0,0.29,42.94,0.536,0.25,0.5,2,644,1960,980,980,0.2536,0.5,1958,2,237,322,187,49,316,0.5949,188,0,4,237,1335,0,0,0,386,2,0,0,0,0.0,386,0,4.13,15,0.6859,708,434,118,94,16,7,1,205.4,1040,184,2.291,2.341,0.05,2284,2161,0.0,36.489,6.349,0.5316
23.0,0.29,42.94,0.536,0.25,0.75,2,644,1284,980,304,0.2536,0.7632,1283,1,193,338,175,18,316,0.5538,175,0,0,193,880,0,0,0,210,1,0,0,0,0.0,210,0,2.68,10,0.5586,688,419,98,73,13,7,1,205.4,1049,175,2.179,2.179,0.0,2284,2161,0.0,36.786,6.052,0.5067
23.0,0.29,42.94,0.536,0.25,1.0,2,644,980,980,0,0.2536,1.0,979,1,172,327,172,0,316,0.5443,172,0,0,172,665,0,0,0,142,1,0,0,0,0.0,142,0,1.99,7,0.4978,678,411,87,64,11,4,1,205.4,1052,172,2.142,2.142,0.0,2284,2161,0.0,36.849,5.989,0.5014
23.0,0.29,42.94,0.536,0.5,0.1,2,644,19470,1947,17523,0.5039,0.1,19450,20,318,282,203,108,602,0.3372,203,0,17,318,12955,0,0,0,6177,20,0,0,0,0.0,6177,0,42.23,100,0.9203,748,473,155,133,30,10,1,205.4,1038,186,2.316,2.528,0.212,2284,2161,0.0,36.388,6.45,0.54
23.0,0.29,42.94,0.536,0.5,0.25,2,644,7788,1947,5841,0.5039,0.25,7780,8,310,308,211,98,602,0.3488,210,0,11,310,5292,0,0,0,2178,8,0,0,0,0.0,2178,0,16.39,39,0.8972,736,464,153,128,22,11,1,205.4,1025,199,2.478,2.615,0.137,2284,2161,0.0,35.863,6.974,0.5839
23.0,0.29,42.94,0.536,0.5,0.5,2,644,3894,1947,1947,0.5039,0.5,3890,4,293,362,229,63,602,0.3804,229,0,4,293,2675,0,0,0,922,4,0,0,0,0.0,922,0,8.12,20,0.848,715,442,148,116,25,10,1,205.4,999,225,2.802,2.851,0.05,2284,2161,0.0,34.99,7.848,0.6571
23.0,0.29,42.94,0.536,0.5,0.75,2,644,2598,1947,651,0.5039,0.7494,2595,3,257,394,231,26,602,0.3837,231,0,1,257,1801,0,0,0,537,3,0,0,0,0.0,537,0,5.3,13,0.7438,692,424,132,97,25,12,1,205.4,994,230,2.864,2.876,0.012,2284,2161,0.0,34.864,7.974,0.6676
23.0,0.29,42.94,0.536,0.5,1.0,2,644,1947,1947,0,0.5039,1.0,1945,2,234,446,234,0,602,0.3887,234,0,0,234,1347,0,0,0,364,2,0,0,0,0.0,364,0,3.9,10,0.6772,678,411,124,83,21,4,1,205.4,990,234,2.914,2.914,0.0,2284,2161,0.0,34.765,8.072,0.6758
23.0,0.29,42.94,0.536,0.75,0.1,2,644,28870,2887,25983,0.7472,0.1,28840,30,322,220,182,136,907,0.2007,182,0,21,322,18185,0,0,0,10333,30,0,0,0,0.0,10333,0,64.17,120,0.9319,765,485,158,134,33,10,1,205.4,1063,161,2.005,2.266,0.261,2284,2161,0.0,37.266,5.571,0.4664
23.0,0.29,42.94,0.536,0.75,0.25,2,644,11548,2887,8661,0.7472,0.25,11536,12,319,278,217,99,907,0.2381,216,0,13,319,7792,0,0,0,3425,12,0,0,0,0.0,3425,0,24.81,47,0.9232,740,465,158,131,33,8,1,205.4,1021,203,2.528,2.689,0.162,2284,2161,0.0,35.771,7.066,0.5916
23.0,0.29,42.94,0.536,0.75,0.5,2,644,5774,2887,2887,0.7472,0.5,5768,6,308,369,241,65,907,0.2657,241,0,7,308,3984,0,0,0,1476,6,0,0,0,0.0,1476,0,12.11,24,0.8914,716,447,155,123,27,8,1,205.4,990,234,2.914,3.001,0.087,2284,2161,0.0,34.719,8.119,0.6798
23.0,0.29,42.94,0.536,0.75,0.75,2,644,3861,2887,974,0.7472,0.7477,3857,4,292,400,251,40,907,0.2767,251,0,3,292,2663,0,0,0,902,4,0,0,0,0.0,902,0,8.01,16,0.8451,705,428,151,110,23,9,1,205.4,976,248,3.088,3.125,0.037,2284,2161,0.0,34.219,8.618,0.7215
23.0,0.29,42.94,0.536,0.75,1.0,2,644,2887,2887,0,0.7472,1.0,2884,3,270,472,270,0,907,0.2977,270,0,0,270,1983,0,0,0,631,3,0,0,0,0.0,631,0,5.87,12,0.7814,678,411,143,98,26,3,1,205.4,954,270,3.362,3.362,0.0,2284,2161,0.0,33.474,9.364,0.784
23.0,0.29,42.94,0.536,1.0,0.1,2,644,38640,3864,34776,1.0,0.1,38580,60,322,141,122,193,1219,0.0993,121,0,24,322,21641,0,0,0,16617,60,0,0,0,0.0,16617,0,87.71,120,0.9319,793,521,158,135,27,9,1,205.4,1127,97,1.208,1.507,0.299,2284,2161,0.0,39.545,3.292,0.2756
23.0,0.29,42.94,0.536,1.0,0.25,2,644,15456,3864,11592,1.0,0.25,15432,24,322,297,225,90,1219,0.1846,225,0,13,322,10484,0,0,0,4626,24,0,0,0,0.0,4626,0,33.45,48,0.9319,739,460,157,133,32,7,1,205.4,1012,212,2.64,2.802,0.162,2284,2161,0.0,35.469,7.368,0.6169
23.0,0.29,42.94,0.536,1.0,0.5,2,644,7728,3864,3864,1.0,0.5,7716,12,318,366,257,58,1219,0.2108,257,0,7,318,5304,0,0,0,2094,12,0,0,0,0.0,2094,0,16.45,24,0.9203,717,440,157,129,30,5,1,205.4,974,250,3.113,3.2,0.087,2284,2161,0.0,34.104,8.733,0.7312
23.0,0.29,42.94,0.536,1.0,0.75,2,644,5152,3864,1288,1.0,0.75,5144,8,306,400,266,37,1219,0.2182,266,0,4,306,3553,0,0,0,1285,8,0,0,0,0.0,1285,0,10.79,16,0.8856,706,427,154,120,28,10,1,205.4,962,262,3.262,3.312,0.05,2284,2161,0.0,33.654,9.183,0.7688
23.0,0.29,42.94,0.536,1.0,1.0,2,644,3864,3864,0,1.0,1.0,3858,6,288,476,288,0,1219,0.2363,288,0,0,288,2647,0,0,0,923,6,0,0,0,0.0,923,0,7.96,12,0.8335,678,411,149,107,21,8,1,205.4,936,288,3.586,3.586,0.0,2284,2161,0.0,32.705,10.132,0.8483
23.0,0.29,42.94,0.536,0.1,0.1,3,644,4180,418,3762,0.1082,0.1,4180,0,256,235,164,91,137,1.1898,163,0,10,256,2851,0,0,0,1073,0,0,0,0,0.0,1073,0,13.12,50,0.7409,733,459,122,111,15,12,1.54,308.1,1071,153,1.905,2.03,0.125,2284,2161,0.0,37.479,5.359,0.4487
23.0,0.29,42.94,0.536,0.1,0.25,3,644,1672,418,1254,0.1082,0.25,1672,0,216,230,148,68,137,1.0803,148,0,7,216,1153,0,0,0,303,0,0,0,0,0.0,303,0,4.81,19,0.6251,717,447,106,87,22,4,1.61,308.1,1083,141,1.756,1.843,0.087,2284,2161,0.0,37.924,4.914,0.4114
23.0,0.29,42.94,0.536,0.1,0.5,3,644,836,418,418,0.1082,0.5,836,0,172,219,132,39,137,0.9708,133,0,3,172,580,0,0,0,84,0,0,0,0,0.0,84,0,2.12,10,0.4978,702,429,88,63,12,6,1.7,308.1,1094,130,1.619,1.656,0.037,2284,2161,0.0,38.249,4.589,0.3842
23.0,0.29,42.94,0.536,0.1,0.75,3,644,502,418,84,0.1082,0.8327,502,0,131,255,124,6,137,0.9124,125,0,0,131,341,0,0,0,30,0,0,0,0,0.0,30,0,1.17,6,0.3791,682,413,68,46,13,5,1.79,308.1,1099,125,1.556,1.556,0.0,2284,2161,0.0,38.457,4.38,0.3667
23.0,0.29,42.94,0.536,0.1,1.0,3,644,418,418,0,0.1082,1.0,418,0,119,241,118,0,137,0.8686,119,0,0,119,281,0,0,0,18,0,0,0,0,0.0,18,0,0.94,4,0.3444,678,411,61,42,8,4,1.82,308.1,1105,119,1.482,1.482,0.0,2284,2161,0.0,38.64,4.197,0.3514
23.0,0.29,42.94,0.536,0.25,0.1,3,644,9800,980,8820,0.2536,0.1,9790,10,325,302,210,113,316,0.6614,209,0,18,325,6609,0,0,0,2856,10,0,0,0,0.0,2856,0,34.23,90,0.9406,749,474,158,138,32,14,1.19,308.1,1033,191,2.378,2.602,0.224,2284,2161,0.0,36.27,6.567,0.5498
23.0,0.29,42.94,0.536,0.25,0.25,3,644,3920,980,2940,0.2536,0.25,3916,4,310,357,206,103,316,0.6487,205,0,10,310,2684,0,0,0,922,4,0,0,0,0.0,922,0,12.65,36,0.8972,738,466,148,134,23,6,1.27,308.1,1029,195,2.428,2.552,0.125,2284,2161,0.0,36.031,6.807,0.5699
23.0,0.29,42.94,0.536,0.25,0.5,3,644,1960,980,980,0.2536,0.5,1958,2,280,391,220,60,316,0.693,219,0,4,280,1347,0,0,0,331,2,0,0,0,0.0,331,0,5.85,18,0.8104,712,442,138,113,23,7,1.39,308.1,1009,215,2.677,2.727,0.05,2284,2161,0.0,35.314,7.524,0.6299
23.0,0.29,42.94,0.536,0.25,0.75,3,644,1284,980,304,0.2536,0.7632,1283,1,233,413,209,24,316,0.6614,209,0,1,233,879,0,0,0,171,1,0,0,0,0.0,171,0,3.58,12,0.6743,693,421,119,88,25,5,1.5,308.1,1016,208,2.59,2.602,0.012,2284,2161,0.0,35.6,7.237,0.6059
23.0,0.29,42.94,0.536,0.25,1.0,3,644,980,980,0,0.2536,1.0,979,1,205,397,205,0,316,0.6487,205,0,0,205,666,0,0,0,108,1,0,0,0,0.0,108,0,2.55,9,0.5933,678,411,105,75,16,9,1.55,308.1,1019,205,2.552,2.552,0.0,2284,2161,0.0,35.672,7.166,0.6
23.0,0.29,42.94,0.536,0.5,0.1,3,644,19470,1947,17523,0.5039,0.1,19450,20,343,282,206,131,602,0.3422,206,0,21,343,13006,0,0,0,6101,20,0,0,0,0.0,6101,0,69.09,140,0.9927,766,481,170,143,30,12,1.03,308.1,1039,185,2.303,2.565,0.261,2284,2161,0.0,36.466,6.372,0.5335
23.0,0.29,42.94,0.536,0.5,0.25,3,644,7788,1947,5841,0.5039,0.25,7780,8,339,324,228,110,602,0.3754,226,0,14,339,5322,0,0,0,2119,8,0,0,0,0.0,2119,0,26.8,53,0.9811,749,467,169,140,36,8,1.05,308.1,1012,212,2.64,2.814,0.174,2284,2161,0.0,35.462,7.376,0.6175
23.0,0.29,42.94,0.536,0.5,0.5,3,644,3894,1947,1947,0.5039,0.5,3890,4,324,394,250,73,602,0.4153,250,0,7,324,2687,0,0,0,879,4,0,0,0,0.0,879,0,12.7,27,0.9377,724,446,164,129,29,13,1.15,308.1,981,243,3.026,3.113,0.087,2284,2161,0.0,34.413,8.425,0.7054
23.0,0.29,42.94,0.536,0.5,0.75,3,644,2598,1947,651,0.5039,0.7494,2595,3,298,463,261,37,602,0.4336,261,0,3,298,1810,0,0,0,487,3,0,0,0,0.0,487,0,7.97,19,0.8625,703,426,153,113,19,8,1.26,308.1,966,258,3.212,3.25,0.037,2284,2161,0.0,33.905,8.933,0.7479
23.0,0.29,42.94,0.536,0.5,1.0,3,644,1947,1947,0,0.5039,1.0,1945,2,273,508,273,0,602,0.4535,273,0,0,273,1346,0,0,0,326,2,0,0,0,0.0,326,0,5.57,14,0.7901,678,411,142,98,23,8,1.35,308.1,951,273,3.399,3.399,0.0,2284,2161,0.0,33.348,9.489,0.7945
23.0,0.29,42.94,0.536,0.75,0.1,3,644,28870,2887,25983,0.7472,0.1,28840,30,344,229,177,163,907,0.1951,177,0,25,344,18153,0,0,0,10343,30,0,0,0,0.0,10343,0,105.61,175,0.9956,776,505,173,142,29,16,1.0,308.1,1072,152,1.893,2.204,0.311,2284,2161,0.0,37.551,5.287,0.4426
23.0,0.29,42.94,0.536,0.75,0.25,3,644,11548,2887,8661,0.7472,0.25,11536,12,342,320,242,100,907,0.2657,241,0,16,342,7811,0,0,0,3383,12,0,0,0,0.0,3383,0,40.46,69,0.9898,743,463,168,143,29,14,1.02,308.1,999,225,2.802,3.001,0.199,2284,2161,0.0,34.986,7.851,0.6573
23.0,0.29,42.94,0.536,0.75,0.5,3,644,5774,2887,2887,0.7472,0.5,5768,6,338,429,267,69,907,0.2944,267,0,7,338,3992,0,0,0,1438,6,0,0,0,0.0,1438,0,19.56,36,0.9782,718,449,169,137,26,9,1.07,308.1,964,260,3.237,3.324,0.087,2284,2161,0.0,33.784,9.053,0.758
23.0,0.29,42.94,0.536,0.75,0.75,3,644,3861,2887,974,0.7472,0.7477,3857,4,322,459,283,39,907,0.312,283,0,5,322,2670,0,0,0,865,4,0,0,0,0.0,865,0,12.4,23,0.9319,702,431,165,124,32,12,1.17,308.1,946,278,3.461,3.524,0.062,2284,2161,0.0,33.121,9.717,0.8135
23.0,0.29,42.94,0.536,0.75,1.0,3,644,2887,2887,0,0.7472,1.0,2884,3,304,555,304,0,907,0.3352,304,0,0,304,1982,0,0,0,598,3,0,0,0,0.0,598,0,8.75,17,0.8798,678,411,156,113,22,12,1.26,308.1,920,304,3.785,3.785,0.0,2284,2161,0.0,32.248,10.59,0.8866
23.0,0.29,42.94,0.536,1.0,0.1,3,644,38640,3864,34776,1.0,0.1,38580,60,344,135,112,229,1219,0.0911,111,0,28,344,21495,0,0,0,16741,60,0,0,0,0.0,16741,0,146.13,180,0.9956,811,539,173,142,32,8,1,308.1,1141,83,1.033,1.382,0.349,2284,2161,0.0,39.963,2.874,0.2406
23.0,0.29,42.94,0.536,1.0,0.25,3,644,15456,3864,11592,1.0,0.25,15432,24,343,301,238,100,1219,0.1952,238,0,15,343,10518,0,0,0,4571,24,0,0,0,0.0,4571,0,54.33,72,0.9927,741,468,167,145,30,11,1.02,308.1,1001,223,2.777,2.963,0.187,2284,2161,0.0,35.108,7.729,0.6471
23.0,0.29,42.94,0.536,1.0,0.5,3,644,7728,3864,3864,1.0,0.5,7716,12,342,392,266,73,1219,0.2174,265,0,7,342,5314,0,0,0,2060,12,0,0,0,0.0,2060,0,26.68,36,0.9898,715,458,171,138,34,13,1.03,308.1,966,258,3.212,3.3,0.087,2284,2161,0.0,33.863,8.975,0.7514
23.0,0.29,42.94,0.536,1.0,0.75,3,644,5152,3864,1288,1.0,0.75,5144,8,333,451,290,42,1219,0.2379,290,0,4,333,3569,0,0,0,1242,8,0,0,0,0.0,1242,0,17.06,24,0.9638,702,434,165,132,29,8,1.11,308.1,938,286,3.561,3.611,0.05,2284,2161,0.0,32.816,10.021,0.839
23.0,0.29,42.94,0.536,1.0,1.0,3,644,3864,3864,0,1.0,1.0,3858,6,320,562,320,0,1219,0.2625,320,0,0,320,2648,0,0,0,890,6,0,0,0,0.0,890,0,12.28,18,0.9261,678,411,159,124,28,9,1.17,308.1,904,320,3.984,3.984,0.0,2284,2161,0.0,31.578,11.259,0.9426
23.0,0.29,42.94,0.536,0.1,0.1,6,644,4180,418,3762,0.1082,0.1,4180,0,330,286,198,131,137,1.438,197,0,17,330,2849,0,0,0,1001,0,0,0,0,0.0,1001,0,31.1,90,0.9551,763,476,160,139,32,9,1.95,616.2,1044,180,2.241,2.453,0.212,2284,2161,0.0,36.535,6.303,0.5277
23.0,0.29,42.94,0.536,0.1,0.25,6,644,1672,418,1254,0.1082,0.25,1672,0,303,334,198,105,137,1.438,197,0,11,303,1151,0,0,0,218,0,0,0,0,0.0,218,0,10.26,32,0.8769,745,461,154,121,25,7,2.5,616.2,1038,186,2.316,2.453,0.137,2284,2161,0.0,36.345,6.492,0.5435
23.0,0.29,42.94,0.536,0.1,0.5,6,644,836,418,418,0.1082,0.5,836,0,225,315,177,47,137,1.2993,178,0,4,225,580,0,0,0,31,0,0,0,0,0.0,31,0,3.46,14,0.6512,706,434,117,81,17,11,3.41,616.2,1050,174,2.167,2.216,0.05,2284,2161,0.0,36.746,6.092,0.51
23.0,0.29,42.94,0.536,0.1,0.75,6,644,502,418,84,0.1082,0.8327,502,0,154,297,145,8,137,1.0657,146,0,0,154,343,0,0,0,5,0,0,0,0,0.0,5,0,1.51,9,0.4457,684,413,77,56,15,7,4.09,616.2,1078,146,1.818,1.818,0.0,2284,2161,0.0,37.717,5.12,0.4287
23.0,0.29,42.94,0.536,0.1,1.0,6,644,418,418,0,0.1082,1.0,418,0,134,269,133,0,137,0.9781,134,0,0,134,281,0,0,0,3,0,0,0,0,0.0,3,0,1.1,7,0.3878,678,411,65,48,13,8,4.32,616.2,1090,134,1.668,1.668,0.0,2284,2161,0.0,38.11,4.728,0.3958
23.0,0.29,42.94,0.536,0.25,0.1,6,644,9800,980,8820,0.2536,0.1,9790,10,344,300,207,134,316,0.6487,205,0,20,344,6624,0,0,0,2822,10,0,0,0,0.0,2822,0,78.49,150,0.9956,768,480,171,145,37,10,1.25,616.2,1039,185,2.303,2.552,0.249,2284,2161,0.0,36.428,6.409,0.5366
23.0,0.29,42.94,0.536,0.25,0.25,6,644,3920,980,2940,0.2536,0.25,3916,4,343,341,217,124,316,0.6835,216,0,15,343,2677,0,0,0,896,4,0,0,0,0.0,896,0,30.2,60,0.9927,759,472,173,142,32,11,1.44,616.2,1023,201,2.503,2.689,0.187,2284,2161,0.0,35.779,7.058,0.5909
23.0,0.29,42.94,0.536,0.25,0.5,6,644,1960,980,980,0.2536,0.5,1958,2,329,424,252,76,316,0.7975,252,0,6,329,1345,0,0,0,284,2,0,0,0,0.0,284,0,13.03,30,0.9522,721,451,166,129,29,10,2.07,616.2,978,246,3.063,3.138,0.075,2284,2161,0.0,34.32,8.517,0.7131
23.0,0.29,42.94,0.536,0.25,0.75,6,644,1284,980,304,0.2536,0.7632,1283,1,286,457,254,31,316,0.8038,254,0,0,286,880,0,0,0,117,1,0,0,0,0.0,117,0,6.89,20,0.8277,697,424,150,104,25,10,2.66,616.2,970,254,3.163,3.163,0.0,2284,2161,0.0,34.02,8.818,0.7383
23.0,0.29,42.94,0.536,0.25,1.0,6,644,980,980,0,0.2536,1.0,979,1,249,482,248,0,316,0.788,249,0,0,249,666,0,0,0,64,1,0,0,0,0.0,64,0,4.51,14,0.7206,678,411,129,87,21,9,2.92,616.2,975,249,3.1,3.1,0.0,2284,2161,0.0,34.203,8.635,0.723
23.0,0.29,42.94,0.536,0.5,0.1,6,644,19470,1947,17523,0.5039,0.1,19450,20,344,291,202,139,602,0.3355,202,0,22,344,12993,0,0,0,6113,20,0,0,0,0.0,6113,0,158.69,250,0.9956,769,484,173,141,24,8,1.03,616.2,1044,180,2.241,2.515,0.274,2284,2161,0.0,36.641,6.196,0.5188
23.0,0.29,42.94,0.536,0.5,0.25,6,644,7788,1947,5841,0.5039,0.25,7780,8,344,316,223,119,602,0.3688,222,0,17,344,5322,0,0,0,2114,8,0,0,0,0.0,2114,0,62.24,99,0.9956,757,471,173,141,43,8,1.1,616.2,1019,205,2.552,2.764,0.212,2284,2161,0.0,35.666,7.172,0.6005
23.0,0.29,42.94,0.536,0.5,0.5,6,644,3894,1947,1947,0.5039,0.5,3890,4,342,411,255,87,602,0.4219,254,0,7,342,2691,0,0,0,857,4,0,0,0,0.0,857,0,29.71,50,0.9898,729,455,173,138,25,12,1.32,616.2,977,247,3.075,3.163,0.087,2284,2161,0.0,34.238,8.6,0.72
23.0,0.29,42.94,0.536,0.5,0.75,6,644,2598,1947,651,0.5039,0.7494,2595,3,333,501,291,42,602,0.4817,290,0,3,333,1809,0,0,0,453,3,0,0,0,0.0,453,0,18.33,31,0.9638,703,432,170,126,22,7,1.64,616.2,937,287,3.573,3.611,0.037,2284,2161,0.0,32.944,9.894,0.8284
23.0,0.29,42.94,0.536,0.5,1.0,6,644,1947,1947,0,0.5039,1.0,1945,2,314,590,313,0,602,0.5216,314,0,0,314,1347,0,0,0,284,2,0,0,0,0.0,284,0,12.45,25,0.9088,678,411,160,114,24,7,1.94,616.2,910,314,3.91,3.91,0.0,2284,2161,0.0,32.022,10.815,0.9055
23.0,0.29,42.94,0.536,0.75,0.1,6,644,28870,2887,25983,0.7472,0.1,28840,30,344,230,178,163,907,0.1963,178,0,25,344,18156,0,0,0,10340,30,0,0,0,0.0,10340,0,239.2,324,0.9956,776,504,173,142,30,16,1.0,616.2,1071,153,1.905,2.216,0.311,2284,2161,0.0,37.51,5.328,0.4461
23.0,0.29,42.94,0.536,0.75,0.25,6,644,11548,2887,8661,0.7472,0.25,11536,12,344,311,230,110,907,0.2525,229,0,18,344,7821,0,0,0,3371,12,0,0,0,0.0,3371,0,93.69,127,0.9956,752,470,174,139,31,13,1.02,616.2,1013,211,2.627,2.851,0.224,2284,2161,0.0,35.48,7.357,0.616
23.0,0.29,42.94,0.536,0.75,0.5,6,644,5774,2887,2887,0.7472,0.5,5768,6,344,408,259,83,907,0.2834,257,0,8,344,3987,0,0,0,1437,6,0,0,0,0.0,1437,0,45.74,65,0.9956,726,458,172,141,27,15,1.12,616.2,975,249,3.1,3.2,0.1,2284,2161,0.0,34.163,8.674,0.7262
23.0,0.29,42.94,0.536,0.75,0.75,6,644,3861,2887,974,0.7472,0.7477,3857,4,341,472,297,42,907,0.3275,297,0,4,341,2668,0,0,0,848,4,0,0,0,0.0,848,0,29.28,43,0.9869,703,434,171,136,28,10,1.32,616.2,931,293,3.648,3.698,0.05,2284,2161,0.0,32.643,10.195,0.8536
23.0,0.29,42.94,0.536,0.75,1.0,6,644,2887,2887,0,0.7472,1.0,2884,3,332,583,331,0,907,0.366,332,0,0,332,1983,0,0,0,569,3,0,0,0,0.0,569,0,20.39,32,0.9609,678,411,168,126,25,11,1.58,616.2,892,332,4.134,4.134,0.0,2284,2161,0.0,31.322,11.516,0.9642
23.0,0.29,42.94,0.536,1.0,0.1,6,644,38640,3864,34776,1.0,0.1,38580,60,344,135,112,229,1219,0.0911,111,0,28,344,21495,0,0,0,16741,60,0,0,0,0.0,16741,0,324.74,360,0.9956,811,539,173,142,32,8,1,616.2,1141,83,1.033,1.382,0.349,2284,2161,0.0,39.963,2.874,0.2406
23.0,0.29,42.94,0.536,1.0,0.25,6,644,15456,3864,11592,1.0,0.25,15432,24,344,301,232,108,1219,0.1903,232,0,16,344,10521,0,0,0,4567,24,0,0,0,0.0,4567,0,125.59,144,0.9956,747,470,172,141,32,9,1.01,616.2,1008,216,2.689,2.889,0.199,2284,2161,0.0,35.362,7.476,0.6259
23.0,0.29,42.94,0.536,1.0,0.5,6,644,7728,3864,3864,1.0,0.5,7716,12,344,394,263,78,1219,0.2141,261,0,6,344,5305,0,0,0,2067,12,0,0,0,0.0,2067,0,62.12,72,0.9956,720,458,172,139,25,12,1.04,616.2,969,255,3.175,3.25,0.075,2284,2161,0.0,33.943,8.895,0.7447
23.0,0.29,42.94,0.536,1.0,0.75,6,644,5152,3864,1288,1.0,0.75,5144,8,344,480,309,34,1219,0.2535,309,0,4,344,3564,0,0,0,1236,8,0,0,0,0.0,1236,0,40.33,48,0.9956,695,433,171,138,24,11,1.19,616.2,919,305,3.798,3.847,0.05,2284,2161,0.0,32.246,10.592,0.8868
23.0,0.29,42.94,0.536,1.0,1.0,6,644,3864,3864,0,1.0,1.0,3858,6,342,577,342,0,1219,0.2806,342,0,0,342,2649,0,0,0,867,6,0,0,0,0.0,867,0,29.17,36,0.9898,678,411,167,136,27,10,1.36,616.2,882,342,4.258,4.258,0.0,2284,2161,0.0,30.928,11.91,0.9972
23.0,0.29,42.94,0.536,0.1,0.1,12,644,4180,418,3762,0.1082,0.1,4180,0,344,298,204,139,137,1.4818,203,0,20,344,2849,0,0,0,987,0,0,0,0,0.0,987,0,68.71,128,0.9956,767,483,169,144,38,12,2.23,1232.4,1041,183,2.279,2.528,0.249,2284,2161,0.0,36.433,6.405,0.5363
23.0,0.29,42.94,0.536,0.1,0.25,12,644,1672,418,1254,0.1082,0.25,1672,0,340,355,212,127,137,1.5328,210,0,17,340,1159,0,0,0,173,0,0,0,0,0.0,173,0,22.68,51,0.984,768,468,177,132,32,11,3.8,1232.4,1031,193,2.403,2.615,0.212,2284,2161,0.0,36.086,6.752,0.5653
23.0,0.29,42.94,0.536,0.1,0.5,12,644,836,418,418,0.1082,0.5,836,0,246,351,195,50,137,1.4307,196,0,5,246,583,0,0,0,7,0,0,0,0,0.0,7,0,4.79,24,0.712,709,435,127,89,21,9,8.04,1232.4,1033,191,2.378,2.44,0.062,2284,2161,0.0,36.127,6.711,0.5619
23.0,0.29,42.94,0.536,0.1,0.75,12,644,502,418,84,0.1082,0.8327,502,0,159,305,150,8,137,1.1022,151,0,0,159,343,0,0,0,0,0,0,0,0,0.0,0,0,1.76,16,0.4602,684,413,79,57,14,5,9.46,1232.4,1073,151,1.88,1.88,0.0,2284,2161,0.0,37.535,5.302,0.4439
23.0,0.29,42.94,0.536,0.1,1.0,12,644,418,418,0,0.1082,1.0,418,0,137,275,136,0,137,1.0,137,0,0,137,281,0,0,0,0,0,0,0,0,0.0,0,0,1.26,12,0.3965,678,411,66,49,12,5,9.8,1232.4,1087,137,1.706,1.706,0.0,2284,2161,0.0,37.996,4.841,0.4053
23.0,0.29,42.94,0.536,0.25,0.1,12,644,9800,980,8820,0.2536,0.1,9790,10,344,299,206,137,316,0.6456,204,0,20,344,6624,0,0,0,2822,10,0,0,0,0.0,2822,0,168.49,260,0.9956,768,481,171,145,37,10,1.26,1232.4,1040,184,2.291,2.54,0.249,2284,2161,0.0,36.47,6.367,0.5331
23.0,0.29,42.94,0.536,0.25,0.25,12,644,3920,980,2940,0.2536,0.25,3916,4,344,337,213,130,316,0.6677,211,0,15,344,2680,0,0,0,892,4,0,0,0,0.0,892,0,65.66,104,0.9956,760,477,174,142,30,14,1.54,1232.4,1028,196,2.44,2.627,0.187,2284,2161,0.0,35.956,6.882,0.5762
23.0,0.29,42.94,0.536,0.25,0.5,12,644,1960,980,980,0.2536,0.5,1958,2,339,418,253,84,316,0.8006,253,0,7,339,1350,0,0,0,269,2,0,0,0,0.0,269,0,29.92,50,0.9811,726,456,173,133,22,14,2.49,1232.4,978,246,3.063,3.15,0.087,2284,2161,0.0,34.287,8.551,0.7159
23.0,0.29,42.94,0.536,0.25,0.75,12,644,1284,980,304,0.2536,0.7632,1283,1,307,505,271,35,316,0.8608,272,0,1,307,884,0,0,0,92,1,0,0,0,0.0,92,0,13.81,35,0.8885,700,425,161,109,25,9,4.88,1232.4,953,271,3.374,3.387,0.012,2284,2161,0.0,33.413,9.425,0.7891
23.0,0.29,42.94,0.536,0.25,1.0,12,644,980,980,0,0.2536,1.0,979,1,273,523,272,0,316,0.8639,273,0,0,273,665,0,0,0,41,1,0,0,0,0.0,41,0,8.2,25,0.7901,678,411,139,96,24,8,5.97,1232.4,951,273,3.399,3.399,0.0,2284,2161,0.0,33.303,9.535,0.7983
23.0,0.29,42.94,0.536,0.5,0.1,12,644,19470,1947,17523,0.5039,0.1,19450,20,344,291,202,139,602,0.3355,202,0,22,344,12993,0,0,0,6113,20,0,0,0,0.0,6113,0,337.78,467,0.9956,769,484,173,141,24,8,1.03,1232.4,1044,180,2.241,2.515,0.274,2284,2161,0.0,36.641,6.196,0.5188
23.0,0.29,42.94,0.536,0.5,0.25,12,644,7788,1947,5841,0.5039,0.25,7780,8,344,316,223,119,602,0.3688,222,0,17,344,5322,0,0,0,2114,8,0,0,0,0.0,2114,0,133.87,185,0.9956,757,471,173,141,43,8,1.1,1232.4,1019,205,2.552,2.764,0.212,2284,2161,0.0,35.666,7.172,0.6005
23.0,0.29,42.94,0.536,0.5,0.5,12,644,3894,1947,1947,0.5039,0.5,3890,4,343,414,258,85,602,0.4269,257,0,7,343,2690,0,0,0,857,4,0,0,0,0.0,857,0,65.58,93,0.9927,727,455,174,138,26,12,1.3,1232.4,974,250,3.113,3.2,0.087,2284,2161,0.0,34.133,8.705,0.7288
23.0,0.29,42.94,0.536,0.5,0.75,12,644,2598,1947,651,0.5039,0.7494,2595,3,337,511,293,44,602,0.485,292,0,3,337,1812,0,0,0,446,3,0,0,0,0.0,446,0,41.25,62,0.9753,704,433,174,126,33,11,1.88,1232.4,935,289,3.598,3.636,0.037,2284,2161,0.0,32.878,9.96,0.8339
23.0,0.29,42.94,0.536,0.5,1.0,12,644,1947,1947,0,0.5039,1.0,1945,2,331,607,331,0,602,0.5498,331,0,0,331,1347,0,0,0,267,2,0,0,0,0.0,267,0,28.29,47,0.958,678,411,177,115,29,8,2.63,1232.4,893,331,4.121,4.121,0.0,2284,2161,0.0,31.343,11.494,0.9623
23.0,0.29,42.94,0.536,0.75,0.1,12,644,28870,2887,25983,0.7472,0.1,28840,30,344,230,178,163,907,0.1963,178,0,25,344,18156,0,0,0,10340,30,0,0,0,0.0,10340,0,504.89,615,0.9956,776,504,173,142,30,16,1.0,1232.4,1071,153,1.905,2.216,0.311,2284,2161,0.0,37.51,5.328,0.4461
23.0,0.29,42.94,0.536,0.75,0.25,12,644,11548,2887,8661,0.7472,0.25,11536,12,344,311,230,110,907,0.2525,229,0,18,344,7821,0,0,0,3371,12,0,0,0,0.0,3371,0,199.96,245,0.9956,752,470,174,139,31,13,1.02,1232.4,1013,211,2.627,2.851,0.224,2284,2161,0.0,35.48,7.357,0.616
23.0,0.29,42.94,0.536,0.75,0.5,12,644,5774,2887,2887,0.7472,0.5,5768,6,344,408,259,83,907,0.2834,257,0,8,344,3987,0,0,0,1437,6,0,0,0,0.0,1437,0,98.88,123,0.9956,726,458,172,141,27,15,1.12,1232.4,975,249,3.1,3.2,0.1,2284,2161,0.0,34.163,8.674,0.7262
23.0,0.29,42.94,0.536,0.75,0.75,12,644,3861,2887,974,0.7472,0.7477,3857,4,341,472,297,42,907,0.3275,297,0,4,341,2668,0,0,0,848,4,0,0,0,0.0,848,0,64.66,82,0.9869,703,434,171,136,28,10,1.35,1232.4,931,293,3.648,3.698,0.05,2284,2161,0.0,32.643,10.195,0.8536
23.0,0.29,42.94,0.536,0.75,1.0,12,644,2887,2887,0,0.7472,1.0,2884,3,340,596,340,0,907,0.3749,340,0,0,340,1983,0,0,0,561,3,0,0,0,0.0,561,0,46.52,61,0.984,678,411,174,128,26,12,1.76,1232.4,884,340,4.233,4.233,0.0,2284,2161,0.0,31.07,11.768,0.9853
23.0,0.29,42.94,0.536,1.0,0.1,12,644,38640,3864,34776,1.0,0.1,38580,60,344,135,112,229,1219,0.0911,111,0,28,344,21495,0,0,0,16741,60,0,0,0,0.0,16741,0,679.44,720,0.9956,811,539,173,142,32,8,1,1232.4,1141,83,1.033,1.382,0.349,2284,2161,0.0,39.963,2.874,0.2406
23.0,0.29,42.94,0.536,1.0,0.25,12,644,15456,3864,11592,1.0,0.25,15432,24,344,301,232,108,1219,0.1903,232,0,16,344,10521,0,0,0,4567,24,0,0,0,0.0,4567,0,267.47,288,0.9956,747,470,172,141,32,9,1.01,1232.4,1008,216,2.689,2.889,0.199,2284,2161,0.0,35.362,7.476,0.6259
23.0,0.29,42.94,0.536,1.0,0.5,12,644,7728,3864,3864,1.0,0.5,7716,12,344,394,263,78,1219,0.2141,261,0,6,344,5305,0,0,0,2067,12,0,0,0,0.0,2067,0,133.06,144,0.9956,720,458,172,139,25,12,1.04,1232.4,969,255,3.175,3.25,0.075,2284,2161,0.0,33.943,8.895,0.7447
23.0,0.29,42.94,0.536,1.0,0.75,12,644,5152,3864,1288,1.0,0.75,5144,8,344,480,309,34,1219,0.2535,309,0,4,344,3564,0,0,0,1236,8,0,0,0,0.0,1236,0,87.63,96,0.9956,695,433,171,138,24,11,1.19,1232.4,919,305,3.798,3.847,0.05,2284,2161,0.0,32.246,10.592,0.8868
23.0,0.29,42.94,0.536,1.0,1.0,12,644,3864,3864,0,1.0,1.0,3858,6,343,578,343,0,1219,0.2814,343,0,0,343,2648,0,0,0,867,6,0,0,0,0.0,867,0,64.66,72,0.9927,678,411,167,137,27,11,1.36,1232.4,881,343,4.271,4.271,0.0,2284,2161,0.0,30.894,11.944,1.0
23.0,0.29,42.94,0.536,0.1,0.1,43,644,4180,418,3762,0.1082,0.1,4180,0,344,298,204,139,137,1.4818,203,0,20,344,2849,0,0,0,987,0,0,0,0,0.0,987,0,261.23,359,0.9956,767,483,169,144,38,12,2.23,4416.1,1041,183,2.279,2.528,0.249,2284,2161,0.0,36.433,6.405,0.5363
23.0,0.29,42.94,0.536,0.1,0.25,43,644,1672,418,1254,0.1082,0.25,1672,0,344,370,214,129,137,1.5474,212,0,17,344,1157,0,0,0,171,0,0,0,0,0.0,171,0,99.16,140,0.9956,768,470,181,132,31,9,4.09,4416.1,1029,195,2.428,2.64,0.212,2284,2161,0.0,36.025,6.812,0.5703
23.0,0.29,42.94,0.536,0.1,0.5,43,644,836,418,418,0.1082,0.5,836,0,244,353,197,46,137,1.4453,198,0,8,244,591,0,0,0,1,0,0,0,0,0.0,1,0,9.02,54,0.7062,707,436,122,88,25,15,33.77,4416.1,1034,190,2.366,2.465,0.1,2284,2161,0.0,36.164,6.674,0.5588
23.0,0.29,42.94,0.536,0.1,0.75,43,644,502,418,84,0.1082,0.8327,502,0,157,296,148,8,137,1.0876,149,0,2,157,345,0,0,0,0,0,0,0,0,0.0,0,0,2.65,33,0.4544,685,414,79,51,14,7,37.31,4416.1,1077,147,1.83,1.855,0.025,2284,2161,0.0,37.681,5.157,0.4318
23.0,0.29,42.94,0.536,0.1,1.0,43,644,418,418,0,0.1082,1.0,418,0,135,266,134,0,137,0.9854,135,0,0,135,283,0,0,0,0,0,0,0,0,0.0,0,0,1.81,27,0.3907,678,411,66,45,12,6,38.04,4416.1,1089,135,1.681,1.681,0.0,2284,2161,0.0,38.065,4.773,0.3996
23.0,0.29,42.94,0.536,0.25,0.1,43,644,9800,980,8820,0.2536,0.1,9790,10,344,299,206,137,316,0.6456,204,0,20,344,6624,0,0,0,2822,10,0,0,0,0.0,2822,0,619.28,760,0.9956,768,481,171,145,37,10,1.26,4416.1,1040,184,2.291,2.54,0.249,2284,2161,0.0,36.47,6.367,0.5331
23.0,0.29,42.94,0.536,0.25,0.25,43,644,3920,980,2940,0.2536,0.25,3916,4,344,337,213,130,316,0.6677,211,0,15,344,2680,0,0,0,892,4,0,0,0,0.0,892,0,245.97,303,0.9956,760,477,174,142,30,14,1.54,4416.1,1028,196,2.44,2.627,0.187,2284,2161,0.0,35.956,6.882,0.5762
23.0,0.29,42.94,0.536,0.25,0.5,43,644,1960,980,980,0.2536,0.5,1958,2,340,418,253,85,316,0.8006,253,0,7,340,1351,0,0,0,267,2,0,0,0,0.0,267,0,119.78,152,0.984,726,457,173,134,22,13,2.62,4416.1,978,246,3.063,3.15,0.087,2284,2161,0.0,34.278,8.559,0.7166
23.0,0.29,42.94,0.536,0.25,0.75,43,644,1284,980,304,0.2536,0.7632,1283,1,320,519,281,38,316,0.8924,282,0,4,320,883,0,0,0,80,1,0,0,0,0.0,80,0,51.84,98,0.9261,705,426,172,109,30,12,15.37,4416.1,946,278,3.461,3.511,0.05,2284,2161,0.0,33.175,9.663,0.809
23.0,0.29,42.94,0.536,0.25,1.0,43,644,980,980,0,0.2536,1.0,979,1,283,539,282,0,316,0.8956,283,0,0,283,667,0,0,0,29,1,0,0,0,0.0,29,0,31.21,74,0.8191,678,411,147,96,28,11,18.63,4416.1,941,283,3.524,3.524,0.0,2284,2161,0.0,32.958,9.88,0.8272
23.0,0.29,42.94,0.536,0.5,0.1,43,644,19470,1947,17523,0.5039,0.1,19450,20,344,291,202,139,602,0.3355,202,0,22,344,12993,0,0,0,6113,20,0,0,0,0.0,6113,0,1237.86,1488,0.9956,769,484,173,141,24,8,1.03,4416.1,1044,180,2.241,2.515,0.274,2284,2161,0.0,36.641,6.196,0.5188
23.0,0.29,42.94,0.536,0.5,0.25,43,644,7788,1947,5841,0.5039,0.25,7780,8,344,316,223,119,602,0.3688,222,0,17,344,5322,0,0,0,2114,8,0,0,0,0.0,2114,0,493.9,594,0.9956,757,471,173,141,43,8,1.1,4416.1,1019,205,2.552,2.764,0.212,2284,2161,0.0,35.666,7.172,0.6005
23.0,0.29,42.94,0.536,0.5,0.5,43,644,3894,1947,1947,0.5039,0.5,3890,4,343,414,258,85,602,0.4269,257,0,7,343,2690,0,0,0,857,4,0,0,0,0.0,857,0,245.6,299,0.9927,727,455,174,138,26,12,1.3,4416.1,974,250,3.113,3.2,0.087,2284,2161,0.0,34.133,8.705,0.7288
23.0,0.29,42.94,0.536,0.5,0.75,43,644,2598,1947,651,0.5039,0.7494,2595,3,338,514,295,43,602,0.4884,294,0,3,338,1812,0,0,0,445,3,0,0,0,0.0,445,0,161.18,196,0.9782,703,433,175,126,34,11,1.93,4416.1,933,291,3.623,3.661,0.037,2284,2161,0.0,32.809,10.028,0.8396
23.0,0.29,42.94,0.536,0.5,1.0,43,644,1947,1947,0,0.5039,1.0,1945,2,337,620,337,0,602,0.5598,337,0,0,337,1347,0,0,0,261,2,0,0,0,0.0,261,0,117.58,149,0.9753,678,411,183,115,29,10,3.03,4416.1,887,337,4.196,4.196,0.0,2284,2161,0.0,31.181,11.656,0.9759
23.0,0.29,42.94,0.536,0.75,0.1,43,644,28870,2887,25983,0.7472,0.1,28840,30,344,230,178,163,907,0.1963,178,0,25,344,18156,0,0,0,10340,30,0,0,0,0.0,10340,0,1837.27,2068,0.9956,776,504,173,142,30,16,1.0,4416.1,1071,153,1.905,2.216,0.311,2284,2161,0.0,37.51,5.328,0.4461
23.0,0.29,42.94,0.536,0.75,0.25,43,644,11548,2887,8661,0.7472,0.25,11536,12,344,311,230,110,907,0.2525,229,0,18,344,7821,0,0,0,3371,12,0,0,0,0.0,3371,0,732.91,826,0.9956,752,470,174,139,31,13,1.02,4416.1,1013,211,2.627,2.851,0.224,2284,2161,0.0,35.48,7.357,0.616
23.0,0.29,42.94,0.536,0.75,0.5,43,644,5774,2887,2887,0.7472,0.5,5768,6,344,408,259,83,907,0.2834,257,0,8,344,3987,0,0,0,1437,6,0,0,0,0.0,1437,0,365.35,413,0.9956,726,458,172,141,27,15,1.12,4416.1,975,249,3.1,3.2,0.1,2284,2161,0.0,34.163,8.674,0.7262
23.0,0.29,42.94,0.536,0.75,0.75,43,644,3861,2887,974,0.7472,0.7477,3857,4,341,472,297,42,907,0.3275,297,0,4,341,2668,0,0,0,848,4,0,0,0,0.0,848,0,242.98,278,0.9869,703,434,171,136,28,10,1.35,4416.1,931,293,3.648,3.698,0.05,2284,2161,0.0,32.643,10.195,0.8536
23.0,0.29,42.94,0.536,0.75,1.0,43,644,2887,2887,0,0.7472,1.0,2884,3,340,596,340,0,907,0.3749,340,0,0,340,1983,0,0,0,561,3,0,0,0,0.0,561,0,179.76,207,0.984,678,411,174,128,26,12,1.76,4416.1,884,340,4.233,4.233,0.0,2284,2161,0.0,31.07,11.768,0.9853
23.0,0.29,42.94,0.536,1.0,0.1,43,644,38640,3864,34776,1.0,0.1,38580,60,344,135,112,229,1219,0.0911,111,0,28,344,21495,0,0,0,16741,60,0,0,0,0.0,16741,0,2458.69,2580,0.9956,811,539,173,142,32,8,1,4416.1,1141,83,1.033,1.382,0.349,2284,2161,0.0,39.963,2.874,0.2406
23.0,0.29,42.94,0.536,1.0,0.25,43,644,15456,3864,11592,1.0,0.25,15432,24,344,301,232,108,1219,0.1903,232,0,16,344,10521,0,0,0,4567,24,0,0,0,0.0,4567,0,979.17,1032,0.9956,747,470,172,141,32,9,1.01,4416.1,1008,216,2.689,2.889,0.199,2284,2161,0.0,35.362,7.476,0.6259
23.0,0.29,42.94,0.536,1.0,0.5,43,644,7728,3864,3864,1.0,0.5,7716,12,344,394,263,78,1219,0.2141,261,0,6,344,5305,0,0,0,2067,12,0,0,0,0.0,2067,0,488.91,516,0.9956,720,458,172,139,25,12,1.04,4416.1,969,255,3.175,3.25,0.075,2284,2161,0.0,33.943,8.895,0.7447
23.0,0.29,42.94,0.536,1.0,0.75,43,644,5152,3864,1288,1.0,0.75,5144,8,344,480,309,34,1219,0.2535,309,0,4,344,3564,0,0,0,1236,8,0,0,0,0.0,1236,0,324.86,344,0.9956,695,433,171,138,24,11,1.19,4416.1,919,305,3.798,3.847,0.05,2284,2161,0.0,32.246,10.592,0.8868
23.0,0.29,42.94,0.536,1.0,1.0,43,644,3864,3864,0,1.0,1.0,3858,6,343,578,343,0,1219,0.2814,343,0,0,343,2648,0,0,0,867,6,0,0,0,0.0,867,0,242.58,258,0.9927,678,411,167,137,27,11,1.36,4416.1,881,343,4.271,4.271,0.0,2284,2161,0.0,30.894,11.944,1.0
23.0,0.33,37.73,0.61,0.1,0.1,1,644,4180,418,3762,0.1082,0.1,0,4180,0,0,0,0,137,0.0,0,0,0,0,0,0,0,0,0,4180,0,0,0,0.0,0,0,0,0,0.0,678,411,0,0,0,0,0.0,102.7,1224,0,0.0,0.0,0.0,2284,2161,0.0,42.838,0.0,0.0
23.0,0.33,37.73,0.61,0.1,0.25,1,644,1672,418,1254,0.1082,0.25,0,1672,0,0,0,0,137,0.0,0,0,0,0,0,0,0,0,0,1672,0,0,0,0.0,0,0,0,0,0.0,678,411,0,0,0,0,0.0,102.7,1224,0,0.0,0.0,0.0,2284,2161,0.0,42.838,0.0,0.0
23.0,0.33,37.73,0.61,0.1,0.5,1,644,836,418,418,0.1082,0.5,0,836,0,0,0,0,137,0.0,0,0,0,0,0,0,0,0,0,836,0,0,0,0.0,0,0,0,0,0.0,678,411,0,0,0,0,0.0,102.7,1224,0,0.0,0.0,0.0,2284,2161,0.0,42.838,0.0,0.0
23.0,0.33,37.73,0.61,0.1,0.75,1,644,502,418,84,0.1082,0.8327,0,502,0,0,0,0,137,0.0,0,0,0,0,0,0,0,0,0,502,0,0,0,0.0,0,0,0,0,0.0,678,411,0,0,0,0,0.0,102.7,1224,0,0.0,0.0,0.0,2284,2161,0.0,42.838,0.0,0.0
23.0,0.33,37.73,0.61,0.1,1.0,1,644,418,418,0,0.1082,1.0,0,418,0,0,0,0,137,0.0,0,0,0,0,0,0,0,0,0,418,0,0,0,0.0,0,0,0,0,0.0,678,411,0,0,0,0,0.0,102.7,1224,0,0.0,0.0,0.0,2284,2161,0.0,42.838,0.0,0.0
23.0,0.33,37.73,0.61,0.25,0.1,1,644,9800,980,8820,0.2536,0.1,0,9800,0,0,0,0,316,0.0,0,0,0,0,0,0,0,0,0,9800,0,0,0,0.0,0,0,0,0,0.0,678,411,0,0,0,0,0.0,102.7,1224,0,0.0,0.0,0.0,2284,2161,0.0,42.838,0.0,0.0
23.0,0.33,37.73,0.61,0.25,0.25,1,644,3920,980,2940,0.2536,0.25,0,3920,0,0,0,0,316,0.0,0,0,0,0,0,0,0,0,0,3920,0,0,0,0.0,0,0,0,0,0.0,678,411,0,0,0,0,0.0,102.7,1224,0,0.0,0.0,0.0,2284,2161,0.0,42.838,0.0,0.0
23.0,0.33,37.73,0.61,0.25,0.5,1,644,1960,980,980,0.2536,0.5,0,1960,0,0,0,0,316,0.0,0,0,0,0,0,0,0,0,0,1960,0,0,0,0.0,0,0,0,0,0.0,678,411,0,0,0,0,0.0,102.7,1224,0,0.0,0.0,0.0,2284,2161,0.0,42.838,0.0,0.0
23.0,0.33,37.73,0.61,0.25,0.75,1,644,1284,980,304,0.2536,0.7632,0,1284,0,0,0,0,316,0.0,0,0,0,0,0,0,0,0,0,1284,0,0,0,0.0,0,0,0,0,0.0,678,411,0,0,0,0,0.0,102.7,1224,0,0.0,0.0,0.0,2284,2161,0.0,42.838,0.0,0.0
23.0,0.33,37.73,0.61,0.25,1.0,1,644,980,980,0,0.2536,1.0,0,980,0,0,0,0,316,0.0,0,0,0,0,0,0,0,0,0,980,0,0,0,0.0,0,0,0,0,0.0,678,411,0,0,0,0,0.0,102.7,1224,0,0.0,0.0,0.0,2284,2161,0.0,42.838,0.0,0.0
23.0,0.33,37.73,0.61,0.5,0.1,1,644,19470,1947,17523,0.5039,0.1,0,19470,0,0,0,0,602,0.0,0,0,0,0,0,0,0,0,0,19470,0,0,0,0.0,0,0,0,0,0.0,678,411,0,0,0,0,0.0,102.7,1224,0,0.0,0.0,0.0,2284,2161,0.0,42.838,0.0,0.0
23.0,0.33,37.73,0.61,0.5,0.25,1,644,7788,1947,5841,0.5039,0.25,0,7788,0,0,0,0,602,0.0,0,0,0,0,0,0,0,0,0,7788,0,0,0,0.0,0,0,0,0,0.0,678,411,0,0,0,0,0.0,102.7,1224,0,0.0,0.0,0.0,2284,2161,0.0,42.838,0.0,0.0
23.0,0.33,37.73,0.61,0.5,0.5,1,644,3894,1947,1947,0.5039,0.5,0,3894,0,0,0,0,602,0.0,0,0,0,0,0,0,0,0,0,3894,0,0,0,0.0,0,0,0,0,0.0,678,411,0,0,0,0,0.0,102.7,1224,0,0.0,0.0,0.0,2284,2161,0.0,42.838,0.0,0.0
23.0,0.33,37.73,0.61,0.5,0.75,1,644,2598,1947,651,0.5039,0.7494,0,2598,0,0,0,0,602,0.0,0,0,0,0,0,0,0,0,0,2598,0,0,0,0.0,0,0,0,0,0.0,678,411,0,0,0,0,0.0,102.7,1224,0,0.0,0.0,0.0,2284,2161,0.0,42.838,0.0,0.0
23.0,0.33,37.73,0.61,0.5,1.0,1,644,1947,1947,0,0.5039,1.0,0,1947,0,0,0,0,602,0.0,0,0,0,0,0,0,0,0,0,1947,0,0,0,0.0,0,0,0,0,0.0,678,411,0,0,0,0,0.0,102.7,1224,0,0.0,0.0,0.0,2284,2161,0.0,42.838,0.0,0.0
23.0,0.33,37.73,0.61,0.75,0.1,1,644,28870,2887,25983,0.7472,0.1,0,28870,0,0,0,0,907,0.0,0,0,0,0,0,0,0,0,0,28870,0,0,0,0.0,0,0,0,0,0.0,678,411,0,0,0,0,0.0,102.7,1224,0,0.0,0.0,0.0,2284,2161,0.0,42.838,0.0,0.0
23.0,0.33,37.73,0.61,0.75,0.25,1,644,11548,2887,8661,0.7472,0.25,0,11548,0,0,0,0,907,0.0,0,0,0,0,0,0,0,0,0,11548,0,0,0,0.0,0,0,0,0,0.0,678,411,0,0,0,0,0.0,102.7,1224,0,0.0,0.0,0.0,2284,2161,0.0,42.838,0.0,0.0
23.0,0.33,37.73,0.61,0.75,0.5,1,644,5774,2887,2887,0.7472,0.5,0,5774,0,0,0,0,907,0.0,0,0,0,0,0,0,0,0,0,5774,0,0,0,0.0,0,0,0,0,0.0,678,411,0,0,0,0,0.0,102.7,1224,0,0.0,0.0,0.0,2284,2161,0.0,42.838,0.0,0.0
23.0,0.33,37.73,0.61,0.75,0.75,1,644,3861,2887,974,0.7472,0.7477,0,3861,0,0,0,0,907,0.0,0,0,0,0,0,0,0,0,0,3861,0,0,0,0.0,0,0,0,0,0.0,678,411,0,0,0,0,0.0,102.7,1224,0,0.0,0.0,0.0,2284,2161,0.0,42.838,0.0,0.0
23.0,0.33,37.73,0.61,0.75,1.0,1,644,2887,2887,0,0.7472,1.0,0,2887,0,0,0,0,907,0.0,0,0,0,0,0,0,0,0,0,2887,0,0,0,0.0,0,0,0,0,0.0,678,411,0,0,0,0,0.0,102.7,1224,0,0.0,0.0,0.0,2284,2161,0.0,42.838,0.0,0.0
23.0,0.33,37.73,0.61,1.0,0.1,1,644,38640,3864,34776,1.0,0.1,0,38640,0,0,0,0,1219,0.0,0,0,0,0,0,0,0,0,0,38640,0,0,0,0.0,0,0,0,0,0.0,678,411,0,0,0,0,0.0,102.7,1224,0,0.0,0.0,0.0,2284,2161,0.0,42.838,0.0,0.0
23.0,0.33,37.73,0.61,1.0,0.25,1,644,15456,3864,11592,1.0,0.25,0,15456,0,0,0,0,1219,0.0,0,0,0,0,0,0,0,0,0,15456,0,0,0,0.0,0,0,0,0,0.0,678,411,0,0,0,0,0.0,102.7,1224,0,0.0,0.0,0.0,2284,2161,0.0,42.838,0.0,0.0
23.0,0.33,37.73,0.61,1.0,0.5,1,644,7728,3864,3864,1.0,0.5,0,7728,0,0,0,0,1219,0.0,0,0,0,0,0,0,0,0,0,7728,0,0,0,0.0,0,0,0,0,0.0,678,411,0,0,0,0,0.0,102.7,1224,0,0.0,0.0,0.0,2284,2161,0.0,42.838,0.0,0.0
23.0,0.33,37.73,0.61,1.0,0.75,1,644,5152,3864,1288,1.0,0.75,0,5152,0,0,0,0,1219,0.0,0,0,0,0,0,0,0,0,0,5152,0,0,0,0.0,0,0,0,0,0.0,678,411,0,0,0,0,0.0,102.7,1224,0,0.0,0.0,0.0,2284,2161,0.0,42.838,0.0,0.0
23.0,0.33,37.73,0.61,1.0,1.0,1,644,3864,3864,0,1.0,1.0,0,3864,0,0,0,0,1219,0.0,0,0,0,0,0,0,0,0,0,3864,0,0,0,0.0,0,0,0,0,0.0,678,411,0,0,0,0,0.0,102.7,1224,0,0.0,0.0,0.0,2284,2161,0.0,42.838,0.0,0.0
23.0,0.33,37.73,0.61,0.1,0.1,2,644,4180,418,3762,0.1082,0.1,4180,0,215,200,142,73,137,1.0292,141,0,7,215,2819,0,0,0,1146,0,0,0,0,0.0,1146,0,9.66,40,0.5468,720,450,102,91,17,10,1,205.4,1090,134,1.668,1.756,0.087,2284,2161,0.0,38.083,4.755,0.352
23.0,0.33,37.73,0.61,0.1,0.25,2,644,1672,418,1254,0.1082,0.25,1672,0,185,191,127,58,137,0.927,127,0,4,185,1139,0,0,0,348,0,0,0,0,0.0,348,0,3.63,16,0.4705,709,442,89,76,14,6,1,205.4,1101,123,1.531,1.581,0.05,2284,2161,0.0,38.577,4.261,0.3154
23.0,0.33,37.73,0.61,0.1,0.5,2,644,836,418,418,0.1082,0.5,836,0,148,190,117,30,137,0.8613,118,0,2,148,576,0,0,0,112,0,0,0,0,0.0,112,0,1.75,8,0.3764,696,425,76,55,7,3,1,205.4,1108,116,1.444,1.469,0.025,2284,2161,0.0,38.764,4.074,0.3016
23.0,0.33,37.73,0.61,0.1,0.75,2,644,502,418,84,0.1082,0.8327,502,0,113,216,108,4,137,0.7956,109,0,0,113,341,0,0,0,48,0,0,0,0,0.0,48,0,1.04,6,0.2874,680,413,57,41,12,7,1,205.4,1115,109,1.357,1.357,0.0,2284,2161,0.0,39.022,3.816,0.2825
23.0,0.33,37.73,0.61,0.1,1.0,2,644,418,418,0,0.1082,1.0,418,0,104,203,103,0,137,0.7591,104,0,0,104,281,0,0,0,33,0,0,0,0,0.0,33,0,0.84,4,0.2645,678,411,52,38,10,5,1,205.4,1120,104,1.295,1.295,0.0,2284,2161,0.0,39.192,3.646,0.2699
23.0,0.33,37.73,0.61,0.25,0.1,2,644,9800,980,8820,0.2536,0.1,9790,10,290,261,183,107,316,0.5759,182,0,13,290,6595,0,0,0,2905,10,0,0,0,0.0,2905,0,21.32,70,0.7376,742,468,140,124,27,10,1,205.4,1055,169,2.104,2.266,0.162,2284,2161,0.0,37.007,5.831,0.4316
23.0,0.33,37.73,0.61,0.25,0.25,2,644,3920,980,2940,0.2536,0.25,3916,4,265,286,177,88,316,0.5601,177,0,8,265,2663,0,0,0,988,4,0,0,0,0.0,988,0,8.36,28,0.674,731,454,129,109,20,13,1,205.4,1055,169,2.104,2.204,0.1,2284,2161,0.0,36.985,5.852,0.4332
23.0,0.33,37.73,0.61,0.25,0.5,2,644,1960,980,980,0.2536,0.5,1958,2,237,322,187,49,316,0.5949,188,0,4,237,1335,0,0,0,386,2,0,0,0,0.0,386,0,4.13,15,0.6028,708,434,118,94,16,7,1,205.4,1040,184,2.291,2.341,0.05,2284,2161,0.0,36.489,6.349,0.4699
23.0,0.33,37.73,0.61,0.25,0.75,2,644,1284,980,304,0.2536,0.7632,1283,1,193,338,175,18,316,0.5538,175,0,0,193,880,0,0,0,210,1,0,0,0,0.0,210,0,2.68,10,0.4909,688,419,98,73,13,7,1,205.4,1049,175,2.179,2.179,0.0,2284,2161,0.0,36.786,6.052,0.448
23.0,0.33,37.73,0.61,0.25,1.0,2,644,980,980,0,0.2536,1.0,979,1,172,327,172,0,316,0.5443,172,0,0,172,665,0,0,0,142,1,0,0,0,0.0,142,0,1.99,7,0.4375,678,411,87,64,11,4,1,205.4,1052,172,2.142,2.142,0.0,2284,2161,0.0,36.849,5.989,0.4433
23.0,0.33,37.73,0.61,0.5,0.1,2,644,19470,1947,17523,0.5039,0.1,19450,20,318,282,203,108,602,0.3372,203,0,17,318,12955,0,0,0,6177,20,0,0,0,0.0,6177,0,42.23,100,0.8088,748,473,155,133,30,10,1,205.4,1038,186,2.316,2.528,0.212,2284,2161,0.0,36.388,6.45,0.4774
23.0,0.33,37.73,0.61,0.5,0.25,2,644,7788,1947,5841,0.5039,0.25,7780,8,310,308,211,98,602,0.3488,210,0,11,310,5292,0,0,0,2178,8,0,0,0,0.0,2178,0,16.39,39,0.7884,736,464,153,128,22,11,1,205.4,1025,199,2.478,2.615,0.137,2284,2161,0.0,35.863,6.974,0.5162
23.0,0.33,37.73,0.61,0.5,0.5,2,644,3894,1947,1947,0.5039,0.5,3890,4,293,362,229,63,602,0.3804,229,0,4,293,2675,0,0,0,922,4,0,0,0,0.0,922,0,8.12,20,0.7452,715,442,148,116,25,10,1,205.4,999,225,2.802,2.851,0.05,2284,2161,0.0,34.99,7.848,0.5809
23.0,0.33,37.73,0.61,0.5,0.75,2,644,2598,1947,651,0.5039,0.7494,2595,3,257,394,231,26,602,0.3837,231,0,1,257,1801,0,0,0,537,3,0,0,0,0.0,537,0,5.3,13,0.6536,692,424,132,97,25,12,1,205.4,994,230,2.864,2.876,0.012,2284,2161,0.0,34.864,7.974,0.5902
23.0,0.33,37.73,0.61,0.5,1.0,2,644,1947,1947,0,0.5039,1.0,1945,2,234,446,234,0,602,0.3887,234,0,0,234,1347,0,0,0,364,2,0,0,0,0.0,364,0,3.9,10,0.5951,678,411,124,83,21,4,1,205.4,990,234,2.914,2.914,0.0,2284,2161,0.0,34.765,8.072,0.5975
23.0,0.33,37.73,0.61,0.75,0.1,2,644,28870,2887,25983,0.7472,0.1,28840,30,322,220,182,136,907,0.2007,182,0,21,322,18185,0,0,0,10333,30,0,0,0,0.0,10333,0,64.17,120,0.819,765,485,158,134,33,10,1,205.4,1063,161,2.005,2.266,0.261,2284,2161,0.0,37.266,5.571,0.4124
23.0,0.33,37.73,0.61,0.75,0.25,2,644,11548,2887,8661,0.7472,0.25,11536,12,319,278,217,99,907,0.2381,216,0,13,319,7792,0,0,0,3425,12,0,0,0,0.0,3425,0,24.81,47,0.8113,740,465,158,131,33,8,1,205.4,1021,203,2.528,2.689,0.162,2284,2161,0.0,35.771,7.066,0.523
23.0,0.33,37.73,0.61,0.75,0.5,2,644,5774,2887,2887,0.7472,0.5,5768,6,308,369,241,65,907,0.2657,241,0,7,308,3984,0,0,0,1476,6,0,0,0,0.0,1476,0,12.11,24,0.7834,716,447,155,123,27,8,1,205.4,990,234,2.914,3.001,0.087,2284,2161,0.0,34.719,8.119,0.601
23.0,0.33,37.73,0.61,0.75,0.75,2,644,3861,2887,974,0.7472,0.7477,3857,4,292,400,251,40,907,0.2767,251,0,3,292,2663,0,0,0,902,4,0,0,0,0.0,902,0,8.01,16,0.7427,705,428,151,110,23,9,1,205.4,976,248,3.088,3.125,0.037,2284,2161,0.0,34.219,8.618,0.6379
23.0,0.33,37.73,0.61,0.75,1.0,2,644,2887,2887,0,0.7472,1.0,2884,3,270,472,270,0,907,0.2977,270,0,0,270,1983,0,0,0,631,3,0,0,0,0.0,631,0,5.87,12,0.6867,678,411,143,98,26,3,1,205.4,954,270,3.362,3.362,0.0,2284,2161,0.0,33.474,9.364,0.6931
23.0,0.33,37.73,0.61,1.0,0.1,2,644,38640,3864,34776,1.0,0.1,38580,60,322,141,122,193,1219,0.0993,121,0,24,322,21641,0,0,0,16617,60,0,0,0,0.0,16617,0,87.71,120,0.819,793,521,158,135,27,9,1,205.4,1127,97,1.208,1.507,0.299,2284,2161,0.0,39.545,3.292,0.2437
23.0,0.33,37.73,0.61,1.0,0.25,2,644,15456,3864,11592,1.0,0.25,15432,24,322,297,225,90,1219,0.1846,225,0,13,322,10484,0,0,0,4626,24,0,0,0,0.0,4626,0,33.45,48,0.819,739,460,157,133,32,7,1,205.4,1012,212,2.64,2.802,0.162,2284,2161,0.0,35.469,7.368,0.5454
23.0,0.33,37.73,0.61,1.0,0.5,2,644,7728,3864,3864,1.0,0.5,7716,12,318,366,257,58,1219,0.2108,257,0,7,318,5304,0,0,0,2094,12,0,0,0,0.0,2094,0,16.45,24,0.8088,717,440,157,129,30,5,1,205.4,974,250,3.113,3.2,0.087,2284,2161,0.0,34.104,8.733,0.6464
23.0,0.33,37.73,0.61,1.0,0.75,2,644,5152,3864,1288,1.0,0.75,5144,8,306,400,266,37,1219,0.2182,266,0,4,306,3553,0,0,0,1285,8,0,0,0,0.0,1285,0,10.79,16,0.7783,706,427,154,120,28,10,1,205.4,962,262,3.262,3.312,0.05,2284,2161,0.0,33.654,9.183,0.6797
23.0,0.33,37.73,0.61,1.0,1.0,2,644,3864,3864,0,1.0,1.0,3858,6,288,476,288,0,1219,0.2363,288,0,0,288,2647,0,0,0,923,6,0,0,0,0.0,923,0,7.96,12,0.7325,678,411,149,107,21,8,1,205.4,936,288,3.586,3.586,0.0,2284,2161,0.0,32.705,10.132,0.75
23.0,0.33,37.73,0.61,0.1,0.1,3,644,4180,418,3762,0.1082,0.1,4180,0,289,263,178,110,137,1.292,177,0,14,289,2842,0,0,0,1049,0,0,0,0,0.0,1049,0,13.74,53,0.735,745,470,138,126,26,8,1.47,308.1,1061,163,2.03,2.204,0.174,2284,2161,0.0,37.104,5.734,0.4244
23.0,0.33,37.73,0.61,0.1,0.25,3,644,1672,418,1254,0.1082,0.25,1672,0,242,256,163,79,137,1.1825,162,0,7,242,1152,0,0,0,278,0,0,0,0,0.0,278,0,5.0,21,0.6155,725,451,115,101,21,8,1.53,308.1,1069,155,1.93,2.017,0.087,2284,2161,0.0,37.459,5.379,0.3981
23.0,0.33,37.73,0.61,0.1,0.5,3,644,836,418,418,0.1082,0.5,836,0,185,241,142,42,137,1.0438,143,0,4,185,580,0,0,0,71,0,0,0,0,0.0,71,0,2.12,10,0.4705,704,431,94,68,14,6,1.69,308.1,1085,139,1.731,1.781,0.05,2284,2161,0.0,37.972,4.866,0.3602
23.0,0.33,37.73,0.61,0.1,0.75,3,644,502,418,84,0.1082,0.8327,502,0,134,261,127,6,137,0.9343,128,0,0,134,341,0,0,0,27,0,0,0,0,0.0,27,0,1.17,6,0.3408,682,413,69,48,13,5,1.81,308.1,1096,128,1.594,1.594,0.0,2284,2161,0.0,38.36,4.478,0.3315
23.0,0.33,37.73,0.61,0.1,1.0,3,644,418,418,0,0.1082,1.0,418,0,122,247,121,0,137,0.8905,122,0,0,122,281,0,0,0,15,0,0,0,0,0.0,15,0,0.93,5,0.3103,678,411,62,44,8,4,1.81,308.1,1102,122,1.519,1.519,0.0,2284,2161,0.0,38.543,4.295,0.3179
23.0,0.33,37.73,0.61,0.25,0.1,3,644,9800,980,8820,0.2536,0.1,9790,10,372,338,226,143,316,0.712,225,0,21,372,6637,0,0,0,2781,10,0,0,0,0.0,2781,0,34.64,100,0.9461,768,489,179,161,42,5,1.2,308.1,1020,204,2.54,2.802,0.261,2284,2161,0.0,35.819,7.019,0.5195
23.0,0.33,37.73,0.61,0.25,0.25,3,644,3920,980,2940,0.2536,0.25,3916,4,352,374,231,120,316,0.7278,230,0,13,352,2683,0,0,0,881,4,0,0,0,0.0,881,0,13.15,38,0.8953,754,470,171,149,47,6,1.28,308.1,1007,217,2.702,2.864,0.162,2284,2161,0.0,35.251,7.587,0.5616
23.0,0.33,37.73,0.61,0.25,0.5,3,644,1960,980,980,0.2536,0.5,1958,2,320,412,247,72,316,0.7785,246,0,6,320,1343,0,0,0,295,2,0,0,0,0.0,295,0,6.07,21,0.8139,723,446,161,127,22,10,1.4,308.1,984,240,2.988,3.063,0.075,2284,2161,0.0,34.507,8.33,0.6166
23.0,0.33,37.73,0.61,0.25,0.75,3,644,1284,980,304,0.2536,0.7632,1283,1,258,428,229,29,316,0.7247,229,0,1,258,878,0,0,0,147,1,0,0,0,0.0,147,0,3.6,12,0.6562,697,422,133,95,23,4,1.51,308.1,996,228,2.839,2.851,0.012,2284,2161,0.0,34.857,7.981,0.5907
23.0,0.33,37.73,0.61,0.25,1.0,3,644,980,980,0,0.2536,1.0,979,1,223,433,223,0,316,0.7057,223,0,0,223,665,0,0,0,91,1,0,0,0,0.0,91,0,2.54,9,0.5672,678,411,115,80,19,7,1.58,308.1,1001,223,2.777,2.777,0.0,2284,2161,0.0,35.039,7.798,0.5772
23.0,0.33,37.73,0.61,0.5,0.1,3,644,19470,1947,17523,0.5039,0.1,19450,20,391,329,239,144,602,0.3953,238,0,22,391,12971,0,0,0,6088,20,0,0,0,0.0,6088,0,72.7,140,0.9945,777,487,192,165,32,15,1.02,308.1,1008,216,2.689,2.963,0.274,2284,2161,0.0,35.312,7.525,0.557
23.0,0.33,37.73,0.61,0.5,0.25,3,644,7788,1947,5841,0.5039,0.25,7780,8,387,371,252,131,602,0.4169,251,0,18,387,5302,0,0,0,2091,8,0,0,0,0.0,2091,0,27.56,54,0.9843,765,478,193,160,37,11,1.06,308.1,991,233,2.901,3.125,0.224,2284,2161,0.0,34.664,8.174,0.605
23.0,0.33,37.73,0.61,0.5,0.5,3,644,3894,1947,1947,0.5039,0.5,3890,4,371,470,285,84,602,0.4701,283,0,7,371,2684,0,0,0,835,4,0,0,0,0.0,835,0,13.08,27,0.9436,732,452,187,146,21,14,1.16,308.1,948,276,3.437,3.524,0.087,2284,2161,0.0,33.285,9.553,0.7071
23.0,0.33,37.73,0.61,0.5,0.75,3,644,2598,1947,651,0.5039,0.7494,2595,3,341,499,300,41,602,0.4967,299,0,3,341,1808,0,0,0,446,3,0,0,0,0.0,446,0,8.09,18,0.8673,705,429,176,126,23,9,1.26,308.1,928,296,3.686,3.723,0.037,2284,2161,0.0,32.639,10.199,0.7549
23.0,0.33,37.73,0.61,0.5,1.0,3,644,1947,1947,0,0.5039,1.0,1945,2,312,571,312,0,602,0.5183,312,0,0,312,1346,0,0,0,287,2,0,0,0,0.0,287,0,5.8,14,0.7935,678,411,164,110,28,10,1.33,308.1,912,312,3.885,3.885,0.0,2284,2161,0.0,32.038,10.8,0.7994
23.0,0.33,37.73,0.61,0.75,0.1,3,644,28870,2887,25983,0.7472,0.1,28840,30,392,286,222,160,907,0.2448,222,0,25,392,18237,0,0,0,10211,30,0,0,0,0.0,10211,0,109.57,175,0.997,776,508,193,165,32,15,1,308.1,1027,197,2.453,2.764,0.311,2284,2161,0.0,36.036,6.801,0.5034
23.0,0.33,37.73,0.61,0.75,0.25,3,644,11548,2887,8661,0.7472,0.25,11536,12,391,382,269,114,907,0.2955,268,0,16,391,7809,0,0,0,3336,12,0,0,0,0.0,3336,0,42.14,70,0.9945,758,470,194,163,32,9,1.01,308.1,972,252,3.138,3.337,0.199,2284,2161,0.0,34.002,8.835,0.654
23.0,0.33,37.73,0.61,0.75,0.5,3,644,5774,2887,2887,0.7472,0.5,5768,6,385,486,293,90,907,0.3208,291,0,9,385,3994,0,0,0,1389,6,0,0,0,0.0,1389,0,20,36,0.9792,731,461,192,157,24,10,1.06,308.1,942,282,3.511,3.623,0.112,2284,2161,0.0,33.048,9.79,0.7246
23.0,0.33,37.73,0.61,0.75,0.75,3,644,3861,2887,974,0.7472,0.7477,3857,4,370,498,317,52,907,0.3495,317,0,5,370,2672,0,0,0,815,4,0,0,0,0.0,815,0,12.84,23,0.941,713,434,188,144,32,10,1.15,308.1,912,312,3.885,3.947,0.062,2284,2161,0.0,31.986,10.851,0.8032
23.0,0.33,37.73,0.61,0.75,1.0,3,644,2887,2887,0,0.7472,1.0,2884,3,344,602,344,0,907,0.3793,344,0,0,344,1982,0,0,0,558,3,0,0,0,0.0,558,0,8.98,17,0.8749,678,411,178,126,31,12,1.26,308.1,880,344,4.283,4.283,0.0,2284,2161,0.0,30.918,11.919,0.8822
23.0,0.33,37.73,0.61,1.0,0.1,3,644,38640,3864,34776,1.0,0.1,38580,60,392,160,133,247,1219,0.1075,131,0,30,392,21502,0,0,0,16686,60,0,0,0,0.0,16686,0,151.2,180,0.997,823,557,193,165,38,10,1,308.1,1123,101,1.258,1.631,0.374,2284,2161,0.0,39.379,3.459,0.256
23.0,0.33,37.73,0.61,1.0,0.25,3,644,15456,3864,11592,1.0,0.25,15432,24,391,376,275,110,1219,0.224,273,0,16,391,10517,0,0,0,4524,24,0,0,0,0.0,4524,0,56.76,72,0.9945,755,468,194,163,43,15,1.01,308.1,967,257,3.2,3.399,0.199,2284,2161,0.0,33.868,8.969,0.6639
23.0,0.33,37.73,0.61,1.0,0.5,3,644,7728,3864,3864,1.0,0.5,7716,12,389,463,306,79,1219,0.2494,304,0,5,389,5323,0,0,0,2004,12,0,0,0,0.0,2004,0,27.77,36,0.9894,724,455,193,159,33,9,1.02,308.1,925,299,3.723,3.785,0.062,2284,2161,0.0,32.421,10.416,0.771
23.0,0.33,37.73,0.61,1.0,0.75,3,644,5152,3864,1288,1.0,0.75,5144,8,383,557,345,36,1219,0.2822,344,0,2,383,3570,0,0,0,1191,8,0,0,0,0.0,1191,0,17.75,24,0.9741,697,433,187,154,34,14,1.08,308.1,882,342,4.258,4.283,0.025,2284,2161,0.0,30.94,11.897,0.8806
23.0,0.33,37.73,0.61,1.0,1.0,3,644,3864,3864,0,1.0,1.0,3858,6,365,623,365,0,1219,0.2994,365,0,0,365,2647,0,0,0,846,6,0,0,0,0.0,846,0,12.74,18,0.9283,678,411,184,137,28,10,1.17,308.1,859,365,4.545,4.545,0.0,2284,2161,0.0,30.143,12.695,0.9397
23.0,0.33,37.73,0.61,0.1,0.1,6,644,4180,418,3762,0.1082,0.1,4180,0,373,310,217,154,137,1.5766,216,0,22,373,2868,0,0,0,939,0,0,0,0,0.0,939,0,30.94,90,0.9487,777,491,184,158,30,15,2.03,616.2,1030,194,2.416,2.689,0.274,2284,2161,0.0,36.06,6.778,0.5017
23.0,0.33,37.73,0.61,0.1,0.25,6,644,1672,418,1254,0.1082,0.25,1672,0,334,352,209,123,137,1.5255,209,0,14,334,1155,0,0,0,183,0,0,0,0,0.0,183,0,9.76,32,0.8495,758,470,171,132,29,8,2.66,616.2,1029,195,2.428,2.602,0.174,2284,2161,0.0,36.054,6.784,0.5021
23.0,0.33,37.73,0.61,0.1,0.5,6,644,836,418,418,0.1082,0.5,836,0,236,343,186,49,137,1.365,187,0,4,236,582,0,0,0,18,0,0,0,0,0.0,18,0,3.11,12,0.6002,708,434,122,84,20,11,3.69,616.2,1041,183,2.279,2.328,0.05,2284,2161,0.0,36.391,6.447,0.4772
23.0,0.33,37.73,0.61,0.1,0.75,6,644,502,418,84,0.1082,0.8327,502,0,157,302,148,8,137,1.0876,149,0,0,157,343,0,0,0,2,0,0,0,0,0.0,2,0,1.42,8,0.3993,684,413,79,57,14,8,4.19,616.2,1075,149,1.855,1.855,0.0,2284,2161,0.0,37.604,5.234,0.3874
23.0,0.33,37.73,0.61,0.1,1.0,6,644,418,418,0,0.1082,1.0,418,0,136,273,135,0,137,0.9927,136,0,0,136,281,0,0,0,1,0,0,0,0,0.0,1,0,1.06,5,0.3459,678,411,66,49,13,9,4.38,616.2,1088,136,1.693,1.693,0.0,2284,2161,0.0,38.036,4.802,0.3554
23.0,0.33,37.73,0.61,0.25,0.1,6,644,9800,980,8820,0.2536,0.1,9790,10,392,346,235,155,316,0.7373,233,0,22,392,6626,0,0,0,2772,10,0,0,0,0.0,2772,0,79.87,150,0.997,779,491,196,164,31,17,1.25,616.2,1013,211,2.627,2.901,0.274,2284,2161,0.0,35.497,7.341,0.5434
23.0,0.33,37.73,0.61,0.25,0.25,6,644,3920,980,2940,0.2536,0.25,3916,4,389,400,248,139,316,0.7816,247,0,20,389,2685,0,0,0,842,4,0,0,0,0.0,842,0,30.19,60,0.9894,767,484,193,163,39,12,1.53,616.2,997,227,2.826,3.075,0.249,2284,2161,0.0,34.904,7.934,0.5873
23.0,0.33,37.73,0.61,0.25,0.5,6,644,1960,980,980,0.2536,0.5,1958,2,371,476,281,88,316,0.8861,280,0,6,371,1350,0,0,0,237,2,0,0,0,0.0,237,0,12.7,30,0.9436,728,458,186,148,32,7,2.22,616.2,950,274,3.412,3.486,0.075,2284,2161,0.0,33.323,9.515,0.7043
23.0,0.33,37.73,0.61,0.25,0.75,6,644,1284,980,304,0.2536,0.7632,1283,1,313,508,276,36,316,0.8734,276,0,1,313,880,0,0,0,90,1,0,0,0,0.0,90,0,6.33,21,0.7961,702,425,167,111,27,6,2.95,616.2,949,275,3.424,3.437,0.012,2284,2161,0.0,33.275,9.563,0.7078
23.0,0.33,37.73,0.61,0.25,1.0,6,644,980,980,0,0.2536,1.0,979,1,270,502,269,0,316,0.8544,270,0,0,270,665,0,0,0,44,1,0,0,0,0.0,44,0,4.19,15,0.6867,678,411,139,95,20,10,3.17,616.2,954,270,3.362,3.362,0.0,2284,2161,0.0,33.44,9.397,0.6956
23.0,0.33,37.73,0.61,0.5,0.1,6,644,19470,1947,17523,0.5039,0.1,19450,20,392,347,246,140,602,0.407,245,0,21,392,12986,0,0,0,6072,20,0,0,0,0.0,6072,0,162.27,244,0.997,768,489,194,164,34,14,1.03,616.2,1000,224,2.789,3.051,0.261,2284,2161,0.0,35.005,7.833,0.5798
23.0,0.33,37.73,0.61,0.5,0.25,6,644,7788,1947,5841,0.5039,0.25,7780,8,392,393,264,125,602,0.4336,261,0,14,392,5326,0,0,0,2062,8,0,0,0,0.0,2062,0,63.63,97,0.997,757,477,195,163,36,10,1.07,616.2,977,247,3.075,3.25,0.174,2284,2161,0.0,34.183,8.655,0.6406
23.0,0.33,37.73,0.61,0.5,0.5,6,644,3894,1947,1947,0.5039,0.5,3890,4,389,479,288,100,602,0.4751,286,0,7,389,2684,0,0,0,817,4,0,0,0,0.0,817,0,30.42,48,0.9894,738,461,197,156,31,9,1.28,616.2,945,279,3.474,3.561,0.087,2284,2161,0.0,33.17,9.668,0.7156
23.0,0.33,37.73,0.61,0.5,0.75,6,644,2598,1947,651,0.5039,0.7494,2595,3,376,567,329,46,602,0.5465,329,0,3,376,1811,0,0,0,408,3,0,0,0,0.0,408,0,18.31,32,0.9563,708,431,196,138,34,9,1.72,616.2,898,326,4.059,4.096,0.037,2284,2161,0.0,31.562,11.276,0.8346
23.0,0.33,37.73,0.61,0.5,1.0,6,644,1947,1947,0,0.5039,1.0,1945,2,354,662,353,0,602,0.588,354,0,0,354,1346,0,0,0,245,2,0,0,0,0.0,245,0,12.33,24,0.9004,678,411,184,125,36,13,2.03,616.2,870,354,4.408,4.408,0.0,2284,2161,0.0,30.574,12.263,0.9077
23.0,0.33,37.73,0.61,0.75,0.1,6,644,28870,2887,25983,0.7472,0.1,28840,30,392,286,222,160,907,0.2448,222,0,25,392,18237,0,0,0,10211,30,0,0,0,0.0,10211,0,243.25,328,0.997,776,508,193,165,32,15,1,616.2,1027,197,2.453,2.764,0.311,2284,2161,0.0,36.036,6.801,0.5034
23.0,0.33,37.73,0.61,0.75,0.25,6,644,11548,2887,8661,0.7472,0.25,11536,12,392,390,275,112,907,0.301,273,0,15,392,7809,0,0,0,3335,12,0,0,0,0.0,3335,0,95.37,130,0.997,755,468,195,163,30,11,1.02,616.2,966,258,3.212,3.399,0.187,2284,2161,0.0,33.823,9.014,0.6672
23.0,0.33,37.73,0.61,0.75,0.5,6,644,5774,2887,2887,0.7472,0.5,5768,6,392,492,299,91,907,0.3275,297,0,8,392,3995,0,0,0,1381,6,0,0,0,0.0,1381,0,46.78,65,0.997,731,461,195,162,28,11,1.09,616.2,935,289,3.598,3.698,0.1,2284,2161,0.0,32.779,10.059,0.7446
23.0,0.33,37.73,0.61,0.75,0.75,6,644,3861,2887,974,0.7472,0.7477,3857,4,387,532,334,53,907,0.3671,333,0,3,387,2668,0,0,0,802,4,0,0,0,0.0,802,0,29.96,43,0.9843,710,436,196,151,25,15,1.29,616.2,894,330,4.109,4.146,0.037,2284,2161,0.0,31.438,11.399,0.8437
23.0,0.33,37.73,0.61,0.75,1.0,6,644,2887,2887,0,0.7472,1.0,2884,3,377,650,377,0,907,0.4157,377,0,0,377,1982,0,0,0,525,3,0,0,0,0.0,525,0,20.65,32,0.9588,678,411,191,143,30,12,1.6,616.2,847,377,4.694,4.694,0.0,2284,2161,0.0,29.782,13.055,0.9663
23.0,0.33,37.73,0.61,1.0,0.1,6,644,38640,3864,34776,1.0,0.1,38580,60,392,160,133,247,1219,0.1075,131,0,30,392,21502,0,0,0,16686,60,0,0,0,0.0,16686,0,329.8,360,0.997,823,557,193,165,38,10,1,616.2,1123,101,1.258,1.631,0.374,2284,2161,0.0,39.379,3.459,0.256
23.0,0.33,37.73,0.61,1.0,0.25,6,644,15456,3864,11592,1.0,0.25,15432,24,392,372,270,118,1219,0.2199,268,0,16,392,10519,0,0,0,4521,24,0,0,0,0.0,4521,0,128.29,144,0.997,758,471,194,164,44,15,1.01,616.2,972,252,3.138,3.337,0.199,2284,2161,0.0,34.038,8.8,0.6514
23.0,0.33,37.73,0.61,1.0,0.5,6,644,7728,3864,3864,1.0,0.5,7716,12,391,467,308,78,1219,0.251,306,0,5,391,5319,0,0,0,2006,12,0,0,0,0.0,2006,0,63.43,72,0.9945,723,456,193,161,31,9,1.04,616.2,923,301,3.748,3.81,0.062,2284,2161,0.0,32.403,10.435,0.7724
23.0,0.33,37.73,0.61,1.0,0.75,6,644,5152,3864,1288,1.0,0.75,5144,8,390,534,346,41,1219,0.283,345,0,2,390,3561,0,0,0,1193,8,0,0,0,0.0,1193,0,41.18,48,0.9919,700,436,191,158,30,11,1.16,616.2,881,343,4.271,4.296,0.025,2284,2161,0.0,30.939,11.899,0.8808
23.0,0.33,37.73,0.61,1.0,1.0,6,644,3864,3864,0,1.0,1.0,3858,6,389,646,388,0,1219,0.3191,389,0,0,389,2648,0,0,0,821,6,0,0,0,0.0,821,0,29.71,36,0.9894,678,411,187,158,31,12,1.35,616.2,835,389,4.844,4.844,0.0,2284,2161,0.0,29.347,13.491,0.9986
23.0,0.33,37.73,0.61,0.1,0.1,12,644,4180,418,3762,0.1082,0.1,4180,0,391,355,231,157,137,1.6788,230,0,22,391,2860,0,0,0,929,0,0,0,0,0.0,929,0,68.67,130,0.9945,780,492,195,163,43,19,2.28,1232.4,1016,208,2.59,2.864,0.274,2284,2161,0.0,35.551,7.287,0.5394
23.0,0.33,37.73,0.61,0.1,0.25,12,644,1672,418,1254,0.1082,0.25,1672,0,380,399,231,147,137,1.6788,230,0,19,380,1159,0,0,0,133,0,0,0,0,0.0,133,0,20.84,49,0.9665,780,478,200,145,38,8,4.42,1232.4,1013,211,2.627,2.864,0.237,2284,2161,0.0,35.497,7.34,0.5433
23.0,0.33,37.73,0.61,0.1,0.5,12,644,836,418,418,0.1082,0.5,836,0,251,362,199,51,137,1.4599,200,0,5,251,584,0,0,0,1,0,0,0,0,0.0,1,0,3.93,24,0.6384,709,436,126,93,24,13,8.77,1232.4,1029,195,2.428,2.49,0.062,2284,2161,0.0,35.992,6.846,0.5067
23.0,0.33,37.73,0.61,0.1,0.75,12,644,502,418,84,0.1082,0.8327,502,0,159,305,150,8,137,1.1022,151,0,0,159,343,0,0,0,0,0,0,0,0,0.0,0,0,1.59,16,0.4044,684,413,78,57,15,4,9.82,1232.4,1073,151,1.88,1.88,0.0,2284,2161,0.0,37.535,5.302,0.3925
23.0,0.33,37.73,0.61,0.1,1.0,12,644,418,418,0,0.1082,1.0,418,0,137,275,136,0,137,1.0,137,0,0,137,281,0,0,0,0,0,0,0,0,0.0,0,0,1.16,12,0.3484,678,411,66,49,13,5,10.09,1232.4,1087,137,1.706,1.706,0.0,2284,2161,0.0,37.996,4.841,0.3583
23.0,0.33,37.73,0.61,0.25,0.1,12,644,9800,980,8820,0.2536,0.1,9790,10,392,346,235,155,316,0.7373,233,0,22,392,6626,0,0,0,2772,10,0,0,0,0.0,2772,0,169.94,260,0.997,779,491,196,164,31,17,1.25,1232.4,1013,211,2.627,2.901,0.274,2284,2161,0.0,35.497,7.341,0.5434
23.0,0.33,37.73,0.61,0.25,0.25,12,644,3920,980,2940,0.2536,0.25,3916,4,392,406,244,147,316,0.769,243,0,19,392,2682,0,0,0,842,4,0,0,0,0.0,842,0,66.0,104,0.997,776,481,198,161,50,12,1.56,1232.4,1000,224,2.789,3.026,0.237,2284,2161,0.0,35.017,7.82,0.5788
23.0,0.33,37.73,0.61,0.25,0.5,12,644,1960,980,980,0.2536,0.5,1958,2,383,476,285,96,316,0.8987,284,0,7,383,1350,0,0,0,225,2,0,0,0,0.0,225,0,28.83,52,0.9741,734,461,194,151,23,8,2.89,1232.4,947,277,3.449,3.536,0.087,2284,2161,0.0,33.202,9.636,0.7132
23.0,0.33,37.73,0.61,0.25,0.75,12,644,1284,980,304,0.2536,0.7632,1283,1,335,542,298,36,316,0.9462,299,0,2,335,884,0,0,0,64,1,0,0,0,0.0,64,0,12.27,35,0.852,701,426,173,120,29,8,5.56,1232.4,927,297,3.698,3.723,0.025,2284,2161,0.0,32.495,10.342,0.7655
23.0,0.33,37.73,0.61,0.25,1.0,12,644,980,980,0,0.2536,1.0,979,1,291,545,290,0,316,0.9209,291,0,0,291,665,0,0,0,23,1,0,0,0,0.0,23,0,6.98,25,0.7401,678,411,150,100,28,8,6.75,1232.4,933,291,3.623,3.623,0.0,2284,2161,0.0,32.662,10.176,0.7532
23.0,0.33,37.73,0.61,0.5,0.1,12,644,19470,1947,17523,0.5039,0.1,19450,20,392,347,246,140,602,0.407,245,0,21,392,12986,0,0,0,6072,20,0,0,0,0.0,6072,0,341.35,469,0.997,768,489,194,164,34,14,1.03,1232.4,1000,224,2.789,3.051,0.261,2284,2161,0.0,35.005,7.833,0.5798
23.0,0.33,37.73,0.61,0.5,0.25,12,644,7788,1947,5841,0.5039,0.25,7780,8,392,393,264,125,602,0.4336,261,0,14,392,5326,0,0,0,2062,8,0,0,0,0.0,2062,0,135.27,188,0.997,757,477,195,163,36,10,1.07,1232.4,977,247,3.075,3.25,0.174,2284,2161,0.0,34.183,8.655,0.6406
23.0,0.33,37.73,0.61,0.5,0.5,12,644,3894,1947,1947,0.5039,0.5,3890,4,390,481,290,98,602,0.4784,288,0,7,390,2684,0,0,0,816,4,0,0,0,0.0,816,0,66.09,93,0.9919,737,461,198,156,31,9,1.32,1232.4,943,281,3.499,3.586,0.087,2284,2161,0.0,33.091,9.747,0.7215
23.0,0.33,37.73,0.61,0.5,0.75,12,644,2598,1947,651,0.5039,0.7494,2595,3,383,586,339,44,602,0.5615,338,0,3,383,1809,0,0,0,403,3,0,0,0,0.0,403,0,41.27,62,0.9741,705,432,201,140,27,13,1.95,1232.4,889,335,4.171,4.208,0.037,2284,2161,0.0,31.33,11.507,0.8517
23.0,0.33,37.73,0.61,0.5,1.0,12,644,1947,1947,0,0.5039,1.0,1945,2,373,694,373,0,602,0.6196,373,0,0,373,1346,0,0,0,226,2,0,0,0,0.0,226,0,27.56,46,0.9487,678,411,200,128,36,12,2.93,1232.4,851,373,4.644,4.644,0.0,2284,2161,0.0,29.965,12.872,0.9528
23.0,0.33,37.73,0.61,0.75,0.1,12,644,28870,2887,25983,0.7472,0.1,28840,30,392,286,222,160,907,0.2448,222,0,25,392,18237,0,0,0,10211,30,0,0,0,0.0,10211,0,508.94,619,0.997,776,508,193,165,32,15,1,1232.4,1027,197,2.453,2.764,0.311,2284,2161,0.0,36.036,6.801,0.5034
23.0,0.33,37.73,0.61,0.75,0.25,12,644,11548,2887,8661,0.7472,0.25,11536,12,392,390,275,112,907,0.301,273,0,15,392,7809,0,0,0,3335,12,0,0,0,0.0,3335,0,201.64,245,0.997,755,468,195,163,30,11,1.02,1232.4,966,258,3.212,3.399,0.187,2284,2161,0.0,33.823,9.014,0.6672
23.0,0.33,37.73,0.61,0.75,0.5,12,644,5774,2887,2887,0.7472,0.5,5768,6,392,492,299,91,907,0.3275,297,0,8,392,3995,0,0,0,1381,6,0,0,0,0.0,1381,0,99.92,123,0.997,731,461,195,162,28,11,1.09,1232.4,935,289,3.598,3.698,0.1,2284,2161,0.0,32.779,10.059,0.7446
23.0,0.33,37.73,0.61,0.75,0.75,12,644,3861,2887,974,0.7472,0.7477,3857,4,387,532,334,53,907,0.3671,333,0,3,387,2668,0,0,0,802,4,0,0,0,0.0,802,0,65.25,83,0.9843,710,436,196,151,25,15,1.32,1232.4,894,330,4.109,4.146,0.037,2284,2161,0.0,31.438,11.399,0.8437
23.0,0.33,37.73,0.61,0.75,1.0,12,644,2887,2887,0,0.7472,1.0,2884,3,386,665,385,0,907,0.4256,386,0,0,386,1982,0,0,0,516,3,0,0,0,0.0,516,0,46.24,62,0.9817,678,411,200,143,31,11,1.9,1232.4,838,386,4.806,4.806,0.0,2284,2161,0.0,29.476,13.362,0.989
23.0,0.33,37.73,0.61,1.0,0.1,12,644,38640,3864,34776,1.0,0.1,38580,60,392,160,133,247,1219,0.1075,131,0,30,392,21502,0,0,0,16686,60,0,0,0,0.0,16686,0,684.5,720,0.997,823,557,193,165,38,10,1,1232.4,1123,101,1.258,1.631,0.374,2284,2161,0.0,39.379,3.459,0.256
23.0,0.33,37.73,0.61,1.0,0.25,12,644,15456,3864,11592,1.0,0.25,15432,24,392,372,270,118,1219,0.2199,268,0,16,392,10519,0,0,0,4521,24,0,0,0,0.0,4521,0,270.16,288,0.997,758,471,194,164,44,15,1.01,1232.4,972,252,3.138,3.337,0.199,2284,2161,0.0,34.038,8.8,0.6514
23.0,0.33,37.73,0.61,1.0,0.5,12,644,7728,3864,3864,1.0,0.5,7716,12,391,467,308,78,1219,0.251,306,0,5,391,5319,0,0,0,2006,12,0,0,0,0.0,2006,0,134.37,144,0.9945,723,456,193,161,31,9,1.04,1232.4,923,301,3.748,3.81,0.062,2284,2161,0.0,32.403,10.435,0.7724
23.0,0.33,37.73,0.61,1.0,0.75,12,644,5152,3864,1288,1.0,0.75,5144,8,390,534,346,41,1219,0.283,345,0,2,390,3561,0,0,0,1193,8,0,0,0,0.0,1193,0,88.46,96,0.9919,700,436,191,158,30,11,1.17,1232.4,881,343,4.271,4.296,0.025,2284,2161,0.0,30.939,11.899,0.8808
23.0,0.33,37.73,0.61,1.0,1.0,12,644,3864,3864,0,1.0,1.0,3858,6,389,646,389,0,1219,0.3191,389,0,0,389,2647,0,0,0,822,6,0,0,0,0.0,822,0,65.06,72,0.9894,678,411,187,158,31,12,1.37,1232.4,835,389,4.844,4.844,0.0,2284,2161,0.0,29.328,13.51,1.0
23.0,0.33,37.73,0.61,0.1,0.1,43,644,4180,418,3762,0.1082,0.1,4180,0,391,355,231,157,137,1.6788,230,0,22,391,2860,0,0,0,929,0,0,0,0,0.0,929,0,261.2,350,0.9945,780,492,195,163,43,19,2.28,4416.1,1016,208,2.59,2.864,0.274,2284,2161,0.0,35.551,7.287,0.5394
23.0,0.33,37.73,0.61,0.1,0.25,43,644,1672,418,1254,0.1082,0.25,1672,0,391,397,237,151,137,1.7226,236,0,19,391,1153,0,0,0,128,0,0,0,0,0.0,128,0,97.22,140,0.9945,785,478,208,148,35,10,4.82,4416.1,1007,217,2.702,2.938,0.237,2284,2161,0.0,35.245,7.593,0.562
23.0,0.33,37.73,0.61,0.1,0.5,43,644,836,418,418,0.1082,0.5,836,0,244,353,197,46,137,1.4453,198,0,9,244,592,0,0,0,0,0,0,0,0,0.0,0,0,6.0,52,0.6206,708,436,121,86,27,12,36.5,4416.1,1035,189,2.353,2.465,0.112,2284,2161,0.0,36.193,6.645,0.4919
23.0,0.33,37.73,0.61,0.1,0.75,43,644,502,418,84,0.1082,0.8327,502,0,157,296,148,8,137,1.0876,149,0,2,157,345,0,0,0,0,0,0,0,0,0.0,0,0,2.26,32,0.3993,685,414,78,51,15,6,38.02,4416.1,1077,147,1.83,1.855,0.025,2284,2161,0.0,37.681,5.157,0.3817
23.0,0.33,37.73,0.61,0.1,1.0,43,644,418,418,0,0.1082,1.0,418,0,135,266,134,0,137,0.9854,135,0,0,135,283,0,0,0,0,0,0,0,0,0.0,0,0,1.57,26,0.3434,678,411,66,45,13,4,38.61,4416.1,1089,135,1.681,1.681,0.0,2284,2161,0.0,38.065,4.773,0.3533
23.0,0.33,37.73,0.61,0.25,0.1,43,644,9800,980,8820,0.2536,0.1,9790,10,392,346,235,155,316,0.7373,233,0,22,392,6626,0,0,0,2772,10,0,0,0,0.0,2772,0,620.73,760,0.997,779,491,196,164,31,17,1.25,4416.1,1013,211,2.627,2.901,0.274,2284,2161,0.0,35.497,7.341,0.5434
23.0,0.33,37.73,0.61,0.25,0.25,43,644,3920,980,2940,0.2536,0.25,3916,4,392,406,244,147,316,0.769,243,0,19,392,2682,0,0,0,842,4,0,0,0,0.0,842,0,246.32,303,0.997,776,481,198,161,50,12,1.56,4416.1,1000,224,2.789,3.026,0.237,2284,2161,0.0,35.017,7.82,0.5788
23.0,0.33,37.73,0.61,0.25,0.5,43,644,1960,980,980,0.2536,0.5,1958,2,386,477,287,97,316,0.9051,286,0,7,386,1351,0,0,0,221,2,0,0,0,0.0,221,0,118.58,152,0.9817,734,462,194,154,29,7,3.08,4416.1,945,279,3.474,3.561,0.087,2284,2161,0.0,33.132,9.706,0.7184
23.0,0.33,37.73,0.61,0.25,0.75,43,644,1284,980,304,0.2536,0.7632,1283,1,344,564,305,38,316,0.9684,306,0,4,344,886,0,0,0,53,1,0,0,0,0.0,53,0,46.63,96,0.8749,705,426,181,118,36,9,16.91,4416.1,922,302,3.76,3.81,0.05,2284,2161,0.0,32.319,10.519,0.7786
23.0,0.33,37.73,0.61,0.25,1.0,43,644,980,980,0,0.2536,1.0,979,1,305,582,304,0,316,0.9652,305,0,1,305,668,0,0,0,6,1,0,0,0,0.0,6,0,24.9,68,0.7757,678,412,159,105,27,10,22.85,4416.1,920,304,3.785,3.798,0.012,2284,2161,0.0,32.198,10.64,0.7876
23.0,0.33,37.73,0.61,0.5,0.1,43,644,19470,1947,17523,0.5039,0.1,19450,20,392,347,246,140,602,0.407,245,0,21,392,12986,0,0,0,6072,20,0,0,0,0.0,6072,0,1241.43,1492,0.997,768,489,194,164,34,14,1.03,4416.1,1000,224,2.789,3.051,0.261,2284,2161,0.0,35.005,7.833,0.5798
23.0,0.33,37.73,0.61,0.5,0.25,43,644,7788,1947,5841,0.5039,0.25,7780,8,392,393,264,125,602,0.4336,261,0,14,392,5326,0,0,0,2062,8,0,0,0,0.0,2062,0,495.3,596,0.997,757,477,195,163,36,10,1.07,4416.1,977,247,3.075,3.25,0.174,2284,2161,0.0,34.183,8.655,0.6406
23.0,0.33,37.73,0.61,0.5,0.5,43,644,3894,1947,1947,0.5039,0.5,3890,4,390,481,290,98,602,0.4784,288,0,7,390,2684,0,0,0,816,4,0,0,0,0.0,816,0,246.11,300,0.9919,737,461,198,156,31,9,1.32,4416.1,943,281,3.499,3.586,0.087,2284,2161,0.0,33.091,9.747,0.7215
23.0,0.33,37.73,0.61,0.5,0.75,43,644,2598,1947,651,0.5039,0.7494,2595,3,385,585,338,47,602,0.5598,337,0,3,385,1809,0,0,0,401,3,0,0,0,0.0,401,0,161.25,197,0.9792,707,433,202,141,26,13,1.99,4416.1,890,334,4.159,4.196,0.037,2284,2161,0.0,31.343,11.494,0.8508
23.0,0.33,37.73,0.61,0.5,1.0,43,644,1947,1947,0,0.5039,1.0,1945,2,383,707,383,0,602,0.6362,383,0,0,383,1346,0,0,0,216,2,0,0,0,0.0,216,0,115.5,150,0.9741,678,411,209,129,33,15,3.83,4416.1,841,383,4.769,4.769,0.0,2284,2161,0.0,29.634,13.203,0.9773
23.0,0.33,37.73,0.61,0.75,0.1,43,644,28870,2887,25983,0.7472,0.1,28840,30,392,286,222,160,907,0.2448,222,0,25,392,18237,0,0,0,10211,30,0,0,0,0.0,10211,0,1841.31,2060,0.997,776,508,193,165,32,15,1,4416.1,1027,197,2.453,2.764,0.311,2284,2161,0.0,36.036,6.801,0.5034
23.0,0.33,37.73,0.61,0.75,0.25,43,644,11548,2887,8661,0.7472,0.25,11536,12,392,390,275,112,907,0.301,273,0,15,392,7809,0,0,0,3335,12,0,0,0,0.0,3335,0,734.59,826,0.997,755,468,195,163,30,11,1.02,4416.1,966,258,3.212,3.399,0.187,2284,2161,0.0,33.823,9.014,0.6672
23.0,0.33,37.73,0.61,0.75,0.5,43,644,5774,2887,2887,0.7472,0.5,5768,6,392,492,299,91,907,0.3275,297,0,8,392,3995,0,0,0,1381,6,0,0,0,0.0,1381,0,366.4,413,0.997,731,461,195,162,28,11,1.09,4416.1,935,289,3.598,3.698,0.1,2284,2161,0.0,32.779,10.059,0.7446
23.0,0.33,37.73,0.61,0.75,0.75,43,644,3861,2887,974,0.7472,0.7477,3857,4,387,532,334,53,907,0.3671,333,0,3,387,2668,0,0,0,802,4,0,0,0,0.0,802,0,243.58,278,0.9843,710,436,196,151,25,15,1.32,4416.1,894,330,4.109,4.146,0.037,2284,2161,0.0,31.438,11.399,0.8437
23.0,0.33,37.73,0.61,0.75,1.0,43,644,2887,2887,0,0.7472,1.0,2884,3,386,663,386,0,907,0.4256,386,0,0,386,1982,0,0,0,516,3,0,0,0,0.0,516,0,179.4,207,0.9817,678,411,201,142,31,11,1.91,4416.1,838,386,4.806,4.806,0.0,2284,2161,0.0,29.444,13.394,0.9914
23.0,0.33,37.73,0.61,1.0,0.1,43,644,38640,3864,34776,1.0,0.1,38580,60,392,160,133,247,1219,0.1075,131,0,30,392,21502,0,0,0,16686,60,0,0,0,0.0,16686,0,2463.76,2580,0.997,823,557,193,165,38,10,1,4416.1,1123,101,1.258,1.631,0.374,2284,2161,0.0,39.379,3.459,0.256
23.0,0.33,37.73,0.61,1.0,0.25,43,644,15456,3864,11592,1.0,0.25,15432,24,392,372,270,118,1219,0.2199,268,0,16,392,10519,0,0,0,4521,24,0,0,0,0.0,4521,0,981.87,1032,0.997,758,471,194,164,44,15,1.01,4416.1,972,252,3.138,3.337,0.199,2284,2161,0.0,34.038,8.8,0.6514
23.0,0.33,37.73,0.61,1.0,0.5,43,644,7728,3864,3864,1.0,0.5,7716,12,391,467,308,78,1219,0.251,306,0,5,391,5319,0,0,0,2006,12,0,0,0,0.0,2006,0,490.22,516,0.9945,723,456,193,161,31,9,1.04,4416.1,923,301,3.748,3.81,0.062,2284,2161,0.0,32.403,10.435,0.7724
23.0,0.33,37.73,0.61,1.0,0.75,43,644,5152,3864,1288,1.0,0.75,5144,8,390,534,346,41,1219,0.283,345,0,2,390,3561,0,0,0,1193,8,0,0,0,0.0,1193,0,325.69,344,0.9919,700,436,191,158,30,11,1.17,4416.1,881,343,4.271,4.296,0.025,2284,2161,0.0,30.939,11.899,0.8808
23.0,0.33,37.73,0.61,1.0,1.0,43,644,3864,3864,0,1.0,1.0,3858,6,389,646,389,0,1219,0.3191,389,0,0,389,2647,0,0,0,822,6,0,0,0,0.0,822,0,242.98,258,0.9894,678,411,187,158,31,12,1.37,4416.1,835,389,4.844,4.844,0.0,2284,2161,0.0,29.328,13.51,1.0
23.0,0.37,33.65,0.683,0.1,0.1,1,644,4180,418,3762,0.1082,0.1,0,4180,0,0,0,0,137,0.0,0,0,0,0,0,0,0,0,0,4180,0,0,0,0.0,0,0,0,0,0.0,678,411,0,0,0,0,0.0,102.7,1224,0,0.0,0.0,0.0,2284,2161,0.0,42.838,0.0,0.0
23.0,0.37,33.65,0.683,0.1,0.25,1,644,1672,418,1254,0.1082,0.25,0,1672,0,0,0,0,137,0.0,0,0,0,0,0,0,0,0,0,1672,0,0,0,0.0,0,0,0,0,0.0,678,411,0,0,0,0,0.0,102.7,1224,0,0.0,0.0,0.0,2284,2161,0.0,42.838,0.0,0.0
23.0,0.37,33.65,0.683,0.1,0.5,1,644,836,418,418,0.1082,0.5,0,836,0,0,0,0,137,0.0,0,0,0,0,0,0,0,0,0,836,0,0,0,0.0,0,0,0,0,0.0,678,411,0,0,0,0,0.0,102.7,1224,0,0.0,0.0,0.0,2284,2161,0.0,42.838,0.0,0.0
23.0,0.37,33.65,0.683,0.1,0.75,1,644,502,418,84,0.1082,0.8327,0,502,0,0,0,0,137,0.0,0,0,0,0,0,0,0,0,0,502,0,0,0,0.0,0,0,0,0,0.0,678,411,0,0,0,0,0.0,102.7,1224,0,0.0,0.0,0.0,2284,2161,0.0,42.838,0.0,0.0
23.0,0.37,33.65,0.683,0.1,1.0,1,644,418,418,0,0.1082,1.0,0,418,0,0,0,0,137,0.0,0,0,0,0,0,0,0,0,0,418,0,0,0,0.0,0,0,0,0,0.0,678,411,0,0,0,0,0.0,102.7,1224,0,0.0,0.0,0.0,2284,2161,0.0,42.838,0.0,0.0
23.0,0.37,33.65,0.683,0.25,0.1,1,644,9800,980,8820,0.2536,0.1,0,9800,0,0,0,0,316,0.0,0,0,0,0,0,0,0,0,0,9800,0,0,0,0.0,0,0,0,0,0.0,678,411,0,0,0,0,0.0,102.7,1224,0,0.0,0.0,0.0,2284,2161,0.0,42.838,0.0,0.0
23.0,0.37,33.65,0.683,0.25,0.25,1,644,3920,980,2940,0.2536,0.25,0,3920,0,0,0,0,316,0.0,0,0,0,0,0,0,0,0,0,3920,0,0,0,0.0,0,0,0,0,0.0,678,411,0,0,0,0,0.0,102.7,1224,0,0.0,0.0,0.0,2284,2161,0.0,42.838,0.0,0.0
23.0,0.37,33.65,0.683,0.25,0.5,1,644,1960,980,980,0.2536,0.5,0,1960,0,0,0,0,316,0.0,0,0,0,0,0,0,0,0,0,1960,0,0,0,0.0,0,0,0,0,0.0,678,411,0,0,0,0,0.0,102.7,1224,0,0.0,0.0,0.0,2284,2161,0.0,42.838,0.0,0.0
23.0,0.37,33.65,0.683,0.25,0.75,1,644,1284,980,304,0.2536,0.7632,0,1284,0,0,0,0,316,0.0,0,0,0,0,0,0,0,0,0,1284,0,0,0,0.0,0,0,0,0,0.0,678,411,0,0,0,0,0.0,102.7,1224,0,0.0,0.0,0.0,2284,2161,0.0,42.838,0.0,0.0
23.0,0.37,33.65,0.683,0.25,1.0,1,644,980,980,0,0.2536,1.0,0,980,0,0,0,0,316,0.0,0,0,0,0,0,0,0,0,0,980,0,0,0,0.0,0,0,0,0,0.0,678,411,0,0,0,0,0.0,102.7,1224,0,0.0,0.0,0.0,2284,2161,0.0,42.838,0.0,0.0
23.0,0.37,33.65,0.683,0.5,0.1,1,644,19470,1947,17523,0.5039,0.1,0,19470,0,0,0,0,602,0.0,0,0,0,0,0,0,0,0,0,19470,0,0,0,0.0,0,0,0,0,0.0,678,411,0,0,0,0,0.0,102.7,1224,0,0.0,0.0,0.0,2284,2161,0.0,42.838,0.0,0.0
23.0,0.37,33.65,0.683,0.5,0.25,1,644,7788,1947,5841,0.5039,0.25,0,7788,0,0,0,0,602,0.0,0,0,0,0,0,0,0,0,0,7788,0,0,0,0.0,0,0,0,0,0.0,678,411,0,0,0,0,0.0,102.7,1224,0,0.0,0.0,0.0,2284,2161,0.0,42.838,0.0,0.0
23.0,0.37,33.65,0.683,0.5,0.5,1,644,3894,1947,1947,0.5039,0.5,0,3894,0,0,0,0,602,0.0,0,0,0,0,0,0,0,0,0,3894,0,0,0,0.0,0,0,0,0,0.0,678,411,0,0,0,0,0.0,102.7,1224,0,0.0,0.0,0.0,2284,2161,0.0,42.838,0.0,0.0
23.0,0.37,33.65,0.683,0.5,0.75,1,644,2598,1947,651,0.5039,0.7494,0,2598,0,0,0,0,602,0.0,0,0,0,0,0,0,0,0,0,2598,0,0,0,0.0,0,0,0,0,0.0,678,411,0,0,0,0,0.0,102.7,1224,0,0.0,0.0,0.0,2284,2161,0.0,42.838,0.0,0.0
23.0,0.37,33.65,0.683,0.5,1.0,1,644,1947,1947,0,0.5039,1.0,0,1947,0,0,0,0,602,0.0,0,0,0,0,0,0,0,0,0,1947,0,0,0,0.0,0,0,0,0,0.0,678,411,0,0,0,0,0.0,102.7,1224,0,0.0,0.0,0.0,2284,2161,0.0,42.838,0.0,0.0
23.0,0.37,33.65,0.683,0.75,0.1,1,644,28870,2887,25983,0.7472,0.1,0,28870,0,0,0,0,907,0.0,0,0,0,0,0,0,0,0,0,28870,0,0,0,0.0,0,0,0,0,0.0,678,411,0,0,0,0,0.0,102.7,1224,0,0.0,0.0,0.0,2284,2161,0.0,42.838,0.0,0.0
23.0,0.37,33.65,0.683,0.75,0.25,1,644,11548,2887,8661,0.7472,0.25,0,11548,0,0,0,0,907,0.0,0,0,0,0,0,0,0,0,0,11548,0,0,0,0.0,0,0,0,0,0.0,678,411,0,0,0,0,0.0,102.7,1224,0,0.0,0.0,0.0,2284,2161,0.0,42.838,0.0,0.0
23.0,0.37,33.65,0.683,0.75,0.5,1,644,5774,2887,2887,0.7472,0.5,0,5774,0,0,0,0,907,0.0,0,0,0,0,0,0,0,0,0,5774,0,0,0,0.0,0,0,0,0,0.0,678,411,0,0,0,0,0.0,102.7,1224,0,0.0,0.0,0.0,2284,2161,0.0,42.838,0.0,0.0
23.0,0.37,33.65,0.683,0.75,0.75,1,644,3861,2887,974,0.7472,0.7477,0,3861,0,0,0,0,907,0.0,0,0,0,0,0,0,0,0,0,3861,0,0,0,0.0,0,0,0,0,0.0,678,411,0,0,0,0,0.0,102.7,1224,0,0.0,0.0,0.0,2284,2161,0.0,42.838,0.0,0.0
23.0,0.37,33.65,0.683,0.75,1.0,1,644,2887,2887,0,0.7472,1.0,0,2887,0,0,0,0,907,0.0,0,0,0,0,0,0,0,0,0,2887,0,0,0,0.0,0,0,0,0,0.0,678,411,0,0,0,0,0.0,102.7,1224,0,0.0,0.0,0.0,2284,2161,0.0,42.838,0.0,0.0
23.0,0.37,33.65,0.683,1.0,0.1,1,644,38640,3864,34776,1.0,0.1,0,38640,0,0,0,0,1219,0.0,0,0,0,0,0,0,0,0,0,38640,0,0,0,0.0,0,0,0,0,0.0,678,411,0,0,0,0,0.0,102.7,1224,0,0.0,0.0,0.0,2284,2161,0.0,42.838,0.0,0.0
23.0,0.37,33.65,0.683,1.0,0.25,1,644,15456,3864,11592,1.0,0.25,0,15456,0,0,0,0,1219,0.0,0,0,0,0,0,0,0,0,0,15456,0,0,0,0.0,0,0,0,0,0.0,678,411,0,0,0,0,0.0,102.7,1224,0,0.0,0.0,0.0,2284,2161,0.0,42.838,0.0,0.0
23.0,0.37,33.65,0.683,1.0,0.5,1,644,7728,3864,3864,1.0,0.5,0,7728,0,0,0,0,1219,0.0,0,0,0,0,0,0,0,0,0,7728,0,0,0,0.0,0,0,0,0,0.0,678,411,0,0,0,0,0.0,102.7,1224,0,0.0,0.0,0.0,2284,2161,0.0,42.838,0.0,0.0
23.0,0.37,33.65,0.683,1.0,0.75,1,644,5152,3864,1288,1.0,0.75,0,5152,0,0,0,0,1219,0.0,0,0,0,0,0,0,0,0,0,5152,0,0,0,0.0,0,0,0,0,0.0,678,411,0,0,0,0,0.0,102.7,1224,0,0.0,0.0,0.0,2284,2161,0.0,42.838,0.0,0.0
23.0,0.37,33.65,0.683,1.0,1.0,1,644,3864,3864,0,1.0,1.0,0,3864,0,0,0,0,1219,0.0,0,0,0,0,0,0,0,0,0,3864,0,0,0,0.0,0,0,0,0,0.0,678,411,0,0,0,0,0.0,102.7,1224,0,0.0,0.0,0.0,2284,2161,0.0,42.838,0.0,0.0
23.0,0.37,33.65,0.683,0.1,0.1,2,644,4180,418,3762,0.1082,0.1,4180,0,265,240,165,99,137,1.1971,164,0,9,265,2852,0,0,0,1063,0,0,0,0,0.0,1063,0,10.44,50,0.6011,735,464,126,116,22,5,1,205.4,1069,155,1.93,2.042,0.112,2284,2161,0.0,37.385,5.452,0.3576
23.0,0.37,33.65,0.683,0.1,0.25,2,644,1672,418,1254,0.1082,0.25,1672,0,221,233,151,70,137,1.1022,151,0,7,221,1152,0,0,0,299,0,0,0,0,0.0,299,0,3.94,16,0.5013,718,448,109,90,20,7,1,205.4,1080,144,1.793,1.88,0.087,2284,2161,0.0,37.829,5.009,0.3285
23.0,0.37,33.65,0.683,0.1,0.5,2,644,836,418,418,0.1082,0.5,836,0,174,229,134,39,137,0.9854,135,0,3,174,579,0,0,0,83,0,0,0,0,0.0,83,0,1.84,8,0.3947,702,429,89,64,13,7,1,205.4,1092,132,1.644,1.681,0.037,2284,2161,0.0,38.186,4.652,0.3051
23.0,0.37,33.65,0.683,0.1,0.75,2,644,502,418,84,0.1082,0.8327,502,0,131,255,124,6,137,0.9124,125,0,0,131,341,0,0,0,30,0,0,0,0,0.0,30,0,1.08,6,0.2972,682,413,68,46,11,4,1,205.4,1099,125,1.556,1.556,0.0,2284,2161,0.0,38.457,4.38,0.2873
23.0,0.37,33.65,0.683,0.1,1.0,2,644,418,418,0,0.1082,1.0,418,0,119,241,118,0,137,0.8686,119,0,0,119,281,0,0,0,18,0,0,0,0,0.0,18,0,0.88,4,0.2699,678,411,61,42,11,6,1,205.4,1105,119,1.482,1.482,0.0,2284,2161,0.0,38.64,4.197,0.2753
23.0,0.37,33.65,0.683,0.25,0.1,2,644,9800,980,8820,0.2536,0.1,9790,10,382,350,236,140,316,0.7437,235,0,22,382,6618,0,0,0,2790,10,0,0,0,0.0,2790,0,23.37,70,0.8665,768,490,185,164,38,19,1,205.4,1011,213,2.652,2.926,0.274,2284,2161,0.0,35.505,7.333,0.481
23.0,0.37,33.65,0.683,0.25,0.25,2,644,3920,980,2940,0.2536,0.25,3916,4,349,374,228,119,316,0.7184,227,0,14,349,2689,0,0,0,878,4,0,0,0,0.0,878,0,9.04,28,0.7917,748,477,166,151,39,13,1,205.4,1011,213,2.652,2.826,0.174,2284,2161,0.0,35.416,7.421,0.4868
23.0,0.37,33.65,0.683,0.25,0.5,2,644,1960,980,980,0.2536,0.5,1958,2,302,397,235,67,316,0.7373,233,0,5,302,1351,0,0,0,305,2,0,0,0,0.0,305,0,4.38,15,0.6851,717,446,149,121,20,8,1,205.4,996,228,2.839,2.901,0.062,2284,2161,0.0,34.886,7.952,0.5216
23.0,0.37,33.65,0.683,0.25,0.75,2,644,1284,980,304,0.2536,0.7632,1283,1,247,424,222,25,316,0.6994,221,0,0,247,879,0,0,0,157,1,0,0,0,0.0,157,0,2.86,10,0.5603,694,421,127,92,24,8,1,205.4,1003,221,2.752,2.752,0.0,2284,2161,0.0,35.132,7.706,0.5054
23.0,0.37,33.65,0.683,0.25,1.0,2,644,980,980,0,0.2536,1.0,979,1,215,417,215,0,316,0.6804,215,0,0,215,665,0,0,0,99,1,0,0,0,0.0,99,0,2.11,7,0.4877,678,411,111,78,17,8,1,205.4,1009,215,2.677,2.677,0.0,2284,2161,0.0,35.309,7.529,0.4938
23.0,0.37,33.65,0.683,0.5,0.1,2,644,19470,1947,17523,0.5039,0.1,19450,20,425,362,262,153,602,0.4352,262,0,24,425,13022,0,0,0,6003,20,0,0,0,0.0,6003,0,45.66,98,0.9641,781,495,209,180,37,20,1,205.4,986,238,2.963,3.262,0.299,2284,2161,0.0,34.535,8.303,0.5446
23.0,0.37,33.65,0.683,0.5,0.25,2,644,7788,1947,5841,0.5039,0.25,7780,8,416,409,274,139,602,0.4518,272,0,18,416,5320,0,0,0,2044,8,0,0,0,0.0,2044,0,18.0,38,0.9437,765,486,206,174,35,16,1,205.4,970,254,3.163,3.387,0.224,2284,2161,0.0,33.964,8.874,0.5821
23.0,0.37,33.65,0.683,0.5,0.5,2,644,3894,1947,1947,0.5039,0.5,3890,4,386,504,295,89,602,0.4884,294,0,10,386,2694,0,0,0,810,4,0,0,0,0.0,810,0,8.67,20,0.8756,739,452,198,149,31,11,1,205.4,940,284,3.536,3.661,0.125,2284,2161,0.0,32.914,9.924,0.6509
23.0,0.37,33.65,0.683,0.5,0.75,2,644,2598,1947,651,0.5039,0.7494,2595,3,341,535,299,42,602,0.495,298,0,2,341,1811,0,0,0,443,3,0,0,0,0.0,443,0,5.69,13,0.7735,707,427,180,126,24,14,1,205.4,928,296,3.686,3.71,0.025,2284,2161,0.0,32.594,10.243,0.6718
23.0,0.37,33.65,0.683,0.5,1.0,2,644,1947,1947,0,0.5039,1.0,1945,2,312,572,312,0,602,0.5183,312,0,0,312,1347,0,0,0,286,2,0,0,0,0.0,286,0,4.22,10,0.7077,678,411,164,112,28,12,1,205.4,912,312,3.885,3.885,0.0,2284,2161,0.0,32.033,10.804,0.7086
23.0,0.37,33.65,0.683,0.75,0.1,2,644,28870,2887,25983,0.7472,0.1,28840,30,429,307,232,189,907,0.2547,231,0,26,429,18187,0,0,0,10224,30,0,0,0,0.0,10224,0,69.78,120,0.9731,796,517,211,181,41,18,1,205.4,1019,205,2.552,2.876,0.324,2284,2161,0.0,35.687,7.151,0.469
23.0,0.37,33.65,0.683,0.75,0.25,2,644,11548,2887,8661,0.7472,0.25,11536,12,427,399,292,129,907,0.3208,291,0,19,427,7850,0,0,0,3259,12,0,0,0,0.0,3259,0,26.77,48,0.9686,758,486,212,177,48,16,1,205.4,952,272,3.387,3.623,0.237,2284,2161,0.0,33.314,9.524,0.6247
23.0,0.37,33.65,0.683,0.75,0.5,2,644,5774,2887,2887,0.7472,0.5,5768,6,408,507,316,89,907,0.3451,313,0,11,408,3998,0,0,0,1362,6,0,0,0,0.0,1362,0,13.08,24,0.9255,735,460,208,164,39,13,1,205.4,922,302,3.76,3.897,0.137,2284,2161,0.0,32.323,10.515,0.6897
23.0,0.37,33.65,0.683,0.75,0.75,2,644,3861,2887,974,0.7472,0.7477,3857,4,382,568,331,49,907,0.3649,331,0,4,382,2681,0,0,0,794,4,0,0,0,0.0,794,0,8.62,16,0.8665,710,434,198,144,33,16,1,205.4,897,327,4.072,4.121,0.05,2284,2161,0.0,31.487,11.351,0.7445
23.0,0.37,33.65,0.683,0.75,1.0,2,644,2887,2887,0,0.7472,1.0,2884,3,352,646,352,0,907,0.3881,352,0,0,352,1983,0,0,0,549,3,0,0,0,0.0,549,0,6.36,12,0.7985,678,411,182,128,28,13,1,205.4,872,352,4.383,4.383,0.0,2284,2161,0.0,30.568,12.27,0.8048
23.0,0.37,33.65,0.683,1.0,0.1,2,644,38640,3864,34776,1.0,0.1,38580,60,429,179,144,272,1219,0.1157,141,0,34,429,21429,0,0,0,16722,60,0,0,0,0.0,16722,0,96.65,120,0.9731,842,569,212,182,49,20,1,205.4,1117,107,1.332,1.756,0.423,2284,2161,0.0,39.121,3.716,0.2437
23.0,0.37,33.65,0.683,1.0,0.25,2,644,15456,3864,11592,1.0,0.25,15432,24,428,425,301,118,1219,0.2453,299,0,14,428,10561,0,0,0,4443,24,0,0,0,0.0,4443,0,36.2,48,0.9709,755,477,211,180,47,15,1,205.4,939,285,3.549,3.723,0.174,2284,2161,0.0,32.867,9.971,0.654
23.0,0.37,33.65,0.683,1.0,0.5,2,644,7728,3864,3864,1.0,0.5,7716,12,422,497,328,87,1219,0.2666,325,0,8,422,5332,0,0,0,1962,12,0,0,0,0.0,1962,0,17.74,24,0.9573,732,462,208,175,38,14,1,205.4,907,317,3.947,4.047,0.1,2284,2161,0.0,31.717,11.121,0.7294
23.0,0.37,33.65,0.683,1.0,0.75,2,644,5152,3864,1288,1.0,0.75,5144,8,402,565,352,47,1219,0.2879,351,0,4,402,3583,0,0,0,1159,8,0,0,0,0.0,1159,0,11.69,16,0.9119,707,437,204,156,28,7,1,205.4,877,347,4.321,4.37,0.05,2284,2161,0.0,30.781,12.056,0.7908
23.0,0.37,33.65,0.683,1.0,1.0,2,644,3864,3864,0,1.0,1.0,3858,6,383,667,383,0,1219,0.3142,383,0,0,383,2647,0,0,0,828,6,0,0,0,0.0,828,0,8.62,12,0.8688,678,411,194,144,30,16,1,205.4,841,383,4.769,4.769,0.0,2284,2161,0.0,29.469,13.368,0.8768
23.0,0.37,33.65,0.683,0.1,0.1,3,644,4180,418,3762,0.1082,0.1,4180,0,343,295,199,144,137,1.4453,198,0,20,343,2848,0,0,0,989,0,0,0,0,0.0,989,0,14.46,53,0.7781,770,484,165,149,34,14,1.37,308.1,1046,178,2.216,2.465,0.249,2284,2161,0.0,36.59,6.247,0.4097
23.0,0.37,33.65,0.683,0.1,0.25,3,644,1672,418,1254,0.1082,0.25,1672,0,288,321,195,93,137,1.4161,194,0,12,288,1149,0,0,0,235,0,0,0,0,0.0,235,0,4.9,20,0.6533,735,460,140,120,22,9,1.55,308.1,1042,182,2.266,2.416,0.149,2284,2161,0.0,36.533,6.304,0.4135
23.0,0.37,33.65,0.683,0.1,0.5,3,644,836,418,418,0.1082,0.5,836,0,207,285,162,44,137,1.1898,163,0,4,207,575,0,0,0,54,0,0,0,0,0.0,54,0,2.12,10,0.4696,704,433,108,76,18,6,1.71,308.1,1065,159,1.98,2.03,0.05,2284,2161,0.0,37.275,5.563,0.3649
23.0,0.37,33.65,0.683,0.1,0.75,3,644,502,418,84,0.1082,0.8327,502,0,146,274,137,8,137,1.0073,138,0,0,146,342,0,0,0,14,0,0,0,0,0.0,14,0,1.15,6,0.3312,684,413,74,54,11,6,1.84,308.1,1086,138,1.718,1.718,0.0,2284,2161,0.0,38.001,4.836,0.3172
23.0,0.37,33.65,0.683,0.1,1.0,3,644,418,418,0,0.1082,1.0,418,0,131,264,130,0,137,0.9562,131,0,0,131,281,0,0,0,6,0,0,0,0,0.0,6,0,0.92,5,0.2972,678,411,65,49,10,3,1.86,308.1,1093,131,1.631,1.631,0.0,2284,2161,0.0,38.218,4.62,0.303
23.0,0.37,33.65,0.683,0.25,0.1,3,644,9800,980,8820,0.2536,0.1,9790,10,420,377,259,156,316,0.8133,257,0,23,420,6611,0,0,0,2759,10,0,0,0,0.0,2759,0,36.11,90,0.9527,780,495,204,181,33,13,1.19,308.1,990,234,2.914,3.2,0.286,2284,2161,0.0,34.725,8.113,0.5321
23.0,0.37,33.65,0.683,0.25,0.25,3,644,3920,980,2940,0.2536,0.25,3916,4,401,420,248,152,316,0.7785,246,0,20,401,2688,0,0,0,827,4,0,0,0,0.0,827,0,13.24,36,0.9096,774,490,195,170,34,16,1.3,308.1,998,226,2.814,3.063,0.249,2284,2161,0.0,34.981,7.857,0.5153
23.0,0.37,33.65,0.683,0.25,0.5,3,644,1960,980,980,0.2536,0.5,1958,2,355,479,275,78,316,0.8703,275,0,9,355,1348,0,0,0,255,2,0,0,0,0.0,255,0,5.92,18,0.8053,727,451,177,140,30,10,1.48,308.1,958,266,3.312,3.424,0.112,2284,2161,0.0,33.577,9.261,0.6074
23.0,0.37,33.65,0.683,0.25,0.75,3,644,1284,980,304,0.2536,0.7632,1283,1,288,489,254,33,316,0.8038,254,0,1,288,880,0,0,0,115,1,0,0,0,0.0,115,0,3.53,13,0.6533,701,423,151,103,24,10,1.59,308.1,971,253,3.15,3.163,0.012,2284,2161,0.0,33.996,8.841,0.5799
23.0,0.37,33.65,0.683,0.25,1.0,3,644,980,980,0,0.2536,1.0,979,1,251,487,250,0,316,0.7943,251,0,0,251,665,0,0,0,63,1,0,0,0,0.0,63,0,2.49,9,0.5694,678,411,130,89,25,7,1.65,308.1,973,251,3.125,3.125,0.0,2284,2161,0.0,34.066,8.772,0.5754
23.0,0.37,33.65,0.683,0.5,0.1,3,644,19470,1947,17523,0.5039,0.1,19450,20,438,376,264,166,602,0.4369,263,0,24,438,13017,0,0,0,5995,20,0,0,0,0.0,5995,0,74.18,133,0.9936,782,506,214,186,43,11,1.02,308.1,985,239,2.976,3.275,0.299,2284,2161,0.0,34.565,8.273,0.5426
23.0,0.37,33.65,0.683,0.5,0.25,3,644,7788,1947,5841,0.5039,0.25,7780,8,436,403,277,154,602,0.4551,274,0,21,436,5324,0,0,0,2020,8,0,0,0,0.0,2020,0,28.59,55,0.989,772,500,213,185,44,18,1.07,308.1,971,253,3.15,3.412,0.261,2284,2161,0.0,33.982,8.856,0.5809
23.0,0.37,33.65,0.683,0.5,0.5,3,644,3894,1947,1947,0.5039,0.5,3890,4,420,519,315,103,602,0.5199,313,0,13,420,2691,0,0,0,779,4,0,0,0,0.0,779,0,13.39,28,0.9527,747,462,213,167,38,12,1.18,308.1,924,300,3.735,3.897,0.162,2284,2161,0.0,32.388,10.45,0.6854
23.0,0.37,33.65,0.683,0.5,0.75,3,644,2598,1947,651,0.5039,0.7494,2595,3,384,613,334,50,602,0.5532,333,0,3,384,1810,0,0,0,401,3,0,0,0,0.0,401,0,8.25,19,0.8711,711,432,199,142,24,11,1.3,308.1,894,330,4.109,4.146,0.037,2284,2161,0.0,31.446,11.392,0.7472
23.0,0.37,33.65,0.683,0.5,1.0,3,644,1947,1947,0,0.5039,1.0,1945,2,351,675,350,0,602,0.5831,351,0,0,351,1346,0,0,0,248,2,0,0,0,0.0,248,0,5.7,14,0.7962,678,411,185,122,37,11,1.41,308.1,873,351,4.37,4.37,0.0,2284,2161,0.0,30.755,12.082,0.7925
23.0,0.37,33.65,0.683,0.75,0.1,3,644,28870,2887,25983,0.7472,0.1,28840,30,440,307,237,191,907,0.258,234,0,28,440,18125,0,0,0,10275,30,0,0,0,0.0,10275,0,113.01,178,0.9981,794,529,217,185,44,17,1,308.1,1018,206,2.565,2.914,0.349,2284,2161,0.0,35.685,7.152,0.4691
23.0,0.37,33.65,0.683,0.75,0.25,3,644,11548,2887,8661,0.7472,0.25,11536,12,439,426,298,132,907,0.3252,295,0,19,439,7857,0,0,0,3240,12,0,0,0,0.0,3240,0,43.34,70,0.9958,767,485,218,183,37,11,1.01,308.1,948,276,3.437,3.673,0.237,2284,2161,0.0,33.218,9.62,0.631
23.0,0.37,33.65,0.683,0.75,0.5,3,644,5774,2887,2887,0.7472,0.5,5768,6,431,525,331,95,907,0.3616,328,0,10,431,4006,0,0,0,1331,6,0,0,0,0.0,1331,0,20.71,36,0.9777,735,467,216,175,41,11,1.07,308.1,906,318,3.959,4.084,0.125,2284,2161,0.0,31.768,11.07,0.7261
23.0,0.37,33.65,0.683,0.75,0.75,3,644,3861,2887,974,0.7472,0.7477,3857,4,415,584,364,49,907,0.4002,363,0,4,415,2672,0,0,0,770,4,0,0,0,0.0,770,0,12.91,23,0.9414,712,433,211,161,32,11,1.22,308.1,865,359,4.47,4.52,0.05,2284,2161,0.0,30.317,12.521,0.8213
23.0,0.37,33.65,0.683,0.75,1.0,3,644,2887,2887,0,0.7472,1.0,2884,3,390,708,390,0,907,0.43,390,0,0,390,1982,0,0,0,512,3,0,0,0,0.0,512,0,9.15,17,0.8847,678,411,200,145,35,14,1.29,308.1,834,390,4.856,4.856,0.0,2284,2161,0.0,29.296,13.542,0.8882
23.0,0.37,33.65,0.683,1.0,0.1,3,644,38640,3864,34776,1.0,0.1,38580,60,440,177,148,278,1219,0.1181,144,0,35,440,21440,0,0,0,16700,60,0,0,0,0.0,16700,0,155.6,180,0.9981,848,572,218,186,42,17,1,308.1,1115,109,1.357,1.793,0.436,2284,2161,0.0,39.074,3.764,0.2469
23.0,0.37,33.65,0.683,1.0,0.25,3,644,15456,3864,11592,1.0,0.25,15432,24,439,408,299,128,1219,0.2436,297,0,19,439,10551,0,0,0,4442,24,0,0,0,0.0,4442,0,58.23,72,0.9958,764,486,217,184,39,14,1.0,308.1,946,278,3.461,3.698,0.237,2284,2161,0.0,33.164,9.674,0.6345
23.0,0.37,33.65,0.683,1.0,0.5,3,644,7728,3864,3864,1.0,0.5,7716,12,438,493,338,93,1219,0.2756,336,0,11,438,5340,0,0,0,1938,12,0,0,0,0.0,1938,0,28.46,36,0.9936,732,470,214,182,40,17,1.03,308.1,899,325,4.047,4.184,0.137,2284,2161,0.0,31.468,11.37,0.7458
23.0,0.37,33.65,0.683,1.0,0.75,3,644,5152,3864,1288,1.0,0.75,5144,8,428,629,379,45,1219,0.3101,378,0,4,428,3574,0,0,0,1142,8,0,0,0,0.0,1142,0,18.22,24,0.9709,706,437,215,169,38,9,1.11,308.1,850,374,4.657,4.707,0.05,2284,2161,0.0,29.838,12.999,0.8526
23.0,0.37,33.65,0.683,1.0,1.0,3,644,3864,3864,0,1.0,1.0,3858,6,414,736,413,0,1219,0.3396,414,0,0,414,2647,0,0,0,797,6,0,0,0,0.0,797,0,13.2,18,0.9391,678,411,209,157,35,15,1.16,308.1,810,414,5.155,5.155,0.0,2284,2161,0.0,28.372,14.465,0.9488
23.0,0.37,33.65,0.683,0.1,0.1,6,644,4180,418,3762,0.1082,0.1,4180,0,421,364,240,180,137,1.7445,239,0,25,421,2871,0,0,0,888,0,0,0,0,0.0,888,0,30.9,90,0.955,793,503,207,179,41,11,2.04,616.2,1010,214,2.665,2.976,0.311,2284,2161,0.0,35.35,7.488,0.4911
23.0,0.37,33.65,0.683,0.1,0.25,6,644,1672,418,1254,0.1082,0.25,1672,0,370,384,226,143,137,1.6423,225,0,19,370,1156,0,0,0,146,0,0,0,0,0.0,146,0,9.17,31,0.8393,773,480,190,147,37,10,2.89,616.2,1018,206,2.565,2.802,0.237,2284,2161,0.0,35.661,7.177,0.4707
23.0,0.37,33.65,0.683,0.1,0.5,6,644,836,418,418,0.1082,0.5,836,0,244,349,192,51,137,1.4088,193,0,4,244,581,0,0,0,11,0,0,0,0,0.0,11,0,2.77,11,0.5535,710,434,125,87,21,10,4.02,616.2,1035,189,2.353,2.403,0.05,2284,2161,0.0,36.185,6.652,0.4363
23.0,0.37,33.65,0.683,0.1,0.75,6,644,502,418,84,0.1082,0.8327,502,0,158,304,149,8,137,1.0949,150,0,0,158,343,0,0,0,1,0,0,0,0,0.0,1,0,1.3,8,0.3584,684,413,78,58,15,5,4.47,616.2,1074,150,1.868,1.868,0.0,2284,2161,0.0,37.564,5.273,0.3459
23.0,0.37,33.65,0.683,0.1,1.0,6,644,418,418,0,0.1082,1.0,418,0,137,275,136,0,137,1.0,137,0,0,137,281,0,0,0,0,0,0,0,0,0.0,0,0,0.98,5,0.3108,678,411,66,50,12,8,4.62,616.2,1087,137,1.706,1.706,0.0,2284,2161,0.0,37.996,4.841,0.3175
23.0,0.37,33.65,0.683,0.25,0.1,6,644,9800,980,8820,0.2536,0.1,9790,10,440,383,263,170,316,0.8259,261,0,26,440,6627,0,0,0,2723,10,0,0,0,0.0,2723,0,81.15,150,0.9981,787,507,215,188,38,20,1.24,616.2,989,235,2.926,3.25,0.324,2284,2161,0.0,34.715,8.123,0.5328
23.0,0.37,33.65,0.683,0.25,0.25,6,644,3920,980,2940,0.2536,0.25,3916,4,436,449,270,165,316,0.8481,268,0,22,436,2671,0,0,0,809,4,0,0,0,0.0,809,0,30.57,60,0.989,784,495,215,184,36,17,1.55,616.2,978,246,3.063,3.337,0.274,2284,2161,0.0,34.278,8.559,0.5614
23.0,0.37,33.65,0.683,0.25,0.5,6,644,1960,980,980,0.2536,0.5,1958,2,407,525,308,97,316,0.9715,307,0,13,407,1352,0,0,0,199,2,0,0,0,0.0,199,0,12.06,30,0.9232,741,461,206,160,35,13,2.45,616.2,930,294,3.661,3.823,0.162,2284,2161,0.0,32.621,10.216,0.6701
23.0,0.37,33.65,0.683,0.25,0.75,6,644,1284,980,304,0.2536,0.7632,1283,1,335,572,299,35,316,0.9462,299,0,2,335,880,0,0,0,68,1,0,0,0,0.0,68,0,5.85,21,0.7599,701,426,177,119,33,9,3.23,616.2,927,297,3.698,3.723,0.025,2284,2161,0.0,32.533,10.305,0.6759
23.0,0.37,33.65,0.683,0.25,1.0,6,644,980,980,0,0.2536,1.0,979,1,287,545,286,0,316,0.9082,287,0,0,287,665,0,0,0,27,1,0,0,0,0.0,27,0,3.76,15,0.651,678,411,147,100,20,10,3.53,616.2,937,287,3.573,3.573,0.0,2284,2161,0.0,32.805,10.033,0.6581
23.0,0.37,33.65,0.683,0.5,0.1,6,644,19470,1947,17523,0.5039,0.1,19450,20,440,371,261,172,602,0.4319,260,0,24,440,13006,0,0,0,6004,20,0,0,0,0.0,6004,0,164.66,248,0.9981,785,508,217,185,41,11,1.02,616.2,988,236,2.938,3.237,0.299,2284,2161,0.0,34.668,8.17,0.5359
23.0,0.37,33.65,0.683,0.5,0.25,6,644,7788,1947,5841,0.5039,0.25,7780,8,440,411,284,149,602,0.4668,281,0,20,440,5320,0,0,0,2020,8,0,0,0,0.0,2020,0,64.72,101,0.9981,773,495,217,185,41,13,1.07,616.2,963,261,3.25,3.499,0.249,2284,2161,0.0,33.738,9.1,0.5969
23.0,0.37,33.65,0.683,0.5,0.5,6,644,3894,1947,1947,0.5039,0.5,3890,4,437,544,328,108,602,0.5399,325,0,10,437,2688,0,0,0,765,4,0,0,0,0.0,765,0,30.87,51,0.9913,746,465,219,178,43,14,1.3,616.2,909,315,3.922,4.047,0.125,2284,2161,0.0,31.858,10.98,0.7202
23.0,0.37,33.65,0.683,0.5,0.75,6,644,2598,1947,651,0.5039,0.7494,2595,3,420,667,369,51,602,0.6113,368,0,3,420,1815,0,0,0,360,3,0,0,0,0.0,360,0,18.32,34,0.9527,711,433,218,154,32,9,1.76,616.2,859,365,4.545,4.582,0.037,2284,2161,0.0,30.246,12.591,0.8259
23.0,0.37,33.65,0.683,0.5,1.0,6,644,1947,1947,0,0.5039,1.0,1945,2,391,730,390,0,602,0.6495,391,0,0,391,1347,0,0,0,207,2,0,0,0,0.0,207,0,11.79,26,0.8869,678,411,205,137,40,14,2.25,616.2,833,391,4.868,4.868,0.0,2284,2161,0.0,29.281,13.556,0.8892
23.0,0.37,33.65,0.683,0.75,0.1,6,644,28870,2887,25983,0.7472,0.1,28840,30,440,307,237,191,907,0.258,234,0,28,440,18125,0,0,0,10275,30,0,0,0,0.0,10275,0,246.68,336,0.9981,794,529,217,185,44,17,1,616.2,1018,206,2.565,2.914,0.349,2284,2161,0.0,35.685,7.152,0.4691
23.0,0.37,33.65,0.683,0.75,0.25,6,644,11548,2887,8661,0.7472,0.25,11536,12,440,426,298,133,907,0.3252,295,0,19,440,7857,0,0,0,3239,12,0,0,0,0.0,3239,0,96.79,130,0.9981,767,486,218,184,37,11,1.01,616.2,948,276,3.437,3.673,0.237,2284,2161,0.0,33.218,9.62,0.631
23.0,0.37,33.65,0.683,0.75,0.5,6,644,5774,2887,2887,0.7472,0.5,5768,6,440,523,329,107,907,0.3605,327,0,12,440,4008,0,0,0,1320,6,0,0,0,0.0,1320,0,47.28,67,0.9981,744,470,220,180,37,12,1.11,616.2,909,315,3.922,4.072,0.149,2284,2161,0.0,31.868,10.969,0.7195
23.0,0.37,33.65,0.683,0.75,0.75,6,644,3861,2887,974,0.7472,0.7477,3857,4,433,608,372,58,907,0.4112,373,0,5,433,2687,0,0,0,737,4,0,0,0,0.0,737,0,30.19,46,0.9822,712,442,218,171,35,13,1.33,616.2,856,368,4.582,4.644,0.062,2284,2161,0.0,30.04,12.798,0.8394
23.0,0.37,33.65,0.683,0.75,1.0,6,644,2887,2887,0,0.7472,1.0,2884,3,420,767,420,0,907,0.4631,420,0,0,420,1982,0,0,0,482,3,0,0,0,0.0,482,0,20.6,34,0.9527,678,411,215,156,32,14,1.69,616.2,804,420,5.229,5.229,0.0,2284,2161,0.0,28.234,14.604,0.9579
23.0,0.37,33.65,0.683,1.0,0.1,6,644,38640,3864,34776,1.0,0.1,38580,60,440,177,148,278,1219,0.1181,144,0,35,440,21440,0,0,0,16700,60,0,0,0,0.0,16700,0,334.2,360,0.9981,848,572,218,186,42,17,1,616.2,1115,109,1.357,1.793,0.436,2284,2161,0.0,39.074,3.764,0.2469
23.0,0.37,33.65,0.683,1.0,0.25,6,644,15456,3864,11592,1.0,0.25,15432,24,440,408,299,129,1219,0.2436,297,0,19,440,10551,0,0,0,4441,24,0,0,0,0.0,4441,0,129.68,144,0.9981,764,487,217,185,39,14,1.0,616.2,946,278,3.461,3.698,0.237,2284,2161,0.0,33.164,9.674,0.6345
23.0,0.37,33.65,0.683,1.0,0.5,6,644,7728,3864,3864,1.0,0.5,7716,12,440,503,338,94,1219,0.2756,336,0,12,440,5335,0,0,0,1941,12,0,0,0,0.0,1941,0,64.22,72,0.9981,741,464,216,182,43,19,1.03,616.2,900,324,4.034,4.184,0.149,2284,2161,0.0,31.517,11.321,0.7426
23.0,0.37,33.65,0.683,1.0,0.75,6,644,5152,3864,1288,1.0,0.75,5144,8,437,607,386,47,1219,0.3167,386,0,5,437,3578,0,0,0,1129,8,0,0,0,0.0,1129,0,41.63,48,0.9913,705,440,215,178,33,12,1.17,616.2,843,381,4.744,4.806,0.062,2284,2161,0.0,29.559,13.278,0.8709
23.0,0.37,33.65,0.683,1.0,1.0,6,644,3864,3864,0,1.0,1.0,3858,6,434,734,434,0,1219,0.356,434,0,0,434,2647,0,0,0,777,6,0,0,0,0.0,777,0,29.78,36,0.9845,678,411,210,174,28,15,1.39,616.2,790,434,5.404,5.404,0.0,2284,2161,0.0,27.64,15.197,0.9968
23.0,0.37,33.65,0.683,0.1,0.1,12,644,4180,418,3762,0.1082,0.1,4180,0,439,390,244,193,137,1.7737,243,0,28,439,2867,0,0,0,874,0,0,0,0,0.0,874,0,68.98,128,0.9958,802,511,217,184,41,20,2.28,1232.4,1009,215,2.677,3.026,0.349,2284,2161,0.0,35.325,7.513,0.4928
23.0,0.37,33.65,0.683,0.1,0.25,12,644,1672,418,1254,0.1082,0.25,1672,0,419,429,251,165,137,1.8248,250,0,22,419,1156,0,0,0,97,0,0,0,0,0.0,97,0,18.7,51,0.9505,791,489,218,163,41,13,5.13,1232.4,996,228,2.839,3.113,0.274,2284,2161,0.0,34.884,7.954,0.5217
23.0,0.37,33.65,0.683,0.1,0.5,12,644,836,418,418,0.1082,0.5,836,0,252,363,200,51,137,1.4672,201,0,5,252,584,0,0,0,0,0,0,0,0,0.0,0,0,3.22,22,0.5716,709,436,125,94,24,10,9.46,1232.4,1028,196,2.44,2.503,0.062,2284,2161,0.0,35.963,6.875,0.4509
23.0,0.37,33.65,0.683,0.1,0.75,12,644,502,418,84,0.1082,0.8327,502,0,159,305,150,8,137,1.1022,151,0,0,159,343,0,0,0,0,0,0,0,0,0.0,0,0,1.42,15,0.3607,684,413,78,57,11,4,10.17,1232.4,1073,151,1.88,1.88,0.0,2284,2161,0.0,37.535,5.302,0.3478
23.0,0.37,33.65,0.683,0.1,1.0,12,644,418,418,0,0.1082,1.0,418,0,137,275,136,0,137,1.0,137,0,0,137,281,0,0,0,0,0,0,0,0,0.0,0,0,1.05,11,0.3108,678,411,66,49,14,4,10.39,1232.4,1087,137,1.706,1.706,0.0,2284,2161,0.0,37.996,4.841,0.3175
23.0,0.37,33.65,0.683,0.25,0.1,12,644,9800,980,8820,0.2536,0.1,9790,10,440,383,263,170,316,0.8259,261,0,26,440,6627,0,0,0,2723,10,0,0,0,0.0,2723,0,171.23,260,0.9981,787,507,215,188,38,20,1.24,1232.4,989,235,2.926,3.25,0.324,2284,2161,0.0,34.715,8.123,0.5328
23.0,0.37,33.65,0.683,0.25,0.25,12,644,3920,980,2940,0.2536,0.25,3916,4,440,456,272,166,316,0.8544,270,0,23,440,2676,0,0,0,800,4,0,0,0,0.0,800,0,66.59,104,0.9981,783,499,215,188,39,17,1.58,1232.4,977,247,3.075,3.362,0.286,2284,2161,0.0,34.235,8.603,0.5643
23.0,0.37,33.65,0.683,0.25,0.5,12,644,1960,980,980,0.2536,0.5,1958,2,427,559,324,101,316,1.0222,323,0,12,427,1351,0,0,0,180,2,0,0,0,0.0,180,0,27.24,52,0.9686,742,463,215,170,37,12,3.44,1232.4,913,311,3.872,4.022,0.149,2284,2161,0.0,32.058,10.78,0.7071
23.0,0.37,33.65,0.683,0.25,0.75,12,644,1284,980,304,0.2536,0.7632,1283,1,359,606,322,36,316,1.0222,323,0,3,359,883,0,0,0,41,1,0,0,0,0.0,41,0,10.75,35,0.8144,702,426,187,128,31,12,6.27,1232.4,904,320,3.984,4.022,0.037,2284,2161,0.0,31.702,11.135,0.7304
23.0,0.37,33.65,0.683,0.25,1.0,12,644,980,980,0,0.2536,1.0,979,1,304,577,303,0,316,0.962,304,0,0,304,665,0,0,0,10,1,0,0,0,0.0,10,0,5.52,25,0.6896,678,411,159,103,30,12,7.92,1232.4,920,304,3.785,3.785,0.0,2284,2161,0.0,32.213,10.624,0.6968
23.0,0.37,33.65,0.683,0.5,0.1,12,644,19470,1947,17523,0.5039,0.1,19450,20,440,371,261,172,602,0.4319,260,0,24,440,13006,0,0,0,6004,20,0,0,0,0.0,6004,0,343.75,467,0.9981,785,508,217,185,41,11,1.02,1232.4,988,236,2.938,3.237,0.299,2284,2161,0.0,34.668,8.17,0.5359
23.0,0.37,33.65,0.683,0.5,0.25,12,644,7788,1947,5841,0.5039,0.25,7780,8,440,411,284,149,602,0.4668,281,0,20,440,5320,0,0,0,2020,8,0,0,0,0.0,2020,0,136.36,188,0.9981,773,495,217,185,41,13,1.07,1232.4,963,261,3.25,3.499,0.249,2284,2161,0.0,33.738,9.1,0.5969
23.0,0.37,33.65,0.683,0.5,0.5,12,644,3894,1947,1947,0.5039,0.5,3890,4,438,543,327,110,602,0.5382,324,0,10,438,2688,0,0,0,764,4,0,0,0,0.0,764,0,66.63,93,0.9936,748,465,220,178,43,14,1.32,1232.4,910,314,3.91,4.034,0.125,2284,2161,0.0,31.876,10.961,0.7189
23.0,0.37,33.65,0.683,0.5,0.75,12,644,2598,1947,651,0.5039,0.7494,2595,3,429,667,379,50,602,0.6279,378,0,3,429,1813,0,0,0,353,3,0,0,0,0.0,353,0,41.24,62,0.9731,709,434,224,157,32,14,2.04,1232.4,849,375,4.669,4.707,0.037,2284,2161,0.0,29.869,12.968,0.8506
23.0,0.37,33.65,0.683,0.5,1.0,12,644,1947,1947,0,0.5039,1.0,1945,2,415,775,414,0,602,0.6894,415,0,0,415,1346,0,0,0,184,2,0,0,0,0.0,184,0,26.76,47,0.9414,678,411,223,141,36,11,3.21,1232.4,809,415,5.167,5.167,0.0,2284,2161,0.0,28.445,14.392,0.944
23.0,0.37,33.65,0.683,0.75,0.1,12,644,28870,2887,25983,0.7472,0.1,28840,30,440,307,237,191,907,0.258,234,0,28,440,18125,0,0,0,10275,30,0,0,0,0.0,10275,0,512.37,619,0.9981,794,529,217,185,44,17,1,1232.4,1018,206,2.565,2.914,0.349,2284,2161,0.0,35.685,7.152,0.4691
23.0,0.37,33.65,0.683,0.75,0.25,12,644,11548,2887,8661,0.7472,0.25,11536,12,440,426,298,133,907,0.3252,295,0,19,440,7857,0,0,0,3239,12,0,0,0,0.0,3239,0,203.07,245,0.9981,767,486,218,184,37,11,1.01,1232.4,948,276,3.437,3.673,0.237,2284,2161,0.0,33.218,9.62,0.631
23.0,0.37,33.65,0.683,0.75,0.5,12,644,5774,2887,2887,0.7472,0.5,5768,6,440,523,329,107,907,0.3605,327,0,12,440,4008,0,0,0,1320,6,0,0,0,0.0,1320,0,100.42,123,0.9981,744,470,220,180,37,12,1.11,1232.4,909,315,3.922,4.072,0.149,2284,2161,0.0,31.868,10.969,0.7195
23.0,0.37,33.65,0.683,0.75,0.75,12,644,3861,2887,974,0.7472,0.7477,3857,4,434,607,371,60,907,0.4101,372,0,5,434,2687,0,0,0,736,4,0,0,0,0.0,736,0,65.55,83,0.9845,714,442,219,171,35,13,1.37,1232.4,857,367,4.57,4.632,0.062,2284,2161,0.0,30.058,12.78,0.8383
23.0,0.37,33.65,0.683,0.75,1.0,12,644,2887,2887,0,0.7472,1.0,2884,3,430,776,430,0,907,0.4741,430,0,0,430,1982,0,0,0,472,3,0,0,0,0.0,472,0,45.65,62,0.9754,678,411,225,156,34,13,2.07,1232.4,794,430,5.354,5.354,0.0,2284,2161,0.0,27.87,14.968,0.9818
23.0,0.37,33.65,0.683,1.0,0.1,12,644,38640,3864,34776,1.0,0.1,38580,60,440,177,148,278,1219,0.1181,144,0,35,440,21440,0,0,0,16700,60,0,0,0,0.0,16700,0,688.9,720,0.9981,848,572,218,186,42,17,1,1232.4,1115,109,1.357,1.793,0.436,2284,2161,0.0,39.074,3.764,0.2469
23.0,0.37,33.65,0.683,1.0,0.25,12,644,15456,3864,11592,1.0,0.25,15432,24,440,408,299,129,1219,0.2436,297,0,19,440,10551,0,0,0,4441,24,0,0,0,0.0,4441,0,271.56,288,0.9981,764,487,217,185,39,14,1.0,1232.4,946,278,3.461,3.698,0.237,2284,2161,0.0,33.164,9.674,0.6345
23.0,0.37,33.65,0.683,1.0,0.5,12,644,7728,3864,3864,1.0,0.5,7716,12,440,503,338,94,1219,0.2756,336,0,12,440,5335,0,0,0,1941,12,0,0,0,0.0,1941,0,135.16,144,0.9981,741,464,216,182,43,19,1.03,1232.4,900,324,4.034,4.184,0.149,2284,2161,0.0,31.517,11.321,0.7426
23.0,0.37,33.65,0.683,1.0,0.75,12,644,5152,3864,1288,1.0,0.75,5144,8,437,607,386,47,1219,0.3167,386,0,5,437,3578,0,0,0,1129,8,0,0,0,0.0,1129,0,88.91,96,0.9913,705,440,215,178,33,12,1.17,1232.4,843,381,4.744,4.806,0.062,2284,2161,0.0,29.559,13.278,0.8709
23.0,0.37,33.65,0.683,1.0,1.0,12,644,3864,3864,0,1.0,1.0,3858,6,436,751,435,0,1219,0.3577,436,0,0,436,2648,0,0,0,774,6,0,0,0,0.0,774,0,65.15,72,0.989,678,411,211,175,27,15,1.42,1232.4,788,436,5.429,5.429,0.0,2284,2161,0.0,27.589,15.249,1.0002
23.0,0.37,33.65,0.683,0.1,0.1,43,644,4180,418,3762,0.1082,0.1,4180,0,439,390,244,193,137,1.7737,243,0,28,439,2867,0,0,0,874,0,0,0,0,0.0,874,0,261.51,360,0.9958,802,511,217,184,41,20,2.28,4416.1,1009,215,2.677,3.026,0.349,2284,2161,0.0,35.325,7.513,0.4928
23.0,0.37,33.65,0.683,0.1,0.25,43,644,1672,418,1254,0.1082,0.25,1672,0,417,434,253,162,137,1.8394,252,0,22,417,1165,0,0,0,90,0,0,0,0,0.0,90,0,84.08,140,0.9459,789,487,218,161,42,16,9.08,4416.1,994,230,2.864,3.138,0.274,2284,2161,0.0,34.827,8.011,0.5254
23.0,0.37,33.65,0.683,0.1,0.5,43,644,836,418,418,0.1082,0.5,836,0,242,353,197,44,137,1.4453,198,0,9,242,594,0,0,0,0,0,0,0,0,0.0,0,0,4.78,52,0.549,706,436,118,86,25,16,37.6,4416.1,1035,189,2.353,2.465,0.112,2284,2161,0.0,36.193,6.645,0.4359
23.0,0.37,33.65,0.683,0.1,0.75,43,644,502,418,84,0.1082,0.8327,502,0,157,296,148,8,137,1.0876,149,0,2,157,345,0,0,0,0,0,0,0,0,0.0,0,0,1.96,32,0.3561,685,414,78,51,16,6,38.59,4416.1,1077,147,1.83,1.855,0.025,2284,2161,0.0,37.681,5.157,0.3383
23.0,0.37,33.65,0.683,0.1,1.0,43,644,418,418,0,0.1082,1.0,418,0,135,266,134,0,137,0.9854,135,0,0,135,283,0,0,0,0,0,0,0,0,0.0,0,0,1.4,26,0.3062,678,411,66,45,15,6,39.04,4416.1,1089,135,1.681,1.681,0.0,2284,2161,0.0,38.065,4.773,0.3131
23.0,0.37,33.65,0.683,0.25,0.1,43,644,9800,980,8820,0.2536,0.1,9790,10,440,383,263,170,316,0.8259,261,0,26,440,6627,0,0,0,2723,10,0,0,0,0.0,2723,0,622.02,760,0.9981,787,507,215,188,38,20,1.24,4416.1,989,235,2.926,3.25,0.324,2284,2161,0.0,34.715,8.123,0.5328
23.0,0.37,33.65,0.683,0.25,0.25,43,644,3920,980,2940,0.2536,0.25,3916,4,440,456,272,166,316,0.8544,270,0,23,440,2676,0,0,0,800,4,0,0,0,0.0,800,0,246.91,302,0.9981,783,499,215,188,39,17,1.58,4416.1,977,247,3.075,3.362,0.286,2284,2161,0.0,34.235,8.603,0.5643
23.0,0.37,33.65,0.683,0.25,0.5,43,644,1960,980,980,0.2536,0.5,1958,2,430,558,322,106,316,1.0158,321,0,12,430,1352,0,0,0,176,2,0,0,0,0.0,176,0,115.99,150,0.9754,746,464,217,171,41,12,3.97,4416.1,915,309,3.847,3.997,0.149,2284,2161,0.0,32.113,10.724,0.7034
23.0,0.37,33.65,0.683,0.25,0.75,43,644,1284,980,304,0.2536,0.7632,1283,1,367,620,329,37,316,1.0443,330,0,5,367,886,0,0,0,30,1,0,0,0,0.0,30,0,42.18,95,0.8325,704,427,192,126,36,10,18.41,4416.1,899,325,4.047,4.109,0.062,2284,2161,0.0,31.505,11.333,0.7433
23.0,0.37,33.65,0.683,0.25,1.0,43,644,980,980,0,0.2536,1.0,979,1,306,585,305,0,316,0.9684,306,0,1,306,669,0,0,0,4,1,0,0,0,0.0,4,0,10.9,69,0.6941,678,412,159,103,32,13,33.75,4416.1,919,305,3.798,3.81,0.012,2284,2161,0.0,32.177,10.661,0.6993
23.0,0.37,33.65,0.683,0.5,0.1,43,644,19470,1947,17523,0.5039,0.1,19450,20,440,371,261,172,602,0.4319,260,0,24,440,13006,0,0,0,6004,20,0,0,0,0.0,6004,0,1243.82,1492,0.9981,785,508,217,185,41,11,1.02,4416.1,988,236,2.938,3.237,0.299,2284,2161,0.0,34.668,8.17,0.5359
23.0,0.37,33.65,0.683,0.5,0.25,43,644,7788,1947,5841,0.5039,0.25,7780,8,440,411,284,149,602,0.4668,281,0,20,440,5320,0,0,0,2020,8,0,0,0,0.0,2020,0,496.39,596,0.9981,773,495,217,185,41,13,1.07,4416.1,963,261,3.25,3.499,0.249,2284,2161,0.0,33.738,9.1,0.5969
23.0,0.37,33.65,0.683,0.5,0.5,43,644,3894,1947,1947,0.5039,0.5,3890,4,438,543,327,110,602,0.5382,324,0,10,438,2688,0,0,0,764,4,0,0,0,0.0,764,0,246.64,300,0.9936,748,465,220,178,43,14,1.32,4416.1,910,314,3.91,4.034,0.125,2284,2161,0.0,31.876,10.961,0.7189
23.0,0.37,33.65,0.683,0.5,0.75,43,644,2598,1947,651,0.5039,0.7494,2595,3,431,668,379,51,602,0.6296,379,0,3,431,1813,0,0,0,351,3,0,0,0,0.0,351,0,161.06,196,0.9777,711,433,227,156,32,14,2.15,4416.1,848,376,4.682,4.719,0.037,2284,2161,0.0,29.819,13.019,0.8539
23.0,0.37,33.65,0.683,0.5,1.0,43,644,1947,1947,0,0.5039,1.0,1945,2,430,793,429,0,602,0.7143,430,0,0,430,1346,0,0,0,169,2,0,0,0,0.0,169,0,110.72,149,0.9754,678,411,236,143,38,13,5.58,4416.1,794,430,5.354,5.354,0.0,2284,2161,0.0,27.941,14.896,0.977
23.0,0.37,33.65,0.683,0.75,0.1,43,644,28870,2887,25983,0.7472,0.1,28840,30,440,307,237,191,907,0.258,234,0,28,440,18125,0,0,0,10275,30,0,0,0,0.0,10275,0,1844.74,2065,0.9981,794,529,217,185,44,17,1,4416.1,1018,206,2.565,2.914,0.349,2284,2161,0.0,35.685,7.152,0.4691
23.0,0.37,33.65,0.683,0.75,0.25,43,644,11548,2887,8661,0.7472,0.25,11536,12,440,426,298,133,907,0.3252,295,0,19,440,7857,0,0,0,3239,12,0,0,0,0.0,3239,0,736.02,827,0.9981,767,486,218,184,37,11,1.01,4416.1,948,276,3.437,3.673,0.237,2284,2161,0.0,33.218,9.62,0.631
23.0,0.37,33.65,0.683,0.75,0.5,43,644,5774,2887,2887,0.7472,0.5,5768,6,440,523,329,107,907,0.3605,327,0,12,440,4008,0,0,0,1320,6,0,0,0,0.0,1320,0,366.89,413,0.9981,744,470,220,180,37,12,1.11,4416.1,909,315,3.922,4.072,0.149,2284,2161,0.0,31.868,10.969,0.7195
23.0,0.37,33.65,0.683,0.75,0.75,43,644,3861,2887,974,0.7472,0.7477,3857,4,434,607,371,60,907,0.4101,372,0,5,434,2687,0,0,0,736,4,0,0,0,0.0,736,0,243.87,278,0.9845,714,442,219,171,35,13,1.37,4416.1,857,367,4.57,4.632,0.062,2284,2161,0.0,30.058,12.78,0.8383
23.0,0.37,33.65,0.683,0.75,1.0,43,644,2887,2887,0,0.7472,1.0,2884,3,433,793,432,0,907,0.4774,433,0,0,433,1982,0,0,0,469,3,0,0,0,0.0,469,0,178.93,205,0.9822,678,411,227,157,32,14,2.11,4416.1,791,433,5.391,5.391,0.0,2284,2161,0.0,27.757,15.081,0.9892
23.0,0.37,33.65,0.683,1.0,0.1,43,644,38640,3864,34776,1.0,0.1,38580,60,440,177,148,278,1219,0.1181,144,0,35,440,21440,0,0,0,16700,60,0,0,0,0.0,16700,0,2468.16,2580,0.9981,848,572,218,186,42,17,1,4416.1,1115,109,1.357,1.793,0.436,2284,2161,0.0,39.074,3.764,0.2469
23.0,0.37,33.65,0.683,1.0,0.25,43,644,15456,3864,11592,1.0,0.25,15432,24,440,408,299,129,1219,0.2436,297,0,19,440,10551,0,0,0,4441,24,0,0,0,0.0,4441,0,983.27,1032,0.9981,764,487,217,185,39,14,1.0,4416.1,946,278,3.461,3.698,0.237,2284,2161,0.0,33.164,9.674,0.6345
23.0,0.37,33.65,0.683,1.0,0.5,43,644,7728,3864,3864,1.0,0.5,7716,12,440,503,338,94,1219,0.2756,336,0,12,440,5335,0,0,0,1941,12,0,0,0,0.0,1941,0,491.01,516,0.9981,741,464,216,182,43,19,1.03,4416.1,900,324,4.034,4.184,0.149,2284,2161,0.0,31.517,11.321,0.7426
23.0,0.37,33.65,0.683,1.0,0.75,43,644,5152,3864,1288,1.0,0.75,5144,8,437,607,386,47,1219,0.3167,386,0,5,437,3578,0,0,0,1129,8,0,0,0,0.0,1129,0,326.15,344,0.9913,705,440,215,178,33,12,1.17,4416.1,843,381,4.744,4.806,0.062,2284,2161,0.0,29.559,13.278,0.8709
23.0,0.37,33.65,0.683,1.0,1.0,43,644,3864,3864,0,1.0,1.0,3858,6,436,751,435,0,1219,0.3577,436,0,0,436,2648,0,0,0,774,6,0,0,0,0.0,774,0,243.08,258,0.989,678,411,211,175,27,15,1.42,4416.1,788,436,5.429,5.429,0.0,2284,2161,0.0,27.589,15.249,1.0002
37.6,0.29,42.94,0.876,0.1,0.1,1,644,4180,418,3762,0.1082,0.1,0,4180,0,0,0,0,137,0.0,0,0,0,0,0,0,0,0,0,4180,0,0,0,0.0,0,0,0,0,0.0,678,411,0,0,0,0,0.0,102.7,1224,0,0.0,0.0,0.0,2284,2161,0.0,42.838,0.0,0.0
37.6,0.29,42.94,0.876,0.1,0.25,1,644,1672,418,1254,0.1082,0.25,0,1672,0,0,0,0,137,0.0,0,0,0,0,0,0,0,0,0,1672,0,0,0,0.0,0,0,0,0,0.0,678,411,0,0,0,0,0.0,102.7,1224,0,0.0,0.0,0.0,2284,2161,0.0,42.838,0.0,0.0
37.6,0.29,42.94,0.876,0.1,0.5,1,644,836,418,418,0.1082,0.5,0,836,0,0,0,0,137,0.0,0,0,0,0,0,0,0,0,0,836,0,0,0,0.0,0,0,0,0,0.0,678,411,0,0,0,0,0.0,102.7,1224,0,0.0,0.0,0.0,2284,2161,0.0,42.838,0.0,0.0
37.6,0.29,42.94,0.876,0.1,0.75,1,644,502,418,84,0.1082,0.8327,0,502,0,0,0,0,137,0.0,0,0,0,0,0,0,0,0,0,502,0,0,0,0.0,0,0,0,0,0.0,678,411,0,0,0,0,0.0,102.7,1224,0,0.0,0.0,0.0,2284,2161,0.0,42.838,0.0,0.0
37.6,0.29,42.94,0.876,0.1,1.0,1,644,418,418,0,0.1082,1.0,0,418,0,0,0,0,137,0.0,0,0,0,0,0,0,0,0,0,418,0,0,0,0.0,0,0,0,0,0.0,678,411,0,0,0,0,0.0,102.7,1224,0,0.0,0.0,0.0,2284,2161,0.0,42.838,0.0,0.0
37.6,0.29,42.94,0.876,0.25,0.1,1,644,9800,980,8820,0.2536,0.1,0,9800,0,0,0,0,316,0.0,0,0,0,0,0,0,0,0,0,9800,0,0,0,0.0,0,0,0,0,0.0,678,411,0,0,0,0,0.0,102.7,1224,0,0.0,0.0,0.0,2284,2161,0.0,42.838,0.0,0.0
37.6,0.29,42.94,0.876,0.25,0.25,1,644,3920,980,2940,0.2536,0.25,0,3920,0,0,0,0,316,0.0,0,0,0,0,0,0,0,0,0,3920,0,0,0,0.0,0,0,0,0,0.0,678,411,0,0,0,0,0.0,102.7,1224,0,0.0,0.0,0.0,2284,2161,0.0,42.838,0.0,0.0
37.6,0.29,42.94,0.876,0.25,0.5,1,644,1960,980,980,0.2536,0.5,0,1960,0,0,0,0,316,0.0,0,0,0,0,0,0,0,0,0,1960,0,0,0,0.0,0,0,0,0,0.0,678,411,0,0,0,0,0.0,102.7,1224,0,0.0,0.0,0.0,2284,2161,0.0,42.838,0.0,0.0
37.6,0.29,42.94,0.876,0.25,0.75,1,644,1284,980,304,0.2536,0.7632,0,1284,0,0,0,0,316,0.0,0,0,0,0,0,0,0,0,0,1284,0,0,0,0.0,0,0,0,0,0.0,678,411,0,0,0,0,0.0,102.7,1224,0,0.0,0.0,0.0,2284,2161,0.0,42.838,0.0,0.0
37.6,0.29,42.94,0.876,0.25,1.0,1,644,980,980,0,0.2536,1.0,0,980,0,0,0,0,316,0.0,0,0,0,0,0,0,0,0,0,980,0,0,0,0.0,0,0,0,0,0.0,678,411,0,0,0,0,0.0,102.7,1224,0,0.0,0.0,0.0,2284,2161,0.0,42.838,0.0,0.0
37.6,0.29,42.94,0.876,0.5,0.1,1,644,19470,1947,17523,0.5039,0.1,0,19470,0,0,0,0,602,0.0,0,0,0,0,0,0,0,0,0,19470,0,0,0,0.0,0,0,0,0,0.0,678,411,0,0,0,0,0.0,102.7,1224,0,0.0,0.0,0.0,2284,2161,0.0,42.838,0.0,0.0
37.6,0.29,42.94,0.876,0.5,0.25,1,644,7788,1947,5841,0.5039,0.25,0,7788,0,0,0,0,602,0.0,0,0,0,0,0,0,0,0,0,7788,0,0,0,0.0,0,0,0,0,0.0,678,411,0,0,0,0,0.0,102.7,1224,0,0.0,0.0,0.0,2284,2161,0.0,42.838,0.0,0.0
37.6,0.29,42.94,0.876,0.5,0.5,1,644,3894,1947,1947,0.5039,0.5,0,3894,0,0,0,0,602,0.0,0,0,0,0,0,0,0,0,0,3894,0,0,0,0.0,0,0,0,0,0.0,678,411,0,0,0,0,0.0,102.7,1224,0,0.0,0.0,0.0,2284,2161,0.0,42.838,0.0,0.0
37.6,0.29,42.94,0.876,0.5,0.75,1,644,2598,1947,651,0.5039,0.7494,0,2598,0,0,0,0,602,0.0,0,0,0,0,0,0,0,0,0,2598,0,0,0,0.0,0,0,0,0,0.0,678,411,0,0,0,0,0.0,102.7,1224,0,0.0,0.0,0.0,2284,2161,0.0,42.838,0.0,0.0
37.6,0.29,42.94,0.876,0.5,1.0,1,644,1947,1947,0,0.5039,1.0,0,1947,0,0,0,0,602,0.0,0,0,0,0,0,0,0,0,0,1947,0,0,0,0.0,0,0,0,0,0.0,678,411,0,0,0,0,0.0,102.7,1224,0,0.0,0.0,0.0,2284,2161,0.0,42.838,0.0,0.0
37.6,0.29,42.94,0.876,0.75,0.1,1,644,28870,2887,25983,0.7472,0.1,0,28870,0,0,0,0,907,0.0,0,0,0,0,0,0,0,0,0,28870,0,0,0,0.0,0,0,0,0,0.0,678,411,0,0,0,0,0.0,102.7,1224,0,0.0,0.0,0.0,2284,2161,0.0,42.838,0.0,0.0
37.6,0.29,42.94,0.876,0.75,0.25,1,644,11548,2887,8661,0.7472,0.25,0,11548,0,0,0,0,907,0.0,0,0,0,0,0,0,0,0,0,11548,0,0,0,0.0,0,0,0,0,0.0,678,411,0,0,0,0,0.0,102.7,1224,0,0.0,0.0,0.0,2284,2161,0.0,42.838,0.0,0.0
37.6,0.29,42.94,0.876,0.75,0.5,1,644,5774,2887,2887,0.7472,0.5,0,5774,0,0,0,0,907,0.0,0,0,0,0,0,0,0,0,0,5774,0,0,0,0.0,0,0,0,0,0.0,678,411,0,0,0,0,0.0,102.7,1224,0,0.0,0.0,0.0,2284,2161,0.0,42.838,0.0,0.0
37.6,0.29,42.94,0.876,0.75,0.75,1,644,3861,2887,974,0.7472,0.7477,0,3861,0,0,0,0,907,0.0,0,0,0,0,0,0,0,0,0,3861,0,0,0,0.0,0,0,0,0,0.0,678,411,0,0,0,0,0.0,102.7,1224,0,0.0,0.0,0.0,2284,2161,0.0,42.838,0.0,0.0
37.6,0.29,42.94,0.876,0.75,1.0,1,644,2887,2887,0,0.7472,1.0,0,2887,0,0,0,0,907,0.0,0,0,0,0,0,0,0,0,0,2887,0,0,0,0.0,0,0,0,0,0.0,678,411,0,0,0,0,0.0,102.7,1224,0,0.0,0.0,0.0,2284,2161,0.0,42.838,0.0,0.0
37.6,0.29,42.94,0.876,1.0,0.1,1,644,38640,3864,34776,1.0,0.1,0,38640,0,0,0,0,1219,0.0,0,0,0,0,0,0,0,0,0,38640,0,0,0,0.0,0,0,0,0,0.0,678,411,0,0,0,0,0.0,102.7,1224,0,0.0,0.0,0.0,2284,2161,0.0,42.838,0.0,0.0
37.6,0.29,42.94,0.876,1.0,0.25,1,644,15456,3864,11592,1.0,0.25,0,15456,0,0,0,0,1219,0.0,0,0,0,0,0,0,0,0,0,15456,0,0,0,0.0,0,0,0,0,0.0,678,411,0,0,0,0,0.0,102.7,1224,0,0.0,0.0,0.0,2284,2161,0.0,42.838,0.0,0.0
37.6,0.29,42.94,0.876,1.0,0.5,1,644,7728,3864,3864,1.0,0.5,0,7728,0,0,0,0,1219,0.0,0,0,0,0,0,0,0,0,0,7728,0,0,0,0.0,0,0,0,0,0.0,678,411,0,0,0,0,0.0,102.7,1224,0,0.0,0.0,0.0,2284,2161,0.0,42.838,0.0,0.0
37.6,0.29,42.94,0.876,1.0,0.75,1,644,5152,3864,1288,1.0,0.75,0,5152,0,0,0,0,1219,0.0,0,0,0,0,0,0,0,0,0,5152,0,0,0,0.0,0,0,0,0,0.0,678,411,0,0,0,0,0.0,102.7,1224,0,0.0,0.0,0.0,2284,2161,0.0,42.838,0.0,0.0
37.6,0.29,42.94,0.876,1.0,1.0,1,644,3864,3864,0,1.0,1.0,0,3864,0,0,0,0,1219,0.0,0,0,0,0,0,0,0,0,0,3864,0,0,0,0.0,0,0,0,0,0.0,678,411,0,0,0,0,0.0,102.7,1224,0,0.0,0.0,0.0,2284,2161,0.0,42.838,0.0,0.0
37.6,0.29,42.94,0.876,0.1,0.1,2,644,4180,418,3762,0.1082,0.1,4180,0,312,284,193,118,137,1.4015,192,0,14,312,2849,0,0,0,1019,0,0,0,0,0.0,1019,0,11.03,50,0.5524,748,475,146,137,24,13,1,205.4,1046,178,2.216,2.391,0.174,2284,2161,0.0,36.584,6.254,0.3219
37.6,0.29,42.94,0.876,0.1,0.25,2,644,1672,418,1254,0.1082,0.25,1672,0,254,266,171,83,137,1.2409,170,0,8,254,1155,0,0,0,263,0,0,0,0,0.0,263,0,4.11,16,0.4497,725,456,120,108,16,9,1,205.4,1062,162,2.017,2.117,0.1,2284,2161,0.0,37.209,5.628,0.2897
37.6,0.29,42.94,0.876,0.1,0.5,2,644,836,418,418,0.1082,0.5,836,0,187,245,144,42,137,1.0584,145,0,3,187,579,0,0,0,70,0,0,0,0,0.0,70,0,1.88,8,0.3311,704,430,96,69,13,8,1,205.4,1082,142,1.768,1.805,0.037,2284,2161,0.0,37.852,4.985,0.2566
37.6,0.29,42.94,0.876,0.1,0.75,2,644,502,418,84,0.1082,0.8327,502,0,135,264,128,6,137,0.9416,129,0,0,135,341,0,0,0,26,0,0,0,0,0.0,26,0,1.09,6,0.239,682,413,70,48,11,4,1,205.4,1095,129,1.606,1.606,0.0,2284,2161,0.0,38.326,4.511,0.2322
37.6,0.29,42.94,0.876,0.1,1.0,2,644,418,418,0,0.1082,1.0,418,0,123,250,122,0,137,0.8978,123,0,0,123,281,0,0,0,14,0,0,0,0,0.0,14,0,0.88,4,0.2178,678,411,63,44,11,6,1,205.4,1101,123,1.531,1.531,0.0,2284,2161,0.0,38.509,4.329,0.2228
37.6,0.29,42.94,0.876,0.25,0.1,2,644,9800,980,8820,0.2536,0.1,9790,10,494,449,301,183,316,0.9494,300,0,29,494,6642,0,0,0,2654,10,0,0,0,0.0,2654,0,25.72,70,0.8746,792,520,239,216,52,16,1,205.4,953,271,3.374,3.735,0.361,2284,2161,0.0,33.47,9.368,0.4822
37.6,0.29,42.94,0.876,0.25,0.25,2,644,3920,980,2940,0.2536,0.25,3916,4,441,468,282,157,316,0.8829,279,0,22,441,2698,0,0,0,777,4,0,0,0,0.0,777,0,9.82,28,0.7807,774,499,213,189,41,17,1,205.4,967,257,3.2,3.474,0.274,2284,2161,0.0,33.928,8.91,0.4586
37.6,0.29,42.94,0.876,0.25,0.5,2,644,1960,980,980,0.2536,0.5,1958,2,368,491,281,86,316,0.8861,280,0,11,368,1352,0,0,0,238,2,0,0,0,0.0,238,0,4.68,15,0.6515,734,454,186,144,34,11,1,205.4,955,269,3.349,3.486,0.137,2284,2161,0.0,33.465,9.372,0.4824
37.6,0.29,42.94,0.876,0.25,0.75,2,644,1284,980,304,0.2536,0.7632,1283,1,283,487,254,29,316,0.8006,253,0,0,283,878,0,0,0,122,1,0,0,0,0.0,122,0,2.98,10,0.501,697,422,148,103,22,11,1,205.4,971,253,3.15,3.15,0.0,2284,2161,0.0,34.02,8.818,0.4539
37.6,0.29,42.94,0.876,0.25,1.0,2,644,980,980,0,0.2536,1.0,979,1,243,475,243,0,316,0.769,243,0,0,243,665,0,0,0,71,1,0,0,0,0.0,71,0,2.18,7,0.4302,678,411,126,87,19,8,1,205.4,981,243,3.026,3.026,0.0,2284,2161,0.0,34.325,8.513,0.4382
37.6,0.29,42.94,0.876,0.5,0.1,2,644,19470,1947,17523,0.5039,0.1,19450,20,559,464,317,222,602,0.5216,314,0,37,559,13050,0,0,0,5841,20,0,0,0,0.0,5841,0,50.25,100,0.9896,824,547,276,241,53,20,1,205.4,947,277,3.449,3.91,0.461,2284,2161,0.0,33.224,9.614,0.4948
37.6,0.29,42.94,0.876,0.5,0.25,2,644,7788,1947,5841,0.5039,0.25,7780,8,543,507,342,191,602,0.5615,338,0,26,543,5357,0,0,0,1880,8,0,0,0,0.0,1880,0,19.57,39,0.9613,799,521,270,229,52,23,1,205.4,912,312,3.885,4.208,0.324,2284,2161,0.0,31.962,10.876,0.5598
37.6,0.29,42.94,0.876,0.5,0.5,2,644,3894,1947,1947,0.5039,0.5,3890,4,499,633,373,123,602,0.6146,370,0,14,499,2700,0,0,0,691,4,0,0,0,0.0,691,0,9.55,20,0.8834,766,466,258,193,61,18,1,205.4,868,356,4.433,4.607,0.174,2284,2161,0.0,30.388,12.45,0.6408
37.6,0.29,42.94,0.876,0.5,0.75,2,644,2598,1947,651,0.5039,0.7494,2595,3,428,651,376,52,602,0.6229,375,0,3,428,1818,0,0,0,349,3,0,0,0,0.0,349,0,6.14,13,0.7577,712,433,228,156,41,12,1,205.4,852,372,4.632,4.669,0.037,2284,2161,0.0,29.92,12.918,0.6649
37.6,0.29,42.94,0.876,0.5,1.0,2,644,1947,1947,0,0.5039,1.0,1945,2,379,719,379,0,602,0.6296,379,0,0,379,1346,0,0,0,220,2,0,0,0,0.0,220,0,4.48,10,0.671,678,411,202,131,33,12,1,205.4,845,379,4.719,4.719,0.0,2284,2161,0.0,29.691,13.146,0.6766
37.6,0.29,42.94,0.876,0.75,0.1,2,644,28870,2887,25983,0.7472,0.1,28840,30,563,368,280,256,907,0.301,273,0,39,563,18127,0,0,0,10150,30,0,0,0,0.0,10150,0,77.38,120,0.9967,851,567,279,242,58,27,1,205.4,990,234,2.914,3.399,0.486,2284,2161,0.0,34.689,8.149,0.4194
37.6,0.29,42.94,0.876,0.75,0.25,2,644,11548,2887,8661,0.7472,0.25,11536,12,560,508,366,180,907,0.4002,363,0,25,560,7894,0,0,0,3082,12,0,0,0,0.0,3082,0,29.36,48,0.9914,791,520,276,241,58,23,1,205.4,886,338,4.208,4.52,0.311,2284,2161,0.0,31.019,11.819,0.6083
37.6,0.29,42.94,0.876,0.75,0.5,2,644,5774,2887,2887,0.7472,0.5,5768,6,532,665,407,120,907,0.4454,404,0,15,532,4033,0,0,0,1203,6,0,0,0,0.0,1203,0,14.31,24,0.9418,757,475,269,215,60,14,1,205.4,835,389,4.844,5.03,0.187,2284,2161,0.0,29.252,13.586,0.6993
37.6,0.29,42.94,0.876,0.75,0.75,2,644,3861,2887,974,0.7472,0.7477,3857,4,491,692,427,60,907,0.4708,427,0,6,491,2694,0,0,0,672,4,0,0,0,0.0,672,0,9.38,16,0.8693,721,438,257,183,51,11,1,205.4,803,421,5.242,5.317,0.075,2284,2161,0.0,28.128,14.71,0.7571
37.6,0.29,42.94,0.876,0.75,1.0,2,644,2887,2887,0,0.7472,1.0,2884,3,451,793,451,0,907,0.4972,451,0,0,451,1982,0,0,0,451,3,0,0,0,0.0,451,0,6.87,12,0.7984,678,411,237,162,36,14,1,205.4,773,451,5.615,5.615,0.0,2284,2161,0.0,27.167,15.671,0.8066
37.6,0.29,42.94,0.876,1.0,0.1,2,644,38640,3864,34776,1.0,0.1,38580,60,563,215,171,362,1219,0.1362,166,0,51,563,21226,0,0,0,16791,60,0,0,0,0.0,16791,0,107.67,120,0.9967,915,622,279,242,55,27,1,205.4,1109,115,1.432,2.067,0.635,2284,2161,0.0,38.836,4.001,0.2059
37.6,0.29,42.94,0.876,1.0,0.25,2,644,15456,3864,11592,1.0,0.25,15432,24,562,502,357,185,1219,0.2904,354,0,26,562,10623,0,0,0,4247,24,0,0,0,0.0,4247,0,39.34,48,0.9949,803,520,277,240,62,17,1,205.4,896,328,4.084,4.408,0.324,2284,2161,0.0,31.368,11.47,0.5904
37.6,0.29,42.94,0.876,1.0,0.5,2,644,7728,3864,3864,1.0,0.5,7716,12,556,637,425,119,1219,0.3462,422,0,15,556,5372,0,0,0,1788,12,0,0,0,0.0,1788,0,19.42,24,0.9843,756,482,275,234,56,16,1,205.4,817,407,5.068,5.254,0.187,2284,2161,0.0,28.639,14.198,0.7308
37.6,0.29,42.94,0.876,1.0,0.75,2,644,5152,3864,1288,1.0,0.75,5144,8,523,737,461,56,1219,0.3774,460,0,5,523,3596,0,0,0,1025,8,0,0,0,0.0,1025,0,12.71,16,0.9259,719,438,267,202,49,13,1,205.4,769,455,5.665,5.728,0.062,2284,2161,0.0,26.941,15.896,0.8182
37.6,0.29,42.94,0.876,1.0,1.0,2,644,3864,3864,0,1.0,1.0,3858,6,492,825,492,0,1219,0.4036,492,0,0,492,2647,0,0,0,719,6,0,0,0,0.0,719,0,9.37,12,0.871,678,411,254,183,37,15,1,205.4,732,492,6.126,6.126,0.0,2284,2161,0.0,25.639,17.198,0.8852
37.6,0.29,42.94,0.876,0.1,0.1,3,644,4180,418,3762,0.1082,0.1,4180,0,446,359,242,200,137,1.7591,241,0,30,446,2877,0,0,0,857,0,0,0,0,0.0,857,0,15.19,51,0.7896,810,514,218,192,55,19,1.38,308.1,1013,211,2.627,3.001,0.374,2284,2161,0.0,35.464,7.374,0.3795
37.6,0.29,42.94,0.876,0.1,0.25,3,644,1672,418,1254,0.1082,0.25,1672,0,351,368,220,129,137,1.6058,220,0,18,351,1159,0,0,0,162,0,0,0,0,0.0,162,0,5.19,19,0.6214,763,475,171,147,23,8,1.51,308.1,1022,202,2.515,2.739,0.224,2284,2161,0.0,35.789,7.049,0.3628
37.6,0.29,42.94,0.876,0.1,0.5,3,644,836,418,418,0.1082,0.5,836,0,230,325,183,46,137,1.3431,184,0,4,230,579,0,0,0,27,0,0,0,0,0.0,27,0,2.14,10,0.4072,706,433,118,84,17,8,1.72,308.1,1044,180,2.241,2.291,0.05,2284,2161,0.0,36.534,6.303,0.3244
37.6,0.29,42.94,0.876,0.1,0.75,3,644,502,418,84,0.1082,0.8327,502,0,154,290,145,8,137,1.0657,146,0,0,154,342,0,0,0,6,0,0,0,0,0.0,6,0,1.16,6,0.2726,684,413,79,56,11,6,1.84,308.1,1078,146,1.818,1.818,0.0,2284,2161,0.0,37.706,5.131,0.2641
37.6,0.29,42.94,0.876,0.1,1.0,3,644,418,418,0,0.1082,1.0,418,0,135,273,134,0,137,0.9854,135,0,0,135,281,0,0,0,2,0,0,0,0,0.0,2,0,0.91,4,0.239,678,411,67,50,10,3,1.9,308.1,1089,135,1.681,1.681,0.0,2284,2161,0.0,38.065,4.773,0.2457
37.6,0.29,42.94,0.876,0.25,0.1,3,644,9800,980,8820,0.2536,0.1,9790,10,548,463,314,220,316,0.9873,312,0,35,548,6649,0,0,0,2593,10,0,0,0,0.0,2593,0,38.88,94,0.9702,815,545,267,240,56,21,1.15,308.1,947,277,3.449,3.885,0.436,2284,2161,0.0,33.267,9.571,0.4926
37.6,0.29,42.94,0.876,0.25,0.25,3,644,3920,980,2940,0.2536,0.25,3916,4,517,529,318,194,316,1.0,316,0,26,517,2696,0,0,0,703,4,0,0,0,0.0,703,0,14.17,38,0.9153,798,518,256,219,49,25,1.28,308.1,934,290,3.611,3.935,0.324,2284,2161,0.0,32.768,10.07,0.5183
37.6,0.29,42.94,0.876,0.25,0.5,3,644,1960,980,980,0.2536,0.5,1958,2,441,585,333,106,316,1.0506,332,0,13,441,1362,0,0,0,155,2,0,0,0,0.0,155,0,6.01,21,0.7807,746,465,225,172,33,17,1.52,308.1,905,319,3.972,4.134,0.162,2284,2161,0.0,31.722,11.116,0.5721
37.6,0.29,42.94,0.876,0.25,0.75,3,644,1284,980,304,0.2536,0.7632,1283,1,343,580,306,37,316,0.9652,305,0,3,343,883,0,0,0,57,1,0,0,0,0.0,57,0,3.56,13,0.6072,704,426,184,120,27,12,1.63,308.1,922,302,3.76,3.798,0.037,2284,2161,0.0,32.324,10.514,0.5411
37.6,0.29,42.94,0.876,0.25,1.0,3,644,980,980,0,0.2536,1.0,979,1,287,555,286,0,316,0.9082,287,0,0,287,665,0,0,0,27,1,0,0,0,0.0,27,0,2.49,9,0.5081,678,411,150,99,26,6,1.69,308.1,937,287,3.573,3.573,0.0,2284,2161,0.0,32.812,10.025,0.516
37.6,0.29,42.94,0.876,0.5,0.1,3,644,19470,1947,17523,0.5039,0.1,19450,20,563,465,326,216,602,0.5299,319,0,35,563,13045,0,0,0,5842,20,0,0,0,0.0,5842,0,79.09,140,0.9967,825,543,279,242,54,23,1.02,308.1,940,284,3.536,3.972,0.436,2284,2161,0.0,32.942,9.896,0.5093
37.6,0.29,42.94,0.876,0.5,0.25,3,644,7788,1947,5841,0.5039,0.25,7780,8,561,533,354,192,602,0.5814,350,0,26,561,5357,0,0,0,1862,8,0,0,0,0.0,1862,0,30.65,55,0.9932,801,525,279,239,51,19,1.06,308.1,900,324,4.034,4.358,0.324,2284,2161,0.0,31.485,11.352,0.5843
37.6,0.29,42.94,0.876,0.5,0.5,3,644,3894,1947,1947,0.5039,0.5,3890,4,538,675,404,129,602,0.6678,402,0,16,538,2706,0,0,0,646,4,0,0,0,0.0,646,0,13.92,28,0.9525,767,474,275,213,44,17,1.23,308.1,838,386,4.806,5.005,0.199,2284,2161,0.0,29.381,13.457,0.6926
37.6,0.29,42.94,0.876,0.5,0.75,3,644,2598,1947,651,0.5039,0.7494,2595,3,488,777,429,57,602,0.7126,429,0,4,488,1823,0,0,0,284,3,0,0,0,0.0,284,0,8.36,19,0.8639,714,438,256,180,42,17,1.38,308.1,799,425,5.292,5.342,0.05,2284,2161,0.0,28.093,14.745,0.7589
37.6,0.29,42.94,0.876,0.5,1.0,3,644,1947,1947,0,0.5039,1.0,1945,2,436,833,436,0,602,0.7243,436,0,0,436,1347,0,0,0,162,2,0,0,0,0.0,162,0,5.81,14,0.7719,678,411,234,150,42,14,1.47,308.1,788,436,5.429,5.429,0.0,2284,2161,0.0,27.758,15.079,0.7761
37.6,0.29,42.94,0.876,0.75,0.1,3,644,28870,2887,25983,0.7472,0.1,28840,30,563,363,281,258,907,0.3032,275,0,38,563,18164,0,0,0,10113,30,0,0,0,0.0,10113,0,120.6,175,0.9967,846,569,277,244,59,31,1,308.1,987,237,2.951,3.424,0.473,2284,2161,0.0,34.603,8.234,0.4238
37.6,0.29,42.94,0.876,0.75,0.25,3,644,11548,2887,8661,0.7472,0.25,11536,12,563,525,373,179,907,0.409,371,0,26,563,7893,0,0,0,3080,12,0,0,0,0.0,3080,0,46.44,70,0.9967,788,519,277,243,52,23,1.01,308.1,879,345,4.296,4.619,0.324,2284,2161,0.0,30.791,12.047,0.6201
37.6,0.29,42.94,0.876,0.75,0.5,3,644,5774,2887,2887,0.7472,0.5,5768,6,556,669,416,136,907,0.4553,413,0,16,556,4032,0,0,0,1180,6,0,0,0,0.0,1180,0,21.99,36,0.9843,759,489,277,233,61,16,1.1,308.1,827,397,4.943,5.142,0.199,2284,2161,0.0,28.982,13.856,0.7132
37.6,0.29,42.94,0.876,0.75,0.75,3,644,3861,2887,974,0.7472,0.7477,3857,4,531,761,456,72,907,0.5028,456,0,9,531,2691,0,0,0,635,4,0,0,0,0.0,635,0,13.75,23,0.9401,727,446,274,203,49,15,1.22,308.1,777,447,5.566,5.678,0.112,2284,2161,0.0,27.223,15.615,0.8037
37.6,0.29,42.94,0.876,0.75,1.0,3,644,2887,2887,0,0.7472,1.0,2884,3,497,906,496,0,907,0.548,497,0,0,497,1982,0,0,0,405,3,0,0,0,0.0,405,0,9.67,17,0.8799,678,411,255,183,37,20,1.31,308.1,727,497,6.188,6.188,0.0,2284,2161,0.0,25.548,17.289,0.8899
37.6,0.29,42.94,0.876,1.0,0.1,3,644,38640,3864,34776,1.0,0.1,38580,60,563,219,176,353,1219,0.1411,172,0,52,563,21247,0,0,0,16770,60,0,0,0,0.0,16770,0,166.56,180,0.9967,908,624,277,244,58,34,1,308.1,1104,120,1.494,2.142,0.647,2284,2161,0.0,38.653,4.184,0.2153
37.6,0.29,42.94,0.876,1.0,0.25,3,644,15456,3864,11592,1.0,0.25,15432,24,563,513,364,184,1219,0.297,362,0,26,563,10619,0,0,0,4250,24,0,0,0,0.0,4250,0,62.41,72,0.9967,796,520,276,242,60,16,1.0,308.1,888,336,4.184,4.507,0.324,2284,2161,0.0,31.108,11.73,0.6037
37.6,0.29,42.94,0.876,1.0,0.5,3,644,7728,3864,3864,1.0,0.5,7716,12,562,642,422,127,1219,0.3445,420,0,17,562,5374,0,0,0,1780,12,0,0,0,0.0,1780,0,30.56,36,0.9949,753,495,278,237,58,15,1.03,308.1,821,403,5.018,5.229,0.212,2284,2161,0.0,28.748,14.09,0.7252
37.6,0.29,42.94,0.876,1.0,0.75,3,644,5152,3864,1288,1.0,0.75,5144,8,551,755,478,66,1219,0.3905,476,0,8,551,3592,0,0,0,1001,8,0,0,0,0.0,1001,0,19.35,24,0.9755,722,450,275,221,42,19,1.13,308.1,756,468,5.827,5.927,0.1,2284,2161,0.0,26.462,16.376,0.8429
37.6,0.29,42.94,0.876,1.0,1.0,3,644,3864,3864,0,1.0,1.0,3858,6,528,905,527,0,1219,0.4331,528,0,0,528,2647,0,0,0,683,6,0,0,0,0.0,683,0,13.87,18,0.9348,678,411,264,202,37,19,1.2,308.1,696,528,6.574,6.574,0.0,2284,2161,0.0,24.371,18.467,0.9505
37.6,0.29,42.94,0.876,0.1,0.1,6,644,4180,418,3762,0.1082,0.1,4180,0,537,455,292,240,137,2.1022,288,0,42,537,2902,0,0,0,741,0,0,0,0,0.0,741,0,31,90,0.9507,844,536,271,225,63,17,2.12,616.2,978,246,3.063,3.586,0.523,2284,2161,0.0,34.219,8.619,0.4436
37.6,0.29,42.94,0.876,0.1,0.25,6,644,1672,418,1254,0.1082,0.25,1672,0,438,444,259,175,137,1.8905,259,0,24,438,1158,0,0,0,76,0,0,0,0,0.0,76,0,8.11,31,0.7754,793,499,219,178,43,18,3.26,616.2,989,235,2.926,3.225,0.299,2284,2161,0.0,34.669,8.169,0.4205
37.6,0.29,42.94,0.876,0.1,0.5,6,644,836,418,418,0.1082,0.5,836,0,252,359,197,54,137,1.4453,198,0,5,252,581,0,0,0,3,0,0,0,0,0.0,3,0,2.34,9,0.4461,711,437,127,93,17,8,4.4,616.2,1031,193,2.403,2.465,0.062,2284,2161,0.0,36.058,6.779,0.3489
37.6,0.29,42.94,0.876,0.1,0.75,6,644,502,418,84,0.1082,0.8327,502,0,159,305,150,8,137,1.1022,151,0,0,159,343,0,0,0,0,0,0,0,0,0.0,0,0,1.2,6,0.2815,684,413,78,59,14,4,4.68,616.2,1073,151,1.88,1.88,0.0,2284,2161,0.0,37.535,5.302,0.2729
37.6,0.29,42.94,0.876,0.1,1.0,6,644,418,418,0,0.1082,1.0,418,0,137,275,136,0,137,1.0,137,0,0,137,281,0,0,0,0,0,0,0,0,0.0,0,0,0.93,4,0.2425,678,411,66,50,13,7,4.8,616.2,1087,137,1.706,1.706,0.0,2284,2161,0.0,37.996,4.841,0.2492
37.6,0.29,42.94,0.876,0.25,0.1,6,644,9800,980,8820,0.2536,0.1,9790,10,563,463,317,232,316,0.9968,315,0,35,563,6675,0,0,0,2552,10,0,0,0,0.0,2552,0,83.03,150,0.9967,825,547,280,242,59,21,1.27,616.2,944,280,3.486,3.922,0.436,2284,2161,0.0,33.096,9.742,0.5014
37.6,0.29,42.94,0.876,0.25,0.25,6,644,3920,980,2940,0.2536,0.25,3916,4,559,561,339,215,316,1.0665,337,0,30,559,2703,0,0,0,654,4,0,0,0,0.0,654,0,30.48,60,0.9896,807,534,275,242,55,23,1.67,616.2,917,307,3.823,4.196,0.374,2284,2161,0.0,32.144,10.694,0.5504
37.6,0.29,42.94,0.876,0.25,0.5,6,644,1960,980,980,0.2536,0.5,1958,2,491,648,370,118,316,1.1646,368,0,17,491,1364,0,0,0,103,2,0,0,0,0.0,103,0,10.46,30,0.8693,759,470,252,190,53,17,2.96,616.2,873,351,4.37,4.582,0.212,2284,2161,0.0,30.681,12.157,0.6257
37.6,0.29,42.94,0.876,0.25,0.75,6,644,1284,980,304,0.2536,0.7632,1283,1,381,646,340,40,316,1.0759,340,0,3,381,884,0,0,0,18,1,0,0,0,0.0,18,0,4.9,20,0.6745,707,426,202,133,33,15,3.72,616.2,887,337,4.196,4.233,0.037,2284,2161,0.0,31.135,11.702,0.6023
37.6,0.29,42.94,0.876,0.25,1.0,6,644,980,980,0,0.2536,1.0,979,1,308,593,307,0,316,0.9747,308,0,0,308,665,0,0,0,6,1,0,0,0,0.0,6,0,2.93,14,0.5453,678,411,158,107,27,10,4.24,616.2,916,308,3.835,3.835,0.0,2284,2161,0.0,32.101,10.736,0.5526
37.6,0.29,42.94,0.876,0.5,0.1,6,644,19470,1947,17523,0.5039,0.1,19450,20,563,451,322,226,602,0.5266,317,0,36,563,13054,0,0,0,5833,20,0,0,0,0.0,5833,0,169.26,245,0.9967,820,551,277,244,50,23,1.02,616.2,943,281,3.499,3.947,0.448,2284,2161,0.0,33.047,9.791,0.5039
37.6,0.29,42.94,0.876,0.5,0.25,6,644,7788,1947,5841,0.5039,0.25,7780,8,563,520,346,201,602,0.5698,343,0,30,563,5339,0,0,0,1878,8,0,0,0,0.0,1878,0,66.48,101,0.9967,802,537,278,242,52,23,1.08,616.2,911,313,3.897,4.271,0.374,2284,2161,0.0,31.932,10.906,0.5613
37.6,0.29,42.94,0.876,0.5,0.5,6,644,3894,1947,1947,0.5039,0.5,3890,4,555,689,408,144,602,0.6728,405,0,14,555,2712,0,0,0,623,4,0,0,0,0.0,623,0,30.47,51,0.9826,774,479,286,221,55,15,1.49,616.2,833,391,4.868,5.043,0.174,2284,2161,0.0,29.186,13.651,0.7026
37.6,0.29,42.94,0.876,0.5,0.75,6,644,2598,1947,651,0.5039,0.7494,2595,3,524,828,461,61,602,0.7658,461,0,7,524,1825,0,0,0,246,3,0,0,0,0.0,246,0,16.99,34,0.9277,721,438,277,190,42,21,2.18,616.2,770,454,5.653,5.74,0.087,2284,2161,0.0,27.118,15.72,0.8091
37.6,0.29,42.94,0.876,0.5,1.0,6,644,1947,1947,0,0.5039,1.0,1945,2,481,902,480,0,602,0.799,481,0,0,481,1346,0,0,0,118,2,0,0,0,0.0,118,0,10.87,26,0.8515,678,411,256,164,45,13,2.63,616.2,743,481,5.989,5.989,0.0,2284,2161,0.0,26.253,16.585,0.8536
37.6,0.29,42.94,0.876,0.75,0.1,6,644,28870,2887,25983,0.7472,0.1,28840,30,563,363,281,258,907,0.3032,275,0,38,563,18164,0,0,0,10113,30,0,0,0,0.0,10113,0,254.28,336,0.9967,846,569,277,244,59,31,1,616.2,987,237,2.951,3.424,0.473,2284,2161,0.0,34.603,8.234,0.4238
37.6,0.29,42.94,0.876,0.75,0.25,6,644,11548,2887,8661,0.7472,0.25,11536,12,563,525,373,179,907,0.409,371,0,26,563,7893,0,0,0,3080,12,0,0,0,0.0,3080,0,99.91,130,0.9967,788,519,277,243,52,23,1.01,616.2,879,345,4.296,4.619,0.324,2284,2161,0.0,30.791,12.047,0.6201
37.6,0.29,42.94,0.876,0.75,0.5,6,644,5774,2887,2887,0.7472,0.5,5768,6,563,677,420,139,907,0.4609,418,0,17,563,4026,0,0,0,1179,6,0,0,0,0.0,1179,0,48.42,67,0.9967,758,493,280,237,53,16,1.16,616.2,823,401,4.993,5.205,0.212,2284,2161,0.0,28.827,14.011,0.7211
37.6,0.29,42.94,0.876,0.75,0.75,6,644,3861,2887,974,0.7472,0.7477,3857,4,550,785,474,73,907,0.5215,473,0,10,550,2692,0,0,0,615,4,0,0,0,0.0,615,0,30.24,46,0.9737,727,449,284,213,36,16,1.46,616.2,761,463,5.765,5.889,0.125,2284,2161,0.0,26.675,16.163,0.8319
37.6,0.29,42.94,0.876,0.75,1.0,6,644,2887,2887,0,0.7472,1.0,2884,3,531,954,531,0,907,0.5854,531,0,0,531,1982,0,0,0,371,3,0,0,0,0.0,371,0,20.25,34,0.9401,678,411,277,191,49,19,1.89,616.2,693,531,6.612,6.612,0.0,2284,2161,0.0,24.471,18.366,0.9453
37.6,0.29,42.94,0.876,1.0,0.1,6,644,38640,3864,34776,1.0,0.1,38580,60,563,219,176,353,1219,0.1411,172,0,52,563,21247,0,0,0,16770,60,0,0,0,0.0,16770,0,345.16,360,0.9967,908,624,277,244,58,34,1,616.2,1104,120,1.494,2.142,0.647,2284,2161,0.0,38.653,4.184,0.2153
37.6,0.29,42.94,0.876,1.0,0.25,6,644,15456,3864,11592,1.0,0.25,15432,24,563,513,364,184,1219,0.297,362,0,26,563,10619,0,0,0,4250,24,0,0,0,0.0,4250,0,133.85,144,0.9967,796,520,276,242,60,16,1.0,616.2,888,336,4.184,4.507,0.324,2284,2161,0.0,31.108,11.73,0.6037
37.6,0.29,42.94,0.876,1.0,0.5,6,644,7728,3864,3864,1.0,0.5,7716,12,563,641,423,128,1219,0.3454,421,0,18,563,5363,0,0,0,1790,12,0,0,0,0.0,1790,0,66.22,72,0.9967,751,498,276,240,53,16,1.04,616.2,821,403,5.018,5.242,0.224,2284,2161,0.0,28.771,14.067,0.724
37.6,0.29,42.94,0.876,1.0,0.75,6,644,5152,3864,1288,1.0,0.75,5144,8,557,764,484,69,1219,0.3962,483,0,9,557,3594,0,0,0,993,8,0,0,0,0.0,993,0,42.29,48,0.9861,721,451,279,225,42,19,1.24,616.2,750,474,5.902,6.014,0.112,2284,2161,0.0,26.295,16.543,0.8515
37.6,0.29,42.94,0.876,1.0,1.0,6,644,3864,3864,0,1.0,1.0,3858,6,550,950,548,0,1219,0.4512,550,0,0,550,2647,0,0,0,661,6,0,0,0,0.0,661,0,29.7,36,0.9737,678,411,270,216,41,20,1.54,616.2,674,550,6.848,6.848,0.0,2284,2161,0.0,23.671,19.167,0.9865
37.6,0.29,42.94,0.876,0.1,0.1,12,644,4180,418,3762,0.1082,0.1,4180,0,563,465,301,258,137,2.1679,297,0,47,563,2910,0,0,0,707,0,0,0,0,0.0,707,0,68.09,130,0.9967,853,549,281,239,72,26,2.45,1232.4,974,250,3.113,3.698,0.585,2284,2161,0.0,34.101,8.737,0.4497
37.6,0.29,42.94,0.876,0.1,0.25,12,644,1672,418,1254,0.1082,0.25,1672,0,470,498,287,179,137,2.0949,287,0,31,470,1173,0,0,0,29,0,0,0,0,0.0,29,0,11.85,51,0.8321,801,502,235,191,49,17,7.5,1232.4,968,256,3.188,3.573,0.386,2284,2161,0.0,33.934,8.904,0.4583
37.6,0.29,42.94,0.876,0.1,0.5,12,644,836,418,418,0.1082,0.5,836,0,252,363,200,51,137,1.4672,201,0,5,252,584,0,0,0,0,0,0,0,0,0.0,0,0,2.5,22,0.4461,709,436,124,94,25,9,10.2,1232.4,1028,196,2.44,2.503,0.062,2284,2161,0.0,35.963,6.875,0.3539
37.6,0.29,42.94,0.876,0.1,0.75,12,644,502,418,84,0.1082,0.8327,502,0,159,305,150,8,137,1.1022,151,0,0,159,343,0,0,0,0,0,0,0,0,0.0,0,0,1.27,13,0.2815,684,413,78,57,12,5,10.47,1232.4,1073,151,1.88,1.88,0.0,2284,2161,0.0,37.535,5.302,0.2729
37.6,0.29,42.94,0.876,0.1,1.0,12,644,418,418,0,0.1082,1.0,418,0,137,275,136,0,137,1.0,137,0,0,137,281,0,0,0,0,0,0,0,0,0.0,0,0,0.97,11,0.2425,678,411,66,49,12,5,10.61,1232.4,1087,137,1.706,1.706,0.0,2284,2161,0.0,37.996,4.841,0.2492
37.6,0.29,42.94,0.876,0.25,0.1,12,644,9800,980,8820,0.2536,0.1,9790,10,563,461,316,234,316,0.9937,314,0,35,563,6678,0,0,0,2549,10,0,0,0,0.0,2549,0,173.03,260,0.9967,824,549,279,243,59,22,1.27,1232.4,945,279,3.474,3.91,0.436,2284,2161,0.0,33.148,9.689,0.4987
37.6,0.29,42.94,0.876,0.25,0.25,12,644,3920,980,2940,0.2536,0.25,3916,4,563,555,333,224,316,1.0475,331,0,31,563,2702,0,0,0,651,4,0,0,0,0.0,651,0,66.42,104,0.9967,816,536,279,242,56,24,1.71,1232.4,924,300,3.735,4.121,0.386,2284,2161,0.0,32.37,10.467,0.5387
37.6,0.29,42.94,0.876,0.25,0.5,12,644,1960,980,980,0.2536,0.5,1958,2,503,679,381,119,316,1.1994,379,0,17,503,1365,0,0,0,90,2,0,0,0,0.0,90,0,20.72,50,0.8905,760,470,258,193,55,16,5.22,1232.4,862,362,4.507,4.719,0.212,2284,2161,0.0,30.271,12.566,0.6468
37.6,0.29,42.94,0.876,0.25,0.75,12,644,1284,980,304,0.2536,0.7632,1283,1,390,668,350,39,316,1.1108,351,0,5,390,888,0,0,0,5,1,0,0,0,0.0,5,0,6.13,34,0.6904,706,427,206,137,35,15,8.78,1232.4,878,346,4.308,4.37,0.062,2284,2161,0.0,30.814,12.024,0.6189
37.6,0.29,42.94,0.876,0.25,1.0,12,644,980,980,0,0.2536,1.0,979,1,312,602,311,0,316,0.9873,312,0,0,312,665,0,0,0,2,1,0,0,0,0.0,2,0,3.37,24,0.5524,678,411,159,108,26,9,9.73,1232.4,912,312,3.885,3.885,0.0,2284,2161,0.0,31.945,10.893,0.5607
37.6,0.29,42.94,0.876,0.5,0.1,12,644,19470,1947,17523,0.5039,0.1,19450,20,563,451,322,226,602,0.5266,317,0,36,563,13054,0,0,0,5833,20,0,0,0,0.0,5833,0,348.35,470,0.9967,820,551,277,244,50,23,1.02,1232.4,943,281,3.499,3.947,0.448,2284,2161,0.0,33.047,9.791,0.5039
37.6,0.29,42.94,0.876,0.5,0.25,12,644,7788,1947,5841,0.5039,0.25,7780,8,563,520,346,201,602,0.5698,343,0,30,563,5339,0,0,0,1878,8,0,0,0,0.0,1878,0,138.11,188,0.9967,802,537,278,242,52,23,1.08,1232.4,911,313,3.897,4.271,0.374,2284,2161,0.0,31.932,10.906,0.5613
37.6,0.29,42.94,0.876,0.5,0.5,12,644,3894,1947,1947,0.5039,0.5,3890,4,559,694,412,144,602,0.6794,409,0,14,559,2711,0,0,0,620,4,0,0,0,0.0,620,0,65.72,93,0.9896,774,479,289,222,54,15,1.63,1232.4,829,395,4.918,5.093,0.174,2284,2161,0.0,29.055,13.782,0.7094
37.6,0.29,42.94,0.876,0.5,0.75,12,644,2598,1947,651,0.5039,0.7494,2595,3,545,841,476,67,602,0.7907,476,0,7,545,1821,0,0,0,229,3,0,0,0,0.0,229,0,37.13,62,0.9649,726,439,293,195,39,19,3.18,1232.4,755,469,5.84,5.927,0.087,2284,2161,0.0,26.557,16.281,0.838
37.6,0.29,42.94,0.876,0.5,1.0,12,644,1947,1947,0,0.5039,1.0,1945,2,503,936,502,0,602,0.8355,503,0,0,503,1346,0,0,0,96,2,0,0,0,0.0,96,0,19.84,47,0.8905,678,411,272,166,51,13,5.47,1232.4,721,503,6.263,6.263,0.0,2284,2161,0.0,25.449,17.389,0.895
37.6,0.29,42.94,0.876,0.75,0.1,12,644,28870,2887,25983,0.7472,0.1,28840,30,563,363,281,258,907,0.3032,275,0,38,563,18164,0,0,0,10113,30,0,0,0,0.0,10113,0,519.97,619,0.9967,846,569,277,244,59,31,1,1232.4,987,237,2.951,3.424,0.473,2284,2161,0.0,34.603,8.234,0.4238
37.6,0.29,42.94,0.876,0.75,0.25,12,644,11548,2887,8661,0.7472,0.25,11536,12,563,525,373,179,907,0.409,371,0,26,563,7893,0,0,0,3080,12,0,0,0,0.0,3080,0,206.19,245,0.9967,788,519,277,243,52,23,1.01,1232.4,879,345,4.296,4.619,0.324,2284,2161,0.0,30.791,12.047,0.6201
37.6,0.29,42.94,0.876,0.75,0.5,12,644,5774,2887,2887,0.7472,0.5,5768,6,563,677,420,139,907,0.4609,418,0,17,563,4026,0,0,0,1179,6,0,0,0,0.0,1179,0,101.56,123,0.9967,758,493,280,237,53,16,1.16,1232.4,823,401,4.993,5.205,0.212,2284,2161,0.0,28.827,14.011,0.7211
37.6,0.29,42.94,0.876,0.75,0.75,12,644,3861,2887,974,0.7472,0.7477,3857,4,555,789,476,74,907,0.5248,476,0,10,555,2692,0,0,0,610,4,0,0,0,0.0,610,0,65.11,82,0.9826,729,449,289,213,37,16,1.6,1232.4,758,466,5.802,5.927,0.125,2284,2161,0.0,26.588,16.25,0.8364
37.6,0.29,42.94,0.876,0.75,1.0,12,644,2887,2887,0,0.7472,1.0,2884,3,548,986,547,0,907,0.6042,548,0,0,548,1982,0,0,0,354,3,0,0,0,0.0,354,0,43.8,61,0.9702,678,411,291,195,45,16,2.61,1232.4,676,548,6.823,6.823,0.0,2284,2161,0.0,23.827,19.01,0.9784
37.6,0.29,42.94,0.876,1.0,0.1,12,644,38640,3864,34776,1.0,0.1,38580,60,563,219,176,353,1219,0.1411,172,0,52,563,21247,0,0,0,16770,60,0,0,0,0.0,16770,0,699.86,720,0.9967,908,624,277,244,58,34,1,1232.4,1104,120,1.494,2.142,0.647,2284,2161,0.0,38.653,4.184,0.2153
37.6,0.29,42.94,0.876,1.0,0.25,12,644,15456,3864,11592,1.0,0.25,15432,24,563,513,364,184,1219,0.297,362,0,26,563,10619,0,0,0,4250,24,0,0,0,0.0,4250,0,275.73,288,0.9967,796,520,276,242,60,16,1.0,1232.4,888,336,4.184,4.507,0.324,2284,2161,0.0,31.108,11.73,0.6037
37.6,0.29,42.94,0.876,1.0,0.5,12,644,7728,3864,3864,1.0,0.5,7716,12,563,641,423,128,1219,0.3454,421,0,18,563,5363,0,0,0,1790,12,0,0,0,0.0,1790,0,137.16,144,0.9967,751,498,276,240,53,16,1.04,1232.4,821,403,5.018,5.242,0.224,2284,2161,0.0,28.771,14.067,0.724
37.6,0.29,42.94,0.876,1.0,0.75,12,644,5152,3864,1288,1.0,0.75,5144,8,557,764,484,69,1219,0.3962,483,0,9,557,3594,0,0,0,993,8,0,0,0,0.0,993,0,89.43,96,0.9861,721,451,279,225,42,19,1.25,1232.4,750,474,5.902,6.014,0.112,2284,2161,0.0,26.295,16.543,0.8515
37.6,0.29,42.94,0.876,1.0,1.0,12,644,3864,3864,0,1.0,1.0,3858,6,557,963,555,0,1219,0.4569,557,0,0,557,2647,0,0,0,654,6,0,0,0,0.0,654,0,64.7,72,0.9861,678,411,276,218,43,18,1.65,1232.4,667,557,6.935,6.935,0.0,2284,2161,0.0,23.409,19.429,1.0
37.6,0.29,42.94,0.876,0.1,0.1,43,644,4180,418,3762,0.1082,0.1,4180,0,563,465,301,258,137,2.1679,297,0,47,563,2910,0,0,0,707,0,0,0,0,0.0,707,0,260.62,360,0.9967,853,549,281,239,72,26,2.45,4416.1,974,250,3.113,3.698,0.585,2284,2161,0.0,34.101,8.737,0.4497
37.6,0.29,42.94,0.876,0.1,0.25,43,644,1672,418,1254,0.1082,0.25,1672,0,472,499,290,178,137,2.1095,289,0,37,472,1182,0,0,0,18,0,0,0,0,0.0,18,0,52.39,119,0.8356,813,496,242,186,51,19,19.24,4416.1,972,252,3.138,3.598,0.461,2284,2161,0.0,34.045,8.792,0.4525
37.6,0.29,42.94,0.876,0.1,0.5,43,644,836,418,418,0.1082,0.5,836,0,242,353,197,44,137,1.4453,198,0,9,242,594,0,0,0,0,0,0,0,0,0.0,0,0,3.4,48,0.4284,706,436,117,86,24,12,39.02,4416.1,1035,189,2.353,2.465,0.112,2284,2161,0.0,36.193,6.645,0.342
37.6,0.29,42.94,0.876,0.1,0.75,43,644,502,418,84,0.1082,0.8327,502,0,157,296,148,8,137,1.0876,149,0,2,157,345,0,0,0,0,0,0,0,0,0.0,0,0,1.61,29,0.2779,685,414,77,51,17,8,39.23,4416.1,1077,147,1.83,1.855,0.025,2284,2161,0.0,37.681,5.157,0.2654
37.6,0.29,42.94,0.876,0.1,1.0,43,644,418,418,0,0.1082,1.0,418,0,135,266,134,0,137,0.9854,135,0,0,135,283,0,0,0,0,0,0,0,0,0.0,0,0,1.21,24,0.239,678,411,64,45,9,8,39.46,4416.1,1089,135,1.681,1.681,0.0,2284,2161,0.0,38.065,4.773,0.2457
37.6,0.29,42.94,0.876,0.25,0.1,43,644,9800,980,8820,0.2536,0.1,9790,10,563,461,316,234,316,0.9937,314,0,35,563,6678,0,0,0,2549,10,0,0,0,0.0,2549,0,623.82,760,0.9967,824,549,279,243,59,22,1.27,4416.1,945,279,3.474,3.91,0.436,2284,2161,0.0,33.148,9.689,0.4987
37.6,0.29,42.94,0.876,0.25,0.25,43,644,3920,980,2940,0.2536,0.25,3916,4,563,555,333,224,316,1.0475,331,0,31,563,2702,0,0,0,651,4,0,0,0,0.0,651,0,246.74,302,0.9967,816,536,279,242,56,24,1.71,4416.1,924,300,3.735,4.121,0.386,2284,2161,0.0,32.37,10.467,0.5387
37.6,0.29,42.94,0.876,0.25,0.5,43,644,1960,980,980,0.2536,0.5,1958,2,498,670,376,120,316,1.1835,374,0,20,498,1370,0,0,0,90,2,0,0,0,0.0,90,0,77.48,145,0.8816,762,471,255,191,47,16,14.88,4416.1,870,354,4.408,4.657,0.249,2284,2161,0.0,30.549,12.289,0.6325
37.6,0.29,42.94,0.876,0.25,0.75,43,644,1284,980,304,0.2536,0.7632,1283,1,385,655,347,37,316,1.1013,348,0,11,385,894,0,0,0,4,1,0,0,0,0.0,4,0,12.62,91,0.6816,710,427,204,129,40,12,34.92,4416.1,887,337,4.196,4.333,0.137,2284,2161,0.0,31.098,11.74,0.6043
37.6,0.29,42.94,0.876,0.25,1.0,43,644,980,980,0,0.2536,1.0,979,1,308,588,307,0,316,0.9747,308,0,1,308,669,0,0,0,2,1,0,0,0,0.0,2,0,6.09,68,0.5453,678,412,158,102,31,13,37.33,4416.1,917,307,3.823,3.835,0.012,2284,2161,0.0,32.108,10.729,0.5522
37.6,0.29,42.94,0.876,0.5,0.1,43,644,19470,1947,17523,0.5039,0.1,19450,20,563,451,322,226,602,0.5266,317,0,36,563,13054,0,0,0,5833,20,0,0,0,0.0,5833,0,1248.42,1497,0.9967,820,551,277,244,50,23,1.02,4416.1,943,281,3.499,3.947,0.448,2284,2161,0.0,33.047,9.791,0.5039
37.6,0.29,42.94,0.876,0.5,0.25,43,644,7788,1947,5841,0.5039,0.25,7780,8,563,520,346,201,602,0.5698,343,0,30,563,5339,0,0,0,1878,8,0,0,0,0.0,1878,0,498.14,596,0.9967,802,537,278,242,52,23,1.08,4416.1,911,313,3.897,4.271,0.374,2284,2161,0.0,31.932,10.906,0.5613
37.6,0.29,42.94,0.876,0.5,0.5,43,644,3894,1947,1947,0.5039,0.5,3890,4,559,694,412,144,602,0.6794,409,0,14,559,2711,0,0,0,620,4,0,0,0,0.0,620,0,245.73,300,0.9896,774,479,289,222,54,15,1.63,4416.1,829,395,4.918,5.093,0.174,2284,2161,0.0,29.055,13.782,0.7094
37.6,0.29,42.94,0.876,0.5,0.75,43,644,2598,1947,651,0.5039,0.7494,2595,3,552,849,482,68,602,0.8007,482,0,7,552,1820,0,0,0,223,3,0,0,0,0.0,223,0,155.72,197,0.9772,727,439,297,198,41,18,3.66,4416.1,749,475,5.914,6.001,0.087,2284,2161,0.0,26.363,16.475,0.848
37.6,0.29,42.94,0.876,0.5,1.0,43,644,1947,1947,0,0.5039,1.0,1945,2,504,935,503,0,602,0.8372,504,0,1,504,1347,0,0,0,94,2,0,0,0,0.0,94,0,78.33,149,0.8923,679,411,273,166,54,15,15.31,4416.1,721,503,6.263,6.275,0.012,2284,2161,0.0,25.453,17.385,0.8948
37.6,0.29,42.94,0.876,0.75,0.1,43,644,28870,2887,25983,0.7472,0.1,28840,30,563,363,281,258,907,0.3032,275,0,38,563,18164,0,0,0,10113,30,0,0,0,0.0,10113,0,1852.34,2078,0.9967,846,569,277,244,59,31,1,4416.1,987,237,2.951,3.424,0.473,2284,2161,0.0,34.603,8.234,0.4238
37.6,0.29,42.94,0.876,0.75,0.25,43,644,11548,2887,8661,0.7472,0.25,11536,12,563,525,373,179,907,0.409,371,0,26,563,7893,0,0,0,3080,12,0,0,0,0.0,3080,0,739.14,824,0.9967,788,519,277,243,52,23,1.01,4416.1,879,345,4.296,4.619,0.324,2284,2161,0.0,30.791,12.047,0.6201
37.6,0.29,42.94,0.876,0.75,0.5,43,644,5774,2887,2887,0.7472,0.5,5768,6,563,677,420,139,907,0.4609,418,0,17,563,4026,0,0,0,1179,6,0,0,0,0.0,1179,0,368.03,413,0.9967,758,493,280,237,53,16,1.16,4416.1,823,401,4.993,5.205,0.212,2284,2161,0.0,28.827,14.011,0.7211
37.6,0.29,42.94,0.876,0.75,0.75,43,644,3861,2887,974,0.7472,0.7477,3857,4,555,789,476,74,907,0.5248,476,0,10,555,2692,0,0,0,610,4,0,0,0,0.0,610,0,243.43,278,0.9826,729,449,289,213,37,16,1.6,4416.1,758,466,5.802,5.927,0.125,2284,2161,0.0,26.588,16.25,0.8364
37.6,0.29,42.94,0.876,0.75,1.0,43,644,2887,2887,0,0.7472,1.0,2884,3,554,989,553,0,907,0.6108,554,0,0,554,1982,0,0,0,348,3,0,0,0,0.0,348,0,174.96,205,0.9808,678,411,296,196,47,17,3.17,4416.1,670,554,6.898,6.898,0.0,2284,2161,0.0,23.637,19.201,0.9883
37.6,0.29,42.94,0.876,1.0,0.1,43,644,38640,3864,34776,1.0,0.1,38580,60,563,219,176,353,1219,0.1411,172,0,52,563,21247,0,0,0,16770,60,0,0,0,0.0,16770,0,2479.11,2580,0.9967,908,624,277,244,58,34,1,4416.1,1104,120,1.494,2.142,0.647,2284,2161,0.0,38.653,4.184,0.2153
37.6,0.29,42.94,0.876,1.0,0.25,43,644,15456,3864,11592,1.0,0.25,15432,24,563,513,364,184,1219,0.297,362,0,26,563,10619,0,0,0,4250,24,0,0,0,0.0,4250,0,987.43,1032,0.9967,796,520,276,242,60,16,1.0,4416.1,888,336,4.184,4.507,0.324,2284,2161,0.0,31.108,11.73,0.6037
37.6,0.29,42.94,0.876,1.0,0.5,43,644,7728,3864,3864,1.0,0.5,7716,12,563,641,423,128,1219,0.3454,421,0,18,563,5363,0,0,0,1790,12,0,0,0,0.0,1790,0,493.01,516,0.9967,751,498,276,240,53,16,1.04,4416.1,821,403,5.018,5.242,0.224,2284,2161,0.0,28.771,14.067,0.724
37.6,0.29,42.94,0.876,1.0,0.75,43,644,5152,3864,1288,1.0,0.75,5144,8,557,764,484,69,1219,0.3962,483,0,9,557,3594,0,0,0,993,8,0,0,0,0.0,993,0,326.66,344,0.9861,721,451,279,225,42,19,1.25,4416.1,750,474,5.902,6.014,0.112,2284,2161,0.0,26.295,16.543,0.8515
37.6,0.29,42.94,0.876,1.0,1.0,43,644,3864,3864,0,1.0,1.0,3858,6,557,963,555,0,1219,0.4569,557,0,0,557,2647,0,0,0,654,6,0,0,0,0.0,654,0,242.63,258,0.9861,678,411,276,218,43,18,1.65,4416.1,667,557,6.935,6.935,0.0,2284,2161,0.0,23.409,19.429,1.0
37.6,0.33,37.73,0.997,0.1,0.1,1,644,4180,418,3762,0.1082,0.1,0,4180,0,0,0,0,137,0.0,0,0,0,0,0,0,0,0,0,4180,0,0,0,0.0,0,0,0,0,0.0,678,411,0,0,0,0,0.0,102.7,1224,0,0.0,0.0,0.0,2284,2161,0.0,42.838,0.0,0.0
37.6,0.33,37.73,0.997,0.1,0.25,1,644,1672,418,1254,0.1082,0.25,0,1672,0,0,0,0,137,0.0,0,0,0,0,0,0,0,0,0,1672,0,0,0,0.0,0,0,0,0,0.0,678,411,0,0,0,0,0.0,102.7,1224,0,0.0,0.0,0.0,2284,2161,0.0,42.838,0.0,0.0
37.6,0.33,37.73,0.997,0.1,0.5,1,644,836,418,418,0.1082,0.5,0,836,0,0,0,0,137,0.0,0,0,0,0,0,0,0,0,0,836,0,0,0,0.0,0,0,0,0,0.0,678,411,0,0,0,0,0.0,102.7,1224,0,0.0,0.0,0.0,2284,2161,0.0,42.838,0.0,0.0
37.6,0.33,37.73,0.997,0.1,0.75,1,644,502,418,84,0.1082,0.8327,0,502,0,0,0,0,137,0.0,0,0,0,0,0,0,0,0,0,502,0,0,0,0.0,0,0,0,0,0.0,678,411,0,0,0,0,0.0,102.7,1224,0,0.0,0.0,0.0,2284,2161,0.0,42.838,0.0,0.0
37.6,0.33,37.73,0.997,0.1,1.0,1,644,418,418,0,0.1082,1.0,0,418,0,0,0,0,137,0.0,0,0,0,0,0,0,0,0,0,418,0,0,0,0.0,0,0,0,0,0.0,678,411,0,0,0,0,0.0,102.7,1224,0,0.0,0.0,0.0,2284,2161,0.0,42.838,0.0,0.0
37.6,0.33,37.73,0.997,0.25,0.1,1,644,9800,980,8820,0.2536,0.1,0,9800,0,0,0,0,316,0.0,0,0,0,0,0,0,0,0,0,9800,0,0,0,0.0,0,0,0,0,0.0,678,411,0,0,0,0,0.0,102.7,1224,0,0.0,0.0,0.0,2284,2161,0.0,42.838,0.0,0.0
37.6,0.33,37.73,0.997,0.25,0.25,1,644,3920,980,2940,0.2536,0.25,0,3920,0,0,0,0,316,0.0,0,0,0,0,0,0,0,0,0,3920,0,0,0,0.0,0,0,0,0,0.0,678,411,0,0,0,0,0.0,102.7,1224,0,0.0,0.0,0.0,2284,2161,0.0,42.838,0.0,0.0
37.6,0.33,37.73,0.997,0.25,0.5,1,644,1960,980,980,0.2536,0.5,0,1960,0,0,0,0,316,0.0,0,0,0,0,0,0,0,0,0,1960,0,0,0,0.0,0,0,0,0,0.0,678,411,0,0,0,0,0.0,102.7,1224,0,0.0,0.0,0.0,2284,2161,0.0,42.838,0.0,0.0
37.6,0.33,37.73,0.997,0.25,0.75,1,644,1284,980,304,0.2536,0.7632,0,1284,0,0,0,0,316,0.0,0,0,0,0,0,0,0,0,0,1284,0,0,0,0.0,0,0,0,0,0.0,678,411,0,0,0,0,0.0,102.7,1224,0,0.0,0.0,0.0,2284,2161,0.0,42.838,0.0,0.0
37.6,0.33,37.73,0.997,0.25,1.0,1,644,980,980,0,0.2536,1.0,0,980,0,0,0,0,316,0.0,0,0,0,0,0,0,0,0,0,980,0,0,0,0.0,0,0,0,0,0.0,678,411,0,0,0,0,0.0,102.7,1224,0,0.0,0.0,0.0,2284,2161,0.0,42.838,0.0,0.0
37.6,0.33,37.73,0.997,0.5,0.1,1,644,19470,1947,17523,0.5039,0.1,0,19470,0,0,0,0,602,0.0,0,0,0,0,0,0,0,0,0,19470,0,0,0,0.0,0,0,0,0,0.0,678,411,0,0,0,0,0.0,102.7,1224,0,0.0,0.0,0.0,2284,2161,0.0,42.838,0.0,0.0
37.6,0.33,37.73,0.997,0.5,0.25,1,644,7788,1947,5841,0.5039,0.25,0,7788,0,0,0,0,602,0.0,0,0,0,0,0,0,0,0,0,7788,0,0,0,0.0,0,0,0,0,0.0,678,411,0,0,0,0,0.0,102.7,1224,0,0.0,0.0,0.0,2284,2161,0.0,42.838,0.0,0.0
37.6,0.33,37.73,0.997,0.5,0.5,1,644,3894,1947,1947,0.5039,0.5,0,3894,0,0,0,0,602,0.0,0,0,0,0,0,0,0,0,0,3894,0,0,0,0.0,0,0,0,0,0.0,678,411,0,0,0,0,0.0,102.7,1224,0,0.0,0.0,0.0,2284,2161,0.0,42.838,0.0,0.0
37.6,0.33,37.73,0.997,0.5,0.75,1,644,2598,1947,651,0.5039,0.7494,0,2598,0,0,0,0,602,0.0,0,0,0,0,0,0,0,0,0,2598,0,0,0,0.0,0,0,0,0,0.0,678,411,0,0,0,0,0.0,102.7,1224,0,0.0,0.0,0.0,2284,2161,0.0,42.838,0.0,0.0
37.6,0.33,37.73,0.997,0.5,1.0,1,644,1947,1947,0,0.5039,1.0,0,1947,0,0,0,0,602,0.0,0,0,0,0,0,0,0,0,0,1947,0,0,0,0.0,0,0,0,0,0.0,678,411,0,0,0,0,0.0,102.7,1224,0,0.0,0.0,0.0,2284,2161,0.0,42.838,0.0,0.0
37.6,0.33,37.73,0.997,0.75,0.1,1,644,28870,2887,25983,0.7472,0.1,0,28870,0,0,0,0,907,0.0,0,0,0,0,0,0,0,0,0,28870,0,0,0,0.0,0,0,0,0,0.0,678,411,0,0,0,0,0.0,102.7,1224,0,0.0,0.0,0.0,2284,2161,0.0,42.838,0.0,0.0
37.6,0.33,37.73,0.997,0.75,0.25,1,644,11548,2887,8661,0.7472,0.25,0,11548,0,0,0,0,907,0.0,0,0,0,0,0,0,0,0,0,11548,0,0,0,0.0,0,0,0,0,0.0,678,411,0,0,0,0,0.0,102.7,1224,0,0.0,0.0,0.0,2284,2161,0.0,42.838,0.0,0.0
37.6,0.33,37.73,0.997,0.75,0.5,1,644,5774,2887,2887,0.7472,0.5,0,5774,0,0,0,0,907,0.0,0,0,0,0,0,0,0,0,0,5774,0,0,0,0.0,0,0,0,0,0.0,678,411,0,0,0,0,0.0,102.7,1224,0,0.0,0.0,0.0,2284,2161,0.0,42.838,0.0,0.0
37.6,0.33,37.73,0.997,0.75,0.75,1,644,3861,2887,974,0.7472,0.7477,0,3861,0,0,0,0,907,0.0,0,0,0,0,0,0,0,0,0,3861,0,0,0,0.0,0,0,0,0,0.0,678,411,0,0,0,0,0.0,102.7,1224,0,0.0,0.0,0.0,2284,2161,0.0,42.838,0.0,0.0
37.6,0.33,37.73,0.997,0.75,1.0,1,644,2887,2887,0,0.7472,1.0,0,2887,0,0,0,0,907,0.0,0,0,0,0,0,0,0,0,0,2887,0,0,0,0.0,0,0,0,0,0.0,678,411,0,0,0,0,0.0,102.7,1224,0,0.0,0.0,0.0,2284,2161,0.0,42.838,0.0,0.0
37.6,0.33,37.73,0.997,1.0,0.1,1,644,38640,3864,34776,1.0,0.1,0,38640,0,0,0,0,1219,0.0,0,0,0,0,0,0,0,0,0,38640,0,0,0,0.0,0,0,0,0,0.0,678,411,0,0,0,0,0.0,102.7,1224,0,0.0,0.0,0.0,2284,2161,0.0,42.838,0.0,0.0
37.6,0.33,37.73,0.997,1.0,0.25,1,644,15456,3864,11592,1.0,0.25,0,15456,0,0,0,0,1219,0.0,0,0,0,0,0,0,0,0,0,15456,0,0,0,0.0,0,0,0,0,0.0,678,411,0,0,0,0,0.0,102.7,1224,0,0.0,0.0,0.0,2284,2161,0.0,42.838,0.0,0.0
37.6,0.33,37.73,0.997,1.0,0.5,1,644,7728,3864,3864,1.0,0.5,0,7728,0,0,0,0,1219,0.0,0,0,0,0,0,0,0,0,0,7728,0,0,0,0.0,0,0,0,0,0.0,678,411,0,0,0,0,0.0,102.7,1224,0,0.0,0.0,0.0,2284,2161,0.0,42.838,0.0,0.0
37.6,0.33,37.73,0.997,1.0,0.75,1,644,5152,3864,1288,1.0,0.75,0,5152,0,0,0,0,1219,0.0,0,0,0,0,0,0,0,0,0,5152,0,0,0,0.0,0,0,0,0,0.0,678,411,0,0,0,0,0.0,102.7,1224,0,0.0,0.0,0.0,2284,2161,0.0,42.838,0.0,0.0
37.6,0.33,37.73,0.997,1.0,1.0,1,644,3864,3864,0,1.0,1.0,0,3864,0,0,0,0,1219,0.0,0,0,0,0,0,0,0,0,0,3864,0,0,0,0.0,0,0,0,0,0.0,678,411,0,0,0,0,0.0,102.7,1224,0,0.0,0.0,0.0,2284,2161,0.0,42.838,0.0,0.0
37.6,0.33,37.73,0.997,0.1,0.1,2,644,4180,418,3762,0.1082,0.1,4180,0,314,284,193,120,137,1.4015,192,0,14,314,2849,0,0,0,1017,0,0,0,0,0.0,1017,0,11.05,50,0.4885,748,477,146,139,24,13,1,205.4,1046,178,2.216,2.391,0.174,2284,2161,0.0,36.584,6.254,0.2833
37.6,0.33,37.73,0.997,0.1,0.25,2,644,1672,418,1254,0.1082,0.25,1672,0,254,266,171,83,137,1.2409,170,0,8,254,1155,0,0,0,263,0,0,0,0,0.0,263,0,4.11,16,0.3952,725,456,120,108,16,9,1,205.4,1062,162,2.017,2.117,0.1,2284,2161,0.0,37.209,5.628,0.255
37.6,0.33,37.73,0.997,0.1,0.5,2,644,836,418,418,0.1082,0.5,836,0,187,245,144,42,137,1.0584,145,0,3,187,579,0,0,0,70,0,0,0,0,0.0,70,0,1.88,8,0.2909,704,430,96,69,13,8,1,205.4,1082,142,1.768,1.805,0.037,2284,2161,0.0,37.852,4.985,0.2258
37.6,0.33,37.73,0.997,0.1,0.75,2,644,502,418,84,0.1082,0.8327,502,0,135,264,128,6,137,0.9416,129,0,0,135,341,0,0,0,26,0,0,0,0,0.0,26,0,1.09,6,0.21,682,413,70,48,11,4,1,205.4,1095,129,1.606,1.606,0.0,2284,2161,0.0,38.326,4.511,0.2044
37.6,0.33,37.73,0.997,0.1,1.0,2,644,418,418,0,0.1082,1.0,418,0,123,250,122,0,137,0.8978,123,0,0,123,281,0,0,0,14,0,0,0,0,0.0,14,0,0.88,4,0.1914,678,411,63,44,11,6,1,205.4,1101,123,1.531,1.531,0.0,2284,2161,0.0,38.509,4.329,0.1961
37.6,0.33,37.73,0.997,0.25,0.1,2,644,9800,980,8820,0.2536,0.1,9790,10,525,459,306,207,316,0.962,304,0,33,525,6629,0,0,0,2636,10,0,0,0,0.0,2636,0,26.25,70,0.8168,801,542,252,233,45,25,1,205.4,953,271,3.374,3.785,0.411,2284,2161,0.0,33.473,9.364,0.4242
37.6,0.33,37.73,0.997,0.25,0.25,2,644,3920,980,2940,0.2536,0.25,3916,4,457,485,293,161,316,0.9177,290,0,24,457,2692,0,0,0,767,4,0,0,0,0.0,767,0,9.96,28,0.711,776,504,220,197,52,18,1,205.4,958,266,3.312,3.611,0.299,2284,2161,0.0,33.6,9.238,0.4185
37.6,0.33,37.73,0.997,0.25,0.5,2,644,1960,980,980,0.2536,0.5,1958,2,371,495,284,86,316,0.8956,283,0,11,371,1352,0,0,0,235,2,0,0,0,0.0,235,0,4.7,15,0.5772,734,454,188,145,35,12,1,205.4,952,272,3.387,3.524,0.137,2284,2161,0.0,33.365,9.473,0.4292
37.6,0.33,37.73,0.997,0.25,0.75,2,644,1284,980,304,0.2536,0.7632,1283,1,284,489,255,29,316,0.8038,254,0,0,284,878,0,0,0,121,1,0,0,0,0.0,121,0,2.98,10,0.4418,697,422,149,103,22,11,1,205.4,970,254,3.163,3.163,0.0,2284,2161,0.0,33.986,8.852,0.401
37.6,0.33,37.73,0.997,0.25,1.0,2,644,980,980,0,0.2536,1.0,979,1,244,477,244,0,316,0.7722,244,0,0,244,665,0,0,0,70,1,0,0,0,0.0,70,0,2.18,7,0.3796,678,411,127,87,19,8,1,205.4,980,244,3.038,3.038,0.0,2284,2161,0.0,34.291,8.547,0.3872
37.6,0.33,37.73,0.997,0.5,0.1,2,644,19470,1947,17523,0.5039,0.1,19450,20,632,514,354,251,602,0.5698,343,0,42,632,13096,0,0,0,5722,20,0,0,0,0.0,5722,0,52.7,100,0.9833,855,565,312,272,72,28,1,205.4,923,301,3.748,4.271,0.523,2284,2161,0.0,32.355,10.483,0.4749
37.6,0.33,37.73,0.997,0.5,0.25,2,644,7788,1947,5841,0.5039,0.25,7780,8,603,566,371,213,602,0.6063,365,0,31,603,5355,0,0,0,1822,8,0,0,0,0.0,1822,0,20.37,39,0.9381,818,540,300,255,52,29,1,205.4,890,334,4.159,4.545,0.386,2284,2161,0.0,31.165,11.673,0.5288
37.6,0.33,37.73,0.997,0.5,0.5,2,644,3894,1947,1947,0.5039,0.5,3890,4,530,681,401,126,602,0.6611,398,0,16,530,2703,0,0,0,657,4,0,0,0,0.0,657,0,9.73,20,0.8246,769,468,274,205,47,20,1,205.4,842,382,4.756,4.956,0.199,2284,2161,0.0,29.513,13.324,0.6036
37.6,0.33,37.73,0.997,0.5,0.75,2,644,2598,1947,651,0.5039,0.7494,2595,3,445,687,393,52,602,0.6512,392,0,4,445,1819,0,0,0,331,3,0,0,0,0.0,331,0,6.22,13,0.6923,713,433,238,162,35,13,1,205.4,836,388,4.831,4.881,0.05,2284,2161,0.0,29.387,13.45,0.6093
37.6,0.33,37.73,0.997,0.5,1.0,2,644,1947,1947,0,0.5039,1.0,1945,2,390,739,390,0,602,0.6478,390,0,0,390,1346,0,0,0,209,2,0,0,0,0.0,209,0,4.52,10,0.6068,678,411,209,135,34,13,1,205.4,834,390,4.856,4.856,0.0,2284,2161,0.0,29.319,13.519,0.6125
37.6,0.33,37.73,0.997,0.75,0.1,2,644,28870,2887,25983,0.7472,0.1,28840,30,641,420,310,292,907,0.3363,305,0,50,641,18144,0,0,0,10055,30,0,0,0,0.0,10055,0,81.41,120,0.9973,878,597,317,277,60,29,1,205.4,969,255,3.175,3.798,0.623,2284,2161,0.0,33.931,8.907,0.4035
37.6,0.33,37.73,0.997,0.75,0.25,2,644,11548,2887,8661,0.7472,0.25,11536,12,635,594,404,207,907,0.4388,398,0,33,635,7903,0,0,0,2998,12,0,0,0,0.0,2998,0,30.69,48,0.9879,819,540,317,269,63,24,1,205.4,859,365,4.545,4.956,0.411,2284,2161,0.0,30.09,12.747,0.5775
37.6,0.33,37.73,0.997,0.75,0.5,2,644,5774,2887,2887,0.7472,0.5,5768,6,585,735,444,134,907,0.4862,441,0,17,585,4048,0,0,0,1135,6,0,0,0,0.0,1135,0,14.74,24,0.9101,766,484,300,234,57,18,1,205.4,800,424,5.279,5.491,0.212,2284,2161,0.0,28.044,14.794,0.6702
37.6,0.33,37.73,0.997,0.75,0.75,2,644,3861,2887,974,0.7472,0.7477,3857,4,523,750,456,63,907,0.5017,455,0,8,523,2697,0,0,0,637,4,0,0,0,0.0,637,0,9.59,16,0.8137,725,440,278,192,44,19,1,205.4,777,447,5.566,5.665,0.1,2284,2161,0.0,27.234,15.603,0.7069
37.6,0.33,37.73,0.997,0.75,1.0,2,644,2887,2887,0,0.7472,1.0,2884,3,474,852,474,0,907,0.5226,474,0,0,474,1982,0,0,0,428,3,0,0,0,0.0,428,0,7.0,12,0.7374,678,411,253,167,39,15,1,205.4,750,474,5.902,5.902,0.0,2284,2161,0.0,26.354,16.484,0.7468
37.6,0.33,37.73,0.997,1.0,0.1,2,644,38640,3864,34776,1.0,0.1,38580,60,641,237,188,409,1219,0.1518,185,0,62,641,21060,0,0,0,16879,60,0,0,0,0.0,16879,0,114.13,120,0.9973,945,662,317,277,67,32,1,205.4,1101,123,1.531,2.303,0.772,2284,2161,0.0,38.542,4.296,0.1946
37.6,0.33,37.73,0.997,1.0,0.25,2,644,15456,3864,11592,1.0,0.25,15432,24,638,581,402,207,1219,0.324,395,0,30,638,10632,0,0,0,4162,24,0,0,0,0.0,4162,0,41.26,48,0.9926,822,540,318,271,68,21,1,205.4,859,365,4.545,4.918,0.374,2284,2161,0.0,30.078,12.76,0.5781
37.6,0.33,37.73,0.997,1.0,0.5,2,644,7728,3864,3864,1.0,0.5,7716,12,625,726,468,141,1219,0.3815,465,0,22,625,5378,0,0,0,1713,12,0,0,0,0.0,1713,0,20.22,24,0.9724,771,500,313,259,63,26,1,205.4,781,443,5.516,5.79,0.274,2284,2161,0.0,27.338,15.5,0.7022
37.6,0.33,37.73,0.997,1.0,0.75,2,644,5152,3864,1288,1.0,0.75,5144,8,570,815,504,59,1219,0.4126,503,0,8,570,3599,0,0,0,975,8,0,0,0,0.0,975,0,13.12,16,0.8868,722,442,296,216,44,20,1,205.4,729,495,6.163,6.263,0.1,2284,2161,0.0,25.549,17.289,0.7833
37.6,0.33,37.73,0.997,1.0,1.0,2,644,3864,3864,0,1.0,1.0,3858,6,532,908,532,0,1219,0.4364,532,0,0,532,2647,0,0,0,679,6,0,0,0,0.0,679,0,9.67,12,0.8277,678,411,280,192,42,17,1,205.4,692,532,6.624,6.624,0.0,2284,2161,0.0,24.269,18.569,0.8413
37.6,0.33,37.73,0.997,0.1,0.1,3,644,4180,418,3762,0.1082,0.1,4180,0,467,383,253,210,137,1.8394,252,0,30,467,2887,0,0,0,826,0,0,0,0,0.0,826,0,15.38,51,0.7266,813,521,225,205,50,27,1.38,308.1,1002,222,2.764,3.138,0.374,2284,2161,0.0,35.092,7.746,0.3509
37.6,0.33,37.73,0.997,0.1,0.25,3,644,1672,418,1254,0.1082,0.25,1672,0,358,376,226,130,137,1.6496,226,0,18,358,1159,0,0,0,155,0,0,0,0,0.0,155,0,5.19,19,0.557,763,476,172,152,23,11,1.51,308.1,1016,208,2.59,2.814,0.224,2284,2161,0.0,35.586,7.251,0.3285
37.6,0.33,37.73,0.997,0.1,0.5,3,644,836,418,418,0.1082,0.5,836,0,230,325,183,46,137,1.3431,184,0,4,230,579,0,0,0,27,0,0,0,0,0.0,27,0,2.14,10,0.3578,706,433,118,84,17,8,1.72,308.1,1044,180,2.241,2.291,0.05,2284,2161,0.0,36.534,6.303,0.2856
37.6,0.33,37.73,0.997,0.1,0.75,3,644,502,418,84,0.1082,0.8327,502,0,154,290,145,8,137,1.0657,146,0,0,154,342,0,0,0,6,0,0,0,0,0.0,6,0,1.16,6,0.2396,684,413,79,56,11,6,1.84,308.1,1078,146,1.818,1.818,0.0,2284,2161,0.0,37.706,5.131,0.2325
37.6,0.33,37.73,0.997,0.1,1.0,3,644,418,418,0,0.1082,1.0,418,0,135,273,134,0,137,0.9854,135,0,0,135,281,0,0,0,2,0,0,0,0,0.0,2,0,0.91,4,0.21,678,411,67,50,10,3,1.9,308.1,1089,135,1.681,1.681,0.0,2284,2161,0.0,38.065,4.773,0.2162
37.6,0.33,37.73,0.997,0.25,0.1,3,644,9800,980,8820,0.2536,0.1,9790,10,612,506,344,249,316,1.0759,340,0,45,612,6678,0,0,0,2500,10,0,0,0,0.0,2500,0,39.96,94,0.9521,840,566,299,268,67,26,1.17,308.1,929,295,3.673,4.233,0.56,2284,2161,0.0,32.625,10.212,0.4626
37.6,0.33,37.73,0.997,0.25,0.25,3,644,3920,980,2940,0.2536,0.25,3916,4,562,575,343,212,316,1.0791,341,0,31,562,2696,0,0,0,658,4,0,0,0,0.0,658,0,14.54,38,0.8743,810,531,278,240,54,28,1.27,308.1,914,310,3.86,4.246,0.386,2284,2161,0.0,32.053,10.785,0.4886
37.6,0.33,37.73,0.997,0.25,0.5,3,644,1960,980,980,0.2536,0.5,1958,2,466,618,352,111,316,1.1108,351,0,15,466,1360,0,0,0,132,2,0,0,0,0.0,132,0,6.08,20,0.725,752,467,236,183,48,18,1.52,308.1,888,336,4.184,4.37,0.187,2284,2161,0.0,31.154,11.684,0.5293
37.6,0.33,37.73,0.997,0.25,0.75,3,644,1284,980,304,0.2536,0.7632,1283,1,354,606,316,37,316,1.0,316,0,3,354,883,0,0,0,46,1,0,0,0,0.0,46,0,3.58,13,0.5507,704,426,188,124,27,18,1.64,308.1,911,313,3.897,3.935,0.037,2284,2161,0.0,31.945,10.893,0.4935
37.6,0.33,37.73,0.997,0.25,1.0,3,644,980,980,0,0.2536,1.0,979,1,293,568,292,0,316,0.9272,293,0,0,293,665,0,0,0,21,1,0,0,0,0.0,21,0,2.49,9,0.4558,678,411,152,102,26,8,1.71,308.1,931,293,3.648,3.648,0.0,2284,2161,0.0,32.608,10.23,0.4635
37.6,0.33,37.73,0.997,0.5,0.1,3,644,19470,1947,17523,0.5039,0.1,19450,20,641,520,357,256,602,0.5748,346,0,43,641,13100,0,0,0,5709,20,0,0,0,0.0,5709,0,82.61,133,0.9973,860,567,316,276,74,29,1.01,308.1,921,303,3.773,4.308,0.535,2284,2161,0.0,32.28,10.558,0.4783
37.6,0.33,37.73,0.997,0.5,0.25,3,644,7788,1947,5841,0.5039,0.25,7780,8,636,576,381,233,602,0.6229,375,0,33,636,5360,0,0,0,1784,8,0,0,0,0.0,1784,0,31.92,55,0.9895,831,552,317,270,74,27,1.06,308.1,882,342,4.258,4.669,0.411,2284,2161,0.0,30.914,11.923,0.5402
37.6,0.33,37.73,0.997,0.5,0.5,3,644,3894,1947,1947,0.5039,0.5,3890,4,595,748,443,147,602,0.7309,440,0,18,595,2718,0,0,0,577,4,0,0,0,0.0,577,0,14.33,28,0.9257,782,480,307,234,56,17,1.24,308.1,802,422,5.254,5.479,0.224,2284,2161,0.0,28.138,14.7,0.666
37.6,0.33,37.73,0.997,0.5,0.75,3,644,2598,1947,651,0.5039,0.7494,2595,3,526,832,462,62,602,0.7674,462,0,8,526,1825,0,0,0,244,3,0,0,0,0.0,244,0,8.55,19,0.8183,723,438,279,191,42,19,1.38,308.1,770,454,5.653,5.752,0.1,2284,2161,0.0,27.091,15.746,0.7134
37.6,0.33,37.73,0.997,0.5,1.0,3,644,1947,1947,0,0.5039,1.0,1945,2,464,870,463,0,602,0.7708,464,0,0,464,1346,0,0,0,135,2,0,0,0,0.0,135,0,5.95,14,0.7219,678,411,248,160,46,16,1.45,308.1,760,464,5.777,5.777,0.0,2284,2161,0.0,26.811,16.026,0.726
37.6,0.33,37.73,0.997,0.75,0.1,3,644,28870,2887,25983,0.7472,0.1,28840,30,641,420,310,292,907,0.3363,305,0,50,641,18144,0,0,0,10055,30,0,0,0,0.0,10055,0,126.08,175,0.9973,878,597,317,277,60,29,1,308.1,969,255,3.175,3.798,0.623,2284,2161,0.0,33.931,8.907,0.4035
37.6,0.33,37.73,0.997,0.75,0.25,3,644,11548,2887,8661,0.7472,0.25,11536,12,641,599,407,210,907,0.4421,401,0,33,641,7907,0,0,0,2988,12,0,0,0,0.0,2988,0,48.4,70,0.9973,820,542,317,275,58,25,1.01,308.1,856,368,4.582,4.993,0.411,2284,2161,0.0,29.99,12.847,0.582
37.6,0.33,37.73,0.997,0.75,0.5,3,644,5774,2887,2887,0.7472,0.5,5768,6,631,759,462,161,907,0.505,458,0,19,631,4041,0,0,0,1096,6,0,0,0,0.0,1096,0,22.95,36,0.9817,775,506,315,264,62,17,1.1,308.1,785,439,5.466,5.703,0.237,2284,2161,0.0,27.51,15.327,0.6944
37.6,0.33,37.73,0.997,0.75,0.75,3,644,3861,2887,974,0.7472,0.7477,3857,4,591,867,507,80,907,0.5568,505,0,9,591,2696,0,0,0,570,4,0,0,0,0.0,570,0,14.24,23,0.9195,733,451,307,225,49,15,1.22,308.1,728,496,6.176,6.288,0.112,2284,2161,0.0,25.571,17.266,0.7822
37.6,0.33,37.73,0.997,0.75,1.0,3,644,2887,2887,0,0.7472,1.0,2884,3,546,999,545,0,907,0.602,546,0,0,546,1982,0,0,0,356,3,0,0,0,0.0,356,0,9.99,17,0.8495,678,411,284,198,44,21,1.29,308.1,678,546,6.798,6.798,0.0,2284,2161,0.0,23.902,18.936,0.8579
37.6,0.33,37.73,0.997,1.0,0.1,3,644,38640,3864,34776,1.0,0.1,38580,60,641,237,188,409,1219,0.1518,185,0,62,641,21060,0,0,0,16879,60,0,0,0,0.0,16879,0,173.84,180,0.9973,945,662,317,277,67,32,1,308.1,1101,123,1.531,2.303,0.772,2284,2161,0.0,38.542,4.296,0.1946
37.6,0.33,37.73,0.997,1.0,0.25,3,644,15456,3864,11592,1.0,0.25,15432,24,641,585,404,208,1219,0.3257,397,0,30,641,10636,0,0,0,4155,24,0,0,0,0.0,4155,0,65.0,72,0.9973,822,541,317,275,68,23,1.01,308.1,857,367,4.57,4.943,0.374,2284,2161,0.0,30.009,12.829,0.5812
37.6,0.33,37.73,0.997,1.0,0.5,3,644,7728,3864,3864,1.0,0.5,7716,12,639,726,471,152,1219,0.3831,467,0,21,639,5382,0,0,0,1695,12,0,0,0,0.0,1695,0,31.84,36,0.9941,773,509,317,269,61,24,1.03,308.1,778,446,5.553,5.815,0.261,2284,2161,0.0,27.235,15.603,0.7069
37.6,0.33,37.73,0.997,1.0,0.75,3,644,5152,3864,1288,1.0,0.75,5144,8,620,880,539,73,1219,0.4405,537,0,11,620,3604,0,0,0,920,8,0,0,0,0.0,920,0,20.1,24,0.9646,731,452,314,245,53,18,1.13,308.1,698,526,6.549,6.686,0.137,2284,2161,0.0,24.453,18.384,0.8329
37.6,0.33,37.73,0.997,1.0,1.0,3,644,3864,3864,0,1.0,1.0,3858,6,588,1012,586,0,1219,0.4824,588,0,0,588,2647,0,0,0,623,6,0,0,0,0.0,623,0,14.36,18,0.9148,678,411,300,220,47,20,1.19,308.1,636,588,7.321,7.321,0.0,2284,2161,0.0,22.336,20.501,0.9288
37.6,0.33,37.73,0.997,0.1,0.1,6,644,4180,418,3762,0.1082,0.1,4180,0,604,481,310,289,137,2.2336,306,0,50,604,2919,0,0,0,657,0,0,0,0,0.0,657,0,30.93,90,0.9397,873,564,301,259,79,29,2.15,616.2,968,256,3.188,3.81,0.623,2284,2161,0.0,33.886,8.952,0.4056
37.6,0.33,37.73,0.997,0.1,0.25,6,644,1672,418,1254,0.1082,0.25,1672,0,458,464,273,181,137,1.9854,272,0,25,458,1159,0,0,0,55,0,0,0,0,0.0,55,0,7.7,29,0.7125,799,501,229,186,37,19,3.39,616.2,977,247,3.075,3.387,0.311,2284,2161,0.0,34.229,8.609,0.39
37.6,0.33,37.73,0.997,0.1,0.5,6,644,836,418,418,0.1082,0.5,836,0,253,361,198,54,137,1.4526,199,0,5,253,581,0,0,0,2,0,0,0,0,0.0,2,0,2.34,9,0.3936,711,437,127,94,17,9,4.4,616.2,1030,194,2.416,2.478,0.062,2284,2161,0.0,36.029,6.808,0.3084
37.6,0.33,37.73,0.997,0.1,0.75,6,644,502,418,84,0.1082,0.8327,502,0,159,305,150,8,137,1.1022,151,0,0,159,343,0,0,0,0,0,0,0,0,0.0,0,0,1.19,6,0.2474,684,413,78,59,14,4,4.69,616.2,1073,151,1.88,1.88,0.0,2284,2161,0.0,37.535,5.302,0.2402
37.6,0.33,37.73,0.997,0.1,1.0,6,644,418,418,0,0.1082,1.0,418,0,137,275,136,0,137,1.0,137,0,0,137,281,0,0,0,0,0,0,0,0,0.0,0,0,0.93,4,0.2131,678,411,66,50,13,7,4.8,616.2,1087,137,1.706,1.706,0.0,2284,2161,0.0,37.996,4.841,0.2193
37.6,0.33,37.73,0.997,0.25,0.1,6,644,9800,980,8820,0.2536,0.1,9790,10,641,518,353,268,316,1.1044,349,0,51,641,6702,0,0,0,2447,10,0,0,0,0.0,2447,0,84.6,150,0.9973,858,574,319,277,67,38,1.28,616.2,926,298,3.71,4.345,0.635,2284,2161,0.0,32.497,10.341,0.4685
37.6,0.33,37.73,0.997,0.25,0.25,6,644,3920,980,2940,0.2536,0.25,3916,4,634,628,374,253,316,1.1772,372,0,37,634,2715,0,0,0,567,4,0,0,0,0.0,567,0,30.63,60,0.9864,835,553,314,272,70,27,1.72,616.2,889,335,4.171,4.632,0.461,2284,2161,0.0,31.18,11.657,0.5281
37.6,0.33,37.73,0.997,0.25,0.5,6,644,1960,980,980,0.2536,0.5,1958,2,520,706,397,120,316,1.25,395,0,20,520,1370,0,0,0,68,2,0,0,0,0.0,68,0,9.49,30,0.809,760,474,267,201,53,20,3.23,616.2,849,375,4.669,4.918,0.249,2284,2161,0.0,29.842,12.995,0.5887
37.6,0.33,37.73,0.997,0.25,0.75,6,644,1284,980,304,0.2536,0.7632,1283,1,392,667,350,41,316,1.1076,350,0,3,392,885,0,0,0,6,1,0,0,0,0.0,6,0,4.56,20,0.6099,708,426,209,136,35,18,3.88,616.2,877,347,4.321,4.358,0.037,2284,2161,0.0,30.788,12.049,0.5459
37.6,0.33,37.73,0.997,0.25,1.0,6,644,980,980,0,0.2536,1.0,979,1,312,603,311,0,316,0.9873,312,0,0,312,665,0,0,0,2,1,0,0,0,0.0,2,0,2.87,14,0.4854,678,411,159,109,27,12,4.27,616.2,912,312,3.885,3.885,0.0,2284,2161,0.0,31.951,10.887,0.4932
37.6,0.33,37.73,0.997,0.5,0.1,6,644,19470,1947,17523,0.5039,0.1,19450,20,641,521,357,256,602,0.5748,346,0,43,641,13103,0,0,0,5706,20,0,0,0,0.0,5706,0,172.62,244,0.9973,860,567,317,275,73,27,1.02,616.2,921,303,3.773,4.308,0.535,2284,2161,0.0,32.28,10.558,0.4783
37.6,0.33,37.73,0.997,0.5,0.25,6,644,7788,1947,5841,0.5039,0.25,7780,8,641,582,384,235,602,0.6279,378,0,35,641,5362,0,0,0,1777,8,0,0,0,0.0,1777,0,67.74,101,0.9973,835,552,320,272,64,26,1.09,616.2,881,343,4.271,4.707,0.436,2284,2161,0.0,30.894,11.944,0.5411
37.6,0.33,37.73,0.997,0.5,0.5,6,644,3894,1947,1947,0.5039,0.5,3890,4,627,786,468,151,602,0.7724,465,0,18,627,2719,0,0,0,544,4,0,0,0,0.0,544,0,30.63,51,0.9755,783,486,323,250,63,17,1.54,616.2,777,447,5.566,5.79,0.224,2284,2161,0.0,27.231,15.607,0.7071
37.6,0.33,37.73,0.997,0.5,0.75,6,644,2598,1947,651,0.5039,0.7494,2595,3,581,921,510,68,602,0.8472,510,0,9,581,1827,0,0,0,187,3,0,0,0,0.0,187,0,16.44,34,0.9039,728,441,308,210,54,21,2.31,616.2,723,501,6.238,6.35,0.112,2284,2161,0.0,25.444,17.394,0.788
37.6,0.33,37.73,0.997,0.5,1.0,6,644,1947,1947,0,0.5039,1.0,1945,2,514,962,513,0,602,0.8538,514,0,0,514,1346,0,0,0,85,2,0,0,0,0.0,85,0,10.02,26,0.7997,678,411,274,176,44,18,2.88,616.2,710,514,6.4,6.4,0.0,2284,2161,0.0,25.049,17.789,0.8059
37.6,0.33,37.73,0.997,0.75,0.1,6,644,28870,2887,25983,0.7472,0.1,28840,30,641,420,310,292,907,0.3363,305,0,50,641,18144,0,0,0,10055,30,0,0,0,0.0,10055,0,259.76,336,0.9973,878,597,317,277,60,29,1,616.2,969,255,3.175,3.798,0.623,2284,2161,0.0,33.931,8.907,0.4035
37.6,0.33,37.73,0.997,0.75,0.25,6,644,11548,2887,8661,0.7472,0.25,11536,12,641,599,407,210,907,0.4421,401,0,33,641,7907,0,0,0,2988,12,0,0,0,0.0,2988,0,101.87,130,0.9973,820,542,317,275,58,25,1.01,616.2,856,368,4.582,4.993,0.411,2284,2161,0.0,29.99,12.847,0.582
37.6,0.33,37.73,0.997,0.75,0.5,6,644,5774,2887,2887,0.7472,0.5,5768,6,641,767,468,165,907,0.5116,464,0,20,641,4040,0,0,0,1087,6,0,0,0,0.0,1087,0,49.08,67,0.9973,777,509,321,268,69,17,1.19,616.2,780,444,5.528,5.777,0.249,2284,2161,0.0,27.32,15.518,0.703
37.6,0.33,37.73,0.997,0.75,0.75,6,644,3861,2887,974,0.7472,0.7477,3857,4,623,918,537,80,907,0.5899,535,0,9,623,2697,0,0,0,537,4,0,0,0,0.0,537,0,30.27,46,0.9693,735,451,327,235,54,18,1.54,616.2,698,526,6.549,6.661,0.112,2284,2161,0.0,24.512,18.326,0.8302
37.6,0.33,37.73,0.997,0.75,1.0,6,644,2887,2887,0,0.7472,1.0,2884,3,593,1085,591,0,907,0.6538,593,0,0,593,1982,0,0,0,309,3,0,0,0,0.0,309,0,19.66,34,0.9226,678,411,312,211,53,22,2.04,616.2,631,593,7.384,7.384,0.0,2284,2161,0.0,22.282,20.556,0.9313
37.6,0.33,37.73,0.997,1.0,0.1,6,644,38640,3864,34776,1.0,0.1,38580,60,641,237,188,409,1219,0.1518,185,0,62,641,21060,0,0,0,16879,60,0,0,0,0.0,16879,0,352.44,360,0.9973,945,662,317,277,67,32,1,616.2,1101,123,1.531,2.303,0.772,2284,2161,0.0,38.542,4.296,0.1946
37.6,0.33,37.73,0.997,1.0,0.25,6,644,15456,3864,11592,1.0,0.25,15432,24,641,585,404,208,1219,0.3257,397,0,30,641,10636,0,0,0,4155,24,0,0,0,0.0,4155,0,136.44,144,0.9973,822,541,317,275,68,23,1.01,616.2,857,367,4.57,4.943,0.374,2284,2161,0.0,30.009,12.829,0.5812
37.6,0.33,37.73,0.997,1.0,0.5,6,644,7728,3864,3864,1.0,0.5,7716,12,641,726,471,154,1219,0.3831,467,0,21,641,5382,0,0,0,1693,12,0,0,0,0.0,1693,0,67.42,72,0.9973,773,511,316,272,61,23,1.05,616.2,778,446,5.553,5.815,0.261,2284,2161,0.0,27.243,15.595,0.7065
37.6,0.33,37.73,0.997,1.0,0.75,6,644,5152,3864,1288,1.0,0.75,5144,8,631,891,548,75,1219,0.4479,546,0,11,631,3606,0,0,0,907,8,0,0,0,0.0,907,0,42.69,48,0.9817,731,454,321,249,55,18,1.27,616.2,689,535,6.661,6.798,0.137,2284,2161,0.0,24.125,18.713,0.8478
37.6,0.33,37.73,0.997,1.0,1.0,6,644,3864,3864,0,1.0,1.0,3858,6,622,1086,620,0,1219,0.5103,622,0,0,622,2647,0,0,0,589,6,0,0,0,0.0,589,0,29.84,36,0.9677,678,411,313,237,48,21,1.58,616.2,602,622,7.745,7.745,0.0,2284,2161,0.0,21.159,21.679,0.9822
37.6,0.33,37.73,0.997,0.1,0.1,12,644,4180,418,3762,0.1082,0.1,4180,0,640,516,329,304,137,2.365,324,0,53,640,2933,0,0,0,607,0,0,0,0,0.0,607,0,67.39,130,0.9957,890,568,326,268,85,35,2.59,1232.4,953,271,3.374,4.034,0.66,2284,2161,0.0,33.345,9.493,0.4301
37.6,0.33,37.73,0.997,0.1,0.25,12,644,1672,418,1254,0.1082,0.25,1672,0,480,509,292,184,137,2.1314,292,0,31,480,1177,0,0,0,15,0,0,0,0,0.0,15,0,9.52,51,0.7468,805,503,240,195,47,24,8.41,1232.4,963,261,3.25,3.636,0.386,2284,2161,0.0,33.769,9.069,0.4109
37.6,0.33,37.73,0.997,0.1,0.5,12,644,836,418,418,0.1082,0.5,836,0,252,363,200,51,137,1.4672,201,0,5,252,584,0,0,0,0,0,0,0,0,0.0,0,0,2.47,22,0.3921,709,436,124,94,25,9,10.23,1232.4,1028,196,2.44,2.503,0.062,2284,2161,0.0,35.963,6.875,0.3115
37.6,0.33,37.73,0.997,0.1,0.75,12,644,502,418,84,0.1082,0.8327,502,0,159,305,150,8,137,1.1022,151,0,0,159,343,0,0,0,0,0,0,0,0,0.0,0,0,1.27,13,0.2474,684,413,78,57,12,5,10.48,1232.4,1073,151,1.88,1.88,0.0,2284,2161,0.0,37.535,5.302,0.2402
37.6,0.33,37.73,0.997,0.1,1.0,12,644,418,418,0,0.1082,1.0,418,0,137,275,136,0,137,1.0,137,0,0,137,281,0,0,0,0,0,0,0,0,0.0,0,0,0.97,11,0.2131,678,411,66,49,12,5,10.61,1232.4,1087,137,1.706,1.706,0.0,2284,2161,0.0,37.996,4.841,0.2193
37.6,0.33,37.73,0.997,0.25,0.1,12,644,9800,980,8820,0.2536,0.1,9790,10,641,519,353,268,316,1.1044,349,0,51,641,6702,0,0,0,2447,10,0,0,0,0.0,2447,0,174.66,260,0.9973,858,574,319,277,68,38,1.29,1232.4,926,298,3.71,4.345,0.635,2284,2161,0.0,32.499,10.338,0.4684
37.6,0.33,37.73,0.997,0.25,0.25,12,644,3920,980,2940,0.2536,0.25,3916,4,641,627,375,257,316,1.1804,373,0,38,641,2715,0,0,0,560,4,0,0,0,0.0,560,0,66.2,104,0.9973,839,556,318,275,65,27,1.85,1232.4,889,335,4.171,4.644,0.473,2284,2161,0.0,31.176,11.662,0.5283
37.6,0.33,37.73,0.997,0.25,0.5,12,644,1960,980,980,0.2536,0.5,1958,2,538,734,414,121,316,1.3038,412,0,21,538,1371,0,0,0,49,2,0,0,0,0.0,49,0,17.48,50,0.837,762,474,276,207,57,19,6.1,1232.4,833,391,4.868,5.13,0.261,2284,2161,0.0,29.242,13.596,0.616
37.6,0.33,37.73,0.997,0.25,0.75,12,644,1284,980,304,0.2536,0.7632,1283,1,392,672,353,38,316,1.1203,354,0,5,392,889,0,0,0,2,1,0,0,0,0.0,2,0,5.05,34,0.6099,705,427,206,138,34,15,9.46,1232.4,875,349,4.345,4.408,0.062,2284,2161,0.0,30.712,12.126,0.5494
37.6,0.33,37.73,0.997,0.25,1.0,12,644,980,980,0,0.2536,1.0,979,1,313,604,312,0,316,0.9905,313,0,0,313,665,0,0,0,1,1,0,0,0,0.0,1,0,3.14,24,0.487,678,411,159,108,27,8,9.94,1232.4,911,313,3.897,3.897,0.0,2284,2161,0.0,31.911,10.927,0.495
37.6,0.33,37.73,0.997,0.5,0.1,12,644,19470,1947,17523,0.5039,0.1,19450,20,641,521,357,256,602,0.5748,346,0,43,641,13103,0,0,0,5706,20,0,0,0,0.0,5706,0,351.71,467,0.9973,860,567,317,275,73,27,1.02,1232.4,921,303,3.773,4.308,0.535,2284,2161,0.0,32.28,10.558,0.4783
37.6,0.33,37.73,0.997,0.5,0.25,12,644,7788,1947,5841,0.5039,0.25,7780,8,641,582,384,235,602,0.6279,378,0,35,641,5362,0,0,0,1777,8,0,0,0,0.0,1777,0,139.37,188,0.9973,835,552,320,272,64,26,1.09,1232.4,881,343,4.271,4.707,0.436,2284,2161,0.0,30.894,11.944,0.5411
37.6,0.33,37.73,0.997,0.5,0.5,12,644,3894,1947,1947,0.5039,0.5,3890,4,634,792,473,153,602,0.7807,470,0,18,634,2719,0,0,0,537,4,0,0,0,0.0,537,0,65.6,93,0.9864,785,486,330,250,62,17,1.72,1232.4,772,452,5.628,5.852,0.224,2284,2161,0.0,27.06,15.778,0.7148
37.6,0.33,37.73,0.997,0.5,0.75,12,644,2598,1947,651,0.5039,0.7494,2595,3,607,954,530,73,602,0.8804,530,0,9,607,1827,0,0,0,161,3,0,0,0,0.0,161,0,32.89,62,0.9444,734,441,331,212,55,19,4.15,1232.4,703,521,6.487,6.599,0.112,2284,2161,0.0,24.754,18.084,0.8193
37.6,0.33,37.73,0.997,0.5,1.0,12,644,1947,1947,0,0.5039,1.0,1945,2,533,985,532,0,602,0.8854,533,0,0,533,1346,0,0,0,66,2,0,0,0,0.0,66,0,17.01,47,0.8292,678,411,290,177,53,13,6.2,1232.4,691,533,6.636,6.636,0.0,2284,2161,0.0,24.402,18.436,0.8352
37.6,0.33,37.73,0.997,0.75,0.1,12,644,28870,2887,25983,0.7472,0.1,28840,30,641,420,310,292,907,0.3363,305,0,50,641,18144,0,0,0,10055,30,0,0,0,0.0,10055,0,525.45,619,0.9973,878,597,317,277,60,29,1,1232.4,969,255,3.175,3.798,0.623,2284,2161,0.0,33.931,8.907,0.4035
37.6,0.33,37.73,0.997,0.75,0.25,12,644,11548,2887,8661,0.7472,0.25,11536,12,641,599,407,210,907,0.4421,401,0,33,641,7907,0,0,0,2988,12,0,0,0,0.0,2988,0,208.15,245,0.9973,820,542,317,275,58,25,1.01,1232.4,856,368,4.582,4.993,0.411,2284,2161,0.0,29.99,12.847,0.582
37.6,0.33,37.73,0.997,0.75,0.5,12,644,5774,2887,2887,0.7472,0.5,5768,6,641,767,468,165,907,0.5116,464,0,20,641,4040,0,0,0,1087,6,0,0,0,0.0,1087,0,102.21,123,0.9973,777,509,321,268,69,17,1.19,1232.4,780,444,5.528,5.777,0.249,2284,2161,0.0,27.32,15.518,0.703
37.6,0.33,37.73,0.997,0.75,0.75,12,644,3861,2887,974,0.7472,0.7477,3857,4,631,926,544,81,907,0.5976,542,0,10,631,2697,0,0,0,529,4,0,0,0,0.0,529,0,64.93,82,0.9817,737,451,335,235,55,18,1.72,1232.4,692,532,6.624,6.749,0.125,2284,2161,0.0,24.309,18.529,0.8394
37.6,0.33,37.73,0.997,0.75,1.0,12,644,2887,2887,0,0.7472,1.0,2884,3,615,1109,613,0,907,0.6781,615,0,0,615,1982,0,0,0,287,3,0,0,0,0.0,287,0,41.67,61,0.9568,678,411,333,211,53,21,3.06,1232.4,609,615,7.657,7.657,0.0,2284,2161,0.0,21.523,21.314,0.9656
37.6,0.33,37.73,0.997,1.0,0.1,12,644,38640,3864,34776,1.0,0.1,38580,60,641,237,188,409,1219,0.1518,185,0,62,641,21060,0,0,0,16879,60,0,0,0,0.0,16879,0,707.14,720,0.9973,945,662,317,277,67,32,1,1232.4,1101,123,1.531,2.303,0.772,2284,2161,0.0,38.542,4.296,0.1946
37.6,0.33,37.73,0.997,1.0,0.25,12,644,15456,3864,11592,1.0,0.25,15432,24,641,585,404,208,1219,0.3257,397,0,30,641,10636,0,0,0,4155,24,0,0,0,0.0,4155,0,278.32,288,0.9973,822,541,317,275,68,23,1.01,1232.4,857,367,4.57,4.943,0.374,2284,2161,0.0,30.009,12.829,0.5812
37.6,0.33,37.73,0.997,1.0,0.5,12,644,7728,3864,3864,1.0,0.5,7716,12,641,726,471,154,1219,0.3831,467,0,21,641,5382,0,0,0,1693,12,0,0,0,0.0,1693,0,138.36,144,0.9973,773,511,316,272,61,23,1.05,1232.4,778,446,5.553,5.815,0.261,2284,2161,0.0,27.243,15.595,0.7065
37.6,0.33,37.73,0.997,1.0,0.75,12,644,5152,3864,1288,1.0,0.75,5144,8,632,892,549,75,1219,0.4487,547,0,11,632,3606,0,0,0,906,8,0,0,0,0.0,906,0,89.53,96,0.9833,731,454,322,249,54,18,1.32,1232.4,688,536,6.674,6.811,0.137,2284,2161,0.0,24.088,18.75,0.8495
37.6,0.33,37.73,0.997,1.0,1.0,12,644,3864,3864,0,1.0,1.0,3858,6,633,1105,631,0,1219,0.5193,633,0,0,633,2647,0,0,0,578,6,0,0,0,0.0,578,0,64.12,72,0.9848,678,411,324,237,50,21,1.85,1232.4,591,633,7.882,7.882,0.0,2284,2161,0.0,20.765,22.073,1.0
37.6,0.33,37.73,0.997,0.1,0.1,43,644,4180,418,3762,0.1082,0.1,4180,0,640,516,329,304,137,2.365,324,0,53,640,2933,0,0,0,607,0,0,0,0,0.0,607,0,259.92,359,0.9957,890,568,326,268,85,35,2.59,4416.1,953,271,3.374,4.034,0.66,2284,2161,0.0,33.345,9.493,0.4301
37.6,0.33,37.73,0.997,0.1,0.25,43,644,1672,418,1254,0.1082,0.25,1672,0,470,502,288,178,137,2.0949,287,0,39,470,1191,0,0,0,11,0,0,0,0,0.0,11,0,23.8,111,0.7312,816,495,241,184,50,20,31.14,4416.1,976,248,3.088,3.573,0.486,2284,2161,0.0,34.204,8.633,0.3911
37.6,0.33,37.73,0.997,0.1,0.5,43,644,836,418,418,0.1082,0.5,836,0,242,353,197,44,137,1.4453,198,0,9,242,594,0,0,0,0,0,0,0,0,0.0,0,0,3.15,48,0.3765,706,436,117,86,26,13,39.27,4416.1,1035,189,2.353,2.465,0.112,2284,2161,0.0,36.193,6.645,0.301
37.6,0.33,37.73,0.997,0.1,0.75,43,644,502,418,84,0.1082,0.8327,502,0,157,296,148,8,137,1.0876,149,0,2,157,345,0,0,0,0,0,0,0,0,0.0,0,0,1.56,29,0.2443,685,414,77,51,16,8,39.32,4416.1,1077,147,1.83,1.855,0.025,2284,2161,0.0,37.681,5.157,0.2336
37.6,0.33,37.73,0.997,0.1,1.0,43,644,418,418,0,0.1082,1.0,418,0,135,266,134,0,137,0.9854,135,0,0,135,283,0,0,0,0,0,0,0,0,0.0,0,0,1.2,24,0.21,678,411,64,45,8,8,39.5,4416.1,1089,135,1.681,1.681,0.0,2284,2161,0.0,38.065,4.773,0.2162
37.6,0.33,37.73,0.997,0.25,0.1,43,644,9800,980,8820,0.2536,0.1,9790,10,641,519,353,268,316,1.1044,349,0,51,641,6702,0,0,0,2447,10,0,0,0,0.0,2447,0,625.45,760,0.9973,858,574,319,277,68,38,1.29,4416.1,926,298,3.71,4.345,0.635,2284,2161,0.0,32.499,10.338,0.4684
37.6,0.33,37.73,0.997,0.25,0.25,43,644,3920,980,2940,0.2536,0.25,3916,4,641,627,375,257,316,1.1804,373,0,38,641,2715,0,0,0,560,4,0,0,0,0.0,560,0,246.52,302,0.9973,839,556,318,275,65,27,1.85,4416.1,889,335,4.171,4.644,0.473,2284,2161,0.0,31.176,11.662,0.5283
37.6,0.33,37.73,0.997,0.25,0.5,43,644,1960,980,980,0.2536,0.5,1958,2,534,727,410,122,316,1.2911,408,0,22,534,1375,0,0,0,49,2,0,0,0,0.0,49,0,71.57,139,0.8308,762,475,273,206,60,21,15.66,4416.1,838,386,4.806,5.08,0.274,2284,2161,0.0,29.414,13.424,0.6082
37.6,0.33,37.73,0.997,0.25,0.75,43,644,1284,980,304,0.2536,0.7632,1283,1,387,658,349,37,316,1.1076,350,0,11,387,894,0,0,0,2,1,0,0,0,0.0,2,0,10.05,91,0.6021,710,427,205,129,37,9,36.22,4416.1,885,339,4.221,4.358,0.137,2284,2161,0.0,31.035,11.802,0.5347
37.6,0.33,37.73,0.997,0.25,1.0,43,644,980,980,0,0.2536,1.0,979,1,309,590,308,0,316,0.9778,309,0,1,309,669,0,0,0,1,1,0,0,0,0.0,1,0,5.45,68,0.4807,678,412,158,102,32,13,37.66,4416.1,916,308,3.835,3.847,0.012,2284,2161,0.0,32.075,10.763,0.4876
37.6,0.33,37.73,0.997,0.5,0.1,43,644,19470,1947,17523,0.5039,0.1,19450,20,641,521,357,256,602,0.5748,346,0,43,641,13103,0,0,0,5706,20,0,0,0,0.0,5706,0,1251.79,1497,0.9973,860,567,317,275,73,27,1.02,4416.1,921,303,3.773,4.308,0.535,2284,2161,0.0,32.28,10.558,0.4783
37.6,0.33,37.73,0.997,0.5,0.25,43,644,7788,1947,5841,0.5039,0.25,7780,8,641,582,384,235,602,0.6279,378,0,35,641,5362,0,0,0,1777,8,0,0,0,0.0,1777,0,499.4,596,0.9973,835,552,320,272,64,26,1.09,4416.1,881,343,4.271,4.707,0.436,2284,2161,0.0,30.894,11.944,0.5411
37.6,0.33,37.73,0.997,0.5,0.5,43,644,3894,1947,1947,0.5039,0.5,3890,4,634,790,471,155,602,0.7774,468,0,18,634,2720,0,0,0,536,4,0,0,0,0.0,536,0,245.45,300,0.9864,787,486,330,250,64,17,1.76,4416.1,774,450,5.603,5.827,0.224,2284,2161,0.0,27.117,15.72,0.7122
37.6,0.33,37.73,0.997,0.5,0.75,43,644,2598,1947,651,0.5039,0.7494,2595,3,610,952,528,78,602,0.8771,528,0,11,610,1827,0,0,0,158,3,0,0,0,0.0,158,0,133.92,197,0.949,741,441,334,212,61,18,9,4416.1,707,517,6.437,6.574,0.137,2284,2161,0.0,24.904,17.933,0.8124
37.6,0.33,37.73,0.997,0.5,1.0,43,644,1947,1947,0,0.5039,1.0,1945,2,541,1001,540,0,602,0.8987,541,0,2,541,1348,0,0,0,56,2,0,0,0,0.0,56,0,66.5,146,0.8417,680,411,298,172,55,16,18.31,4416.1,685,539,6.711,6.736,0.025,2284,2161,0.0,24.176,18.662,0.8455
37.6,0.33,37.73,0.997,0.75,0.1,43,644,28870,2887,25983,0.7472,0.1,28840,30,641,420,310,292,907,0.3363,305,0,50,641,18144,0,0,0,10055,30,0,0,0,0.0,10055,0,1857.82,2080,0.9973,878,597,317,277,60,29,1,4416.1,969,255,3.175,3.798,0.623,2284,2161,0.0,33.931,8.907,0.4035
37.6,0.33,37.73,0.997,0.75,0.25,43,644,11548,2887,8661,0.7472,0.25,11536,12,641,599,407,210,907,0.4421,401,0,33,641,7907,0,0,0,2988,12,0,0,0,0.0,2988,0,741.1,824,0.9973,820,542,317,275,58,25,1.01,4416.1,856,368,4.582,4.993,0.411,2284,2161,0.0,29.99,12.847,0.582
37.6,0.33,37.73,0.997,0.75,0.5,43,644,5774,2887,2887,0.7472,0.5,5768,6,641,767,468,165,907,0.5116,464,0,20,641,4040,0,0,0,1087,6,0,0,0,0.0,1087,0,368.69,413,0.9973,777,509,321,268,69,17,1.19,4416.1,780,444,5.528,5.777,0.249,2284,2161,0.0,27.32,15.518,0.703
37.6,0.33,37.73,0.997,0.75,0.75,43,644,3861,2887,974,0.7472,0.7477,3857,4,631,926,544,81,907,0.5976,542,0,10,631,2697,0,0,0,529,4,0,0,0,0.0,529,0,243.14,278,0.9817,737,451,335,235,53,18,1.75,4416.1,692,532,6.624,6.749,0.125,2284,2161,0.0,24.309,18.529,0.8394
37.6,0.33,37.73,0.997,0.75,1.0,43,644,2887,2887,0,0.7472,1.0,2884,3,628,1127,626,0,907,0.6924,628,0,0,628,1982,0,0,0,274,3,0,0,0,0.0,274,0,169.98,205,0.977,678,411,340,217,56,21,4.37,4416.1,596,628,7.819,7.819,0.0,2284,2161,0.0,21.085,21.753,0.9855
37.6,0.33,37.73,0.997,1.0,0.1,43,644,38640,3864,34776,1.0,0.1,38580,60,641,237,188,409,1219,0.1518,185,0,62,641,21060,0,0,0,16879,60,0,0,0,0.0,16879,0,2486.4,2580,0.9973,945,662,317,277,67,32,1,4416.1,1101,123,1.531,2.303,0.772,2284,2161,0.0,38.542,4.296,0.1946
37.6,0.33,37.73,0.997,1.0,0.25,43,644,15456,3864,11592,1.0,0.25,15432,24,641,585,404,208,1219,0.3257,397,0,30,641,10636,0,0,0,4155,24,0,0,0,0.0,4155,0,990.02,1032,0.9973,822,541,317,275,68,23,1.01,4416.1,857,367,4.57,4.943,0.374,2284,2161,0.0,30.009,12.829,0.5812
37.6,0.33,37.73,0.997,1.0,0.5,43,644,7728,3864,3864,1.0,0.5,7716,12,641,726,471,154,1219,0.3831,467,0,21,641,5382,0,0,0,1693,12,0,0,0,0.0,1693,0,494.21,516,0.9973,773,511,316,272,61,23,1.05,4416.1,778,446,5.553,5.815,0.261,2284,2161,0.0,27.243,15.595,0.7065
37.6,0.33,37.73,0.997,1.0,0.75,43,644,5152,3864,1288,1.0,0.75,5144,8,632,892,549,75,1219,0.4487,547,0,11,632,3606,0,0,0,906,8,0,0,0,0.0,906,0,326.77,344,0.9833,731,454,322,249,54,18,1.32,4416.1,688,536,6.674,6.811,0.137,2284,2161,0.0,24.088,18.75,0.8495
37.6,0.33,37.73,0.997,1.0,1.0,43,644,3864,3864,0,1.0,1.0,3858,6,633,1105,631,0,1219,0.5193,633,0,0,633,2647,0,0,0,578,6,0,0,0,0.0,578,0,242.05,258,0.9848,678,411,324,237,50,21,1.85,4416.1,591,633,7.882,7.882,0.0,2284,2161,0.0,20.765,22.073,1.0
37.6,0.37,33.65,1.117,0.1,0.1,1,644,4180,418,3762,0.1082,0.1,4180,0,314,283,192,121,137,1.3942,191,0,14,314,2848,0,0,0,1018,0,0,0,0,0.0,1018,0,6.48,40,0.4357,749,477,146,139,24,13,1,102.7,1047,177,2.204,2.378,0.174,2284,2161,0.0,36.623,6.214,0.2506
37.6,0.37,33.65,1.117,0.1,0.25,1,644,1672,418,1254,0.1082,0.25,1672,0,255,265,170,85,137,1.2336,169,0,8,255,1153,0,0,0,264,0,0,0,0,0.0,264,0,2.59,16,0.3538,726,457,120,109,17,7,1,102.7,1063,161,2.005,2.104,0.1,2284,2161,0.0,37.249,5.589,0.2254
37.6,0.37,33.65,1.117,0.1,0.5,1,644,836,418,418,0.1082,0.5,836,0,187,244,143,43,137,1.0511,144,0,3,187,578,0,0,0,71,0,0,0,0,0.0,71,0,1.3,8,0.2595,705,430,96,69,13,8,1,102.7,1083,141,1.756,1.793,0.037,2284,2161,0.0,37.881,4.956,0.1999
37.6,0.37,33.65,1.117,0.1,0.75,1,644,502,418,84,0.1082,0.8327,502,0,135,264,128,6,137,0.9416,129,0,0,135,341,0,0,0,26,0,0,0,0,0.0,26,0,0.78,5,0.1873,682,413,70,48,11,4,1,102.7,1095,129,1.606,1.606,0.0,2284,2161,0.0,38.326,4.511,0.1819
37.6,0.37,33.65,1.117,0.1,1.0,1,644,418,418,0,0.1082,1.0,418,0,123,250,122,0,137,0.8978,123,0,0,123,281,0,0,0,14,0,0,0,0,0.0,14,0,0.65,4,0.1707,678,411,63,44,11,6,1,102.7,1101,123,1.531,1.531,0.0,2284,2161,0.0,38.509,4.329,0.1746
37.6,0.37,33.65,1.117,0.25,0.1,1,644,9800,980,8820,0.2536,0.1,9800,0,526,464,308,206,316,0.9684,306,0,33,526,6628,0,0,0,2646,0,0,0,0,0.0,2646,0,15.19,50,0.7299,800,542,252,233,45,25,1,102.7,951,273,3.399,3.81,0.411,2284,2161,0.0,33.4,9.438,0.3806
37.6,0.37,33.65,1.117,0.25,0.25,1,644,3920,980,2940,0.2536,0.25,3920,0,459,485,293,162,316,0.9177,290,0,24,459,2690,0,0,0,771,0,0,0,0,0.0,771,0,6.08,20,0.6369,777,505,220,198,53,19,1,102.7,958,266,3.312,3.611,0.299,2284,2161,0.0,33.605,9.232,0.3723
37.6,0.37,33.65,1.117,0.25,0.5,1,644,1960,980,980,0.2536,0.5,1960,0,372,495,284,87,316,0.8956,283,0,12,372,1351,0,0,0,237,0,0,0,0,0.0,237,0,3.04,10,0.5162,736,454,188,145,27,12,1,102.7,953,271,3.374,3.524,0.149,2284,2161,0.0,33.394,9.444,0.3809
37.6,0.37,33.65,1.117,0.25,0.75,1,644,1284,980,304,0.2536,0.7632,1284,0,285,491,256,29,316,0.807,255,0,0,285,877,0,0,0,122,0,0,0,0,0.0,122,0,1.99,7,0.3955,697,422,149,103,22,11,1,102.7,969,255,3.175,3.175,0.0,2284,2161,0.0,33.942,8.896,0.3588
37.6,0.37,33.65,1.117,0.25,1.0,1,644,980,980,0,0.2536,1.0,980,0,245,479,245,0,316,0.7753,245,0,0,245,664,0,0,0,71,0,0,0,0,0.0,71,0,1.52,5,0.34,678,411,127,87,19,8,1,102.7,979,245,3.051,3.051,0.0,2284,2161,0.0,34.247,8.591,0.3465
37.6,0.37,33.65,1.117,0.5,0.1,1,644,19470,1947,17523,0.5039,0.1,19470,0,633,516,354,250,602,0.5698,343,0,41,633,13101,0,0,0,5736,0,0,0,0,0.0,5736,0,30.19,60,0.8783,855,565,312,272,67,29,1,102.7,922,302,3.76,4.271,0.51,2284,2161,0.0,32.322,10.516,0.4241
37.6,0.37,33.65,1.117,0.5,0.25,1,644,7788,1947,5841,0.5039,0.25,7788,0,604,570,373,211,602,0.608,366,0,30,604,5352,0,0,0,1832,0,0,0,0,0.0,1832,0,12.07,24,0.8381,818,539,301,255,51,19,1,102.7,888,336,4.184,4.557,0.374,2284,2161,0.0,31.091,11.746,0.4737
37.6,0.37,33.65,1.117,0.5,0.5,1,644,3894,1947,1947,0.5039,0.5,3894,0,531,684,402,125,602,0.6611,398,0,15,531,2700,0,0,0,663,0,0,0,0,0.0,663,0,6.04,12,0.7368,769,468,275,205,48,20,1,102.7,841,383,4.769,4.956,0.187,2284,2161,0.0,29.465,13.372,0.5393
37.6,0.37,33.65,1.117,0.5,0.75,1,644,2598,1947,651,0.5039,0.7494,2598,0,446,688,394,52,602,0.6528,393,0,4,446,1819,0,0,0,333,0,0,0,0,0.0,333,0,4.03,8,0.6189,713,433,239,162,48,13,1,102.7,835,389,4.844,4.893,0.05,2284,2161,0.0,29.347,13.49,0.5441
37.6,0.37,33.65,1.117,0.5,1.0,1,644,1947,1947,0,0.5039,1.0,1947,0,391,740,391,0,602,0.6495,391,0,0,391,1345,0,0,0,211,0,0,0,0,0.0,211,0,3.02,6,0.5425,678,411,209,135,34,13,1,102.7,833,391,4.868,4.868,0.0,2284,2161,0.0,29.274,13.564,0.547
37.6,0.37,33.65,1.117,0.75,0.1,1,644,28870,2887,25983,0.7472,0.1,28870,0,644,426,311,290,907,0.3363,305,0,49,644,18140,0,0,0,10086,0,0,0,0,0.0,10086,0,44.76,60,0.8936,879,598,319,278,60,25,1,102.7,968,256,3.188,3.798,0.61,2284,2161,0.0,33.897,8.941,0.3606
37.6,0.37,33.65,1.117,0.75,0.25,1,644,11548,2887,8661,0.7472,0.25,11548,0,637,603,407,206,907,0.4399,399,0,31,637,7901,0,0,0,3010,0,0,0,0,0.0,3010,0,17.9,24,0.8839,818,540,317,270,66,23,1,102.7,856,368,4.582,4.968,0.386,2284,2161,0.0,29.981,12.857,0.5185
37.6,0.37,33.65,1.117,0.75,0.5,1,644,5774,2887,2887,0.7472,0.5,5774,0,587,743,446,134,907,0.4873,442,0,16,587,4039,0,0,0,1148,0,0,0,0,0.0,1148,0,8.95,12,0.8145,766,484,300,235,57,16,1,102.7,798,426,5.304,5.503,0.199,2284,2161,0.0,27.967,14.871,0.5998
37.6,0.37,33.65,1.117,0.75,0.75,1,644,3861,2887,974,0.7472,0.7477,3861,0,525,755,455,66,907,0.4994,453,0,7,525,2690,0,0,0,646,0,0,0,0,0.0,646,0,5.99,8,0.7285,728,440,279,192,41,19,1,102.7,778,446,5.553,5.64,0.087,2284,2161,0.0,27.267,15.571,0.628
37.6,0.37,33.65,1.117,0.75,1.0,1,644,2887,2887,0,0.7472,1.0,2887,0,475,857,475,0,907,0.5237,475,0,0,475,1980,0,0,0,432,0,0,0,0,0.0,432,0,4.48,6,0.6591,678,411,253,167,39,15,1,102.7,749,475,5.914,5.914,0.0,2284,2161,0.0,26.31,16.528,0.6666
37.6,0.37,33.65,1.117,1.0,0.1,1,644,38640,3864,34776,1.0,0.1,38640,0,644,240,191,408,1219,0.1542,188,0,62,644,21088,0,0,0,16908,0,0,0,0,0.0,16908,0,59.91,60,0.8936,945,662,319,278,66,32,1,102.7,1098,126,1.569,2.341,0.772,2284,2161,0.0,38.45,4.387,0.1769
37.6,0.37,33.65,1.117,1.0,0.25,1,644,15456,3864,11592,1.0,0.25,15456,0,640,590,404,207,1219,0.3249,396,0,29,640,10634,0,0,0,4182,0,0,0,0,0.0,4182,0,23.96,24,0.8881,822,540,318,272,66,25,1,102.7,857,367,4.57,4.931,0.361,2284,2161,0.0,30.016,12.822,0.5171
37.6,0.37,33.65,1.117,1.0,0.5,1,644,7728,3864,3864,1.0,0.5,7728,0,626,733,469,141,1219,0.3815,465,0,21,626,5374,0,0,0,1728,0,0,0,0,0.0,1728,0,11.98,12,0.8686,771,500,313,259,63,26,1,102.7,780,444,5.528,5.79,0.261,2284,2161,0.0,27.294,15.544,0.6269
37.6,0.37,33.65,1.117,1.0,0.75,1,644,5152,3864,1288,1.0,0.75,5152,0,571,818,504,60,1219,0.4126,503,0,8,571,3595,0,0,0,986,0,0,0,0,0.0,986,0,7.99,8,0.7923,723,442,296,216,49,20,1,102.7,729,495,6.163,6.263,0.1,2284,2161,0.0,25.542,17.296,0.6976
37.6,0.37,33.65,1.117,1.0,1.0,1,644,3864,3864,0,1.0,1.0,3864,0,533,913,533,0,1219,0.4372,533,0,0,533,2645,0,0,0,686,0,0,0,0,0.0,686,0,5.99,6,0.7396,678,411,280,192,42,17,1,102.7,691,533,6.636,6.636,0.0,2284,2161,0.0,24.224,18.613,0.7507
37.6,0.37,33.65,1.117,0.1,0.1,2,644,4180,418,3762,0.1082,0.1,4180,0,468,383,253,211,137,1.8394,252,0,30,468,2886,0,0,0,826,0,0,0,0,0.0,826,0,10.13,50,0.6494,813,522,225,206,50,27,1.38,205.4,1002,222,2.764,3.138,0.374,2284,2161,0.0,35.092,7.746,0.3124
37.6,0.37,33.65,1.117,0.1,0.25,2,644,1672,418,1254,0.1082,0.25,1672,0,358,376,226,130,137,1.6496,226,0,18,358,1159,0,0,0,155,0,0,0,0,0.0,155,0,3.47,16,0.4968,763,476,172,152,23,11,1.51,205.4,1016,208,2.59,2.814,0.224,2284,2161,0.0,35.586,7.251,0.2924
37.6,0.37,33.65,1.117,0.1,0.5,2,644,836,418,418,0.1082,0.5,836,0,230,325,183,46,137,1.3431,184,0,4,230,579,0,0,0,27,0,0,0,0,0.0,27,0,1.49,8,0.3191,706,433,118,84,17,8,1.72,205.4,1044,180,2.241,2.291,0.05,2284,2161,0.0,36.534,6.303,0.2542
37.6,0.37,33.65,1.117,0.1,0.75,2,644,502,418,84,0.1082,0.8327,502,0,154,290,145,8,137,1.0657,146,0,0,154,342,0,0,0,6,0,0,0,0,0.0,6,0,0.83,5,0.2137,684,413,79,56,11,6,1.84,205.4,1078,146,1.818,1.818,0.0,2284,2161,0.0,37.706,5.131,0.2069
37.6,0.37,33.65,1.117,0.1,1.0,2,644,418,418,0,0.1082,1.0,418,0,135,273,134,0,137,0.9854,135,0,0,135,281,0,0,0,2,0,0,0,0,0.0,2,0,0.67,4,0.1873,678,411,67,50,10,3,1.9,205.4,1089,135,1.681,1.681,0.0,2284,2161,0.0,38.065,4.773,0.1925
37.6,0.37,33.65,1.117,0.25,0.1,2,644,9800,980,8820,0.2536,0.1,9800,0,639,524,353,264,316,1.1044,349,0,52,639,6695,0,0,0,2466,0,0,0,0,0.0,2466,0,25.6,70,0.8867,855,576,313,279,66,36,1.16,205.4,927,297,3.698,4.345,0.647,2284,2161,0.0,32.554,10.284,0.4148
37.6,0.37,33.65,1.117,0.25,0.25,2,644,3920,980,2940,0.2536,0.25,3920,0,574,591,350,216,316,1.1013,348,0,33,574,2699,0,0,0,647,0,0,0,0,0.0,647,0,9.33,28,0.7965,814,534,282,246,65,23,1.27,205.4,909,315,3.922,4.333,0.411,2284,2161,0.0,31.878,10.959,0.442
37.6,0.37,33.65,1.117,0.25,0.5,2,644,1960,980,980,0.2536,0.5,1960,0,469,624,355,111,316,1.1203,354,0,15,469,1362,0,0,0,129,0,0,0,0,0.0,129,0,3.97,14,0.6508,752,467,238,183,54,18,1.52,205.4,885,339,4.221,4.408,0.187,2284,2161,0.0,31.051,11.787,0.4754
37.6,0.37,33.65,1.117,0.25,0.75,2,644,1284,980,304,0.2536,0.7632,1284,0,355,608,317,37,316,1.0032,317,0,3,355,883,0,0,0,46,0,0,0,0,0.0,46,0,2.4,9,0.4926,704,426,188,124,27,18,1.64,205.4,910,314,3.91,3.947,0.037,2284,2161,0.0,31.901,10.937,0.4411
37.6,0.37,33.65,1.117,0.25,1.0,2,644,980,980,0,0.2536,1.0,980,0,294,570,293,0,316,0.9304,294,0,0,294,665,0,0,0,21,0,0,0,0,0.0,21,0,1.71,7,0.408,678,411,152,102,26,8,1.71,205.4,930,294,3.661,3.661,0.0,2284,2161,0.0,32.563,10.274,0.4144
37.6,0.37,33.65,1.117,0.5,0.1,2,644,19470,1947,17523,0.5039,0.1,19470,0,713,556,387,284,602,0.6262,377,0,50,713,13167,0,0,0,5590,0,0,0,0,0.0,5590,0,52.63,100,0.9894,885,590,351,311,78,36,1.01,205.4,897,327,4.072,4.694,0.623,2284,2161,0.0,31.418,11.42,0.4606
37.6,0.37,33.65,1.117,0.5,0.25,2,644,7788,1947,5841,0.5039,0.25,7788,0,692,620,408,254,602,0.6661,401,0,39,692,5376,0,0,0,1720,0,0,0,0,0.0,1720,0,20.09,39,0.9602,851,568,345,295,71,30,1.08,205.4,862,362,4.507,4.993,0.486,2284,2161,0.0,30.207,12.631,0.5094
37.6,0.37,33.65,1.117,0.5,0.5,2,644,3894,1947,1947,0.5039,0.5,3894,0,620,784,461,152,602,0.7608,458,0,20,620,2720,0,0,0,554,0,0,0,0,0.0,554,0,9.15,20,0.8603,786,485,323,241,67,25,1.24,205.4,786,438,5.454,5.703,0.249,2284,2161,0.0,27.543,15.295,0.6169
37.6,0.37,33.65,1.117,0.5,0.75,2,644,2598,1947,651,0.5039,0.7494,2598,0,540,871,475,63,602,0.789,475,0,9,540,1826,0,0,0,232,0,0,0,0,0.0,232,0,5.52,13,0.7493,725,438,288,194,50,19,1.4,205.4,758,466,5.802,5.914,0.112,2284,2161,0.0,26.669,16.168,0.6521
37.6,0.37,33.65,1.117,0.5,1.0,2,644,1947,1947,0,0.5039,1.0,1947,0,471,881,470,0,602,0.7824,471,0,0,471,1346,0,0,0,130,0,0,0,0,0.0,130,0,3.93,10,0.6536,678,411,252,162,47,18,1.46,205.4,753,471,5.865,5.865,0.0,2284,2161,0.0,26.544,16.293,0.6571
37.6,0.37,33.65,1.117,0.75,0.1,2,644,28870,2887,25983,0.7472,0.1,28870,0,719,447,328,339,907,0.3539,321,0,58,719,18100,0,0,0,10051,0,0,0,0,0.0,10051,0,81.48,120,0.9977,912,633,353,316,80,45,1.0,205.4,961,263,3.275,3.997,0.722,2284,2161,0.0,33.632,9.206,0.3713
37.6,0.37,33.65,1.117,0.75,0.25,2,644,11548,2887,8661,0.7472,0.25,11548,0,717,658,442,241,907,0.4774,433,0,41,717,7948,0,0,0,2883,0,0,0,0,0.0,2883,0,30.54,48,0.9949,846,568,350,315,79,35,1.01,205.4,832,392,4.881,5.391,0.51,2284,2161,0.0,29.12,13.718,0.5533
37.6,0.37,33.65,1.117,0.75,0.5,2,644,5774,2887,2887,0.7472,0.5,5774,0,682,803,495,176,907,0.5402,490,0,21,682,4049,0,0,0,1043,0,0,0,0,0.0,1043,0,14.42,24,0.9463,788,514,343,283,69,26,1.1,205.4,755,469,5.84,6.101,0.261,2284,2161,0.0,26.408,16.429,0.6626
37.6,0.37,33.65,1.117,0.75,0.75,2,644,3861,2887,974,0.7472,0.7477,3861,0,621,918,533,84,907,0.5843,530,0,8,621,2702,0,0,0,538,0,0,0,0,0.0,538,0,9.07,16,0.8617,736,452,325,235,54,18,1.22,205.4,702,522,6.5,6.599,0.1,2284,2161,0.0,24.656,18.181,0.7333
37.6,0.37,33.65,1.117,0.75,1.0,2,644,2887,2887,0,0.7472,1.0,2887,0,566,1041,565,0,907,0.624,566,0,0,566,1982,0,0,0,339,0,0,0,0,0.0,339,0,6.44,12,0.7854,678,411,298,203,48,23,1.3,205.4,658,566,7.047,7.047,0.0,2284,2161,0.0,23.202,19.636,0.7919
37.6,0.37,33.65,1.117,1.0,0.1,2,644,38640,3864,34776,1.0,0.1,38640,0,719,259,210,456,1219,0.1674,204,0,68,719,20987,0,0,0,16934,0,0,0,0,0.0,16934,0,114.17,120,0.9977,979,693,353,316,72,38,1,205.4,1088,136,1.693,2.54,0.847,2284,2161,0.0,38.125,4.713,0.1901
37.6,0.37,33.65,1.117,1.0,0.25,2,644,15456,3864,11592,1.0,0.25,15456,0,718,650,442,243,1219,0.3552,433,0,36,718,10694,0,0,0,4044,0,0,0,0,0.0,4044,0,41.15,48,0.9963,848,562,356,308,87,30,1.0,205.4,827,397,4.943,5.391,0.448,2284,2161,0.0,28.938,13.899,0.5606
37.6,0.37,33.65,1.117,1.0,0.5,2,644,7728,3864,3864,1.0,0.5,7728,0,702,804,515,166,1219,0.4176,509,0,20,702,5405,0,0,0,1621,0,0,0,0,0.0,1621,0,19.99,24,0.9741,785,517,349,296,74,29,1.05,205.4,735,489,6.089,6.338,0.249,2284,2161,0.0,25.76,17.078,0.6888
37.6,0.37,33.65,1.117,1.0,0.75,2,644,5152,3864,1288,1.0,0.75,5152,0,663,954,576,79,1219,0.4701,573,0,10,663,3613,0,0,0,876,0,0,0,0,0.0,876,0,12.64,16,0.92,736,453,340,257,58,20,1.14,205.4,661,563,7.01,7.135,0.125,2284,2161,0.0,23.19,19.647,0.7924
37.6,0.37,33.65,1.117,1.0,1.0,2,644,3864,3864,0,1.0,1.0,3864,0,625,1087,623,0,1219,0.5127,625,0,0,625,2647,0,0,0,592,0,0,0,0,0.0,592,0,9.15,12,0.8672,678,411,324,228,51,21,1.2,205.4,599,625,7.782,7.782,0.0,2284,2161,0.0,21.004,21.834,0.8806
37.6,0.37,33.65,1.117,0.1,0.1,3,644,4180,418,3762,0.1082,0.1,4180,0,557,444,287,265,137,2.0657,283,0,45,557,2911,0,0,0,712,0,0,0,0,0.0,712,0,14.53,51,0.7729,859,549,274,242,75,24,1.67,308.1,986,238,2.963,3.524,0.56,2284,2161,0.0,34.547,8.29,0.3343
37.6,0.37,33.65,1.117,0.1,0.25,3,644,1672,418,1254,0.1082,0.25,1672,0,412,435,255,153,137,1.8613,255,0,22,412,1162,0,0,0,98,0,0,0,0,0.0,98,0,4.26,19,0.5717,783,485,203,170,37,20,2.08,308.1,991,233,2.901,3.175,0.274,2284,2161,0.0,34.733,8.105,0.3269
37.6,0.37,33.65,1.117,0.1,0.5,3,644,836,418,418,0.1082,0.5,836,0,245,351,193,51,137,1.4161,194,0,4,245,581,0,0,0,10,0,0,0,0,0.0,10,0,1.59,8,0.34,709,435,125,90,16,11,2.56,308.1,1034,190,2.366,2.416,0.05,2284,2161,0.0,36.157,6.681,0.2694
37.6,0.37,33.65,1.117,0.1,0.75,3,644,502,418,84,0.1082,0.8327,502,0,159,304,149,9,137,1.0949,150,0,0,159,342,0,0,0,1,0,0,0,0,0.0,1,0,0.86,5,0.2206,685,413,80,59,15,4,2.75,308.1,1074,150,1.868,1.868,0.0,2284,2161,0.0,37.564,5.273,0.2127
37.6,0.37,33.65,1.117,0.1,1.0,3,644,418,418,0,0.1082,1.0,418,0,137,275,136,0,137,1.0,137,0,0,137,281,0,0,0,0,0,0,0,0,0.0,0,0,0.68,4,0.1901,678,411,67,51,10,4,2.84,308.1,1087,137,1.706,1.706,0.0,2284,2161,0.0,37.996,4.841,0.1952
37.6,0.37,33.65,1.117,0.25,0.1,3,644,9800,980,8820,0.2536,0.1,9800,0,695,573,376,292,316,1.1741,371,0,56,695,6740,0,0,0,2365,0,0,0,0,0.0,2365,0,39.52,94,0.9644,878,591,342,303,77,39,1.23,308.1,909,315,3.922,4.619,0.697,2284,2161,0.0,31.932,10.905,0.4398
37.6,0.37,33.65,1.117,0.25,0.25,3,644,3920,980,2940,0.2536,0.25,3920,0,641,646,385,247,316,1.2089,382,0,40,641,2712,0,0,0,567,0,0,0,0,0.0,567,0,13.75,38,0.8894,839,549,320,274,78,30,1.51,308.1,882,342,4.258,4.756,0.498,2284,2161,0.0,30.878,11.96,0.4824
37.6,0.37,33.65,1.117,0.25,0.5,3,644,1960,980,980,0.2536,0.5,1960,0,510,696,388,119,316,1.2215,386,0,18,510,1367,0,0,0,83,0,0,0,0,0.0,83,0,5.06,19,0.7077,757,474,258,199,59,19,2.05,308.1,856,368,4.582,4.806,0.224,2284,2161,0.0,30.036,12.802,0.5163
37.6,0.37,33.65,1.117,0.25,0.75,3,644,1284,980,304,0.2536,0.7632,1284,0,378,647,338,39,316,1.0696,338,0,3,378,884,0,0,0,22,0,0,0,0,0.0,22,0,2.71,10,0.5245,706,426,198,133,33,17,2.36,308.1,889,335,4.171,4.208,0.037,2284,2161,0.0,31.195,11.643,0.4696
37.6,0.37,33.65,1.117,0.25,1.0,3,644,980,980,0,0.2536,1.0,980,0,309,597,308,0,316,0.9778,309,0,0,309,665,0,0,0,6,0,0,0,0,0.0,6,0,1.85,8,0.4288,678,411,156,110,28,14,2.51,308.1,915,309,3.847,3.847,0.0,2284,2161,0.0,32.03,10.807,0.4359
37.6,0.37,33.65,1.117,0.5,0.1,3,644,19470,1947,17523,0.5039,0.1,19470,0,717,569,383,292,602,0.6196,373,0,50,717,13167,0,0,0,5586,0,0,0,0,0.0,5586,0,82.58,133,0.9949,891,592,352,313,81,39,1.02,308.1,901,323,4.022,4.644,0.623,2284,2161,0.0,31.586,11.252,0.4538
37.6,0.37,33.65,1.117,0.5,0.25,3,644,7788,1947,5841,0.5039,0.25,7788,0,714,649,418,263,602,0.6811,410,0,41,714,5387,0,0,0,1687,0,0,0,0,0.0,1687,0,31.58,55,0.9907,852,582,352,309,70,41,1.11,308.1,855,369,4.594,5.105,0.51,2284,2161,0.0,29.986,12.852,0.5183
37.6,0.37,33.65,1.117,0.5,0.5,3,644,3894,1947,1947,0.5039,0.5,3894,0,670,862,501,160,602,0.8256,497,0,19,670,2723,0,0,0,501,0,0,0,0,0.0,501,0,13.8,28,0.9297,792,489,348,264,79,28,1.39,308.1,746,478,5.952,6.188,0.237,2284,2161,0.0,26.203,16.634,0.6709
37.6,0.37,33.65,1.117,0.5,0.75,3,644,2598,1947,651,0.5039,0.7494,2598,0,586,939,515,69,602,0.8538,514,0,9,586,1828,0,0,0,184,0,0,0,0,0.0,184,0,7.7,19,0.8131,730,440,309,214,52,21,1.73,308.1,719,505,6.288,6.4,0.112,2284,2161,0.0,25.301,17.537,0.7073
37.6,0.37,33.65,1.117,0.5,1.0,3,644,1947,1947,0,0.5039,1.0,1947,0,511,950,510,0,602,0.8488,511,0,0,511,1346,0,0,0,90,0,0,0,0,0.0,90,0,5.17,14,0.7091,678,411,273,175,49,21,1.89,308.1,713,511,6.363,6.363,0.0,2284,2161,0.0,25.127,17.71,0.7143
37.6,0.37,33.65,1.117,0.75,0.1,3,644,28870,2887,25983,0.7472,0.1,28870,0,719,447,328,339,907,0.3539,321,0,58,719,18100,0,0,0,10051,0,0,0,0,0.0,10051,0,126.16,175,0.9977,912,633,353,316,80,45,1.0,308.1,961,263,3.275,3.997,0.722,2284,2161,0.0,33.632,9.206,0.3713
37.6,0.37,33.65,1.117,0.75,0.25,3,644,11548,2887,8661,0.7472,0.25,11548,0,719,661,443,245,907,0.4785,434,0,41,719,7947,0,0,0,2882,0,0,0,0,0.0,2882,0,48.3,70,0.9977,849,566,353,314,78,34,1.02,308.1,831,393,4.893,5.404,0.51,2284,2161,0.0,29.091,13.747,0.5544
37.6,0.37,33.65,1.117,0.75,0.5,3,644,5774,2887,2887,0.7472,0.5,5774,0,704,830,501,188,907,0.5469,496,0,21,704,4049,0,0,0,1021,0,0,0,0,0.0,1021,0,22.39,36,0.9769,797,521,352,296,82,32,1.19,308.1,749,475,5.914,6.176,0.261,2284,2161,0.0,26.249,16.589,0.669
37.6,0.37,33.65,1.117,0.75,0.75,3,644,3861,2887,974,0.7472,0.7477,3861,0,663,1016,573,85,907,0.6284,570,0,9,663,2701,0,0,0,497,0,0,0,0,0.0,497,0,13.46,23,0.92,738,453,342,258,63,20,1.43,308.1,663,561,6.985,7.097,0.112,2284,2161,0.0,23.249,19.588,0.79
37.6,0.37,33.65,1.117,0.75,1.0,3,644,2887,2887,0,0.7472,1.0,2887,0,610,1111,608,0,907,0.6725,610,0,0,610,1982,0,0,0,295,0,0,0,0,0.0,295,0,9.12,17,0.8464,678,411,316,221,52,23,1.59,308.1,614,610,7.595,7.595,0.0,2284,2161,0.0,21.641,21.197,0.8549
37.6,0.37,33.65,1.117,1.0,0.1,3,644,38640,3864,34776,1.0,0.1,38640,0,719,259,210,456,1219,0.1674,204,0,68,719,20987,0,0,0,16934,0,0,0,0,0.0,16934,0,173.89,180,0.9977,979,693,353,316,72,38,1,308.1,1088,136,1.693,2.54,0.847,2284,2161,0.0,38.125,4.713,0.1901
37.6,0.37,33.65,1.117,1.0,0.25,3,644,15456,3864,11592,1.0,0.25,15456,0,719,656,443,242,1219,0.3568,435,0,37,719,10683,0,0,0,4054,0,0,0,0,0.0,4054,0,64.96,72,0.9977,847,563,352,313,83,29,1.01,308.1,826,398,4.956,5.416,0.461,2284,2161,0.0,28.911,13.927,0.5617
37.6,0.37,33.65,1.117,1.0,0.5,3,644,7728,3864,3864,1.0,0.5,7728,0,717,800,513,184,1219,0.4151,506,0,20,717,5401,0,0,0,1610,0,0,0,0,0.0,1610,0,31.58,36,0.9949,789,531,351,309,76,30,1.07,308.1,738,486,6.051,6.3,0.249,2284,2161,0.0,25.887,16.95,0.6836
37.6,0.37,33.65,1.117,1.0,0.75,3,644,5152,3864,1288,1.0,0.75,5152,0,692,1000,599,84,1219,0.4897,597,0,11,692,3617,0,0,0,843,0,0,0,0,0.0,843,0,19.34,24,0.9602,736,459,349,277,68,27,1.27,308.1,638,586,7.296,7.433,0.137,2284,2161,0.0,22.36,20.478,0.8259
37.6,0.37,33.65,1.117,1.0,1.0,3,644,3864,3864,0,1.0,1.0,3864,0,659,1165,657,0,1219,0.5406,659,0,0,659,2647,0,0,0,558,0,0,0,0,0.0,558,0,13.59,18,0.9144,678,411,334,247,53,23,1.39,308.1,565,659,8.205,8.205,0.0,2284,2161,0.0,19.773,23.064,0.9302
37.6,0.37,33.65,1.117,0.1,0.1,6,644,4180,418,3762,0.1082,0.1,4180,0,683,545,344,331,137,2.4745,339,0,57,683,2939,0,0,0,558,0,0,0,0,0.0,558,0,29.73,90,0.9477,906,584,343,292,74,31,2.35,616.2,942,282,3.511,4.221,0.71,2284,2161,0.0,33.003,9.835,0.3967
37.6,0.37,33.65,1.117,0.1,0.25,6,644,1672,418,1254,0.1082,0.25,1672,0,474,503,289,181,137,2.1095,289,0,28,474,1171,0,0,0,27,0,0,0,0,0.0,27,0,5.74,28,0.6577,800,502,238,190,52,18,4.24,616.2,963,261,3.25,3.598,0.349,2284,2161,0.0,33.728,9.11,0.3674
37.6,0.37,33.65,1.117,0.1,0.5,6,644,836,418,418,0.1082,0.5,836,0,253,363,200,52,137,1.4672,201,0,5,253,583,0,0,0,0,0,0,0,0,0.0,0,0,1.65,8,0.3511,710,436,125,95,19,12,5.41,616.2,1028,196,2.44,2.503,0.062,2284,2161,0.0,35.963,6.875,0.2773
37.6,0.37,33.65,1.117,0.1,0.75,6,644,502,418,84,0.1082,0.8327,502,0,159,305,150,8,137,1.1022,151,0,0,159,343,0,0,0,0,0,0,0,0,0.0,0,0,0.87,5,0.2206,684,413,78,58,10,9,5.69,616.2,1073,151,1.88,1.88,0.0,2284,2161,0.0,37.535,5.302,0.2138
37.6,0.37,33.65,1.117,0.1,1.0,6,644,418,418,0,0.1082,1.0,418,0,137,275,136,0,137,1.0,137,0,0,137,281,0,0,0,0,0,0,0,0,0.0,0,0,0.69,4,0.1901,678,411,66,49,13,3,5.8,616.2,1087,137,1.706,1.706,0.0,2284,2161,0.0,37.996,4.841,0.1952
37.6,0.37,33.65,1.117,0.25,0.1,6,644,9800,980,8820,0.2536,0.1,9800,0,719,567,378,313,316,1.1772,372,0,59,719,6742,0,0,0,2339,0,0,0,0,0.0,2339,0,84.46,150,0.9977,895,600,357,312,87,48,1.3,616.2,911,313,3.897,4.632,0.735,2284,2161,0.0,31.996,10.841,0.4372
37.6,0.37,33.65,1.117,0.25,0.25,6,644,3920,980,2940,0.2536,0.25,3920,0,703,674,407,285,316,1.269,401,0,48,703,2731,0,0,0,486,0,0,0,0,0.0,486,0,29.19,60,0.9755,872,567,356,297,96,33,1.99,616.2,871,353,4.395,4.993,0.598,2284,2161,0.0,30.561,12.277,0.4951
37.6,0.37,33.65,1.117,0.25,0.5,6,644,1960,980,980,0.2536,0.5,1960,0,550,752,423,124,316,1.3291,420,0,19,550,1372,0,0,0,38,0,0,0,0,0.0,38,0,7.32,30,0.7632,762,476,283,211,60,16,4.09,616.2,823,401,4.993,5.229,0.237,2284,2161,0.0,28.92,13.917,0.5613
37.6,0.37,33.65,1.117,0.25,0.75,6,644,1284,980,304,0.2536,0.7632,1284,0,396,676,355,40,316,1.1234,355,0,4,396,886,0,0,0,2,0,0,0,0,0.0,2,0,3.23,19,0.5495,707,427,208,138,36,14,4.9,616.2,873,351,4.37,4.42,0.05,2284,2161,0.0,30.63,12.208,0.4924
37.6,0.37,33.65,1.117,0.25,1.0,6,644,980,980,0,0.2536,1.0,980,0,314,606,313,0,316,0.9937,314,0,0,314,665,0,0,0,1,0,0,0,0,0.0,1,0,2.03,14,0.4357,678,411,159,109,29,11,5.27,616.2,910,314,3.91,3.91,0.0,2284,2161,0.0,31.867,10.971,0.4425
37.6,0.37,33.65,1.117,0.5,0.1,6,644,19470,1947,17523,0.5039,0.1,19470,0,719,565,381,297,602,0.6146,370,0,50,719,13154,0,0,0,5597,0,0,0,0,0.0,5597,0,172.76,244,0.9977,895,593,352,315,79,43,1.02,616.2,904,320,3.984,4.607,0.623,2284,2161,0.0,31.7,11.137,0.4492
37.6,0.37,33.65,1.117,0.5,0.25,6,644,7788,1947,5841,0.5039,0.25,7788,0,719,652,422,268,602,0.6894,415,0,44,719,5381,0,0,0,1688,0,0,0,0,0.0,1688,0,67.53,101,0.9977,859,578,357,309,71,39,1.13,616.2,853,371,4.619,5.167,0.548,2284,2161,0.0,29.91,12.928,0.5214
37.6,0.37,33.65,1.117,0.5,0.5,6,644,3894,1947,1947,0.5039,0.5,3894,0,702,888,514,178,602,0.8472,510,0,21,702,2718,0,0,0,474,0,0,0,0,0.0,474,0,29.74,51,0.9741,800,502,362,281,62,30,1.74,616.2,735,489,6.089,6.35,0.261,2284,2161,0.0,25.797,17.04,0.6872
37.6,0.37,33.65,1.117,0.5,0.75,6,644,2598,1947,651,0.5039,0.7494,2598,0,638,1022,558,76,602,0.9236,556,0,11,638,1827,0,0,0,133,0,0,0,0,0.0,133,0,14.76,34,0.8853,738,444,342,227,58,20,2.78,616.2,679,545,6.786,6.923,0.137,2284,2161,0.0,23.886,18.952,0.7643
37.6,0.37,33.65,1.117,0.5,1.0,6,644,1947,1947,0,0.5039,1.0,1947,0,544,1011,543,0,602,0.9037,544,0,0,544,1346,0,0,0,57,0,0,0,0,0.0,57,0,8.06,26,0.7548,678,411,293,184,57,14,3.67,616.2,680,544,6.773,6.773,0.0,2284,2161,0.0,23.983,18.854,0.7604
37.6,0.37,33.65,1.117,0.75,0.1,6,644,28870,2887,25983,0.7472,0.1,28870,0,719,447,328,339,907,0.3539,321,0,58,719,18100,0,0,0,10051,0,0,0,0,0.0,10051,0,259.83,336,0.9977,912,633,353,316,80,45,1.0,616.2,961,263,3.275,3.997,0.722,2284,2161,0.0,33.632,9.206,0.3713
37.6,0.37,33.65,1.117,0.75,0.25,6,644,11548,2887,8661,0.7472,0.25,11548,0,719,661,443,245,907,0.4785,434,0,41,719,7947,0,0,0,2882,0,0,0,0,0.0,2882,0,101.77,130,0.9977,849,566,353,314,78,34,1.02,616.2,831,393,4.893,5.404,0.51,2284,2161,0.0,29.091,13.747,0.5544
37.6,0.37,33.65,1.117,0.75,0.5,6,644,5774,2887,2887,0.7472,0.5,5774,0,719,843,512,192,907,0.559,507,0,21,719,4050,0,0,0,1005,0,0,0,0,0.0,1005,0,48.44,67,0.9977,798,524,360,303,76,30,1.29,616.2,738,486,6.051,6.313,0.261,2284,2161,0.0,25.861,16.976,0.6847
37.6,0.37,33.65,1.117,0.75,0.75,6,644,3861,2887,974,0.7472,0.7477,3861,0,694,1044,597,90,907,0.6527,592,0,9,694,2698,0,0,0,469,0,0,0,0,0.0,469,0,29.27,46,0.963,748,452,367,260,66,23,1.72,616.2,641,583,7.259,7.371,0.112,2284,2161,0.0,22.535,20.302,0.8188
37.6,0.37,33.65,1.117,0.75,1.0,6,644,2887,2887,0,0.7472,1.0,2887,0,652,1191,650,0,907,0.7189,652,0,0,652,1982,0,0,0,253,0,0,0,0,0.0,253,0,17.82,34,0.9047,678,411,343,230,58,25,2.48,616.2,572,652,8.118,8.118,0.0,2284,2161,0.0,20.216,22.622,0.9124
37.6,0.37,33.65,1.117,1.0,0.1,6,644,38640,3864,34776,1.0,0.1,38640,0,719,259,210,456,1219,0.1674,204,0,68,719,20987,0,0,0,16934,0,0,0,0,0.0,16934,0,352.5,360,0.9977,979,693,353,316,72,38,1,616.2,1088,136,1.693,2.54,0.847,2284,2161,0.0,38.125,4.713,0.1901
37.6,0.37,33.65,1.117,1.0,0.25,6,644,15456,3864,11592,1.0,0.25,15456,0,719,656,443,242,1219,0.3568,435,0,37,719,10683,0,0,0,4054,0,0,0,0,0.0,4054,0,136.4,144,0.9977,847,563,352,313,83,29,1.01,616.2,826,398,4.956,5.416,0.461,2284,2161,0.0,28.911,13.927,0.5617
37.6,0.37,33.65,1.117,1.0,0.5,6,644,7728,3864,3864,1.0,0.5,7728,0,719,805,514,185,1219,0.4159,507,0,19,719,5404,0,0,0,1605,0,0,0,0,0.0,1605,0,67.06,72,0.9977,793,527,352,310,76,30,1.09,616.2,736,488,6.076,6.313,0.237,2284,2161,0.0,25.811,17.027,0.6867
37.6,0.37,33.65,1.117,1.0,0.75,6,644,5152,3864,1288,1.0,0.75,5152,0,707,1018,606,91,1219,0.4947,603,0,10,707,3609,0,0,0,836,0,0,0,0,0.0,836,0,42.21,48,0.981,744,459,359,281,58,22,1.35,616.2,631,593,7.384,7.508,0.125,2284,2161,0.0,22.106,20.732,0.8361
37.6,0.37,33.65,1.117,1.0,1.0,6,644,3864,3864,0,1.0,1.0,3864,0,693,1218,691,0,1219,0.5685,693,0,0,693,2647,0,0,0,524,0,0,0,0,0.0,524,0,28.65,36,0.9616,678,411,356,257,53,22,1.81,616.2,531,693,8.629,8.629,0.0,2284,2161,0.0,18.626,24.212,0.9765
37.6,0.37,33.65,1.117,0.1,0.1,12,644,4180,418,3762,0.1082,0.1,4180,0,718,552,348,358,137,2.4964,342,0,63,718,2941,0,0,0,521,0,0,0,0,0.0,521,0,65.71,130,0.9963,927,601,360,306,96,28,2.86,1232.4,945,279,3.474,4.258,0.784,2284,2161,0.0,33.114,9.724,0.3922
37.6,0.37,33.65,1.117,0.1,0.25,12,644,1672,418,1254,0.1082,0.25,1672,0,485,511,293,188,137,2.1314,292,0,34,485,1179,0,0,0,8,0,0,0,0,0.0,8,0,6.76,50,0.673,813,503,244,195,54,25,9.65,1232.4,966,258,3.212,3.636,0.423,2284,2161,0.0,33.842,8.995,0.3628
37.6,0.37,33.65,1.117,0.1,0.5,12,644,836,418,418,0.1082,0.5,836,0,252,362,199,52,137,1.4599,200,0,5,252,584,0,0,0,0,0,0,0,0,0.0,0,0,1.78,19,0.3497,710,436,124,93,23,10,11.24,1232.4,1029,195,2.428,2.49,0.062,2284,2161,0.0,35.992,6.846,0.2761
37.6,0.37,33.65,1.117,0.1,0.75,12,644,502,418,84,0.1082,0.8327,502,0,159,305,150,8,137,1.1022,151,0,0,159,343,0,0,0,0,0,0,0,0,0.0,0,0,0.93,12,0.2206,684,413,78,57,13,5,11.48,1232.4,1073,151,1.88,1.88,0.0,2284,2161,0.0,37.535,5.302,0.2138
37.6,0.37,33.65,1.117,0.1,1.0,12,644,418,418,0,0.1082,1.0,418,0,137,275,136,0,137,1.0,137,0,0,137,281,0,0,0,0,0,0,0,0,0.0,0,0,0.72,10,0.1901,678,411,66,49,14,8,11.61,1232.4,1087,137,1.706,1.706,0.0,2284,2161,0.0,37.996,4.841,0.1952
37.6,0.37,33.65,1.117,0.25,0.1,12,644,9800,980,8820,0.2536,0.1,9800,0,719,567,378,313,316,1.1772,372,0,59,719,6742,0,0,0,2339,0,0,0,0,0.0,2339,0,174.53,260,0.9977,895,600,357,312,87,48,1.3,1232.4,911,313,3.897,4.632,0.735,2284,2161,0.0,31.996,10.841,0.4372
37.6,0.37,33.65,1.117,0.25,0.25,12,644,3920,980,2940,0.2536,0.25,3920,0,715,678,411,290,316,1.2785,404,0,48,715,2732,0,0,0,473,0,0,0,0,0.0,473,0,63.84,104,0.9921,878,570,364,301,91,32,2.26,1232.4,868,356,4.433,5.03,0.598,2284,2161,0.0,30.45,12.388,0.4996
37.6,0.37,33.65,1.117,0.25,0.5,12,644,1960,980,980,0.2536,0.5,1960,0,564,774,432,129,316,1.3576,429,0,23,564,1377,0,0,0,19,0,0,0,0,0.0,19,0,12.29,50,0.7826,769,478,290,217,52,25,7.86,1232.4,818,406,5.055,5.342,0.286,2284,2161,0.0,28.75,14.088,0.5682
37.6,0.37,33.65,1.117,0.25,0.75,12,644,1284,980,304,0.2536,0.7632,1284,0,393,674,354,38,316,1.1234,355,0,6,393,889,0,0,0,2,0,0,0,0,0.0,2,0,3.59,34,0.5453,705,428,205,137,36,15,10.58,1232.4,875,349,4.345,4.42,0.075,2284,2161,0.0,30.701,12.137,0.4895
37.6,0.37,33.65,1.117,0.25,1.0,12,644,980,980,0,0.2536,1.0,980,0,314,606,313,0,316,0.9937,314,0,0,314,665,0,0,0,1,0,0,0,0,0.0,1,0,2.28,24,0.4357,678,411,159,108,26,10,10.95,1232.4,910,314,3.91,3.91,0.0,2284,2161,0.0,31.867,10.971,0.4425
37.6,0.37,33.65,1.117,0.5,0.1,12,644,19470,1947,17523,0.5039,0.1,19470,0,719,565,381,297,602,0.6146,370,0,50,719,13154,0,0,0,5597,0,0,0,0,0.0,5597,0,351.84,467,0.9977,895,593,352,315,79,43,1.02,1232.4,904,320,3.984,4.607,0.623,2284,2161,0.0,31.7,11.137,0.4492
37.6,0.37,33.65,1.117,0.5,0.25,12,644,7788,1947,5841,0.5039,0.25,7788,0,719,652,422,268,602,0.6894,415,0,44,719,5381,0,0,0,1688,0,0,0,0,0.0,1688,0,139.16,187,0.9977,859,578,357,309,71,39,1.13,1232.4,853,371,4.619,5.167,0.548,2284,2161,0.0,29.91,12.928,0.5214
37.6,0.37,33.65,1.117,0.5,0.5,12,644,3894,1947,1947,0.5039,0.5,3894,0,714,892,516,187,602,0.8505,512,0,21,714,2716,0,0,0,464,0,0,0,0,0.0,464,0,64.36,93,0.9907,807,505,369,286,65,30,1.98,1232.4,733,491,6.114,6.375,0.261,2284,2161,0.0,25.735,17.103,0.6898
37.6,0.37,33.65,1.117,0.5,0.75,12,644,2598,1947,651,0.5039,0.7494,2598,0,650,1035,567,79,602,0.9402,566,0,13,650,1829,0,0,0,119,0,0,0,0,0.0,119,0,28.21,62,0.9019,741,445,351,229,61,20,5.17,1232.4,671,553,6.885,7.047,0.162,2284,2161,0.0,23.621,19.217,0.775
37.6,0.37,33.65,1.117,0.5,1.0,12,644,1947,1947,0,0.5039,1.0,1947,0,560,1036,559,0,602,0.9302,560,0,0,560,1346,0,0,0,41,0,0,0,0,0.0,41,0,13.88,47,0.7771,678,411,302,189,62,12,7.25,1232.4,664,560,6.973,6.973,0.0,2284,2161,0.0,23.414,19.424,0.7834
37.6,0.37,33.65,1.117,0.75,0.1,12,644,28870,2887,25983,0.7472,0.1,28870,0,719,447,328,339,907,0.3539,321,0,58,719,18100,0,0,0,10051,0,0,0,0,0.0,10051,0,525.52,619,0.9977,912,633,353,316,80,45,1.0,1232.4,961,263,3.275,3.997,0.722,2284,2161,0.0,33.632,9.206,0.3713
37.6,0.37,33.65,1.117,0.75,0.25,12,644,11548,2887,8661,0.7472,0.25,11548,0,719,661,443,245,907,0.4785,434,0,41,719,7947,0,0,0,2882,0,0,0,0,0.0,2882,0,208.05,245,0.9977,849,566,353,314,78,34,1.02,1232.4,831,393,4.893,5.404,0.51,2284,2161,0.0,29.091,13.747,0.5544
37.6,0.37,33.65,1.117,0.75,0.5,12,644,5774,2887,2887,0.7472,0.5,5774,0,719,843,512,192,907,0.559,507,0,21,719,4050,0,0,0,1005,0,0,0,0,0.0,1005,0,101.58,123,0.9977,798,524,360,303,76,30,1.29,1232.4,738,486,6.051,6.313,0.261,2284,2161,0.0,25.861,16.976,0.6847
37.6,0.37,33.65,1.117,0.75,0.75,12,644,3861,2887,974,0.7472,0.7477,3861,0,706,1059,608,91,907,0.6659,604,0,10,706,2698,0,0,0,457,0,0,0,0,0.0,457,0,63.31,82,0.9796,746,455,374,265,67,24,2.02,1232.4,630,594,7.396,7.521,0.125,2284,2161,0.0,22.157,20.681,0.8341
37.6,0.37,33.65,1.117,0.75,1.0,12,644,2887,2887,0,0.7472,1.0,2887,0,680,1220,678,0,907,0.7497,680,0,0,680,1982,0,0,0,225,0,0,0,0,0.0,225,0,37.84,61,0.9436,678,411,365,235,62,25,3.87,1232.4,544,680,8.467,8.467,0.0,2284,2161,0.0,19.233,23.605,0.952
37.6,0.37,33.65,1.117,1.0,0.1,12,644,38640,3864,34776,1.0,0.1,38640,0,719,259,210,456,1219,0.1674,204,0,68,719,20987,0,0,0,16934,0,0,0,0,0.0,16934,0,707.19,720,0.9977,979,693,353,316,72,38,1,1232.4,1088,136,1.693,2.54,0.847,2284,2161,0.0,38.125,4.713,0.1901
37.6,0.37,33.65,1.117,1.0,0.25,12,644,15456,3864,11592,1.0,0.25,15456,0,719,656,443,242,1219,0.3568,435,0,37,719,10683,0,0,0,4054,0,0,0,0,0.0,4054,0,278.28,288,0.9977,847,563,352,313,83,29,1.01,1232.4,826,398,4.956,5.416,0.461,2284,2161,0.0,28.911,13.927,0.5617
37.6,0.37,33.65,1.117,1.0,0.5,12,644,7728,3864,3864,1.0,0.5,7728,0,719,805,514,185,1219,0.4159,507,0,19,719,5404,0,0,0,1605,0,0,0,0,0.0,1605,0,138,144,0.9977,793,527,352,310,76,30,1.09,1232.4,736,488,6.076,6.313,0.237,2284,2161,0.0,25.811,17.027,0.6867
37.6,0.37,33.65,1.117,1.0,0.75,12,644,5152,3864,1288,1.0,0.75,5152,0,709,1019,607,94,1219,0.4955,604,0,11,709,3609,0,0,0,834,0,0,0,0,0.0,834,0,88.9,96,0.9838,746,459,361,281,60,22,1.42,1232.4,631,593,7.384,7.521,0.137,2284,2161,0.0,22.108,20.73,0.8361
37.6,0.37,33.65,1.117,1.0,1.0,12,644,3864,3864,0,1.0,1.0,3864,0,709,1239,707,0,1219,0.5816,709,0,0,709,2647,0,0,0,508,0,0,0,0,0.0,508,0,62.52,72,0.9838,678,411,367,261,59,24,2.12,1232.4,515,709,8.828,8.828,0.0,2284,2161,0.0,18.005,24.833,1.0015
37.6,0.37,33.65,1.117,0.1,0.1,43,644,4180,418,3762,0.1082,0.1,4180,0,718,552,348,358,137,2.4964,342,0,63,718,2941,0,0,0,521,0,0,0,0,0.0,521,0,258.24,359,0.9963,927,601,360,306,96,28,2.86,4416.1,945,279,3.474,4.258,0.784,2284,2161,0.0,33.114,9.724,0.3922
37.6,0.37,33.65,1.117,0.1,0.25,43,644,1672,418,1254,0.1082,0.25,1672,0,470,504,288,178,137,2.0949,287,0,40,470,1194,0,0,0,8,0,0,0,0,0.0,8,0,14.56,110,0.6522,819,493,242,177,50,20,35.5,4416.1,977,247,3.075,3.573,0.498,2284,2161,0.0,34.238,8.6,0.3468
37.6,0.37,33.65,1.117,0.1,0.5,43,644,836,418,418,0.1082,0.5,836,0,242,352,196,45,137,1.438,197,0,9,242,594,0,0,0,0,0,0,0,0,0.0,0,0,2.34,48,0.3358,707,436,117,85,22,5,40.38,4416.1,1036,188,2.341,2.453,0.112,2284,2161,0.0,36.237,6.6,0.2662
37.6,0.37,33.65,1.117,0.1,0.75,43,644,502,418,84,0.1082,0.8327,502,0,157,295,147,9,137,1.0803,148,0,2,157,345,0,0,0,0,0,0,0,0,0.0,0,0,1.19,28,0.2179,686,414,76,51,17,7,40.36,4416.1,1078,146,1.818,1.843,0.025,2284,2161,0.0,37.71,5.128,0.2068
37.6,0.37,33.65,1.117,0.1,1.0,43,644,418,418,0,0.1082,1.0,418,0,135,266,134,0,137,0.9854,135,0,1,135,283,0,0,0,0,0,0,0,0,0.0,0,0,0.92,24,0.1873,678,412,63,45,15,7,40.53,4416.1,1090,134,1.668,1.681,0.012,2284,2161,0.0,38.105,4.733,0.1909
37.6,0.37,33.65,1.117,0.25,0.1,43,644,9800,980,8820,0.2536,0.1,9800,0,719,567,378,313,316,1.1772,372,0,59,719,6742,0,0,0,2339,0,0,0,0,0.0,2339,0,625.32,762,0.9977,895,600,357,312,87,48,1.3,4416.1,911,313,3.897,4.632,0.735,2284,2161,0.0,31.996,10.841,0.4372
37.6,0.37,33.65,1.117,0.25,0.25,43,644,3920,980,2940,0.2536,0.25,3920,0,715,678,411,290,316,1.2785,404,0,48,715,2732,0,0,0,473,0,0,0,0,0.0,473,0,244.15,300,0.9921,878,570,364,301,91,32,2.26,4416.1,868,356,4.433,5.03,0.598,2284,2161,0.0,30.45,12.388,0.4996
37.6,0.37,33.65,1.117,0.25,0.5,43,644,1960,980,980,0.2536,0.5,1960,0,566,779,432,132,316,1.3544,428,0,24,566,1381,0,0,0,13,0,0,0,0,0.0,13,0,61.19,137,0.7854,770,481,289,220,56,23,18.36,4416.1,820,404,5.03,5.329,0.299,2284,2161,0.0,28.821,14.017,0.5653
37.6,0.37,33.65,1.117,0.25,0.75,43,644,1284,980,304,0.2536,0.7632,1284,0,388,660,350,37,316,1.1108,351,0,12,388,894,0,0,0,2,0,0,0,0,0.0,2,0,7.78,91,0.5384,711,427,204,129,43,10,37.59,4416.1,885,339,4.221,4.37,0.149,2284,2161,0.0,31.031,11.807,0.4762
37.6,0.37,33.65,1.117,0.25,1.0,43,644,980,980,0,0.2536,1.0,980,0,310,592,309,0,316,0.981,310,0,2,310,669,0,0,0,1,0,0,0,0,0.0,1,0,4.3,68,0.4302,679,412,158,102,36,12,38.72,4416.1,916,308,3.835,3.86,0.025,2284,2161,0.0,32.067,10.77,0.4344
37.6,0.37,33.65,1.117,0.5,0.1,43,644,19470,1947,17523,0.5039,0.1,19470,0,719,565,381,297,602,0.6146,370,0,50,719,13154,0,0,0,5597,0,0,0,0,0.0,5597,0,1251.92,1497,0.9977,895,593,352,315,79,43,1.02,4416.1,904,320,3.984,4.607,0.623,2284,2161,0.0,31.7,11.137,0.4492
37.6,0.37,33.65,1.117,0.5,0.25,43,644,7788,1947,5841,0.5039,0.25,7788,0,719,652,422,268,602,0.6894,415,0,44,719,5381,0,0,0,1688,0,0,0,0,0.0,1688,0,499.19,596,0.9977,859,578,357,309,71,39,1.13,4416.1,853,371,4.619,5.167,0.548,2284,2161,0.0,29.91,12.928,0.5214
37.6,0.37,33.65,1.117,0.5,0.5,43,644,3894,1947,1947,0.5039,0.5,3894,0,714,892,516,187,602,0.8505,512,0,21,714,2716,0,0,0,464,0,0,0,0,0.0,464,0,244.3,298,0.9907,807,505,369,286,65,30,1.99,4416.1,733,491,6.114,6.375,0.261,2284,2161,0.0,25.735,17.103,0.6898
37.6,0.37,33.65,1.117,0.5,0.75,43,644,2598,1947,651,0.5039,0.7494,2598,0,650,1034,566,80,602,0.9385,565,0,14,650,1829,0,0,0,119,0,0,0,0,0.0,119,0,111.65,194,0.9019,743,445,351,229,62,19,13.66,4416.1,673,551,6.861,7.035,0.174,2284,2161,0.0,23.705,19.133,0.7716
37.6,0.37,33.65,1.117,0.5,1.0,43,644,1947,1947,0,0.5039,1.0,1947,0,580,1086,579,0,602,0.9635,580,0,4,580,1348,0,0,0,19,0,0,0,0,0.0,19,0,55.68,140,0.8048,680,413,317,190,55,25,21.63,4416.1,648,576,7.172,7.222,0.05,2284,2161,0.0,22.863,19.975,0.8056
37.6,0.37,33.65,1.117,0.75,0.1,43,644,28870,2887,25983,0.7472,0.1,28870,0,719,447,328,339,907,0.3539,321,0,58,719,18100,0,0,0,10051,0,0,0,0,0.0,10051,0,1857.89,2080,0.9977,912,633,353,316,80,45,1.0,4416.1,961,263,3.275,3.997,0.722,2284,2161,0.0,33.632,9.206,0.3713
37.6,0.37,33.65,1.117,0.75,0.25,43,644,11548,2887,8661,0.7472,0.25,11548,0,719,661,443,245,907,0.4785,434,0,41,719,7947,0,0,0,2882,0,0,0,0,0.0,2882,0,741.0,824,0.9977,849,566,353,314,78,34,1.02,4416.1,831,393,4.893,5.404,0.51,2284,2161,0.0,29.091,13.747,0.5544
37.6,0.37,33.65,1.117,0.75,0.5,43,644,5774,2887,2887,0.7472,0.5,5774,0,719,843,512,192,907,0.559,507,0,21,719,4050,0,0,0,1005,0,0,0,0,0.0,1005,0,368.05,413,0.9977,798,524,360,303,76,30,1.29,4416.1,738,486,6.051,6.313,0.261,2284,2161,0.0,25.861,16.976,0.6847
37.6,0.37,33.65,1.117,0.75,0.75,43,644,3861,2887,974,0.7472,0.7477,3861,0,707,1058,607,93,907,0.6648,603,0,10,707,2698,0,0,0,456,0,0,0,0,0.0,456,0,241.42,278,0.981,749,454,376,264,67,24,2.07,4416.1,631,593,7.384,7.508,0.125,2284,2161,0.0,22.202,20.635,0.8322
37.6,0.37,33.65,1.117,0.75,1.0,43,644,2887,2887,0,0.7472,1.0,2887,0,695,1236,693,0,907,0.7663,695,0,0,695,1982,0,0,0,210,0,0,0,0,0.0,210,0,154.63,205,0.9644,678,411,378,237,65,25,7.8,4416.1,529,695,8.654,8.654,0.0,2284,2161,0.0,18.709,24.129,0.9731
37.6,0.37,33.65,1.117,1.0,0.1,43,644,38640,3864,34776,1.0,0.1,38640,0,719,259,210,456,1219,0.1674,204,0,68,719,20987,0,0,0,16934,0,0,0,0,0.0,16934,0,2486.45,2580,0.9977,979,693,353,316,72,38,1,4416.1,1088,136,1.693,2.54,0.847,2284,2161,0.0,38.125,4.713,0.1901
37.6,0.37,33.65,1.117,1.0,0.25,43,644,15456,3864,11592,1.0,0.25,15456,0,719,656,443,242,1219,0.3568,435,0,37,719,10683,0,0,0,4054,0,0,0,0,0.0,4054,0,989.98,1032,0.9977,847,563,352,313,83,29,1.01,4416.1,826,398,4.956,5.416,0.461,2284,2161,0.0,28.911,13.927,0.5617
37.6,0.37,33.65,1.117,1.0,0.5,43,644,7728,3864,3864,1.0,0.5,7728,0,719,805,514,185,1219,0.4159,507,0,19,719,5404,0,0,0,1605,0,0,0,0,0.0,1605,0,493.85,516,0.9977,793,527,352,310,76,30,1.09,4416.1,736,488,6.076,6.313,0.237,2284,2161,0.0,25.811,17.027,0.6867
37.6,0.37,33.65,1.117,1.0,0.75,43,644,5152,3864,1288,1.0,0.75,5152,0,709,1019,607,94,1219,0.4955,604,0,11,709,3609,0,0,0,834,0,0,0,0,0.0,834,0,326.13,344,0.9838,746,459,361,281,60,22,1.42,4416.1,631,593,7.384,7.521,0.137,2284,2161,0.0,22.108,20.73,0.8361
37.6,0.37,33.65,1.117,1.0,1.0,43,644,3864,3864,0,1.0,1.0,3864,0,709,1239,707,0,1219,0.5816,709,0,0,709,2647,0,0,0,508,0,0,0,0,0.0,508,0,240.45,258,0.9838,678,411,367,261,59,24,2.12,4416.1,515,709,8.828,8.828,0.0,2284,2161,0.0,18.005,24.833,1.0015
